
         /\      Grafana   /‾‾/  
    /\  /  \     |\  __   /  /   
   /  \/    \    | |/ /  /   ‾‾\ 
  /          \   |   (  |  (‾)  |
 / __________ \  |_|\_\  \_____/ 


     execution: local
        script: /home/rohitj/edc/benchmarking-factoryx-edc/resources/local-fx-mvd/k6-scripts/scenarios/soak.js
        output: Prometheus remote write (http://localhost:9090/api/v1/write)

     scenarios: (100.00%) 1 scenario, 200 max VUs, 30m30s max duration (incl. graceful stop):
              * soak: 1.00 iterations/s for 30m0s (maxVUs: 50-200, gracefulStop: 30s)


running (00m01.0s), 001/050 VUs, 0 complete and 0 interrupted iterations
soak   [   0% ] 001/050 VUs  00m01.0s/30m0s  1.00 iters/s

running (00m02.0s), 002/050 VUs, 0 complete and 0 interrupted iterations
soak   [   0% ] 002/050 VUs  00m02.0s/30m0s  1.00 iters/s

running (00m03.0s), 003/050 VUs, 0 complete and 0 interrupted iterations
soak   [   0% ] 003/050 VUs  00m03.0s/30m0s  1.00 iters/s

running (00m04.0s), 003/050 VUs, 1 complete and 0 interrupted iterations
soak   [   0% ] 003/050 VUs  00m04.0s/30m0s  1.00 iters/s

running (00m05.0s), 004/050 VUs, 1 complete and 0 interrupted iterations
soak   [   0% ] 004/050 VUs  00m05.0s/30m0s  1.00 iters/s

running (00m06.0s), 005/050 VUs, 1 complete and 0 interrupted iterations
soak   [   0% ] 005/050 VUs  00m06.0s/30m0s  1.00 iters/s

running (00m07.0s), 006/050 VUs, 1 complete and 0 interrupted iterations
soak   [   0% ] 006/050 VUs  00m07.0s/30m0s  1.00 iters/s

running (00m08.0s), 004/050 VUs, 4 complete and 0 interrupted iterations
soak   [   0% ] 004/050 VUs  00m08.0s/30m0s  1.00 iters/s

running (00m09.0s), 004/050 VUs, 5 complete and 0 interrupted iterations
soak   [   0% ] 004/050 VUs  00m09.0s/30m0s  1.00 iters/s

running (00m10.0s), 004/050 VUs, 6 complete and 0 interrupted iterations
soak   [   1% ] 004/050 VUs  00m10.0s/30m0s  1.00 iters/s

running (00m11.0s), 003/050 VUs, 8 complete and 0 interrupted iterations
soak   [   1% ] 003/050 VUs  00m11.0s/30m0s  1.00 iters/s

running (00m12.0s), 003/050 VUs, 9 complete and 0 interrupted iterations
soak   [   1% ] 003/050 VUs  00m12.0s/30m0s  1.00 iters/s

running (00m13.0s), 003/050 VUs, 10 complete and 0 interrupted iterations
soak   [   1% ] 003/050 VUs  00m13.0s/30m0s  1.00 iters/s

running (00m14.0s), 003/050 VUs, 11 complete and 0 interrupted iterations
soak   [   1% ] 003/050 VUs  00m14.0s/30m0s  1.00 iters/s

running (00m15.0s), 004/050 VUs, 11 complete and 0 interrupted iterations
soak   [   1% ] 004/050 VUs  00m15.0s/30m0s  1.00 iters/s

running (00m16.0s), 005/050 VUs, 11 complete and 0 interrupted iterations
soak   [   1% ] 005/050 VUs  00m16.0s/30m0s  1.00 iters/s

running (00m17.0s), 004/050 VUs, 13 complete and 0 interrupted iterations
soak   [   1% ] 004/050 VUs  00m17.0s/30m0s  1.00 iters/s

running (00m18.0s), 004/050 VUs, 14 complete and 0 interrupted iterations
soak   [   1% ] 004/050 VUs  00m18.0s/30m0s  1.00 iters/s

running (00m19.0s), 005/050 VUs, 14 complete and 0 interrupted iterations
soak   [   1% ] 005/050 VUs  00m19.0s/30m0s  1.00 iters/s

running (00m20.0s), 004/050 VUs, 16 complete and 0 interrupted iterations
soak   [   1% ] 004/050 VUs  00m20.0s/30m0s  1.00 iters/s

running (00m21.0s), 004/050 VUs, 17 complete and 0 interrupted iterations
soak   [   1% ] 004/050 VUs  00m21.0s/30m0s  1.00 iters/s

running (00m22.0s), 004/050 VUs, 18 complete and 0 interrupted iterations
soak   [   1% ] 004/050 VUs  00m22.0s/30m0s  1.00 iters/s

running (00m23.0s), 004/050 VUs, 19 complete and 0 interrupted iterations
soak   [   1% ] 004/050 VUs  00m23.0s/30m0s  1.00 iters/s

running (00m24.0s), 004/050 VUs, 20 complete and 0 interrupted iterations
soak   [   1% ] 004/050 VUs  00m24.0s/30m0s  1.00 iters/s

running (00m25.0s), 004/050 VUs, 21 complete and 0 interrupted iterations
soak   [   1% ] 004/050 VUs  00m25.0s/30m0s  1.00 iters/s

running (00m26.0s), 004/050 VUs, 22 complete and 0 interrupted iterations
soak   [   1% ] 004/050 VUs  00m26.0s/30m0s  1.00 iters/s

running (00m27.0s), 004/050 VUs, 23 complete and 0 interrupted iterations
soak   [   1% ] 004/050 VUs  00m27.0s/30m0s  1.00 iters/s

running (00m28.0s), 005/050 VUs, 23 complete and 0 interrupted iterations
soak   [   2% ] 005/050 VUs  00m28.0s/30m0s  1.00 iters/s

running (00m29.0s), 005/050 VUs, 24 complete and 0 interrupted iterations
soak   [   2% ] 005/050 VUs  00m29.0s/30m0s  1.00 iters/s

running (00m30.0s), 006/050 VUs, 24 complete and 0 interrupted iterations
soak   [   2% ] 006/050 VUs  00m30.0s/30m0s  1.00 iters/s

running (00m31.0s), 005/050 VUs, 26 complete and 0 interrupted iterations
soak   [   2% ] 005/050 VUs  00m31.0s/30m0s  1.00 iters/s

running (00m32.0s), 004/050 VUs, 28 complete and 0 interrupted iterations
soak   [   2% ] 004/050 VUs  00m32.0s/30m0s  1.00 iters/s

running (00m33.0s), 005/050 VUs, 28 complete and 0 interrupted iterations
soak   [   2% ] 005/050 VUs  00m33.0s/30m0s  1.00 iters/s

running (00m34.0s), 004/050 VUs, 30 complete and 0 interrupted iterations
soak   [   2% ] 004/050 VUs  00m34.0s/30m0s  1.00 iters/s

running (00m35.0s), 004/050 VUs, 31 complete and 0 interrupted iterations
soak   [   2% ] 004/050 VUs  00m35.0s/30m0s  1.00 iters/s

running (00m36.0s), 005/050 VUs, 31 complete and 0 interrupted iterations
soak   [   2% ] 005/050 VUs  00m36.0s/30m0s  1.00 iters/s

running (00m37.0s), 005/050 VUs, 32 complete and 0 interrupted iterations
soak   [   2% ] 005/050 VUs  00m37.0s/30m0s  1.00 iters/s

running (00m38.0s), 005/050 VUs, 33 complete and 0 interrupted iterations
soak   [   2% ] 005/050 VUs  00m38.0s/30m0s  1.00 iters/s

running (00m39.0s), 003/050 VUs, 36 complete and 0 interrupted iterations
soak   [   2% ] 003/050 VUs  00m39.0s/30m0s  1.00 iters/s

running (00m40.0s), 004/050 VUs, 36 complete and 0 interrupted iterations
soak   [   2% ] 004/050 VUs  00m40.0s/30m0s  1.00 iters/s

running (00m41.0s), 004/050 VUs, 37 complete and 0 interrupted iterations
soak   [   2% ] 004/050 VUs  00m41.0s/30m0s  1.00 iters/s

running (00m42.0s), 004/050 VUs, 38 complete and 0 interrupted iterations
soak   [   2% ] 004/050 VUs  00m42.0s/30m0s  1.00 iters/s

running (00m43.0s), 004/050 VUs, 39 complete and 0 interrupted iterations
soak   [   2% ] 004/050 VUs  00m43.0s/30m0s  1.00 iters/s

running (00m44.0s), 005/050 VUs, 39 complete and 0 interrupted iterations
soak   [   2% ] 005/050 VUs  00m44.0s/30m0s  1.00 iters/s

running (00m45.0s), 004/050 VUs, 41 complete and 0 interrupted iterations
soak   [   2% ] 004/050 VUs  00m45.0s/30m0s  1.00 iters/s

running (00m46.0s), 004/050 VUs, 42 complete and 0 interrupted iterations
soak   [   3% ] 004/050 VUs  00m46.0s/30m0s  1.00 iters/s

running (00m47.0s), 004/050 VUs, 43 complete and 0 interrupted iterations
soak   [   3% ] 004/050 VUs  00m47.0s/30m0s  1.00 iters/s

running (00m48.0s), 005/050 VUs, 43 complete and 0 interrupted iterations
soak   [   3% ] 005/050 VUs  00m48.0s/30m0s  1.00 iters/s

running (00m49.0s), 003/050 VUs, 46 complete and 0 interrupted iterations
soak   [   3% ] 003/050 VUs  00m49.0s/30m0s  1.00 iters/s

running (00m50.0s), 004/050 VUs, 46 complete and 0 interrupted iterations
soak   [   3% ] 004/050 VUs  00m50.0s/30m0s  1.00 iters/s

running (00m51.0s), 004/050 VUs, 47 complete and 0 interrupted iterations
soak   [   3% ] 004/050 VUs  00m51.0s/30m0s  1.00 iters/s

running (00m52.0s), 004/050 VUs, 48 complete and 0 interrupted iterations
soak   [   3% ] 004/050 VUs  00m52.0s/30m0s  1.00 iters/s

running (00m53.0s), 004/050 VUs, 49 complete and 0 interrupted iterations
soak   [   3% ] 004/050 VUs  00m53.0s/30m0s  1.00 iters/s

running (00m54.0s), 005/050 VUs, 49 complete and 0 interrupted iterations
soak   [   3% ] 005/050 VUs  00m54.0s/30m0s  1.00 iters/s

running (00m55.0s), 005/050 VUs, 50 complete and 0 interrupted iterations
soak   [   3% ] 005/050 VUs  00m55.0s/30m0s  1.00 iters/s

running (00m56.0s), 003/050 VUs, 53 complete and 0 interrupted iterations
soak   [   3% ] 003/050 VUs  00m56.0s/30m0s  1.00 iters/s

running (00m57.0s), 004/050 VUs, 53 complete and 0 interrupted iterations
soak   [   3% ] 004/050 VUs  00m57.0s/30m0s  1.00 iters/s

running (00m58.0s), 004/050 VUs, 54 complete and 0 interrupted iterations
soak   [   3% ] 004/050 VUs  00m58.0s/30m0s  1.00 iters/s

running (00m59.0s), 004/050 VUs, 55 complete and 0 interrupted iterations
soak   [   3% ] 004/050 VUs  00m59.0s/30m0s  1.00 iters/s

running (01m00.0s), 004/050 VUs, 56 complete and 0 interrupted iterations
soak   [   3% ] 004/050 VUs  01m00.0s/30m0s  1.00 iters/s

running (01m01.0s), 005/050 VUs, 56 complete and 0 interrupted iterations
soak   [   3% ] 005/050 VUs  01m01.0s/30m0s  1.00 iters/s

running (01m02.0s), 004/050 VUs, 58 complete and 0 interrupted iterations
soak   [   3% ] 004/050 VUs  01m02.0s/30m0s  1.00 iters/s

running (01m03.0s), 004/050 VUs, 59 complete and 0 interrupted iterations
soak   [   3% ] 004/050 VUs  01m03.0s/30m0s  1.00 iters/s

running (01m04.0s), 004/050 VUs, 60 complete and 0 interrupted iterations
soak   [   4% ] 004/050 VUs  01m04.0s/30m0s  1.00 iters/s

running (01m05.0s), 005/050 VUs, 60 complete and 0 interrupted iterations
soak   [   4% ] 005/050 VUs  01m05.0s/30m0s  1.00 iters/s

running (01m06.0s), 004/050 VUs, 62 complete and 0 interrupted iterations
soak   [   4% ] 004/050 VUs  01m06.0s/30m0s  1.00 iters/s

running (01m07.0s), 004/050 VUs, 63 complete and 0 interrupted iterations
soak   [   4% ] 004/050 VUs  01m07.0s/30m0s  1.00 iters/s

running (01m08.0s), 005/050 VUs, 63 complete and 0 interrupted iterations
soak   [   4% ] 005/050 VUs  01m08.0s/30m0s  1.00 iters/s

running (01m09.0s), 005/050 VUs, 64 complete and 0 interrupted iterations
soak   [   4% ] 005/050 VUs  01m09.0s/30m0s  1.00 iters/s

running (01m10.0s), 003/050 VUs, 67 complete and 0 interrupted iterations
soak   [   4% ] 003/050 VUs  01m10.0s/30m0s  1.00 iters/s

running (01m11.0s), 003/050 VUs, 68 complete and 0 interrupted iterations
soak   [   4% ] 003/050 VUs  01m11.0s/30m0s  1.00 iters/s

running (01m12.0s), 004/050 VUs, 68 complete and 0 interrupted iterations
soak   [   4% ] 004/050 VUs  01m12.0s/30m0s  1.00 iters/s

running (01m13.0s), 004/050 VUs, 69 complete and 0 interrupted iterations
soak   [   4% ] 004/050 VUs  01m13.0s/30m0s  1.00 iters/s

running (01m14.0s), 004/050 VUs, 70 complete and 0 interrupted iterations
soak   [   4% ] 004/050 VUs  01m14.0s/30m0s  1.00 iters/s

running (01m15.0s), 004/050 VUs, 71 complete and 0 interrupted iterations
soak   [   4% ] 004/050 VUs  01m15.0s/30m0s  1.00 iters/s

running (01m16.0s), 005/050 VUs, 71 complete and 0 interrupted iterations
soak   [   4% ] 005/050 VUs  01m16.0s/30m0s  1.00 iters/s

running (01m17.0s), 004/050 VUs, 73 complete and 0 interrupted iterations
soak   [   4% ] 004/050 VUs  01m17.0s/30m0s  1.00 iters/s

running (01m18.0s), 004/050 VUs, 74 complete and 0 interrupted iterations
soak   [   4% ] 004/050 VUs  01m18.0s/30m0s  1.00 iters/s

running (01m19.0s), 003/050 VUs, 76 complete and 0 interrupted iterations
soak   [   4% ] 003/050 VUs  01m19.0s/30m0s  1.00 iters/s

running (01m20.0s), 004/050 VUs, 76 complete and 0 interrupted iterations
soak   [   4% ] 004/050 VUs  01m20.0s/30m0s  1.00 iters/s

running (01m21.0s), 005/050 VUs, 76 complete and 0 interrupted iterations
soak   [   4% ] 005/050 VUs  01m21.0s/30m0s  1.00 iters/s

running (01m22.0s), 004/050 VUs, 78 complete and 0 interrupted iterations
soak   [   5% ] 004/050 VUs  01m22.0s/30m0s  1.00 iters/s

running (01m23.0s), 004/050 VUs, 79 complete and 0 interrupted iterations
soak   [   5% ] 004/050 VUs  01m23.0s/30m0s  1.00 iters/s

running (01m24.0s), 005/050 VUs, 79 complete and 0 interrupted iterations
soak   [   5% ] 005/050 VUs  01m24.0s/30m0s  1.00 iters/s

running (01m25.0s), 005/050 VUs, 80 complete and 0 interrupted iterations
soak   [   5% ] 005/050 VUs  01m25.0s/30m0s  1.00 iters/s

running (01m26.0s), 004/050 VUs, 82 complete and 0 interrupted iterations
soak   [   5% ] 004/050 VUs  01m26.0s/30m0s  1.00 iters/s

running (01m27.0s), 004/050 VUs, 83 complete and 0 interrupted iterations
soak   [   5% ] 004/050 VUs  01m27.0s/30m0s  1.00 iters/s

running (01m28.0s), 003/050 VUs, 85 complete and 0 interrupted iterations
soak   [   5% ] 003/050 VUs  01m28.0s/30m0s  1.00 iters/s

running (01m29.0s), 004/050 VUs, 85 complete and 0 interrupted iterations
soak   [   5% ] 004/050 VUs  01m29.0s/30m0s  1.00 iters/s

running (01m30.0s), 004/050 VUs, 86 complete and 0 interrupted iterations
soak   [   5% ] 004/050 VUs  01m30.0s/30m0s  1.00 iters/s

running (01m31.0s), 005/050 VUs, 86 complete and 0 interrupted iterations
soak   [   5% ] 005/050 VUs  01m31.0s/30m0s  1.00 iters/s

running (01m32.0s), 004/050 VUs, 88 complete and 0 interrupted iterations
soak   [   5% ] 004/050 VUs  01m32.0s/30m0s  1.00 iters/s

running (01m33.0s), 005/050 VUs, 88 complete and 0 interrupted iterations
soak   [   5% ] 005/050 VUs  01m33.0s/30m0s  1.00 iters/s

running (01m34.0s), 004/050 VUs, 90 complete and 0 interrupted iterations
soak   [   5% ] 004/050 VUs  01m34.0s/30m0s  1.00 iters/s

running (01m35.0s), 005/050 VUs, 90 complete and 0 interrupted iterations
soak   [   5% ] 005/050 VUs  01m35.0s/30m0s  1.00 iters/s

running (01m36.0s), 005/050 VUs, 91 complete and 0 interrupted iterations
soak   [   5% ] 005/050 VUs  01m36.0s/30m0s  1.00 iters/s

running (01m37.0s), 004/050 VUs, 93 complete and 0 interrupted iterations
soak   [   5% ] 004/050 VUs  01m37.0s/30m0s  1.00 iters/s

running (01m38.0s), 003/050 VUs, 95 complete and 0 interrupted iterations
soak   [   5% ] 003/050 VUs  01m38.0s/30m0s  1.00 iters/s

running (01m39.0s), 004/050 VUs, 95 complete and 0 interrupted iterations
soak   [   5% ] 004/050 VUs  01m39.0s/30m0s  1.00 iters/s

running (01m40.0s), 005/050 VUs, 95 complete and 0 interrupted iterations
soak   [   6% ] 005/050 VUs  01m40.0s/30m0s  1.00 iters/s

running (01m41.0s), 005/050 VUs, 96 complete and 0 interrupted iterations
soak   [   6% ] 005/050 VUs  01m41.0s/30m0s  1.00 iters/s

running (01m42.0s), 004/050 VUs, 98 complete and 0 interrupted iterations
soak   [   6% ] 004/050 VUs  01m42.0s/30m0s  1.00 iters/s

running (01m43.0s), 005/050 VUs, 98 complete and 0 interrupted iterations
soak   [   6% ] 005/050 VUs  01m43.0s/30m0s  1.00 iters/s

running (01m44.0s), 006/050 VUs, 98 complete and 0 interrupted iterations
soak   [   6% ] 006/050 VUs  01m44.0s/30m0s  1.00 iters/s

running (01m45.0s), 007/050 VUs, 98 complete and 0 interrupted iterations
soak   [   6% ] 007/050 VUs  01m45.0s/30m0s  1.00 iters/s

running (01m46.0s), 004/050 VUs, 102 complete and 0 interrupted iterations
soak   [   6% ] 004/050 VUs  01m46.0s/30m0s  1.00 iters/s

running (01m47.0s), 005/050 VUs, 102 complete and 0 interrupted iterations
soak   [   6% ] 005/050 VUs  01m47.0s/30m0s  1.00 iters/s

running (01m48.0s), 005/050 VUs, 103 complete and 0 interrupted iterations
soak   [   6% ] 005/050 VUs  01m48.0s/30m0s  1.00 iters/s

running (01m49.0s), 003/050 VUs, 106 complete and 0 interrupted iterations
soak   [   6% ] 003/050 VUs  01m49.0s/30m0s  1.00 iters/s

running (01m50.0s), 003/050 VUs, 107 complete and 0 interrupted iterations
soak   [   6% ] 003/050 VUs  01m50.0s/30m0s  1.00 iters/s

running (01m51.0s), 004/050 VUs, 107 complete and 0 interrupted iterations
soak   [   6% ] 004/050 VUs  01m51.0s/30m0s  1.00 iters/s

running (01m52.0s), 004/050 VUs, 108 complete and 0 interrupted iterations
soak   [   6% ] 004/050 VUs  01m52.0s/30m0s  1.00 iters/s

running (01m53.0s), 004/050 VUs, 109 complete and 0 interrupted iterations
soak   [   6% ] 004/050 VUs  01m53.0s/30m0s  1.00 iters/s

running (01m54.0s), 005/050 VUs, 109 complete and 0 interrupted iterations
soak   [   6% ] 005/050 VUs  01m54.0s/30m0s  1.00 iters/s

running (01m55.0s), 006/050 VUs, 109 complete and 0 interrupted iterations
soak   [   6% ] 006/050 VUs  01m55.0s/30m0s  1.00 iters/s

running (01m56.0s), 003/050 VUs, 113 complete and 0 interrupted iterations
soak   [   6% ] 003/050 VUs  01m56.0s/30m0s  1.00 iters/s

running (01m57.0s), 004/050 VUs, 113 complete and 0 interrupted iterations
soak   [   6% ] 004/050 VUs  01m57.0s/30m0s  1.00 iters/s

running (01m58.0s), 004/050 VUs, 114 complete and 0 interrupted iterations
soak   [   7% ] 004/050 VUs  01m58.0s/30m0s  1.00 iters/s

running (01m59.0s), 004/050 VUs, 115 complete and 0 interrupted iterations
soak   [   7% ] 004/050 VUs  01m59.0s/30m0s  1.00 iters/s

running (02m00.0s), 005/050 VUs, 115 complete and 0 interrupted iterations
soak   [   7% ] 005/050 VUs  02m00.0s/30m0s  1.00 iters/s

running (02m01.0s), 004/050 VUs, 117 complete and 0 interrupted iterations
soak   [   7% ] 004/050 VUs  02m01.0s/30m0s  1.00 iters/s

running (02m02.0s), 004/050 VUs, 118 complete and 0 interrupted iterations
soak   [   7% ] 004/050 VUs  02m02.0s/30m0s  1.00 iters/s

running (02m03.0s), 004/050 VUs, 119 complete and 0 interrupted iterations
soak   [   7% ] 004/050 VUs  02m03.0s/30m0s  1.00 iters/s

running (02m04.0s), 005/050 VUs, 119 complete and 0 interrupted iterations
soak   [   7% ] 005/050 VUs  02m04.0s/30m0s  1.00 iters/s

running (02m05.0s), 004/050 VUs, 121 complete and 0 interrupted iterations
soak   [   7% ] 004/050 VUs  02m05.0s/30m0s  1.00 iters/s

running (02m06.0s), 005/050 VUs, 121 complete and 0 interrupted iterations
soak   [   7% ] 005/050 VUs  02m06.0s/30m0s  1.00 iters/s

running (02m07.0s), 005/050 VUs, 122 complete and 0 interrupted iterations
soak   [   7% ] 005/050 VUs  02m07.0s/30m0s  1.00 iters/s

running (02m08.0s), 004/050 VUs, 124 complete and 0 interrupted iterations
soak   [   7% ] 004/050 VUs  02m08.0s/30m0s  1.00 iters/s

running (02m09.0s), 003/050 VUs, 126 complete and 0 interrupted iterations
soak   [   7% ] 003/050 VUs  02m09.0s/30m0s  1.00 iters/s

running (02m10.0s), 003/050 VUs, 127 complete and 0 interrupted iterations
soak   [   7% ] 003/050 VUs  02m10.0s/30m0s  1.00 iters/s

running (02m11.0s), 004/050 VUs, 127 complete and 0 interrupted iterations
soak   [   7% ] 004/050 VUs  02m11.0s/30m0s  1.00 iters/s

running (02m12.0s), 004/050 VUs, 128 complete and 0 interrupted iterations
soak   [   7% ] 004/050 VUs  02m12.0s/30m0s  1.00 iters/s

running (02m13.0s), 004/050 VUs, 129 complete and 0 interrupted iterations
soak   [   7% ] 004/050 VUs  02m13.0s/30m0s  1.00 iters/s

running (02m14.0s), 005/050 VUs, 129 complete and 0 interrupted iterations
soak   [   7% ] 005/050 VUs  02m14.0s/30m0s  1.00 iters/s

running (02m15.0s), 004/050 VUs, 131 complete and 0 interrupted iterations
soak   [   7% ] 004/050 VUs  02m15.0s/30m0s  1.00 iters/s

running (02m16.0s), 004/050 VUs, 132 complete and 0 interrupted iterations
soak   [   8% ] 004/050 VUs  02m16.0s/30m0s  1.00 iters/s

running (02m17.0s), 004/050 VUs, 133 complete and 0 interrupted iterations
soak   [   8% ] 004/050 VUs  02m17.0s/30m0s  1.00 iters/s

running (02m18.0s), 004/050 VUs, 134 complete and 0 interrupted iterations
soak   [   8% ] 004/050 VUs  02m18.0s/30m0s  1.00 iters/s

running (02m19.0s), 005/050 VUs, 134 complete and 0 interrupted iterations
soak   [   8% ] 005/050 VUs  02m19.0s/30m0s  1.00 iters/s

running (02m20.0s), 004/050 VUs, 136 complete and 0 interrupted iterations
soak   [   8% ] 004/050 VUs  02m20.0s/30m0s  1.00 iters/s

running (02m21.0s), 004/050 VUs, 137 complete and 0 interrupted iterations
soak   [   8% ] 004/050 VUs  02m21.0s/30m0s  1.00 iters/s

running (02m22.0s), 004/050 VUs, 138 complete and 0 interrupted iterations
soak   [   8% ] 004/050 VUs  02m22.0s/30m0s  1.00 iters/s

running (02m23.0s), 004/050 VUs, 139 complete and 0 interrupted iterations
soak   [   8% ] 004/050 VUs  02m23.0s/30m0s  1.00 iters/s

running (02m24.0s), 004/050 VUs, 140 complete and 0 interrupted iterations
soak   [   8% ] 004/050 VUs  02m24.0s/30m0s  1.00 iters/s

running (02m25.0s), 004/050 VUs, 141 complete and 0 interrupted iterations
soak   [   8% ] 004/050 VUs  02m25.0s/30m0s  1.00 iters/s

running (02m26.0s), 005/050 VUs, 141 complete and 0 interrupted iterations
soak   [   8% ] 005/050 VUs  02m26.0s/30m0s  1.00 iters/s

running (02m27.0s), 004/050 VUs, 143 complete and 0 interrupted iterations
soak   [   8% ] 004/050 VUs  02m27.0s/30m0s  1.00 iters/s

running (02m28.0s), 004/050 VUs, 144 complete and 0 interrupted iterations
soak   [   8% ] 004/050 VUs  02m28.0s/30m0s  1.00 iters/s

running (02m29.0s), 005/050 VUs, 144 complete and 0 interrupted iterations
soak   [   8% ] 005/050 VUs  02m29.0s/30m0s  1.00 iters/s

running (02m30.0s), 004/050 VUs, 146 complete and 0 interrupted iterations
soak   [   8% ] 004/050 VUs  02m30.0s/30m0s  1.00 iters/s

running (02m31.0s), 004/050 VUs, 147 complete and 0 interrupted iterations
soak   [   8% ] 004/050 VUs  02m31.0s/30m0s  1.00 iters/s

running (02m32.0s), 005/050 VUs, 147 complete and 0 interrupted iterations
soak   [   8% ] 005/050 VUs  02m32.0s/30m0s  1.00 iters/s

running (02m33.0s), 004/050 VUs, 149 complete and 0 interrupted iterations
soak   [   8% ] 004/050 VUs  02m33.0s/30m0s  1.00 iters/s

running (02m34.0s), 003/050 VUs, 151 complete and 0 interrupted iterations
soak   [   9% ] 003/050 VUs  02m34.0s/30m0s  1.00 iters/s

running (02m35.0s), 003/050 VUs, 152 complete and 0 interrupted iterations
soak   [   9% ] 003/050 VUs  02m35.0s/30m0s  1.00 iters/s

running (02m36.0s), 004/050 VUs, 152 complete and 0 interrupted iterations
soak   [   9% ] 004/050 VUs  02m36.0s/30m0s  1.00 iters/s

running (02m37.0s), 004/050 VUs, 153 complete and 0 interrupted iterations
soak   [   9% ] 004/050 VUs  02m37.0s/30m0s  1.00 iters/s

running (02m38.0s), 004/050 VUs, 154 complete and 0 interrupted iterations
soak   [   9% ] 004/050 VUs  02m38.0s/30m0s  1.00 iters/s

running (02m39.0s), 005/050 VUs, 154 complete and 0 interrupted iterations
soak   [   9% ] 005/050 VUs  02m39.0s/30m0s  1.00 iters/s

running (02m40.0s), 004/050 VUs, 156 complete and 0 interrupted iterations
soak   [   9% ] 004/050 VUs  02m40.0s/30m0s  1.00 iters/s

running (02m41.0s), 004/050 VUs, 157 complete and 0 interrupted iterations
soak   [   9% ] 004/050 VUs  02m41.0s/30m0s  1.00 iters/s

running (02m42.0s), 005/050 VUs, 157 complete and 0 interrupted iterations
soak   [   9% ] 005/050 VUs  02m42.0s/30m0s  1.00 iters/s

running (02m43.0s), 006/050 VUs, 157 complete and 0 interrupted iterations
soak   [   9% ] 006/050 VUs  02m43.0s/30m0s  1.00 iters/s

running (02m44.0s), 005/050 VUs, 159 complete and 0 interrupted iterations
soak   [   9% ] 005/050 VUs  02m44.0s/30m0s  1.00 iters/s

running (02m45.0s), 004/050 VUs, 161 complete and 0 interrupted iterations
soak   [   9% ] 004/050 VUs  02m45.0s/30m0s  1.00 iters/s

running (02m46.0s), 005/050 VUs, 161 complete and 0 interrupted iterations
soak   [   9% ] 005/050 VUs  02m46.0s/30m0s  1.00 iters/s

running (02m47.0s), 004/050 VUs, 163 complete and 0 interrupted iterations
soak   [   9% ] 004/050 VUs  02m47.0s/30m0s  1.00 iters/s

running (02m48.0s), 005/050 VUs, 163 complete and 0 interrupted iterations
soak   [   9% ] 005/050 VUs  02m48.0s/30m0s  1.00 iters/s

running (02m49.0s), 005/050 VUs, 164 complete and 0 interrupted iterations
soak   [   9% ] 005/050 VUs  02m49.0s/30m0s  1.00 iters/s

running (02m50.0s), 004/050 VUs, 166 complete and 0 interrupted iterations
soak   [   9% ] 004/050 VUs  02m50.0s/30m0s  1.00 iters/s

running (02m51.0s), 005/050 VUs, 166 complete and 0 interrupted iterations
soak   [   9% ] 005/050 VUs  02m51.0s/30m0s  1.00 iters/s

running (02m52.0s), 005/050 VUs, 167 complete and 0 interrupted iterations
soak   [  10% ] 005/050 VUs  02m52.0s/30m0s  1.00 iters/s

running (02m53.0s), 005/050 VUs, 168 complete and 0 interrupted iterations
soak   [  10% ] 005/050 VUs  02m53.0s/30m0s  1.00 iters/s

running (02m54.0s), 006/050 VUs, 168 complete and 0 interrupted iterations
soak   [  10% ] 006/050 VUs  02m54.0s/30m0s  1.00 iters/s

running (02m55.0s), 005/050 VUs, 170 complete and 0 interrupted iterations
soak   [  10% ] 005/050 VUs  02m55.0s/30m0s  1.00 iters/s

running (02m56.0s), 004/050 VUs, 172 complete and 0 interrupted iterations
soak   [  10% ] 004/050 VUs  02m56.0s/30m0s  1.00 iters/s

running (02m57.0s), 004/050 VUs, 173 complete and 0 interrupted iterations
soak   [  10% ] 004/050 VUs  02m57.0s/30m0s  1.00 iters/s

running (02m58.0s), 004/050 VUs, 174 complete and 0 interrupted iterations
soak   [  10% ] 004/050 VUs  02m58.0s/30m0s  1.00 iters/s

running (02m59.0s), 005/050 VUs, 174 complete and 0 interrupted iterations
soak   [  10% ] 005/050 VUs  02m59.0s/30m0s  1.00 iters/s

running (03m00.0s), 004/050 VUs, 176 complete and 0 interrupted iterations
soak   [  10% ] 004/050 VUs  03m00.0s/30m0s  1.00 iters/s

running (03m01.0s), 004/050 VUs, 177 complete and 0 interrupted iterations
soak   [  10% ] 004/050 VUs  03m01.0s/30m0s  1.00 iters/s

running (03m02.0s), 004/050 VUs, 178 complete and 0 interrupted iterations
soak   [  10% ] 004/050 VUs  03m02.0s/30m0s  1.00 iters/s

running (03m03.0s), 004/050 VUs, 179 complete and 0 interrupted iterations
soak   [  10% ] 004/050 VUs  03m03.0s/30m0s  1.00 iters/s

running (03m04.0s), 004/050 VUs, 180 complete and 0 interrupted iterations
soak   [  10% ] 004/050 VUs  03m04.0s/30m0s  1.00 iters/s

running (03m05.0s), 004/050 VUs, 181 complete and 0 interrupted iterations
soak   [  10% ] 004/050 VUs  03m05.0s/30m0s  1.00 iters/s

running (03m06.0s), 004/050 VUs, 182 complete and 0 interrupted iterations
soak   [  10% ] 004/050 VUs  03m06.0s/30m0s  1.00 iters/s

running (03m07.0s), 004/050 VUs, 183 complete and 0 interrupted iterations
soak   [  10% ] 004/050 VUs  03m07.0s/30m0s  1.00 iters/s

running (03m08.0s), 005/050 VUs, 183 complete and 0 interrupted iterations
soak   [  10% ] 005/050 VUs  03m08.0s/30m0s  1.00 iters/s

running (03m09.0s), 005/050 VUs, 184 complete and 0 interrupted iterations
soak   [  10% ] 005/050 VUs  03m09.0s/30m0s  1.00 iters/s

running (03m10.0s), 005/050 VUs, 185 complete and 0 interrupted iterations
soak   [  11% ] 005/050 VUs  03m10.0s/30m0s  1.00 iters/s

running (03m11.0s), 005/050 VUs, 186 complete and 0 interrupted iterations
soak   [  11% ] 005/050 VUs  03m11.0s/30m0s  1.00 iters/s

running (03m12.0s), 004/050 VUs, 188 complete and 0 interrupted iterations
soak   [  11% ] 004/050 VUs  03m12.0s/30m0s  1.00 iters/s

running (03m13.0s), 004/050 VUs, 189 complete and 0 interrupted iterations
soak   [  11% ] 004/050 VUs  03m13.0s/30m0s  1.00 iters/s

running (03m14.0s), 004/050 VUs, 190 complete and 0 interrupted iterations
soak   [  11% ] 004/050 VUs  03m14.0s/30m0s  1.00 iters/s

running (03m15.0s), 005/050 VUs, 190 complete and 0 interrupted iterations
soak   [  11% ] 005/050 VUs  03m15.0s/30m0s  1.00 iters/s

running (03m16.0s), 004/050 VUs, 192 complete and 0 interrupted iterations
soak   [  11% ] 004/050 VUs  03m16.0s/30m0s  1.00 iters/s

running (03m17.0s), 004/050 VUs, 193 complete and 0 interrupted iterations
soak   [  11% ] 004/050 VUs  03m17.0s/30m0s  1.00 iters/s

running (03m18.0s), 004/050 VUs, 194 complete and 0 interrupted iterations
soak   [  11% ] 004/050 VUs  03m18.0s/30m0s  1.00 iters/s

running (03m19.0s), 005/050 VUs, 194 complete and 0 interrupted iterations
soak   [  11% ] 005/050 VUs  03m19.0s/30m0s  1.00 iters/s

running (03m20.0s), 005/050 VUs, 195 complete and 0 interrupted iterations
soak   [  11% ] 005/050 VUs  03m20.0s/30m0s  1.00 iters/s

running (03m21.0s), 005/050 VUs, 196 complete and 0 interrupted iterations
soak   [  11% ] 005/050 VUs  03m21.0s/30m0s  1.00 iters/s

running (03m22.0s), 006/050 VUs, 196 complete and 0 interrupted iterations
soak   [  11% ] 006/050 VUs  03m22.0s/30m0s  1.00 iters/s

running (03m23.0s), 004/050 VUs, 199 complete and 0 interrupted iterations
soak   [  11% ] 004/050 VUs  03m23.0s/30m0s  1.00 iters/s

running (03m24.0s), 004/050 VUs, 200 complete and 0 interrupted iterations
soak   [  11% ] 004/050 VUs  03m24.0s/30m0s  1.00 iters/s

running (03m25.0s), 005/050 VUs, 200 complete and 0 interrupted iterations
soak   [  11% ] 005/050 VUs  03m25.0s/30m0s  1.00 iters/s

running (03m26.0s), 004/050 VUs, 202 complete and 0 interrupted iterations
soak   [  11% ] 004/050 VUs  03m26.0s/30m0s  1.00 iters/s

running (03m27.0s), 003/050 VUs, 204 complete and 0 interrupted iterations
soak   [  11% ] 003/050 VUs  03m27.0s/30m0s  1.00 iters/s

running (03m28.0s), 004/050 VUs, 204 complete and 0 interrupted iterations
soak   [  12% ] 004/050 VUs  03m28.0s/30m0s  1.00 iters/s

running (03m29.0s), 004/050 VUs, 205 complete and 0 interrupted iterations
soak   [  12% ] 004/050 VUs  03m29.0s/30m0s  1.00 iters/s

running (03m30.0s), 004/050 VUs, 206 complete and 0 interrupted iterations
soak   [  12% ] 004/050 VUs  03m30.0s/30m0s  1.00 iters/s

running (03m31.0s), 005/050 VUs, 206 complete and 0 interrupted iterations
soak   [  12% ] 005/050 VUs  03m31.0s/30m0s  1.00 iters/s

running (03m32.0s), 003/050 VUs, 209 complete and 0 interrupted iterations
soak   [  12% ] 003/050 VUs  03m32.0s/30m0s  1.00 iters/s

running (03m33.0s), 004/050 VUs, 209 complete and 0 interrupted iterations
soak   [  12% ] 004/050 VUs  03m33.0s/30m0s  1.00 iters/s

running (03m34.0s), 003/050 VUs, 211 complete and 0 interrupted iterations
soak   [  12% ] 003/050 VUs  03m34.0s/30m0s  1.00 iters/s

running (03m35.0s), 004/050 VUs, 211 complete and 0 interrupted iterations
soak   [  12% ] 004/050 VUs  03m35.0s/30m0s  1.00 iters/s

running (03m36.0s), 004/050 VUs, 212 complete and 0 interrupted iterations
soak   [  12% ] 004/050 VUs  03m36.0s/30m0s  1.00 iters/s

running (03m37.0s), 003/050 VUs, 214 complete and 0 interrupted iterations
soak   [  12% ] 003/050 VUs  03m37.0s/30m0s  1.00 iters/s

running (03m38.0s), 004/050 VUs, 214 complete and 0 interrupted iterations
soak   [  12% ] 004/050 VUs  03m38.0s/30m0s  1.00 iters/s

running (03m39.0s), 004/050 VUs, 215 complete and 0 interrupted iterations
soak   [  12% ] 004/050 VUs  03m39.0s/30m0s  1.00 iters/s

running (03m40.0s), 005/050 VUs, 215 complete and 0 interrupted iterations
soak   [  12% ] 005/050 VUs  03m40.0s/30m0s  1.00 iters/s

running (03m41.0s), 005/050 VUs, 216 complete and 0 interrupted iterations
soak   [  12% ] 005/050 VUs  03m41.0s/30m0s  1.00 iters/s

running (03m42.0s), 005/050 VUs, 217 complete and 0 interrupted iterations
soak   [  12% ] 005/050 VUs  03m42.0s/30m0s  1.00 iters/s

running (03m43.0s), 005/050 VUs, 218 complete and 0 interrupted iterations
soak   [  12% ] 005/050 VUs  03m43.0s/30m0s  1.00 iters/s

running (03m44.0s), 005/050 VUs, 219 complete and 0 interrupted iterations
soak   [  12% ] 005/050 VUs  03m44.0s/30m0s  1.00 iters/s

running (03m45.0s), 004/050 VUs, 221 complete and 0 interrupted iterations
soak   [  12% ] 004/050 VUs  03m45.0s/30m0s  1.00 iters/s

running (03m46.0s), 005/050 VUs, 221 complete and 0 interrupted iterations
soak   [  13% ] 005/050 VUs  03m46.0s/30m0s  1.00 iters/s

running (03m47.0s), 004/050 VUs, 223 complete and 0 interrupted iterations
soak   [  13% ] 004/050 VUs  03m47.0s/30m0s  1.00 iters/s

running (03m48.0s), 005/050 VUs, 223 complete and 0 interrupted iterations
soak   [  13% ] 005/050 VUs  03m48.0s/30m0s  1.00 iters/s

running (03m49.0s), 003/050 VUs, 226 complete and 0 interrupted iterations
soak   [  13% ] 003/050 VUs  03m49.0s/30m0s  1.00 iters/s

running (03m50.0s), 003/050 VUs, 227 complete and 0 interrupted iterations
soak   [  13% ] 003/050 VUs  03m50.0s/30m0s  1.00 iters/s

running (03m51.0s), 004/050 VUs, 227 complete and 0 interrupted iterations
soak   [  13% ] 004/050 VUs  03m51.0s/30m0s  1.00 iters/s

running (03m52.0s), 004/050 VUs, 228 complete and 0 interrupted iterations
soak   [  13% ] 004/050 VUs  03m52.0s/30m0s  1.00 iters/s

running (03m53.0s), 004/050 VUs, 229 complete and 0 interrupted iterations
soak   [  13% ] 004/050 VUs  03m53.0s/30m0s  1.00 iters/s

running (03m54.0s), 004/050 VUs, 230 complete and 0 interrupted iterations
soak   [  13% ] 004/050 VUs  03m54.0s/30m0s  1.00 iters/s

running (03m55.0s), 004/050 VUs, 231 complete and 0 interrupted iterations
soak   [  13% ] 004/050 VUs  03m55.0s/30m0s  1.00 iters/s

running (03m56.0s), 004/050 VUs, 232 complete and 0 interrupted iterations
soak   [  13% ] 004/050 VUs  03m56.0s/30m0s  1.00 iters/s

running (03m57.0s), 004/050 VUs, 233 complete and 0 interrupted iterations
soak   [  13% ] 004/050 VUs  03m57.0s/30m0s  1.00 iters/s

running (03m58.0s), 004/050 VUs, 234 complete and 0 interrupted iterations
soak   [  13% ] 004/050 VUs  03m58.0s/30m0s  1.00 iters/s

running (03m59.0s), 003/050 VUs, 236 complete and 0 interrupted iterations
soak   [  13% ] 003/050 VUs  03m59.0s/30m0s  1.00 iters/s

running (04m00.0s), 003/050 VUs, 237 complete and 0 interrupted iterations
soak   [  13% ] 003/050 VUs  04m00.0s/30m0s  1.00 iters/s

running (04m01.0s), 004/050 VUs, 237 complete and 0 interrupted iterations
soak   [  13% ] 004/050 VUs  04m01.0s/30m0s  1.00 iters/s

running (04m02.0s), 004/050 VUs, 238 complete and 0 interrupted iterations
soak   [  13% ] 004/050 VUs  04m02.0s/30m0s  1.00 iters/s

running (04m03.0s), 005/050 VUs, 238 complete and 0 interrupted iterations
soak   [  13% ] 005/050 VUs  04m03.0s/30m0s  1.00 iters/s

running (04m04.0s), 005/050 VUs, 239 complete and 0 interrupted iterations
soak   [  14% ] 005/050 VUs  04m04.0s/30m0s  1.00 iters/s

running (04m05.0s), 005/050 VUs, 240 complete and 0 interrupted iterations
soak   [  14% ] 005/050 VUs  04m05.0s/30m0s  1.00 iters/s

running (04m06.0s), 004/050 VUs, 242 complete and 0 interrupted iterations
soak   [  14% ] 004/050 VUs  04m06.0s/30m0s  1.00 iters/s

running (04m07.0s), 004/050 VUs, 243 complete and 0 interrupted iterations
soak   [  14% ] 004/050 VUs  04m07.0s/30m0s  1.00 iters/s

running (04m08.0s), 005/050 VUs, 243 complete and 0 interrupted iterations
soak   [  14% ] 005/050 VUs  04m08.0s/30m0s  1.00 iters/s

running (04m09.0s), 005/050 VUs, 244 complete and 0 interrupted iterations
soak   [  14% ] 005/050 VUs  04m09.0s/30m0s  1.00 iters/s

running (04m10.0s), 004/050 VUs, 246 complete and 0 interrupted iterations
soak   [  14% ] 004/050 VUs  04m10.0s/30m0s  1.00 iters/s

running (04m11.0s), 004/050 VUs, 247 complete and 0 interrupted iterations
soak   [  14% ] 004/050 VUs  04m11.0s/30m0s  1.00 iters/s

running (04m12.0s), 004/050 VUs, 248 complete and 0 interrupted iterations
soak   [  14% ] 004/050 VUs  04m12.0s/30m0s  1.00 iters/s

running (04m13.0s), 005/050 VUs, 248 complete and 0 interrupted iterations
soak   [  14% ] 005/050 VUs  04m13.0s/30m0s  1.00 iters/s

running (04m14.0s), 005/050 VUs, 249 complete and 0 interrupted iterations
soak   [  14% ] 005/050 VUs  04m14.0s/30m0s  1.00 iters/s

running (04m15.0s), 004/050 VUs, 251 complete and 0 interrupted iterations
soak   [  14% ] 004/050 VUs  04m15.0s/30m0s  1.00 iters/s

running (04m16.0s), 004/050 VUs, 252 complete and 0 interrupted iterations
soak   [  14% ] 004/050 VUs  04m16.0s/30m0s  1.00 iters/s

running (04m17.0s), 004/050 VUs, 253 complete and 0 interrupted iterations
soak   [  14% ] 004/050 VUs  04m17.0s/30m0s  1.00 iters/s

running (04m18.0s), 004/050 VUs, 254 complete and 0 interrupted iterations
soak   [  14% ] 004/050 VUs  04m18.0s/30m0s  1.00 iters/s

running (04m19.0s), 004/050 VUs, 255 complete and 0 interrupted iterations
soak   [  14% ] 004/050 VUs  04m19.0s/30m0s  1.00 iters/s

running (04m20.0s), 004/050 VUs, 256 complete and 0 interrupted iterations
soak   [  14% ] 004/050 VUs  04m20.0s/30m0s  1.00 iters/s

running (04m21.0s), 004/050 VUs, 257 complete and 0 interrupted iterations
soak   [  14% ] 004/050 VUs  04m21.0s/30m0s  1.00 iters/s

running (04m22.0s), 004/050 VUs, 258 complete and 0 interrupted iterations
soak   [  15% ] 004/050 VUs  04m22.0s/30m0s  1.00 iters/s

running (04m23.0s), 005/050 VUs, 258 complete and 0 interrupted iterations
soak   [  15% ] 005/050 VUs  04m23.0s/30m0s  1.00 iters/s

running (04m24.0s), 004/050 VUs, 260 complete and 0 interrupted iterations
soak   [  15% ] 004/050 VUs  04m24.0s/30m0s  1.00 iters/s

running (04m25.0s), 005/050 VUs, 260 complete and 0 interrupted iterations
soak   [  15% ] 005/050 VUs  04m25.0s/30m0s  1.00 iters/s

running (04m26.0s), 003/050 VUs, 263 complete and 0 interrupted iterations
soak   [  15% ] 003/050 VUs  04m26.0s/30m0s  1.00 iters/s

running (04m27.0s), 004/050 VUs, 263 complete and 0 interrupted iterations
soak   [  15% ] 004/050 VUs  04m27.0s/30m0s  1.00 iters/s

running (04m28.0s), 004/050 VUs, 264 complete and 0 interrupted iterations
soak   [  15% ] 004/050 VUs  04m28.0s/30m0s  1.00 iters/s

running (04m29.0s), 004/050 VUs, 265 complete and 0 interrupted iterations
soak   [  15% ] 004/050 VUs  04m29.0s/30m0s  1.00 iters/s

running (04m30.0s), 004/050 VUs, 266 complete and 0 interrupted iterations
soak   [  15% ] 004/050 VUs  04m30.0s/30m0s  1.00 iters/s

running (04m31.0s), 005/050 VUs, 266 complete and 0 interrupted iterations
soak   [  15% ] 005/050 VUs  04m31.0s/30m0s  1.00 iters/s

running (04m32.0s), 004/050 VUs, 268 complete and 0 interrupted iterations
soak   [  15% ] 004/050 VUs  04m32.0s/30m0s  1.00 iters/s

running (04m33.0s), 004/050 VUs, 269 complete and 0 interrupted iterations
soak   [  15% ] 004/050 VUs  04m33.0s/30m0s  1.00 iters/s

running (04m34.0s), 004/050 VUs, 270 complete and 0 interrupted iterations
soak   [  15% ] 004/050 VUs  04m34.0s/30m0s  1.00 iters/s

running (04m35.0s), 004/050 VUs, 271 complete and 0 interrupted iterations
soak   [  15% ] 004/050 VUs  04m35.0s/30m0s  1.00 iters/s

running (04m36.0s), 004/050 VUs, 272 complete and 0 interrupted iterations
soak   [  15% ] 004/050 VUs  04m36.0s/30m0s  1.00 iters/s

running (04m37.0s), 003/050 VUs, 274 complete and 0 interrupted iterations
soak   [  15% ] 003/050 VUs  04m37.0s/30m0s  1.00 iters/s

running (04m38.0s), 004/050 VUs, 274 complete and 0 interrupted iterations
soak   [  15% ] 004/050 VUs  04m38.0s/30m0s  1.00 iters/s

running (04m39.0s), 004/050 VUs, 275 complete and 0 interrupted iterations
soak   [  15% ] 004/050 VUs  04m39.0s/30m0s  1.00 iters/s

running (04m40.0s), 004/050 VUs, 276 complete and 0 interrupted iterations
soak   [  16% ] 004/050 VUs  04m40.0s/30m0s  1.00 iters/s

running (04m41.0s), 004/050 VUs, 277 complete and 0 interrupted iterations
soak   [  16% ] 004/050 VUs  04m41.0s/30m0s  1.00 iters/s

running (04m42.0s), 005/050 VUs, 277 complete and 0 interrupted iterations
soak   [  16% ] 005/050 VUs  04m42.0s/30m0s  1.00 iters/s

running (04m43.0s), 004/050 VUs, 279 complete and 0 interrupted iterations
soak   [  16% ] 004/050 VUs  04m43.0s/30m0s  1.00 iters/s

running (04m44.0s), 004/050 VUs, 280 complete and 0 interrupted iterations
soak   [  16% ] 004/050 VUs  04m44.0s/30m0s  1.00 iters/s

running (04m45.0s), 004/050 VUs, 281 complete and 0 interrupted iterations
soak   [  16% ] 004/050 VUs  04m45.0s/30m0s  1.00 iters/s

running (04m46.0s), 004/050 VUs, 282 complete and 0 interrupted iterations
soak   [  16% ] 004/050 VUs  04m46.0s/30m0s  1.00 iters/s

running (04m47.0s), 003/050 VUs, 284 complete and 0 interrupted iterations
soak   [  16% ] 003/050 VUs  04m47.0s/30m0s  1.00 iters/s

running (04m48.0s), 004/050 VUs, 284 complete and 0 interrupted iterations
soak   [  16% ] 004/050 VUs  04m48.0s/30m0s  1.00 iters/s

running (04m49.0s), 004/050 VUs, 285 complete and 0 interrupted iterations
soak   [  16% ] 004/050 VUs  04m49.0s/30m0s  1.00 iters/s

running (04m50.0s), 004/050 VUs, 286 complete and 0 interrupted iterations
soak   [  16% ] 004/050 VUs  04m50.0s/30m0s  1.00 iters/s

running (04m51.0s), 003/050 VUs, 288 complete and 0 interrupted iterations
soak   [  16% ] 003/050 VUs  04m51.0s/30m0s  1.00 iters/s

running (04m52.0s), 004/050 VUs, 288 complete and 0 interrupted iterations
soak   [  16% ] 004/050 VUs  04m52.0s/30m0s  1.00 iters/s

running (04m53.0s), 004/050 VUs, 289 complete and 0 interrupted iterations
soak   [  16% ] 004/050 VUs  04m53.0s/30m0s  1.00 iters/s

running (04m54.0s), 004/050 VUs, 290 complete and 0 interrupted iterations
soak   [  16% ] 004/050 VUs  04m54.0s/30m0s  1.00 iters/s

running (04m55.0s), 004/050 VUs, 291 complete and 0 interrupted iterations
soak   [  16% ] 004/050 VUs  04m55.0s/30m0s  1.00 iters/s

running (04m56.0s), 005/050 VUs, 291 complete and 0 interrupted iterations
soak   [  16% ] 005/050 VUs  04m56.0s/30m0s  1.00 iters/s

running (04m57.0s), 005/050 VUs, 292 complete and 0 interrupted iterations
soak   [  16% ] 005/050 VUs  04m57.0s/30m0s  1.00 iters/s

running (04m58.0s), 004/050 VUs, 294 complete and 0 interrupted iterations
soak   [  17% ] 004/050 VUs  04m58.0s/30m0s  1.00 iters/s

running (04m59.0s), 004/050 VUs, 295 complete and 0 interrupted iterations
soak   [  17% ] 004/050 VUs  04m59.0s/30m0s  1.00 iters/s

running (05m00.0s), 005/050 VUs, 295 complete and 0 interrupted iterations
soak   [  17% ] 005/050 VUs  05m00.0s/30m0s  1.00 iters/s

running (05m01.0s), 005/050 VUs, 296 complete and 0 interrupted iterations
soak   [  17% ] 005/050 VUs  05m01.0s/30m0s  1.00 iters/s

running (05m02.0s), 005/050 VUs, 297 complete and 0 interrupted iterations
soak   [  17% ] 005/050 VUs  05m02.0s/30m0s  1.00 iters/s

running (05m03.0s), 005/050 VUs, 298 complete and 0 interrupted iterations
soak   [  17% ] 005/050 VUs  05m03.0s/30m0s  1.00 iters/s

running (05m04.0s), 004/050 VUs, 300 complete and 0 interrupted iterations
soak   [  17% ] 004/050 VUs  05m04.0s/30m0s  1.00 iters/s

running (05m05.0s), 005/050 VUs, 300 complete and 0 interrupted iterations
soak   [  17% ] 005/050 VUs  05m05.0s/30m0s  1.00 iters/s

running (05m06.0s), 005/050 VUs, 301 complete and 0 interrupted iterations
soak   [  17% ] 005/050 VUs  05m06.0s/30m0s  1.00 iters/s

running (05m07.0s), 005/050 VUs, 302 complete and 0 interrupted iterations
soak   [  17% ] 005/050 VUs  05m07.0s/30m0s  1.00 iters/s

running (05m08.0s), 005/050 VUs, 303 complete and 0 interrupted iterations
soak   [  17% ] 005/050 VUs  05m08.0s/30m0s  1.00 iters/s

running (05m09.0s), 005/050 VUs, 304 complete and 0 interrupted iterations
soak   [  17% ] 005/050 VUs  05m09.0s/30m0s  1.00 iters/s

running (05m10.0s), 005/050 VUs, 305 complete and 0 interrupted iterations
soak   [  17% ] 005/050 VUs  05m10.0s/30m0s  1.00 iters/s

running (05m11.0s), 004/050 VUs, 307 complete and 0 interrupted iterations
soak   [  17% ] 004/050 VUs  05m11.0s/30m0s  1.00 iters/s

running (05m12.0s), 004/050 VUs, 308 complete and 0 interrupted iterations
soak   [  17% ] 004/050 VUs  05m12.0s/30m0s  1.00 iters/s

running (05m13.0s), 004/050 VUs, 309 complete and 0 interrupted iterations
soak   [  17% ] 004/050 VUs  05m13.0s/30m0s  1.00 iters/s

running (05m14.0s), 005/050 VUs, 309 complete and 0 interrupted iterations
soak   [  17% ] 005/050 VUs  05m14.0s/30m0s  1.00 iters/s

running (05m15.0s), 004/050 VUs, 311 complete and 0 interrupted iterations
soak   [  17% ] 004/050 VUs  05m15.0s/30m0s  1.00 iters/s

running (05m16.0s), 004/050 VUs, 312 complete and 0 interrupted iterations
soak   [  18% ] 004/050 VUs  05m16.0s/30m0s  1.00 iters/s

running (05m17.0s), 004/050 VUs, 313 complete and 0 interrupted iterations
soak   [  18% ] 004/050 VUs  05m17.0s/30m0s  1.00 iters/s

running (05m18.0s), 005/050 VUs, 313 complete and 0 interrupted iterations
soak   [  18% ] 005/050 VUs  05m18.0s/30m0s  1.00 iters/s

running (05m19.0s), 005/050 VUs, 314 complete and 0 interrupted iterations
soak   [  18% ] 005/050 VUs  05m19.0s/30m0s  1.00 iters/s

running (05m20.0s), 005/050 VUs, 315 complete and 0 interrupted iterations
soak   [  18% ] 005/050 VUs  05m20.0s/30m0s  1.00 iters/s

running (05m21.0s), 004/050 VUs, 317 complete and 0 interrupted iterations
soak   [  18% ] 004/050 VUs  05m21.0s/30m0s  1.00 iters/s

running (05m22.0s), 004/050 VUs, 318 complete and 0 interrupted iterations
soak   [  18% ] 004/050 VUs  05m22.0s/30m0s  1.00 iters/s

running (05m23.0s), 004/050 VUs, 319 complete and 0 interrupted iterations
soak   [  18% ] 004/050 VUs  05m23.0s/30m0s  1.00 iters/s

running (05m24.0s), 004/050 VUs, 320 complete and 0 interrupted iterations
soak   [  18% ] 004/050 VUs  05m24.0s/30m0s  1.00 iters/s

running (05m25.0s), 005/050 VUs, 320 complete and 0 interrupted iterations
soak   [  18% ] 005/050 VUs  05m25.0s/30m0s  1.00 iters/s

running (05m26.0s), 004/050 VUs, 322 complete and 0 interrupted iterations
soak   [  18% ] 004/050 VUs  05m26.0s/30m0s  1.00 iters/s

running (05m27.0s), 004/050 VUs, 323 complete and 0 interrupted iterations
soak   [  18% ] 004/050 VUs  05m27.0s/30m0s  1.00 iters/s

running (05m28.0s), 004/050 VUs, 324 complete and 0 interrupted iterations
soak   [  18% ] 004/050 VUs  05m28.0s/30m0s  1.00 iters/s

running (05m29.0s), 005/050 VUs, 324 complete and 0 interrupted iterations
soak   [  18% ] 005/050 VUs  05m29.0s/30m0s  1.00 iters/s

running (05m30.0s), 004/050 VUs, 326 complete and 0 interrupted iterations
soak   [  18% ] 004/050 VUs  05m30.0s/30m0s  1.00 iters/s

running (05m31.0s), 005/050 VUs, 326 complete and 0 interrupted iterations
soak   [  18% ] 005/050 VUs  05m31.0s/30m0s  1.00 iters/s

running (05m32.0s), 004/050 VUs, 328 complete and 0 interrupted iterations
soak   [  18% ] 004/050 VUs  05m32.0s/30m0s  1.00 iters/s

running (05m33.0s), 005/050 VUs, 328 complete and 0 interrupted iterations
soak   [  18% ] 005/050 VUs  05m33.0s/30m0s  1.00 iters/s

running (05m34.0s), 004/050 VUs, 330 complete and 0 interrupted iterations
soak   [  19% ] 004/050 VUs  05m34.0s/30m0s  1.00 iters/s

running (05m35.0s), 004/050 VUs, 331 complete and 0 interrupted iterations
soak   [  19% ] 004/050 VUs  05m35.0s/30m0s  1.00 iters/s

running (05m36.0s), 005/050 VUs, 331 complete and 0 interrupted iterations
soak   [  19% ] 005/050 VUs  05m36.0s/30m0s  1.00 iters/s

running (05m37.0s), 004/050 VUs, 333 complete and 0 interrupted iterations
soak   [  19% ] 004/050 VUs  05m37.0s/30m0s  1.00 iters/s

running (05m38.0s), 004/050 VUs, 334 complete and 0 interrupted iterations
soak   [  19% ] 004/050 VUs  05m38.0s/30m0s  1.00 iters/s

running (05m39.0s), 005/050 VUs, 334 complete and 0 interrupted iterations
soak   [  19% ] 005/050 VUs  05m39.0s/30m0s  1.00 iters/s

running (05m40.0s), 006/050 VUs, 334 complete and 0 interrupted iterations
soak   [  19% ] 006/050 VUs  05m40.0s/30m0s  1.00 iters/s

running (05m41.0s), 006/050 VUs, 335 complete and 0 interrupted iterations
soak   [  19% ] 006/050 VUs  05m41.0s/30m0s  1.00 iters/s

running (05m42.0s), 005/050 VUs, 337 complete and 0 interrupted iterations
soak   [  19% ] 005/050 VUs  05m42.0s/30m0s  1.00 iters/s

running (05m43.0s), 004/050 VUs, 339 complete and 0 interrupted iterations
soak   [  19% ] 004/050 VUs  05m43.0s/30m0s  1.00 iters/s

running (05m44.0s), 004/050 VUs, 340 complete and 0 interrupted iterations
soak   [  19% ] 004/050 VUs  05m44.0s/30m0s  1.00 iters/s

running (05m45.0s), 005/050 VUs, 340 complete and 0 interrupted iterations
soak   [  19% ] 005/050 VUs  05m45.0s/30m0s  1.00 iters/s

running (05m46.0s), 005/050 VUs, 341 complete and 0 interrupted iterations
soak   [  19% ] 005/050 VUs  05m46.0s/30m0s  1.00 iters/s

running (05m47.0s), 004/050 VUs, 343 complete and 0 interrupted iterations
soak   [  19% ] 004/050 VUs  05m47.0s/30m0s  1.00 iters/s

running (05m48.0s), 004/050 VUs, 344 complete and 0 interrupted iterations
soak   [  19% ] 004/050 VUs  05m48.0s/30m0s  1.00 iters/s

running (05m49.0s), 005/050 VUs, 344 complete and 0 interrupted iterations
soak   [  19% ] 005/050 VUs  05m49.0s/30m0s  1.00 iters/s

running (05m50.0s), 005/050 VUs, 345 complete and 0 interrupted iterations
soak   [  19% ] 005/050 VUs  05m50.0s/30m0s  1.00 iters/s

running (05m51.0s), 005/050 VUs, 346 complete and 0 interrupted iterations
soak   [  19% ] 005/050 VUs  05m51.0s/30m0s  1.00 iters/s

running (05m52.0s), 003/050 VUs, 349 complete and 0 interrupted iterations
soak   [  20% ] 003/050 VUs  05m52.0s/30m0s  1.00 iters/s

running (05m53.0s), 003/050 VUs, 350 complete and 0 interrupted iterations
soak   [  20% ] 003/050 VUs  05m53.0s/30m0s  1.00 iters/s

running (05m54.0s), 003/050 VUs, 351 complete and 0 interrupted iterations
soak   [  20% ] 003/050 VUs  05m54.0s/30m0s  1.00 iters/s

running (05m55.0s), 004/050 VUs, 351 complete and 0 interrupted iterations
soak   [  20% ] 004/050 VUs  05m55.0s/30m0s  1.00 iters/s

running (05m56.0s), 004/050 VUs, 352 complete and 0 interrupted iterations
soak   [  20% ] 004/050 VUs  05m56.0s/30m0s  1.00 iters/s

running (05m57.0s), 003/050 VUs, 354 complete and 0 interrupted iterations
soak   [  20% ] 003/050 VUs  05m57.0s/30m0s  1.00 iters/s

running (05m58.0s), 004/050 VUs, 354 complete and 0 interrupted iterations
soak   [  20% ] 004/050 VUs  05m58.0s/30m0s  1.00 iters/s

running (05m59.0s), 004/050 VUs, 355 complete and 0 interrupted iterations
soak   [  20% ] 004/050 VUs  05m59.0s/30m0s  1.00 iters/s

running (06m00.0s), 004/050 VUs, 356 complete and 0 interrupted iterations
soak   [  20% ] 004/050 VUs  06m00.0s/30m0s  1.00 iters/s

running (06m01.0s), 004/050 VUs, 357 complete and 0 interrupted iterations
soak   [  20% ] 004/050 VUs  06m01.0s/30m0s  1.00 iters/s

running (06m02.0s), 004/050 VUs, 358 complete and 0 interrupted iterations
soak   [  20% ] 004/050 VUs  06m02.0s/30m0s  1.00 iters/s

running (06m03.0s), 005/050 VUs, 358 complete and 0 interrupted iterations
soak   [  20% ] 005/050 VUs  06m03.0s/30m0s  1.00 iters/s

running (06m04.0s), 004/050 VUs, 360 complete and 0 interrupted iterations
soak   [  20% ] 004/050 VUs  06m04.0s/30m0s  1.00 iters/s

running (06m05.0s), 004/050 VUs, 361 complete and 0 interrupted iterations
soak   [  20% ] 004/050 VUs  06m05.0s/30m0s  1.00 iters/s

running (06m06.0s), 004/050 VUs, 362 complete and 0 interrupted iterations
soak   [  20% ] 004/050 VUs  06m06.0s/30m0s  1.00 iters/s

running (06m07.0s), 005/050 VUs, 362 complete and 0 interrupted iterations
soak   [  20% ] 005/050 VUs  06m07.0s/30m0s  1.00 iters/s

running (06m08.0s), 005/050 VUs, 363 complete and 0 interrupted iterations
soak   [  20% ] 005/050 VUs  06m08.0s/30m0s  1.00 iters/s

running (06m09.0s), 003/050 VUs, 366 complete and 0 interrupted iterations
soak   [  20% ] 003/050 VUs  06m09.0s/30m0s  1.00 iters/s

running (06m10.0s), 004/050 VUs, 366 complete and 0 interrupted iterations
soak   [  21% ] 004/050 VUs  06m10.0s/30m0s  1.00 iters/s

running (06m11.0s), 004/050 VUs, 367 complete and 0 interrupted iterations
soak   [  21% ] 004/050 VUs  06m11.0s/30m0s  1.00 iters/s

running (06m12.0s), 004/050 VUs, 368 complete and 0 interrupted iterations
soak   [  21% ] 004/050 VUs  06m12.0s/30m0s  1.00 iters/s

running (06m13.0s), 004/050 VUs, 369 complete and 0 interrupted iterations
soak   [  21% ] 004/050 VUs  06m13.0s/30m0s  1.00 iters/s

running (06m14.0s), 004/050 VUs, 370 complete and 0 interrupted iterations
soak   [  21% ] 004/050 VUs  06m14.0s/30m0s  1.00 iters/s

running (06m15.0s), 004/050 VUs, 371 complete and 0 interrupted iterations
soak   [  21% ] 004/050 VUs  06m15.0s/30m0s  1.00 iters/s

running (06m16.0s), 004/050 VUs, 372 complete and 0 interrupted iterations
soak   [  21% ] 004/050 VUs  06m16.0s/30m0s  1.00 iters/s

running (06m17.0s), 005/050 VUs, 372 complete and 0 interrupted iterations
soak   [  21% ] 005/050 VUs  06m17.0s/30m0s  1.00 iters/s

running (06m18.0s), 005/050 VUs, 373 complete and 0 interrupted iterations
soak   [  21% ] 005/050 VUs  06m18.0s/30m0s  1.00 iters/s

running (06m19.0s), 005/050 VUs, 374 complete and 0 interrupted iterations
soak   [  21% ] 005/050 VUs  06m19.0s/30m0s  1.00 iters/s

running (06m20.0s), 004/050 VUs, 376 complete and 0 interrupted iterations
soak   [  21% ] 004/050 VUs  06m20.0s/30m0s  1.00 iters/s

running (06m21.0s), 004/050 VUs, 377 complete and 0 interrupted iterations
soak   [  21% ] 004/050 VUs  06m21.0s/30m0s  1.00 iters/s

running (06m22.0s), 005/050 VUs, 377 complete and 0 interrupted iterations
soak   [  21% ] 005/050 VUs  06m22.0s/30m0s  1.00 iters/s

running (06m23.0s), 004/050 VUs, 379 complete and 0 interrupted iterations
soak   [  21% ] 004/050 VUs  06m23.0s/30m0s  1.00 iters/s

running (06m24.0s), 004/050 VUs, 380 complete and 0 interrupted iterations
soak   [  21% ] 004/050 VUs  06m24.0s/30m0s  1.00 iters/s

running (06m25.0s), 005/050 VUs, 380 complete and 0 interrupted iterations
soak   [  21% ] 005/050 VUs  06m25.0s/30m0s  1.00 iters/s

running (06m26.0s), 004/050 VUs, 382 complete and 0 interrupted iterations
soak   [  21% ] 004/050 VUs  06m26.0s/30m0s  1.00 iters/s

running (06m27.0s), 004/050 VUs, 383 complete and 0 interrupted iterations
soak   [  21% ] 004/050 VUs  06m27.0s/30m0s  1.00 iters/s

running (06m28.0s), 004/050 VUs, 384 complete and 0 interrupted iterations
soak   [  22% ] 004/050 VUs  06m28.0s/30m0s  1.00 iters/s

running (06m29.0s), 004/050 VUs, 385 complete and 0 interrupted iterations
soak   [  22% ] 004/050 VUs  06m29.0s/30m0s  1.00 iters/s

running (06m30.0s), 005/050 VUs, 385 complete and 0 interrupted iterations
soak   [  22% ] 005/050 VUs  06m30.0s/30m0s  1.00 iters/s

running (06m31.0s), 005/050 VUs, 386 complete and 0 interrupted iterations
soak   [  22% ] 005/050 VUs  06m31.0s/30m0s  1.00 iters/s

running (06m32.0s), 004/050 VUs, 388 complete and 0 interrupted iterations
soak   [  22% ] 004/050 VUs  06m32.0s/30m0s  1.00 iters/s

running (06m33.0s), 004/050 VUs, 389 complete and 0 interrupted iterations
soak   [  22% ] 004/050 VUs  06m33.0s/30m0s  1.00 iters/s

running (06m34.0s), 005/050 VUs, 389 complete and 0 interrupted iterations
soak   [  22% ] 005/050 VUs  06m34.0s/30m0s  1.00 iters/s

running (06m35.0s), 005/050 VUs, 390 complete and 0 interrupted iterations
soak   [  22% ] 005/050 VUs  06m35.0s/30m0s  1.00 iters/s

running (06m36.0s), 005/050 VUs, 391 complete and 0 interrupted iterations
soak   [  22% ] 005/050 VUs  06m36.0s/30m0s  1.00 iters/s

running (06m37.0s), 004/050 VUs, 393 complete and 0 interrupted iterations
soak   [  22% ] 004/050 VUs  06m37.0s/30m0s  1.00 iters/s

running (06m38.0s), 005/050 VUs, 393 complete and 0 interrupted iterations
soak   [  22% ] 005/050 VUs  06m38.0s/30m0s  1.00 iters/s

running (06m39.0s), 005/050 VUs, 394 complete and 0 interrupted iterations
soak   [  22% ] 005/050 VUs  06m39.0s/30m0s  1.00 iters/s

running (06m40.0s), 004/050 VUs, 396 complete and 0 interrupted iterations
soak   [  22% ] 004/050 VUs  06m40.0s/30m0s  1.00 iters/s

running (06m41.0s), 005/050 VUs, 396 complete and 0 interrupted iterations
soak   [  22% ] 005/050 VUs  06m41.0s/30m0s  1.00 iters/s

running (06m42.0s), 005/050 VUs, 397 complete and 0 interrupted iterations
soak   [  22% ] 005/050 VUs  06m42.0s/30m0s  1.00 iters/s

running (06m43.0s), 004/050 VUs, 399 complete and 0 interrupted iterations
soak   [  22% ] 004/050 VUs  06m43.0s/30m0s  1.00 iters/s

running (06m44.0s), 004/050 VUs, 400 complete and 0 interrupted iterations
soak   [  22% ] 004/050 VUs  06m44.0s/30m0s  1.00 iters/s

running (06m45.0s), 005/050 VUs, 400 complete and 0 interrupted iterations
soak   [  22% ] 005/050 VUs  06m45.0s/30m0s  1.00 iters/s

running (06m46.0s), 005/050 VUs, 401 complete and 0 interrupted iterations
soak   [  23% ] 005/050 VUs  06m46.0s/30m0s  1.00 iters/s

running (06m47.0s), 003/050 VUs, 404 complete and 0 interrupted iterations
soak   [  23% ] 003/050 VUs  06m47.0s/30m0s  1.00 iters/s

running (06m48.0s), 004/050 VUs, 404 complete and 0 interrupted iterations
soak   [  23% ] 004/050 VUs  06m48.0s/30m0s  1.00 iters/s

running (06m49.0s), 004/050 VUs, 405 complete and 0 interrupted iterations
soak   [  23% ] 004/050 VUs  06m49.0s/30m0s  1.00 iters/s

running (06m50.0s), 004/050 VUs, 406 complete and 0 interrupted iterations
soak   [  23% ] 004/050 VUs  06m50.0s/30m0s  1.00 iters/s

running (06m51.0s), 004/050 VUs, 407 complete and 0 interrupted iterations
soak   [  23% ] 004/050 VUs  06m51.0s/30m0s  1.00 iters/s

running (06m52.0s), 005/050 VUs, 407 complete and 0 interrupted iterations
soak   [  23% ] 005/050 VUs  06m52.0s/30m0s  1.00 iters/s

running (06m53.0s), 004/050 VUs, 409 complete and 0 interrupted iterations
soak   [  23% ] 004/050 VUs  06m53.0s/30m0s  1.00 iters/s

running (06m54.0s), 004/050 VUs, 410 complete and 0 interrupted iterations
soak   [  23% ] 004/050 VUs  06m54.0s/30m0s  1.00 iters/s

running (06m55.0s), 004/050 VUs, 411 complete and 0 interrupted iterations
soak   [  23% ] 004/050 VUs  06m55.0s/30m0s  1.00 iters/s

running (06m56.0s), 005/050 VUs, 411 complete and 0 interrupted iterations
soak   [  23% ] 005/050 VUs  06m56.0s/30m0s  1.00 iters/s

running (06m57.0s), 004/050 VUs, 413 complete and 0 interrupted iterations
soak   [  23% ] 004/050 VUs  06m57.0s/30m0s  1.00 iters/s

running (06m58.0s), 005/050 VUs, 413 complete and 0 interrupted iterations
soak   [  23% ] 005/050 VUs  06m58.0s/30m0s  1.00 iters/s

running (06m59.0s), 004/050 VUs, 415 complete and 0 interrupted iterations
soak   [  23% ] 004/050 VUs  06m59.0s/30m0s  1.00 iters/s

running (07m00.0s), 004/050 VUs, 416 complete and 0 interrupted iterations
soak   [  23% ] 004/050 VUs  07m00.0s/30m0s  1.00 iters/s

running (07m01.0s), 004/050 VUs, 417 complete and 0 interrupted iterations
soak   [  23% ] 004/050 VUs  07m01.0s/30m0s  1.00 iters/s

running (07m02.0s), 004/050 VUs, 418 complete and 0 interrupted iterations
soak   [  23% ] 004/050 VUs  07m02.0s/30m0s  1.00 iters/s

running (07m03.0s), 005/050 VUs, 418 complete and 0 interrupted iterations
soak   [  23% ] 005/050 VUs  07m03.0s/30m0s  1.00 iters/s

running (07m04.0s), 003/050 VUs, 421 complete and 0 interrupted iterations
soak   [  24% ] 003/050 VUs  07m04.0s/30m0s  1.00 iters/s

running (07m05.0s), 004/050 VUs, 421 complete and 0 interrupted iterations
soak   [  24% ] 004/050 VUs  07m05.0s/30m0s  1.00 iters/s

running (07m06.0s), 004/050 VUs, 422 complete and 0 interrupted iterations
soak   [  24% ] 004/050 VUs  07m06.0s/30m0s  1.00 iters/s

running (07m07.0s), 004/050 VUs, 423 complete and 0 interrupted iterations
soak   [  24% ] 004/050 VUs  07m07.0s/30m0s  1.00 iters/s

running (07m08.0s), 003/050 VUs, 425 complete and 0 interrupted iterations
soak   [  24% ] 003/050 VUs  07m08.0s/30m0s  1.00 iters/s

running (07m09.0s), 004/050 VUs, 425 complete and 0 interrupted iterations
soak   [  24% ] 004/050 VUs  07m09.0s/30m0s  1.00 iters/s

running (07m10.0s), 004/050 VUs, 426 complete and 0 interrupted iterations
soak   [  24% ] 004/050 VUs  07m10.0s/30m0s  1.00 iters/s

running (07m11.0s), 004/050 VUs, 427 complete and 0 interrupted iterations
soak   [  24% ] 004/050 VUs  07m11.0s/30m0s  1.00 iters/s

running (07m12.0s), 004/050 VUs, 428 complete and 0 interrupted iterations
soak   [  24% ] 004/050 VUs  07m12.0s/30m0s  1.00 iters/s

running (07m13.0s), 005/050 VUs, 428 complete and 0 interrupted iterations
soak   [  24% ] 005/050 VUs  07m13.0s/30m0s  1.00 iters/s

running (07m14.0s), 004/050 VUs, 430 complete and 0 interrupted iterations
soak   [  24% ] 004/050 VUs  07m14.0s/30m0s  1.00 iters/s

running (07m15.0s), 004/050 VUs, 431 complete and 0 interrupted iterations
soak   [  24% ] 004/050 VUs  07m15.0s/30m0s  1.00 iters/s

running (07m16.0s), 004/050 VUs, 432 complete and 0 interrupted iterations
soak   [  24% ] 004/050 VUs  07m16.0s/30m0s  1.00 iters/s

running (07m17.0s), 004/050 VUs, 433 complete and 0 interrupted iterations
soak   [  24% ] 004/050 VUs  07m17.0s/30m0s  1.00 iters/s

running (07m18.0s), 003/050 VUs, 435 complete and 0 interrupted iterations
soak   [  24% ] 003/050 VUs  07m18.0s/30m0s  1.00 iters/s

running (07m19.0s), 004/050 VUs, 435 complete and 0 interrupted iterations
soak   [  24% ] 004/050 VUs  07m19.0s/30m0s  1.00 iters/s

running (07m20.0s), 004/050 VUs, 436 complete and 0 interrupted iterations
soak   [  24% ] 004/050 VUs  07m20.0s/30m0s  1.00 iters/s

running (07m21.0s), 004/050 VUs, 437 complete and 0 interrupted iterations
soak   [  24% ] 004/050 VUs  07m21.0s/30m0s  1.00 iters/s

running (07m22.0s), 003/050 VUs, 439 complete and 0 interrupted iterations
soak   [  25% ] 003/050 VUs  07m22.0s/30m0s  1.00 iters/s

running (07m23.0s), 003/050 VUs, 440 complete and 0 interrupted iterations
soak   [  25% ] 003/050 VUs  07m23.0s/30m0s  1.00 iters/s

running (07m24.0s), 004/050 VUs, 440 complete and 0 interrupted iterations
soak   [  25% ] 004/050 VUs  07m24.0s/30m0s  1.00 iters/s

running (07m25.0s), 003/050 VUs, 442 complete and 0 interrupted iterations
soak   [  25% ] 003/050 VUs  07m25.0s/30m0s  1.00 iters/s

running (07m26.0s), 004/050 VUs, 442 complete and 0 interrupted iterations
soak   [  25% ] 004/050 VUs  07m26.0s/30m0s  1.00 iters/s

running (07m27.0s), 004/050 VUs, 443 complete and 0 interrupted iterations
soak   [  25% ] 004/050 VUs  07m27.0s/30m0s  1.00 iters/s

running (07m28.0s), 003/050 VUs, 445 complete and 0 interrupted iterations
soak   [  25% ] 003/050 VUs  07m28.0s/30m0s  1.00 iters/s

running (07m29.0s), 003/050 VUs, 446 complete and 0 interrupted iterations
soak   [  25% ] 003/050 VUs  07m29.0s/30m0s  1.00 iters/s

running (07m30.0s), 004/050 VUs, 446 complete and 0 interrupted iterations
soak   [  25% ] 004/050 VUs  07m30.0s/30m0s  1.00 iters/s

running (07m31.0s), 005/050 VUs, 446 complete and 0 interrupted iterations
soak   [  25% ] 005/050 VUs  07m31.0s/30m0s  1.00 iters/s

running (07m32.0s), 004/050 VUs, 448 complete and 0 interrupted iterations
soak   [  25% ] 004/050 VUs  07m32.0s/30m0s  1.00 iters/s

running (07m33.0s), 004/050 VUs, 449 complete and 0 interrupted iterations
soak   [  25% ] 004/050 VUs  07m33.0s/30m0s  1.00 iters/s

running (07m34.0s), 004/050 VUs, 450 complete and 0 interrupted iterations
soak   [  25% ] 004/050 VUs  07m34.0s/30m0s  1.00 iters/s

running (07m35.0s), 004/050 VUs, 451 complete and 0 interrupted iterations
soak   [  25% ] 004/050 VUs  07m35.0s/30m0s  1.00 iters/s

running (07m36.0s), 004/050 VUs, 452 complete and 0 interrupted iterations
soak   [  25% ] 004/050 VUs  07m36.0s/30m0s  1.00 iters/s

running (07m37.0s), 004/050 VUs, 453 complete and 0 interrupted iterations
soak   [  25% ] 004/050 VUs  07m37.0s/30m0s  1.00 iters/s

running (07m38.0s), 004/050 VUs, 454 complete and 0 interrupted iterations
soak   [  25% ] 004/050 VUs  07m38.0s/30m0s  1.00 iters/s

running (07m39.0s), 005/050 VUs, 454 complete and 0 interrupted iterations
soak   [  25% ] 005/050 VUs  07m39.0s/30m0s  1.00 iters/s

running (07m40.0s), 005/050 VUs, 455 complete and 0 interrupted iterations
soak   [  26% ] 005/050 VUs  07m40.0s/30m0s  1.00 iters/s

running (07m41.0s), 004/050 VUs, 457 complete and 0 interrupted iterations
soak   [  26% ] 004/050 VUs  07m41.0s/30m0s  1.00 iters/s

running (07m42.0s), 004/050 VUs, 458 complete and 0 interrupted iterations
soak   [  26% ] 004/050 VUs  07m42.0s/30m0s  1.00 iters/s

running (07m43.0s), 004/050 VUs, 459 complete and 0 interrupted iterations
soak   [  26% ] 004/050 VUs  07m43.0s/30m0s  1.00 iters/s

running (07m44.0s), 002/050 VUs, 462 complete and 0 interrupted iterations
soak   [  26% ] 002/050 VUs  07m44.0s/30m0s  1.00 iters/s

running (07m45.0s), 003/050 VUs, 462 complete and 0 interrupted iterations
soak   [  26% ] 003/050 VUs  07m45.0s/30m0s  1.00 iters/s

running (07m46.0s), 004/050 VUs, 462 complete and 0 interrupted iterations
soak   [  26% ] 004/050 VUs  07m46.0s/30m0s  1.00 iters/s

running (07m47.0s), 003/050 VUs, 464 complete and 0 interrupted iterations
soak   [  26% ] 003/050 VUs  07m47.0s/30m0s  1.00 iters/s

running (07m48.0s), 003/050 VUs, 465 complete and 0 interrupted iterations
soak   [  26% ] 003/050 VUs  07m48.0s/30m0s  1.00 iters/s

running (07m49.0s), 004/050 VUs, 465 complete and 0 interrupted iterations
soak   [  26% ] 004/050 VUs  07m49.0s/30m0s  1.00 iters/s

running (07m50.0s), 005/050 VUs, 465 complete and 0 interrupted iterations
soak   [  26% ] 005/050 VUs  07m50.0s/30m0s  1.00 iters/s

running (07m51.0s), 003/050 VUs, 468 complete and 0 interrupted iterations
soak   [  26% ] 003/050 VUs  07m51.0s/30m0s  1.00 iters/s

running (07m52.0s), 004/050 VUs, 468 complete and 0 interrupted iterations
soak   [  26% ] 004/050 VUs  07m52.0s/30m0s  1.00 iters/s

running (07m53.0s), 004/050 VUs, 469 complete and 0 interrupted iterations
soak   [  26% ] 004/050 VUs  07m53.0s/30m0s  1.00 iters/s

running (07m54.0s), 005/050 VUs, 469 complete and 0 interrupted iterations
soak   [  26% ] 005/050 VUs  07m54.0s/30m0s  1.00 iters/s

running (07m55.0s), 004/050 VUs, 471 complete and 0 interrupted iterations
soak   [  26% ] 004/050 VUs  07m55.0s/30m0s  1.00 iters/s

running (07m56.0s), 005/050 VUs, 471 complete and 0 interrupted iterations
soak   [  26% ] 005/050 VUs  07m56.0s/30m0s  1.00 iters/s

running (07m57.0s), 004/050 VUs, 473 complete and 0 interrupted iterations
soak   [  26% ] 004/050 VUs  07m57.0s/30m0s  1.00 iters/s

running (07m58.0s), 004/050 VUs, 474 complete and 0 interrupted iterations
soak   [  27% ] 004/050 VUs  07m58.0s/30m0s  1.00 iters/s

running (07m59.0s), 004/050 VUs, 475 complete and 0 interrupted iterations
soak   [  27% ] 004/050 VUs  07m59.0s/30m0s  1.00 iters/s

running (08m00.0s), 005/050 VUs, 475 complete and 0 interrupted iterations
soak   [  27% ] 005/050 VUs  08m00.0s/30m0s  1.00 iters/s

running (08m01.0s), 005/050 VUs, 476 complete and 0 interrupted iterations
soak   [  27% ] 005/050 VUs  08m01.0s/30m0s  1.00 iters/s

running (08m02.0s), 005/050 VUs, 477 complete and 0 interrupted iterations
soak   [  27% ] 005/050 VUs  08m02.0s/30m0s  1.00 iters/s

running (08m03.0s), 005/050 VUs, 478 complete and 0 interrupted iterations
soak   [  27% ] 005/050 VUs  08m03.0s/30m0s  1.00 iters/s

running (08m04.0s), 004/050 VUs, 480 complete and 0 interrupted iterations
soak   [  27% ] 004/050 VUs  08m04.0s/30m0s  1.00 iters/s

running (08m05.0s), 004/050 VUs, 481 complete and 0 interrupted iterations
soak   [  27% ] 004/050 VUs  08m05.0s/30m0s  1.00 iters/s

running (08m06.0s), 005/050 VUs, 481 complete and 0 interrupted iterations
soak   [  27% ] 005/050 VUs  08m06.0s/30m0s  1.00 iters/s

running (08m07.0s), 005/050 VUs, 482 complete and 0 interrupted iterations
soak   [  27% ] 005/050 VUs  08m07.0s/30m0s  1.00 iters/s

running (08m08.0s), 004/050 VUs, 484 complete and 0 interrupted iterations
soak   [  27% ] 004/050 VUs  08m08.0s/30m0s  1.00 iters/s

running (08m09.0s), 004/050 VUs, 485 complete and 0 interrupted iterations
soak   [  27% ] 004/050 VUs  08m09.0s/30m0s  1.00 iters/s

running (08m10.0s), 004/050 VUs, 486 complete and 0 interrupted iterations
soak   [  27% ] 004/050 VUs  08m10.0s/30m0s  1.00 iters/s

running (08m11.0s), 004/050 VUs, 487 complete and 0 interrupted iterations
soak   [  27% ] 004/050 VUs  08m11.0s/30m0s  1.00 iters/s

running (08m12.0s), 004/050 VUs, 488 complete and 0 interrupted iterations
soak   [  27% ] 004/050 VUs  08m12.0s/30m0s  1.00 iters/s

running (08m13.0s), 005/050 VUs, 488 complete and 0 interrupted iterations
soak   [  27% ] 005/050 VUs  08m13.0s/30m0s  1.00 iters/s

running (08m14.0s), 004/050 VUs, 490 complete and 0 interrupted iterations
soak   [  27% ] 004/050 VUs  08m14.0s/30m0s  1.00 iters/s

running (08m15.0s), 004/050 VUs, 491 complete and 0 interrupted iterations
soak   [  27% ] 004/050 VUs  08m15.0s/30m0s  1.00 iters/s

running (08m16.0s), 005/050 VUs, 491 complete and 0 interrupted iterations
soak   [  28% ] 005/050 VUs  08m16.0s/30m0s  1.00 iters/s

running (08m17.0s), 005/050 VUs, 492 complete and 0 interrupted iterations
soak   [  28% ] 005/050 VUs  08m17.0s/30m0s  1.00 iters/s

running (08m18.0s), 005/050 VUs, 493 complete and 0 interrupted iterations
soak   [  28% ] 005/050 VUs  08m18.0s/30m0s  1.00 iters/s

running (08m19.0s), 006/050 VUs, 493 complete and 0 interrupted iterations
soak   [  28% ] 006/050 VUs  08m19.0s/30m0s  1.00 iters/s

running (08m20.0s), 007/050 VUs, 493 complete and 0 interrupted iterations
soak   [  28% ] 007/050 VUs  08m20.0s/30m0s  1.00 iters/s

running (08m21.0s), 004/050 VUs, 497 complete and 0 interrupted iterations
soak   [  28% ] 004/050 VUs  08m21.0s/30m0s  1.00 iters/s

running (08m22.0s), 004/050 VUs, 498 complete and 0 interrupted iterations
soak   [  28% ] 004/050 VUs  08m22.0s/30m0s  1.00 iters/s

running (08m23.0s), 005/050 VUs, 498 complete and 0 interrupted iterations
soak   [  28% ] 005/050 VUs  08m23.0s/30m0s  1.00 iters/s

running (08m24.0s), 005/050 VUs, 499 complete and 0 interrupted iterations
soak   [  28% ] 005/050 VUs  08m24.0s/30m0s  1.00 iters/s

running (08m25.0s), 004/050 VUs, 501 complete and 0 interrupted iterations
soak   [  28% ] 004/050 VUs  08m25.0s/30m0s  1.00 iters/s

running (08m26.0s), 004/050 VUs, 502 complete and 0 interrupted iterations
soak   [  28% ] 004/050 VUs  08m26.0s/30m0s  1.00 iters/s

running (08m27.0s), 005/050 VUs, 502 complete and 0 interrupted iterations
soak   [  28% ] 005/050 VUs  08m27.0s/30m0s  1.00 iters/s

running (08m28.0s), 004/050 VUs, 504 complete and 0 interrupted iterations
soak   [  28% ] 004/050 VUs  08m28.0s/30m0s  1.00 iters/s

running (08m29.0s), 004/050 VUs, 505 complete and 0 interrupted iterations
soak   [  28% ] 004/050 VUs  08m29.0s/30m0s  1.00 iters/s

running (08m30.0s), 005/050 VUs, 505 complete and 0 interrupted iterations
soak   [  28% ] 005/050 VUs  08m30.0s/30m0s  1.00 iters/s

running (08m31.0s), 004/050 VUs, 507 complete and 0 interrupted iterations
soak   [  28% ] 004/050 VUs  08m31.0s/30m0s  1.00 iters/s

running (08m32.0s), 004/050 VUs, 508 complete and 0 interrupted iterations
soak   [  28% ] 004/050 VUs  08m32.0s/30m0s  1.00 iters/s

running (08m33.0s), 004/050 VUs, 509 complete and 0 interrupted iterations
soak   [  28% ] 004/050 VUs  08m33.0s/30m0s  1.00 iters/s

running (08m34.0s), 005/050 VUs, 509 complete and 0 interrupted iterations
soak   [  29% ] 005/050 VUs  08m34.0s/30m0s  1.00 iters/s

running (08m35.0s), 005/050 VUs, 510 complete and 0 interrupted iterations
soak   [  29% ] 005/050 VUs  08m35.0s/30m0s  1.00 iters/s

running (08m36.0s), 004/050 VUs, 512 complete and 0 interrupted iterations
soak   [  29% ] 004/050 VUs  08m36.0s/30m0s  1.00 iters/s

running (08m37.0s), 004/050 VUs, 513 complete and 0 interrupted iterations
soak   [  29% ] 004/050 VUs  08m37.0s/30m0s  1.00 iters/s

running (08m38.0s), 005/050 VUs, 513 complete and 0 interrupted iterations
soak   [  29% ] 005/050 VUs  08m38.0s/30m0s  1.00 iters/s

running (08m39.0s), 005/050 VUs, 514 complete and 0 interrupted iterations
soak   [  29% ] 005/050 VUs  08m39.0s/30m0s  1.00 iters/s

running (08m40.0s), 005/050 VUs, 515 complete and 0 interrupted iterations
soak   [  29% ] 005/050 VUs  08m40.0s/30m0s  1.00 iters/s

running (08m41.0s), 005/050 VUs, 516 complete and 0 interrupted iterations
soak   [  29% ] 005/050 VUs  08m41.0s/30m0s  1.00 iters/s

running (08m42.0s), 004/050 VUs, 518 complete and 0 interrupted iterations
soak   [  29% ] 004/050 VUs  08m42.0s/30m0s  1.00 iters/s

running (08m43.0s), 005/050 VUs, 518 complete and 0 interrupted iterations
soak   [  29% ] 005/050 VUs  08m43.0s/30m0s  1.00 iters/s

running (08m44.0s), 005/050 VUs, 519 complete and 0 interrupted iterations
soak   [  29% ] 005/050 VUs  08m44.0s/30m0s  1.00 iters/s

running (08m45.0s), 005/050 VUs, 520 complete and 0 interrupted iterations
soak   [  29% ] 005/050 VUs  08m45.0s/30m0s  1.00 iters/s

running (08m46.0s), 005/050 VUs, 521 complete and 0 interrupted iterations
soak   [  29% ] 005/050 VUs  08m46.0s/30m0s  1.00 iters/s

running (08m47.0s), 005/050 VUs, 522 complete and 0 interrupted iterations
soak   [  29% ] 005/050 VUs  08m47.0s/30m0s  1.00 iters/s

running (08m48.0s), 006/050 VUs, 522 complete and 0 interrupted iterations
soak   [  29% ] 006/050 VUs  08m48.0s/30m0s  1.00 iters/s

running (08m49.0s), 005/050 VUs, 524 complete and 0 interrupted iterations
soak   [  29% ] 005/050 VUs  08m49.0s/30m0s  1.00 iters/s

running (08m50.0s), 004/050 VUs, 526 complete and 0 interrupted iterations
soak   [  29% ] 004/050 VUs  08m50.0s/30m0s  1.00 iters/s

running (08m51.0s), 005/050 VUs, 526 complete and 0 interrupted iterations
soak   [  29% ] 005/050 VUs  08m51.0s/30m0s  1.00 iters/s

running (08m52.0s), 005/050 VUs, 527 complete and 0 interrupted iterations
soak   [  30% ] 005/050 VUs  08m52.0s/30m0s  1.00 iters/s

running (08m53.0s), 004/050 VUs, 529 complete and 0 interrupted iterations
soak   [  30% ] 004/050 VUs  08m53.0s/30m0s  1.00 iters/s

running (08m54.0s), 003/050 VUs, 531 complete and 0 interrupted iterations
soak   [  30% ] 003/050 VUs  08m54.0s/30m0s  1.00 iters/s

running (08m55.0s), 004/050 VUs, 531 complete and 0 interrupted iterations
soak   [  30% ] 004/050 VUs  08m55.0s/30m0s  1.00 iters/s

running (08m56.0s), 004/050 VUs, 532 complete and 0 interrupted iterations
soak   [  30% ] 004/050 VUs  08m56.0s/30m0s  1.00 iters/s

running (08m57.0s), 004/050 VUs, 533 complete and 0 interrupted iterations
soak   [  30% ] 004/050 VUs  08m57.0s/30m0s  1.00 iters/s

running (08m58.0s), 004/050 VUs, 534 complete and 0 interrupted iterations
soak   [  30% ] 004/050 VUs  08m58.0s/30m0s  1.00 iters/s

running (08m59.0s), 004/050 VUs, 535 complete and 0 interrupted iterations
soak   [  30% ] 004/050 VUs  08m59.0s/30m0s  1.00 iters/s

running (09m00.0s), 004/050 VUs, 536 complete and 0 interrupted iterations
soak   [  30% ] 004/050 VUs  09m00.0s/30m0s  1.00 iters/s

running (09m01.0s), 004/050 VUs, 537 complete and 0 interrupted iterations
soak   [  30% ] 004/050 VUs  09m01.0s/30m0s  1.00 iters/s

running (09m02.0s), 005/050 VUs, 537 complete and 0 interrupted iterations
soak   [  30% ] 005/050 VUs  09m02.0s/30m0s  1.00 iters/s

running (09m03.0s), 003/050 VUs, 540 complete and 0 interrupted iterations
soak   [  30% ] 003/050 VUs  09m03.0s/30m0s  1.00 iters/s

running (09m04.0s), 004/050 VUs, 540 complete and 0 interrupted iterations
soak   [  30% ] 004/050 VUs  09m04.0s/30m0s  1.00 iters/s

running (09m05.0s), 004/050 VUs, 541 complete and 0 interrupted iterations
soak   [  30% ] 004/050 VUs  09m05.0s/30m0s  1.00 iters/s

running (09m06.0s), 005/050 VUs, 541 complete and 0 interrupted iterations
soak   [  30% ] 005/050 VUs  09m06.0s/30m0s  1.00 iters/s

running (09m07.0s), 005/050 VUs, 542 complete and 0 interrupted iterations
soak   [  30% ] 005/050 VUs  09m07.0s/30m0s  1.00 iters/s

running (09m08.0s), 005/050 VUs, 543 complete and 0 interrupted iterations
soak   [  30% ] 005/050 VUs  09m08.0s/30m0s  1.00 iters/s

running (09m09.0s), 004/050 VUs, 545 complete and 0 interrupted iterations
soak   [  30% ] 004/050 VUs  09m09.0s/30m0s  1.00 iters/s

running (09m10.0s), 004/050 VUs, 546 complete and 0 interrupted iterations
soak   [  31% ] 004/050 VUs  09m10.0s/30m0s  1.00 iters/s

running (09m11.0s), 004/050 VUs, 547 complete and 0 interrupted iterations
soak   [  31% ] 004/050 VUs  09m11.0s/30m0s  1.00 iters/s

running (09m12.0s), 005/050 VUs, 547 complete and 0 interrupted iterations
soak   [  31% ] 005/050 VUs  09m12.0s/30m0s  1.00 iters/s

running (09m13.0s), 003/050 VUs, 550 complete and 0 interrupted iterations
soak   [  31% ] 003/050 VUs  09m13.0s/30m0s  1.00 iters/s

running (09m14.0s), 004/050 VUs, 550 complete and 0 interrupted iterations
soak   [  31% ] 004/050 VUs  09m14.0s/30m0s  1.00 iters/s

running (09m15.0s), 004/050 VUs, 551 complete and 0 interrupted iterations
soak   [  31% ] 004/050 VUs  09m15.0s/30m0s  1.00 iters/s

running (09m16.0s), 004/050 VUs, 552 complete and 0 interrupted iterations
soak   [  31% ] 004/050 VUs  09m16.0s/30m0s  1.00 iters/s

running (09m17.0s), 003/050 VUs, 554 complete and 0 interrupted iterations
soak   [  31% ] 003/050 VUs  09m17.0s/30m0s  1.00 iters/s

running (09m18.0s), 004/050 VUs, 554 complete and 0 interrupted iterations
soak   [  31% ] 004/050 VUs  09m18.0s/30m0s  1.00 iters/s

running (09m19.0s), 004/050 VUs, 555 complete and 0 interrupted iterations
soak   [  31% ] 004/050 VUs  09m19.0s/30m0s  1.00 iters/s

running (09m20.0s), 004/050 VUs, 556 complete and 0 interrupted iterations
soak   [  31% ] 004/050 VUs  09m20.0s/30m0s  1.00 iters/s

running (09m21.0s), 004/050 VUs, 557 complete and 0 interrupted iterations
soak   [  31% ] 004/050 VUs  09m21.0s/30m0s  1.00 iters/s

running (09m22.0s), 005/050 VUs, 557 complete and 0 interrupted iterations
soak   [  31% ] 005/050 VUs  09m22.0s/30m0s  1.00 iters/s

running (09m23.0s), 003/050 VUs, 560 complete and 0 interrupted iterations
soak   [  31% ] 003/050 VUs  09m23.0s/30m0s  1.00 iters/s

running (09m24.0s), 003/050 VUs, 561 complete and 0 interrupted iterations
soak   [  31% ] 003/050 VUs  09m24.0s/30m0s  1.00 iters/s

running (09m25.0s), 004/050 VUs, 561 complete and 0 interrupted iterations
soak   [  31% ] 004/050 VUs  09m25.0s/30m0s  1.00 iters/s

running (09m26.0s), 004/050 VUs, 562 complete and 0 interrupted iterations
soak   [  31% ] 004/050 VUs  09m26.0s/30m0s  1.00 iters/s

running (09m27.0s), 003/050 VUs, 564 complete and 0 interrupted iterations
soak   [  31% ] 003/050 VUs  09m27.0s/30m0s  1.00 iters/s

running (09m28.0s), 003/050 VUs, 565 complete and 0 interrupted iterations
soak   [  32% ] 003/050 VUs  09m28.0s/30m0s  1.00 iters/s

running (09m29.0s), 004/050 VUs, 565 complete and 0 interrupted iterations
soak   [  32% ] 004/050 VUs  09m29.0s/30m0s  1.00 iters/s

running (09m30.0s), 004/050 VUs, 566 complete and 0 interrupted iterations
soak   [  32% ] 004/050 VUs  09m30.0s/30m0s  1.00 iters/s

running (09m31.0s), 005/050 VUs, 566 complete and 0 interrupted iterations
soak   [  32% ] 005/050 VUs  09m31.0s/30m0s  1.00 iters/s

running (09m32.0s), 005/050 VUs, 567 complete and 0 interrupted iterations
soak   [  32% ] 005/050 VUs  09m32.0s/30m0s  1.00 iters/s

running (09m33.0s), 004/050 VUs, 569 complete and 0 interrupted iterations
soak   [  32% ] 004/050 VUs  09m33.0s/30m0s  1.00 iters/s

running (09m34.0s), 004/050 VUs, 570 complete and 0 interrupted iterations
soak   [  32% ] 004/050 VUs  09m34.0s/30m0s  1.00 iters/s

running (09m35.0s), 003/050 VUs, 572 complete and 0 interrupted iterations
soak   [  32% ] 003/050 VUs  09m35.0s/30m0s  1.00 iters/s

running (09m36.0s), 004/050 VUs, 572 complete and 0 interrupted iterations
soak   [  32% ] 004/050 VUs  09m36.0s/30m0s  1.00 iters/s

running (09m37.0s), 005/050 VUs, 572 complete and 0 interrupted iterations
soak   [  32% ] 005/050 VUs  09m37.0s/30m0s  1.00 iters/s

running (09m38.0s), 005/050 VUs, 573 complete and 0 interrupted iterations
soak   [  32% ] 005/050 VUs  09m38.0s/30m0s  1.00 iters/s

running (09m39.0s), 005/050 VUs, 574 complete and 0 interrupted iterations
soak   [  32% ] 005/050 VUs  09m39.0s/30m0s  1.00 iters/s

running (09m40.0s), 004/050 VUs, 576 complete and 0 interrupted iterations
soak   [  32% ] 004/050 VUs  09m40.0s/30m0s  1.00 iters/s

running (09m41.0s), 004/050 VUs, 577 complete and 0 interrupted iterations
soak   [  32% ] 004/050 VUs  09m41.0s/30m0s  1.00 iters/s

running (09m42.0s), 004/050 VUs, 578 complete and 0 interrupted iterations
soak   [  32% ] 004/050 VUs  09m42.0s/30m0s  1.00 iters/s

running (09m43.0s), 004/050 VUs, 579 complete and 0 interrupted iterations
soak   [  32% ] 004/050 VUs  09m43.0s/30m0s  1.00 iters/s

running (09m44.0s), 005/050 VUs, 579 complete and 0 interrupted iterations
soak   [  32% ] 005/050 VUs  09m44.0s/30m0s  1.00 iters/s

running (09m45.0s), 004/050 VUs, 581 complete and 0 interrupted iterations
soak   [  32% ] 004/050 VUs  09m45.0s/30m0s  1.00 iters/s

running (09m46.0s), 004/050 VUs, 582 complete and 0 interrupted iterations
soak   [  33% ] 004/050 VUs  09m46.0s/30m0s  1.00 iters/s

running (09m47.0s), 004/050 VUs, 583 complete and 0 interrupted iterations
soak   [  33% ] 004/050 VUs  09m47.0s/30m0s  1.00 iters/s

running (09m48.0s), 005/050 VUs, 583 complete and 0 interrupted iterations
soak   [  33% ] 005/050 VUs  09m48.0s/30m0s  1.00 iters/s

running (09m49.0s), 005/050 VUs, 584 complete and 0 interrupted iterations
soak   [  33% ] 005/050 VUs  09m49.0s/30m0s  1.00 iters/s

running (09m50.0s), 005/050 VUs, 585 complete and 0 interrupted iterations
soak   [  33% ] 005/050 VUs  09m50.0s/30m0s  1.00 iters/s

running (09m51.0s), 005/050 VUs, 586 complete and 0 interrupted iterations
soak   [  33% ] 005/050 VUs  09m51.0s/30m0s  1.00 iters/s

running (09m52.0s), 005/050 VUs, 587 complete and 0 interrupted iterations
soak   [  33% ] 005/050 VUs  09m52.0s/30m0s  1.00 iters/s

running (09m53.0s), 005/050 VUs, 588 complete and 0 interrupted iterations
soak   [  33% ] 005/050 VUs  09m53.0s/30m0s  1.00 iters/s

running (09m54.0s), 004/050 VUs, 590 complete and 0 interrupted iterations
soak   [  33% ] 004/050 VUs  09m54.0s/30m0s  1.00 iters/s

running (09m55.0s), 004/050 VUs, 591 complete and 0 interrupted iterations
soak   [  33% ] 004/050 VUs  09m55.0s/30m0s  1.00 iters/s

running (09m56.0s), 003/050 VUs, 593 complete and 0 interrupted iterations
soak   [  33% ] 003/050 VUs  09m56.0s/30m0s  1.00 iters/s

running (09m57.0s), 004/050 VUs, 593 complete and 0 interrupted iterations
soak   [  33% ] 004/050 VUs  09m57.0s/30m0s  1.00 iters/s

running (09m58.0s), 005/050 VUs, 593 complete and 0 interrupted iterations
soak   [  33% ] 005/050 VUs  09m58.0s/30m0s  1.00 iters/s

running (09m59.0s), 005/050 VUs, 594 complete and 0 interrupted iterations
soak   [  33% ] 005/050 VUs  09m59.0s/30m0s  1.00 iters/s

running (10m00.0s), 006/050 VUs, 594 complete and 0 interrupted iterations
soak   [  33% ] 006/050 VUs  10m00.0s/30m0s  1.00 iters/s

running (10m01.0s), 006/050 VUs, 595 complete and 0 interrupted iterations
soak   [  33% ] 006/050 VUs  10m01.0s/30m0s  1.00 iters/s

running (10m02.0s), 007/050 VUs, 595 complete and 0 interrupted iterations
soak   [  33% ] 007/050 VUs  10m02.0s/30m0s  1.00 iters/s

running (10m03.0s), 005/050 VUs, 598 complete and 0 interrupted iterations
soak   [  33% ] 005/050 VUs  10m03.0s/30m0s  1.00 iters/s

running (10m04.0s), 004/050 VUs, 600 complete and 0 interrupted iterations
soak   [  34% ] 004/050 VUs  10m04.0s/30m0s  1.00 iters/s

running (10m05.0s), 004/050 VUs, 601 complete and 0 interrupted iterations
soak   [  34% ] 004/050 VUs  10m05.0s/30m0s  1.00 iters/s

running (10m06.0s), 004/050 VUs, 602 complete and 0 interrupted iterations
soak   [  34% ] 004/050 VUs  10m06.0s/30m0s  1.00 iters/s

running (10m07.0s), 005/050 VUs, 602 complete and 0 interrupted iterations
soak   [  34% ] 005/050 VUs  10m07.0s/30m0s  1.00 iters/s

running (10m08.0s), 004/050 VUs, 604 complete and 0 interrupted iterations
soak   [  34% ] 004/050 VUs  10m08.0s/30m0s  1.00 iters/s

running (10m09.0s), 004/050 VUs, 605 complete and 0 interrupted iterations
soak   [  34% ] 004/050 VUs  10m09.0s/30m0s  1.00 iters/s

running (10m10.0s), 004/050 VUs, 606 complete and 0 interrupted iterations
soak   [  34% ] 004/050 VUs  10m10.0s/30m0s  1.00 iters/s

running (10m11.0s), 004/050 VUs, 607 complete and 0 interrupted iterations
soak   [  34% ] 004/050 VUs  10m11.0s/30m0s  1.00 iters/s

running (10m12.0s), 004/050 VUs, 608 complete and 0 interrupted iterations
soak   [  34% ] 004/050 VUs  10m12.0s/30m0s  1.00 iters/s

running (10m13.0s), 005/050 VUs, 608 complete and 0 interrupted iterations
soak   [  34% ] 005/050 VUs  10m13.0s/30m0s  1.00 iters/s

running (10m14.0s), 003/050 VUs, 611 complete and 0 interrupted iterations
soak   [  34% ] 003/050 VUs  10m14.0s/30m0s  1.00 iters/s

running (10m15.0s), 004/050 VUs, 611 complete and 0 interrupted iterations
soak   [  34% ] 004/050 VUs  10m15.0s/30m0s  1.00 iters/s

running (10m16.0s), 004/050 VUs, 612 complete and 0 interrupted iterations
soak   [  34% ] 004/050 VUs  10m16.0s/30m0s  1.00 iters/s

running (10m17.0s), 004/050 VUs, 613 complete and 0 interrupted iterations
soak   [  34% ] 004/050 VUs  10m17.0s/30m0s  1.00 iters/s

running (10m18.0s), 004/050 VUs, 614 complete and 0 interrupted iterations
soak   [  34% ] 004/050 VUs  10m18.0s/30m0s  1.00 iters/s

running (10m19.0s), 005/050 VUs, 614 complete and 0 interrupted iterations
soak   [  34% ] 005/050 VUs  10m19.0s/30m0s  1.00 iters/s

running (10m20.0s), 004/050 VUs, 616 complete and 0 interrupted iterations
soak   [  34% ] 004/050 VUs  10m20.0s/30m0s  1.00 iters/s

running (10m21.0s), 004/050 VUs, 617 complete and 0 interrupted iterations
soak   [  34% ] 004/050 VUs  10m21.0s/30m0s  1.00 iters/s

running (10m22.0s), 004/050 VUs, 618 complete and 0 interrupted iterations
soak   [  35% ] 004/050 VUs  10m22.0s/30m0s  1.00 iters/s

running (10m23.0s), 005/050 VUs, 618 complete and 0 interrupted iterations
soak   [  35% ] 005/050 VUs  10m23.0s/30m0s  1.00 iters/s

running (10m24.0s), 003/050 VUs, 621 complete and 0 interrupted iterations
soak   [  35% ] 003/050 VUs  10m24.0s/30m0s  1.00 iters/s

running (10m25.0s), 003/050 VUs, 622 complete and 0 interrupted iterations
soak   [  35% ] 003/050 VUs  10m25.0s/30m0s  1.00 iters/s

running (10m26.0s), 004/050 VUs, 622 complete and 0 interrupted iterations
soak   [  35% ] 004/050 VUs  10m26.0s/30m0s  1.00 iters/s

running (10m27.0s), 004/050 VUs, 623 complete and 0 interrupted iterations
soak   [  35% ] 004/050 VUs  10m27.0s/30m0s  1.00 iters/s

running (10m28.0s), 004/050 VUs, 624 complete and 0 interrupted iterations
soak   [  35% ] 004/050 VUs  10m28.0s/30m0s  1.00 iters/s

running (10m29.0s), 003/050 VUs, 626 complete and 0 interrupted iterations
soak   [  35% ] 003/050 VUs  10m29.0s/30m0s  1.00 iters/s

running (10m30.0s), 004/050 VUs, 626 complete and 0 interrupted iterations
soak   [  35% ] 004/050 VUs  10m30.0s/30m0s  1.00 iters/s

running (10m31.0s), 003/050 VUs, 628 complete and 0 interrupted iterations
soak   [  35% ] 003/050 VUs  10m31.0s/30m0s  1.00 iters/s

running (10m32.0s), 004/050 VUs, 628 complete and 0 interrupted iterations
soak   [  35% ] 004/050 VUs  10m32.0s/30m0s  1.00 iters/s

running (10m33.0s), 004/050 VUs, 629 complete and 0 interrupted iterations
soak   [  35% ] 004/050 VUs  10m33.0s/30m0s  1.00 iters/s

running (10m34.0s), 005/050 VUs, 629 complete and 0 interrupted iterations
soak   [  35% ] 005/050 VUs  10m34.0s/30m0s  1.00 iters/s

running (10m35.0s), 004/050 VUs, 631 complete and 0 interrupted iterations
soak   [  35% ] 004/050 VUs  10m35.0s/30m0s  1.00 iters/s

running (10m36.0s), 004/050 VUs, 632 complete and 0 interrupted iterations
soak   [  35% ] 004/050 VUs  10m36.0s/30m0s  1.00 iters/s

running (10m37.0s), 004/050 VUs, 633 complete and 0 interrupted iterations
soak   [  35% ] 004/050 VUs  10m37.0s/30m0s  1.00 iters/s

running (10m38.0s), 005/050 VUs, 633 complete and 0 interrupted iterations
soak   [  35% ] 005/050 VUs  10m38.0s/30m0s  1.00 iters/s

running (10m39.0s), 005/050 VUs, 634 complete and 0 interrupted iterations
soak   [  35% ] 005/050 VUs  10m39.0s/30m0s  1.00 iters/s

running (10m40.0s), 004/050 VUs, 636 complete and 0 interrupted iterations
soak   [  36% ] 004/050 VUs  10m40.0s/30m0s  1.00 iters/s

running (10m41.0s), 004/050 VUs, 637 complete and 0 interrupted iterations
soak   [  36% ] 004/050 VUs  10m41.0s/30m0s  1.00 iters/s

running (10m42.0s), 004/050 VUs, 638 complete and 0 interrupted iterations
soak   [  36% ] 004/050 VUs  10m42.0s/30m0s  1.00 iters/s

running (10m43.0s), 004/050 VUs, 639 complete and 0 interrupted iterations
soak   [  36% ] 004/050 VUs  10m43.0s/30m0s  1.00 iters/s

running (10m44.0s), 005/050 VUs, 639 complete and 0 interrupted iterations
soak   [  36% ] 005/050 VUs  10m44.0s/30m0s  1.00 iters/s

running (10m45.0s), 004/050 VUs, 641 complete and 0 interrupted iterations
soak   [  36% ] 004/050 VUs  10m45.0s/30m0s  1.00 iters/s

running (10m46.0s), 004/050 VUs, 642 complete and 0 interrupted iterations
soak   [  36% ] 004/050 VUs  10m46.0s/30m0s  1.00 iters/s

running (10m47.0s), 005/050 VUs, 642 complete and 0 interrupted iterations
soak   [  36% ] 005/050 VUs  10m47.0s/30m0s  1.00 iters/s

running (10m48.0s), 005/050 VUs, 643 complete and 0 interrupted iterations
soak   [  36% ] 005/050 VUs  10m48.0s/30m0s  1.00 iters/s

running (10m49.0s), 004/050 VUs, 645 complete and 0 interrupted iterations
soak   [  36% ] 004/050 VUs  10m49.0s/30m0s  1.00 iters/s

running (10m50.0s), 004/050 VUs, 646 complete and 0 interrupted iterations
soak   [  36% ] 004/050 VUs  10m50.0s/30m0s  1.00 iters/s

running (10m51.0s), 004/050 VUs, 647 complete and 0 interrupted iterations
soak   [  36% ] 004/050 VUs  10m51.0s/30m0s  1.00 iters/s

running (10m52.0s), 004/050 VUs, 648 complete and 0 interrupted iterations
soak   [  36% ] 004/050 VUs  10m52.0s/30m0s  1.00 iters/s

running (10m53.0s), 004/050 VUs, 649 complete and 0 interrupted iterations
soak   [  36% ] 004/050 VUs  10m53.0s/30m0s  1.00 iters/s

running (10m54.0s), 004/050 VUs, 650 complete and 0 interrupted iterations
soak   [  36% ] 004/050 VUs  10m54.0s/30m0s  1.00 iters/s

running (10m55.0s), 005/050 VUs, 650 complete and 0 interrupted iterations
soak   [  36% ] 005/050 VUs  10m55.0s/30m0s  1.00 iters/s

running (10m56.0s), 003/050 VUs, 653 complete and 0 interrupted iterations
soak   [  36% ] 003/050 VUs  10m56.0s/30m0s  1.00 iters/s

running (10m57.0s), 004/050 VUs, 653 complete and 0 interrupted iterations
soak   [  36% ] 004/050 VUs  10m57.0s/30m0s  1.00 iters/s

running (10m58.0s), 004/050 VUs, 654 complete and 0 interrupted iterations
soak   [  37% ] 004/050 VUs  10m58.0s/30m0s  1.00 iters/s

running (10m59.0s), 004/050 VUs, 655 complete and 0 interrupted iterations
soak   [  37% ] 004/050 VUs  10m59.0s/30m0s  1.00 iters/s

running (11m00.0s), 005/050 VUs, 655 complete and 0 interrupted iterations
soak   [  37% ] 005/050 VUs  11m00.0s/30m0s  1.00 iters/s

running (11m01.0s), 004/050 VUs, 657 complete and 0 interrupted iterations
soak   [  37% ] 004/050 VUs  11m01.0s/30m0s  1.00 iters/s

running (11m02.0s), 004/050 VUs, 658 complete and 0 interrupted iterations
soak   [  37% ] 004/050 VUs  11m02.0s/30m0s  1.00 iters/s

running (11m03.0s), 003/050 VUs, 660 complete and 0 interrupted iterations
soak   [  37% ] 003/050 VUs  11m03.0s/30m0s  1.00 iters/s

running (11m04.0s), 004/050 VUs, 660 complete and 0 interrupted iterations
soak   [  37% ] 004/050 VUs  11m04.0s/30m0s  1.00 iters/s

running (11m05.0s), 005/050 VUs, 660 complete and 0 interrupted iterations
soak   [  37% ] 005/050 VUs  11m05.0s/30m0s  1.00 iters/s

running (11m06.0s), 003/050 VUs, 663 complete and 0 interrupted iterations
soak   [  37% ] 003/050 VUs  11m06.0s/30m0s  1.00 iters/s

running (11m07.0s), 003/050 VUs, 664 complete and 0 interrupted iterations
soak   [  37% ] 003/050 VUs  11m07.0s/30m0s  1.00 iters/s

running (11m08.0s), 004/050 VUs, 664 complete and 0 interrupted iterations
soak   [  37% ] 004/050 VUs  11m08.0s/30m0s  1.00 iters/s

running (11m09.0s), 004/050 VUs, 665 complete and 0 interrupted iterations
soak   [  37% ] 004/050 VUs  11m09.0s/30m0s  1.00 iters/s

running (11m10.0s), 003/050 VUs, 667 complete and 0 interrupted iterations
soak   [  37% ] 003/050 VUs  11m10.0s/30m0s  1.00 iters/s

running (11m11.0s), 003/050 VUs, 668 complete and 0 interrupted iterations
soak   [  37% ] 003/050 VUs  11m11.0s/30m0s  1.00 iters/s

running (11m12.0s), 004/050 VUs, 668 complete and 0 interrupted iterations
soak   [  37% ] 004/050 VUs  11m12.0s/30m0s  1.00 iters/s

running (11m13.0s), 004/050 VUs, 669 complete and 0 interrupted iterations
soak   [  37% ] 004/050 VUs  11m13.0s/30m0s  1.00 iters/s

running (11m14.0s), 004/050 VUs, 670 complete and 0 interrupted iterations
soak   [  37% ] 004/050 VUs  11m14.0s/30m0s  1.00 iters/s

running (11m15.0s), 003/050 VUs, 672 complete and 0 interrupted iterations
soak   [  37% ] 003/050 VUs  11m15.0s/30m0s  1.00 iters/s

running (11m16.0s), 003/050 VUs, 673 complete and 0 interrupted iterations
soak   [  38% ] 003/050 VUs  11m16.0s/30m0s  1.00 iters/s

running (11m17.0s), 004/050 VUs, 673 complete and 0 interrupted iterations
soak   [  38% ] 004/050 VUs  11m17.0s/30m0s  1.00 iters/s

running (11m18.0s), 003/050 VUs, 675 complete and 0 interrupted iterations
soak   [  38% ] 003/050 VUs  11m18.0s/30m0s  1.00 iters/s

running (11m19.0s), 004/050 VUs, 675 complete and 0 interrupted iterations
soak   [  38% ] 004/050 VUs  11m19.0s/30m0s  1.00 iters/s

running (11m20.0s), 005/050 VUs, 675 complete and 0 interrupted iterations
soak   [  38% ] 005/050 VUs  11m20.0s/30m0s  1.00 iters/s

running (11m21.0s), 005/050 VUs, 676 complete and 0 interrupted iterations
soak   [  38% ] 005/050 VUs  11m21.0s/30m0s  1.00 iters/s

running (11m22.0s), 004/050 VUs, 678 complete and 0 interrupted iterations
soak   [  38% ] 004/050 VUs  11m22.0s/30m0s  1.00 iters/s

running (11m23.0s), 004/050 VUs, 679 complete and 0 interrupted iterations
soak   [  38% ] 004/050 VUs  11m23.0s/30m0s  1.00 iters/s

running (11m24.0s), 005/050 VUs, 679 complete and 0 interrupted iterations
soak   [  38% ] 005/050 VUs  11m24.0s/30m0s  1.00 iters/s

running (11m25.0s), 006/050 VUs, 679 complete and 0 interrupted iterations
soak   [  38% ] 006/050 VUs  11m25.0s/30m0s  1.00 iters/s

running (11m26.0s), 004/050 VUs, 682 complete and 0 interrupted iterations
soak   [  38% ] 004/050 VUs  11m26.0s/30m0s  1.00 iters/s

running (11m27.0s), 003/050 VUs, 684 complete and 0 interrupted iterations
soak   [  38% ] 003/050 VUs  11m27.0s/30m0s  1.00 iters/s

running (11m28.0s), 004/050 VUs, 684 complete and 0 interrupted iterations
soak   [  38% ] 004/050 VUs  11m28.0s/30m0s  1.00 iters/s

running (11m29.0s), 004/050 VUs, 685 complete and 0 interrupted iterations
soak   [  38% ] 004/050 VUs  11m29.0s/30m0s  1.00 iters/s

running (11m30.0s), 004/050 VUs, 686 complete and 0 interrupted iterations
soak   [  38% ] 004/050 VUs  11m30.0s/30m0s  1.00 iters/s

running (11m31.0s), 003/050 VUs, 688 complete and 0 interrupted iterations
soak   [  38% ] 003/050 VUs  11m31.0s/30m0s  1.00 iters/s

running (11m32.0s), 004/050 VUs, 688 complete and 0 interrupted iterations
soak   [  38% ] 004/050 VUs  11m32.0s/30m0s  1.00 iters/s

running (11m33.0s), 003/050 VUs, 690 complete and 0 interrupted iterations
soak   [  38% ] 003/050 VUs  11m33.0s/30m0s  1.00 iters/s

running (11m34.0s), 003/050 VUs, 691 complete and 0 interrupted iterations
soak   [  39% ] 003/050 VUs  11m34.0s/30m0s  1.00 iters/s

running (11m35.0s), 003/050 VUs, 692 complete and 0 interrupted iterations
soak   [  39% ] 003/050 VUs  11m35.0s/30m0s  1.00 iters/s

running (11m36.0s), 004/050 VUs, 692 complete and 0 interrupted iterations
soak   [  39% ] 004/050 VUs  11m36.0s/30m0s  1.00 iters/s

running (11m37.0s), 004/050 VUs, 693 complete and 0 interrupted iterations
soak   [  39% ] 004/050 VUs  11m37.0s/30m0s  1.00 iters/s

running (11m38.0s), 005/050 VUs, 693 complete and 0 interrupted iterations
soak   [  39% ] 005/050 VUs  11m38.0s/30m0s  1.00 iters/s

running (11m39.0s), 005/050 VUs, 694 complete and 0 interrupted iterations
soak   [  39% ] 005/050 VUs  11m39.0s/30m0s  1.00 iters/s

running (11m40.0s), 004/050 VUs, 696 complete and 0 interrupted iterations
soak   [  39% ] 004/050 VUs  11m40.0s/30m0s  1.00 iters/s

running (11m41.0s), 004/050 VUs, 697 complete and 0 interrupted iterations
soak   [  39% ] 004/050 VUs  11m41.0s/30m0s  1.00 iters/s

running (11m42.0s), 004/050 VUs, 698 complete and 0 interrupted iterations
soak   [  39% ] 004/050 VUs  11m42.0s/30m0s  1.00 iters/s

running (11m43.0s), 004/050 VUs, 699 complete and 0 interrupted iterations
soak   [  39% ] 004/050 VUs  11m43.0s/30m0s  1.00 iters/s

running (11m44.0s), 004/050 VUs, 700 complete and 0 interrupted iterations
soak   [  39% ] 004/050 VUs  11m44.0s/30m0s  1.00 iters/s

running (11m45.0s), 003/050 VUs, 702 complete and 0 interrupted iterations
soak   [  39% ] 003/050 VUs  11m45.0s/30m0s  1.00 iters/s

running (11m46.0s), 003/050 VUs, 703 complete and 0 interrupted iterations
soak   [  39% ] 003/050 VUs  11m46.0s/30m0s  1.00 iters/s

running (11m47.0s), 004/050 VUs, 703 complete and 0 interrupted iterations
soak   [  39% ] 004/050 VUs  11m47.0s/30m0s  1.00 iters/s

running (11m48.0s), 004/050 VUs, 704 complete and 0 interrupted iterations
soak   [  39% ] 004/050 VUs  11m48.0s/30m0s  1.00 iters/s

running (11m49.0s), 004/050 VUs, 705 complete and 0 interrupted iterations
soak   [  39% ] 004/050 VUs  11m49.0s/30m0s  1.00 iters/s

running (11m50.0s), 004/050 VUs, 706 complete and 0 interrupted iterations
soak   [  39% ] 004/050 VUs  11m50.0s/30m0s  1.00 iters/s

running (11m51.0s), 004/050 VUs, 707 complete and 0 interrupted iterations
soak   [  39% ] 004/050 VUs  11m51.0s/30m0s  1.00 iters/s

running (11m52.0s), 004/050 VUs, 708 complete and 0 interrupted iterations
soak   [  40% ] 004/050 VUs  11m52.0s/30m0s  1.00 iters/s

running (11m53.0s), 004/050 VUs, 709 complete and 0 interrupted iterations
soak   [  40% ] 004/050 VUs  11m53.0s/30m0s  1.00 iters/s

running (11m54.0s), 003/050 VUs, 711 complete and 0 interrupted iterations
soak   [  40% ] 003/050 VUs  11m54.0s/30m0s  1.00 iters/s

running (11m55.0s), 004/050 VUs, 711 complete and 0 interrupted iterations
soak   [  40% ] 004/050 VUs  11m55.0s/30m0s  1.00 iters/s

running (11m56.0s), 004/050 VUs, 712 complete and 0 interrupted iterations
soak   [  40% ] 004/050 VUs  11m56.0s/30m0s  1.00 iters/s

running (11m57.0s), 004/050 VUs, 713 complete and 0 interrupted iterations
soak   [  40% ] 004/050 VUs  11m57.0s/30m0s  1.00 iters/s

running (11m58.0s), 004/050 VUs, 714 complete and 0 interrupted iterations
soak   [  40% ] 004/050 VUs  11m58.0s/30m0s  1.00 iters/s

running (11m59.0s), 005/050 VUs, 714 complete and 0 interrupted iterations
soak   [  40% ] 005/050 VUs  11m59.0s/30m0s  1.00 iters/s

running (12m00.0s), 004/050 VUs, 716 complete and 0 interrupted iterations
soak   [  40% ] 004/050 VUs  12m00.0s/30m0s  1.00 iters/s

running (12m01.0s), 003/050 VUs, 718 complete and 0 interrupted iterations
soak   [  40% ] 003/050 VUs  12m01.0s/30m0s  1.00 iters/s

running (12m02.0s), 003/050 VUs, 719 complete and 0 interrupted iterations
soak   [  40% ] 003/050 VUs  12m02.0s/30m0s  1.00 iters/s

running (12m03.0s), 004/050 VUs, 719 complete and 0 interrupted iterations
soak   [  40% ] 004/050 VUs  12m03.0s/30m0s  1.00 iters/s

running (12m04.0s), 003/050 VUs, 721 complete and 0 interrupted iterations
soak   [  40% ] 003/050 VUs  12m04.0s/30m0s  1.00 iters/s

running (12m05.0s), 003/050 VUs, 722 complete and 0 interrupted iterations
soak   [  40% ] 003/050 VUs  12m05.0s/30m0s  1.00 iters/s

running (12m06.0s), 003/050 VUs, 723 complete and 0 interrupted iterations
soak   [  40% ] 003/050 VUs  12m06.0s/30m0s  1.00 iters/s

running (12m07.0s), 004/050 VUs, 723 complete and 0 interrupted iterations
soak   [  40% ] 004/050 VUs  12m07.0s/30m0s  1.00 iters/s

running (12m08.0s), 004/050 VUs, 724 complete and 0 interrupted iterations
soak   [  40% ] 004/050 VUs  12m08.0s/30m0s  1.00 iters/s

running (12m09.0s), 004/050 VUs, 725 complete and 0 interrupted iterations
soak   [  40% ] 004/050 VUs  12m09.0s/30m0s  1.00 iters/s

running (12m10.0s), 003/050 VUs, 727 complete and 0 interrupted iterations
soak   [  41% ] 003/050 VUs  12m10.0s/30m0s  1.00 iters/s

running (12m11.0s), 004/050 VUs, 727 complete and 0 interrupted iterations
soak   [  41% ] 004/050 VUs  12m11.0s/30m0s  1.00 iters/s

running (12m12.0s), 004/050 VUs, 728 complete and 0 interrupted iterations
soak   [  41% ] 004/050 VUs  12m12.0s/30m0s  1.00 iters/s

running (12m13.0s), 004/050 VUs, 729 complete and 0 interrupted iterations
soak   [  41% ] 004/050 VUs  12m13.0s/30m0s  1.00 iters/s

running (12m14.0s), 004/050 VUs, 730 complete and 0 interrupted iterations
soak   [  41% ] 004/050 VUs  12m14.0s/30m0s  1.00 iters/s

running (12m15.0s), 005/050 VUs, 730 complete and 0 interrupted iterations
soak   [  41% ] 005/050 VUs  12m15.0s/30m0s  1.00 iters/s

running (12m16.0s), 006/050 VUs, 730 complete and 0 interrupted iterations
soak   [  41% ] 006/050 VUs  12m16.0s/30m0s  1.00 iters/s

running (12m17.0s), 004/050 VUs, 733 complete and 0 interrupted iterations
soak   [  41% ] 004/050 VUs  12m17.0s/30m0s  1.00 iters/s

running (12m18.0s), 005/050 VUs, 733 complete and 0 interrupted iterations
soak   [  41% ] 005/050 VUs  12m18.0s/30m0s  1.00 iters/s

running (12m19.0s), 004/050 VUs, 735 complete and 0 interrupted iterations
soak   [  41% ] 004/050 VUs  12m19.0s/30m0s  1.00 iters/s

running (12m20.0s), 004/050 VUs, 736 complete and 0 interrupted iterations
soak   [  41% ] 004/050 VUs  12m20.0s/30m0s  1.00 iters/s

running (12m21.0s), 004/050 VUs, 737 complete and 0 interrupted iterations
soak   [  41% ] 004/050 VUs  12m21.0s/30m0s  1.00 iters/s

running (12m22.0s), 004/050 VUs, 738 complete and 0 interrupted iterations
soak   [  41% ] 004/050 VUs  12m22.0s/30m0s  1.00 iters/s

running (12m23.0s), 005/050 VUs, 738 complete and 0 interrupted iterations
soak   [  41% ] 005/050 VUs  12m23.0s/30m0s  1.00 iters/s

running (12m24.0s), 005/050 VUs, 739 complete and 0 interrupted iterations
soak   [  41% ] 005/050 VUs  12m24.0s/30m0s  1.00 iters/s

running (12m25.0s), 004/050 VUs, 741 complete and 0 interrupted iterations
soak   [  41% ] 004/050 VUs  12m25.0s/30m0s  1.00 iters/s

running (12m26.0s), 004/050 VUs, 742 complete and 0 interrupted iterations
soak   [  41% ] 004/050 VUs  12m26.0s/30m0s  1.00 iters/s

running (12m27.0s), 004/050 VUs, 743 complete and 0 interrupted iterations
soak   [  41% ] 004/050 VUs  12m27.0s/30m0s  1.00 iters/s

running (12m28.0s), 004/050 VUs, 744 complete and 0 interrupted iterations
soak   [  42% ] 004/050 VUs  12m28.0s/30m0s  1.00 iters/s

running (12m29.0s), 004/050 VUs, 745 complete and 0 interrupted iterations
soak   [  42% ] 004/050 VUs  12m29.0s/30m0s  1.00 iters/s

running (12m30.0s), 005/050 VUs, 745 complete and 0 interrupted iterations
soak   [  42% ] 005/050 VUs  12m30.0s/30m0s  1.00 iters/s

running (12m31.0s), 004/050 VUs, 747 complete and 0 interrupted iterations
soak   [  42% ] 004/050 VUs  12m31.0s/30m0s  1.00 iters/s

running (12m32.0s), 003/050 VUs, 749 complete and 0 interrupted iterations
soak   [  42% ] 003/050 VUs  12m32.0s/30m0s  1.00 iters/s

running (12m33.0s), 004/050 VUs, 749 complete and 0 interrupted iterations
soak   [  42% ] 004/050 VUs  12m33.0s/30m0s  1.00 iters/s

running (12m34.0s), 004/050 VUs, 750 complete and 0 interrupted iterations
soak   [  42% ] 004/050 VUs  12m34.0s/30m0s  1.00 iters/s

running (12m35.0s), 003/050 VUs, 752 complete and 0 interrupted iterations
soak   [  42% ] 003/050 VUs  12m35.0s/30m0s  1.00 iters/s

running (12m36.0s), 004/050 VUs, 752 complete and 0 interrupted iterations
soak   [  42% ] 004/050 VUs  12m36.0s/30m0s  1.00 iters/s

running (12m37.0s), 004/050 VUs, 753 complete and 0 interrupted iterations
soak   [  42% ] 004/050 VUs  12m37.0s/30m0s  1.00 iters/s

running (12m38.0s), 004/050 VUs, 754 complete and 0 interrupted iterations
soak   [  42% ] 004/050 VUs  12m38.0s/30m0s  1.00 iters/s

running (12m39.0s), 004/050 VUs, 755 complete and 0 interrupted iterations
soak   [  42% ] 004/050 VUs  12m39.0s/30m0s  1.00 iters/s

running (12m40.0s), 004/050 VUs, 756 complete and 0 interrupted iterations
soak   [  42% ] 004/050 VUs  12m40.0s/30m0s  1.00 iters/s

running (12m41.0s), 004/050 VUs, 757 complete and 0 interrupted iterations
soak   [  42% ] 004/050 VUs  12m41.0s/30m0s  1.00 iters/s

running (12m42.0s), 004/050 VUs, 758 complete and 0 interrupted iterations
soak   [  42% ] 004/050 VUs  12m42.0s/30m0s  1.00 iters/s

running (12m43.0s), 005/050 VUs, 758 complete and 0 interrupted iterations
soak   [  42% ] 005/050 VUs  12m43.0s/30m0s  1.00 iters/s

running (12m44.0s), 005/050 VUs, 759 complete and 0 interrupted iterations
soak   [  42% ] 005/050 VUs  12m44.0s/30m0s  1.00 iters/s

running (12m45.0s), 004/050 VUs, 761 complete and 0 interrupted iterations
soak   [  42% ] 004/050 VUs  12m45.0s/30m0s  1.00 iters/s

running (12m46.0s), 005/050 VUs, 761 complete and 0 interrupted iterations
soak   [  43% ] 005/050 VUs  12m46.0s/30m0s  1.00 iters/s

running (12m47.0s), 004/050 VUs, 763 complete and 0 interrupted iterations
soak   [  43% ] 004/050 VUs  12m47.0s/30m0s  1.00 iters/s

running (12m48.0s), 004/050 VUs, 764 complete and 0 interrupted iterations
soak   [  43% ] 004/050 VUs  12m48.0s/30m0s  1.00 iters/s

running (12m49.0s), 004/050 VUs, 765 complete and 0 interrupted iterations
soak   [  43% ] 004/050 VUs  12m49.0s/30m0s  1.00 iters/s

running (12m50.0s), 005/050 VUs, 765 complete and 0 interrupted iterations
soak   [  43% ] 005/050 VUs  12m50.0s/30m0s  1.00 iters/s

running (12m51.0s), 005/050 VUs, 766 complete and 0 interrupted iterations
soak   [  43% ] 005/050 VUs  12m51.0s/30m0s  1.00 iters/s

running (12m52.0s), 005/050 VUs, 767 complete and 0 interrupted iterations
soak   [  43% ] 005/050 VUs  12m52.0s/30m0s  1.00 iters/s

running (12m53.0s), 006/050 VUs, 767 complete and 0 interrupted iterations
soak   [  43% ] 006/050 VUs  12m53.0s/30m0s  1.00 iters/s

running (12m54.0s), 004/050 VUs, 770 complete and 0 interrupted iterations
soak   [  43% ] 004/050 VUs  12m54.0s/30m0s  1.00 iters/s

running (12m55.0s), 004/050 VUs, 771 complete and 0 interrupted iterations
soak   [  43% ] 004/050 VUs  12m55.0s/30m0s  1.00 iters/s

running (12m56.0s), 005/050 VUs, 771 complete and 0 interrupted iterations
soak   [  43% ] 005/050 VUs  12m56.0s/30m0s  1.00 iters/s

running (12m57.0s), 005/050 VUs, 772 complete and 0 interrupted iterations
soak   [  43% ] 005/050 VUs  12m57.0s/30m0s  1.00 iters/s

running (12m58.0s), 005/050 VUs, 773 complete and 0 interrupted iterations
soak   [  43% ] 005/050 VUs  12m58.0s/30m0s  1.00 iters/s

running (12m59.0s), 005/050 VUs, 774 complete and 0 interrupted iterations
soak   [  43% ] 005/050 VUs  12m59.0s/30m0s  1.00 iters/s

running (13m00.0s), 004/050 VUs, 776 complete and 0 interrupted iterations
soak   [  43% ] 004/050 VUs  13m00.0s/30m0s  1.00 iters/s

running (13m01.0s), 004/050 VUs, 777 complete and 0 interrupted iterations
soak   [  43% ] 004/050 VUs  13m01.0s/30m0s  1.00 iters/s

running (13m02.0s), 003/050 VUs, 779 complete and 0 interrupted iterations
soak   [  43% ] 003/050 VUs  13m02.0s/30m0s  1.00 iters/s

running (13m03.0s), 004/050 VUs, 779 complete and 0 interrupted iterations
soak   [  43% ] 004/050 VUs  13m03.0s/30m0s  1.00 iters/s

running (13m04.0s), 004/050 VUs, 780 complete and 0 interrupted iterations
soak   [  44% ] 004/050 VUs  13m04.0s/30m0s  1.00 iters/s

running (13m05.0s), 004/050 VUs, 781 complete and 0 interrupted iterations
soak   [  44% ] 004/050 VUs  13m05.0s/30m0s  1.00 iters/s

running (13m06.0s), 004/050 VUs, 782 complete and 0 interrupted iterations
soak   [  44% ] 004/050 VUs  13m06.0s/30m0s  1.00 iters/s

running (13m07.0s), 005/050 VUs, 782 complete and 0 interrupted iterations
soak   [  44% ] 005/050 VUs  13m07.0s/30m0s  1.00 iters/s

running (13m08.0s), 004/050 VUs, 784 complete and 0 interrupted iterations
soak   [  44% ] 004/050 VUs  13m08.0s/30m0s  1.00 iters/s

running (13m09.0s), 004/050 VUs, 785 complete and 0 interrupted iterations
soak   [  44% ] 004/050 VUs  13m09.0s/30m0s  1.00 iters/s

running (13m10.0s), 004/050 VUs, 786 complete and 0 interrupted iterations
soak   [  44% ] 004/050 VUs  13m10.0s/30m0s  1.00 iters/s

running (13m11.0s), 005/050 VUs, 786 complete and 0 interrupted iterations
soak   [  44% ] 005/050 VUs  13m11.0s/30m0s  1.00 iters/s

running (13m12.0s), 005/050 VUs, 787 complete and 0 interrupted iterations
soak   [  44% ] 005/050 VUs  13m12.0s/30m0s  1.00 iters/s

running (13m13.0s), 004/050 VUs, 789 complete and 0 interrupted iterations
soak   [  44% ] 004/050 VUs  13m13.0s/30m0s  1.00 iters/s

running (13m14.0s), 004/050 VUs, 790 complete and 0 interrupted iterations
soak   [  44% ] 004/050 VUs  13m14.0s/30m0s  1.00 iters/s

running (13m15.0s), 004/050 VUs, 791 complete and 0 interrupted iterations
soak   [  44% ] 004/050 VUs  13m15.0s/30m0s  1.00 iters/s

running (13m16.0s), 004/050 VUs, 792 complete and 0 interrupted iterations
soak   [  44% ] 004/050 VUs  13m16.0s/30m0s  1.00 iters/s

running (13m17.0s), 004/050 VUs, 793 complete and 0 interrupted iterations
soak   [  44% ] 004/050 VUs  13m17.0s/30m0s  1.00 iters/s

running (13m18.0s), 005/050 VUs, 793 complete and 0 interrupted iterations
soak   [  44% ] 005/050 VUs  13m18.0s/30m0s  1.00 iters/s

running (13m19.0s), 004/050 VUs, 795 complete and 0 interrupted iterations
soak   [  44% ] 004/050 VUs  13m19.0s/30m0s  1.00 iters/s

running (13m20.0s), 004/050 VUs, 796 complete and 0 interrupted iterations
soak   [  44% ] 004/050 VUs  13m20.0s/30m0s  1.00 iters/s

running (13m21.0s), 005/050 VUs, 796 complete and 0 interrupted iterations
soak   [  44% ] 005/050 VUs  13m21.0s/30m0s  1.00 iters/s

running (13m22.0s), 004/050 VUs, 798 complete and 0 interrupted iterations
soak   [  45% ] 004/050 VUs  13m22.0s/30m0s  1.00 iters/s

running (13m23.0s), 005/050 VUs, 798 complete and 0 interrupted iterations
soak   [  45% ] 005/050 VUs  13m23.0s/30m0s  1.00 iters/s

running (13m24.0s), 003/050 VUs, 801 complete and 0 interrupted iterations
soak   [  45% ] 003/050 VUs  13m24.0s/30m0s  1.00 iters/s

running (13m25.0s), 004/050 VUs, 801 complete and 0 interrupted iterations
soak   [  45% ] 004/050 VUs  13m25.0s/30m0s  1.00 iters/s

running (13m26.0s), 004/050 VUs, 802 complete and 0 interrupted iterations
soak   [  45% ] 004/050 VUs  13m26.0s/30m0s  1.00 iters/s

running (13m27.0s), 004/050 VUs, 803 complete and 0 interrupted iterations
soak   [  45% ] 004/050 VUs  13m27.0s/30m0s  1.00 iters/s

running (13m28.0s), 005/050 VUs, 803 complete and 0 interrupted iterations
soak   [  45% ] 005/050 VUs  13m28.0s/30m0s  1.00 iters/s

running (13m29.0s), 005/050 VUs, 804 complete and 0 interrupted iterations
soak   [  45% ] 005/050 VUs  13m29.0s/30m0s  1.00 iters/s

running (13m30.0s), 005/050 VUs, 805 complete and 0 interrupted iterations
soak   [  45% ] 005/050 VUs  13m30.0s/30m0s  1.00 iters/s

running (13m31.0s), 004/050 VUs, 807 complete and 0 interrupted iterations
soak   [  45% ] 004/050 VUs  13m31.0s/30m0s  1.00 iters/s

running (13m32.0s), 005/050 VUs, 807 complete and 0 interrupted iterations
soak   [  45% ] 005/050 VUs  13m32.0s/30m0s  1.00 iters/s

running (13m33.0s), 005/050 VUs, 808 complete and 0 interrupted iterations
soak   [  45% ] 005/050 VUs  13m33.0s/30m0s  1.00 iters/s

running (13m34.0s), 005/050 VUs, 809 complete and 0 interrupted iterations
soak   [  45% ] 005/050 VUs  13m34.0s/30m0s  1.00 iters/s

running (13m35.0s), 005/050 VUs, 810 complete and 0 interrupted iterations
soak   [  45% ] 005/050 VUs  13m35.0s/30m0s  1.00 iters/s

running (13m36.0s), 004/050 VUs, 812 complete and 0 interrupted iterations
soak   [  45% ] 004/050 VUs  13m36.0s/30m0s  1.00 iters/s

running (13m37.0s), 004/050 VUs, 813 complete and 0 interrupted iterations
soak   [  45% ] 004/050 VUs  13m37.0s/30m0s  1.00 iters/s

running (13m38.0s), 004/050 VUs, 814 complete and 0 interrupted iterations
soak   [  45% ] 004/050 VUs  13m38.0s/30m0s  1.00 iters/s

running (13m39.0s), 004/050 VUs, 815 complete and 0 interrupted iterations
soak   [  45% ] 004/050 VUs  13m39.0s/30m0s  1.00 iters/s

running (13m40.0s), 005/050 VUs, 815 complete and 0 interrupted iterations
soak   [  46% ] 005/050 VUs  13m40.0s/30m0s  1.00 iters/s

running (13m41.0s), 005/050 VUs, 816 complete and 0 interrupted iterations
soak   [  46% ] 005/050 VUs  13m41.0s/30m0s  1.00 iters/s

running (13m42.0s), 005/050 VUs, 817 complete and 0 interrupted iterations
soak   [  46% ] 005/050 VUs  13m42.0s/30m0s  1.00 iters/s

running (13m43.0s), 004/050 VUs, 819 complete and 0 interrupted iterations
soak   [  46% ] 004/050 VUs  13m43.0s/30m0s  1.00 iters/s

running (13m44.0s), 005/050 VUs, 819 complete and 0 interrupted iterations
soak   [  46% ] 005/050 VUs  13m44.0s/30m0s  1.00 iters/s

running (13m45.0s), 005/050 VUs, 820 complete and 0 interrupted iterations
soak   [  46% ] 005/050 VUs  13m45.0s/30m0s  1.00 iters/s

running (13m46.0s), 005/050 VUs, 821 complete and 0 interrupted iterations
soak   [  46% ] 005/050 VUs  13m46.0s/30m0s  1.00 iters/s

running (13m47.0s), 005/050 VUs, 822 complete and 0 interrupted iterations
soak   [  46% ] 005/050 VUs  13m47.0s/30m0s  1.00 iters/s

running (13m48.0s), 004/050 VUs, 824 complete and 0 interrupted iterations
soak   [  46% ] 004/050 VUs  13m48.0s/30m0s  1.00 iters/s

running (13m49.0s), 004/050 VUs, 825 complete and 0 interrupted iterations
soak   [  46% ] 004/050 VUs  13m49.0s/30m0s  1.00 iters/s

running (13m50.0s), 005/050 VUs, 825 complete and 0 interrupted iterations
soak   [  46% ] 005/050 VUs  13m50.0s/30m0s  1.00 iters/s

running (13m51.0s), 005/050 VUs, 826 complete and 0 interrupted iterations
soak   [  46% ] 005/050 VUs  13m51.0s/30m0s  1.00 iters/s

running (13m52.0s), 005/050 VUs, 827 complete and 0 interrupted iterations
soak   [  46% ] 005/050 VUs  13m52.0s/30m0s  1.00 iters/s

running (13m53.0s), 004/050 VUs, 829 complete and 0 interrupted iterations
soak   [  46% ] 004/050 VUs  13m53.0s/30m0s  1.00 iters/s

running (13m54.0s), 005/050 VUs, 829 complete and 0 interrupted iterations
soak   [  46% ] 005/050 VUs  13m54.0s/30m0s  1.00 iters/s

running (13m55.0s), 005/050 VUs, 830 complete and 0 interrupted iterations
soak   [  46% ] 005/050 VUs  13m55.0s/30m0s  1.00 iters/s

running (13m56.0s), 005/050 VUs, 831 complete and 0 interrupted iterations
soak   [  46% ] 005/050 VUs  13m56.0s/30m0s  1.00 iters/s

running (13m57.0s), 005/050 VUs, 832 complete and 0 interrupted iterations
soak   [  46% ] 005/050 VUs  13m57.0s/30m0s  1.00 iters/s

running (13m58.0s), 004/050 VUs, 834 complete and 0 interrupted iterations
soak   [  47% ] 004/050 VUs  13m58.0s/30m0s  1.00 iters/s

running (13m59.0s), 004/050 VUs, 835 complete and 0 interrupted iterations
soak   [  47% ] 004/050 VUs  13m59.0s/30m0s  1.00 iters/s

running (14m00.0s), 005/050 VUs, 835 complete and 0 interrupted iterations
soak   [  47% ] 005/050 VUs  14m00.0s/30m0s  1.00 iters/s

running (14m01.0s), 004/050 VUs, 837 complete and 0 interrupted iterations
soak   [  47% ] 004/050 VUs  14m01.0s/30m0s  1.00 iters/s

running (14m02.0s), 004/050 VUs, 838 complete and 0 interrupted iterations
soak   [  47% ] 004/050 VUs  14m02.0s/30m0s  1.00 iters/s

running (14m03.0s), 005/050 VUs, 838 complete and 0 interrupted iterations
soak   [  47% ] 005/050 VUs  14m03.0s/30m0s  1.00 iters/s

running (14m04.0s), 006/050 VUs, 838 complete and 0 interrupted iterations
soak   [  47% ] 006/050 VUs  14m04.0s/30m0s  1.00 iters/s

running (14m05.0s), 003/050 VUs, 842 complete and 0 interrupted iterations
soak   [  47% ] 003/050 VUs  14m05.0s/30m0s  1.00 iters/s

running (14m06.0s), 004/050 VUs, 842 complete and 0 interrupted iterations
soak   [  47% ] 004/050 VUs  14m06.0s/30m0s  1.00 iters/s

running (14m07.0s), 004/050 VUs, 843 complete and 0 interrupted iterations
soak   [  47% ] 004/050 VUs  14m07.0s/30m0s  1.00 iters/s

running (14m08.0s), 003/050 VUs, 845 complete and 0 interrupted iterations
soak   [  47% ] 003/050 VUs  14m08.0s/30m0s  1.00 iters/s

running (14m09.0s), 004/050 VUs, 845 complete and 0 interrupted iterations
soak   [  47% ] 004/050 VUs  14m09.0s/30m0s  1.00 iters/s

running (14m10.0s), 004/050 VUs, 846 complete and 0 interrupted iterations
soak   [  47% ] 004/050 VUs  14m10.0s/30m0s  1.00 iters/s

running (14m11.0s), 004/050 VUs, 847 complete and 0 interrupted iterations
soak   [  47% ] 004/050 VUs  14m11.0s/30m0s  1.00 iters/s

running (14m12.0s), 004/050 VUs, 848 complete and 0 interrupted iterations
soak   [  47% ] 004/050 VUs  14m12.0s/30m0s  1.00 iters/s

running (14m13.0s), 003/050 VUs, 850 complete and 0 interrupted iterations
soak   [  47% ] 003/050 VUs  14m13.0s/30m0s  1.00 iters/s

running (14m14.0s), 003/050 VUs, 851 complete and 0 interrupted iterations
soak   [  47% ] 003/050 VUs  14m14.0s/30m0s  1.00 iters/s

running (14m15.0s), 004/050 VUs, 851 complete and 0 interrupted iterations
soak   [  47% ] 004/050 VUs  14m15.0s/30m0s  1.00 iters/s

running (14m16.0s), 004/050 VUs, 852 complete and 0 interrupted iterations
soak   [  48% ] 004/050 VUs  14m16.0s/30m0s  1.00 iters/s

running (14m17.0s), 003/050 VUs, 854 complete and 0 interrupted iterations
soak   [  48% ] 003/050 VUs  14m17.0s/30m0s  1.00 iters/s

running (14m18.0s), 003/050 VUs, 855 complete and 0 interrupted iterations
soak   [  48% ] 003/050 VUs  14m18.0s/30m0s  1.00 iters/s

running (14m19.0s), 004/050 VUs, 855 complete and 0 interrupted iterations
soak   [  48% ] 004/050 VUs  14m19.0s/30m0s  1.00 iters/s

running (14m20.0s), 004/050 VUs, 856 complete and 0 interrupted iterations
soak   [  48% ] 004/050 VUs  14m20.0s/30m0s  1.00 iters/s

running (14m21.0s), 004/050 VUs, 857 complete and 0 interrupted iterations
soak   [  48% ] 004/050 VUs  14m21.0s/30m0s  1.00 iters/s

running (14m22.0s), 005/050 VUs, 857 complete and 0 interrupted iterations
soak   [  48% ] 005/050 VUs  14m22.0s/30m0s  1.00 iters/s

running (14m23.0s), 003/050 VUs, 860 complete and 0 interrupted iterations
soak   [  48% ] 003/050 VUs  14m23.0s/30m0s  1.00 iters/s

running (14m24.0s), 003/050 VUs, 861 complete and 0 interrupted iterations
soak   [  48% ] 003/050 VUs  14m24.0s/30m0s  1.00 iters/s

running (14m25.0s), 004/050 VUs, 861 complete and 0 interrupted iterations
soak   [  48% ] 004/050 VUs  14m25.0s/30m0s  1.00 iters/s

running (14m26.0s), 003/050 VUs, 863 complete and 0 interrupted iterations
soak   [  48% ] 003/050 VUs  14m26.0s/30m0s  1.00 iters/s

running (14m27.0s), 004/050 VUs, 863 complete and 0 interrupted iterations
soak   [  48% ] 004/050 VUs  14m27.0s/30m0s  1.00 iters/s

running (14m28.0s), 004/050 VUs, 864 complete and 0 interrupted iterations
soak   [  48% ] 004/050 VUs  14m28.0s/30m0s  1.00 iters/s

running (14m29.0s), 004/050 VUs, 865 complete and 0 interrupted iterations
soak   [  48% ] 004/050 VUs  14m29.0s/30m0s  1.00 iters/s

running (14m30.0s), 005/050 VUs, 865 complete and 0 interrupted iterations
soak   [  48% ] 005/050 VUs  14m30.0s/30m0s  1.00 iters/s

running (14m31.0s), 006/050 VUs, 865 complete and 0 interrupted iterations
soak   [  48% ] 006/050 VUs  14m31.0s/30m0s  1.00 iters/s

running (14m32.0s), 005/050 VUs, 867 complete and 0 interrupted iterations
soak   [  48% ] 005/050 VUs  14m32.0s/30m0s  1.00 iters/s

running (14m33.0s), 004/050 VUs, 869 complete and 0 interrupted iterations
soak   [  48% ] 004/050 VUs  14m33.0s/30m0s  1.00 iters/s

running (14m34.0s), 004/050 VUs, 870 complete and 0 interrupted iterations
soak   [  49% ] 004/050 VUs  14m34.0s/30m0s  1.00 iters/s

running (14m35.0s), 005/050 VUs, 870 complete and 0 interrupted iterations
soak   [  49% ] 005/050 VUs  14m35.0s/30m0s  1.00 iters/s

running (14m36.0s), 004/050 VUs, 872 complete and 0 interrupted iterations
soak   [  49% ] 004/050 VUs  14m36.0s/30m0s  1.00 iters/s

running (14m37.0s), 003/050 VUs, 874 complete and 0 interrupted iterations
soak   [  49% ] 003/050 VUs  14m37.0s/30m0s  1.00 iters/s

running (14m38.0s), 004/050 VUs, 874 complete and 0 interrupted iterations
soak   [  49% ] 004/050 VUs  14m38.0s/30m0s  1.00 iters/s

running (14m39.0s), 004/050 VUs, 875 complete and 0 interrupted iterations
soak   [  49% ] 004/050 VUs  14m39.0s/30m0s  1.00 iters/s

running (14m40.0s), 004/050 VUs, 876 complete and 0 interrupted iterations
soak   [  49% ] 004/050 VUs  14m40.0s/30m0s  1.00 iters/s

running (14m41.0s), 004/050 VUs, 877 complete and 0 interrupted iterations
soak   [  49% ] 004/050 VUs  14m41.0s/30m0s  1.00 iters/s

running (14m42.0s), 005/050 VUs, 877 complete and 0 interrupted iterations
soak   [  49% ] 005/050 VUs  14m42.0s/30m0s  1.00 iters/s

running (14m43.0s), 006/050 VUs, 877 complete and 0 interrupted iterations
soak   [  49% ] 006/050 VUs  14m43.0s/30m0s  1.00 iters/s

running (14m44.0s), 004/050 VUs, 880 complete and 0 interrupted iterations
soak   [  49% ] 004/050 VUs  14m44.0s/30m0s  1.00 iters/s

running (14m45.0s), 004/050 VUs, 881 complete and 0 interrupted iterations
soak   [  49% ] 004/050 VUs  14m45.0s/30m0s  1.00 iters/s

running (14m46.0s), 004/050 VUs, 882 complete and 0 interrupted iterations
soak   [  49% ] 004/050 VUs  14m46.0s/30m0s  1.00 iters/s

running (14m47.0s), 005/050 VUs, 882 complete and 0 interrupted iterations
soak   [  49% ] 005/050 VUs  14m47.0s/30m0s  1.00 iters/s

running (14m48.0s), 004/050 VUs, 884 complete and 0 interrupted iterations
soak   [  49% ] 004/050 VUs  14m48.0s/30m0s  1.00 iters/s

running (14m49.0s), 004/050 VUs, 885 complete and 0 interrupted iterations
soak   [  49% ] 004/050 VUs  14m49.0s/30m0s  1.00 iters/s

running (14m50.0s), 005/050 VUs, 885 complete and 0 interrupted iterations
soak   [  49% ] 005/050 VUs  14m50.0s/30m0s  1.00 iters/s

running (14m51.0s), 003/050 VUs, 888 complete and 0 interrupted iterations
soak   [  49% ] 003/050 VUs  14m51.0s/30m0s  1.00 iters/s

running (14m52.0s), 004/050 VUs, 888 complete and 0 interrupted iterations
soak   [  50% ] 004/050 VUs  14m52.0s/30m0s  1.00 iters/s

running (14m53.0s), 004/050 VUs, 889 complete and 0 interrupted iterations
soak   [  50% ] 004/050 VUs  14m53.0s/30m0s  1.00 iters/s

running (14m54.0s), 004/050 VUs, 890 complete and 0 interrupted iterations
soak   [  50% ] 004/050 VUs  14m54.0s/30m0s  1.00 iters/s

running (14m55.0s), 004/050 VUs, 891 complete and 0 interrupted iterations
soak   [  50% ] 004/050 VUs  14m55.0s/30m0s  1.00 iters/s

running (14m56.0s), 004/050 VUs, 892 complete and 0 interrupted iterations
soak   [  50% ] 004/050 VUs  14m56.0s/30m0s  1.00 iters/s

running (14m57.0s), 004/050 VUs, 893 complete and 0 interrupted iterations
soak   [  50% ] 004/050 VUs  14m57.0s/30m0s  1.00 iters/s

running (14m58.0s), 004/050 VUs, 894 complete and 0 interrupted iterations
soak   [  50% ] 004/050 VUs  14m58.0s/30m0s  1.00 iters/s

running (14m59.0s), 004/050 VUs, 895 complete and 0 interrupted iterations
soak   [  50% ] 004/050 VUs  14m59.0s/30m0s  1.00 iters/s

running (15m00.0s), 004/050 VUs, 896 complete and 0 interrupted iterations
soak   [  50% ] 004/050 VUs  15m00.0s/30m0s  1.00 iters/s

running (15m01.0s), 005/050 VUs, 896 complete and 0 interrupted iterations
soak   [  50% ] 005/050 VUs  15m01.0s/30m0s  1.00 iters/s

running (15m02.0s), 003/050 VUs, 899 complete and 0 interrupted iterations
soak   [  50% ] 003/050 VUs  15m02.0s/30m0s  1.00 iters/s

running (15m03.0s), 004/050 VUs, 899 complete and 0 interrupted iterations
soak   [  50% ] 004/050 VUs  15m03.0s/30m0s  1.00 iters/s

running (15m04.0s), 004/050 VUs, 900 complete and 0 interrupted iterations
soak   [  50% ] 004/050 VUs  15m04.0s/30m0s  1.00 iters/s

running (15m05.0s), 004/050 VUs, 901 complete and 0 interrupted iterations
soak   [  50% ] 004/050 VUs  15m05.0s/30m0s  1.00 iters/s

running (15m06.0s), 004/050 VUs, 902 complete and 0 interrupted iterations
soak   [  50% ] 004/050 VUs  15m06.0s/30m0s  1.00 iters/s

running (15m07.0s), 003/050 VUs, 904 complete and 0 interrupted iterations
soak   [  50% ] 003/050 VUs  15m07.0s/30m0s  1.00 iters/s

running (15m08.0s), 003/050 VUs, 905 complete and 0 interrupted iterations
soak   [  50% ] 003/050 VUs  15m08.0s/30m0s  1.00 iters/s

running (15m09.0s), 004/050 VUs, 905 complete and 0 interrupted iterations
soak   [  50% ] 004/050 VUs  15m09.0s/30m0s  1.00 iters/s

running (15m10.0s), 004/050 VUs, 906 complete and 0 interrupted iterations
soak   [  51% ] 004/050 VUs  15m10.0s/30m0s  1.00 iters/s

running (15m11.0s), 004/050 VUs, 907 complete and 0 interrupted iterations
soak   [  51% ] 004/050 VUs  15m11.0s/30m0s  1.00 iters/s

running (15m12.0s), 004/050 VUs, 908 complete and 0 interrupted iterations
soak   [  51% ] 004/050 VUs  15m12.0s/30m0s  1.00 iters/s

running (15m13.0s), 004/050 VUs, 909 complete and 0 interrupted iterations
soak   [  51% ] 004/050 VUs  15m13.0s/30m0s  1.00 iters/s

running (15m14.0s), 004/050 VUs, 910 complete and 0 interrupted iterations
soak   [  51% ] 004/050 VUs  15m14.0s/30m0s  1.00 iters/s

running (15m15.0s), 004/050 VUs, 911 complete and 0 interrupted iterations
soak   [  51% ] 004/050 VUs  15m15.0s/30m0s  1.00 iters/s

running (15m16.0s), 004/050 VUs, 912 complete and 0 interrupted iterations
soak   [  51% ] 004/050 VUs  15m16.0s/30m0s  1.00 iters/s

running (15m17.0s), 004/050 VUs, 913 complete and 0 interrupted iterations
soak   [  51% ] 004/050 VUs  15m17.0s/30m0s  1.00 iters/s

running (15m18.0s), 004/050 VUs, 914 complete and 0 interrupted iterations
soak   [  51% ] 004/050 VUs  15m18.0s/30m0s  1.00 iters/s

running (15m19.0s), 004/050 VUs, 915 complete and 0 interrupted iterations
soak   [  51% ] 004/050 VUs  15m19.0s/30m0s  1.00 iters/s

running (15m20.0s), 004/050 VUs, 916 complete and 0 interrupted iterations
soak   [  51% ] 004/050 VUs  15m20.0s/30m0s  1.00 iters/s

running (15m21.0s), 005/050 VUs, 916 complete and 0 interrupted iterations
soak   [  51% ] 005/050 VUs  15m21.0s/30m0s  1.00 iters/s

running (15m22.0s), 005/050 VUs, 917 complete and 0 interrupted iterations
soak   [  51% ] 005/050 VUs  15m22.0s/30m0s  1.00 iters/s

running (15m23.0s), 005/050 VUs, 918 complete and 0 interrupted iterations
soak   [  51% ] 005/050 VUs  15m23.0s/30m0s  1.00 iters/s

running (15m24.0s), 005/050 VUs, 919 complete and 0 interrupted iterations
soak   [  51% ] 005/050 VUs  15m24.0s/30m0s  1.00 iters/s

running (15m25.0s), 004/050 VUs, 921 complete and 0 interrupted iterations
soak   [  51% ] 004/050 VUs  15m25.0s/30m0s  1.00 iters/s

running (15m26.0s), 005/050 VUs, 921 complete and 0 interrupted iterations
soak   [  51% ] 005/050 VUs  15m26.0s/30m0s  1.00 iters/s

running (15m27.0s), 005/050 VUs, 922 complete and 0 interrupted iterations
soak   [  51% ] 005/050 VUs  15m27.0s/30m0s  1.00 iters/s

running (15m28.0s), 005/050 VUs, 923 complete and 0 interrupted iterations
soak   [  52% ] 005/050 VUs  15m28.0s/30m0s  1.00 iters/s

running (15m29.0s), 004/050 VUs, 925 complete and 0 interrupted iterations
soak   [  52% ] 004/050 VUs  15m29.0s/30m0s  1.00 iters/s

running (15m30.0s), 004/050 VUs, 926 complete and 0 interrupted iterations
soak   [  52% ] 004/050 VUs  15m30.0s/30m0s  1.00 iters/s

running (15m31.0s), 004/050 VUs, 927 complete and 0 interrupted iterations
soak   [  52% ] 004/050 VUs  15m31.0s/30m0s  1.00 iters/s

running (15m32.0s), 004/050 VUs, 928 complete and 0 interrupted iterations
soak   [  52% ] 004/050 VUs  15m32.0s/30m0s  1.00 iters/s

running (15m33.0s), 004/050 VUs, 929 complete and 0 interrupted iterations
soak   [  52% ] 004/050 VUs  15m33.0s/30m0s  1.00 iters/s

running (15m34.0s), 005/050 VUs, 929 complete and 0 interrupted iterations
soak   [  52% ] 005/050 VUs  15m34.0s/30m0s  1.00 iters/s

running (15m35.0s), 003/050 VUs, 932 complete and 0 interrupted iterations
soak   [  52% ] 003/050 VUs  15m35.0s/30m0s  1.00 iters/s

running (15m36.0s), 004/050 VUs, 932 complete and 0 interrupted iterations
soak   [  52% ] 004/050 VUs  15m36.0s/30m0s  1.00 iters/s

running (15m37.0s), 004/050 VUs, 933 complete and 0 interrupted iterations
soak   [  52% ] 004/050 VUs  15m37.0s/30m0s  1.00 iters/s

running (15m38.0s), 004/050 VUs, 934 complete and 0 interrupted iterations
soak   [  52% ] 004/050 VUs  15m38.0s/30m0s  1.00 iters/s

running (15m39.0s), 004/050 VUs, 935 complete and 0 interrupted iterations
soak   [  52% ] 004/050 VUs  15m39.0s/30m0s  1.00 iters/s

running (15m40.0s), 003/050 VUs, 937 complete and 0 interrupted iterations
soak   [  52% ] 003/050 VUs  15m40.0s/30m0s  1.00 iters/s

running (15m41.0s), 004/050 VUs, 937 complete and 0 interrupted iterations
soak   [  52% ] 004/050 VUs  15m41.0s/30m0s  1.00 iters/s

running (15m42.0s), 004/050 VUs, 938 complete and 0 interrupted iterations
soak   [  52% ] 004/050 VUs  15m42.0s/30m0s  1.00 iters/s

running (15m43.0s), 004/050 VUs, 939 complete and 0 interrupted iterations
soak   [  52% ] 004/050 VUs  15m43.0s/30m0s  1.00 iters/s

running (15m44.0s), 004/050 VUs, 940 complete and 0 interrupted iterations
soak   [  52% ] 004/050 VUs  15m44.0s/30m0s  1.00 iters/s

running (15m45.0s), 004/050 VUs, 941 complete and 0 interrupted iterations
soak   [  52% ] 004/050 VUs  15m45.0s/30m0s  1.00 iters/s

running (15m46.0s), 005/050 VUs, 941 complete and 0 interrupted iterations
soak   [  53% ] 005/050 VUs  15m46.0s/30m0s  1.00 iters/s

running (15m47.0s), 005/050 VUs, 942 complete and 0 interrupted iterations
soak   [  53% ] 005/050 VUs  15m47.0s/30m0s  1.00 iters/s

running (15m48.0s), 005/050 VUs, 943 complete and 0 interrupted iterations
soak   [  53% ] 005/050 VUs  15m48.0s/30m0s  1.00 iters/s

running (15m49.0s), 005/050 VUs, 944 complete and 0 interrupted iterations
soak   [  53% ] 005/050 VUs  15m49.0s/30m0s  1.00 iters/s

running (15m50.0s), 005/050 VUs, 945 complete and 0 interrupted iterations
soak   [  53% ] 005/050 VUs  15m50.0s/30m0s  1.00 iters/s

running (15m51.0s), 006/050 VUs, 945 complete and 0 interrupted iterations
soak   [  53% ] 006/050 VUs  15m51.0s/30m0s  1.00 iters/s

running (15m52.0s), 004/050 VUs, 948 complete and 0 interrupted iterations
soak   [  53% ] 004/050 VUs  15m52.0s/30m0s  1.00 iters/s

running (15m53.0s), 005/050 VUs, 948 complete and 0 interrupted iterations
soak   [  53% ] 005/050 VUs  15m53.0s/30m0s  1.00 iters/s

running (15m54.0s), 004/050 VUs, 950 complete and 0 interrupted iterations
soak   [  53% ] 004/050 VUs  15m54.0s/30m0s  1.00 iters/s

running (15m55.0s), 004/050 VUs, 951 complete and 0 interrupted iterations
soak   [  53% ] 004/050 VUs  15m55.0s/30m0s  1.00 iters/s

running (15m56.0s), 004/050 VUs, 952 complete and 0 interrupted iterations
soak   [  53% ] 004/050 VUs  15m56.0s/30m0s  1.00 iters/s

running (15m57.0s), 005/050 VUs, 952 complete and 0 interrupted iterations
soak   [  53% ] 005/050 VUs  15m57.0s/30m0s  1.00 iters/s

running (15m58.0s), 005/050 VUs, 953 complete and 0 interrupted iterations
soak   [  53% ] 005/050 VUs  15m58.0s/30m0s  1.00 iters/s

running (15m59.0s), 005/050 VUs, 954 complete and 0 interrupted iterations
soak   [  53% ] 005/050 VUs  15m59.0s/30m0s  1.00 iters/s

running (16m00.0s), 006/050 VUs, 954 complete and 0 interrupted iterations
soak   [  53% ] 006/050 VUs  16m00.0s/30m0s  1.00 iters/s

running (16m01.0s), 006/050 VUs, 955 complete and 0 interrupted iterations
soak   [  53% ] 006/050 VUs  16m01.0s/30m0s  1.00 iters/s

running (16m02.0s), 004/050 VUs, 958 complete and 0 interrupted iterations
soak   [  53% ] 004/050 VUs  16m02.0s/30m0s  1.00 iters/s

running (16m03.0s), 004/050 VUs, 959 complete and 0 interrupted iterations
soak   [  53% ] 004/050 VUs  16m03.0s/30m0s  1.00 iters/s

running (16m04.0s), 005/050 VUs, 959 complete and 0 interrupted iterations
soak   [  54% ] 005/050 VUs  16m04.0s/30m0s  1.00 iters/s

running (16m05.0s), 006/050 VUs, 959 complete and 0 interrupted iterations
soak   [  54% ] 006/050 VUs  16m05.0s/30m0s  1.00 iters/s

running (16m06.0s), 004/050 VUs, 962 complete and 0 interrupted iterations
soak   [  54% ] 004/050 VUs  16m06.0s/30m0s  1.00 iters/s

running (16m07.0s), 004/050 VUs, 963 complete and 0 interrupted iterations
soak   [  54% ] 004/050 VUs  16m07.0s/30m0s  1.00 iters/s

running (16m08.0s), 005/050 VUs, 963 complete and 0 interrupted iterations
soak   [  54% ] 005/050 VUs  16m08.0s/30m0s  1.00 iters/s

running (16m09.0s), 004/050 VUs, 965 complete and 0 interrupted iterations
soak   [  54% ] 004/050 VUs  16m09.0s/30m0s  1.00 iters/s

running (16m10.0s), 004/050 VUs, 966 complete and 0 interrupted iterations
soak   [  54% ] 004/050 VUs  16m10.0s/30m0s  1.00 iters/s

running (16m11.0s), 004/050 VUs, 967 complete and 0 interrupted iterations
soak   [  54% ] 004/050 VUs  16m11.0s/30m0s  1.00 iters/s

running (16m12.0s), 004/050 VUs, 968 complete and 0 interrupted iterations
soak   [  54% ] 004/050 VUs  16m12.0s/30m0s  1.00 iters/s

running (16m13.0s), 004/050 VUs, 969 complete and 0 interrupted iterations
soak   [  54% ] 004/050 VUs  16m13.0s/30m0s  1.00 iters/s

running (16m14.0s), 004/050 VUs, 970 complete and 0 interrupted iterations
soak   [  54% ] 004/050 VUs  16m14.0s/30m0s  1.00 iters/s

running (16m15.0s), 004/050 VUs, 971 complete and 0 interrupted iterations
soak   [  54% ] 004/050 VUs  16m15.0s/30m0s  1.00 iters/s

running (16m16.0s), 004/050 VUs, 972 complete and 0 interrupted iterations
soak   [  54% ] 004/050 VUs  16m16.0s/30m0s  1.00 iters/s

running (16m17.0s), 004/050 VUs, 973 complete and 0 interrupted iterations
soak   [  54% ] 004/050 VUs  16m17.0s/30m0s  1.00 iters/s

running (16m18.0s), 004/050 VUs, 974 complete and 0 interrupted iterations
soak   [  54% ] 004/050 VUs  16m18.0s/30m0s  1.00 iters/s

running (16m19.0s), 004/050 VUs, 975 complete and 0 interrupted iterations
soak   [  54% ] 004/050 VUs  16m19.0s/30m0s  1.00 iters/s

running (16m20.0s), 003/050 VUs, 977 complete and 0 interrupted iterations
soak   [  54% ] 003/050 VUs  16m20.0s/30m0s  1.00 iters/s

running (16m21.0s), 004/050 VUs, 977 complete and 0 interrupted iterations
soak   [  54% ] 004/050 VUs  16m21.0s/30m0s  1.00 iters/s

running (16m22.0s), 004/050 VUs, 978 complete and 0 interrupted iterations
soak   [  55% ] 004/050 VUs  16m22.0s/30m0s  1.00 iters/s

running (16m23.0s), 003/050 VUs, 980 complete and 0 interrupted iterations
soak   [  55% ] 003/050 VUs  16m23.0s/30m0s  1.00 iters/s

running (16m24.0s), 004/050 VUs, 980 complete and 0 interrupted iterations
soak   [  55% ] 004/050 VUs  16m24.0s/30m0s  1.00 iters/s

running (16m25.0s), 005/050 VUs, 980 complete and 0 interrupted iterations
soak   [  55% ] 005/050 VUs  16m25.0s/30m0s  1.00 iters/s

running (16m26.0s), 004/050 VUs, 982 complete and 0 interrupted iterations
soak   [  55% ] 004/050 VUs  16m26.0s/30m0s  1.00 iters/s

running (16m27.0s), 004/050 VUs, 983 complete and 0 interrupted iterations
soak   [  55% ] 004/050 VUs  16m27.0s/30m0s  1.00 iters/s

running (16m28.0s), 003/050 VUs, 985 complete and 0 interrupted iterations
soak   [  55% ] 003/050 VUs  16m28.0s/30m0s  1.00 iters/s

running (16m29.0s), 004/050 VUs, 985 complete and 0 interrupted iterations
soak   [  55% ] 004/050 VUs  16m29.0s/30m0s  1.00 iters/s

running (16m30.0s), 004/050 VUs, 986 complete and 0 interrupted iterations
soak   [  55% ] 004/050 VUs  16m30.0s/30m0s  1.00 iters/s

running (16m31.0s), 004/050 VUs, 987 complete and 0 interrupted iterations
soak   [  55% ] 004/050 VUs  16m31.0s/30m0s  1.00 iters/s

running (16m32.0s), 004/050 VUs, 988 complete and 0 interrupted iterations
soak   [  55% ] 004/050 VUs  16m32.0s/30m0s  1.00 iters/s

running (16m33.0s), 005/050 VUs, 988 complete and 0 interrupted iterations
soak   [  55% ] 005/050 VUs  16m33.0s/30m0s  1.00 iters/s

running (16m34.0s), 005/050 VUs, 989 complete and 0 interrupted iterations
soak   [  55% ] 005/050 VUs  16m34.0s/30m0s  1.00 iters/s

running (16m35.0s), 006/050 VUs, 989 complete and 0 interrupted iterations
soak   [  55% ] 006/050 VUs  16m35.0s/30m0s  1.00 iters/s

running (16m36.0s), 004/050 VUs, 992 complete and 0 interrupted iterations
soak   [  55% ] 004/050 VUs  16m36.0s/30m0s  1.00 iters/s

running (16m37.0s), 005/050 VUs, 992 complete and 0 interrupted iterations
soak   [  55% ] 005/050 VUs  16m37.0s/30m0s  1.00 iters/s

running (16m38.0s), 003/050 VUs, 995 complete and 0 interrupted iterations
soak   [  55% ] 003/050 VUs  16m38.0s/30m0s  1.00 iters/s

running (16m39.0s), 003/050 VUs, 996 complete and 0 interrupted iterations
soak   [  55% ] 003/050 VUs  16m39.0s/30m0s  1.00 iters/s

running (16m40.0s), 004/050 VUs, 996 complete and 0 interrupted iterations
soak   [  56% ] 004/050 VUs  16m40.0s/30m0s  1.00 iters/s

running (16m41.0s), 004/050 VUs, 997 complete and 0 interrupted iterations
soak   [  56% ] 004/050 VUs  16m41.0s/30m0s  1.00 iters/s

running (16m42.0s), 004/050 VUs, 998 complete and 0 interrupted iterations
soak   [  56% ] 004/050 VUs  16m42.0s/30m0s  1.00 iters/s

running (16m43.0s), 004/050 VUs, 999 complete and 0 interrupted iterations
soak   [  56% ] 004/050 VUs  16m43.0s/30m0s  1.00 iters/s

running (16m44.0s), 005/050 VUs, 999 complete and 0 interrupted iterations
soak   [  56% ] 005/050 VUs  16m44.0s/30m0s  1.00 iters/s

running (16m45.0s), 005/050 VUs, 1000 complete and 0 interrupted iterations
soak   [  56% ] 005/050 VUs  16m45.0s/30m0s  1.00 iters/s

running (16m46.0s), 004/050 VUs, 1002 complete and 0 interrupted iterations
soak   [  56% ] 004/050 VUs  16m46.0s/30m0s  1.00 iters/s

running (16m47.0s), 004/050 VUs, 1003 complete and 0 interrupted iterations
soak   [  56% ] 004/050 VUs  16m47.0s/30m0s  1.00 iters/s

running (16m48.0s), 005/050 VUs, 1003 complete and 0 interrupted iterations
soak   [  56% ] 005/050 VUs  16m48.0s/30m0s  1.00 iters/s

running (16m49.0s), 003/050 VUs, 1006 complete and 0 interrupted iterations
soak   [  56% ] 003/050 VUs  16m49.0s/30m0s  1.00 iters/s

running (16m50.0s), 003/050 VUs, 1007 complete and 0 interrupted iterations
soak   [  56% ] 003/050 VUs  16m50.0s/30m0s  1.00 iters/s

running (16m51.0s), 004/050 VUs, 1007 complete and 0 interrupted iterations
soak   [  56% ] 004/050 VUs  16m51.0s/30m0s  1.00 iters/s

running (16m52.0s), 004/050 VUs, 1008 complete and 0 interrupted iterations
soak   [  56% ] 004/050 VUs  16m52.0s/30m0s  1.00 iters/s

running (16m53.0s), 003/050 VUs, 1010 complete and 0 interrupted iterations
soak   [  56% ] 003/050 VUs  16m53.0s/30m0s  1.00 iters/s

running (16m54.0s), 004/050 VUs, 1010 complete and 0 interrupted iterations
soak   [  56% ] 004/050 VUs  16m54.0s/30m0s  1.00 iters/s

running (16m55.0s), 005/050 VUs, 1010 complete and 0 interrupted iterations
soak   [  56% ] 005/050 VUs  16m55.0s/30m0s  1.00 iters/s

running (16m56.0s), 004/050 VUs, 1012 complete and 0 interrupted iterations
soak   [  56% ] 004/050 VUs  16m56.0s/30m0s  1.00 iters/s

running (16m57.0s), 003/050 VUs, 1014 complete and 0 interrupted iterations
soak   [  56% ] 003/050 VUs  16m57.0s/30m0s  1.00 iters/s

running (16m58.0s), 004/050 VUs, 1014 complete and 0 interrupted iterations
soak   [  57% ] 004/050 VUs  16m58.0s/30m0s  1.00 iters/s

running (16m59.0s), 004/050 VUs, 1015 complete and 0 interrupted iterations
soak   [  57% ] 004/050 VUs  16m59.0s/30m0s  1.00 iters/s

running (17m00.0s), 004/050 VUs, 1016 complete and 0 interrupted iterations
soak   [  57% ] 004/050 VUs  17m00.0s/30m0s  1.00 iters/s

running (17m01.0s), 004/050 VUs, 1017 complete and 0 interrupted iterations
soak   [  57% ] 004/050 VUs  17m01.0s/30m0s  1.00 iters/s

running (17m02.0s), 005/050 VUs, 1017 complete and 0 interrupted iterations
soak   [  57% ] 005/050 VUs  17m02.0s/30m0s  1.00 iters/s

running (17m03.0s), 005/050 VUs, 1018 complete and 0 interrupted iterations
soak   [  57% ] 005/050 VUs  17m03.0s/30m0s  1.00 iters/s

running (17m04.0s), 003/050 VUs, 1021 complete and 0 interrupted iterations
soak   [  57% ] 003/050 VUs  17m04.0s/30m0s  1.00 iters/s

running (17m05.0s), 003/050 VUs, 1022 complete and 0 interrupted iterations
soak   [  57% ] 003/050 VUs  17m05.0s/30m0s  1.00 iters/s

running (17m06.0s), 004/050 VUs, 1022 complete and 0 interrupted iterations
soak   [  57% ] 004/050 VUs  17m06.0s/30m0s  1.00 iters/s

running (17m07.0s), 004/050 VUs, 1023 complete and 0 interrupted iterations
soak   [  57% ] 004/050 VUs  17m07.0s/30m0s  1.00 iters/s

running (17m08.0s), 004/050 VUs, 1024 complete and 0 interrupted iterations
soak   [  57% ] 004/050 VUs  17m08.0s/30m0s  1.00 iters/s

running (17m09.0s), 004/050 VUs, 1025 complete and 0 interrupted iterations
soak   [  57% ] 004/050 VUs  17m09.0s/30m0s  1.00 iters/s

running (17m10.0s), 004/050 VUs, 1026 complete and 0 interrupted iterations
soak   [  57% ] 004/050 VUs  17m10.0s/30m0s  1.00 iters/s

running (17m11.0s), 004/050 VUs, 1027 complete and 0 interrupted iterations
soak   [  57% ] 004/050 VUs  17m11.0s/30m0s  1.00 iters/s

running (17m12.0s), 004/050 VUs, 1028 complete and 0 interrupted iterations
soak   [  57% ] 004/050 VUs  17m12.0s/30m0s  1.00 iters/s

running (17m13.0s), 004/050 VUs, 1029 complete and 0 interrupted iterations
soak   [  57% ] 004/050 VUs  17m13.0s/30m0s  1.00 iters/s

running (17m14.0s), 005/050 VUs, 1029 complete and 0 interrupted iterations
soak   [  57% ] 005/050 VUs  17m14.0s/30m0s  1.00 iters/s

running (17m15.0s), 005/050 VUs, 1030 complete and 0 interrupted iterations
soak   [  57% ] 005/050 VUs  17m15.0s/30m0s  1.00 iters/s

running (17m16.0s), 004/050 VUs, 1032 complete and 0 interrupted iterations
soak   [  58% ] 004/050 VUs  17m16.0s/30m0s  1.00 iters/s

running (17m17.0s), 004/050 VUs, 1033 complete and 0 interrupted iterations
soak   [  58% ] 004/050 VUs  17m17.0s/30m0s  1.00 iters/s

running (17m18.0s), 004/050 VUs, 1034 complete and 0 interrupted iterations
soak   [  58% ] 004/050 VUs  17m18.0s/30m0s  1.00 iters/s

running (17m19.0s), 004/050 VUs, 1035 complete and 0 interrupted iterations
soak   [  58% ] 004/050 VUs  17m19.0s/30m0s  1.00 iters/s

running (17m20.0s), 004/050 VUs, 1036 complete and 0 interrupted iterations
soak   [  58% ] 004/050 VUs  17m20.0s/30m0s  1.00 iters/s

running (17m21.0s), 004/050 VUs, 1037 complete and 0 interrupted iterations
soak   [  58% ] 004/050 VUs  17m21.0s/30m0s  1.00 iters/s

running (17m22.0s), 004/050 VUs, 1038 complete and 0 interrupted iterations
soak   [  58% ] 004/050 VUs  17m22.0s/30m0s  1.00 iters/s

running (17m23.0s), 004/050 VUs, 1039 complete and 0 interrupted iterations
soak   [  58% ] 004/050 VUs  17m23.0s/30m0s  1.00 iters/s

running (17m24.0s), 005/050 VUs, 1039 complete and 0 interrupted iterations
soak   [  58% ] 005/050 VUs  17m24.0s/30m0s  1.00 iters/s

running (17m25.0s), 005/050 VUs, 1040 complete and 0 interrupted iterations
soak   [  58% ] 005/050 VUs  17m25.0s/30m0s  1.00 iters/s

running (17m26.0s), 003/050 VUs, 1043 complete and 0 interrupted iterations
soak   [  58% ] 003/050 VUs  17m26.0s/30m0s  1.00 iters/s

running (17m27.0s), 004/050 VUs, 1043 complete and 0 interrupted iterations
soak   [  58% ] 004/050 VUs  17m27.0s/30m0s  1.00 iters/s

running (17m28.0s), 004/050 VUs, 1044 complete and 0 interrupted iterations
soak   [  58% ] 004/050 VUs  17m28.0s/30m0s  1.00 iters/s

running (17m29.0s), 004/050 VUs, 1045 complete and 0 interrupted iterations
soak   [  58% ] 004/050 VUs  17m29.0s/30m0s  1.00 iters/s

running (17m30.0s), 003/050 VUs, 1047 complete and 0 interrupted iterations
soak   [  58% ] 003/050 VUs  17m30.0s/30m0s  1.00 iters/s

running (17m31.0s), 004/050 VUs, 1047 complete and 0 interrupted iterations
soak   [  58% ] 004/050 VUs  17m31.0s/30m0s  1.00 iters/s

running (17m32.0s), 004/050 VUs, 1048 complete and 0 interrupted iterations
soak   [  58% ] 004/050 VUs  17m32.0s/30m0s  1.00 iters/s

running (17m33.0s), 004/050 VUs, 1049 complete and 0 interrupted iterations
soak   [  58% ] 004/050 VUs  17m33.0s/30m0s  1.00 iters/s

running (17m34.0s), 004/050 VUs, 1050 complete and 0 interrupted iterations
soak   [  59% ] 004/050 VUs  17m34.0s/30m0s  1.00 iters/s

running (17m35.0s), 003/050 VUs, 1052 complete and 0 interrupted iterations
soak   [  59% ] 003/050 VUs  17m35.0s/30m0s  1.00 iters/s

running (17m36.0s), 004/050 VUs, 1052 complete and 0 interrupted iterations
soak   [  59% ] 004/050 VUs  17m36.0s/30m0s  1.00 iters/s

running (17m37.0s), 004/050 VUs, 1053 complete and 0 interrupted iterations
soak   [  59% ] 004/050 VUs  17m37.0s/30m0s  1.00 iters/s

running (17m38.0s), 004/050 VUs, 1054 complete and 0 interrupted iterations
soak   [  59% ] 004/050 VUs  17m38.0s/30m0s  1.00 iters/s

running (17m39.0s), 004/050 VUs, 1055 complete and 0 interrupted iterations
soak   [  59% ] 004/050 VUs  17m39.0s/30m0s  1.00 iters/s

running (17m40.0s), 005/050 VUs, 1055 complete and 0 interrupted iterations
soak   [  59% ] 005/050 VUs  17m40.0s/30m0s  1.00 iters/s

running (17m41.0s), 003/050 VUs, 1058 complete and 0 interrupted iterations
soak   [  59% ] 003/050 VUs  17m41.0s/30m0s  1.00 iters/s

running (17m42.0s), 003/050 VUs, 1059 complete and 0 interrupted iterations
soak   [  59% ] 003/050 VUs  17m42.0s/30m0s  1.00 iters/s

running (17m43.0s), 004/050 VUs, 1059 complete and 0 interrupted iterations
soak   [  59% ] 004/050 VUs  17m43.0s/30m0s  1.00 iters/s

running (17m44.0s), 004/050 VUs, 1060 complete and 0 interrupted iterations
soak   [  59% ] 004/050 VUs  17m44.0s/30m0s  1.00 iters/s

running (17m45.0s), 004/050 VUs, 1061 complete and 0 interrupted iterations
soak   [  59% ] 004/050 VUs  17m45.0s/30m0s  1.00 iters/s

running (17m46.0s), 003/050 VUs, 1063 complete and 0 interrupted iterations
soak   [  59% ] 003/050 VUs  17m46.0s/30m0s  1.00 iters/s

running (17m47.0s), 004/050 VUs, 1063 complete and 0 interrupted iterations
soak   [  59% ] 004/050 VUs  17m47.0s/30m0s  1.00 iters/s

running (17m48.0s), 005/050 VUs, 1063 complete and 0 interrupted iterations
soak   [  59% ] 005/050 VUs  17m48.0s/30m0s  1.00 iters/s

running (17m49.0s), 004/050 VUs, 1065 complete and 0 interrupted iterations
soak   [  59% ] 004/050 VUs  17m49.0s/30m0s  1.00 iters/s

running (17m50.0s), 004/050 VUs, 1066 complete and 0 interrupted iterations
soak   [  59% ] 004/050 VUs  17m50.0s/30m0s  1.00 iters/s

running (17m51.0s), 004/050 VUs, 1067 complete and 0 interrupted iterations
soak   [  59% ] 004/050 VUs  17m51.0s/30m0s  1.00 iters/s

running (17m52.0s), 003/050 VUs, 1069 complete and 0 interrupted iterations
soak   [  60% ] 003/050 VUs  17m52.0s/30m0s  1.00 iters/s

running (17m53.0s), 003/050 VUs, 1070 complete and 0 interrupted iterations
soak   [  60% ] 003/050 VUs  17m53.0s/30m0s  1.00 iters/s

running (17m54.0s), 004/050 VUs, 1070 complete and 0 interrupted iterations
soak   [  60% ] 004/050 VUs  17m54.0s/30m0s  1.00 iters/s

running (17m55.0s), 004/050 VUs, 1071 complete and 0 interrupted iterations
soak   [  60% ] 004/050 VUs  17m55.0s/30m0s  1.00 iters/s

running (17m56.0s), 003/050 VUs, 1073 complete and 0 interrupted iterations
soak   [  60% ] 003/050 VUs  17m56.0s/30m0s  1.00 iters/s

running (17m57.0s), 004/050 VUs, 1073 complete and 0 interrupted iterations
soak   [  60% ] 004/050 VUs  17m57.0s/30m0s  1.00 iters/s

running (17m58.0s), 004/050 VUs, 1074 complete and 0 interrupted iterations
soak   [  60% ] 004/050 VUs  17m58.0s/30m0s  1.00 iters/s

running (17m59.0s), 005/050 VUs, 1074 complete and 0 interrupted iterations
soak   [  60% ] 005/050 VUs  17m59.0s/30m0s  1.00 iters/s

running (18m00.0s), 004/050 VUs, 1076 complete and 0 interrupted iterations
soak   [  60% ] 004/050 VUs  18m00.0s/30m0s  1.00 iters/s

running (18m01.0s), 005/050 VUs, 1076 complete and 0 interrupted iterations
soak   [  60% ] 005/050 VUs  18m01.0s/30m0s  1.00 iters/s

running (18m02.0s), 004/050 VUs, 1078 complete and 0 interrupted iterations
soak   [  60% ] 004/050 VUs  18m02.0s/30m0s  1.00 iters/s

running (18m03.0s), 004/050 VUs, 1079 complete and 0 interrupted iterations
soak   [  60% ] 004/050 VUs  18m03.0s/30m0s  1.00 iters/s

running (18m04.0s), 005/050 VUs, 1079 complete and 0 interrupted iterations
soak   [  60% ] 005/050 VUs  18m04.0s/30m0s  1.00 iters/s

running (18m05.0s), 004/050 VUs, 1081 complete and 0 interrupted iterations
soak   [  60% ] 004/050 VUs  18m05.0s/30m0s  1.00 iters/s

running (18m06.0s), 004/050 VUs, 1082 complete and 0 interrupted iterations
soak   [  60% ] 004/050 VUs  18m06.0s/30m0s  1.00 iters/s

running (18m07.0s), 004/050 VUs, 1083 complete and 0 interrupted iterations
soak   [  60% ] 004/050 VUs  18m07.0s/30m0s  1.00 iters/s

running (18m08.0s), 003/050 VUs, 1085 complete and 0 interrupted iterations
soak   [  60% ] 003/050 VUs  18m08.0s/30m0s  1.00 iters/s

running (18m09.0s), 003/050 VUs, 1086 complete and 0 interrupted iterations
soak   [  60% ] 003/050 VUs  18m09.0s/30m0s  1.00 iters/s

running (18m10.0s), 004/050 VUs, 1086 complete and 0 interrupted iterations
soak   [  61% ] 004/050 VUs  18m10.0s/30m0s  1.00 iters/s

running (18m11.0s), 004/050 VUs, 1087 complete and 0 interrupted iterations
soak   [  61% ] 004/050 VUs  18m11.0s/30m0s  1.00 iters/s

running (18m12.0s), 004/050 VUs, 1088 complete and 0 interrupted iterations
soak   [  61% ] 004/050 VUs  18m12.0s/30m0s  1.00 iters/s

running (18m13.0s), 005/050 VUs, 1088 complete and 0 interrupted iterations
soak   [  61% ] 005/050 VUs  18m13.0s/30m0s  1.00 iters/s

running (18m14.0s), 005/050 VUs, 1089 complete and 0 interrupted iterations
soak   [  61% ] 005/050 VUs  18m14.0s/30m0s  1.00 iters/s

running (18m15.0s), 004/050 VUs, 1091 complete and 0 interrupted iterations
soak   [  61% ] 004/050 VUs  18m15.0s/30m0s  1.00 iters/s

running (18m16.0s), 005/050 VUs, 1091 complete and 0 interrupted iterations
soak   [  61% ] 005/050 VUs  18m16.0s/30m0s  1.00 iters/s

running (18m17.0s), 003/050 VUs, 1094 complete and 0 interrupted iterations
soak   [  61% ] 003/050 VUs  18m17.0s/30m0s  1.00 iters/s

running (18m18.0s), 004/050 VUs, 1094 complete and 0 interrupted iterations
soak   [  61% ] 004/050 VUs  18m18.0s/30m0s  1.00 iters/s

running (18m19.0s), 003/050 VUs, 1096 complete and 0 interrupted iterations
soak   [  61% ] 003/050 VUs  18m19.0s/30m0s  1.00 iters/s

running (18m20.0s), 003/050 VUs, 1097 complete and 0 interrupted iterations
soak   [  61% ] 003/050 VUs  18m20.0s/30m0s  1.00 iters/s

running (18m21.0s), 004/050 VUs, 1097 complete and 0 interrupted iterations
soak   [  61% ] 004/050 VUs  18m21.0s/30m0s  1.00 iters/s

running (18m22.0s), 004/050 VUs, 1098 complete and 0 interrupted iterations
soak   [  61% ] 004/050 VUs  18m22.0s/30m0s  1.00 iters/s

running (18m23.0s), 004/050 VUs, 1099 complete and 0 interrupted iterations
soak   [  61% ] 004/050 VUs  18m23.0s/30m0s  1.00 iters/s

running (18m24.0s), 003/050 VUs, 1101 complete and 0 interrupted iterations
soak   [  61% ] 003/050 VUs  18m24.0s/30m0s  1.00 iters/s

running (18m25.0s), 003/050 VUs, 1102 complete and 0 interrupted iterations
soak   [  61% ] 003/050 VUs  18m25.0s/30m0s  1.00 iters/s

running (18m26.0s), 004/050 VUs, 1102 complete and 0 interrupted iterations
soak   [  61% ] 004/050 VUs  18m26.0s/30m0s  1.00 iters/s

running (18m27.0s), 004/050 VUs, 1103 complete and 0 interrupted iterations
soak   [  61% ] 004/050 VUs  18m27.0s/30m0s  1.00 iters/s

running (18m28.0s), 004/050 VUs, 1104 complete and 0 interrupted iterations
soak   [  62% ] 004/050 VUs  18m28.0s/30m0s  1.00 iters/s

running (18m29.0s), 005/050 VUs, 1104 complete and 0 interrupted iterations
soak   [  62% ] 005/050 VUs  18m29.0s/30m0s  1.00 iters/s

running (18m30.0s), 006/050 VUs, 1104 complete and 0 interrupted iterations
soak   [  62% ] 006/050 VUs  18m30.0s/30m0s  1.00 iters/s

running (18m31.0s), 003/050 VUs, 1108 complete and 0 interrupted iterations
soak   [  62% ] 003/050 VUs  18m31.0s/30m0s  1.00 iters/s

running (18m32.0s), 004/050 VUs, 1108 complete and 0 interrupted iterations
soak   [  62% ] 004/050 VUs  18m32.0s/30m0s  1.00 iters/s

running (18m33.0s), 004/050 VUs, 1109 complete and 0 interrupted iterations
soak   [  62% ] 004/050 VUs  18m33.0s/30m0s  1.00 iters/s

running (18m34.0s), 004/050 VUs, 1110 complete and 0 interrupted iterations
soak   [  62% ] 004/050 VUs  18m34.0s/30m0s  1.00 iters/s

running (18m35.0s), 003/050 VUs, 1112 complete and 0 interrupted iterations
soak   [  62% ] 003/050 VUs  18m35.0s/30m0s  1.00 iters/s

running (18m36.0s), 003/050 VUs, 1113 complete and 0 interrupted iterations
soak   [  62% ] 003/050 VUs  18m36.0s/30m0s  1.00 iters/s

running (18m37.0s), 004/050 VUs, 1113 complete and 0 interrupted iterations
soak   [  62% ] 004/050 VUs  18m37.0s/30m0s  1.00 iters/s

running (18m38.0s), 005/050 VUs, 1113 complete and 0 interrupted iterations
soak   [  62% ] 005/050 VUs  18m38.0s/30m0s  1.00 iters/s

running (18m39.0s), 003/050 VUs, 1116 complete and 0 interrupted iterations
soak   [  62% ] 003/050 VUs  18m39.0s/30m0s  1.00 iters/s

running (18m40.0s), 004/050 VUs, 1116 complete and 0 interrupted iterations
soak   [  62% ] 004/050 VUs  18m40.0s/30m0s  1.00 iters/s

running (18m41.0s), 004/050 VUs, 1117 complete and 0 interrupted iterations
soak   [  62% ] 004/050 VUs  18m41.0s/30m0s  1.00 iters/s

running (18m42.0s), 003/050 VUs, 1119 complete and 0 interrupted iterations
soak   [  62% ] 003/050 VUs  18m42.0s/30m0s  1.00 iters/s

running (18m43.0s), 004/050 VUs, 1119 complete and 0 interrupted iterations
soak   [  62% ] 004/050 VUs  18m43.0s/30m0s  1.00 iters/s

running (18m44.0s), 005/050 VUs, 1119 complete and 0 interrupted iterations
soak   [  62% ] 005/050 VUs  18m44.0s/30m0s  1.00 iters/s

running (18m45.0s), 006/050 VUs, 1119 complete and 0 interrupted iterations
soak   [  62% ] 006/050 VUs  18m45.0s/30m0s  1.00 iters/s

running (18m46.0s), 004/050 VUs, 1122 complete and 0 interrupted iterations
soak   [  63% ] 004/050 VUs  18m46.0s/30m0s  1.00 iters/s

running (18m47.0s), 004/050 VUs, 1123 complete and 0 interrupted iterations
soak   [  63% ] 004/050 VUs  18m47.0s/30m0s  1.00 iters/s

running (18m48.0s), 005/050 VUs, 1123 complete and 0 interrupted iterations
soak   [  63% ] 005/050 VUs  18m48.0s/30m0s  1.00 iters/s

running (18m49.0s), 004/050 VUs, 1125 complete and 0 interrupted iterations
soak   [  63% ] 004/050 VUs  18m49.0s/30m0s  1.00 iters/s

running (18m50.0s), 004/050 VUs, 1126 complete and 0 interrupted iterations
soak   [  63% ] 004/050 VUs  18m50.0s/30m0s  1.00 iters/s

running (18m51.0s), 004/050 VUs, 1127 complete and 0 interrupted iterations
soak   [  63% ] 004/050 VUs  18m51.0s/30m0s  1.00 iters/s

running (18m52.0s), 004/050 VUs, 1128 complete and 0 interrupted iterations
soak   [  63% ] 004/050 VUs  18m52.0s/30m0s  1.00 iters/s

running (18m53.0s), 004/050 VUs, 1129 complete and 0 interrupted iterations
soak   [  63% ] 004/050 VUs  18m53.0s/30m0s  1.00 iters/s

running (18m54.0s), 005/050 VUs, 1129 complete and 0 interrupted iterations
soak   [  63% ] 005/050 VUs  18m54.0s/30m0s  1.00 iters/s

running (18m55.0s), 005/050 VUs, 1130 complete and 0 interrupted iterations
soak   [  63% ] 005/050 VUs  18m55.0s/30m0s  1.00 iters/s

running (18m56.0s), 005/050 VUs, 1131 complete and 0 interrupted iterations
soak   [  63% ] 005/050 VUs  18m56.0s/30m0s  1.00 iters/s

running (18m57.0s), 004/050 VUs, 1133 complete and 0 interrupted iterations
soak   [  63% ] 004/050 VUs  18m57.0s/30m0s  1.00 iters/s

running (18m58.0s), 004/050 VUs, 1134 complete and 0 interrupted iterations
soak   [  63% ] 004/050 VUs  18m58.0s/30m0s  1.00 iters/s

running (18m59.0s), 004/050 VUs, 1135 complete and 0 interrupted iterations
soak   [  63% ] 004/050 VUs  18m59.0s/30m0s  1.00 iters/s

running (19m00.0s), 005/050 VUs, 1135 complete and 0 interrupted iterations
soak   [  63% ] 005/050 VUs  19m00.0s/30m0s  1.00 iters/s

running (19m01.0s), 005/050 VUs, 1136 complete and 0 interrupted iterations
soak   [  63% ] 005/050 VUs  19m01.0s/30m0s  1.00 iters/s

running (19m02.0s), 004/050 VUs, 1138 complete and 0 interrupted iterations
soak   [  63% ] 004/050 VUs  19m02.0s/30m0s  1.00 iters/s

running (19m03.0s), 004/050 VUs, 1139 complete and 0 interrupted iterations
soak   [  63% ] 004/050 VUs  19m03.0s/30m0s  1.00 iters/s

running (19m04.0s), 004/050 VUs, 1140 complete and 0 interrupted iterations
soak   [  64% ] 004/050 VUs  19m04.0s/30m0s  1.00 iters/s

running (19m05.0s), 004/050 VUs, 1141 complete and 0 interrupted iterations
soak   [  64% ] 004/050 VUs  19m05.0s/30m0s  1.00 iters/s

running (19m06.0s), 005/050 VUs, 1141 complete and 0 interrupted iterations
soak   [  64% ] 005/050 VUs  19m06.0s/30m0s  1.00 iters/s

running (19m07.0s), 004/050 VUs, 1143 complete and 0 interrupted iterations
soak   [  64% ] 004/050 VUs  19m07.0s/30m0s  1.00 iters/s

running (19m08.0s), 004/050 VUs, 1144 complete and 0 interrupted iterations
soak   [  64% ] 004/050 VUs  19m08.0s/30m0s  1.00 iters/s

running (19m09.0s), 004/050 VUs, 1145 complete and 0 interrupted iterations
soak   [  64% ] 004/050 VUs  19m09.0s/30m0s  1.00 iters/s

running (19m10.0s), 004/050 VUs, 1146 complete and 0 interrupted iterations
soak   [  64% ] 004/050 VUs  19m10.0s/30m0s  1.00 iters/s

running (19m11.0s), 004/050 VUs, 1147 complete and 0 interrupted iterations
soak   [  64% ] 004/050 VUs  19m11.0s/30m0s  1.00 iters/s

running (19m12.0s), 005/050 VUs, 1147 complete and 0 interrupted iterations
soak   [  64% ] 005/050 VUs  19m12.0s/30m0s  1.00 iters/s

running (19m13.0s), 004/050 VUs, 1149 complete and 0 interrupted iterations
soak   [  64% ] 004/050 VUs  19m13.0s/30m0s  1.00 iters/s

running (19m14.0s), 004/050 VUs, 1150 complete and 0 interrupted iterations
soak   [  64% ] 004/050 VUs  19m14.0s/30m0s  1.00 iters/s

running (19m15.0s), 004/050 VUs, 1151 complete and 0 interrupted iterations
soak   [  64% ] 004/050 VUs  19m15.0s/30m0s  1.00 iters/s

running (19m16.0s), 004/050 VUs, 1152 complete and 0 interrupted iterations
soak   [  64% ] 004/050 VUs  19m16.0s/30m0s  1.00 iters/s

running (19m17.0s), 004/050 VUs, 1153 complete and 0 interrupted iterations
soak   [  64% ] 004/050 VUs  19m17.0s/30m0s  1.00 iters/s

running (19m18.0s), 005/050 VUs, 1153 complete and 0 interrupted iterations
soak   [  64% ] 005/050 VUs  19m18.0s/30m0s  1.00 iters/s

running (19m19.0s), 003/050 VUs, 1156 complete and 0 interrupted iterations
soak   [  64% ] 003/050 VUs  19m19.0s/30m0s  1.00 iters/s

running (19m20.0s), 003/050 VUs, 1157 complete and 0 interrupted iterations
soak   [  64% ] 003/050 VUs  19m20.0s/30m0s  1.00 iters/s

running (19m21.0s), 004/050 VUs, 1157 complete and 0 interrupted iterations
soak   [  64% ] 004/050 VUs  19m21.0s/30m0s  1.00 iters/s

running (19m22.0s), 005/050 VUs, 1157 complete and 0 interrupted iterations
soak   [  65% ] 005/050 VUs  19m22.0s/30m0s  1.00 iters/s

running (19m23.0s), 004/050 VUs, 1159 complete and 0 interrupted iterations
soak   [  65% ] 004/050 VUs  19m23.0s/30m0s  1.00 iters/s

running (19m24.0s), 004/050 VUs, 1160 complete and 0 interrupted iterations
soak   [  65% ] 004/050 VUs  19m24.0s/30m0s  1.00 iters/s

running (19m25.0s), 004/050 VUs, 1161 complete and 0 interrupted iterations
soak   [  65% ] 004/050 VUs  19m25.0s/30m0s  1.00 iters/s

running (19m26.0s), 005/050 VUs, 1161 complete and 0 interrupted iterations
soak   [  65% ] 005/050 VUs  19m26.0s/30m0s  1.00 iters/s

running (19m27.0s), 006/050 VUs, 1161 complete and 0 interrupted iterations
soak   [  65% ] 006/050 VUs  19m27.0s/30m0s  1.00 iters/s

running (19m28.0s), 003/050 VUs, 1165 complete and 0 interrupted iterations
soak   [  65% ] 003/050 VUs  19m28.0s/30m0s  1.00 iters/s

running (19m29.0s), 004/050 VUs, 1165 complete and 0 interrupted iterations
soak   [  65% ] 004/050 VUs  19m29.0s/30m0s  1.00 iters/s

running (19m30.0s), 005/050 VUs, 1165 complete and 0 interrupted iterations
soak   [  65% ] 005/050 VUs  19m30.0s/30m0s  1.00 iters/s

running (19m31.0s), 004/050 VUs, 1167 complete and 0 interrupted iterations
soak   [  65% ] 004/050 VUs  19m31.0s/30m0s  1.00 iters/s

running (19m32.0s), 005/050 VUs, 1167 complete and 0 interrupted iterations
soak   [  65% ] 005/050 VUs  19m32.0s/30m0s  1.00 iters/s

running (19m33.0s), 004/050 VUs, 1169 complete and 0 interrupted iterations
soak   [  65% ] 004/050 VUs  19m33.0s/30m0s  1.00 iters/s

running (19m34.0s), 004/050 VUs, 1170 complete and 0 interrupted iterations
soak   [  65% ] 004/050 VUs  19m34.0s/30m0s  1.00 iters/s

running (19m35.0s), 005/050 VUs, 1170 complete and 0 interrupted iterations
soak   [  65% ] 005/050 VUs  19m35.0s/30m0s  1.00 iters/s

running (19m36.0s), 003/050 VUs, 1173 complete and 0 interrupted iterations
soak   [  65% ] 003/050 VUs  19m36.0s/30m0s  1.00 iters/s

running (19m37.0s), 004/050 VUs, 1173 complete and 0 interrupted iterations
soak   [  65% ] 004/050 VUs  19m37.0s/30m0s  1.00 iters/s

running (19m38.0s), 005/050 VUs, 1173 complete and 0 interrupted iterations
soak   [  65% ] 005/050 VUs  19m38.0s/30m0s  1.00 iters/s

running (19m39.0s), 004/050 VUs, 1175 complete and 0 interrupted iterations
soak   [  65% ] 004/050 VUs  19m39.0s/30m0s  1.00 iters/s

running (19m40.0s), 005/050 VUs, 1175 complete and 0 interrupted iterations
soak   [  66% ] 005/050 VUs  19m40.0s/30m0s  1.00 iters/s

running (19m41.0s), 005/050 VUs, 1176 complete and 0 interrupted iterations
soak   [  66% ] 005/050 VUs  19m41.0s/30m0s  1.00 iters/s

running (19m42.0s), 006/050 VUs, 1176 complete and 0 interrupted iterations
soak   [  66% ] 006/050 VUs  19m42.0s/30m0s  1.00 iters/s

running (19m43.0s), 007/050 VUs, 1176 complete and 0 interrupted iterations
soak   [  66% ] 007/050 VUs  19m43.0s/30m0s  1.00 iters/s

running (19m44.0s), 004/050 VUs, 1180 complete and 0 interrupted iterations
soak   [  66% ] 004/050 VUs  19m44.0s/30m0s  1.00 iters/s

running (19m45.0s), 004/050 VUs, 1181 complete and 0 interrupted iterations
soak   [  66% ] 004/050 VUs  19m45.0s/30m0s  1.00 iters/s

running (19m46.0s), 005/050 VUs, 1181 complete and 0 interrupted iterations
soak   [  66% ] 005/050 VUs  19m46.0s/30m0s  1.00 iters/s

running (19m47.0s), 005/050 VUs, 1182 complete and 0 interrupted iterations
soak   [  66% ] 005/050 VUs  19m47.0s/30m0s  1.00 iters/s

running (19m48.0s), 004/050 VUs, 1184 complete and 0 interrupted iterations
soak   [  66% ] 004/050 VUs  19m48.0s/30m0s  1.00 iters/s

running (19m49.0s), 005/050 VUs, 1184 complete and 0 interrupted iterations
soak   [  66% ] 005/050 VUs  19m49.0s/30m0s  1.00 iters/s

running (19m50.0s), 004/050 VUs, 1186 complete and 0 interrupted iterations
soak   [  66% ] 004/050 VUs  19m50.0s/30m0s  1.00 iters/s

running (19m51.0s), 005/050 VUs, 1186 complete and 0 interrupted iterations
soak   [  66% ] 005/050 VUs  19m51.0s/30m0s  1.00 iters/s

running (19m52.0s), 004/050 VUs, 1188 complete and 0 interrupted iterations
soak   [  66% ] 004/050 VUs  19m52.0s/30m0s  1.00 iters/s

running (19m53.0s), 004/050 VUs, 1189 complete and 0 interrupted iterations
soak   [  66% ] 004/050 VUs  19m53.0s/30m0s  1.00 iters/s

running (19m54.0s), 003/050 VUs, 1191 complete and 0 interrupted iterations
soak   [  66% ] 003/050 VUs  19m54.0s/30m0s  1.00 iters/s

running (19m55.0s), 004/050 VUs, 1191 complete and 0 interrupted iterations
soak   [  66% ] 004/050 VUs  19m55.0s/30m0s  1.00 iters/s

running (19m56.0s), 004/050 VUs, 1192 complete and 0 interrupted iterations
soak   [  66% ] 004/050 VUs  19m56.0s/30m0s  1.00 iters/s

running (19m57.0s), 004/050 VUs, 1193 complete and 0 interrupted iterations
soak   [  66% ] 004/050 VUs  19m57.0s/30m0s  1.00 iters/s

running (19m58.0s), 004/050 VUs, 1194 complete and 0 interrupted iterations
soak   [  67% ] 004/050 VUs  19m58.0s/30m0s  1.00 iters/s

running (19m59.0s), 005/050 VUs, 1194 complete and 0 interrupted iterations
soak   [  67% ] 005/050 VUs  19m59.0s/30m0s  1.00 iters/s

running (20m00.0s), 006/050 VUs, 1194 complete and 0 interrupted iterations
soak   [  67% ] 006/050 VUs  20m00.0s/30m0s  1.00 iters/s

running (20m01.0s), 004/050 VUs, 1197 complete and 0 interrupted iterations
soak   [  67% ] 004/050 VUs  20m01.0s/30m0s  1.00 iters/s

running (20m02.0s), 005/050 VUs, 1197 complete and 0 interrupted iterations
soak   [  67% ] 005/050 VUs  20m02.0s/30m0s  1.00 iters/s

running (20m03.0s), 005/050 VUs, 1198 complete and 0 interrupted iterations
soak   [  67% ] 005/050 VUs  20m03.0s/30m0s  1.00 iters/s

running (20m04.0s), 005/050 VUs, 1199 complete and 0 interrupted iterations
soak   [  67% ] 005/050 VUs  20m04.0s/30m0s  1.00 iters/s

running (20m05.0s), 005/050 VUs, 1200 complete and 0 interrupted iterations
soak   [  67% ] 005/050 VUs  20m05.0s/30m0s  1.00 iters/s

running (20m06.0s), 005/050 VUs, 1201 complete and 0 interrupted iterations
soak   [  67% ] 005/050 VUs  20m06.0s/30m0s  1.00 iters/s

running (20m07.0s), 005/050 VUs, 1202 complete and 0 interrupted iterations
soak   [  67% ] 005/050 VUs  20m07.0s/30m0s  1.00 iters/s

running (20m08.0s), 005/050 VUs, 1203 complete and 0 interrupted iterations
soak   [  67% ] 005/050 VUs  20m08.0s/30m0s  1.00 iters/s

running (20m09.0s), 005/050 VUs, 1204 complete and 0 interrupted iterations
soak   [  67% ] 005/050 VUs  20m09.0s/30m0s  1.00 iters/s

running (20m10.0s), 006/050 VUs, 1204 complete and 0 interrupted iterations
soak   [  67% ] 006/050 VUs  20m10.0s/30m0s  1.00 iters/s

running (20m11.0s), 005/050 VUs, 1206 complete and 0 interrupted iterations
soak   [  67% ] 005/050 VUs  20m11.0s/30m0s  1.00 iters/s

running (20m12.0s), 004/050 VUs, 1208 complete and 0 interrupted iterations
soak   [  67% ] 004/050 VUs  20m12.0s/30m0s  1.00 iters/s

running (20m13.0s), 005/050 VUs, 1208 complete and 0 interrupted iterations
soak   [  67% ] 005/050 VUs  20m13.0s/30m0s  1.00 iters/s

running (20m14.0s), 005/050 VUs, 1209 complete and 0 interrupted iterations
soak   [  67% ] 005/050 VUs  20m14.0s/30m0s  1.00 iters/s

running (20m15.0s), 004/050 VUs, 1211 complete and 0 interrupted iterations
soak   [  67% ] 004/050 VUs  20m15.0s/30m0s  1.00 iters/s

running (20m16.0s), 004/050 VUs, 1212 complete and 0 interrupted iterations
soak   [  68% ] 004/050 VUs  20m16.0s/30m0s  1.00 iters/s

running (20m17.0s), 004/050 VUs, 1213 complete and 0 interrupted iterations
soak   [  68% ] 004/050 VUs  20m17.0s/30m0s  1.00 iters/s

running (20m18.0s), 004/050 VUs, 1214 complete and 0 interrupted iterations
soak   [  68% ] 004/050 VUs  20m18.0s/30m0s  1.00 iters/s

running (20m19.0s), 005/050 VUs, 1214 complete and 0 interrupted iterations
soak   [  68% ] 005/050 VUs  20m19.0s/30m0s  1.00 iters/s

running (20m20.0s), 004/050 VUs, 1216 complete and 0 interrupted iterations
soak   [  68% ] 004/050 VUs  20m20.0s/30m0s  1.00 iters/s

running (20m21.0s), 004/050 VUs, 1217 complete and 0 interrupted iterations
soak   [  68% ] 004/050 VUs  20m21.0s/30m0s  1.00 iters/s

running (20m22.0s), 004/050 VUs, 1218 complete and 0 interrupted iterations
soak   [  68% ] 004/050 VUs  20m22.0s/30m0s  1.00 iters/s

running (20m23.0s), 004/050 VUs, 1219 complete and 0 interrupted iterations
soak   [  68% ] 004/050 VUs  20m23.0s/30m0s  1.00 iters/s

running (20m24.0s), 005/050 VUs, 1219 complete and 0 interrupted iterations
soak   [  68% ] 005/050 VUs  20m24.0s/30m0s  1.00 iters/s

running (20m25.0s), 004/050 VUs, 1221 complete and 0 interrupted iterations
soak   [  68% ] 004/050 VUs  20m25.0s/30m0s  1.00 iters/s

running (20m26.0s), 005/050 VUs, 1221 complete and 0 interrupted iterations
soak   [  68% ] 005/050 VUs  20m26.0s/30m0s  1.00 iters/s

running (20m27.0s), 005/050 VUs, 1222 complete and 0 interrupted iterations
soak   [  68% ] 005/050 VUs  20m27.0s/30m0s  1.00 iters/s

running (20m28.0s), 005/050 VUs, 1223 complete and 0 interrupted iterations
soak   [  68% ] 005/050 VUs  20m28.0s/30m0s  1.00 iters/s

running (20m29.0s), 005/050 VUs, 1224 complete and 0 interrupted iterations
soak   [  68% ] 005/050 VUs  20m29.0s/30m0s  1.00 iters/s

running (20m30.0s), 004/050 VUs, 1226 complete and 0 interrupted iterations
soak   [  68% ] 004/050 VUs  20m30.0s/30m0s  1.00 iters/s

running (20m31.0s), 003/050 VUs, 1228 complete and 0 interrupted iterations
soak   [  68% ] 003/050 VUs  20m31.0s/30m0s  1.00 iters/s

running (20m32.0s), 004/050 VUs, 1228 complete and 0 interrupted iterations
soak   [  68% ] 004/050 VUs  20m32.0s/30m0s  1.00 iters/s

running (20m33.0s), 004/050 VUs, 1229 complete and 0 interrupted iterations
soak   [  68% ] 004/050 VUs  20m33.0s/30m0s  1.00 iters/s

running (20m34.0s), 004/050 VUs, 1230 complete and 0 interrupted iterations
soak   [  69% ] 004/050 VUs  20m34.0s/30m0s  1.00 iters/s

running (20m35.0s), 005/050 VUs, 1230 complete and 0 interrupted iterations
soak   [  69% ] 005/050 VUs  20m35.0s/30m0s  1.00 iters/s

running (20m36.0s), 006/050 VUs, 1230 complete and 0 interrupted iterations
soak   [  69% ] 006/050 VUs  20m36.0s/30m0s  1.00 iters/s

running (20m37.0s), 004/050 VUs, 1233 complete and 0 interrupted iterations
soak   [  69% ] 004/050 VUs  20m37.0s/30m0s  1.00 iters/s

running (20m38.0s), 004/050 VUs, 1234 complete and 0 interrupted iterations
soak   [  69% ] 004/050 VUs  20m38.0s/30m0s  1.00 iters/s

running (20m39.0s), 005/050 VUs, 1234 complete and 0 interrupted iterations
soak   [  69% ] 005/050 VUs  20m39.0s/30m0s  1.00 iters/s

running (20m40.0s), 004/050 VUs, 1236 complete and 0 interrupted iterations
soak   [  69% ] 004/050 VUs  20m40.0s/30m0s  1.00 iters/s

running (20m41.0s), 004/050 VUs, 1237 complete and 0 interrupted iterations
soak   [  69% ] 004/050 VUs  20m41.0s/30m0s  1.00 iters/s

running (20m42.0s), 004/050 VUs, 1238 complete and 0 interrupted iterations
soak   [  69% ] 004/050 VUs  20m42.0s/30m0s  1.00 iters/s

running (20m43.0s), 005/050 VUs, 1238 complete and 0 interrupted iterations
soak   [  69% ] 005/050 VUs  20m43.0s/30m0s  1.00 iters/s

running (20m44.0s), 005/050 VUs, 1239 complete and 0 interrupted iterations
soak   [  69% ] 005/050 VUs  20m44.0s/30m0s  1.00 iters/s

running (20m45.0s), 005/050 VUs, 1240 complete and 0 interrupted iterations
soak   [  69% ] 005/050 VUs  20m45.0s/30m0s  1.00 iters/s

running (20m46.0s), 004/050 VUs, 1242 complete and 0 interrupted iterations
soak   [  69% ] 004/050 VUs  20m46.0s/30m0s  1.00 iters/s

running (20m47.0s), 004/050 VUs, 1243 complete and 0 interrupted iterations
soak   [  69% ] 004/050 VUs  20m47.0s/30m0s  1.00 iters/s

running (20m48.0s), 004/050 VUs, 1244 complete and 0 interrupted iterations
soak   [  69% ] 004/050 VUs  20m48.0s/30m0s  1.00 iters/s

running (20m49.0s), 005/050 VUs, 1244 complete and 0 interrupted iterations
soak   [  69% ] 005/050 VUs  20m49.0s/30m0s  1.00 iters/s

running (20m50.0s), 006/050 VUs, 1244 complete and 0 interrupted iterations
soak   [  69% ] 006/050 VUs  20m50.0s/30m0s  1.00 iters/s

running (20m51.0s), 004/050 VUs, 1247 complete and 0 interrupted iterations
soak   [  69% ] 004/050 VUs  20m51.0s/30m0s  1.00 iters/s

running (20m52.0s), 005/050 VUs, 1247 complete and 0 interrupted iterations
soak   [  70% ] 005/050 VUs  20m52.0s/30m0s  1.00 iters/s

running (20m53.0s), 005/050 VUs, 1248 complete and 0 interrupted iterations
soak   [  70% ] 005/050 VUs  20m53.0s/30m0s  1.00 iters/s

running (20m54.0s), 006/050 VUs, 1248 complete and 0 interrupted iterations
soak   [  70% ] 006/050 VUs  20m54.0s/30m0s  1.00 iters/s

running (20m55.0s), 004/050 VUs, 1251 complete and 0 interrupted iterations
soak   [  70% ] 004/050 VUs  20m55.0s/30m0s  1.00 iters/s

running (20m56.0s), 004/050 VUs, 1252 complete and 0 interrupted iterations
soak   [  70% ] 004/050 VUs  20m56.0s/30m0s  1.00 iters/s

running (20m57.0s), 004/050 VUs, 1253 complete and 0 interrupted iterations
soak   [  70% ] 004/050 VUs  20m57.0s/30m0s  1.00 iters/s

running (20m58.0s), 004/050 VUs, 1254 complete and 0 interrupted iterations
soak   [  70% ] 004/050 VUs  20m58.0s/30m0s  1.00 iters/s

running (20m59.0s), 004/050 VUs, 1255 complete and 0 interrupted iterations
soak   [  70% ] 004/050 VUs  20m59.0s/30m0s  1.00 iters/s

running (21m00.0s), 005/050 VUs, 1255 complete and 0 interrupted iterations
soak   [  70% ] 005/050 VUs  21m00.0s/30m0s  1.00 iters/s

running (21m01.0s), 005/050 VUs, 1256 complete and 0 interrupted iterations
soak   [  70% ] 005/050 VUs  21m01.0s/30m0s  1.00 iters/s

running (21m02.0s), 005/050 VUs, 1257 complete and 0 interrupted iterations
soak   [  70% ] 005/050 VUs  21m02.0s/30m0s  1.00 iters/s

running (21m03.0s), 004/050 VUs, 1259 complete and 0 interrupted iterations
soak   [  70% ] 004/050 VUs  21m03.0s/30m0s  1.00 iters/s

running (21m04.0s), 004/050 VUs, 1260 complete and 0 interrupted iterations
soak   [  70% ] 004/050 VUs  21m04.0s/30m0s  1.00 iters/s

running (21m05.0s), 004/050 VUs, 1261 complete and 0 interrupted iterations
soak   [  70% ] 004/050 VUs  21m05.0s/30m0s  1.00 iters/s

running (21m06.0s), 004/050 VUs, 1262 complete and 0 interrupted iterations
soak   [  70% ] 004/050 VUs  21m06.0s/30m0s  1.00 iters/s

running (21m07.0s), 005/050 VUs, 1262 complete and 0 interrupted iterations
soak   [  70% ] 005/050 VUs  21m07.0s/30m0s  1.00 iters/s

running (21m08.0s), 004/050 VUs, 1264 complete and 0 interrupted iterations
soak   [  70% ] 004/050 VUs  21m08.0s/30m0s  1.00 iters/s

running (21m09.0s), 004/050 VUs, 1265 complete and 0 interrupted iterations
soak   [  70% ] 004/050 VUs  21m09.0s/30m0s  1.00 iters/s

running (21m10.0s), 004/050 VUs, 1266 complete and 0 interrupted iterations
soak   [  71% ] 004/050 VUs  21m10.0s/30m0s  1.00 iters/s

running (21m11.0s), 005/050 VUs, 1266 complete and 0 interrupted iterations
soak   [  71% ] 005/050 VUs  21m11.0s/30m0s  1.00 iters/s

running (21m12.0s), 005/050 VUs, 1267 complete and 0 interrupted iterations
soak   [  71% ] 005/050 VUs  21m12.0s/30m0s  1.00 iters/s

running (21m13.0s), 004/050 VUs, 1269 complete and 0 interrupted iterations
soak   [  71% ] 004/050 VUs  21m13.0s/30m0s  1.00 iters/s

running (21m14.0s), 004/050 VUs, 1270 complete and 0 interrupted iterations
soak   [  71% ] 004/050 VUs  21m14.0s/30m0s  1.00 iters/s

running (21m15.0s), 004/050 VUs, 1271 complete and 0 interrupted iterations
soak   [  71% ] 004/050 VUs  21m15.0s/30m0s  1.00 iters/s

running (21m16.0s), 005/050 VUs, 1271 complete and 0 interrupted iterations
soak   [  71% ] 005/050 VUs  21m16.0s/30m0s  1.00 iters/s

running (21m17.0s), 004/050 VUs, 1273 complete and 0 interrupted iterations
soak   [  71% ] 004/050 VUs  21m17.0s/30m0s  1.00 iters/s

running (21m18.0s), 004/050 VUs, 1274 complete and 0 interrupted iterations
soak   [  71% ] 004/050 VUs  21m18.0s/30m0s  1.00 iters/s

running (21m19.0s), 004/050 VUs, 1275 complete and 0 interrupted iterations
soak   [  71% ] 004/050 VUs  21m19.0s/30m0s  1.00 iters/s

running (21m20.0s), 004/050 VUs, 1276 complete and 0 interrupted iterations
soak   [  71% ] 004/050 VUs  21m20.0s/30m0s  1.00 iters/s

running (21m21.0s), 005/050 VUs, 1276 complete and 0 interrupted iterations
soak   [  71% ] 005/050 VUs  21m21.0s/30m0s  1.00 iters/s

running (21m22.0s), 006/050 VUs, 1276 complete and 0 interrupted iterations
soak   [  71% ] 006/050 VUs  21m22.0s/30m0s  1.00 iters/s

running (21m23.0s), 004/050 VUs, 1279 complete and 0 interrupted iterations
soak   [  71% ] 004/050 VUs  21m23.0s/30m0s  1.00 iters/s

running (21m24.0s), 005/050 VUs, 1279 complete and 0 interrupted iterations
soak   [  71% ] 005/050 VUs  21m24.0s/30m0s  1.00 iters/s

running (21m25.0s), 005/050 VUs, 1280 complete and 0 interrupted iterations
soak   [  71% ] 005/050 VUs  21m25.0s/30m0s  1.00 iters/s

running (21m26.0s), 004/050 VUs, 1282 complete and 0 interrupted iterations
soak   [  71% ] 004/050 VUs  21m26.0s/30m0s  1.00 iters/s

running (21m27.0s), 004/050 VUs, 1283 complete and 0 interrupted iterations
soak   [  71% ] 004/050 VUs  21m27.0s/30m0s  1.00 iters/s

running (21m28.0s), 004/050 VUs, 1284 complete and 0 interrupted iterations
soak   [  72% ] 004/050 VUs  21m28.0s/30m0s  1.00 iters/s

running (21m29.0s), 005/050 VUs, 1284 complete and 0 interrupted iterations
soak   [  72% ] 005/050 VUs  21m29.0s/30m0s  1.00 iters/s

running (21m30.0s), 003/050 VUs, 1287 complete and 0 interrupted iterations
soak   [  72% ] 003/050 VUs  21m30.0s/30m0s  1.00 iters/s

running (21m31.0s), 004/050 VUs, 1287 complete and 0 interrupted iterations
soak   [  72% ] 004/050 VUs  21m31.0s/30m0s  1.00 iters/s

running (21m32.0s), 004/050 VUs, 1288 complete and 0 interrupted iterations
soak   [  72% ] 004/050 VUs  21m32.0s/30m0s  1.00 iters/s

running (21m33.0s), 004/050 VUs, 1289 complete and 0 interrupted iterations
soak   [  72% ] 004/050 VUs  21m33.0s/30m0s  1.00 iters/s

running (21m34.0s), 004/050 VUs, 1290 complete and 0 interrupted iterations
soak   [  72% ] 004/050 VUs  21m34.0s/30m0s  1.00 iters/s

running (21m35.0s), 005/050 VUs, 1290 complete and 0 interrupted iterations
soak   [  72% ] 005/050 VUs  21m35.0s/30m0s  1.00 iters/s

running (21m36.0s), 004/050 VUs, 1292 complete and 0 interrupted iterations
soak   [  72% ] 004/050 VUs  21m36.0s/30m0s  1.00 iters/s

running (21m37.0s), 004/050 VUs, 1293 complete and 0 interrupted iterations
soak   [  72% ] 004/050 VUs  21m37.0s/30m0s  1.00 iters/s

running (21m38.0s), 004/050 VUs, 1294 complete and 0 interrupted iterations
soak   [  72% ] 004/050 VUs  21m38.0s/30m0s  1.00 iters/s

running (21m39.0s), 005/050 VUs, 1294 complete and 0 interrupted iterations
soak   [  72% ] 005/050 VUs  21m39.0s/30m0s  1.00 iters/s

running (21m40.0s), 005/050 VUs, 1295 complete and 0 interrupted iterations
soak   [  72% ] 005/050 VUs  21m40.0s/30m0s  1.00 iters/s

running (21m41.0s), 003/050 VUs, 1298 complete and 0 interrupted iterations
soak   [  72% ] 003/050 VUs  21m41.0s/30m0s  1.00 iters/s

running (21m42.0s), 004/050 VUs, 1298 complete and 0 interrupted iterations
soak   [  72% ] 004/050 VUs  21m42.0s/30m0s  1.00 iters/s

running (21m43.0s), 004/050 VUs, 1299 complete and 0 interrupted iterations
soak   [  72% ] 004/050 VUs  21m43.0s/30m0s  1.00 iters/s

running (21m44.0s), 003/050 VUs, 1301 complete and 0 interrupted iterations
soak   [  72% ] 003/050 VUs  21m44.0s/30m0s  1.00 iters/s

running (21m45.0s), 004/050 VUs, 1301 complete and 0 interrupted iterations
soak   [  72% ] 004/050 VUs  21m45.0s/30m0s  1.00 iters/s

running (21m46.0s), 004/050 VUs, 1302 complete and 0 interrupted iterations
soak   [  73% ] 004/050 VUs  21m46.0s/30m0s  1.00 iters/s

running (21m47.0s), 004/050 VUs, 1303 complete and 0 interrupted iterations
soak   [  73% ] 004/050 VUs  21m47.0s/30m0s  1.00 iters/s

running (21m48.0s), 004/050 VUs, 1304 complete and 0 interrupted iterations
soak   [  73% ] 004/050 VUs  21m48.0s/30m0s  1.00 iters/s

running (21m49.0s), 004/050 VUs, 1305 complete and 0 interrupted iterations
soak   [  73% ] 004/050 VUs  21m49.0s/30m0s  1.00 iters/s

running (21m50.0s), 005/050 VUs, 1305 complete and 0 interrupted iterations
soak   [  73% ] 005/050 VUs  21m50.0s/30m0s  1.00 iters/s

running (21m51.0s), 004/050 VUs, 1307 complete and 0 interrupted iterations
soak   [  73% ] 004/050 VUs  21m51.0s/30m0s  1.00 iters/s

running (21m52.0s), 004/050 VUs, 1308 complete and 0 interrupted iterations
soak   [  73% ] 004/050 VUs  21m52.0s/30m0s  1.00 iters/s

running (21m53.0s), 004/050 VUs, 1309 complete and 0 interrupted iterations
soak   [  73% ] 004/050 VUs  21m53.0s/30m0s  1.00 iters/s

running (21m54.0s), 004/050 VUs, 1310 complete and 0 interrupted iterations
soak   [  73% ] 004/050 VUs  21m54.0s/30m0s  1.00 iters/s

running (21m55.0s), 005/050 VUs, 1310 complete and 0 interrupted iterations
soak   [  73% ] 005/050 VUs  21m55.0s/30m0s  1.00 iters/s

running (21m56.0s), 005/050 VUs, 1311 complete and 0 interrupted iterations
soak   [  73% ] 005/050 VUs  21m56.0s/30m0s  1.00 iters/s

running (21m57.0s), 004/050 VUs, 1313 complete and 0 interrupted iterations
soak   [  73% ] 004/050 VUs  21m57.0s/30m0s  1.00 iters/s

running (21m58.0s), 005/050 VUs, 1313 complete and 0 interrupted iterations
soak   [  73% ] 005/050 VUs  21m58.0s/30m0s  1.00 iters/s

running (21m59.0s), 004/050 VUs, 1315 complete and 0 interrupted iterations
soak   [  73% ] 004/050 VUs  21m59.0s/30m0s  1.00 iters/s

running (22m00.0s), 004/050 VUs, 1316 complete and 0 interrupted iterations
soak   [  73% ] 004/050 VUs  22m00.0s/30m0s  1.00 iters/s

running (22m01.0s), 005/050 VUs, 1316 complete and 0 interrupted iterations
soak   [  73% ] 005/050 VUs  22m01.0s/30m0s  1.00 iters/s

running (22m02.0s), 005/050 VUs, 1317 complete and 0 interrupted iterations
soak   [  73% ] 005/050 VUs  22m02.0s/30m0s  1.00 iters/s

running (22m03.0s), 004/050 VUs, 1319 complete and 0 interrupted iterations
soak   [  73% ] 004/050 VUs  22m03.0s/30m0s  1.00 iters/s

running (22m04.0s), 004/050 VUs, 1320 complete and 0 interrupted iterations
soak   [  74% ] 004/050 VUs  22m04.0s/30m0s  1.00 iters/s

running (22m05.0s), 004/050 VUs, 1321 complete and 0 interrupted iterations
soak   [  74% ] 004/050 VUs  22m05.0s/30m0s  1.00 iters/s

running (22m06.0s), 005/050 VUs, 1321 complete and 0 interrupted iterations
soak   [  74% ] 005/050 VUs  22m06.0s/30m0s  1.00 iters/s

running (22m07.0s), 005/050 VUs, 1322 complete and 0 interrupted iterations
soak   [  74% ] 005/050 VUs  22m07.0s/30m0s  1.00 iters/s

running (22m08.0s), 005/050 VUs, 1323 complete and 0 interrupted iterations
soak   [  74% ] 005/050 VUs  22m08.0s/30m0s  1.00 iters/s

running (22m09.0s), 004/050 VUs, 1325 complete and 0 interrupted iterations
soak   [  74% ] 004/050 VUs  22m09.0s/30m0s  1.00 iters/s

running (22m10.0s), 004/050 VUs, 1326 complete and 0 interrupted iterations
soak   [  74% ] 004/050 VUs  22m10.0s/30m0s  1.00 iters/s

running (22m11.0s), 005/050 VUs, 1326 complete and 0 interrupted iterations
soak   [  74% ] 005/050 VUs  22m11.0s/30m0s  1.00 iters/s

running (22m12.0s), 005/050 VUs, 1327 complete and 0 interrupted iterations
soak   [  74% ] 005/050 VUs  22m12.0s/30m0s  1.00 iters/s

running (22m13.0s), 005/050 VUs, 1328 complete and 0 interrupted iterations
soak   [  74% ] 005/050 VUs  22m13.0s/30m0s  1.00 iters/s

running (22m14.0s), 006/050 VUs, 1328 complete and 0 interrupted iterations
soak   [  74% ] 006/050 VUs  22m14.0s/30m0s  1.00 iters/s

running (22m15.0s), 004/050 VUs, 1331 complete and 0 interrupted iterations
soak   [  74% ] 004/050 VUs  22m15.0s/30m0s  1.00 iters/s

running (22m16.0s), 004/050 VUs, 1332 complete and 0 interrupted iterations
soak   [  74% ] 004/050 VUs  22m16.0s/30m0s  1.00 iters/s

running (22m17.0s), 005/050 VUs, 1332 complete and 0 interrupted iterations
soak   [  74% ] 005/050 VUs  22m17.0s/30m0s  1.00 iters/s

running (22m18.0s), 005/050 VUs, 1333 complete and 0 interrupted iterations
soak   [  74% ] 005/050 VUs  22m18.0s/30m0s  1.00 iters/s

running (22m19.0s), 005/050 VUs, 1334 complete and 0 interrupted iterations
soak   [  74% ] 005/050 VUs  22m19.0s/30m0s  1.00 iters/s

running (22m20.0s), 005/050 VUs, 1335 complete and 0 interrupted iterations
soak   [  74% ] 005/050 VUs  22m20.0s/30m0s  1.00 iters/s

running (22m21.0s), 004/050 VUs, 1337 complete and 0 interrupted iterations
soak   [  74% ] 004/050 VUs  22m21.0s/30m0s  1.00 iters/s

running (22m22.0s), 004/050 VUs, 1338 complete and 0 interrupted iterations
soak   [  75% ] 004/050 VUs  22m22.0s/30m0s  1.00 iters/s

running (22m23.0s), 005/050 VUs, 1338 complete and 0 interrupted iterations
soak   [  75% ] 005/050 VUs  22m23.0s/30m0s  1.00 iters/s

running (22m24.0s), 004/050 VUs, 1340 complete and 0 interrupted iterations
soak   [  75% ] 004/050 VUs  22m24.0s/30m0s  1.00 iters/s

running (22m25.0s), 004/050 VUs, 1341 complete and 0 interrupted iterations
soak   [  75% ] 004/050 VUs  22m25.0s/30m0s  1.00 iters/s

running (22m26.0s), 004/050 VUs, 1342 complete and 0 interrupted iterations
soak   [  75% ] 004/050 VUs  22m26.0s/30m0s  1.00 iters/s

running (22m27.0s), 004/050 VUs, 1343 complete and 0 interrupted iterations
soak   [  75% ] 004/050 VUs  22m27.0s/30m0s  1.00 iters/s

running (22m28.0s), 005/050 VUs, 1343 complete and 0 interrupted iterations
soak   [  75% ] 005/050 VUs  22m28.0s/30m0s  1.00 iters/s

running (22m29.0s), 005/050 VUs, 1344 complete and 0 interrupted iterations
soak   [  75% ] 005/050 VUs  22m29.0s/30m0s  1.00 iters/s

running (22m30.0s), 004/050 VUs, 1346 complete and 0 interrupted iterations
soak   [  75% ] 004/050 VUs  22m30.0s/30m0s  1.00 iters/s

running (22m31.0s), 004/050 VUs, 1347 complete and 0 interrupted iterations
soak   [  75% ] 004/050 VUs  22m31.0s/30m0s  1.00 iters/s

running (22m32.0s), 004/050 VUs, 1348 complete and 0 interrupted iterations
soak   [  75% ] 004/050 VUs  22m32.0s/30m0s  1.00 iters/s

running (22m33.0s), 004/050 VUs, 1349 complete and 0 interrupted iterations
soak   [  75% ] 004/050 VUs  22m33.0s/30m0s  1.00 iters/s

running (22m34.0s), 004/050 VUs, 1350 complete and 0 interrupted iterations
soak   [  75% ] 004/050 VUs  22m34.0s/30m0s  1.00 iters/s

running (22m35.0s), 005/050 VUs, 1350 complete and 0 interrupted iterations
soak   [  75% ] 005/050 VUs  22m35.0s/30m0s  1.00 iters/s

running (22m36.0s), 004/050 VUs, 1352 complete and 0 interrupted iterations
soak   [  75% ] 004/050 VUs  22m36.0s/30m0s  1.00 iters/s

running (22m37.0s), 004/050 VUs, 1353 complete and 0 interrupted iterations
soak   [  75% ] 004/050 VUs  22m37.0s/30m0s  1.00 iters/s

running (22m38.0s), 005/050 VUs, 1353 complete and 0 interrupted iterations
soak   [  75% ] 005/050 VUs  22m38.0s/30m0s  1.00 iters/s

running (22m39.0s), 004/050 VUs, 1355 complete and 0 interrupted iterations
soak   [  75% ] 004/050 VUs  22m39.0s/30m0s  1.00 iters/s

running (22m40.0s), 004/050 VUs, 1356 complete and 0 interrupted iterations
soak   [  76% ] 004/050 VUs  22m40.0s/30m0s  1.00 iters/s

running (22m41.0s), 004/050 VUs, 1357 complete and 0 interrupted iterations
soak   [  76% ] 004/050 VUs  22m41.0s/30m0s  1.00 iters/s

running (22m42.0s), 004/050 VUs, 1358 complete and 0 interrupted iterations
soak   [  76% ] 004/050 VUs  22m42.0s/30m0s  1.00 iters/s

running (22m43.0s), 004/050 VUs, 1359 complete and 0 interrupted iterations
soak   [  76% ] 004/050 VUs  22m43.0s/30m0s  1.00 iters/s

running (22m44.0s), 005/050 VUs, 1359 complete and 0 interrupted iterations
soak   [  76% ] 005/050 VUs  22m44.0s/30m0s  1.00 iters/s

running (22m45.0s), 005/050 VUs, 1360 complete and 0 interrupted iterations
soak   [  76% ] 005/050 VUs  22m45.0s/30m0s  1.00 iters/s

running (22m46.0s), 005/050 VUs, 1361 complete and 0 interrupted iterations
soak   [  76% ] 005/050 VUs  22m46.0s/30m0s  1.00 iters/s

running (22m47.0s), 004/050 VUs, 1363 complete and 0 interrupted iterations
soak   [  76% ] 004/050 VUs  22m47.0s/30m0s  1.00 iters/s

running (22m48.0s), 004/050 VUs, 1364 complete and 0 interrupted iterations
soak   [  76% ] 004/050 VUs  22m48.0s/30m0s  1.00 iters/s

running (22m49.0s), 005/050 VUs, 1364 complete and 0 interrupted iterations
soak   [  76% ] 005/050 VUs  22m49.0s/30m0s  1.00 iters/s

running (22m50.0s), 005/050 VUs, 1365 complete and 0 interrupted iterations
soak   [  76% ] 005/050 VUs  22m50.0s/30m0s  1.00 iters/s

running (22m51.0s), 005/050 VUs, 1366 complete and 0 interrupted iterations
soak   [  76% ] 005/050 VUs  22m51.0s/30m0s  1.00 iters/s

running (22m52.0s), 005/050 VUs, 1367 complete and 0 interrupted iterations
soak   [  76% ] 005/050 VUs  22m52.0s/30m0s  1.00 iters/s

running (22m53.0s), 004/050 VUs, 1369 complete and 0 interrupted iterations
soak   [  76% ] 004/050 VUs  22m53.0s/30m0s  1.00 iters/s

running (22m54.0s), 004/050 VUs, 1370 complete and 0 interrupted iterations
soak   [  76% ] 004/050 VUs  22m54.0s/30m0s  1.00 iters/s

running (22m55.0s), 005/050 VUs, 1370 complete and 0 interrupted iterations
soak   [  76% ] 005/050 VUs  22m55.0s/30m0s  1.00 iters/s

running (22m56.0s), 004/050 VUs, 1372 complete and 0 interrupted iterations
soak   [  76% ] 004/050 VUs  22m56.0s/30m0s  1.00 iters/s

running (22m57.0s), 005/050 VUs, 1372 complete and 0 interrupted iterations
soak   [  76% ] 005/050 VUs  22m57.0s/30m0s  1.00 iters/s

running (22m58.0s), 003/050 VUs, 1375 complete and 0 interrupted iterations
soak   [  77% ] 003/050 VUs  22m58.0s/30m0s  1.00 iters/s

running (22m59.0s), 004/050 VUs, 1375 complete and 0 interrupted iterations
soak   [  77% ] 004/050 VUs  22m59.0s/30m0s  1.00 iters/s

running (23m00.0s), 005/050 VUs, 1375 complete and 0 interrupted iterations
soak   [  77% ] 005/050 VUs  23m00.0s/30m0s  1.00 iters/s

running (23m01.0s), 004/050 VUs, 1377 complete and 0 interrupted iterations
soak   [  77% ] 004/050 VUs  23m01.0s/30m0s  1.00 iters/s

running (23m02.0s), 004/050 VUs, 1378 complete and 0 interrupted iterations
soak   [  77% ] 004/050 VUs  23m02.0s/30m0s  1.00 iters/s

running (23m03.0s), 004/050 VUs, 1379 complete and 0 interrupted iterations
soak   [  77% ] 004/050 VUs  23m03.0s/30m0s  1.00 iters/s

running (23m04.0s), 004/050 VUs, 1380 complete and 0 interrupted iterations
soak   [  77% ] 004/050 VUs  23m04.0s/30m0s  1.00 iters/s

running (23m05.0s), 003/050 VUs, 1382 complete and 0 interrupted iterations
soak   [  77% ] 003/050 VUs  23m05.0s/30m0s  1.00 iters/s

running (23m06.0s), 003/050 VUs, 1383 complete and 0 interrupted iterations
soak   [  77% ] 003/050 VUs  23m06.0s/30m0s  1.00 iters/s

running (23m07.0s), 003/050 VUs, 1384 complete and 0 interrupted iterations
soak   [  77% ] 003/050 VUs  23m07.0s/30m0s  1.00 iters/s

running (23m08.0s), 004/050 VUs, 1384 complete and 0 interrupted iterations
soak   [  77% ] 004/050 VUs  23m08.0s/30m0s  1.00 iters/s

running (23m09.0s), 003/050 VUs, 1386 complete and 0 interrupted iterations
soak   [  77% ] 003/050 VUs  23m09.0s/30m0s  1.00 iters/s

running (23m10.0s), 003/050 VUs, 1387 complete and 0 interrupted iterations
soak   [  77% ] 003/050 VUs  23m10.0s/30m0s  1.00 iters/s

running (23m11.0s), 004/050 VUs, 1387 complete and 0 interrupted iterations
soak   [  77% ] 004/050 VUs  23m11.0s/30m0s  1.00 iters/s

running (23m12.0s), 004/050 VUs, 1388 complete and 0 interrupted iterations
soak   [  77% ] 004/050 VUs  23m12.0s/30m0s  1.00 iters/s

running (23m13.0s), 004/050 VUs, 1389 complete and 0 interrupted iterations
soak   [  77% ] 004/050 VUs  23m13.0s/30m0s  1.00 iters/s

running (23m14.0s), 003/050 VUs, 1391 complete and 0 interrupted iterations
soak   [  77% ] 003/050 VUs  23m14.0s/30m0s  1.00 iters/s

running (23m15.0s), 004/050 VUs, 1391 complete and 0 interrupted iterations
soak   [  77% ] 004/050 VUs  23m15.0s/30m0s  1.00 iters/s

running (23m16.0s), 004/050 VUs, 1392 complete and 0 interrupted iterations
soak   [  78% ] 004/050 VUs  23m16.0s/30m0s  1.00 iters/s

running (23m17.0s), 004/050 VUs, 1393 complete and 0 interrupted iterations
soak   [  78% ] 004/050 VUs  23m17.0s/30m0s  1.00 iters/s

running (23m18.0s), 004/050 VUs, 1394 complete and 0 interrupted iterations
soak   [  78% ] 004/050 VUs  23m18.0s/30m0s  1.00 iters/s

running (23m19.0s), 003/050 VUs, 1396 complete and 0 interrupted iterations
soak   [  78% ] 003/050 VUs  23m19.0s/30m0s  1.00 iters/s

running (23m20.0s), 004/050 VUs, 1396 complete and 0 interrupted iterations
soak   [  78% ] 004/050 VUs  23m20.0s/30m0s  1.00 iters/s

running (23m21.0s), 005/050 VUs, 1396 complete and 0 interrupted iterations
soak   [  78% ] 005/050 VUs  23m21.0s/30m0s  1.00 iters/s

running (23m22.0s), 005/050 VUs, 1397 complete and 0 interrupted iterations
soak   [  78% ] 005/050 VUs  23m22.0s/30m0s  1.00 iters/s

running (23m23.0s), 005/050 VUs, 1398 complete and 0 interrupted iterations
soak   [  78% ] 005/050 VUs  23m23.0s/30m0s  1.00 iters/s

running (23m24.0s), 006/050 VUs, 1398 complete and 0 interrupted iterations
soak   [  78% ] 006/050 VUs  23m24.0s/30m0s  1.00 iters/s

running (23m25.0s), 007/050 VUs, 1398 complete and 0 interrupted iterations
soak   [  78% ] 007/050 VUs  23m25.0s/30m0s  1.00 iters/s

running (23m26.0s), 003/050 VUs, 1403 complete and 0 interrupted iterations
soak   [  78% ] 003/050 VUs  23m26.0s/30m0s  1.00 iters/s

running (23m27.0s), 003/050 VUs, 1404 complete and 0 interrupted iterations
soak   [  78% ] 003/050 VUs  23m27.0s/30m0s  1.00 iters/s

running (23m28.0s), 004/050 VUs, 1404 complete and 0 interrupted iterations
soak   [  78% ] 004/050 VUs  23m28.0s/30m0s  1.00 iters/s

running (23m29.0s), 004/050 VUs, 1405 complete and 0 interrupted iterations
soak   [  78% ] 004/050 VUs  23m29.0s/30m0s  1.00 iters/s

running (23m30.0s), 003/050 VUs, 1407 complete and 0 interrupted iterations
soak   [  78% ] 003/050 VUs  23m30.0s/30m0s  1.00 iters/s

running (23m31.0s), 004/050 VUs, 1407 complete and 0 interrupted iterations
soak   [  78% ] 004/050 VUs  23m31.0s/30m0s  1.00 iters/s

running (23m32.0s), 004/050 VUs, 1408 complete and 0 interrupted iterations
soak   [  78% ] 004/050 VUs  23m32.0s/30m0s  1.00 iters/s

running (23m33.0s), 004/050 VUs, 1409 complete and 0 interrupted iterations
soak   [  78% ] 004/050 VUs  23m33.0s/30m0s  1.00 iters/s

running (23m34.0s), 004/050 VUs, 1410 complete and 0 interrupted iterations
soak   [  79% ] 004/050 VUs  23m34.0s/30m0s  1.00 iters/s

running (23m35.0s), 004/050 VUs, 1411 complete and 0 interrupted iterations
soak   [  79% ] 004/050 VUs  23m35.0s/30m0s  1.00 iters/s

running (23m36.0s), 005/050 VUs, 1411 complete and 0 interrupted iterations
soak   [  79% ] 005/050 VUs  23m36.0s/30m0s  1.00 iters/s

running (23m37.0s), 004/050 VUs, 1413 complete and 0 interrupted iterations
soak   [  79% ] 004/050 VUs  23m37.0s/30m0s  1.00 iters/s

running (23m38.0s), 004/050 VUs, 1414 complete and 0 interrupted iterations
soak   [  79% ] 004/050 VUs  23m38.0s/30m0s  1.00 iters/s

running (23m39.0s), 004/050 VUs, 1415 complete and 0 interrupted iterations
soak   [  79% ] 004/050 VUs  23m39.0s/30m0s  1.00 iters/s

running (23m40.0s), 004/050 VUs, 1416 complete and 0 interrupted iterations
soak   [  79% ] 004/050 VUs  23m40.0s/30m0s  1.00 iters/s

running (23m41.0s), 005/050 VUs, 1416 complete and 0 interrupted iterations
soak   [  79% ] 005/050 VUs  23m41.0s/30m0s  1.00 iters/s

running (23m42.0s), 003/050 VUs, 1419 complete and 0 interrupted iterations
soak   [  79% ] 003/050 VUs  23m42.0s/30m0s  1.00 iters/s

running (23m43.0s), 004/050 VUs, 1419 complete and 0 interrupted iterations
soak   [  79% ] 004/050 VUs  23m43.0s/30m0s  1.00 iters/s

running (23m44.0s), 004/050 VUs, 1420 complete and 0 interrupted iterations
soak   [  79% ] 004/050 VUs  23m44.0s/30m0s  1.00 iters/s

running (23m45.0s), 004/050 VUs, 1421 complete and 0 interrupted iterations
soak   [  79% ] 004/050 VUs  23m45.0s/30m0s  1.00 iters/s

running (23m46.0s), 005/050 VUs, 1421 complete and 0 interrupted iterations
soak   [  79% ] 005/050 VUs  23m46.0s/30m0s  1.00 iters/s

running (23m47.0s), 005/050 VUs, 1422 complete and 0 interrupted iterations
soak   [  79% ] 005/050 VUs  23m47.0s/30m0s  1.00 iters/s

running (23m48.0s), 004/050 VUs, 1424 complete and 0 interrupted iterations
soak   [  79% ] 004/050 VUs  23m48.0s/30m0s  1.00 iters/s

running (23m49.0s), 004/050 VUs, 1425 complete and 0 interrupted iterations
soak   [  79% ] 004/050 VUs  23m49.0s/30m0s  1.00 iters/s

running (23m50.0s), 005/050 VUs, 1425 complete and 0 interrupted iterations
soak   [  79% ] 005/050 VUs  23m50.0s/30m0s  1.00 iters/s

running (23m51.0s), 005/050 VUs, 1426 complete and 0 interrupted iterations
soak   [  79% ] 005/050 VUs  23m51.0s/30m0s  1.00 iters/s

running (23m52.0s), 005/050 VUs, 1427 complete and 0 interrupted iterations
soak   [  80% ] 005/050 VUs  23m52.0s/30m0s  1.00 iters/s

running (23m53.0s), 004/050 VUs, 1429 complete and 0 interrupted iterations
soak   [  80% ] 004/050 VUs  23m53.0s/30m0s  1.00 iters/s

running (23m54.0s), 004/050 VUs, 1430 complete and 0 interrupted iterations
soak   [  80% ] 004/050 VUs  23m54.0s/30m0s  1.00 iters/s

running (23m55.0s), 004/050 VUs, 1431 complete and 0 interrupted iterations
soak   [  80% ] 004/050 VUs  23m55.0s/30m0s  1.00 iters/s

running (23m56.0s), 004/050 VUs, 1432 complete and 0 interrupted iterations
soak   [  80% ] 004/050 VUs  23m56.0s/30m0s  1.00 iters/s

running (23m57.0s), 005/050 VUs, 1432 complete and 0 interrupted iterations
soak   [  80% ] 005/050 VUs  23m57.0s/30m0s  1.00 iters/s

running (23m58.0s), 004/050 VUs, 1434 complete and 0 interrupted iterations
soak   [  80% ] 004/050 VUs  23m58.0s/30m0s  1.00 iters/s

running (23m59.0s), 004/050 VUs, 1435 complete and 0 interrupted iterations
soak   [  80% ] 004/050 VUs  23m59.0s/30m0s  1.00 iters/s

running (24m00.0s), 004/050 VUs, 1436 complete and 0 interrupted iterations
soak   [  80% ] 004/050 VUs  24m00.0s/30m0s  1.00 iters/s

running (24m01.0s), 004/050 VUs, 1437 complete and 0 interrupted iterations
soak   [  80% ] 004/050 VUs  24m01.0s/30m0s  1.00 iters/s

running (24m02.0s), 005/050 VUs, 1437 complete and 0 interrupted iterations
soak   [  80% ] 005/050 VUs  24m02.0s/30m0s  1.00 iters/s

running (24m03.0s), 005/050 VUs, 1438 complete and 0 interrupted iterations
soak   [  80% ] 005/050 VUs  24m03.0s/30m0s  1.00 iters/s

running (24m04.0s), 005/050 VUs, 1439 complete and 0 interrupted iterations
soak   [  80% ] 005/050 VUs  24m04.0s/30m0s  1.00 iters/s

running (24m05.0s), 004/050 VUs, 1441 complete and 0 interrupted iterations
soak   [  80% ] 004/050 VUs  24m05.0s/30m0s  1.00 iters/s

running (24m06.0s), 005/050 VUs, 1441 complete and 0 interrupted iterations
soak   [  80% ] 005/050 VUs  24m06.0s/30m0s  1.00 iters/s

running (24m07.0s), 005/050 VUs, 1442 complete and 0 interrupted iterations
soak   [  80% ] 005/050 VUs  24m07.0s/30m0s  1.00 iters/s

running (24m08.0s), 004/050 VUs, 1444 complete and 0 interrupted iterations
soak   [  80% ] 004/050 VUs  24m08.0s/30m0s  1.00 iters/s

running (24m09.0s), 005/050 VUs, 1444 complete and 0 interrupted iterations
soak   [  80% ] 005/050 VUs  24m09.0s/30m0s  1.00 iters/s

running (24m10.0s), 004/050 VUs, 1446 complete and 0 interrupted iterations
soak   [  81% ] 004/050 VUs  24m10.0s/30m0s  1.00 iters/s

running (24m11.0s), 004/050 VUs, 1447 complete and 0 interrupted iterations
soak   [  81% ] 004/050 VUs  24m11.0s/30m0s  1.00 iters/s

running (24m12.0s), 003/050 VUs, 1449 complete and 0 interrupted iterations
soak   [  81% ] 003/050 VUs  24m12.0s/30m0s  1.00 iters/s

running (24m13.0s), 004/050 VUs, 1449 complete and 0 interrupted iterations
soak   [  81% ] 004/050 VUs  24m13.0s/30m0s  1.00 iters/s

running (24m14.0s), 003/050 VUs, 1451 complete and 0 interrupted iterations
soak   [  81% ] 003/050 VUs  24m14.0s/30m0s  1.00 iters/s

running (24m15.0s), 003/050 VUs, 1452 complete and 0 interrupted iterations
soak   [  81% ] 003/050 VUs  24m15.0s/30m0s  1.00 iters/s

running (24m16.0s), 004/050 VUs, 1452 complete and 0 interrupted iterations
soak   [  81% ] 004/050 VUs  24m16.0s/30m0s  1.00 iters/s

running (24m17.0s), 004/050 VUs, 1453 complete and 0 interrupted iterations
soak   [  81% ] 004/050 VUs  24m17.0s/30m0s  1.00 iters/s

running (24m18.0s), 005/050 VUs, 1453 complete and 0 interrupted iterations
soak   [  81% ] 005/050 VUs  24m18.0s/30m0s  1.00 iters/s

running (24m19.0s), 005/050 VUs, 1454 complete and 0 interrupted iterations
soak   [  81% ] 005/050 VUs  24m19.0s/30m0s  1.00 iters/s

running (24m20.0s), 005/050 VUs, 1455 complete and 0 interrupted iterations
soak   [  81% ] 005/050 VUs  24m20.0s/30m0s  1.00 iters/s

running (24m21.0s), 004/050 VUs, 1457 complete and 0 interrupted iterations
soak   [  81% ] 004/050 VUs  24m21.0s/30m0s  1.00 iters/s

running (24m22.0s), 005/050 VUs, 1457 complete and 0 interrupted iterations
soak   [  81% ] 005/050 VUs  24m22.0s/30m0s  1.00 iters/s

running (24m23.0s), 004/050 VUs, 1459 complete and 0 interrupted iterations
soak   [  81% ] 004/050 VUs  24m23.0s/30m0s  1.00 iters/s

running (24m24.0s), 005/050 VUs, 1459 complete and 0 interrupted iterations
soak   [  81% ] 005/050 VUs  24m24.0s/30m0s  1.00 iters/s

running (24m25.0s), 005/050 VUs, 1460 complete and 0 interrupted iterations
soak   [  81% ] 005/050 VUs  24m25.0s/30m0s  1.00 iters/s

running (24m26.0s), 004/050 VUs, 1462 complete and 0 interrupted iterations
soak   [  81% ] 004/050 VUs  24m26.0s/30m0s  1.00 iters/s

running (24m27.0s), 004/050 VUs, 1463 complete and 0 interrupted iterations
soak   [  81% ] 004/050 VUs  24m27.0s/30m0s  1.00 iters/s

running (24m28.0s), 005/050 VUs, 1463 complete and 0 interrupted iterations
soak   [  82% ] 005/050 VUs  24m28.0s/30m0s  1.00 iters/s

running (24m29.0s), 005/050 VUs, 1464 complete and 0 interrupted iterations
soak   [  82% ] 005/050 VUs  24m29.0s/30m0s  1.00 iters/s

running (24m30.0s), 005/050 VUs, 1465 complete and 0 interrupted iterations
soak   [  82% ] 005/050 VUs  24m30.0s/30m0s  1.00 iters/s

running (24m31.0s), 005/050 VUs, 1466 complete and 0 interrupted iterations
soak   [  82% ] 005/050 VUs  24m31.0s/30m0s  1.00 iters/s

running (24m32.0s), 004/050 VUs, 1468 complete and 0 interrupted iterations
soak   [  82% ] 004/050 VUs  24m32.0s/30m0s  1.00 iters/s

running (24m33.0s), 005/050 VUs, 1468 complete and 0 interrupted iterations
soak   [  82% ] 005/050 VUs  24m33.0s/30m0s  1.00 iters/s

running (24m34.0s), 004/050 VUs, 1470 complete and 0 interrupted iterations
soak   [  82% ] 004/050 VUs  24m34.0s/30m0s  1.00 iters/s

running (24m35.0s), 005/050 VUs, 1470 complete and 0 interrupted iterations
soak   [  82% ] 005/050 VUs  24m35.0s/30m0s  1.00 iters/s

running (24m36.0s), 004/050 VUs, 1472 complete and 0 interrupted iterations
soak   [  82% ] 004/050 VUs  24m36.0s/30m0s  1.00 iters/s

running (24m37.0s), 004/050 VUs, 1473 complete and 0 interrupted iterations
soak   [  82% ] 004/050 VUs  24m37.0s/30m0s  1.00 iters/s

running (24m38.0s), 004/050 VUs, 1474 complete and 0 interrupted iterations
soak   [  82% ] 004/050 VUs  24m38.0s/30m0s  1.00 iters/s

running (24m39.0s), 004/050 VUs, 1475 complete and 0 interrupted iterations
soak   [  82% ] 004/050 VUs  24m39.0s/30m0s  1.00 iters/s

running (24m40.0s), 004/050 VUs, 1476 complete and 0 interrupted iterations
soak   [  82% ] 004/050 VUs  24m40.0s/30m0s  1.00 iters/s

running (24m41.0s), 005/050 VUs, 1476 complete and 0 interrupted iterations
soak   [  82% ] 005/050 VUs  24m41.0s/30m0s  1.00 iters/s

running (24m42.0s), 003/050 VUs, 1479 complete and 0 interrupted iterations
soak   [  82% ] 003/050 VUs  24m42.0s/30m0s  1.00 iters/s

running (24m43.0s), 003/050 VUs, 1480 complete and 0 interrupted iterations
soak   [  82% ] 003/050 VUs  24m43.0s/30m0s  1.00 iters/s

running (24m44.0s), 004/050 VUs, 1480 complete and 0 interrupted iterations
soak   [  82% ] 004/050 VUs  24m44.0s/30m0s  1.00 iters/s

running (24m45.0s), 004/050 VUs, 1481 complete and 0 interrupted iterations
soak   [  82% ] 004/050 VUs  24m45.0s/30m0s  1.00 iters/s

running (24m46.0s), 003/050 VUs, 1483 complete and 0 interrupted iterations
soak   [  83% ] 003/050 VUs  24m46.0s/30m0s  1.00 iters/s

running (24m47.0s), 003/050 VUs, 1484 complete and 0 interrupted iterations
soak   [  83% ] 003/050 VUs  24m47.0s/30m0s  1.00 iters/s

running (24m48.0s), 004/050 VUs, 1484 complete and 0 interrupted iterations
soak   [  83% ] 004/050 VUs  24m48.0s/30m0s  1.00 iters/s

running (24m49.0s), 004/050 VUs, 1485 complete and 0 interrupted iterations
soak   [  83% ] 004/050 VUs  24m49.0s/30m0s  1.00 iters/s

running (24m50.0s), 005/050 VUs, 1485 complete and 0 interrupted iterations
soak   [  83% ] 005/050 VUs  24m50.0s/30m0s  1.00 iters/s

running (24m51.0s), 005/050 VUs, 1486 complete and 0 interrupted iterations
soak   [  83% ] 005/050 VUs  24m51.0s/30m0s  1.00 iters/s

running (24m52.0s), 004/050 VUs, 1488 complete and 0 interrupted iterations
soak   [  83% ] 004/050 VUs  24m52.0s/30m0s  1.00 iters/s

running (24m53.0s), 005/050 VUs, 1488 complete and 0 interrupted iterations
soak   [  83% ] 005/050 VUs  24m53.0s/30m0s  1.00 iters/s

running (24m54.0s), 004/050 VUs, 1490 complete and 0 interrupted iterations
soak   [  83% ] 004/050 VUs  24m54.0s/30m0s  1.00 iters/s

running (24m55.0s), 004/050 VUs, 1491 complete and 0 interrupted iterations
soak   [  83% ] 004/050 VUs  24m55.0s/30m0s  1.00 iters/s

running (24m56.0s), 005/050 VUs, 1491 complete and 0 interrupted iterations
soak   [  83% ] 005/050 VUs  24m56.0s/30m0s  1.00 iters/s

running (24m57.0s), 004/050 VUs, 1493 complete and 0 interrupted iterations
soak   [  83% ] 004/050 VUs  24m57.0s/30m0s  1.00 iters/s

running (24m58.0s), 004/050 VUs, 1494 complete and 0 interrupted iterations
soak   [  83% ] 004/050 VUs  24m58.0s/30m0s  1.00 iters/s

running (24m59.0s), 004/050 VUs, 1495 complete and 0 interrupted iterations
soak   [  83% ] 004/050 VUs  24m59.0s/30m0s  1.00 iters/s

running (25m00.0s), 004/050 VUs, 1496 complete and 0 interrupted iterations
soak   [  83% ] 004/050 VUs  25m00.0s/30m0s  1.00 iters/s

running (25m01.0s), 005/050 VUs, 1496 complete and 0 interrupted iterations
soak   [  83% ] 005/050 VUs  25m01.0s/30m0s  1.00 iters/s

running (25m02.0s), 004/050 VUs, 1498 complete and 0 interrupted iterations
soak   [  83% ] 004/050 VUs  25m02.0s/30m0s  1.00 iters/s

running (25m03.0s), 004/050 VUs, 1499 complete and 0 interrupted iterations
soak   [  83% ] 004/050 VUs  25m03.0s/30m0s  1.00 iters/s

running (25m04.0s), 005/050 VUs, 1499 complete and 0 interrupted iterations
soak   [  84% ] 005/050 VUs  25m04.0s/30m0s  1.00 iters/s

running (25m05.0s), 004/050 VUs, 1501 complete and 0 interrupted iterations
soak   [  84% ] 004/050 VUs  25m05.0s/30m0s  1.00 iters/s

running (25m06.0s), 005/050 VUs, 1501 complete and 0 interrupted iterations
soak   [  84% ] 005/050 VUs  25m06.0s/30m0s  1.00 iters/s

running (25m07.0s), 004/050 VUs, 1503 complete and 0 interrupted iterations
soak   [  84% ] 004/050 VUs  25m07.0s/30m0s  1.00 iters/s

running (25m08.0s), 004/050 VUs, 1504 complete and 0 interrupted iterations
soak   [  84% ] 004/050 VUs  25m08.0s/30m0s  1.00 iters/s

running (25m09.0s), 004/050 VUs, 1505 complete and 0 interrupted iterations
soak   [  84% ] 004/050 VUs  25m09.0s/30m0s  1.00 iters/s

running (25m10.0s), 005/050 VUs, 1505 complete and 0 interrupted iterations
soak   [  84% ] 005/050 VUs  25m10.0s/30m0s  1.00 iters/s

running (25m11.0s), 005/050 VUs, 1506 complete and 0 interrupted iterations
soak   [  84% ] 005/050 VUs  25m11.0s/30m0s  1.00 iters/s

running (25m12.0s), 004/050 VUs, 1508 complete and 0 interrupted iterations
soak   [  84% ] 004/050 VUs  25m12.0s/30m0s  1.00 iters/s

running (25m13.0s), 005/050 VUs, 1508 complete and 0 interrupted iterations
soak   [  84% ] 005/050 VUs  25m13.0s/30m0s  1.00 iters/s

running (25m14.0s), 004/050 VUs, 1510 complete and 0 interrupted iterations
soak   [  84% ] 004/050 VUs  25m14.0s/30m0s  1.00 iters/s

running (25m15.0s), 003/050 VUs, 1512 complete and 0 interrupted iterations
soak   [  84% ] 003/050 VUs  25m15.0s/30m0s  1.00 iters/s

running (25m16.0s), 004/050 VUs, 1512 complete and 0 interrupted iterations
soak   [  84% ] 004/050 VUs  25m16.0s/30m0s  1.00 iters/s

running (25m17.0s), 004/050 VUs, 1513 complete and 0 interrupted iterations
soak   [  84% ] 004/050 VUs  25m17.0s/30m0s  1.00 iters/s

running (25m18.0s), 004/050 VUs, 1514 complete and 0 interrupted iterations
soak   [  84% ] 004/050 VUs  25m18.0s/30m0s  1.00 iters/s

running (25m19.0s), 004/050 VUs, 1515 complete and 0 interrupted iterations
soak   [  84% ] 004/050 VUs  25m19.0s/30m0s  1.00 iters/s

running (25m20.0s), 003/050 VUs, 1517 complete and 0 interrupted iterations
soak   [  84% ] 003/050 VUs  25m20.0s/30m0s  1.00 iters/s

running (25m21.0s), 004/050 VUs, 1517 complete and 0 interrupted iterations
soak   [  84% ] 004/050 VUs  25m21.0s/30m0s  1.00 iters/s

running (25m22.0s), 004/050 VUs, 1518 complete and 0 interrupted iterations
soak   [  85% ] 004/050 VUs  25m22.0s/30m0s  1.00 iters/s

running (25m23.0s), 004/050 VUs, 1519 complete and 0 interrupted iterations
soak   [  85% ] 004/050 VUs  25m23.0s/30m0s  1.00 iters/s

running (25m24.0s), 005/050 VUs, 1519 complete and 0 interrupted iterations
soak   [  85% ] 005/050 VUs  25m24.0s/30m0s  1.00 iters/s

running (25m25.0s), 005/050 VUs, 1520 complete and 0 interrupted iterations
soak   [  85% ] 005/050 VUs  25m25.0s/30m0s  1.00 iters/s

running (25m26.0s), 003/050 VUs, 1523 complete and 0 interrupted iterations
soak   [  85% ] 003/050 VUs  25m26.0s/30m0s  1.00 iters/s

running (25m27.0s), 004/050 VUs, 1523 complete and 0 interrupted iterations
soak   [  85% ] 004/050 VUs  25m27.0s/30m0s  1.00 iters/s

running (25m28.0s), 004/050 VUs, 1524 complete and 0 interrupted iterations
soak   [  85% ] 004/050 VUs  25m28.0s/30m0s  1.00 iters/s

running (25m29.0s), 004/050 VUs, 1525 complete and 0 interrupted iterations
soak   [  85% ] 004/050 VUs  25m29.0s/30m0s  1.00 iters/s

running (25m30.0s), 003/050 VUs, 1527 complete and 0 interrupted iterations
soak   [  85% ] 003/050 VUs  25m30.0s/30m0s  1.00 iters/s

running (25m31.0s), 004/050 VUs, 1527 complete and 0 interrupted iterations
soak   [  85% ] 004/050 VUs  25m31.0s/30m0s  1.00 iters/s

running (25m32.0s), 005/050 VUs, 1527 complete and 0 interrupted iterations
soak   [  85% ] 005/050 VUs  25m32.0s/30m0s  1.00 iters/s

running (25m33.0s), 005/050 VUs, 1528 complete and 0 interrupted iterations
soak   [  85% ] 005/050 VUs  25m33.0s/30m0s  1.00 iters/s

running (25m34.0s), 005/050 VUs, 1529 complete and 0 interrupted iterations
soak   [  85% ] 005/050 VUs  25m34.0s/30m0s  1.00 iters/s

running (25m35.0s), 005/050 VUs, 1530 complete and 0 interrupted iterations
soak   [  85% ] 005/050 VUs  25m35.0s/30m0s  1.00 iters/s

running (25m36.0s), 005/050 VUs, 1531 complete and 0 interrupted iterations
soak   [  85% ] 005/050 VUs  25m36.0s/30m0s  1.00 iters/s

running (25m37.0s), 004/050 VUs, 1533 complete and 0 interrupted iterations
soak   [  85% ] 004/050 VUs  25m37.0s/30m0s  1.00 iters/s

running (25m38.0s), 005/050 VUs, 1533 complete and 0 interrupted iterations
soak   [  85% ] 005/050 VUs  25m38.0s/30m0s  1.00 iters/s

running (25m39.0s), 005/050 VUs, 1534 complete and 0 interrupted iterations
soak   [  85% ] 005/050 VUs  25m39.0s/30m0s  1.00 iters/s

running (25m40.0s), 004/050 VUs, 1536 complete and 0 interrupted iterations
soak   [  86% ] 004/050 VUs  25m40.0s/30m0s  1.00 iters/s

running (25m41.0s), 005/050 VUs, 1536 complete and 0 interrupted iterations
soak   [  86% ] 005/050 VUs  25m41.0s/30m0s  1.00 iters/s

running (25m42.0s), 006/050 VUs, 1536 complete and 0 interrupted iterations
soak   [  86% ] 006/050 VUs  25m42.0s/30m0s  1.00 iters/s

running (25m43.0s), 003/050 VUs, 1540 complete and 0 interrupted iterations
soak   [  86% ] 003/050 VUs  25m43.0s/30m0s  1.00 iters/s

running (25m44.0s), 003/050 VUs, 1541 complete and 0 interrupted iterations
soak   [  86% ] 003/050 VUs  25m44.0s/30m0s  1.00 iters/s

running (25m45.0s), 004/050 VUs, 1541 complete and 0 interrupted iterations
soak   [  86% ] 004/050 VUs  25m45.0s/30m0s  1.00 iters/s

running (25m46.0s), 004/050 VUs, 1542 complete and 0 interrupted iterations
soak   [  86% ] 004/050 VUs  25m46.0s/30m0s  1.00 iters/s

running (25m47.0s), 003/050 VUs, 1544 complete and 0 interrupted iterations
soak   [  86% ] 003/050 VUs  25m47.0s/30m0s  1.00 iters/s

running (25m48.0s), 003/050 VUs, 1545 complete and 0 interrupted iterations
soak   [  86% ] 003/050 VUs  25m48.0s/30m0s  1.00 iters/s

running (25m49.0s), 004/050 VUs, 1545 complete and 0 interrupted iterations
soak   [  86% ] 004/050 VUs  25m49.0s/30m0s  1.00 iters/s

running (25m50.0s), 004/050 VUs, 1546 complete and 0 interrupted iterations
soak   [  86% ] 004/050 VUs  25m50.0s/30m0s  1.00 iters/s

running (25m51.0s), 004/050 VUs, 1547 complete and 0 interrupted iterations
soak   [  86% ] 004/050 VUs  25m51.0s/30m0s  1.00 iters/s

running (25m52.0s), 004/050 VUs, 1548 complete and 0 interrupted iterations
soak   [  86% ] 004/050 VUs  25m52.0s/30m0s  1.00 iters/s

running (25m53.0s), 005/050 VUs, 1548 complete and 0 interrupted iterations
soak   [  86% ] 005/050 VUs  25m53.0s/30m0s  1.00 iters/s

running (25m54.0s), 003/050 VUs, 1551 complete and 0 interrupted iterations
soak   [  86% ] 003/050 VUs  25m54.0s/30m0s  1.00 iters/s

running (25m55.0s), 003/050 VUs, 1552 complete and 0 interrupted iterations
soak   [  86% ] 003/050 VUs  25m55.0s/30m0s  1.00 iters/s

running (25m56.0s), 004/050 VUs, 1552 complete and 0 interrupted iterations
soak   [  86% ] 004/050 VUs  25m56.0s/30m0s  1.00 iters/s

running (25m57.0s), 005/050 VUs, 1552 complete and 0 interrupted iterations
soak   [  86% ] 005/050 VUs  25m57.0s/30m0s  1.00 iters/s

running (25m58.0s), 006/050 VUs, 1552 complete and 0 interrupted iterations
soak   [  87% ] 006/050 VUs  25m58.0s/30m0s  1.00 iters/s

running (25m59.0s), 005/050 VUs, 1554 complete and 0 interrupted iterations
soak   [  87% ] 005/050 VUs  25m59.0s/30m0s  1.00 iters/s

running (26m00.0s), 005/050 VUs, 1555 complete and 0 interrupted iterations
soak   [  87% ] 005/050 VUs  26m00.0s/30m0s  1.00 iters/s

running (26m01.0s), 005/050 VUs, 1556 complete and 0 interrupted iterations
soak   [  87% ] 005/050 VUs  26m01.0s/30m0s  1.00 iters/s

running (26m02.0s), 005/050 VUs, 1557 complete and 0 interrupted iterations
soak   [  87% ] 005/050 VUs  26m02.0s/30m0s  1.00 iters/s

running (26m03.0s), 004/050 VUs, 1559 complete and 0 interrupted iterations
soak   [  87% ] 004/050 VUs  26m03.0s/30m0s  1.00 iters/s

running (26m04.0s), 004/050 VUs, 1560 complete and 0 interrupted iterations
soak   [  87% ] 004/050 VUs  26m04.0s/30m0s  1.00 iters/s

running (26m05.0s), 004/050 VUs, 1561 complete and 0 interrupted iterations
soak   [  87% ] 004/050 VUs  26m05.0s/30m0s  1.00 iters/s

running (26m06.0s), 005/050 VUs, 1561 complete and 0 interrupted iterations
soak   [  87% ] 005/050 VUs  26m06.0s/30m0s  1.00 iters/s

running (26m07.0s), 004/050 VUs, 1563 complete and 0 interrupted iterations
soak   [  87% ] 004/050 VUs  26m07.0s/30m0s  1.00 iters/s

running (26m08.0s), 003/050 VUs, 1565 complete and 0 interrupted iterations
soak   [  87% ] 003/050 VUs  26m08.0s/30m0s  1.00 iters/s

running (26m09.0s), 003/050 VUs, 1566 complete and 0 interrupted iterations
soak   [  87% ] 003/050 VUs  26m09.0s/30m0s  1.00 iters/s

running (26m10.0s), 003/050 VUs, 1567 complete and 0 interrupted iterations
soak   [  87% ] 003/050 VUs  26m10.0s/30m0s  1.00 iters/s

running (26m11.0s), 003/050 VUs, 1568 complete and 0 interrupted iterations
soak   [  87% ] 003/050 VUs  26m11.0s/30m0s  1.00 iters/s

running (26m12.0s), 004/050 VUs, 1568 complete and 0 interrupted iterations
soak   [  87% ] 004/050 VUs  26m12.0s/30m0s  1.00 iters/s

running (26m13.0s), 004/050 VUs, 1569 complete and 0 interrupted iterations
soak   [  87% ] 004/050 VUs  26m13.0s/30m0s  1.00 iters/s

running (26m14.0s), 005/050 VUs, 1569 complete and 0 interrupted iterations
soak   [  87% ] 005/050 VUs  26m14.0s/30m0s  1.00 iters/s

running (26m15.0s), 004/050 VUs, 1571 complete and 0 interrupted iterations
soak   [  87% ] 004/050 VUs  26m15.0s/30m0s  1.00 iters/s

running (26m16.0s), 005/050 VUs, 1571 complete and 0 interrupted iterations
soak   [  88% ] 005/050 VUs  26m16.0s/30m0s  1.00 iters/s

running (26m17.0s), 005/050 VUs, 1572 complete and 0 interrupted iterations
soak   [  88% ] 005/050 VUs  26m17.0s/30m0s  1.00 iters/s

running (26m18.0s), 005/050 VUs, 1573 complete and 0 interrupted iterations
soak   [  88% ] 005/050 VUs  26m18.0s/30m0s  1.00 iters/s

running (26m19.0s), 005/050 VUs, 1574 complete and 0 interrupted iterations
soak   [  88% ] 005/050 VUs  26m19.0s/30m0s  1.00 iters/s

running (26m20.0s), 006/050 VUs, 1574 complete and 0 interrupted iterations
soak   [  88% ] 006/050 VUs  26m20.0s/30m0s  1.00 iters/s

running (26m21.0s), 003/050 VUs, 1578 complete and 0 interrupted iterations
soak   [  88% ] 003/050 VUs  26m21.0s/30m0s  1.00 iters/s

running (26m22.0s), 004/050 VUs, 1578 complete and 0 interrupted iterations
soak   [  88% ] 004/050 VUs  26m22.0s/30m0s  1.00 iters/s

running (26m23.0s), 004/050 VUs, 1579 complete and 0 interrupted iterations
soak   [  88% ] 004/050 VUs  26m23.0s/30m0s  1.00 iters/s

running (26m24.0s), 004/050 VUs, 1580 complete and 0 interrupted iterations
soak   [  88% ] 004/050 VUs  26m24.0s/30m0s  1.00 iters/s

running (26m25.0s), 004/050 VUs, 1581 complete and 0 interrupted iterations
soak   [  88% ] 004/050 VUs  26m25.0s/30m0s  1.00 iters/s

running (26m26.0s), 004/050 VUs, 1582 complete and 0 interrupted iterations
soak   [  88% ] 004/050 VUs  26m26.0s/30m0s  1.00 iters/s

running (26m27.0s), 004/050 VUs, 1583 complete and 0 interrupted iterations
soak   [  88% ] 004/050 VUs  26m27.0s/30m0s  1.00 iters/s

running (26m28.0s), 004/050 VUs, 1584 complete and 0 interrupted iterations
soak   [  88% ] 004/050 VUs  26m28.0s/30m0s  1.00 iters/s

running (26m29.0s), 004/050 VUs, 1585 complete and 0 interrupted iterations
soak   [  88% ] 004/050 VUs  26m29.0s/30m0s  1.00 iters/s

running (26m30.0s), 003/050 VUs, 1587 complete and 0 interrupted iterations
soak   [  88% ] 003/050 VUs  26m30.0s/30m0s  1.00 iters/s

running (26m31.0s), 004/050 VUs, 1587 complete and 0 interrupted iterations
soak   [  88% ] 004/050 VUs  26m31.0s/30m0s  1.00 iters/s

running (26m32.0s), 004/050 VUs, 1588 complete and 0 interrupted iterations
soak   [  88% ] 004/050 VUs  26m32.0s/30m0s  1.00 iters/s

running (26m33.0s), 004/050 VUs, 1589 complete and 0 interrupted iterations
soak   [  88% ] 004/050 VUs  26m33.0s/30m0s  1.00 iters/s

running (26m34.0s), 004/050 VUs, 1590 complete and 0 interrupted iterations
soak   [  89% ] 004/050 VUs  26m34.0s/30m0s  1.00 iters/s

running (26m35.0s), 003/050 VUs, 1592 complete and 0 interrupted iterations
soak   [  89% ] 003/050 VUs  26m35.0s/30m0s  1.00 iters/s

running (26m36.0s), 003/050 VUs, 1593 complete and 0 interrupted iterations
soak   [  89% ] 003/050 VUs  26m36.0s/30m0s  1.00 iters/s

running (26m37.0s), 004/050 VUs, 1593 complete and 0 interrupted iterations
soak   [  89% ] 004/050 VUs  26m37.0s/30m0s  1.00 iters/s

running (26m38.0s), 005/050 VUs, 1593 complete and 0 interrupted iterations
soak   [  89% ] 005/050 VUs  26m38.0s/30m0s  1.00 iters/s

running (26m39.0s), 005/050 VUs, 1594 complete and 0 interrupted iterations
soak   [  89% ] 005/050 VUs  26m39.0s/30m0s  1.00 iters/s

running (26m40.0s), 004/050 VUs, 1596 complete and 0 interrupted iterations
soak   [  89% ] 004/050 VUs  26m40.0s/30m0s  1.00 iters/s

running (26m41.0s), 005/050 VUs, 1596 complete and 0 interrupted iterations
soak   [  89% ] 005/050 VUs  26m41.0s/30m0s  1.00 iters/s

running (26m42.0s), 004/050 VUs, 1598 complete and 0 interrupted iterations
soak   [  89% ] 004/050 VUs  26m42.0s/30m0s  1.00 iters/s

running (26m43.0s), 004/050 VUs, 1599 complete and 0 interrupted iterations
soak   [  89% ] 004/050 VUs  26m43.0s/30m0s  1.00 iters/s

running (26m44.0s), 004/050 VUs, 1600 complete and 0 interrupted iterations
soak   [  89% ] 004/050 VUs  26m44.0s/30m0s  1.00 iters/s

running (26m45.0s), 005/050 VUs, 1600 complete and 0 interrupted iterations
soak   [  89% ] 005/050 VUs  26m45.0s/30m0s  1.00 iters/s

running (26m46.0s), 005/050 VUs, 1601 complete and 0 interrupted iterations
soak   [  89% ] 005/050 VUs  26m46.0s/30m0s  1.00 iters/s

running (26m47.0s), 004/050 VUs, 1603 complete and 0 interrupted iterations
soak   [  89% ] 004/050 VUs  26m47.0s/30m0s  1.00 iters/s

running (26m48.0s), 004/050 VUs, 1604 complete and 0 interrupted iterations
soak   [  89% ] 004/050 VUs  26m48.0s/30m0s  1.00 iters/s

running (26m49.0s), 005/050 VUs, 1604 complete and 0 interrupted iterations
soak   [  89% ] 005/050 VUs  26m49.0s/30m0s  1.00 iters/s

running (26m50.0s), 005/050 VUs, 1605 complete and 0 interrupted iterations
soak   [  89% ] 005/050 VUs  26m50.0s/30m0s  1.00 iters/s

running (26m51.0s), 005/050 VUs, 1606 complete and 0 interrupted iterations
soak   [  89% ] 005/050 VUs  26m51.0s/30m0s  1.00 iters/s

running (26m52.0s), 005/050 VUs, 1607 complete and 0 interrupted iterations
soak   [  90% ] 005/050 VUs  26m52.0s/30m0s  1.00 iters/s

running (26m53.0s), 005/050 VUs, 1608 complete and 0 interrupted iterations
soak   [  90% ] 005/050 VUs  26m53.0s/30m0s  1.00 iters/s

running (26m54.0s), 005/050 VUs, 1609 complete and 0 interrupted iterations
soak   [  90% ] 005/050 VUs  26m54.0s/30m0s  1.00 iters/s

running (26m55.0s), 004/050 VUs, 1611 complete and 0 interrupted iterations
soak   [  90% ] 004/050 VUs  26m55.0s/30m0s  1.00 iters/s

running (26m56.0s), 005/050 VUs, 1611 complete and 0 interrupted iterations
soak   [  90% ] 005/050 VUs  26m56.0s/30m0s  1.00 iters/s

running (26m57.0s), 006/050 VUs, 1611 complete and 0 interrupted iterations
soak   [  90% ] 006/050 VUs  26m57.0s/30m0s  1.00 iters/s

running (26m58.0s), 004/050 VUs, 1614 complete and 0 interrupted iterations
soak   [  90% ] 004/050 VUs  26m58.0s/30m0s  1.00 iters/s

running (26m59.0s), 005/050 VUs, 1614 complete and 0 interrupted iterations
soak   [  90% ] 005/050 VUs  26m59.0s/30m0s  1.00 iters/s

running (27m00.0s), 004/050 VUs, 1616 complete and 0 interrupted iterations
soak   [  90% ] 004/050 VUs  27m00.0s/30m0s  1.00 iters/s

running (27m01.0s), 004/050 VUs, 1617 complete and 0 interrupted iterations
soak   [  90% ] 004/050 VUs  27m01.0s/30m0s  1.00 iters/s

running (27m02.0s), 005/050 VUs, 1617 complete and 0 interrupted iterations
soak   [  90% ] 005/050 VUs  27m02.0s/30m0s  1.00 iters/s

running (27m03.0s), 005/050 VUs, 1618 complete and 0 interrupted iterations
soak   [  90% ] 005/050 VUs  27m03.0s/30m0s  1.00 iters/s

running (27m04.0s), 004/050 VUs, 1620 complete and 0 interrupted iterations
soak   [  90% ] 004/050 VUs  27m04.0s/30m0s  1.00 iters/s

running (27m05.0s), 004/050 VUs, 1621 complete and 0 interrupted iterations
soak   [  90% ] 004/050 VUs  27m05.0s/30m0s  1.00 iters/s

running (27m06.0s), 004/050 VUs, 1622 complete and 0 interrupted iterations
soak   [  90% ] 004/050 VUs  27m06.0s/30m0s  1.00 iters/s

running (27m07.0s), 005/050 VUs, 1622 complete and 0 interrupted iterations
soak   [  90% ] 005/050 VUs  27m07.0s/30m0s  1.00 iters/s

running (27m08.0s), 005/050 VUs, 1623 complete and 0 interrupted iterations
soak   [  90% ] 005/050 VUs  27m08.0s/30m0s  1.00 iters/s

running (27m09.0s), 004/050 VUs, 1625 complete and 0 interrupted iterations
soak   [  90% ] 004/050 VUs  27m09.0s/30m0s  1.00 iters/s

running (27m10.0s), 004/050 VUs, 1626 complete and 0 interrupted iterations
soak   [  91% ] 004/050 VUs  27m10.0s/30m0s  1.00 iters/s

running (27m11.0s), 004/050 VUs, 1627 complete and 0 interrupted iterations
soak   [  91% ] 004/050 VUs  27m11.0s/30m0s  1.00 iters/s

running (27m12.0s), 004/050 VUs, 1628 complete and 0 interrupted iterations
soak   [  91% ] 004/050 VUs  27m12.0s/30m0s  1.00 iters/s

running (27m13.0s), 005/050 VUs, 1628 complete and 0 interrupted iterations
soak   [  91% ] 005/050 VUs  27m13.0s/30m0s  1.00 iters/s

running (27m14.0s), 003/050 VUs, 1631 complete and 0 interrupted iterations
soak   [  91% ] 003/050 VUs  27m14.0s/30m0s  1.00 iters/s

running (27m15.0s), 004/050 VUs, 1631 complete and 0 interrupted iterations
soak   [  91% ] 004/050 VUs  27m15.0s/30m0s  1.00 iters/s

running (27m16.0s), 004/050 VUs, 1632 complete and 0 interrupted iterations
soak   [  91% ] 004/050 VUs  27m16.0s/30m0s  1.00 iters/s

running (27m17.0s), 004/050 VUs, 1633 complete and 0 interrupted iterations
soak   [  91% ] 004/050 VUs  27m17.0s/30m0s  1.00 iters/s

running (27m18.0s), 005/050 VUs, 1633 complete and 0 interrupted iterations
soak   [  91% ] 005/050 VUs  27m18.0s/30m0s  1.00 iters/s

running (27m19.0s), 004/050 VUs, 1635 complete and 0 interrupted iterations
soak   [  91% ] 004/050 VUs  27m19.0s/30m0s  1.00 iters/s

running (27m20.0s), 005/050 VUs, 1635 complete and 0 interrupted iterations
soak   [  91% ] 005/050 VUs  27m20.0s/30m0s  1.00 iters/s

running (27m21.0s), 006/050 VUs, 1635 complete and 0 interrupted iterations
soak   [  91% ] 006/050 VUs  27m21.0s/30m0s  1.00 iters/s

running (27m22.0s), 005/050 VUs, 1637 complete and 0 interrupted iterations
soak   [  91% ] 005/050 VUs  27m22.0s/30m0s  1.00 iters/s

running (27m23.0s), 005/050 VUs, 1638 complete and 0 interrupted iterations
soak   [  91% ] 005/050 VUs  27m23.0s/30m0s  1.00 iters/s

running (27m24.0s), 005/050 VUs, 1639 complete and 0 interrupted iterations
soak   [  91% ] 005/050 VUs  27m24.0s/30m0s  1.00 iters/s

running (27m25.0s), 005/050 VUs, 1640 complete and 0 interrupted iterations
soak   [  91% ] 005/050 VUs  27m25.0s/30m0s  1.00 iters/s

running (27m26.0s), 004/050 VUs, 1642 complete and 0 interrupted iterations
soak   [  91% ] 004/050 VUs  27m26.0s/30m0s  1.00 iters/s

running (27m27.0s), 004/050 VUs, 1643 complete and 0 interrupted iterations
soak   [  91% ] 004/050 VUs  27m27.0s/30m0s  1.00 iters/s

running (27m28.0s), 005/050 VUs, 1643 complete and 0 interrupted iterations
soak   [  92% ] 005/050 VUs  27m28.0s/30m0s  1.00 iters/s

running (27m29.0s), 005/050 VUs, 1644 complete and 0 interrupted iterations
soak   [  92% ] 005/050 VUs  27m29.0s/30m0s  1.00 iters/s

running (27m30.0s), 004/050 VUs, 1646 complete and 0 interrupted iterations
soak   [  92% ] 004/050 VUs  27m30.0s/30m0s  1.00 iters/s

running (27m31.0s), 005/050 VUs, 1646 complete and 0 interrupted iterations
soak   [  92% ] 005/050 VUs  27m31.0s/30m0s  1.00 iters/s

running (27m32.0s), 004/050 VUs, 1648 complete and 0 interrupted iterations
soak   [  92% ] 004/050 VUs  27m32.0s/30m0s  1.00 iters/s

running (27m33.0s), 005/050 VUs, 1648 complete and 0 interrupted iterations
soak   [  92% ] 005/050 VUs  27m33.0s/30m0s  1.00 iters/s

running (27m34.0s), 005/050 VUs, 1649 complete and 0 interrupted iterations
soak   [  92% ] 005/050 VUs  27m34.0s/30m0s  1.00 iters/s

running (27m35.0s), 004/050 VUs, 1651 complete and 0 interrupted iterations
soak   [  92% ] 004/050 VUs  27m35.0s/30m0s  1.00 iters/s

running (27m36.0s), 004/050 VUs, 1652 complete and 0 interrupted iterations
soak   [  92% ] 004/050 VUs  27m36.0s/30m0s  1.00 iters/s

running (27m37.0s), 005/050 VUs, 1652 complete and 0 interrupted iterations
soak   [  92% ] 005/050 VUs  27m37.0s/30m0s  1.00 iters/s

running (27m38.0s), 004/050 VUs, 1654 complete and 0 interrupted iterations
soak   [  92% ] 004/050 VUs  27m38.0s/30m0s  1.00 iters/s

running (27m39.0s), 004/050 VUs, 1655 complete and 0 interrupted iterations
soak   [  92% ] 004/050 VUs  27m39.0s/30m0s  1.00 iters/s

running (27m40.0s), 004/050 VUs, 1656 complete and 0 interrupted iterations
soak   [  92% ] 004/050 VUs  27m40.0s/30m0s  1.00 iters/s

running (27m41.0s), 004/050 VUs, 1657 complete and 0 interrupted iterations
soak   [  92% ] 004/050 VUs  27m41.0s/30m0s  1.00 iters/s

running (27m42.0s), 004/050 VUs, 1658 complete and 0 interrupted iterations
soak   [  92% ] 004/050 VUs  27m42.0s/30m0s  1.00 iters/s

running (27m43.0s), 004/050 VUs, 1659 complete and 0 interrupted iterations
soak   [  92% ] 004/050 VUs  27m43.0s/30m0s  1.00 iters/s

running (27m44.0s), 004/050 VUs, 1660 complete and 0 interrupted iterations
soak   [  92% ] 004/050 VUs  27m44.0s/30m0s  1.00 iters/s

running (27m45.0s), 003/050 VUs, 1662 complete and 0 interrupted iterations
soak   [  92% ] 003/050 VUs  27m45.0s/30m0s  1.00 iters/s

running (27m46.0s), 003/050 VUs, 1663 complete and 0 interrupted iterations
soak   [  93% ] 003/050 VUs  27m46.0s/30m0s  1.00 iters/s

running (27m47.0s), 003/050 VUs, 1664 complete and 0 interrupted iterations
soak   [  93% ] 003/050 VUs  27m47.0s/30m0s  1.00 iters/s

running (27m48.0s), 004/050 VUs, 1664 complete and 0 interrupted iterations
soak   [  93% ] 004/050 VUs  27m48.0s/30m0s  1.00 iters/s

running (27m49.0s), 004/050 VUs, 1665 complete and 0 interrupted iterations
soak   [  93% ] 004/050 VUs  27m49.0s/30m0s  1.00 iters/s

running (27m50.0s), 003/050 VUs, 1667 complete and 0 interrupted iterations
soak   [  93% ] 003/050 VUs  27m50.0s/30m0s  1.00 iters/s

running (27m51.0s), 003/050 VUs, 1668 complete and 0 interrupted iterations
soak   [  93% ] 003/050 VUs  27m51.0s/30m0s  1.00 iters/s

running (27m52.0s), 004/050 VUs, 1668 complete and 0 interrupted iterations
soak   [  93% ] 004/050 VUs  27m52.0s/30m0s  1.00 iters/s

running (27m53.0s), 004/050 VUs, 1669 complete and 0 interrupted iterations
soak   [  93% ] 004/050 VUs  27m53.0s/30m0s  1.00 iters/s

running (27m54.0s), 005/050 VUs, 1669 complete and 0 interrupted iterations
soak   [  93% ] 005/050 VUs  27m54.0s/30m0s  1.00 iters/s

running (27m55.0s), 004/050 VUs, 1671 complete and 0 interrupted iterations
soak   [  93% ] 004/050 VUs  27m55.0s/30m0s  1.00 iters/s

running (27m56.0s), 005/050 VUs, 1671 complete and 0 interrupted iterations
soak   [  93% ] 005/050 VUs  27m56.0s/30m0s  1.00 iters/s

running (27m57.0s), 006/050 VUs, 1671 complete and 0 interrupted iterations
soak   [  93% ] 006/050 VUs  27m57.0s/30m0s  1.00 iters/s

running (27m58.0s), 003/050 VUs, 1675 complete and 0 interrupted iterations
soak   [  93% ] 003/050 VUs  27m58.0s/30m0s  1.00 iters/s

running (27m59.0s), 004/050 VUs, 1675 complete and 0 interrupted iterations
soak   [  93% ] 004/050 VUs  27m59.0s/30m0s  1.00 iters/s

running (28m00.0s), 005/050 VUs, 1675 complete and 0 interrupted iterations
soak   [  93% ] 005/050 VUs  28m00.0s/30m0s  1.00 iters/s

running (28m01.0s), 004/050 VUs, 1677 complete and 0 interrupted iterations
soak   [  93% ] 004/050 VUs  28m01.0s/30m0s  1.00 iters/s

running (28m02.0s), 003/050 VUs, 1679 complete and 0 interrupted iterations
soak   [  93% ] 003/050 VUs  28m02.0s/30m0s  1.00 iters/s

running (28m03.0s), 003/050 VUs, 1680 complete and 0 interrupted iterations
soak   [  93% ] 003/050 VUs  28m03.0s/30m0s  1.00 iters/s

running (28m04.0s), 004/050 VUs, 1680 complete and 0 interrupted iterations
soak   [  94% ] 004/050 VUs  28m04.0s/30m0s  1.00 iters/s

running (28m05.0s), 004/050 VUs, 1681 complete and 0 interrupted iterations
soak   [  94% ] 004/050 VUs  28m05.0s/30m0s  1.00 iters/s

running (28m06.0s), 004/050 VUs, 1682 complete and 0 interrupted iterations
soak   [  94% ] 004/050 VUs  28m06.0s/30m0s  1.00 iters/s

running (28m07.0s), 004/050 VUs, 1683 complete and 0 interrupted iterations
soak   [  94% ] 004/050 VUs  28m07.0s/30m0s  1.00 iters/s

running (28m08.0s), 003/050 VUs, 1685 complete and 0 interrupted iterations
soak   [  94% ] 003/050 VUs  28m08.0s/30m0s  1.00 iters/s

running (28m09.0s), 004/050 VUs, 1685 complete and 0 interrupted iterations
soak   [  94% ] 004/050 VUs  28m09.0s/30m0s  1.00 iters/s

running (28m10.0s), 003/050 VUs, 1687 complete and 0 interrupted iterations
soak   [  94% ] 003/050 VUs  28m10.0s/30m0s  1.00 iters/s

running (28m11.0s), 003/050 VUs, 1688 complete and 0 interrupted iterations
soak   [  94% ] 003/050 VUs  28m11.0s/30m0s  1.00 iters/s

running (28m12.0s), 004/050 VUs, 1688 complete and 0 interrupted iterations
soak   [  94% ] 004/050 VUs  28m12.0s/30m0s  1.00 iters/s

running (28m13.0s), 004/050 VUs, 1689 complete and 0 interrupted iterations
soak   [  94% ] 004/050 VUs  28m13.0s/30m0s  1.00 iters/s

running (28m14.0s), 003/050 VUs, 1691 complete and 0 interrupted iterations
soak   [  94% ] 003/050 VUs  28m14.0s/30m0s  1.00 iters/s

running (28m15.0s), 003/050 VUs, 1692 complete and 0 interrupted iterations
soak   [  94% ] 003/050 VUs  28m15.0s/30m0s  1.00 iters/s

running (28m16.0s), 004/050 VUs, 1692 complete and 0 interrupted iterations
soak   [  94% ] 004/050 VUs  28m16.0s/30m0s  1.00 iters/s

running (28m17.0s), 004/050 VUs, 1693 complete and 0 interrupted iterations
soak   [  94% ] 004/050 VUs  28m17.0s/30m0s  1.00 iters/s

running (28m18.0s), 004/050 VUs, 1694 complete and 0 interrupted iterations
soak   [  94% ] 004/050 VUs  28m18.0s/30m0s  1.00 iters/s

running (28m19.0s), 003/050 VUs, 1696 complete and 0 interrupted iterations
soak   [  94% ] 003/050 VUs  28m19.0s/30m0s  1.00 iters/s

running (28m20.0s), 004/050 VUs, 1696 complete and 0 interrupted iterations
soak   [  94% ] 004/050 VUs  28m20.0s/30m0s  1.00 iters/s

running (28m21.0s), 004/050 VUs, 1697 complete and 0 interrupted iterations
soak   [  94% ] 004/050 VUs  28m21.0s/30m0s  1.00 iters/s

running (28m22.0s), 004/050 VUs, 1698 complete and 0 interrupted iterations
soak   [  95% ] 004/050 VUs  28m22.0s/30m0s  1.00 iters/s

running (28m23.0s), 004/050 VUs, 1699 complete and 0 interrupted iterations
soak   [  95% ] 004/050 VUs  28m23.0s/30m0s  1.00 iters/s

running (28m24.0s), 005/050 VUs, 1699 complete and 0 interrupted iterations
soak   [  95% ] 005/050 VUs  28m24.0s/30m0s  1.00 iters/s

running (28m25.0s), 006/050 VUs, 1699 complete and 0 interrupted iterations
soak   [  95% ] 006/050 VUs  28m25.0s/30m0s  1.00 iters/s

running (28m26.0s), 003/050 VUs, 1703 complete and 0 interrupted iterations
soak   [  95% ] 003/050 VUs  28m26.0s/30m0s  1.00 iters/s

running (28m27.0s), 003/050 VUs, 1704 complete and 0 interrupted iterations
soak   [  95% ] 003/050 VUs  28m27.0s/30m0s  1.00 iters/s

running (28m28.0s), 004/050 VUs, 1704 complete and 0 interrupted iterations
soak   [  95% ] 004/050 VUs  28m28.0s/30m0s  1.00 iters/s

running (28m29.0s), 005/050 VUs, 1704 complete and 0 interrupted iterations
soak   [  95% ] 005/050 VUs  28m29.0s/30m0s  1.00 iters/s

running (28m30.0s), 003/050 VUs, 1707 complete and 0 interrupted iterations
soak   [  95% ] 003/050 VUs  28m30.0s/30m0s  1.00 iters/s

running (28m31.0s), 004/050 VUs, 1707 complete and 0 interrupted iterations
soak   [  95% ] 004/050 VUs  28m31.0s/30m0s  1.00 iters/s

running (28m32.0s), 005/050 VUs, 1707 complete and 0 interrupted iterations
soak   [  95% ] 005/050 VUs  28m32.0s/30m0s  1.00 iters/s

running (28m33.0s), 005/050 VUs, 1708 complete and 0 interrupted iterations
soak   [  95% ] 005/050 VUs  28m33.0s/30m0s  1.00 iters/s

running (28m34.0s), 006/050 VUs, 1708 complete and 0 interrupted iterations
soak   [  95% ] 006/050 VUs  28m34.0s/30m0s  1.00 iters/s

running (28m35.0s), 005/050 VUs, 1710 complete and 0 interrupted iterations
soak   [  95% ] 005/050 VUs  28m35.0s/30m0s  1.00 iters/s

running (28m36.0s), 006/050 VUs, 1710 complete and 0 interrupted iterations
soak   [  95% ] 006/050 VUs  28m36.0s/30m0s  1.00 iters/s

running (28m37.0s), 004/050 VUs, 1713 complete and 0 interrupted iterations
soak   [  95% ] 004/050 VUs  28m37.0s/30m0s  1.00 iters/s

running (28m38.0s), 004/050 VUs, 1714 complete and 0 interrupted iterations
soak   [  95% ] 004/050 VUs  28m38.0s/30m0s  1.00 iters/s

running (28m39.0s), 004/050 VUs, 1715 complete and 0 interrupted iterations
soak   [  95% ] 004/050 VUs  28m39.0s/30m0s  1.00 iters/s

running (28m40.0s), 005/050 VUs, 1715 complete and 0 interrupted iterations
soak   [  96% ] 005/050 VUs  28m40.0s/30m0s  1.00 iters/s

running (28m41.0s), 004/050 VUs, 1717 complete and 0 interrupted iterations
soak   [  96% ] 004/050 VUs  28m41.0s/30m0s  1.00 iters/s

running (28m42.0s), 004/050 VUs, 1718 complete and 0 interrupted iterations
soak   [  96% ] 004/050 VUs  28m42.0s/30m0s  1.00 iters/s

running (28m43.0s), 005/050 VUs, 1718 complete and 0 interrupted iterations
soak   [  96% ] 005/050 VUs  28m43.0s/30m0s  1.00 iters/s

running (28m44.0s), 005/050 VUs, 1719 complete and 0 interrupted iterations
soak   [  96% ] 005/050 VUs  28m44.0s/30m0s  1.00 iters/s

running (28m45.0s), 003/050 VUs, 1722 complete and 0 interrupted iterations
soak   [  96% ] 003/050 VUs  28m45.0s/30m0s  1.00 iters/s

running (28m46.0s), 004/050 VUs, 1722 complete and 0 interrupted iterations
soak   [  96% ] 004/050 VUs  28m46.0s/30m0s  1.00 iters/s

running (28m47.0s), 004/050 VUs, 1723 complete and 0 interrupted iterations
soak   [  96% ] 004/050 VUs  28m47.0s/30m0s  1.00 iters/s

running (28m48.0s), 004/050 VUs, 1724 complete and 0 interrupted iterations
soak   [  96% ] 004/050 VUs  28m48.0s/30m0s  1.00 iters/s

running (28m49.0s), 004/050 VUs, 1725 complete and 0 interrupted iterations
soak   [  96% ] 004/050 VUs  28m49.0s/30m0s  1.00 iters/s

running (28m50.0s), 005/050 VUs, 1725 complete and 0 interrupted iterations
soak   [  96% ] 005/050 VUs  28m50.0s/30m0s  1.00 iters/s

running (28m51.0s), 004/050 VUs, 1727 complete and 0 interrupted iterations
soak   [  96% ] 004/050 VUs  28m51.0s/30m0s  1.00 iters/s

running (28m52.0s), 004/050 VUs, 1728 complete and 0 interrupted iterations
soak   [  96% ] 004/050 VUs  28m52.0s/30m0s  1.00 iters/s

running (28m53.0s), 004/050 VUs, 1729 complete and 0 interrupted iterations
soak   [  96% ] 004/050 VUs  28m53.0s/30m0s  1.00 iters/s

running (28m54.0s), 005/050 VUs, 1729 complete and 0 interrupted iterations
soak   [  96% ] 005/050 VUs  28m54.0s/30m0s  1.00 iters/s

running (28m55.0s), 004/050 VUs, 1731 complete and 0 interrupted iterations
soak   [  96% ] 004/050 VUs  28m55.0s/30m0s  1.00 iters/s

running (28m56.0s), 005/050 VUs, 1731 complete and 0 interrupted iterations
soak   [  96% ] 005/050 VUs  28m56.0s/30m0s  1.00 iters/s

running (28m57.0s), 004/050 VUs, 1733 complete and 0 interrupted iterations
soak   [  96% ] 004/050 VUs  28m57.0s/30m0s  1.00 iters/s

running (28m58.0s), 004/050 VUs, 1734 complete and 0 interrupted iterations
soak   [  97% ] 004/050 VUs  28m58.0s/30m0s  1.00 iters/s

running (28m59.0s), 004/050 VUs, 1735 complete and 0 interrupted iterations
soak   [  97% ] 004/050 VUs  28m59.0s/30m0s  1.00 iters/s

running (29m00.0s), 004/050 VUs, 1736 complete and 0 interrupted iterations
soak   [  97% ] 004/050 VUs  29m00.0s/30m0s  1.00 iters/s

running (29m01.0s), 004/050 VUs, 1737 complete and 0 interrupted iterations
soak   [  97% ] 004/050 VUs  29m01.0s/30m0s  1.00 iters/s

running (29m02.0s), 004/050 VUs, 1738 complete and 0 interrupted iterations
soak   [  97% ] 004/050 VUs  29m02.0s/30m0s  1.00 iters/s

running (29m03.0s), 004/050 VUs, 1739 complete and 0 interrupted iterations
soak   [  97% ] 004/050 VUs  29m03.0s/30m0s  1.00 iters/s

running (29m04.0s), 004/050 VUs, 1740 complete and 0 interrupted iterations
soak   [  97% ] 004/050 VUs  29m04.0s/30m0s  1.00 iters/s

running (29m05.0s), 004/050 VUs, 1741 complete and 0 interrupted iterations
soak   [  97% ] 004/050 VUs  29m05.0s/30m0s  1.00 iters/s

running (29m06.0s), 003/050 VUs, 1743 complete and 0 interrupted iterations
soak   [  97% ] 003/050 VUs  29m06.0s/30m0s  1.00 iters/s

running (29m07.0s), 004/050 VUs, 1743 complete and 0 interrupted iterations
soak   [  97% ] 004/050 VUs  29m07.0s/30m0s  1.00 iters/s

running (29m08.0s), 004/050 VUs, 1744 complete and 0 interrupted iterations
soak   [  97% ] 004/050 VUs  29m08.0s/30m0s  1.00 iters/s

running (29m09.0s), 004/050 VUs, 1745 complete and 0 interrupted iterations
soak   [  97% ] 004/050 VUs  29m09.0s/30m0s  1.00 iters/s

running (29m10.0s), 004/050 VUs, 1746 complete and 0 interrupted iterations
soak   [  97% ] 004/050 VUs  29m10.0s/30m0s  1.00 iters/s

running (29m11.0s), 004/050 VUs, 1747 complete and 0 interrupted iterations
soak   [  97% ] 004/050 VUs  29m11.0s/30m0s  1.00 iters/s

running (29m12.0s), 003/050 VUs, 1749 complete and 0 interrupted iterations
soak   [  97% ] 003/050 VUs  29m12.0s/30m0s  1.00 iters/s

running (29m13.0s), 003/050 VUs, 1750 complete and 0 interrupted iterations
soak   [  97% ] 003/050 VUs  29m13.0s/30m0s  1.00 iters/s

running (29m14.0s), 004/050 VUs, 1750 complete and 0 interrupted iterations
soak   [  97% ] 004/050 VUs  29m14.0s/30m0s  1.00 iters/s

running (29m15.0s), 004/050 VUs, 1751 complete and 0 interrupted iterations
soak   [  97% ] 004/050 VUs  29m15.0s/30m0s  1.00 iters/s

running (29m16.0s), 004/050 VUs, 1752 complete and 0 interrupted iterations
soak   [  98% ] 004/050 VUs  29m16.0s/30m0s  1.00 iters/s

running (29m17.0s), 003/050 VUs, 1754 complete and 0 interrupted iterations
soak   [  98% ] 003/050 VUs  29m17.0s/30m0s  1.00 iters/s

running (29m18.0s), 004/050 VUs, 1754 complete and 0 interrupted iterations
soak   [  98% ] 004/050 VUs  29m18.0s/30m0s  1.00 iters/s

running (29m19.0s), 004/050 VUs, 1755 complete and 0 interrupted iterations
soak   [  98% ] 004/050 VUs  29m19.0s/30m0s  1.00 iters/s

running (29m20.0s), 004/050 VUs, 1756 complete and 0 interrupted iterations
soak   [  98% ] 004/050 VUs  29m20.0s/30m0s  1.00 iters/s

running (29m21.0s), 004/050 VUs, 1757 complete and 0 interrupted iterations
soak   [  98% ] 004/050 VUs  29m21.0s/30m0s  1.00 iters/s

running (29m22.0s), 004/050 VUs, 1758 complete and 0 interrupted iterations
soak   [  98% ] 004/050 VUs  29m22.0s/30m0s  1.00 iters/s

running (29m23.0s), 004/050 VUs, 1759 complete and 0 interrupted iterations
soak   [  98% ] 004/050 VUs  29m23.0s/30m0s  1.00 iters/s

running (29m24.0s), 004/050 VUs, 1760 complete and 0 interrupted iterations
soak   [  98% ] 004/050 VUs  29m24.0s/30m0s  1.00 iters/s

running (29m25.0s), 004/050 VUs, 1761 complete and 0 interrupted iterations
soak   [  98% ] 004/050 VUs  29m25.0s/30m0s  1.00 iters/s

running (29m26.0s), 004/050 VUs, 1762 complete and 0 interrupted iterations
soak   [  98% ] 004/050 VUs  29m26.0s/30m0s  1.00 iters/s

running (29m27.0s), 005/050 VUs, 1762 complete and 0 interrupted iterations
soak   [  98% ] 005/050 VUs  29m27.0s/30m0s  1.00 iters/s

running (29m28.0s), 004/050 VUs, 1764 complete and 0 interrupted iterations
soak   [  98% ] 004/050 VUs  29m28.0s/30m0s  1.00 iters/s

running (29m29.0s), 004/050 VUs, 1765 complete and 0 interrupted iterations
soak   [  98% ] 004/050 VUs  29m29.0s/30m0s  1.00 iters/s

running (29m30.0s), 004/050 VUs, 1766 complete and 0 interrupted iterations
soak   [  98% ] 004/050 VUs  29m30.0s/30m0s  1.00 iters/s

running (29m31.0s), 005/050 VUs, 1766 complete and 0 interrupted iterations
soak   [  98% ] 005/050 VUs  29m31.0s/30m0s  1.00 iters/s

running (29m32.0s), 005/050 VUs, 1767 complete and 0 interrupted iterations
soak   [  98% ] 005/050 VUs  29m32.0s/30m0s  1.00 iters/s

running (29m33.0s), 006/050 VUs, 1767 complete and 0 interrupted iterations
soak   [  98% ] 006/050 VUs  29m33.0s/30m0s  1.00 iters/s

running (29m34.0s), 004/050 VUs, 1770 complete and 0 interrupted iterations
soak   [  99% ] 004/050 VUs  29m34.0s/30m0s  1.00 iters/s

running (29m35.0s), 004/050 VUs, 1771 complete and 0 interrupted iterations
soak   [  99% ] 004/050 VUs  29m35.0s/30m0s  1.00 iters/s

running (29m36.0s), 003/050 VUs, 1773 complete and 0 interrupted iterations
soak   [  99% ] 003/050 VUs  29m36.0s/30m0s  1.00 iters/s

running (29m37.0s), 004/050 VUs, 1773 complete and 0 interrupted iterations
soak   [  99% ] 004/050 VUs  29m37.0s/30m0s  1.00 iters/s

running (29m38.0s), 004/050 VUs, 1774 complete and 0 interrupted iterations
soak   [  99% ] 004/050 VUs  29m38.0s/30m0s  1.00 iters/s

running (29m39.0s), 004/050 VUs, 1775 complete and 0 interrupted iterations
soak   [  99% ] 004/050 VUs  29m39.0s/30m0s  1.00 iters/s

running (29m40.0s), 003/050 VUs, 1777 complete and 0 interrupted iterations
soak   [  99% ] 003/050 VUs  29m40.0s/30m0s  1.00 iters/s

running (29m41.0s), 004/050 VUs, 1777 complete and 0 interrupted iterations
soak   [  99% ] 004/050 VUs  29m41.0s/30m0s  1.00 iters/s

running (29m42.0s), 003/050 VUs, 1779 complete and 0 interrupted iterations
soak   [  99% ] 003/050 VUs  29m42.0s/30m0s  1.00 iters/s

running (29m43.0s), 003/050 VUs, 1780 complete and 0 interrupted iterations
soak   [  99% ] 003/050 VUs  29m43.0s/30m0s  1.00 iters/s

running (29m44.0s), 003/050 VUs, 1781 complete and 0 interrupted iterations
soak   [  99% ] 003/050 VUs  29m44.0s/30m0s  1.00 iters/s

running (29m45.0s), 004/050 VUs, 1781 complete and 0 interrupted iterations
soak   [  99% ] 004/050 VUs  29m45.0s/30m0s  1.00 iters/s

running (29m46.0s), 004/050 VUs, 1782 complete and 0 interrupted iterations
soak   [  99% ] 004/050 VUs  29m46.0s/30m0s  1.00 iters/s

running (29m47.0s), 003/050 VUs, 1784 complete and 0 interrupted iterations
soak   [  99% ] 003/050 VUs  29m47.0s/30m0s  1.00 iters/s

running (29m48.0s), 003/050 VUs, 1785 complete and 0 interrupted iterations
soak   [  99% ] 003/050 VUs  29m48.0s/30m0s  1.00 iters/s

running (29m49.0s), 004/050 VUs, 1785 complete and 0 interrupted iterations
soak   [  99% ] 004/050 VUs  29m49.0s/30m0s  1.00 iters/s

running (29m50.0s), 004/050 VUs, 1786 complete and 0 interrupted iterations
soak   [  99% ] 004/050 VUs  29m50.0s/30m0s  1.00 iters/s

running (29m51.0s), 004/050 VUs, 1787 complete and 0 interrupted iterations
soak   [  99% ] 004/050 VUs  29m51.0s/30m0s  1.00 iters/s

running (29m52.0s), 005/050 VUs, 1787 complete and 0 interrupted iterations
soak   [ 100% ] 005/050 VUs  29m52.0s/30m0s  1.00 iters/s

running (29m53.0s), 005/050 VUs, 1788 complete and 0 interrupted iterations
soak   [ 100% ] 005/050 VUs  29m53.0s/30m0s  1.00 iters/s

running (29m54.0s), 006/050 VUs, 1788 complete and 0 interrupted iterations
soak   [ 100% ] 006/050 VUs  29m54.0s/30m0s  1.00 iters/s

running (29m55.0s), 004/050 VUs, 1791 complete and 0 interrupted iterations
soak   [ 100% ] 004/050 VUs  29m55.0s/30m0s  1.00 iters/s

running (29m56.0s), 004/050 VUs, 1792 complete and 0 interrupted iterations
soak   [ 100% ] 004/050 VUs  29m56.0s/30m0s  1.00 iters/s

running (29m57.0s), 005/050 VUs, 1792 complete and 0 interrupted iterations
soak   [ 100% ] 005/050 VUs  29m57.0s/30m0s  1.00 iters/s

running (29m58.0s), 006/050 VUs, 1792 complete and 0 interrupted iterations
soak   [ 100% ] 006/050 VUs  29m58.0s/30m0s  1.00 iters/s

running (29m59.0s), 006/050 VUs, 1793 complete and 0 interrupted iterations
soak   [ 100% ] 006/050 VUs  29m59.0s/30m0s  1.00 iters/s

running (30m00.0s), 005/050 VUs, 1795 complete and 0 interrupted iterations
soak   [ 100% ] 005/050 VUs  30m00.0s/30m0s  1.00 iters/s

running (30m01.0s), 004/050 VUs, 1796 complete and 0 interrupted iterations
soak ↓ [ 100% ] 005/050 VUs  30m0s  1.00 iters/s

running (30m02.0s), 002/050 VUs, 1798 complete and 0 interrupted iterations
soak ↓ [ 100% ] 005/050 VUs  30m0s  1.00 iters/s

running (30m03.0s), 002/050 VUs, 1798 complete and 0 interrupted iterations
soak ↓ [ 100% ] 005/050 VUs  30m0s  1.00 iters/s

================ DSP benchmark summary ================
-- per-phase latency --
  catalog                    p50=84.7 ms  p95=147.2 ms  p99=177.5 ms  max=347.2 ms  n=1800
  negotiation init (POST)    p50=6.9 ms  p95=97.6 ms  p99=115.2 ms  max=347.5 ms  n=1800
  time-to-AGREED (async)     p50=2556.5 ms  p95=3553.0 ms  p99=3842.0 ms  max=4586.0 ms  n=1800
  transfer init (POST)       p50=43.9 ms  p95=105.1 ms  p99=132.1 ms  max=266.1 ms  n=1800
  time-to-EDR (async)        p50=1780.0 ms  p95=2542.0 ms  p99=2826.0 ms  max=3325.0 ms  n=1800
  data pull                  p50=27.1 ms  p95=36.6 ms  p99=48.4 ms  max=52.7 ms  n=1800
-- end-to-end + throughput --
  e2e transaction            p50=4640.5 ms  p95=5806.2 ms  p99=6341.4 ms  max=7240.0 ms  n=1800
  data throughput (MB/s)     p50=0.2  p95=0.2  p99=0.2  max=0.2  n=1800
-- outcomes --
  transactions succeeded     count=1800  rate=0.998/s
  transactions failed        (no data)
  failed rate                rate=0.00%  (pass=0 fail=1800)
    of which TERMINATED      (no data)
    of which TIMED OUT       (no data)
    of which HTTP-FAILED     (no data)
  failure accounting       (no failures)
-- observer effect (poll load) --
  negotiation polls          count=20628  rate=11.436/s
  edr polls                  count=14703  rate=8.151/s
  polls per transaction     negotiation=11.5  edr=8.2  (timeout ceiling=120)
=======================================================
(full summary -> /home/rohitj/edc/benchmarking-factoryx-edc/resources/local-fx-mvd/k6-scripts/results/factoryx/on/soak/2026-08-02T14-51-24Z/k6-summary.json; POLL_INTERVAL_MS=250; IDENTITY_MODE=on)

running (30m03.8s), 000/050 VUs, 1800 complete and 0 interrupted iterations
soak ✓ [ 100% ] 000/050 VUs  30m0s  1.00 iters/s
