
         /\      Grafana   /‾‾/  
    /\  /  \     |\  __   /  /   
   /  \/    \    | |/ /  /   ‾‾\ 
  /          \   |   (  |  (‾)  |
 / __________ \  |_|\_\  \_____/ 


     execution: local
        script: /home/rohitj/edc/benchmarking-factoryx-edc/resources/local-fx-mvd/k6-scripts/scenarios/saturation-open.js
        output: Prometheus remote write (http://localhost:9090/api/v1/write)

     scenarios: (100.00%) 1 scenario, 800 max VUs, 11m0s max duration (incl. graceful stop):
              * saturation: Up to 6.00 iterations/s for 10m30s over 7 stages (maxVUs: 600-800, gracefulStop: 30s)


running (00m00.9s), 000/600 VUs, 0 complete and 0 interrupted iterations
saturation   [   0% ] 000/600 VUs  00m00.9s/10m30s  1.00 iters/s

running (00m01.9s), 001/600 VUs, 0 complete and 0 interrupted iterations
saturation   [   0% ] 001/600 VUs  00m01.9s/10m30s  1.00 iters/s

running (00m02.9s), 002/600 VUs, 0 complete and 0 interrupted iterations
saturation   [   0% ] 002/600 VUs  00m02.9s/10m30s  1.00 iters/s

running (00m03.9s), 003/600 VUs, 0 complete and 0 interrupted iterations
saturation   [   1% ] 003/600 VUs  00m03.9s/10m30s  1.00 iters/s

running (00m04.9s), 003/600 VUs, 1 complete and 0 interrupted iterations
saturation   [   1% ] 003/600 VUs  00m04.9s/10m30s  1.00 iters/s

running (00m05.9s), 003/600 VUs, 2 complete and 0 interrupted iterations
saturation   [   1% ] 003/600 VUs  00m05.9s/10m30s  1.00 iters/s

running (00m06.9s), 004/600 VUs, 2 complete and 0 interrupted iterations
saturation   [   1% ] 004/600 VUs  00m06.9s/10m30s  1.00 iters/s

running (00m07.9s), 004/600 VUs, 3 complete and 0 interrupted iterations
saturation   [   1% ] 004/600 VUs  00m07.9s/10m30s  1.00 iters/s

running (00m08.9s), 004/600 VUs, 4 complete and 0 interrupted iterations
saturation   [   1% ] 004/600 VUs  00m08.9s/10m30s  1.00 iters/s

running (00m09.9s), 004/600 VUs, 5 complete and 0 interrupted iterations
saturation   [   2% ] 004/600 VUs  00m09.9s/10m30s  1.00 iters/s

running (00m10.9s), 004/600 VUs, 6 complete and 0 interrupted iterations
saturation   [   2% ] 004/600 VUs  00m10.9s/10m30s  1.00 iters/s

running (00m11.9s), 005/600 VUs, 6 complete and 0 interrupted iterations
saturation   [   2% ] 005/600 VUs  00m11.9s/10m30s  1.00 iters/s

running (00m12.9s), 004/600 VUs, 8 complete and 0 interrupted iterations
saturation   [   2% ] 004/600 VUs  00m12.9s/10m30s  1.00 iters/s

running (00m13.9s), 004/600 VUs, 9 complete and 0 interrupted iterations
saturation   [   2% ] 004/600 VUs  00m13.9s/10m30s  1.00 iters/s

running (00m14.9s), 004/600 VUs, 10 complete and 0 interrupted iterations
saturation   [   2% ] 004/600 VUs  00m14.9s/10m30s  1.00 iters/s

running (00m15.9s), 005/600 VUs, 10 complete and 0 interrupted iterations
saturation   [   3% ] 005/600 VUs  00m15.9s/10m30s  1.00 iters/s

running (00m16.9s), 005/600 VUs, 11 complete and 0 interrupted iterations
saturation   [   3% ] 005/600 VUs  00m16.9s/10m30s  1.00 iters/s

running (00m17.9s), 005/600 VUs, 12 complete and 0 interrupted iterations
saturation   [   3% ] 005/600 VUs  00m17.9s/10m30s  1.00 iters/s

running (00m18.9s), 005/600 VUs, 13 complete and 0 interrupted iterations
saturation   [   3% ] 005/600 VUs  00m18.9s/10m30s  1.00 iters/s

running (00m19.9s), 006/600 VUs, 13 complete and 0 interrupted iterations
saturation   [   3% ] 006/600 VUs  00m19.9s/10m30s  1.00 iters/s

running (00m20.9s), 004/600 VUs, 16 complete and 0 interrupted iterations
saturation   [   3% ] 004/600 VUs  00m20.9s/10m30s  1.00 iters/s

running (00m21.9s), 005/600 VUs, 16 complete and 0 interrupted iterations
saturation   [   3% ] 005/600 VUs  00m21.9s/10m30s  1.00 iters/s

running (00m22.9s), 005/600 VUs, 17 complete and 0 interrupted iterations
saturation   [   4% ] 005/600 VUs  00m22.9s/10m30s  1.00 iters/s

running (00m23.9s), 005/600 VUs, 18 complete and 0 interrupted iterations
saturation   [   4% ] 005/600 VUs  00m23.9s/10m30s  1.00 iters/s

running (00m24.9s), 005/600 VUs, 19 complete and 0 interrupted iterations
saturation   [   4% ] 005/600 VUs  00m24.9s/10m30s  1.00 iters/s

running (00m25.9s), 006/600 VUs, 19 complete and 0 interrupted iterations
saturation   [   4% ] 006/600 VUs  00m25.9s/10m30s  1.00 iters/s

running (00m26.9s), 004/600 VUs, 22 complete and 0 interrupted iterations
saturation   [   4% ] 004/600 VUs  00m26.9s/10m30s  1.00 iters/s

running (00m27.9s), 005/600 VUs, 22 complete and 0 interrupted iterations
saturation   [   4% ] 005/600 VUs  00m27.9s/10m30s  1.00 iters/s

running (00m28.9s), 005/600 VUs, 23 complete and 0 interrupted iterations
saturation   [   5% ] 005/600 VUs  00m28.9s/10m30s  1.00 iters/s

running (00m29.9s), 004/600 VUs, 25 complete and 0 interrupted iterations
saturation   [   5% ] 004/600 VUs  00m29.9s/10m30s  1.00 iters/s

running (00m30.9s), 005/600 VUs, 25 complete and 0 interrupted iterations
saturation   [   5% ] 005/600 VUs  00m30.9s/10m30s  1.00 iters/s

running (00m31.9s), 005/600 VUs, 26 complete and 0 interrupted iterations
saturation   [   5% ] 005/600 VUs  00m31.9s/10m30s  1.00 iters/s

running (00m32.9s), 004/600 VUs, 28 complete and 0 interrupted iterations
saturation   [   5% ] 004/600 VUs  00m32.9s/10m30s  1.00 iters/s

running (00m33.9s), 005/600 VUs, 28 complete and 0 interrupted iterations
saturation   [   5% ] 005/600 VUs  00m33.9s/10m30s  1.00 iters/s

running (00m34.9s), 005/600 VUs, 29 complete and 0 interrupted iterations
saturation   [   6% ] 005/600 VUs  00m34.9s/10m30s  1.00 iters/s

running (00m35.9s), 005/600 VUs, 30 complete and 0 interrupted iterations
saturation   [   6% ] 005/600 VUs  00m35.9s/10m30s  1.00 iters/s

running (00m36.9s), 004/600 VUs, 32 complete and 0 interrupted iterations
saturation   [   6% ] 004/600 VUs  00m36.9s/10m30s  1.00 iters/s

running (00m37.9s), 004/600 VUs, 33 complete and 0 interrupted iterations
saturation   [   6% ] 004/600 VUs  00m37.9s/10m30s  1.00 iters/s

running (00m38.9s), 004/600 VUs, 34 complete and 0 interrupted iterations
saturation   [   6% ] 004/600 VUs  00m38.9s/10m30s  1.00 iters/s

running (00m39.9s), 004/600 VUs, 35 complete and 0 interrupted iterations
saturation   [   6% ] 004/600 VUs  00m39.9s/10m30s  1.00 iters/s

running (00m40.9s), 005/600 VUs, 35 complete and 0 interrupted iterations
saturation   [   6% ] 005/600 VUs  00m40.9s/10m30s  1.00 iters/s

running (00m41.9s), 005/600 VUs, 36 complete and 0 interrupted iterations
saturation   [   7% ] 005/600 VUs  00m41.9s/10m30s  1.00 iters/s

running (00m42.9s), 005/600 VUs, 37 complete and 0 interrupted iterations
saturation   [   7% ] 005/600 VUs  00m42.9s/10m30s  1.00 iters/s

running (00m43.9s), 004/600 VUs, 39 complete and 0 interrupted iterations
saturation   [   7% ] 004/600 VUs  00m43.9s/10m30s  1.00 iters/s

running (00m44.9s), 004/600 VUs, 40 complete and 0 interrupted iterations
saturation   [   7% ] 004/600 VUs  00m44.9s/10m30s  1.00 iters/s

running (00m45.9s), 005/600 VUs, 40 complete and 0 interrupted iterations
saturation   [   7% ] 005/600 VUs  00m45.9s/10m30s  1.00 iters/s

running (00m46.9s), 005/600 VUs, 41 complete and 0 interrupted iterations
saturation   [   7% ] 005/600 VUs  00m46.9s/10m30s  1.00 iters/s

running (00m47.9s), 005/600 VUs, 42 complete and 0 interrupted iterations
saturation   [   8% ] 005/600 VUs  00m47.9s/10m30s  1.00 iters/s

running (00m48.9s), 005/600 VUs, 43 complete and 0 interrupted iterations
saturation   [   8% ] 005/600 VUs  00m48.9s/10m30s  1.00 iters/s

running (00m49.9s), 005/600 VUs, 44 complete and 0 interrupted iterations
saturation   [   8% ] 005/600 VUs  00m49.9s/10m30s  1.00 iters/s

running (00m50.9s), 006/600 VUs, 44 complete and 0 interrupted iterations
saturation   [   8% ] 006/600 VUs  00m50.9s/10m30s  1.00 iters/s

running (00m51.9s), 005/600 VUs, 46 complete and 0 interrupted iterations
saturation   [   8% ] 005/600 VUs  00m51.9s/10m30s  1.00 iters/s

running (00m52.9s), 004/600 VUs, 48 complete and 0 interrupted iterations
saturation   [   8% ] 004/600 VUs  00m52.9s/10m30s  1.00 iters/s

running (00m53.9s), 005/600 VUs, 48 complete and 0 interrupted iterations
saturation   [   9% ] 005/600 VUs  00m53.9s/10m30s  1.00 iters/s

running (00m54.9s), 006/600 VUs, 48 complete and 0 interrupted iterations
saturation   [   9% ] 006/600 VUs  00m54.9s/10m30s  1.00 iters/s

running (00m55.9s), 005/600 VUs, 50 complete and 0 interrupted iterations
saturation   [   9% ] 005/600 VUs  00m55.9s/10m30s  1.00 iters/s

running (00m56.9s), 006/600 VUs, 50 complete and 0 interrupted iterations
saturation   [   9% ] 006/600 VUs  00m56.9s/10m30s  1.00 iters/s

running (00m57.9s), 006/600 VUs, 51 complete and 0 interrupted iterations
saturation   [   9% ] 006/600 VUs  00m57.9s/10m30s  1.00 iters/s

running (00m58.9s), 004/600 VUs, 54 complete and 0 interrupted iterations
saturation   [   9% ] 004/600 VUs  00m58.9s/10m30s  1.00 iters/s

running (00m59.9s), 005/600 VUs, 54 complete and 0 interrupted iterations
saturation   [  10% ] 005/600 VUs  00m59.9s/10m30s  1.00 iters/s

running (01m00.9s), 005/600 VUs, 55 complete and 0 interrupted iterations
saturation   [  10% ] 005/600 VUs  01m00.9s/10m30s  1.00 iters/s

running (01m01.9s), 006/600 VUs, 55 complete and 0 interrupted iterations
saturation   [  10% ] 006/600 VUs  01m01.9s/10m30s  1.00 iters/s

running (01m02.9s), 005/600 VUs, 57 complete and 0 interrupted iterations
saturation   [  10% ] 005/600 VUs  01m02.9s/10m30s  1.00 iters/s

running (01m03.9s), 005/600 VUs, 58 complete and 0 interrupted iterations
saturation   [  10% ] 005/600 VUs  01m03.9s/10m30s  1.00 iters/s

running (01m04.9s), 005/600 VUs, 59 complete and 0 interrupted iterations
saturation   [  10% ] 005/600 VUs  01m04.9s/10m30s  1.00 iters/s

running (01m05.9s), 004/600 VUs, 61 complete and 0 interrupted iterations
saturation   [  10% ] 004/600 VUs  01m05.9s/10m30s  1.00 iters/s

running (01m06.9s), 005/600 VUs, 61 complete and 0 interrupted iterations
saturation   [  11% ] 005/600 VUs  01m06.9s/10m30s  1.00 iters/s

running (01m07.9s), 006/600 VUs, 61 complete and 0 interrupted iterations
saturation   [  11% ] 006/600 VUs  01m07.9s/10m30s  1.00 iters/s

running (01m08.9s), 005/600 VUs, 63 complete and 0 interrupted iterations
saturation   [  11% ] 005/600 VUs  01m08.9s/10m30s  1.00 iters/s

running (01m09.9s), 004/600 VUs, 65 complete and 0 interrupted iterations
saturation   [  11% ] 004/600 VUs  01m09.9s/10m30s  1.00 iters/s

running (01m10.9s), 004/600 VUs, 66 complete and 0 interrupted iterations
saturation   [  11% ] 004/600 VUs  01m10.9s/10m30s  1.00 iters/s

running (01m11.9s), 005/600 VUs, 66 complete and 0 interrupted iterations
saturation   [  11% ] 005/600 VUs  01m11.9s/10m30s  1.00 iters/s

running (01m12.9s), 004/600 VUs, 68 complete and 0 interrupted iterations
saturation   [  12% ] 004/600 VUs  01m12.9s/10m30s  1.00 iters/s

running (01m13.9s), 005/600 VUs, 68 complete and 0 interrupted iterations
saturation   [  12% ] 005/600 VUs  01m13.9s/10m30s  1.00 iters/s

running (01m14.9s), 004/600 VUs, 70 complete and 0 interrupted iterations
saturation   [  12% ] 004/600 VUs  01m14.9s/10m30s  1.00 iters/s

running (01m15.9s), 005/600 VUs, 70 complete and 0 interrupted iterations
saturation   [  12% ] 005/600 VUs  01m15.9s/10m30s  1.00 iters/s

running (01m16.9s), 005/600 VUs, 71 complete and 0 interrupted iterations
saturation   [  12% ] 005/600 VUs  01m16.9s/10m30s  1.00 iters/s

running (01m17.9s), 006/600 VUs, 71 complete and 0 interrupted iterations
saturation   [  12% ] 006/600 VUs  01m17.9s/10m30s  1.00 iters/s

running (01m18.9s), 006/600 VUs, 72 complete and 0 interrupted iterations
saturation   [  13% ] 006/600 VUs  01m18.9s/10m30s  1.00 iters/s

running (01m19.9s), 005/600 VUs, 74 complete and 0 interrupted iterations
saturation   [  13% ] 005/600 VUs  01m19.9s/10m30s  1.00 iters/s

running (01m20.9s), 006/600 VUs, 74 complete and 0 interrupted iterations
saturation   [  13% ] 006/600 VUs  01m20.9s/10m30s  1.00 iters/s

running (01m21.9s), 007/600 VUs, 74 complete and 0 interrupted iterations
saturation   [  13% ] 007/600 VUs  01m21.9s/10m30s  1.00 iters/s

running (01m22.9s), 005/600 VUs, 77 complete and 0 interrupted iterations
saturation   [  13% ] 005/600 VUs  01m22.9s/10m30s  1.00 iters/s

running (01m23.9s), 006/600 VUs, 77 complete and 0 interrupted iterations
saturation   [  13% ] 006/600 VUs  01m23.9s/10m30s  1.00 iters/s

running (01m24.9s), 004/600 VUs, 80 complete and 0 interrupted iterations
saturation   [  13% ] 004/600 VUs  01m24.9s/10m30s  1.00 iters/s

running (01m25.9s), 003/600 VUs, 82 complete and 0 interrupted iterations
saturation   [  14% ] 003/600 VUs  01m25.9s/10m30s  1.00 iters/s

running (01m26.9s), 004/600 VUs, 82 complete and 0 interrupted iterations
saturation   [  14% ] 004/600 VUs  01m26.9s/10m30s  1.00 iters/s

running (01m27.9s), 004/600 VUs, 83 complete and 0 interrupted iterations
saturation   [  14% ] 004/600 VUs  01m27.9s/10m30s  1.00 iters/s

running (01m28.9s), 004/600 VUs, 84 complete and 0 interrupted iterations
saturation   [  14% ] 004/600 VUs  01m28.9s/10m30s  1.00 iters/s

running (01m29.9s), 004/600 VUs, 85 complete and 0 interrupted iterations
saturation   [  14% ] 004/600 VUs  01m29.9s/10m30s  1.00 iters/s

running (01m30.9s), 005/600 VUs, 85 complete and 0 interrupted iterations
saturation   [  14% ] 005/600 VUs  01m30.9s/10m30s  1.01 iters/s

running (01m31.9s), 006/600 VUs, 85 complete and 0 interrupted iterations
saturation   [  15% ] 006/600 VUs  01m31.9s/10m30s  1.02 iters/s

running (01m32.9s), 005/600 VUs, 87 complete and 0 interrupted iterations
saturation   [  15% ] 005/600 VUs  01m32.9s/10m30s  1.03 iters/s

running (01m33.9s), 006/600 VUs, 87 complete and 0 interrupted iterations
saturation   [  15% ] 006/600 VUs  01m33.9s/10m30s  1.04 iters/s

running (01m34.9s), 007/600 VUs, 87 complete and 0 interrupted iterations
saturation   [  15% ] 007/600 VUs  01m34.9s/10m30s  1.05 iters/s

running (01m35.9s), 006/600 VUs, 90 complete and 0 interrupted iterations
saturation   [  15% ] 006/600 VUs  01m35.9s/10m30s  1.07 iters/s

running (01m36.9s), 006/600 VUs, 91 complete and 0 interrupted iterations
saturation   [  15% ] 006/600 VUs  01m36.9s/10m30s  1.08 iters/s

running (01m37.9s), 006/600 VUs, 92 complete and 0 interrupted iterations
saturation   [  16% ] 006/600 VUs  01m37.9s/10m30s  1.09 iters/s

running (01m38.9s), 007/600 VUs, 92 complete and 0 interrupted iterations
saturation   [  16% ] 007/600 VUs  01m38.9s/10m30s  1.10 iters/s

running (01m39.9s), 006/600 VUs, 94 complete and 0 interrupted iterations
saturation   [  16% ] 006/600 VUs  01m39.9s/10m30s  1.11 iters/s

running (01m40.9s), 006/600 VUs, 95 complete and 0 interrupted iterations
saturation   [  16% ] 006/600 VUs  01m40.9s/10m30s  1.12 iters/s

running (01m41.9s), 007/600 VUs, 95 complete and 0 interrupted iterations
saturation   [  16% ] 007/600 VUs  01m41.9s/10m30s  1.13 iters/s

running (01m42.9s), 006/600 VUs, 97 complete and 0 interrupted iterations
saturation   [  16% ] 006/600 VUs  01m42.9s/10m30s  1.14 iters/s

running (01m43.9s), 006/600 VUs, 98 complete and 0 interrupted iterations
saturation   [  16% ] 006/600 VUs  01m43.9s/10m30s  1.15 iters/s

running (01m44.9s), 007/600 VUs, 99 complete and 0 interrupted iterations
saturation   [  17% ] 007/600 VUs  01m44.9s/10m30s  1.17 iters/s

running (01m45.9s), 008/600 VUs, 99 complete and 0 interrupted iterations
saturation   [  17% ] 008/600 VUs  01m45.9s/10m30s  1.18 iters/s

running (01m46.9s), 006/600 VUs, 102 complete and 0 interrupted iterations
saturation   [  17% ] 006/600 VUs  01m46.9s/10m30s  1.19 iters/s

running (01m47.9s), 006/600 VUs, 103 complete and 0 interrupted iterations
saturation   [  17% ] 006/600 VUs  01m47.9s/10m30s  1.20 iters/s

running (01m48.9s), 007/600 VUs, 103 complete and 0 interrupted iterations
saturation   [  17% ] 007/600 VUs  01m48.9s/10m30s  1.21 iters/s

running (01m49.9s), 006/600 VUs, 106 complete and 0 interrupted iterations
saturation   [  17% ] 006/600 VUs  01m49.9s/10m30s  1.22 iters/s

running (01m50.9s), 007/600 VUs, 106 complete and 0 interrupted iterations
saturation   [  18% ] 007/600 VUs  01m50.9s/10m30s  1.23 iters/s

running (01m51.9s), 008/600 VUs, 106 complete and 0 interrupted iterations
saturation   [  18% ] 008/600 VUs  01m51.9s/10m30s  1.24 iters/s

running (01m52.9s), 006/600 VUs, 109 complete and 0 interrupted iterations
saturation   [  18% ] 006/600 VUs  01m52.9s/10m30s  1.25 iters/s

running (01m53.9s), 006/600 VUs, 111 complete and 0 interrupted iterations
saturation   [  18% ] 006/600 VUs  01m53.9s/10m30s  1.27 iters/s

running (01m54.9s), 007/600 VUs, 111 complete and 0 interrupted iterations
saturation   [  18% ] 007/600 VUs  01m54.9s/10m30s  1.28 iters/s

running (01m55.9s), 007/600 VUs, 112 complete and 0 interrupted iterations
saturation   [  18% ] 007/600 VUs  01m55.9s/10m30s  1.29 iters/s

running (01m56.9s), 006/600 VUs, 114 complete and 0 interrupted iterations
saturation   [  19% ] 006/600 VUs  01m56.9s/10m30s  1.30 iters/s

running (01m57.9s), 007/600 VUs, 115 complete and 0 interrupted iterations
saturation   [  19% ] 007/600 VUs  01m57.9s/10m30s  1.31 iters/s

running (01m58.9s), 008/600 VUs, 115 complete and 0 interrupted iterations
saturation   [  19% ] 008/600 VUs  01m58.9s/10m30s  1.32 iters/s

running (01m59.9s), 007/600 VUs, 117 complete and 0 interrupted iterations
saturation   [  19% ] 007/600 VUs  01m59.9s/10m30s  1.33 iters/s

running (02m00.9s), 008/600 VUs, 118 complete and 0 interrupted iterations
saturation   [  19% ] 008/600 VUs  02m00.9s/10m30s  1.35 iters/s

running (02m01.9s), 009/600 VUs, 118 complete and 0 interrupted iterations
saturation   [  19% ] 009/600 VUs  02m01.9s/10m30s  1.35 iters/s

running (02m02.9s), 007/600 VUs, 121 complete and 0 interrupted iterations
saturation   [  20% ] 007/600 VUs  02m02.9s/10m30s  1.36 iters/s

running (02m03.9s), 009/600 VUs, 121 complete and 0 interrupted iterations
saturation   [  20% ] 009/600 VUs  02m03.9s/10m30s  1.38 iters/s

running (02m04.9s), 010/600 VUs, 121 complete and 0 interrupted iterations
saturation   [  20% ] 010/600 VUs  02m04.9s/10m30s  1.39 iters/s

running (02m05.9s), 007/600 VUs, 125 complete and 0 interrupted iterations
saturation   [  20% ] 007/600 VUs  02m05.9s/10m30s  1.39 iters/s

running (02m06.9s), 007/600 VUs, 127 complete and 0 interrupted iterations
saturation   [  20% ] 007/600 VUs  02m06.9s/10m30s  1.41 iters/s

running (02m07.9s), 007/600 VUs, 128 complete and 0 interrupted iterations
saturation   [  20% ] 007/600 VUs  02m07.9s/10m30s  1.42 iters/s

running (02m08.9s), 009/600 VUs, 128 complete and 0 interrupted iterations
saturation   [  20% ] 009/600 VUs  02m08.9s/10m30s  1.43 iters/s

running (02m09.9s), 008/600 VUs, 130 complete and 0 interrupted iterations
saturation   [  21% ] 008/600 VUs  02m09.9s/10m30s  1.44 iters/s

running (02m10.9s), 008/600 VUs, 132 complete and 0 interrupted iterations
saturation   [  21% ] 008/600 VUs  02m10.9s/10m30s  1.46 iters/s

running (02m11.9s), 009/600 VUs, 132 complete and 0 interrupted iterations
saturation   [  21% ] 009/600 VUs  02m11.9s/10m30s  1.46 iters/s

running (02m12.9s), 007/600 VUs, 136 complete and 0 interrupted iterations
saturation   [  21% ] 007/600 VUs  02m12.9s/10m30s  1.48 iters/s

running (02m13.9s), 008/600 VUs, 136 complete and 0 interrupted iterations
saturation   [  21% ] 008/600 VUs  02m13.9s/10m30s  1.49 iters/s

running (02m14.9s), 008/600 VUs, 138 complete and 0 interrupted iterations
saturation   [  21% ] 008/600 VUs  02m14.9s/10m30s  1.50 iters/s

running (02m15.9s), 007/600 VUs, 140 complete and 0 interrupted iterations
saturation   [  22% ] 007/600 VUs  02m15.9s/10m30s  1.51 iters/s

running (02m16.9s), 008/600 VUs, 141 complete and 0 interrupted iterations
saturation   [  22% ] 008/600 VUs  02m16.9s/10m30s  1.52 iters/s

running (02m17.9s), 007/600 VUs, 143 complete and 0 interrupted iterations
saturation   [  22% ] 007/600 VUs  02m17.9s/10m30s  1.53 iters/s

running (02m18.9s), 009/600 VUs, 143 complete and 0 interrupted iterations
saturation   [  22% ] 009/600 VUs  02m18.9s/10m30s  1.55 iters/s

running (02m19.9s), 008/600 VUs, 145 complete and 0 interrupted iterations
saturation   [  22% ] 008/600 VUs  02m19.9s/10m30s  1.55 iters/s

running (02m20.9s), 010/600 VUs, 145 complete and 0 interrupted iterations
saturation   [  22% ] 010/600 VUs  02m20.9s/10m30s  1.57 iters/s

running (02m21.9s), 008/600 VUs, 148 complete and 0 interrupted iterations
saturation   [  23% ] 008/600 VUs  02m21.9s/10m30s  1.57 iters/s

running (02m22.9s), 009/600 VUs, 149 complete and 0 interrupted iterations
saturation   [  23% ] 009/600 VUs  02m22.9s/10m30s  1.59 iters/s

running (02m23.9s), 008/600 VUs, 151 complete and 0 interrupted iterations
saturation   [  23% ] 008/600 VUs  02m23.9s/10m30s  1.60 iters/s

running (02m24.9s), 008/600 VUs, 153 complete and 0 interrupted iterations
saturation   [  23% ] 008/600 VUs  02m24.9s/10m30s  1.61 iters/s

running (02m25.9s), 008/600 VUs, 155 complete and 0 interrupted iterations
saturation   [  23% ] 008/600 VUs  02m25.9s/10m30s  1.62 iters/s

running (02m26.9s), 008/600 VUs, 156 complete and 0 interrupted iterations
saturation   [  23% ] 008/600 VUs  02m26.9s/10m30s  1.63 iters/s

running (02m27.9s), 009/600 VUs, 157 complete and 0 interrupted iterations
saturation   [  23% ] 009/600 VUs  02m27.9s/10m30s  1.64 iters/s

running (02m28.9s), 009/600 VUs, 159 complete and 0 interrupted iterations
saturation   [  24% ] 009/600 VUs  02m28.9s/10m30s  1.66 iters/s

running (02m29.9s), 008/600 VUs, 161 complete and 0 interrupted iterations
saturation   [  24% ] 008/600 VUs  02m29.9s/10m30s  1.66 iters/s

running (02m30.9s), 010/600 VUs, 161 complete and 0 interrupted iterations
saturation   [  24% ] 010/600 VUs  02m30.9s/10m30s  1.68 iters/s

running (02m31.9s), 008/600 VUs, 165 complete and 0 interrupted iterations
saturation   [  24% ] 008/600 VUs  02m31.9s/10m30s  1.69 iters/s

running (02m32.9s), 009/600 VUs, 165 complete and 0 interrupted iterations
saturation   [  24% ] 009/600 VUs  02m32.9s/10m30s  1.70 iters/s

running (02m33.9s), 009/600 VUs, 167 complete and 0 interrupted iterations
saturation   [  24% ] 009/600 VUs  02m33.9s/10m30s  1.71 iters/s

running (02m34.9s), 009/600 VUs, 169 complete and 0 interrupted iterations
saturation   [  25% ] 009/600 VUs  02m34.9s/10m30s  1.72 iters/s

running (02m35.9s), 010/600 VUs, 169 complete and 0 interrupted iterations
saturation   [  25% ] 010/600 VUs  02m35.9s/10m30s  1.73 iters/s

running (02m36.9s), 012/600 VUs, 169 complete and 0 interrupted iterations
saturation   [  25% ] 012/600 VUs  02m36.9s/10m30s  1.74 iters/s

running (02m37.9s), 013/600 VUs, 170 complete and 0 interrupted iterations
saturation   [  25% ] 013/600 VUs  02m37.9s/10m30s  1.75 iters/s

running (02m38.9s), 010/600 VUs, 175 complete and 0 interrupted iterations
saturation   [  25% ] 010/600 VUs  02m38.9s/10m30s  1.77 iters/s

running (02m39.9s), 008/600 VUs, 178 complete and 0 interrupted iterations
saturation   [  25% ] 008/600 VUs  02m39.9s/10m30s  1.77 iters/s

running (02m40.9s), 009/600 VUs, 179 complete and 0 interrupted iterations
saturation   [  26% ] 009/600 VUs  02m40.9s/10m30s  1.79 iters/s

running (02m41.9s), 008/600 VUs, 182 complete and 0 interrupted iterations
saturation   [  26% ] 008/600 VUs  02m41.9s/10m30s  1.80 iters/s

running (02m42.9s), 008/600 VUs, 184 complete and 0 interrupted iterations
saturation   [  26% ] 008/600 VUs  02m42.9s/10m30s  1.81 iters/s

running (02m43.9s), 009/600 VUs, 185 complete and 0 interrupted iterations
saturation   [  26% ] 009/600 VUs  02m43.9s/10m30s  1.82 iters/s

running (02m44.9s), 009/600 VUs, 186 complete and 0 interrupted iterations
saturation   [  26% ] 009/600 VUs  02m44.9s/10m30s  1.83 iters/s

running (02m45.9s), 009/600 VUs, 188 complete and 0 interrupted iterations
saturation   [  26% ] 009/600 VUs  02m45.9s/10m30s  1.84 iters/s

running (02m46.9s), 009/600 VUs, 190 complete and 0 interrupted iterations
saturation   [  26% ] 009/600 VUs  02m46.9s/10m30s  1.85 iters/s

running (02m47.9s), 011/600 VUs, 190 complete and 0 interrupted iterations
saturation   [  27% ] 011/600 VUs  02m47.9s/10m30s  1.86 iters/s

running (02m48.9s), 010/600 VUs, 193 complete and 0 interrupted iterations
saturation   [  27% ] 010/600 VUs  02m48.9s/10m30s  1.88 iters/s

running (02m49.9s), 010/600 VUs, 195 complete and 0 interrupted iterations
saturation   [  27% ] 010/600 VUs  02m49.9s/10m30s  1.89 iters/s

running (02m50.9s), 010/600 VUs, 197 complete and 0 interrupted iterations
saturation   [  27% ] 010/600 VUs  02m50.9s/10m30s  1.90 iters/s

running (02m51.9s), 012/600 VUs, 197 complete and 0 interrupted iterations
saturation   [  27% ] 012/600 VUs  02m51.9s/10m30s  1.91 iters/s

running (02m52.9s), 010/600 VUs, 200 complete and 0 interrupted iterations
saturation   [  27% ] 010/600 VUs  02m52.9s/10m30s  1.92 iters/s

running (02m53.9s), 010/600 VUs, 202 complete and 0 interrupted iterations
saturation   [  28% ] 010/600 VUs  02m53.9s/10m30s  1.93 iters/s

running (02m54.9s), 010/600 VUs, 204 complete and 0 interrupted iterations
saturation   [  28% ] 010/600 VUs  02m54.9s/10m30s  1.94 iters/s

running (02m55.9s), 011/600 VUs, 205 complete and 0 interrupted iterations
saturation   [  28% ] 011/600 VUs  02m55.9s/10m30s  1.95 iters/s

running (02m56.9s), 010/600 VUs, 208 complete and 0 interrupted iterations
saturation   [  28% ] 010/600 VUs  02m56.9s/10m30s  1.96 iters/s

running (02m57.9s), 012/600 VUs, 208 complete and 0 interrupted iterations
saturation   [  28% ] 012/600 VUs  02m57.9s/10m30s  1.97 iters/s

running (02m58.9s), 012/600 VUs, 210 complete and 0 interrupted iterations
saturation   [  28% ] 012/600 VUs  02m58.9s/10m30s  1.99 iters/s

running (02m59.9s), 011/600 VUs, 213 complete and 0 interrupted iterations
saturation   [  29% ] 011/600 VUs  02m59.9s/10m30s  2.00 iters/s

running (03m00.9s), 010/600 VUs, 216 complete and 0 interrupted iterations
saturation   [  29% ] 010/600 VUs  03m00.9s/10m30s  2.01 iters/s

running (03m01.9s), 012/600 VUs, 216 complete and 0 interrupted iterations
saturation   [  29% ] 012/600 VUs  03m01.9s/10m30s  2.02 iters/s

running (03m02.9s), 012/600 VUs, 218 complete and 0 interrupted iterations
saturation   [  29% ] 012/600 VUs  03m02.9s/10m30s  2.03 iters/s

running (03m03.9s), 014/600 VUs, 218 complete and 0 interrupted iterations
saturation   [  29% ] 014/600 VUs  03m03.9s/10m30s  2.04 iters/s

running (03m04.9s), 013/600 VUs, 221 complete and 0 interrupted iterations
saturation   [  29% ] 013/600 VUs  03m04.9s/10m30s  2.05 iters/s

running (03m05.9s), 012/600 VUs, 224 complete and 0 interrupted iterations
saturation   [  30% ] 012/600 VUs  03m05.9s/10m30s  2.06 iters/s

running (03m06.9s), 012/600 VUs, 226 complete and 0 interrupted iterations
saturation   [  30% ] 012/600 VUs  03m06.9s/10m30s  2.07 iters/s

running (03m07.9s), 012/600 VUs, 229 complete and 0 interrupted iterations
saturation   [  30% ] 012/600 VUs  03m07.9s/10m30s  2.09 iters/s

running (03m08.9s), 014/600 VUs, 229 complete and 0 interrupted iterations
saturation   [  30% ] 014/600 VUs  03m08.9s/10m30s  2.10 iters/s

running (03m09.9s), 013/600 VUs, 232 complete and 0 interrupted iterations
saturation   [  30% ] 013/600 VUs  03m09.9s/10m30s  2.11 iters/s

running (03m10.9s), 012/600 VUs, 235 complete and 0 interrupted iterations
saturation   [  30% ] 012/600 VUs  03m10.9s/10m30s  2.12 iters/s

running (03m11.9s), 014/600 VUs, 235 complete and 0 interrupted iterations
saturation   [  30% ] 014/600 VUs  03m11.9s/10m30s  2.13 iters/s

running (03m12.9s), 011/600 VUs, 240 complete and 0 interrupted iterations
saturation   [  31% ] 011/600 VUs  03m12.9s/10m30s  2.14 iters/s

running (03m13.9s), 013/600 VUs, 240 complete and 0 interrupted iterations
saturation   [  31% ] 013/600 VUs  03m13.9s/10m30s  2.15 iters/s

running (03m14.9s), 012/600 VUs, 243 complete and 0 interrupted iterations
saturation   [  31% ] 012/600 VUs  03m14.9s/10m30s  2.16 iters/s

running (03m15.9s), 013/600 VUs, 245 complete and 0 interrupted iterations
saturation   [  31% ] 013/600 VUs  03m15.9s/10m30s  2.18 iters/s

running (03m16.9s), 015/600 VUs, 245 complete and 0 interrupted iterations
saturation   [  31% ] 015/600 VUs  03m16.9s/10m30s  2.19 iters/s

running (03m17.9s), 013/600 VUs, 249 complete and 0 interrupted iterations
saturation   [  31% ] 013/600 VUs  03m17.9s/10m30s  2.20 iters/s

running (03m18.9s), 015/600 VUs, 249 complete and 0 interrupted iterations
saturation   [  32% ] 015/600 VUs  03m18.9s/10m30s  2.21 iters/s

running (03m19.9s), 014/600 VUs, 252 complete and 0 interrupted iterations
saturation   [  32% ] 014/600 VUs  03m19.9s/10m30s  2.22 iters/s

running (03m20.9s), 014/600 VUs, 255 complete and 0 interrupted iterations
saturation   [  32% ] 014/600 VUs  03m20.9s/10m30s  2.23 iters/s

running (03m21.9s), 013/600 VUs, 258 complete and 0 interrupted iterations
saturation   [  32% ] 013/600 VUs  03m21.9s/10m30s  2.24 iters/s

running (03m22.9s), 015/600 VUs, 258 complete and 0 interrupted iterations
saturation   [  32% ] 015/600 VUs  03m22.9s/10m30s  2.25 iters/s

running (03m23.9s), 014/600 VUs, 261 complete and 0 interrupted iterations
saturation   [  32% ] 014/600 VUs  03m23.9s/10m30s  2.26 iters/s

running (03m24.9s), 016/600 VUs, 262 complete and 0 interrupted iterations
saturation   [  33% ] 016/600 VUs  03m24.9s/10m30s  2.28 iters/s

running (03m25.9s), 015/600 VUs, 265 complete and 0 interrupted iterations
saturation   [  33% ] 015/600 VUs  03m25.9s/10m30s  2.29 iters/s

running (03m26.9s), 014/600 VUs, 268 complete and 0 interrupted iterations
saturation   [  33% ] 014/600 VUs  03m26.9s/10m30s  2.30 iters/s

running (03m27.9s), 016/600 VUs, 268 complete and 0 interrupted iterations
saturation   [  33% ] 016/600 VUs  03m27.9s/10m30s  2.31 iters/s

running (03m28.9s), 016/600 VUs, 271 complete and 0 interrupted iterations
saturation   [  33% ] 016/600 VUs  03m28.9s/10m30s  2.32 iters/s

running (03m29.9s), 016/600 VUs, 273 complete and 0 interrupted iterations
saturation   [  33% ] 016/600 VUs  03m29.9s/10m30s  2.33 iters/s

running (03m30.9s), 015/600 VUs, 276 complete and 0 interrupted iterations
saturation   [  33% ] 015/600 VUs  03m30.9s/10m30s  2.34 iters/s

running (03m31.9s), 016/600 VUs, 278 complete and 0 interrupted iterations
saturation   [  34% ] 016/600 VUs  03m31.9s/10m30s  2.35 iters/s

running (03m32.9s), 016/600 VUs, 280 complete and 0 interrupted iterations
saturation   [  34% ] 016/600 VUs  03m32.9s/10m30s  2.36 iters/s

running (03m33.9s), 015/600 VUs, 284 complete and 0 interrupted iterations
saturation   [  34% ] 015/600 VUs  03m33.9s/10m30s  2.38 iters/s

running (03m34.9s), 014/600 VUs, 287 complete and 0 interrupted iterations
saturation   [  34% ] 014/600 VUs  03m34.9s/10m30s  2.39 iters/s

running (03m35.9s), 016/600 VUs, 287 complete and 0 interrupted iterations
saturation   [  34% ] 016/600 VUs  03m35.9s/10m30s  2.40 iters/s

running (03m36.9s), 019/600 VUs, 287 complete and 0 interrupted iterations
saturation   [  34% ] 019/600 VUs  03m36.9s/10m30s  2.41 iters/s

running (03m37.9s), 020/600 VUs, 288 complete and 0 interrupted iterations
saturation   [  35% ] 020/600 VUs  03m37.9s/10m30s  2.42 iters/s

running (03m38.9s), 017/600 VUs, 294 complete and 0 interrupted iterations
saturation   [  35% ] 017/600 VUs  03m38.9s/10m30s  2.43 iters/s

running (03m39.9s), 016/600 VUs, 297 complete and 0 interrupted iterations
saturation   [  35% ] 016/600 VUs  03m39.9s/10m30s  2.44 iters/s

running (03m40.9s), 015/600 VUs, 300 complete and 0 interrupted iterations
saturation   [  35% ] 015/600 VUs  03m40.9s/10m30s  2.45 iters/s

running (03m41.9s), 018/600 VUs, 300 complete and 0 interrupted iterations
saturation   [  35% ] 018/600 VUs  03m41.9s/10m30s  2.47 iters/s

running (03m42.9s), 016/600 VUs, 304 complete and 0 interrupted iterations
saturation   [  35% ] 016/600 VUs  03m42.9s/10m30s  2.47 iters/s

running (03m43.9s), 018/600 VUs, 305 complete and 0 interrupted iterations
saturation   [  36% ] 018/600 VUs  03m43.9s/10m30s  2.49 iters/s

running (03m44.9s), 015/600 VUs, 310 complete and 0 interrupted iterations
saturation   [  36% ] 015/600 VUs  03m44.9s/10m30s  2.50 iters/s

running (03m45.9s), 017/600 VUs, 311 complete and 0 interrupted iterations
saturation   [  36% ] 017/600 VUs  03m45.9s/10m30s  2.51 iters/s

running (03m46.9s), 016/600 VUs, 314 complete and 0 interrupted iterations
saturation   [  36% ] 016/600 VUs  03m46.9s/10m30s  2.52 iters/s

running (03m47.9s), 017/600 VUs, 316 complete and 0 interrupted iterations
saturation   [  36% ] 017/600 VUs  03m47.9s/10m30s  2.53 iters/s

running (03m48.9s), 017/600 VUs, 318 complete and 0 interrupted iterations
saturation   [  36% ] 017/600 VUs  03m48.9s/10m30s  2.54 iters/s

running (03m49.9s), 017/600 VUs, 321 complete and 0 interrupted iterations
saturation   [  36% ] 017/600 VUs  03m49.9s/10m30s  2.55 iters/s

running (03m50.9s), 017/600 VUs, 324 complete and 0 interrupted iterations
saturation   [  37% ] 017/600 VUs  03m50.9s/10m30s  2.57 iters/s

running (03m51.9s), 019/600 VUs, 324 complete and 0 interrupted iterations
saturation   [  37% ] 019/600 VUs  03m51.9s/10m30s  2.58 iters/s

running (03m52.9s), 018/600 VUs, 328 complete and 0 interrupted iterations
saturation   [  37% ] 018/600 VUs  03m52.9s/10m30s  2.59 iters/s

running (03m53.9s), 020/600 VUs, 328 complete and 0 interrupted iterations
saturation   [  37% ] 020/600 VUs  03m53.9s/10m30s  2.60 iters/s

running (03m54.9s), 023/600 VUs, 328 complete and 0 interrupted iterations
saturation   [  37% ] 023/600 VUs  03m54.9s/10m30s  2.61 iters/s

running (03m55.9s), 024/600 VUs, 330 complete and 0 interrupted iterations
saturation   [  37% ] 024/600 VUs  03m55.9s/10m30s  2.62 iters/s

running (03m56.9s), 022/600 VUs, 334 complete and 0 interrupted iterations
saturation   [  38% ] 022/600 VUs  03m56.9s/10m30s  2.63 iters/s

running (03m57.9s), 025/600 VUs, 334 complete and 0 interrupted iterations
saturation   [  38% ] 025/600 VUs  03m57.9s/10m30s  2.64 iters/s

running (03m58.9s), 025/600 VUs, 336 complete and 0 interrupted iterations
saturation   [  38% ] 025/600 VUs  03m58.9s/10m30s  2.65 iters/s

running (03m59.9s), 024/600 VUs, 340 complete and 0 interrupted iterations
saturation   [  38% ] 024/600 VUs  03m59.9s/10m30s  2.66 iters/s

running (04m00.9s), 027/600 VUs, 340 complete and 0 interrupted iterations
saturation   [  38% ] 027/600 VUs  04m00.9s/10m30s  2.68 iters/s

running (04m01.9s), 029/600 VUs, 340 complete and 0 interrupted iterations
saturation   [  38% ] 029/600 VUs  04m01.9s/10m30s  2.69 iters/s

running (04m02.9s), 022/600 VUs, 350 complete and 0 interrupted iterations
saturation   [  39% ] 022/600 VUs  04m02.9s/10m30s  2.70 iters/s

running (04m03.9s), 023/600 VUs, 352 complete and 0 interrupted iterations
saturation   [  39% ] 023/600 VUs  04m03.9s/10m30s  2.71 iters/s

running (04m04.9s), 026/600 VUs, 352 complete and 0 interrupted iterations
saturation   [  39% ] 026/600 VUs  04m04.9s/10m30s  2.72 iters/s

running (04m05.9s), 023/600 VUs, 357 complete and 0 interrupted iterations
saturation   [  39% ] 023/600 VUs  04m05.9s/10m30s  2.73 iters/s

running (04m06.9s), 025/600 VUs, 358 complete and 0 interrupted iterations
saturation   [  39% ] 025/600 VUs  04m06.9s/10m30s  2.74 iters/s

running (04m07.9s), 022/600 VUs, 364 complete and 0 interrupted iterations
saturation   [  39% ] 022/600 VUs  04m07.9s/10m30s  2.75 iters/s

running (04m08.9s), 025/600 VUs, 364 complete and 0 interrupted iterations
saturation   [  40% ] 025/600 VUs  04m08.9s/10m30s  2.77 iters/s

running (04m09.9s), 022/600 VUs, 369 complete and 0 interrupted iterations
saturation   [  40% ] 022/600 VUs  04m09.9s/10m30s  2.77 iters/s

running (04m10.9s), 023/600 VUs, 371 complete and 0 interrupted iterations
saturation   [  40% ] 023/600 VUs  04m10.9s/10m30s  2.79 iters/s

running (04m11.9s), 024/600 VUs, 373 complete and 0 interrupted iterations
saturation   [  40% ] 024/600 VUs  04m11.9s/10m30s  2.80 iters/s

running (04m12.9s), 023/600 VUs, 377 complete and 0 interrupted iterations
saturation   [  40% ] 023/600 VUs  04m12.9s/10m30s  2.81 iters/s

running (04m13.9s), 023/600 VUs, 379 complete and 0 interrupted iterations
saturation   [  40% ] 023/600 VUs  04m13.9s/10m30s  2.82 iters/s

running (04m14.9s), 025/600 VUs, 380 complete and 0 interrupted iterations
saturation   [  40% ] 025/600 VUs  04m14.9s/10m30s  2.83 iters/s

running (04m15.9s), 022/600 VUs, 386 complete and 0 interrupted iterations
saturation   [  41% ] 022/600 VUs  04m15.9s/10m30s  2.84 iters/s

running (04m16.9s), 024/600 VUs, 387 complete and 0 interrupted iterations
saturation   [  41% ] 024/600 VUs  04m16.9s/10m30s  2.85 iters/s

running (04m17.9s), 024/600 VUs, 390 complete and 0 interrupted iterations
saturation   [  41% ] 024/600 VUs  04m17.9s/10m30s  2.87 iters/s

running (04m18.9s), 025/600 VUs, 392 complete and 0 interrupted iterations
saturation   [  41% ] 025/600 VUs  04m18.9s/10m30s  2.88 iters/s

running (04m19.9s), 024/600 VUs, 396 complete and 0 interrupted iterations
saturation   [  41% ] 024/600 VUs  04m19.9s/10m30s  2.89 iters/s

running (04m20.9s), 024/600 VUs, 399 complete and 0 interrupted iterations
saturation   [  41% ] 024/600 VUs  04m20.9s/10m30s  2.90 iters/s

running (04m21.9s), 026/600 VUs, 399 complete and 0 interrupted iterations
saturation   [  42% ] 026/600 VUs  04m21.9s/10m30s  2.91 iters/s

running (04m22.9s), 028/600 VUs, 400 complete and 0 interrupted iterations
saturation   [  42% ] 028/600 VUs  04m22.9s/10m30s  2.92 iters/s

running (04m23.9s), 024/600 VUs, 407 complete and 0 interrupted iterations
saturation   [  42% ] 024/600 VUs  04m23.9s/10m30s  2.93 iters/s

running (04m24.9s), 025/600 VUs, 409 complete and 0 interrupted iterations
saturation   [  42% ] 025/600 VUs  04m24.9s/10m30s  2.94 iters/s

running (04m25.9s), 028/600 VUs, 409 complete and 0 interrupted iterations
saturation   [  42% ] 028/600 VUs  04m25.9s/10m30s  2.95 iters/s

running (04m26.9s), 031/600 VUs, 409 complete and 0 interrupted iterations
saturation   [  42% ] 031/600 VUs  04m26.9s/10m30s  2.96 iters/s

running (04m27.9s), 030/600 VUs, 413 complete and 0 interrupted iterations
saturation   [  43% ] 030/600 VUs  04m27.9s/10m30s  2.98 iters/s

running (04m28.9s), 031/600 VUs, 415 complete and 0 interrupted iterations
saturation   [  43% ] 031/600 VUs  04m28.9s/10m30s  2.99 iters/s

running (04m29.9s), 034/600 VUs, 415 complete and 0 interrupted iterations
saturation   [  43% ] 034/600 VUs  04m29.9s/10m30s  3.00 iters/s

running (04m30.9s), 036/600 VUs, 416 complete and 0 interrupted iterations
saturation   [  43% ] 036/600 VUs  04m30.9s/10m30s  3.01 iters/s

running (04m31.9s), 031/600 VUs, 424 complete and 0 interrupted iterations
saturation   [  43% ] 031/600 VUs  04m31.9s/10m30s  3.02 iters/s

running (04m32.9s), 032/600 VUs, 426 complete and 0 interrupted iterations
saturation   [  43% ] 032/600 VUs  04m32.9s/10m30s  3.03 iters/s

running (04m33.9s), 035/600 VUs, 426 complete and 0 interrupted iterations
saturation   [  43% ] 035/600 VUs  04m33.9s/10m30s  3.04 iters/s

running (04m34.9s), 033/600 VUs, 431 complete and 0 interrupted iterations
saturation   [  44% ] 033/600 VUs  04m34.9s/10m30s  3.05 iters/s

running (04m35.9s), 035/600 VUs, 432 complete and 0 interrupted iterations
saturation   [  44% ] 035/600 VUs  04m35.9s/10m30s  3.06 iters/s

running (04m36.9s), 038/600 VUs, 432 complete and 0 interrupted iterations
saturation   [  44% ] 038/600 VUs  04m36.9s/10m30s  3.07 iters/s

running (04m37.9s), 038/600 VUs, 435 complete and 0 interrupted iterations
saturation   [  44% ] 038/600 VUs  04m37.9s/10m30s  3.09 iters/s

running (04m38.9s), 034/600 VUs, 442 complete and 0 interrupted iterations
saturation   [  44% ] 034/600 VUs  04m38.9s/10m30s  3.10 iters/s

running (04m39.9s), 037/600 VUs, 443 complete and 0 interrupted iterations
saturation   [  44% ] 037/600 VUs  04m39.9s/10m30s  3.11 iters/s

running (04m40.9s), 040/600 VUs, 443 complete and 0 interrupted iterations
saturation   [  45% ] 040/600 VUs  04m40.9s/10m30s  3.12 iters/s

running (04m41.9s), 038/600 VUs, 448 complete and 0 interrupted iterations
saturation   [  45% ] 038/600 VUs  04m41.9s/10m30s  3.13 iters/s

running (04m42.9s), 036/600 VUs, 453 complete and 0 interrupted iterations
saturation   [  45% ] 036/600 VUs  04m42.9s/10m30s  3.14 iters/s

running (04m43.9s), 039/600 VUs, 453 complete and 0 interrupted iterations
saturation   [  45% ] 039/600 VUs  04m43.9s/10m30s  3.15 iters/s

running (04m44.9s), 041/600 VUs, 454 complete and 0 interrupted iterations
saturation   [  45% ] 041/600 VUs  04m44.9s/10m30s  3.16 iters/s

running (04m45.9s), 036/600 VUs, 462 complete and 0 interrupted iterations
saturation   [  45% ] 036/600 VUs  04m45.9s/10m30s  3.17 iters/s

running (04m46.9s), 040/600 VUs, 462 complete and 0 interrupted iterations
saturation   [  46% ] 040/600 VUs  04m46.9s/10m30s  3.19 iters/s

running (04m47.9s), 043/600 VUs, 462 complete and 0 interrupted iterations
saturation   [  46% ] 043/600 VUs  04m47.9s/10m30s  3.20 iters/s

running (04m48.9s), 040/600 VUs, 468 complete and 0 interrupted iterations
saturation   [  46% ] 040/600 VUs  04m48.9s/10m30s  3.21 iters/s

running (04m49.9s), 041/600 VUs, 470 complete and 0 interrupted iterations
saturation   [  46% ] 041/600 VUs  04m49.9s/10m30s  3.22 iters/s

running (04m50.9s), 042/600 VUs, 472 complete and 0 interrupted iterations
saturation   [  46% ] 042/600 VUs  04m50.9s/10m30s  3.23 iters/s

running (04m51.9s), 046/600 VUs, 472 complete and 0 interrupted iterations
saturation   [  46% ] 046/600 VUs  04m51.9s/10m30s  3.24 iters/s

running (04m52.9s), 044/600 VUs, 477 complete and 0 interrupted iterations
saturation   [  46% ] 044/600 VUs  04m52.9s/10m30s  3.25 iters/s

running (04m53.9s), 044/600 VUs, 480 complete and 0 interrupted iterations
saturation   [  47% ] 044/600 VUs  04m53.9s/10m30s  3.26 iters/s

running (04m54.9s), 047/600 VUs, 480 complete and 0 interrupted iterations
saturation   [  47% ] 047/600 VUs  04m54.9s/10m30s  3.27 iters/s

running (04m55.9s), 051/600 VUs, 480 complete and 0 interrupted iterations
saturation   [  47% ] 051/600 VUs  04m55.9s/10m30s  3.29 iters/s

running (04m56.9s), 054/600 VUs, 480 complete and 0 interrupted iterations
saturation   [  47% ] 054/600 VUs  04m56.9s/10m30s  3.30 iters/s

running (04m57.9s), 050/600 VUs, 487 complete and 0 interrupted iterations
saturation   [  47% ] 050/600 VUs  04m57.9s/10m30s  3.31 iters/s

running (04m58.9s), 049/600 VUs, 492 complete and 0 interrupted iterations
saturation   [  47% ] 049/600 VUs  04m58.9s/10m30s  3.32 iters/s

running (04m59.9s), 052/600 VUs, 492 complete and 0 interrupted iterations
saturation   [  48% ] 052/600 VUs  04m59.9s/10m30s  3.33 iters/s

running (05m00.9s), 055/600 VUs, 492 complete and 0 interrupted iterations
saturation   [  48% ] 055/600 VUs  05m00.9s/10m30s  3.34 iters/s

running (05m01.9s), 059/600 VUs, 492 complete and 0 interrupted iterations
saturation   [  48% ] 059/600 VUs  05m01.9s/10m30s  3.35 iters/s

running (05m02.9s), 060/600 VUs, 494 complete and 0 interrupted iterations
saturation   [  48% ] 060/600 VUs  05m02.9s/10m30s  3.36 iters/s

running (05m03.9s), 057/600 VUs, 500 complete and 0 interrupted iterations
saturation   [  48% ] 057/600 VUs  05m03.9s/10m30s  3.37 iters/s

running (05m04.9s), 056/600 VUs, 505 complete and 0 interrupted iterations
saturation   [  48% ] 056/600 VUs  05m04.9s/10m30s  3.39 iters/s

running (05m05.9s), 059/600 VUs, 505 complete and 0 interrupted iterations
saturation   [  49% ] 059/600 VUs  05m05.9s/10m30s  3.40 iters/s

running (05m06.9s), 063/600 VUs, 505 complete and 0 interrupted iterations
saturation   [  49% ] 063/600 VUs  05m06.9s/10m30s  3.41 iters/s

running (05m07.9s), 066/600 VUs, 505 complete and 0 interrupted iterations
saturation   [  49% ] 066/600 VUs  05m07.9s/10m30s  3.42 iters/s

running (05m08.9s), 062/600 VUs, 512 complete and 0 interrupted iterations
saturation   [  49% ] 062/600 VUs  05m08.9s/10m30s  3.43 iters/s

running (05m09.9s), 061/600 VUs, 517 complete and 0 interrupted iterations
saturation   [  49% ] 061/600 VUs  05m09.9s/10m30s  3.44 iters/s

running (05m10.9s), 064/600 VUs, 517 complete and 0 interrupted iterations
saturation   [  49% ] 064/600 VUs  05m10.9s/10m30s  3.45 iters/s

running (05m11.9s), 068/600 VUs, 517 complete and 0 interrupted iterations
saturation   [  50% ] 068/600 VUs  05m11.9s/10m30s  3.47 iters/s

running (05m12.9s), 071/600 VUs, 517 complete and 0 interrupted iterations
saturation   [  50% ] 071/600 VUs  05m12.9s/10m30s  3.48 iters/s

running (05m13.9s), 067/600 VUs, 525 complete and 0 interrupted iterations
saturation   [  50% ] 067/600 VUs  05m13.9s/10m30s  3.49 iters/s

running (05m14.9s), 068/600 VUs, 527 complete and 0 interrupted iterations
saturation   [  50% ] 068/600 VUs  05m14.9s/10m30s  3.50 iters/s

running (05m15.9s), 072/600 VUs, 527 complete and 0 interrupted iterations
saturation   [  50% ] 072/600 VUs  05m15.9s/10m30s  3.51 iters/s

running (05m16.9s), 074/600 VUs, 528 complete and 0 interrupted iterations
saturation   [  50% ] 074/600 VUs  05m16.9s/10m30s  3.52 iters/s

running (05m17.9s), 073/600 VUs, 533 complete and 0 interrupted iterations
saturation   [  50% ] 073/600 VUs  05m17.9s/10m30s  3.53 iters/s

running (05m18.9s), 072/600 VUs, 537 complete and 0 interrupted iterations
saturation   [  51% ] 072/600 VUs  05m18.9s/10m30s  3.54 iters/s

running (05m19.9s), 074/600 VUs, 539 complete and 0 interrupted iterations
saturation   [  51% ] 074/600 VUs  05m19.9s/10m30s  3.55 iters/s

running (05m20.9s), 074/600 VUs, 542 complete and 0 interrupted iterations
saturation   [  51% ] 074/600 VUs  05m20.9s/10m30s  3.56 iters/s

running (05m21.9s), 077/600 VUs, 543 complete and 0 interrupted iterations
saturation   [  51% ] 077/600 VUs  05m21.9s/10m30s  3.58 iters/s

running (05m22.9s), 076/600 VUs, 548 complete and 0 interrupted iterations
saturation   [  51% ] 076/600 VUs  05m22.9s/10m30s  3.59 iters/s

running (05m23.9s), 079/600 VUs, 548 complete and 0 interrupted iterations
saturation   [  51% ] 079/600 VUs  05m23.9s/10m30s  3.60 iters/s

running (05m24.9s), 080/600 VUs, 551 complete and 0 interrupted iterations
saturation   [  52% ] 080/600 VUs  05m24.9s/10m30s  3.61 iters/s

running (05m25.9s), 077/600 VUs, 557 complete and 0 interrupted iterations
saturation   [  52% ] 077/600 VUs  05m25.9s/10m30s  3.62 iters/s

running (05m26.9s), 080/600 VUs, 558 complete and 0 interrupted iterations
saturation   [  52% ] 080/600 VUs  05m26.9s/10m30s  3.63 iters/s

running (05m27.9s), 082/600 VUs, 560 complete and 0 interrupted iterations
saturation   [  52% ] 082/600 VUs  05m27.9s/10m30s  3.64 iters/s

running (05m28.9s), 081/600 VUs, 564 complete and 0 interrupted iterations
saturation   [  52% ] 081/600 VUs  05m28.9s/10m30s  3.65 iters/s

running (05m29.9s), 084/600 VUs, 565 complete and 0 interrupted iterations
saturation   [  52% ] 084/600 VUs  05m29.9s/10m30s  3.67 iters/s

running (05m30.9s), 088/600 VUs, 565 complete and 0 interrupted iterations
saturation   [  53% ] 088/600 VUs  05m30.9s/10m30s  3.68 iters/s

running (05m31.9s), 091/600 VUs, 565 complete and 0 interrupted iterations
saturation   [  53% ] 091/600 VUs  05m31.9s/10m30s  3.69 iters/s

running (05m32.9s), 095/600 VUs, 565 complete and 0 interrupted iterations
saturation   [  53% ] 095/600 VUs  05m32.9s/10m30s  3.70 iters/s

running (05m33.9s), 096/600 VUs, 568 complete and 0 interrupted iterations
saturation   [  53% ] 096/600 VUs  05m33.9s/10m30s  3.71 iters/s

running (05m34.9s), 096/600 VUs, 571 complete and 0 interrupted iterations
saturation   [  53% ] 096/600 VUs  05m34.9s/10m30s  3.72 iters/s

running (05m35.9s), 100/600 VUs, 571 complete and 0 interrupted iterations
saturation   [  53% ] 100/600 VUs  05m35.9s/10m30s  3.73 iters/s

running (05m36.9s), 104/600 VUs, 571 complete and 0 interrupted iterations
saturation   [  53% ] 104/600 VUs  05m36.9s/10m30s  3.74 iters/s

running (05m37.9s), 108/600 VUs, 571 complete and 0 interrupted iterations
saturation   [  54% ] 108/600 VUs  05m37.9s/10m30s  3.75 iters/s

running (05m38.9s), 110/600 VUs, 572 complete and 0 interrupted iterations
saturation   [  54% ] 110/600 VUs  05m38.9s/10m30s  3.76 iters/s

running (05m39.9s), 110/600 VUs, 576 complete and 0 interrupted iterations
saturation   [  54% ] 110/600 VUs  05m39.9s/10m30s  3.78 iters/s

running (05m40.9s), 111/600 VUs, 579 complete and 0 interrupted iterations
saturation   [  54% ] 111/600 VUs  05m40.9s/10m30s  3.79 iters/s

running (05m41.9s), 115/600 VUs, 579 complete and 0 interrupted iterations
saturation   [  54% ] 115/600 VUs  05m41.9s/10m30s  3.80 iters/s

running (05m42.9s), 119/600 VUs, 579 complete and 0 interrupted iterations
saturation   [  54% ] 119/600 VUs  05m42.9s/10m30s  3.81 iters/s

running (05m43.9s), 113/600 VUs, 588 complete and 0 interrupted iterations
saturation   [  55% ] 113/600 VUs  05m43.9s/10m30s  3.82 iters/s

running (05m44.9s), 117/600 VUs, 588 complete and 0 interrupted iterations
saturation   [  55% ] 117/600 VUs  05m44.9s/10m30s  3.83 iters/s

running (05m45.9s), 121/600 VUs, 588 complete and 0 interrupted iterations
saturation   [  55% ] 121/600 VUs  05m45.9s/10m30s  3.84 iters/s

running (05m46.9s), 123/600 VUs, 590 complete and 0 interrupted iterations
saturation   [  55% ] 123/600 VUs  05m46.9s/10m30s  3.85 iters/s

running (05m47.9s), 121/600 VUs, 596 complete and 0 interrupted iterations
saturation   [  55% ] 121/600 VUs  05m47.9s/10m30s  3.87 iters/s

running (05m48.9s), 125/600 VUs, 596 complete and 0 interrupted iterations
saturation   [  55% ] 125/600 VUs  05m48.9s/10m30s  3.88 iters/s

running (05m49.9s), 128/600 VUs, 596 complete and 0 interrupted iterations
saturation   [  56% ] 128/600 VUs  05m49.9s/10m30s  3.89 iters/s

running (05m50.9s), 127/600 VUs, 601 complete and 0 interrupted iterations
saturation   [  56% ] 127/600 VUs  05m50.9s/10m30s  3.90 iters/s

running (05m51.9s), 131/600 VUs, 601 complete and 0 interrupted iterations
saturation   [  56% ] 131/600 VUs  05m51.9s/10m30s  3.91 iters/s

running (05m52.9s), 132/600 VUs, 604 complete and 0 interrupted iterations
saturation   [  56% ] 132/600 VUs  05m52.9s/10m30s  3.92 iters/s

running (05m53.9s), 132/600 VUs, 608 complete and 0 interrupted iterations
saturation   [  56% ] 132/600 VUs  05m53.9s/10m30s  3.93 iters/s

running (05m54.9s), 136/600 VUs, 608 complete and 0 interrupted iterations
saturation   [  56% ] 136/600 VUs  05m54.9s/10m30s  3.94 iters/s

running (05m55.9s), 140/600 VUs, 608 complete and 0 interrupted iterations
saturation   [  56% ] 140/600 VUs  05m55.9s/10m30s  3.95 iters/s

running (05m56.9s), 144/600 VUs, 608 complete and 0 interrupted iterations
saturation   [  57% ] 144/600 VUs  05m56.9s/10m30s  3.97 iters/s

running (05m57.9s), 148/600 VUs, 608 complete and 0 interrupted iterations
saturation   [  57% ] 148/600 VUs  05m57.9s/10m30s  3.98 iters/s

running (05m58.9s), 152/600 VUs, 608 complete and 0 interrupted iterations
saturation   [  57% ] 152/600 VUs  05m58.9s/10m30s  3.99 iters/s

running (05m59.9s), 156/600 VUs, 608 complete and 0 interrupted iterations
saturation   [  57% ] 156/600 VUs  05m59.9s/10m30s  4.00 iters/s

running (06m00.9s), 160/600 VUs, 608 complete and 0 interrupted iterations
saturation   [  57% ] 160/600 VUs  06m00.9s/10m30s  4.01 iters/s

running (06m01.9s), 161/600 VUs, 611 complete and 0 interrupted iterations
saturation   [  57% ] 161/600 VUs  06m01.9s/10m30s  4.02 iters/s

running (06m02.9s), 160/600 VUs, 616 complete and 0 interrupted iterations
saturation   [  58% ] 160/600 VUs  06m02.9s/10m30s  4.03 iters/s

running (06m03.9s), 161/600 VUs, 619 complete and 0 interrupted iterations
saturation   [  58% ] 161/600 VUs  06m03.9s/10m30s  4.04 iters/s

running (06m04.9s), 165/600 VUs, 619 complete and 0 interrupted iterations
saturation   [  58% ] 165/600 VUs  06m04.9s/10m30s  4.05 iters/s

running (06m05.9s), 165/600 VUs, 623 complete and 0 interrupted iterations
saturation   [  58% ] 165/600 VUs  06m05.9s/10m30s  4.06 iters/s

running (06m06.9s), 166/600 VUs, 626 complete and 0 interrupted iterations
saturation   [  58% ] 166/600 VUs  06m06.9s/10m30s  4.08 iters/s

running (06m07.9s), 170/600 VUs, 626 complete and 0 interrupted iterations
saturation   [  58% ] 170/600 VUs  06m07.9s/10m30s  4.09 iters/s

running (06m08.9s), 172/600 VUs, 628 complete and 0 interrupted iterations
saturation   [  59% ] 172/600 VUs  06m08.9s/10m30s  4.10 iters/s

running (06m09.9s), 171/600 VUs, 633 complete and 0 interrupted iterations
saturation   [  59% ] 171/600 VUs  06m09.9s/10m30s  4.11 iters/s

running (06m10.9s), 175/600 VUs, 634 complete and 0 interrupted iterations
saturation   [  59% ] 175/600 VUs  06m10.9s/10m30s  4.12 iters/s

running (06m11.9s), 179/600 VUs, 634 complete and 0 interrupted iterations
saturation   [  59% ] 179/600 VUs  06m11.9s/10m30s  4.13 iters/s

running (06m12.9s), 183/600 VUs, 634 complete and 0 interrupted iterations
saturation   [  59% ] 183/600 VUs  06m12.9s/10m30s  4.14 iters/s

running (06m13.9s), 184/600 VUs, 637 complete and 0 interrupted iterations
saturation   [  59% ] 184/600 VUs  06m13.9s/10m30s  4.15 iters/s

running (06m14.9s), 186/600 VUs, 639 complete and 0 interrupted iterations
saturation   [  60% ] 186/600 VUs  06m14.9s/10m30s  4.16 iters/s

running (06m15.9s), 190/600 VUs, 639 complete and 0 interrupted iterations
saturation   [  60% ] 190/600 VUs  06m15.9s/10m30s  4.18 iters/s

running (06m16.9s), 188/600 VUs, 645 complete and 0 interrupted iterations
saturation   [  60% ] 188/600 VUs  06m16.9s/10m30s  4.19 iters/s

running (06m17.9s), 189/600 VUs, 649 complete and 0 interrupted iterations
saturation   [  60% ] 189/600 VUs  06m17.9s/10m30s  4.20 iters/s

running (06m18.9s), 189/600 VUs, 653 complete and 0 interrupted iterations
saturation   [  60% ] 189/600 VUs  06m18.9s/10m30s  4.21 iters/s

running (06m19.9s), 191/600 VUs, 655 complete and 0 interrupted iterations
saturation   [  60% ] 191/600 VUs  06m19.9s/10m30s  4.22 iters/s

running (06m20.9s), 190/600 VUs, 660 complete and 0 interrupted iterations
saturation   [  60% ] 190/600 VUs  06m20.9s/10m30s  4.23 iters/s

running (06m21.9s), 187/600 VUs, 668 complete and 0 interrupted iterations
saturation   [  61% ] 187/600 VUs  06m21.9s/10m30s  4.24 iters/s

running (06m22.9s), 188/600 VUs, 671 complete and 0 interrupted iterations
saturation   [  61% ] 188/600 VUs  06m22.9s/10m30s  4.25 iters/s

running (06m23.9s), 186/600 VUs, 677 complete and 0 interrupted iterations
saturation   [  61% ] 186/600 VUs  06m23.9s/10m30s  4.26 iters/s

running (06m24.9s), 187/600 VUs, 680 complete and 0 interrupted iterations
saturation   [  61% ] 187/600 VUs  06m24.9s/10m30s  4.28 iters/s

running (06m25.9s), 190/600 VUs, 682 complete and 0 interrupted iterations
saturation   [  61% ] 190/600 VUs  06m25.9s/10m30s  4.29 iters/s

running (06m26.9s), 190/600 VUs, 686 complete and 0 interrupted iterations
saturation   [  61% ] 190/600 VUs  06m26.9s/10m30s  4.30 iters/s

running (06m27.9s), 189/600 VUs, 691 complete and 0 interrupted iterations
saturation   [  62% ] 189/600 VUs  06m27.9s/10m30s  4.31 iters/s

running (06m28.9s), 188/600 VUs, 696 complete and 0 interrupted iterations
saturation   [  62% ] 189/600 VUs  06m28.9s/10m30s  4.32 iters/s

running (06m29.9s), 188/600 VUs, 701 complete and 0 interrupted iterations
saturation   [  62% ] 188/600 VUs  06m29.9s/10m30s  4.33 iters/s

running (06m30.9s), 190/600 VUs, 703 complete and 0 interrupted iterations
saturation   [  62% ] 190/600 VUs  06m30.9s/10m30s  4.34 iters/s

running (06m31.9s), 190/600 VUs, 707 complete and 0 interrupted iterations
saturation   [  62% ] 190/600 VUs  06m31.9s/10m30s  4.35 iters/s

running (06m32.9s), 194/600 VUs, 708 complete and 0 interrupted iterations
saturation   [  62% ] 194/600 VUs  06m32.9s/10m30s  4.37 iters/s

running (06m33.9s), 192/600 VUs, 714 complete and 0 interrupted iterations
saturation   [  63% ] 192/600 VUs  06m33.9s/10m30s  4.38 iters/s

running (06m34.9s), 193/600 VUs, 718 complete and 0 interrupted iterations
saturation   [  63% ] 193/600 VUs  06m34.9s/10m30s  4.39 iters/s

running (06m35.9s), 195/600 VUs, 720 complete and 0 interrupted iterations
saturation   [  63% ] 195/600 VUs  06m35.9s/10m30s  4.40 iters/s

running (06m36.9s), 195/600 VUs, 724 complete and 0 interrupted iterations
saturation   [  63% ] 195/600 VUs  06m36.9s/10m30s  4.41 iters/s

running (06m37.9s), 193/600 VUs, 731 complete and 0 interrupted iterations
saturation   [  63% ] 193/600 VUs  06m37.9s/10m30s  4.42 iters/s

running (06m38.9s), 193/600 VUs, 735 complete and 0 interrupted iterations
saturation   [  63% ] 193/600 VUs  06m38.9s/10m30s  4.43 iters/s

running (06m39.9s), 193/600 VUs, 740 complete and 0 interrupted iterations
saturation   [  63% ] 193/600 VUs  06m39.9s/10m30s  4.44 iters/s

running (06m40.9s), 190/600 VUs, 747 complete and 0 interrupted iterations
saturation   [  64% ] 190/600 VUs  06m40.9s/10m30s  4.45 iters/s

running (06m41.9s), 192/600 VUs, 750 complete and 0 interrupted iterations
saturation   [  64% ] 192/600 VUs  06m41.9s/10m30s  4.47 iters/s

running (06m42.9s), 193/600 VUs, 753 complete and 0 interrupted iterations
saturation   [  64% ] 193/600 VUs  06m42.9s/10m30s  4.48 iters/s

running (06m43.9s), 197/600 VUs, 754 complete and 0 interrupted iterations
saturation   [  64% ] 197/600 VUs  06m43.9s/10m30s  4.49 iters/s

running (06m44.9s), 197/600 VUs, 758 complete and 0 interrupted iterations
saturation   [  64% ] 197/600 VUs  06m44.9s/10m30s  4.50 iters/s

running (06m45.9s), 199/600 VUs, 761 complete and 0 interrupted iterations
saturation   [  64% ] 199/600 VUs  06m45.9s/10m30s  4.51 iters/s

running (06m46.9s), 200/600 VUs, 764 complete and 0 interrupted iterations
saturation   [  65% ] 200/600 VUs  06m46.9s/10m30s  4.52 iters/s

running (06m47.9s), 204/600 VUs, 765 complete and 0 interrupted iterations
saturation   [  65% ] 204/600 VUs  06m47.9s/10m30s  4.53 iters/s

running (06m48.9s), 204/600 VUs, 769 complete and 0 interrupted iterations
saturation   [  65% ] 204/600 VUs  06m48.9s/10m30s  4.54 iters/s

running (06m49.9s), 206/600 VUs, 772 complete and 0 interrupted iterations
saturation   [  65% ] 206/600 VUs  06m49.9s/10m30s  4.55 iters/s

running (06m50.9s), 206/600 VUs, 776 complete and 0 interrupted iterations
saturation   [  65% ] 206/600 VUs  06m50.9s/10m30s  4.56 iters/s

running (06m51.9s), 208/600 VUs, 779 complete and 0 interrupted iterations
saturation   [  65% ] 208/600 VUs  06m51.9s/10m30s  4.58 iters/s

running (06m52.9s), 211/600 VUs, 780 complete and 0 interrupted iterations
saturation   [  66% ] 211/600 VUs  06m52.9s/10m30s  4.59 iters/s

running (06m53.9s), 211/600 VUs, 785 complete and 0 interrupted iterations
saturation   [  66% ] 211/600 VUs  06m53.9s/10m30s  4.60 iters/s

running (06m54.9s), 214/600 VUs, 787 complete and 0 interrupted iterations
saturation   [  66% ] 214/600 VUs  06m54.9s/10m30s  4.61 iters/s

running (06m55.9s), 214/600 VUs, 791 complete and 0 interrupted iterations
saturation   [  66% ] 214/600 VUs  06m55.9s/10m30s  4.62 iters/s

running (06m56.9s), 217/600 VUs, 793 complete and 0 interrupted iterations
saturation   [  66% ] 217/600 VUs  06m56.9s/10m30s  4.63 iters/s

running (06m57.9s), 217/600 VUs, 797 complete and 0 interrupted iterations
saturation   [  66% ] 217/600 VUs  06m57.9s/10m30s  4.64 iters/s

running (06m58.9s), 218/600 VUs, 801 complete and 0 interrupted iterations
saturation   [  66% ] 218/600 VUs  06m58.9s/10m30s  4.65 iters/s

running (06m59.9s), 220/600 VUs, 804 complete and 0 interrupted iterations
saturation   [  67% ] 220/600 VUs  06m59.9s/10m30s  4.67 iters/s

running (07m00.9s), 221/600 VUs, 807 complete and 0 interrupted iterations
saturation   [  67% ] 221/600 VUs  07m00.9s/10m30s  4.67 iters/s

running (07m01.9s), 224/600 VUs, 809 complete and 0 interrupted iterations
saturation   [  67% ] 224/600 VUs  07m01.9s/10m30s  4.69 iters/s

running (07m02.9s), 226/600 VUs, 812 complete and 0 interrupted iterations
saturation   [  67% ] 226/600 VUs  07m02.9s/10m30s  4.70 iters/s

running (07m03.9s), 229/600 VUs, 814 complete and 0 interrupted iterations
saturation   [  67% ] 229/600 VUs  07m03.9s/10m30s  4.71 iters/s

running (07m04.9s), 228/600 VUs, 819 complete and 0 interrupted iterations
saturation   [  67% ] 228/600 VUs  07m04.9s/10m30s  4.72 iters/s

running (07m05.9s), 231/600 VUs, 821 complete and 0 interrupted iterations
saturation   [  68% ] 231/600 VUs  07m05.9s/10m30s  4.73 iters/s

running (07m06.9s), 234/600 VUs, 823 complete and 0 interrupted iterations
saturation   [  68% ] 234/600 VUs  07m06.9s/10m30s  4.74 iters/s

running (07m07.9s), 234/600 VUs, 827 complete and 0 interrupted iterations
saturation   [  68% ] 234/600 VUs  07m07.9s/10m30s  4.75 iters/s

running (07m08.9s), 234/600 VUs, 832 complete and 0 interrupted iterations
saturation   [  68% ] 234/600 VUs  07m08.9s/10m30s  4.76 iters/s

running (07m09.9s), 238/600 VUs, 833 complete and 0 interrupted iterations
saturation   [  68% ] 238/600 VUs  07m09.9s/10m30s  4.78 iters/s

running (07m10.9s), 239/600 VUs, 837 complete and 0 interrupted iterations
saturation   [  68% ] 239/600 VUs  07m10.9s/10m30s  4.79 iters/s

running (07m11.9s), 241/600 VUs, 840 complete and 0 interrupted iterations
saturation   [  69% ] 241/600 VUs  07m11.9s/10m30s  4.80 iters/s

running (07m12.9s), 243/600 VUs, 842 complete and 0 interrupted iterations
saturation   [  69% ] 243/600 VUs  07m12.9s/10m30s  4.81 iters/s

running (07m13.9s), 244/600 VUs, 846 complete and 0 interrupted iterations
saturation   [  69% ] 244/600 VUs  07m13.9s/10m30s  4.82 iters/s

running (07m14.9s), 245/600 VUs, 850 complete and 0 interrupted iterations
saturation   [  69% ] 245/600 VUs  07m14.9s/10m30s  4.83 iters/s

running (07m15.9s), 248/600 VUs, 852 complete and 0 interrupted iterations
saturation   [  69% ] 248/600 VUs  07m15.9s/10m30s  4.84 iters/s

running (07m16.9s), 251/600 VUs, 854 complete and 0 interrupted iterations
saturation   [  69% ] 251/600 VUs  07m16.9s/10m30s  4.85 iters/s

running (07m17.9s), 252/600 VUs, 858 complete and 0 interrupted iterations
saturation   [  70% ] 252/600 VUs  07m17.9s/10m30s  4.87 iters/s

running (07m18.9s), 252/600 VUs, 862 complete and 0 interrupted iterations
saturation   [  70% ] 252/600 VUs  07m18.9s/10m30s  4.88 iters/s

running (07m19.9s), 253/600 VUs, 866 complete and 0 interrupted iterations
saturation   [  70% ] 253/600 VUs  07m19.9s/10m30s  4.89 iters/s

running (07m20.9s), 257/600 VUs, 867 complete and 0 interrupted iterations
saturation   [  70% ] 257/600 VUs  07m20.9s/10m30s  4.90 iters/s

running (07m21.9s), 258/600 VUs, 871 complete and 0 interrupted iterations
saturation   [  70% ] 258/600 VUs  07m21.9s/10m30s  4.91 iters/s

running (07m22.9s), 261/600 VUs, 873 complete and 0 interrupted iterations
saturation   [  70% ] 261/600 VUs  07m22.9s/10m30s  4.92 iters/s

running (07m23.9s), 262/600 VUs, 877 complete and 0 interrupted iterations
saturation   [  70% ] 262/600 VUs  07m23.9s/10m30s  4.93 iters/s

running (07m24.9s), 264/600 VUs, 880 complete and 0 interrupted iterations
saturation   [  71% ] 264/600 VUs  07m24.9s/10m30s  4.94 iters/s

running (07m25.9s), 265/600 VUs, 884 complete and 0 interrupted iterations
saturation   [  71% ] 265/600 VUs  07m25.9s/10m30s  4.95 iters/s

running (07m26.9s), 267/600 VUs, 887 complete and 0 interrupted iterations
saturation   [  71% ] 267/600 VUs  07m26.9s/10m30s  4.97 iters/s

running (07m27.9s), 269/600 VUs, 890 complete and 0 interrupted iterations
saturation   [  71% ] 269/600 VUs  07m27.9s/10m30s  4.98 iters/s

running (07m28.9s), 272/600 VUs, 892 complete and 0 interrupted iterations
saturation   [  71% ] 272/600 VUs  07m28.9s/10m30s  4.99 iters/s

running (07m29.9s), 273/600 VUs, 896 complete and 0 interrupted iterations
saturation   [  71% ] 273/600 VUs  07m29.9s/10m30s  5.00 iters/s

running (07m30.9s), 276/600 VUs, 898 complete and 0 interrupted iterations
saturation   [  72% ] 276/600 VUs  07m30.9s/10m30s  5.01 iters/s

running (07m31.9s), 276/600 VUs, 903 complete and 0 interrupted iterations
saturation   [  72% ] 276/600 VUs  07m31.9s/10m30s  5.02 iters/s

running (07m32.9s), 280/600 VUs, 904 complete and 0 interrupted iterations
saturation   [  72% ] 280/600 VUs  07m32.9s/10m30s  5.03 iters/s

running (07m33.9s), 280/600 VUs, 909 complete and 0 interrupted iterations
saturation   [  72% ] 280/600 VUs  07m33.9s/10m30s  5.04 iters/s

running (07m34.9s), 282/600 VUs, 912 complete and 0 interrupted iterations
saturation   [  72% ] 282/600 VUs  07m34.9s/10m30s  5.05 iters/s

running (07m35.9s), 285/600 VUs, 914 complete and 0 interrupted iterations
saturation   [  72% ] 285/600 VUs  07m35.9s/10m30s  5.07 iters/s

running (07m36.9s), 285/600 VUs, 919 complete and 0 interrupted iterations
saturation   [  73% ] 285/600 VUs  07m36.9s/10m30s  5.08 iters/s

running (07m37.9s), 288/600 VUs, 921 complete and 0 interrupted iterations
saturation   [  73% ] 288/600 VUs  07m37.9s/10m30s  5.09 iters/s

running (07m38.9s), 289/600 VUs, 925 complete and 0 interrupted iterations
saturation   [  73% ] 289/600 VUs  07m38.9s/10m30s  5.10 iters/s

running (07m39.9s), 290/600 VUs, 929 complete and 0 interrupted iterations
saturation   [  73% ] 290/600 VUs  07m39.9s/10m30s  5.11 iters/s

running (07m40.9s), 292/600 VUs, 932 complete and 0 interrupted iterations
saturation   [  73% ] 292/600 VUs  07m40.9s/10m30s  5.12 iters/s

running (07m41.9s), 297/600 VUs, 933 complete and 0 interrupted iterations
saturation   [  73% ] 297/600 VUs  07m41.9s/10m30s  5.13 iters/s

running (07m42.9s), 297/600 VUs, 938 complete and 0 interrupted iterations
saturation   [  73% ] 297/600 VUs  07m42.9s/10m30s  5.14 iters/s

running (07m43.9s), 300/600 VUs, 940 complete and 0 interrupted iterations
saturation   [  74% ] 300/600 VUs  07m43.9s/10m30s  5.15 iters/s

running (07m44.9s), 301/600 VUs, 944 complete and 0 interrupted iterations
saturation   [  74% ] 301/600 VUs  07m44.9s/10m30s  5.17 iters/s

running (07m45.9s), 304/600 VUs, 946 complete and 0 interrupted iterations
saturation   [  74% ] 304/600 VUs  07m45.9s/10m30s  5.18 iters/s

running (07m46.9s), 305/600 VUs, 950 complete and 0 interrupted iterations
saturation   [  74% ] 305/600 VUs  07m46.9s/10m30s  5.19 iters/s

running (07m47.9s), 309/600 VUs, 951 complete and 0 interrupted iterations
saturation   [  74% ] 309/600 VUs  07m47.9s/10m30s  5.20 iters/s

running (07m48.9s), 310/600 VUs, 956 complete and 0 interrupted iterations
saturation   [  74% ] 310/600 VUs  07m48.9s/10m30s  5.21 iters/s

running (07m49.9s), 313/600 VUs, 958 complete and 0 interrupted iterations
saturation   [  75% ] 313/600 VUs  07m49.9s/10m30s  5.22 iters/s

running (07m50.9s), 314/600 VUs, 962 complete and 0 interrupted iterations
saturation   [  75% ] 314/600 VUs  07m50.9s/10m30s  5.23 iters/s

running (07m51.9s), 315/600 VUs, 966 complete and 0 interrupted iterations
saturation   [  75% ] 315/600 VUs  07m51.9s/10m30s  5.24 iters/s

running (07m52.9s), 319/600 VUs, 968 complete and 0 interrupted iterations
saturation   [  75% ] 319/600 VUs  07m52.9s/10m30s  5.25 iters/s

running (07m53.9s), 320/600 VUs, 972 complete and 0 interrupted iterations
saturation   [  75% ] 320/600 VUs  07m53.9s/10m30s  5.27 iters/s

running (07m54.9s), 323/600 VUs, 974 complete and 0 interrupted iterations
saturation   [  75% ] 323/600 VUs  07m54.9s/10m30s  5.28 iters/s

running (07m55.9s), 323/600 VUs, 979 complete and 0 interrupted iterations
saturation   [  76% ] 323/600 VUs  07m55.9s/10m30s  5.29 iters/s

running (07m56.9s), 328/600 VUs, 980 complete and 0 interrupted iterations
saturation   [  76% ] 328/600 VUs  07m56.9s/10m30s  5.30 iters/s

running (07m57.9s), 328/600 VUs, 985 complete and 0 interrupted iterations
saturation   [  76% ] 328/600 VUs  07m57.9s/10m30s  5.31 iters/s

running (07m58.9s), 332/600 VUs, 986 complete and 0 interrupted iterations
saturation   [  76% ] 332/600 VUs  07m58.9s/10m30s  5.32 iters/s

running (07m59.9s), 334/600 VUs, 990 complete and 0 interrupted iterations
saturation   [  76% ] 334/600 VUs  07m59.9s/10m30s  5.33 iters/s

running (08m00.9s), 338/600 VUs, 991 complete and 0 interrupted iterations
saturation   [  76% ] 338/600 VUs  08m00.9s/10m30s  5.34 iters/s

running (08m01.9s), 337/600 VUs, 997 complete and 0 interrupted iterations
saturation   [  76% ] 337/600 VUs  08m01.9s/10m30s  5.35 iters/s

running (08m02.9s), 341/600 VUs, 999 complete and 0 interrupted iterations
saturation   [  77% ] 341/600 VUs  08m02.9s/10m30s  5.37 iters/s

running (08m03.9s), 342/600 VUs, 1003 complete and 0 interrupted iterations
saturation   [  77% ] 342/600 VUs  08m03.9s/10m30s  5.38 iters/s

running (08m04.9s), 344/600 VUs, 1006 complete and 0 interrupted iterations
saturation   [  77% ] 344/600 VUs  08m04.9s/10m30s  5.39 iters/s

running (08m05.9s), 347/600 VUs, 1009 complete and 0 interrupted iterations
saturation   [  77% ] 347/600 VUs  08m05.9s/10m30s  5.40 iters/s

running (08m06.9s), 349/600 VUs, 1012 complete and 0 interrupted iterations
saturation   [  77% ] 349/600 VUs  08m06.9s/10m30s  5.41 iters/s

running (08m07.9s), 352/600 VUs, 1015 complete and 0 interrupted iterations
saturation   [  77% ] 352/600 VUs  08m07.9s/10m30s  5.42 iters/s

running (08m08.9s), 353/600 VUs, 1019 complete and 0 interrupted iterations
saturation   [  78% ] 353/600 VUs  08m08.9s/10m30s  5.43 iters/s

running (08m09.9s), 357/600 VUs, 1021 complete and 0 interrupted iterations
saturation   [  78% ] 357/600 VUs  08m09.9s/10m30s  5.44 iters/s

running (08m10.9s), 358/600 VUs, 1025 complete and 0 interrupted iterations
saturation   [  78% ] 358/600 VUs  08m10.9s/10m30s  5.45 iters/s

running (08m11.9s), 361/600 VUs, 1027 complete and 0 interrupted iterations
saturation   [  78% ] 361/600 VUs  08m11.9s/10m30s  5.46 iters/s

running (08m12.9s), 363/600 VUs, 1031 complete and 0 interrupted iterations
saturation   [  78% ] 363/600 VUs  08m12.9s/10m30s  5.48 iters/s

running (08m13.9s), 365/600 VUs, 1034 complete and 0 interrupted iterations
saturation   [  78% ] 365/600 VUs  08m13.9s/10m30s  5.49 iters/s

running (08m14.9s), 368/600 VUs, 1037 complete and 0 interrupted iterations
saturation   [  79% ] 368/600 VUs  08m14.9s/10m30s  5.50 iters/s

running (08m15.9s), 372/600 VUs, 1038 complete and 0 interrupted iterations
saturation   [  79% ] 372/600 VUs  08m15.9s/10m30s  5.51 iters/s

running (08m16.9s), 373/600 VUs, 1043 complete and 0 interrupted iterations
saturation   [  79% ] 373/600 VUs  08m16.9s/10m30s  5.52 iters/s

running (08m17.9s), 375/600 VUs, 1046 complete and 0 interrupted iterations
saturation   [  79% ] 375/600 VUs  08m17.9s/10m30s  5.53 iters/s

running (08m18.9s), 379/600 VUs, 1048 complete and 0 interrupted iterations
saturation   [  79% ] 379/600 VUs  08m18.9s/10m30s  5.54 iters/s

running (08m19.9s), 380/600 VUs, 1053 complete and 0 interrupted iterations
saturation   [  79% ] 380/600 VUs  08m19.9s/10m30s  5.55 iters/s

running (08m20.9s), 383/600 VUs, 1055 complete and 0 interrupted iterations
saturation   [  80% ] 383/600 VUs  08m20.9s/10m30s  5.56 iters/s

running (08m21.9s), 384/600 VUs, 1060 complete and 0 interrupted iterations
saturation   [  80% ] 384/600 VUs  08m21.9s/10m30s  5.58 iters/s

running (08m22.9s), 387/600 VUs, 1062 complete and 0 interrupted iterations
saturation   [  80% ] 387/600 VUs  08m22.9s/10m30s  5.59 iters/s

running (08m23.9s), 391/600 VUs, 1064 complete and 0 interrupted iterations
saturation   [  80% ] 391/600 VUs  08m23.9s/10m30s  5.60 iters/s

running (08m24.9s), 391/600 VUs, 1069 complete and 0 interrupted iterations
saturation   [  80% ] 391/600 VUs  08m24.9s/10m30s  5.61 iters/s

running (08m25.9s), 395/600 VUs, 1071 complete and 0 interrupted iterations
saturation   [  80% ] 395/600 VUs  08m25.9s/10m30s  5.62 iters/s

running (08m26.9s), 398/600 VUs, 1074 complete and 0 interrupted iterations
saturation   [  80% ] 398/600 VUs  08m26.9s/10m30s  5.63 iters/s

running (08m27.9s), 399/600 VUs, 1078 complete and 0 interrupted iterations
saturation   [  81% ] 399/600 VUs  08m27.9s/10m30s  5.64 iters/s

running (08m28.9s), 403/600 VUs, 1080 complete and 0 interrupted iterations
saturation   [  81% ] 403/600 VUs  08m28.9s/10m30s  5.65 iters/s

running (08m29.9s), 404/600 VUs, 1085 complete and 0 interrupted iterations
saturation   [  81% ] 404/600 VUs  08m29.9s/10m30s  5.67 iters/s

running (08m30.9s), 407/600 VUs, 1087 complete and 0 interrupted iterations
saturation   [  81% ] 407/600 VUs  08m30.9s/10m30s  5.68 iters/s

running (08m31.9s), 409/600 VUs, 1091 complete and 0 interrupted iterations
saturation   [  81% ] 409/600 VUs  08m31.9s/10m30s  5.69 iters/s

running (08m32.9s), 413/600 VUs, 1093 complete and 0 interrupted iterations
saturation   [  81% ] 413/600 VUs  08m32.9s/10m30s  5.70 iters/s

running (08m33.9s), 415/600 VUs, 1096 complete and 0 interrupted iterations
saturation   [  82% ] 415/600 VUs  08m33.9s/10m30s  5.71 iters/s
time="2026-08-10T20:55:04Z" level=warning msg="Request Failed" error="Post \"http://localhost:29010/management/v3/catalog/request\": request timeout"
time="2026-08-10T20:55:04Z" level=warning msg="Request Failed" error="Post \"http://localhost:29010/management/v3/catalog/request\": request timeout"
time="2026-08-10T20:55:04Z" level=warning msg="Request Failed" error="Post \"http://localhost:29010/management/v3/catalog/request\": request timeout"
time="2026-08-10T20:55:04Z" level=warning msg="Request Failed" error="Post \"http://localhost:29010/management/v3/catalog/request\": request timeout"

running (08m34.9s), 413/600 VUs, 1104 complete and 0 interrupted iterations
saturation   [  82% ] 413/600 VUs  08m34.9s/10m30s  5.72 iters/s
time="2026-08-10T20:55:04Z" level=warning msg="Request Failed" error="Post \"http://localhost:29010/management/v3/catalog/request\": request timeout"
time="2026-08-10T20:55:05Z" level=warning msg="Request Failed" error="Post \"http://localhost:29010/management/v3/catalog/request\": request timeout"
time="2026-08-10T20:55:05Z" level=warning msg="Request Failed" error="Post \"http://localhost:29010/management/v3/catalog/request\": request timeout"
time="2026-08-10T20:55:05Z" level=warning msg="Request Failed" error="Post \"http://localhost:29010/management/v3/catalog/request\": request timeout"
time="2026-08-10T20:55:05Z" level=warning msg="Request Failed" error="Post \"http://localhost:29010/management/v3/catalog/request\": request timeout"

running (08m35.9s), 412/600 VUs, 1111 complete and 0 interrupted iterations
saturation   [  82% ] 412/600 VUs  08m35.9s/10m30s  5.73 iters/s
time="2026-08-10T20:55:05Z" level=warning msg="Request Failed" error="Post \"http://localhost:29010/management/v3/catalog/request\": request timeout"
time="2026-08-10T20:55:06Z" level=warning msg="Request Failed" error="Post \"http://localhost:29010/management/v3/catalog/request\": request timeout"
time="2026-08-10T20:55:06Z" level=warning msg="Request Failed" error="Post \"http://localhost:29010/management/v3/catalog/request\": request timeout"
time="2026-08-10T20:55:06Z" level=warning msg="Request Failed" error="Post \"http://localhost:29010/management/v3/catalog/request\": request timeout"
time="2026-08-10T20:55:06Z" level=warning msg="Request Failed" error="Post \"http://localhost:29010/management/v3/catalog/request\": request timeout"

running (08m36.9s), 410/600 VUs, 1119 complete and 0 interrupted iterations
saturation   [  82% ] 410/600 VUs  08m36.9s/10m30s  5.74 iters/s
time="2026-08-10T20:55:06Z" level=warning msg="Request Failed" error="Post \"http://localhost:29010/management/v3/catalog/request\": request timeout"
time="2026-08-10T20:55:07Z" level=warning msg="Request Failed" error="Post \"http://localhost:29010/management/v3/catalog/request\": request timeout"
time="2026-08-10T20:55:07Z" level=warning msg="Request Failed" error="Post \"http://localhost:29010/management/v3/catalog/request\": request timeout"
time="2026-08-10T20:55:07Z" level=warning msg="Request Failed" error="Post \"http://localhost:29010/management/v3/catalog/request\": request timeout"
time="2026-08-10T20:55:07Z" level=warning msg="Request Failed" error="Post \"http://localhost:29010/management/v3/catalog/request\": request timeout"

running (08m37.9s), 408/600 VUs, 1126 complete and 0 interrupted iterations
saturation   [  82% ] 408/600 VUs  08m37.9s/10m30s  5.75 iters/s
time="2026-08-10T20:55:07Z" level=warning msg="Request Failed" error="Post \"http://localhost:29010/management/v3/catalog/request\": request timeout"
time="2026-08-10T20:55:08Z" level=warning msg="Request Failed" error="Post \"http://localhost:29010/management/v3/catalog/request\": request timeout"
time="2026-08-10T20:55:08Z" level=warning msg="Request Failed" error="Post \"http://localhost:29010/management/v3/catalog/request\": request timeout"
time="2026-08-10T20:55:08Z" level=warning msg="Request Failed" error="Post \"http://localhost:29010/management/v3/catalog/request\": request timeout"
time="2026-08-10T20:55:08Z" level=warning msg="Request Failed" error="Post \"http://localhost:29010/management/v3/catalog/request\": request timeout"

running (08m38.9s), 404/600 VUs, 1136 complete and 0 interrupted iterations
saturation   [  82% ] 404/600 VUs  08m38.9s/10m30s  5.76 iters/s
time="2026-08-10T20:55:08Z" level=warning msg="Request Failed" error="Post \"http://localhost:29010/management/v3/catalog/request\": request timeout"
time="2026-08-10T20:55:09Z" level=warning msg="Request Failed" error="Post \"http://localhost:29010/management/v3/catalog/request\": request timeout"
time="2026-08-10T20:55:09Z" level=warning msg="Request Failed" error="Post \"http://localhost:29010/management/v3/catalog/request\": request timeout"
time="2026-08-10T20:55:09Z" level=warning msg="Request Failed" error="Post \"http://localhost:29010/management/v3/catalog/request\": request timeout"
time="2026-08-10T20:55:09Z" level=warning msg="Request Failed" error="Post \"http://localhost:29010/management/v3/catalog/request\": request timeout"

running (08m39.9s), 401/600 VUs, 1145 complete and 0 interrupted iterations
saturation   [  83% ] 401/600 VUs  08m39.9s/10m30s  5.78 iters/s
time="2026-08-10T20:55:09Z" level=warning msg="Request Failed" error="Post \"http://localhost:29010/management/v3/catalog/request\": request timeout"
time="2026-08-10T20:55:10Z" level=warning msg="Request Failed" error="Post \"http://localhost:29010/management/v3/catalog/request\": request timeout"
time="2026-08-10T20:55:10Z" level=warning msg="Request Failed" error="Post \"http://localhost:29010/management/v3/catalog/request\": request timeout"
time="2026-08-10T20:55:10Z" level=warning msg="Request Failed" error="Post \"http://localhost:29010/management/v3/catalog/request\": request timeout"
time="2026-08-10T20:55:10Z" level=warning msg="Request Failed" error="Post \"http://localhost:29010/management/v3/catalog/request\": request timeout"

running (08m40.9s), 400/600 VUs, 1152 complete and 0 interrupted iterations
saturation   [  83% ] 400/600 VUs  08m40.9s/10m30s  5.79 iters/s
time="2026-08-10T20:55:10Z" level=warning msg="Request Failed" error="Post \"http://localhost:29010/management/v3/catalog/request\": request timeout"
time="2026-08-10T20:55:11Z" level=warning msg="Request Failed" error="Post \"http://localhost:29010/management/v3/catalog/request\": request timeout"
time="2026-08-10T20:55:11Z" level=warning msg="Request Failed" error="Post \"http://localhost:29010/management/v3/catalog/request\": request timeout"
time="2026-08-10T20:55:11Z" level=warning msg="Request Failed" error="Post \"http://localhost:29010/management/v3/catalog/request\": request timeout"

running (08m41.9s), 397/600 VUs, 1160 complete and 0 interrupted iterations
saturation   [  83% ] 397/600 VUs  08m41.9s/10m30s  5.80 iters/s
time="2026-08-10T20:55:11Z" level=warning msg="Request Failed" error="Post \"http://localhost:29010/management/v3/catalog/request\": request timeout"
time="2026-08-10T20:55:12Z" level=warning msg="Request Failed" error="Post \"http://localhost:29010/management/v3/catalog/request\": request timeout"
time="2026-08-10T20:55:12Z" level=warning msg="Request Failed" error="Post \"http://localhost:29010/management/v3/catalog/request\": request timeout"
time="2026-08-10T20:55:12Z" level=warning msg="Request Failed" error="Post \"http://localhost:29010/management/v3/catalog/request\": request timeout"
time="2026-08-10T20:55:12Z" level=warning msg="Request Failed" error="Post \"http://localhost:29010/management/v3/catalog/request\": request timeout"

running (08m42.9s), 395/600 VUs, 1168 complete and 0 interrupted iterations
saturation   [  83% ] 395/600 VUs  08m42.9s/10m30s  5.81 iters/s
time="2026-08-10T20:55:13Z" level=warning msg="Request Failed" error="Post \"http://localhost:29010/management/v3/catalog/request\": request timeout"
time="2026-08-10T20:55:13Z" level=warning msg="Request Failed" error="Post \"http://localhost:29010/management/v3/catalog/request\": request timeout"
time="2026-08-10T20:55:13Z" level=warning msg="Request Failed" error="Post \"http://localhost:29010/management/v3/catalog/request\": request timeout"
time="2026-08-10T20:55:13Z" level=warning msg="Request Failed" error="Post \"http://localhost:29010/management/v3/catalog/request\": request timeout"
time="2026-08-10T20:55:13Z" level=warning msg="Request Failed" error="Post \"http://localhost:29010/management/v3/catalog/request\": request timeout"

running (08m43.9s), 393/600 VUs, 1176 complete and 0 interrupted iterations
saturation   [  83% ] 393/600 VUs  08m43.9s/10m30s  5.82 iters/s
time="2026-08-10T20:55:13Z" level=warning msg="Request Failed" error="Post \"http://localhost:29010/management/v3/catalog/request\": request timeout"
time="2026-08-10T20:55:14Z" level=warning msg="Request Failed" error="Post \"http://localhost:29010/management/v3/catalog/request\": request timeout"
time="2026-08-10T20:55:14Z" level=warning msg="Request Failed" error="Post \"http://localhost:29010/management/v3/catalog/request\": request timeout"
time="2026-08-10T20:55:14Z" level=warning msg="Request Failed" error="Post \"http://localhost:29010/management/v3/catalog/request\": request timeout"
time="2026-08-10T20:55:14Z" level=warning msg="Request Failed" error="Post \"http://localhost:29010/management/v3/catalog/request\": request timeout"

running (08m44.9s), 392/600 VUs, 1183 complete and 0 interrupted iterations
saturation   [  83% ] 392/600 VUs  08m44.9s/10m30s  5.83 iters/s
time="2026-08-10T20:55:14Z" level=warning msg="Request Failed" error="Post \"http://localhost:29010/management/v3/catalog/request\": request timeout"
time="2026-08-10T20:55:15Z" level=warning msg="Request Failed" error="Post \"http://localhost:29010/management/v3/catalog/request\": request timeout"
time="2026-08-10T20:55:15Z" level=warning msg="Request Failed" error="Post \"http://localhost:29010/management/v3/catalog/request\": request timeout"
time="2026-08-10T20:55:15Z" level=warning msg="Request Failed" error="Post \"http://localhost:29010/management/v3/catalog/request\": request timeout"
time="2026-08-10T20:55:15Z" level=warning msg="Request Failed" error="Post \"http://localhost:29010/management/v3/catalog/request\": request timeout"

running (08m45.9s), 388/600 VUs, 1193 complete and 0 interrupted iterations
saturation   [  83% ] 388/600 VUs  08m45.9s/10m30s  5.84 iters/s
time="2026-08-10T20:55:15Z" level=warning msg="Request Failed" error="Post \"http://localhost:29010/management/v3/catalog/request\": request timeout"
time="2026-08-10T20:55:16Z" level=warning msg="Request Failed" error="Post \"http://localhost:29010/management/v3/catalog/request\": request timeout"
time="2026-08-10T20:55:16Z" level=warning msg="Request Failed" error="Post \"http://localhost:29010/management/v3/catalog/request\": request timeout"
time="2026-08-10T20:55:16Z" level=warning msg="Request Failed" error="Post \"http://localhost:29010/management/v3/catalog/request\": request timeout"
time="2026-08-10T20:55:16Z" level=warning msg="Request Failed" error="Post \"http://localhost:29010/management/v3/catalog/request\": request timeout"

running (08m46.9s), 386/600 VUs, 1201 complete and 0 interrupted iterations
saturation   [  84% ] 386/600 VUs  08m46.9s/10m30s  5.85 iters/s
time="2026-08-10T20:55:16Z" level=warning msg="Request Failed" error="Post \"http://localhost:29010/management/v3/catalog/request\": request timeout"
time="2026-08-10T20:55:17Z" level=warning msg="Request Failed" error="Post \"http://localhost:29010/management/v3/catalog/request\": request timeout"
time="2026-08-10T20:55:17Z" level=warning msg="Request Failed" error="Post \"http://localhost:29010/management/v3/catalog/request\": request timeout"
time="2026-08-10T20:55:17Z" level=warning msg="Request Failed" error="Post \"http://localhost:29010/management/v3/catalog/request\": request timeout"
time="2026-08-10T20:55:17Z" level=warning msg="Request Failed" error="Post \"http://localhost:29010/management/v3/catalog/request\": request timeout"

running (08m47.9s), 382/600 VUs, 1210 complete and 0 interrupted iterations
saturation   [  84% ] 382/600 VUs  08m47.9s/10m30s  5.86 iters/s
time="2026-08-10T20:55:17Z" level=warning msg="Request Failed" error="Post \"http://localhost:29010/management/v3/catalog/request\": request timeout"
time="2026-08-10T20:55:18Z" level=warning msg="Request Failed" error="Post \"http://localhost:29010/management/v3/catalog/request\": request timeout"
time="2026-08-10T20:55:18Z" level=warning msg="Request Failed" error="Post \"http://localhost:29010/management/v3/catalog/request\": request timeout"
time="2026-08-10T20:55:18Z" level=warning msg="Request Failed" error="Post \"http://localhost:29010/management/v3/catalog/request\": request timeout"
time="2026-08-10T20:55:18Z" level=warning msg="Request Failed" error="Post \"http://localhost:29010/management/v3/catalog/request\": request timeout"
time="2026-08-10T20:55:18Z" level=warning msg="Request Failed" error="Post \"http://localhost:29010/management/v3/catalog/request\": request timeout"

running (08m48.9s), 381/600 VUs, 1217 complete and 0 interrupted iterations
saturation   [  84% ] 381/600 VUs  08m48.9s/10m30s  5.88 iters/s
time="2026-08-10T20:55:19Z" level=warning msg="Request Failed" error="Post \"http://localhost:29010/management/v3/catalog/request\": request timeout"
time="2026-08-10T20:55:19Z" level=warning msg="Request Failed" error="Post \"http://localhost:29010/management/v3/catalog/request\": request timeout"
time="2026-08-10T20:55:19Z" level=warning msg="Request Failed" error="Post \"http://localhost:29010/management/v3/catalog/request\": request timeout"
time="2026-08-10T20:55:19Z" level=warning msg="Request Failed" error="Post \"http://localhost:29010/management/v3/catalog/request\": request timeout"
time="2026-08-10T20:55:19Z" level=warning msg="Request Failed" error="Post \"http://localhost:29010/management/v3/catalog/request\": request timeout"

running (08m49.9s), 377/600 VUs, 1227 complete and 0 interrupted iterations
saturation   [  84% ] 377/600 VUs  08m49.9s/10m30s  5.89 iters/s
time="2026-08-10T20:55:19Z" level=warning msg="Request Failed" error="Post \"http://localhost:29010/management/v3/catalog/request\": request timeout"
time="2026-08-10T20:55:20Z" level=warning msg="Request Failed" error="Post \"http://localhost:29010/management/v3/catalog/request\": request timeout"
time="2026-08-10T20:55:20Z" level=warning msg="Request Failed" error="Post \"http://localhost:29010/management/v3/catalog/request\": request timeout"
time="2026-08-10T20:55:20Z" level=warning msg="Request Failed" error="Post \"http://localhost:29010/management/v3/catalog/request\": request timeout"
time="2026-08-10T20:55:20Z" level=warning msg="Request Failed" error="Post \"http://localhost:29010/management/v3/catalog/request\": request timeout"

running (08m50.9s), 376/600 VUs, 1234 complete and 0 interrupted iterations
saturation   [  84% ] 376/600 VUs  08m50.9s/10m30s  5.90 iters/s
time="2026-08-10T20:55:20Z" level=warning msg="Request Failed" error="Post \"http://localhost:29010/management/v3/catalog/request\": request timeout"
time="2026-08-10T20:55:21Z" level=warning msg="Request Failed" error="Post \"http://localhost:29010/management/v3/catalog/request\": request timeout"
time="2026-08-10T20:55:21Z" level=warning msg="Request Failed" error="Post \"http://localhost:29010/management/v3/catalog/request\": request timeout"
time="2026-08-10T20:55:21Z" level=warning msg="Request Failed" error="Post \"http://localhost:29010/management/v3/catalog/request\": request timeout"
time="2026-08-10T20:55:21Z" level=warning msg="Request Failed" error="Post \"http://localhost:29010/management/v3/catalog/request\": request timeout"

running (08m51.9s), 375/600 VUs, 1241 complete and 0 interrupted iterations
saturation   [  84% ] 375/600 VUs  08m51.9s/10m30s  5.91 iters/s
time="2026-08-10T20:55:21Z" level=warning msg="Request Failed" error="Post \"http://localhost:29010/management/v3/catalog/request\": request timeout"
time="2026-08-10T20:55:22Z" level=warning msg="Request Failed" error="Post \"http://localhost:29010/management/v3/catalog/request\": request timeout"
time="2026-08-10T20:55:22Z" level=warning msg="Request Failed" error="Post \"http://localhost:29010/management/v3/catalog/request\": request timeout"
time="2026-08-10T20:55:22Z" level=warning msg="Request Failed" error="Post \"http://localhost:29010/management/v3/catalog/request\": request timeout"
time="2026-08-10T20:55:22Z" level=warning msg="Request Failed" error="Post \"http://localhost:29010/management/v3/catalog/request\": request timeout"
time="2026-08-10T20:55:22Z" level=warning msg="Request Failed" error="Post \"http://localhost:29010/management/v3/catalog/request\": request timeout"

running (08m52.9s), 372/600 VUs, 1250 complete and 0 interrupted iterations
saturation   [  85% ] 372/600 VUs  08m52.9s/10m30s  5.92 iters/s
time="2026-08-10T20:55:23Z" level=warning msg="Request Failed" error="Post \"http://localhost:29010/management/v3/catalog/request\": request timeout"
time="2026-08-10T20:55:23Z" level=warning msg="Request Failed" error="Post \"http://localhost:29010/management/v3/catalog/request\": request timeout"
time="2026-08-10T20:55:23Z" level=warning msg="Request Failed" error="Post \"http://localhost:29010/management/v3/catalog/request\": request timeout"
time="2026-08-10T20:55:23Z" level=warning msg="Request Failed" error="Post \"http://localhost:29010/management/v3/catalog/request\": request timeout"
time="2026-08-10T20:55:23Z" level=warning msg="Request Failed" error="Post \"http://localhost:29010/management/v3/catalog/request\": request timeout"

running (08m53.9s), 370/600 VUs, 1258 complete and 0 interrupted iterations
saturation   [  85% ] 370/600 VUs  08m53.9s/10m30s  5.93 iters/s
time="2026-08-10T20:55:23Z" level=warning msg="Request Failed" error="Post \"http://localhost:29010/management/v3/catalog/request\": request timeout"
time="2026-08-10T20:55:24Z" level=warning msg="Request Failed" error="Post \"http://localhost:29010/management/v3/catalog/request\": request timeout"
time="2026-08-10T20:55:24Z" level=warning msg="Request Failed" error="Post \"http://localhost:29010/management/v3/catalog/request\": request timeout"
time="2026-08-10T20:55:24Z" level=warning msg="Request Failed" error="Post \"http://localhost:29010/management/v3/catalog/request\": request timeout"
time="2026-08-10T20:55:24Z" level=warning msg="Request Failed" error="Post \"http://localhost:29010/management/v3/catalog/request\": request timeout"

running (08m54.9s), 366/600 VUs, 1268 complete and 0 interrupted iterations
saturation   [  85% ] 366/600 VUs  08m54.9s/10m30s  5.94 iters/s
time="2026-08-10T20:55:24Z" level=warning msg="Request Failed" error="Post \"http://localhost:29010/management/v3/catalog/request\": request timeout"
time="2026-08-10T20:55:25Z" level=warning msg="Request Failed" error="Post \"http://localhost:29010/management/v3/catalog/request\": request timeout"
time="2026-08-10T20:55:25Z" level=warning msg="Request Failed" error="Post \"http://localhost:29010/management/v3/catalog/request\": request timeout"
time="2026-08-10T20:55:25Z" level=warning msg="Request Failed" error="Post \"http://localhost:29010/management/v3/catalog/request\": request timeout"
time="2026-08-10T20:55:25Z" level=warning msg="Request Failed" error="Post \"http://localhost:29010/management/v3/catalog/request\": request timeout"

running (08m55.9s), 366/600 VUs, 1274 complete and 0 interrupted iterations
saturation   [  85% ] 366/600 VUs  08m55.9s/10m30s  5.95 iters/s
time="2026-08-10T20:55:25Z" level=warning msg="Request Failed" error="Post \"http://localhost:29010/management/v3/catalog/request\": request timeout"
time="2026-08-10T20:55:26Z" level=warning msg="Request Failed" error="Post \"http://localhost:29010/management/v3/catalog/request\": request timeout"
time="2026-08-10T20:55:26Z" level=warning msg="Request Failed" error="Post \"http://localhost:29010/management/v3/catalog/request\": request timeout"
time="2026-08-10T20:55:26Z" level=warning msg="Request Failed" error="Post \"http://localhost:29010/management/v3/catalog/request\": request timeout"
time="2026-08-10T20:55:26Z" level=warning msg="Request Failed" error="Post \"http://localhost:29010/management/v3/catalog/request\": request timeout"
time="2026-08-10T20:55:26Z" level=warning msg="Request Failed" error="Post \"http://localhost:29010/management/v3/catalog/request\": request timeout"

running (08m56.9s), 362/600 VUs, 1284 complete and 0 interrupted iterations
saturation   [  85% ] 362/600 VUs  08m56.9s/10m30s  5.97 iters/s
time="2026-08-10T20:55:26Z" level=warning msg="Request Failed" error="Post \"http://localhost:29010/management/v3/catalog/request\": request timeout"
time="2026-08-10T20:55:27Z" level=warning msg="Request Failed" error="Post \"http://localhost:29010/management/v3/catalog/request\": request timeout"
time="2026-08-10T20:55:27Z" level=warning msg="Request Failed" error="Post \"http://localhost:29010/management/v3/catalog/request\": request timeout"
time="2026-08-10T20:55:27Z" level=warning msg="Request Failed" error="Post \"http://localhost:29010/management/v3/catalog/request\": request timeout"
time="2026-08-10T20:55:27Z" level=warning msg="Request Failed" error="Post \"http://localhost:29010/management/v3/catalog/request\": request timeout"

running (08m57.9s), 358/600 VUs, 1294 complete and 0 interrupted iterations
saturation   [  85% ] 358/600 VUs  08m57.9s/10m30s  5.98 iters/s
time="2026-08-10T20:55:27Z" level=warning msg="Request Failed" error="Post \"http://localhost:29010/management/v3/catalog/request\": request timeout"
time="2026-08-10T20:55:28Z" level=warning msg="Request Failed" error="Post \"http://localhost:29010/management/v3/catalog/request\": request timeout"
time="2026-08-10T20:55:28Z" level=warning msg="Request Failed" error="Post \"http://localhost:29010/management/v3/catalog/request\": request timeout"
time="2026-08-10T20:55:28Z" level=warning msg="Request Failed" error="Post \"http://localhost:29010/management/v3/catalog/request\": request timeout"
time="2026-08-10T20:55:28Z" level=warning msg="Request Failed" error="Post \"http://localhost:29010/management/v3/catalog/request\": request timeout"

running (08m58.9s), 358/600 VUs, 1300 complete and 0 interrupted iterations
saturation   [  86% ] 358/600 VUs  08m58.9s/10m30s  5.99 iters/s
time="2026-08-10T20:55:28Z" level=warning msg="Request Failed" error="Post \"http://localhost:29010/management/v3/catalog/request\": request timeout"
time="2026-08-10T20:55:29Z" level=warning msg="Request Failed" error="Post \"http://localhost:29010/management/v3/catalog/request\": request timeout"
time="2026-08-10T20:55:29Z" level=warning msg="Request Failed" error="Post \"http://localhost:29010/management/v3/catalog/request\": request timeout"
time="2026-08-10T20:55:29Z" level=warning msg="Request Failed" error="Post \"http://localhost:29010/management/v3/catalog/request\": request timeout"
time="2026-08-10T20:55:29Z" level=warning msg="Request Failed" error="Post \"http://localhost:29010/management/v3/catalog/request\": request timeout"
time="2026-08-10T20:55:29Z" level=warning msg="Request Failed" error="Post \"http://localhost:29010/management/v3/catalog/request\": request timeout"

running (08m59.9s), 355/600 VUs, 1309 complete and 0 interrupted iterations
saturation   [  86% ] 355/600 VUs  08m59.9s/10m30s  6.00 iters/s
time="2026-08-10T20:55:30Z" level=warning msg="Request Failed" error="Post \"http://localhost:29010/management/v3/catalog/request\": request timeout"
time="2026-08-10T20:55:30Z" level=warning msg="Request Failed" error="Post \"http://localhost:29010/management/v3/catalog/request\": request timeout"
time="2026-08-10T20:55:30Z" level=warning msg="Request Failed" error="Post \"http://localhost:29010/management/v3/catalog/request\": request timeout"
time="2026-08-10T20:55:30Z" level=warning msg="Request Failed" error="Post \"http://localhost:29010/management/v3/catalog/request\": request timeout"
time="2026-08-10T20:55:30Z" level=warning msg="Request Failed" error="Post \"http://localhost:29010/management/v3/catalog/request\": request timeout"

running (09m00.9s), 351/600 VUs, 1319 complete and 0 interrupted iterations
saturation   [  86% ] 351/600 VUs  09m00.9s/10m30s  6.00 iters/s
time="2026-08-10T20:55:30Z" level=warning msg="Request Failed" error="Post \"http://localhost:29010/management/v3/catalog/request\": request timeout"
time="2026-08-10T20:55:31Z" level=warning msg="Request Failed" error="Post \"http://localhost:29010/management/v3/catalog/request\": request timeout"
time="2026-08-10T20:55:31Z" level=warning msg="Request Failed" error="Post \"http://localhost:29010/management/v3/catalog/request\": request timeout"
time="2026-08-10T20:55:31Z" level=warning msg="Request Failed" error="Post \"http://localhost:29010/management/v3/catalog/request\": request timeout"
time="2026-08-10T20:55:31Z" level=warning msg="Request Failed" error="Post \"http://localhost:29010/management/v3/catalog/request\": request timeout"

running (09m01.9s), 351/600 VUs, 1325 complete and 0 interrupted iterations
saturation   [  86% ] 351/600 VUs  09m01.9s/10m30s  6.00 iters/s
time="2026-08-10T20:55:31Z" level=warning msg="Request Failed" error="Post \"http://localhost:29010/management/v3/catalog/request\": request timeout"
time="2026-08-10T20:55:32Z" level=warning msg="Request Failed" error="Post \"http://localhost:29010/management/v3/catalog/request\": request timeout"
time="2026-08-10T20:55:32Z" level=warning msg="Request Failed" error="Post \"http://localhost:29010/management/v3/catalog/request\": request timeout"
time="2026-08-10T20:55:32Z" level=warning msg="Request Failed" error="Post \"http://localhost:29010/management/v3/catalog/request\": request timeout"
time="2026-08-10T20:55:32Z" level=warning msg="Request Failed" error="Post \"http://localhost:29010/management/v3/catalog/request\": request timeout"
time="2026-08-10T20:55:32Z" level=warning msg="Request Failed" error="Post \"http://localhost:29010/management/v3/catalog/request\": request timeout"

running (09m02.9s), 346/600 VUs, 1336 complete and 0 interrupted iterations
saturation   [  86% ] 346/600 VUs  09m02.9s/10m30s  6.00 iters/s
time="2026-08-10T20:55:32Z" level=warning msg="Request Failed" error="Post \"http://localhost:29010/management/v3/catalog/request\": request timeout"
time="2026-08-10T20:55:33Z" level=warning msg="Request Failed" error="Post \"http://localhost:29010/management/v3/catalog/request\": request timeout"
time="2026-08-10T20:55:33Z" level=warning msg="Request Failed" error="Post \"http://localhost:29010/management/v3/catalog/request\": request timeout"
time="2026-08-10T20:55:33Z" level=warning msg="Request Failed" error="Post \"http://localhost:29010/management/v3/catalog/request\": request timeout"
time="2026-08-10T20:55:33Z" level=warning msg="Request Failed" error="Post \"http://localhost:29010/management/v3/catalog/request\": request timeout"

running (09m03.9s), 344/600 VUs, 1344 complete and 0 interrupted iterations
saturation   [  86% ] 344/600 VUs  09m03.9s/10m30s  6.00 iters/s
time="2026-08-10T20:55:33Z" level=warning msg="Request Failed" error="Post \"http://localhost:29010/management/v3/catalog/request\": request timeout"
time="2026-08-10T20:55:34Z" level=warning msg="Request Failed" error="Post \"http://localhost:29010/management/v3/catalog/request\": request timeout"
time="2026-08-10T20:55:34Z" level=warning msg="Request Failed" error="Post \"http://localhost:29010/management/v3/catalog/request\": request timeout"
time="2026-08-10T20:55:34Z" level=warning msg="Request Failed" error="Post \"http://localhost:29010/management/v3/catalog/request\": request timeout"
time="2026-08-10T20:55:34Z" level=warning msg="Request Failed" error="Post \"http://localhost:29010/management/v3/catalog/request\": request timeout"

running (09m04.9s), 344/600 VUs, 1350 complete and 0 interrupted iterations
saturation   [  86% ] 344/600 VUs  09m04.9s/10m30s  6.00 iters/s
time="2026-08-10T20:55:34Z" level=warning msg="Request Failed" error="Post \"http://localhost:29010/management/v3/catalog/request\": request timeout"
time="2026-08-10T20:55:35Z" level=warning msg="Request Failed" error="Post \"http://localhost:29010/management/v3/catalog/request\": request timeout"
time="2026-08-10T20:55:35Z" level=warning msg="Request Failed" error="Post \"http://localhost:29010/management/v3/catalog/request\": request timeout"
time="2026-08-10T20:55:35Z" level=warning msg="Request Failed" error="Post \"http://localhost:29010/management/v3/catalog/request\": request timeout"
time="2026-08-10T20:55:35Z" level=warning msg="Request Failed" error="Post \"http://localhost:29010/management/v3/catalog/request\": request timeout"
time="2026-08-10T20:55:35Z" level=warning msg="Request Failed" error="Post \"http://localhost:29010/management/v3/catalog/request\": request timeout"

running (09m05.9s), 344/600 VUs, 1356 complete and 0 interrupted iterations
saturation   [  87% ] 344/600 VUs  09m05.9s/10m30s  6.00 iters/s

================ DSP benchmark summary ================
-- per-phase latency --
  catalog                    p50=9868.3 ms  p95=60000.5 ms  p99=60000.8 ms  max=60002.7 ms  n=1357
  negotiation init (POST)    p50=40.6 ms  p95=99.0 ms  p99=122.5 ms  max=223.3 ms  n=1193
  time-to-AGREED (async)     p50=3557.5 ms  p95=21940.8 ms  p99=28902.4 ms  max=30041.0 ms  n=672
  transfer init (POST)       p50=47.5 ms  p95=103.9 ms  p99=126.5 ms  max=171.5 ms  n=672
  time-to-EDR (async)        p50=3320.0 ms  p95=18707.5 ms  p99=24856.7 ms  max=26319.0 ms  n=672
  data pull                  p50=25.1 ms  p95=43.3 ms  p99=46.1 ms  max=63.0 ms  n=672
-- end-to-end + throughput --
  e2e transaction            p50=8049.5 ms  p95=47500.2 ms  p99=63684.1 ms  max=64881.0 ms  n=672
  data throughput (MB/s)     p50=0.2  p95=0.2  p99=0.2  max=0.2  n=672
-- outcomes --
  transactions succeeded     count=672  rate=1.231/s
  transactions failed        count=684  rate=1.253/s
  failed rate                rate=50.44%  (pass=684 fail=672)
    of which TERMINATED      (no data)
    of which TIMED OUT       count=520  rate=0.952/s
    of which HTTP-FAILED     count=164  rate=0.300/s
  failure accounting       684/684 classified  (complete)
-- observer effect (poll load) --
  negotiation polls          count=79225  rate=145.115/s
  edr polls                  count=16904  rate=30.963/s
  polls per transaction     negotiation=58.4  edr=12.5  (timeout ceiling=120)
=======================================================
(full summary -> /home/rohitj/edc/benchmarking-factoryx-edc/resources/local-fx-mvd/k6-scripts/results/factoryx/off/saturation-open/2026-08-10T20-44-45Z/k6-summary.json; POLL_INTERVAL_MS=250; IDENTITY_MODE=off)

running (09m06.0s), 000/600 VUs, 1356 complete and 344 interrupted iterations
saturation ✗ [  87% ] 189/600 VUs  09m05.9s/10m30s  6.00 iters/s
time="2026-08-10T20:55:36Z" level=error msg="thresholds on metrics 'dsp_transaction_failed_rate' were crossed; at least one has abortOnFail enabled, stopping test prematurely"
