10:14:25 | === campaign: factoryx / identity-on ===
parity OK: lib/ + scenarios/ + orchestration/ + tools/ identical to /home/rohitj/edc/benchmarking-factoryx-edc/resources/local-fx-mvd/k6-scripts
10:14:25 | parity OK against /home/rohitj/edc/benchmarking-factoryx-edc/resources/local-fx-mvd/k6-scripts
10:14:25 | preflight OK (consumer API + Prometheus)
10:14:25 | identity bootstrap (identity-setup.js)

         /\      Grafana   /‾‾/  
    /\  /  \     |\  __   /  /   
   /  \/    \    | |/ /  /   ‾‾\ 
  /          \   |   (  |  (‾)  |
 / __________ \  |_|\_\  \_____/ 


     execution: local
        script: /home/rohitj/edc/benchmarking-factoryx-edc/resources/local-fx-mvd/k6-scripts/identity-setup.js
        output: -

     scenarios: (100.00%) 1 scenario, 1 max VUs, 10m30s max duration (incl. graceful stop):
              * default: 1 iterations shared among 1 VUs (maxDuration: 10m0s, gracefulStop: 30s)

time="2026-08-10T10:14:25Z" level=info msg="\n=== DCP identity bootstrap (host: localhost) ===\n" source=console
time="2026-08-10T10:14:25Z" level=info msg="[OK ] CreateIssuerParticipant -> HTTP 200" source=console
time="2026-08-10T10:14:25Z" level=info msg="[OK ] addConsumerHolder -> HTTP 201" source=console
time="2026-08-10T10:14:25Z" level=info msg="[OK ] addProviderHolder -> HTTP 201" source=console
time="2026-08-10T10:14:25Z" level=info msg="[OK ] createAttestation -> HTTP 201" source=console
time="2026-08-10T10:14:26Z" level=info msg="[OK ] createCredentialDef -> HTTP 201" source=console
time="2026-08-10T10:14:26Z" level=info msg="[OK ] CreateConsumerParticipant -> HTTP 200" source=console
time="2026-08-10T10:14:26Z" level=info msg="[OK ] RequestConsumerCredential -> HTTP 201" source=console
time="2026-08-10T10:14:26Z" level=info msg="[OK ] Vault: store consumersecret -> HTTP 200" source=console
time="2026-08-10T10:14:26Z" level=info msg="[OK ] CreateProviderParticipant -> HTTP 200" source=console
time="2026-08-10T10:14:26Z" level=info msg="[OK ] RequestProviderCredential -> HTTP 201" source=console
time="2026-08-10T10:14:26Z" level=info msg="[OK ] Vault: store providersecret -> HTTP 200" source=console

running (00m01.0s), 1/1 VUs, 0 complete and 0 interrupted iterations
default   [   0% ] 1 VUs  00m01.0s/10m0s  0/1 shared iters

running (00m02.0s), 1/1 VUs, 0 complete and 0 interrupted iterations
default   [   0% ] 1 VUs  00m02.0s/10m0s  0/1 shared iters

running (00m03.0s), 1/1 VUs, 0 complete and 0 interrupted iterations
default   [   0% ] 1 VUs  00m03.0s/10m0s  0/1 shared iters
time="2026-08-10T10:14:29Z" level=info msg="[OK ] Consumer STS token -> HTTP 200" source=console
time="2026-08-10T10:14:29Z" level=info msg="[OK ] Provider STS token -> HTTP 200" source=console

running (00m04.0s), 1/1 VUs, 0 complete and 0 interrupted iterations
default   [   0% ] 1 VUs  00m04.0s/10m0s  0/1 shared iters
time="2026-08-10T10:14:29Z" level=info msg="[OK ] Query consumer presentation -> HTTP 200" source=console
time="2026-08-10T10:14:29Z" level=info msg="\n=== identity bootstrap complete ===" source=console
time="2026-08-10T10:14:29Z" level=info msg="Verification passed — DCP negotiation/transfer prerequisites are in place. Run the k6 scenarios now." source=console


  █ TOTAL RESULTS 

    checks_total.......: 1       0.248903/s
    checks_succeeded...: 100.00% 1 out of 1
    checks_failed......: 0.00%   0 out of 1

    ✓ membership VP returned as a JWT

    HTTP
    http_req_duration..............: avg=71.97ms min=1.15ms med=41.65ms max=193.66ms p(90)=188.03ms p(95)=190.91ms
      { expected_response:true }...: avg=71.97ms min=1.15ms med=41.65ms max=193.66ms p(90)=188.03ms p(95)=190.91ms
    http_req_failed................: 0.00%  0 out of 14
    http_reqs......................: 14     3.484638/s

    EXECUTION
    iteration_duration.............: avg=4.01s   min=4.01s  med=4.01s   max=4.01s    p(90)=4.01s    p(95)=4.01s   
    iterations.....................: 1      0.248903/s
    vus............................: 1      min=1       max=1
    vus_max........................: 1      min=1       max=1

    NETWORK
    data_received..................: 9.0 kB 2.2 kB/s
    data_sent......................: 9.1 kB 2.3 kB/s




running (00m04.0s), 0/1 VUs, 1 complete and 0 interrupted iterations
default ✓ [ 100% ] 1 VUs  00m04.0s/10m0s  1/1 shared iters
10:14:29 | payload server already serving on :8888
10:14:29 | --> smoke (gate)
>>> factoryx / smoke  ->  /home/rohitj/edc/benchmarking-factoryx-edc/resources/local-fx-mvd/k6-scripts/results/factoryx/on/smoke/2026-08-10T10-14-29Z
parity OK: lib/ + scenarios/ + orchestration/ + tools/ identical to /home/rohitj/edc/benchmarking-factoryx-edc/resources/local-fx-mvd/k6-scripts
Health: http://localhost:29010/management + prometheus  OK
Warmup 60s @ 1/s (discarded)
  draining 20s before the measured window opens
k6 -> Prometheus remote-write: http://localhost:9090/api/v1/write

         /\      Grafana   /‾‾/  
    /\  /  \     |\  __   /  /   
   /  \/    \    | |/ /  /   ‾‾\ 
  /          \   |   (  |  (‾)  |
 / __________ \  |_|\_\  \_____/ 


     execution: local
        script: /home/rohitj/edc/benchmarking-factoryx-edc/resources/local-fx-mvd/k6-scripts/scenarios/smoke.js
        output: Prometheus remote write (http://localhost:9090/api/v1/write)

     scenarios: (100.00%) 1 scenario, 1 max VUs, 5m30s max duration (incl. graceful stop):
              * smoke: 5 iterations for each of 1 VUs (maxDuration: 5m0s, gracefulStop: 30s)


running (0m01.0s), 1/1 VUs, 0 complete and 0 interrupted iterations
smoke   [   0% ] 1 VUs  0m01.0s/5m0s  0/5 iters, 5 per VU

running (0m02.0s), 1/1 VUs, 0 complete and 0 interrupted iterations
smoke   [   0% ] 1 VUs  0m02.0s/5m0s  0/5 iters, 5 per VU

running (0m03.0s), 1/1 VUs, 0 complete and 0 interrupted iterations
smoke   [   0% ] 1 VUs  0m03.0s/5m0s  0/5 iters, 5 per VU

running (0m04.0s), 1/1 VUs, 0 complete and 0 interrupted iterations
smoke   [   0% ] 1 VUs  0m04.0s/5m0s  0/5 iters, 5 per VU

running (0m05.0s), 1/1 VUs, 0 complete and 0 interrupted iterations
smoke   [   0% ] 1 VUs  0m05.0s/5m0s  0/5 iters, 5 per VU

running (0m06.0s), 1/1 VUs, 0 complete and 0 interrupted iterations
smoke   [   0% ] 1 VUs  0m06.0s/5m0s  0/5 iters, 5 per VU

running (0m07.0s), 1/1 VUs, 1 complete and 0 interrupted iterations
smoke   [  20% ] 1 VUs  0m07.0s/5m0s  1/5 iters, 5 per VU

running (0m08.0s), 1/1 VUs, 1 complete and 0 interrupted iterations
smoke   [  20% ] 1 VUs  0m08.0s/5m0s  1/5 iters, 5 per VU

running (0m09.0s), 1/1 VUs, 1 complete and 0 interrupted iterations
smoke   [  20% ] 1 VUs  0m09.0s/5m0s  1/5 iters, 5 per VU

running (0m10.0s), 1/1 VUs, 1 complete and 0 interrupted iterations
smoke   [  20% ] 1 VUs  0m10.0s/5m0s  1/5 iters, 5 per VU

running (0m11.0s), 1/1 VUs, 1 complete and 0 interrupted iterations
smoke   [  20% ] 1 VUs  0m11.0s/5m0s  1/5 iters, 5 per VU

running (0m12.0s), 1/1 VUs, 1 complete and 0 interrupted iterations
smoke   [  20% ] 1 VUs  0m12.0s/5m0s  1/5 iters, 5 per VU

running (0m13.0s), 1/1 VUs, 2 complete and 0 interrupted iterations
smoke   [  40% ] 1 VUs  0m13.0s/5m0s  2/5 iters, 5 per VU

running (0m14.0s), 1/1 VUs, 2 complete and 0 interrupted iterations
smoke   [  40% ] 1 VUs  0m14.0s/5m0s  2/5 iters, 5 per VU

running (0m15.0s), 1/1 VUs, 2 complete and 0 interrupted iterations
smoke   [  40% ] 1 VUs  0m15.0s/5m0s  2/5 iters, 5 per VU

running (0m16.0s), 1/1 VUs, 2 complete and 0 interrupted iterations
smoke   [  40% ] 1 VUs  0m16.0s/5m0s  2/5 iters, 5 per VU

running (0m17.0s), 1/1 VUs, 2 complete and 0 interrupted iterations
smoke   [  40% ] 1 VUs  0m17.0s/5m0s  2/5 iters, 5 per VU

running (0m18.0s), 1/1 VUs, 2 complete and 0 interrupted iterations
smoke   [  40% ] 1 VUs  0m18.0s/5m0s  2/5 iters, 5 per VU

running (0m19.0s), 1/1 VUs, 3 complete and 0 interrupted iterations
smoke   [  60% ] 1 VUs  0m19.0s/5m0s  3/5 iters, 5 per VU

running (0m20.0s), 1/1 VUs, 3 complete and 0 interrupted iterations
smoke   [  60% ] 1 VUs  0m20.0s/5m0s  3/5 iters, 5 per VU

running (0m21.0s), 1/1 VUs, 3 complete and 0 interrupted iterations
smoke   [  60% ] 1 VUs  0m21.0s/5m0s  3/5 iters, 5 per VU

running (0m22.0s), 1/1 VUs, 3 complete and 0 interrupted iterations
smoke   [  60% ] 1 VUs  0m22.0s/5m0s  3/5 iters, 5 per VU

running (0m23.0s), 1/1 VUs, 3 complete and 0 interrupted iterations
smoke   [  60% ] 1 VUs  0m23.0s/5m0s  3/5 iters, 5 per VU

running (0m24.0s), 1/1 VUs, 4 complete and 0 interrupted iterations
smoke   [  80% ] 1 VUs  0m24.0s/5m0s  4/5 iters, 5 per VU

running (0m25.0s), 1/1 VUs, 4 complete and 0 interrupted iterations
smoke   [  80% ] 1 VUs  0m25.0s/5m0s  4/5 iters, 5 per VU

running (0m26.0s), 1/1 VUs, 4 complete and 0 interrupted iterations
smoke   [  80% ] 1 VUs  0m26.0s/5m0s  4/5 iters, 5 per VU

running (0m27.0s), 1/1 VUs, 4 complete and 0 interrupted iterations
smoke   [  80% ] 1 VUs  0m27.0s/5m0s  4/5 iters, 5 per VU

running (0m28.0s), 1/1 VUs, 4 complete and 0 interrupted iterations
smoke   [  80% ] 1 VUs  0m28.0s/5m0s  4/5 iters, 5 per VU

================ DSP benchmark summary ================
-- per-phase latency --
  catalog                    p50=79.3 ms  p95=244.0 ms  p99=266.4 ms  max=272.0 ms  n=5
  negotiation init (POST)    p50=9.8 ms  p95=142.7 ms  p99=153.9 ms  max=156.7 ms  n=5
  time-to-AGREED (async)     p50=4085.0 ms  p95=4095.8 ms  p99=4097.6 ms  max=4098.0 ms  n=5
  transfer init (POST)       p50=9.1 ms  p95=57.8 ms  p99=66.8 ms  max=69.1 ms  n=5
  time-to-EDR (async)        p50=1789.0 ms  p95=2046.6 ms  p99=2046.9 ms  max=2047.0 ms  n=5
  data pull                  p50=34.4 ms  p95=34.5 ms  p99=34.5 ms  max=34.5 ms  n=5
-- end-to-end + throughput --
  e2e transaction            p50=5380.0 ms  p95=6425.0 ms  p99=6470.6 ms  max=6482.0 ms  n=5
  data throughput (MB/s)     p50=0.2  p95=0.2  p99=0.2  max=0.2  n=5
-- outcomes --
  transactions succeeded     count=5  rate=0.175/s
  transactions failed        (no data)
  failed rate                rate=0.00%  (pass=0 fail=5)
    of which TERMINATED      (no data)
    of which TIMED OUT       (no data)
    of which HTTP-FAILED     (no data)
  failure accounting       (no failures)
-- observer effect (poll load) --
  negotiation polls          count=81  rate=2.835/s
  edr polls                  count=36  rate=1.260/s
  polls per transaction     negotiation=16.2  edr=7.2  (timeout ceiling=120)
=======================================================
(full summary -> /home/rohitj/edc/benchmarking-factoryx-edc/resources/local-fx-mvd/k6-scripts/results/factoryx/on/smoke/2026-08-10T10-14-29Z/k6-summary.json; POLL_INTERVAL_MS=250; IDENTITY_MODE=on)

running (0m28.6s), 0/1 VUs, 5 complete and 0 interrupted iterations
smoke ✓ [ 100% ] 1 VUs  0m28.5s/5m0s  5/5 iters, 5 per VU
Prometheus snapshot [1786356955..1786356999] svc=(provider-controlplane|provider-dataplane|consumer-controlplane|consumer-dataplane) win=1m -> /home/rohitj/edc/benchmarking-factoryx-edc/resources/local-fx-mvd/k6-scripts/results/factoryx/on/smoke/2026-08-10T10-14-29Z
  jvm-heap.csv (36 rows)
  jvm-gc-rate.csv (36 rows)
  jvm-threads.csv (36 rows)
  http-throughput.csv (36 rows)
  http-p95.csv (36 rows)
  http-errors.csv (15 rows)
  http-errors-5xx.csv (0 rows)
  http-status.csv (15 rows)
  host-cpu-busy.csv (9 rows)
  host-mem-used.csv (9 rows)
  5xx: no 5xx in window (confirmed: http-status has 15 samples, so the status label IS scraped)
  logs -> /home/rohitj/edc/benchmarking-factoryx-edc/resources/local-fx-mvd/k6-scripts/results/factoryx/on/smoke/2026-08-10T10-14-29Z/logs (4 files)
    consumer-controlplane.log:0
    consumer-dataplane.log:0
    provider-controlplane.log:0
    provider-dataplane.log:0
VALIDITY  ok=5  failed=0  failed_rate=0%  dropped_iterations=0
>>> done: /home/rohitj/edc/benchmarking-factoryx-edc/resources/local-fx-mvd/k6-scripts/results/factoryx/on/smoke/2026-08-10T10-14-29Z  (k6 exit 0)
10:16:39 |     smoke passed
10:16:39 |   … settling 120s before the next scenario
10:18:39 | --> steady x5
Matrix: connector=factoryx reps=5 scenarios=[steady]
===== repetition 1/5 =====
----- factoryx / steady (rep 1) -----
>>> factoryx / steady  ->  /home/rohitj/edc/benchmarking-factoryx-edc/resources/local-fx-mvd/k6-scripts/results/factoryx/on/steady/2026-08-10T10-18-39Z
parity OK: lib/ + scenarios/ + orchestration/ + tools/ identical to /home/rohitj/edc/benchmarking-factoryx-edc/resources/local-fx-mvd/k6-scripts
Health: http://localhost:29010/management + prometheus  OK
Warmup 60s @ 1/s (discarded)
  draining 20s before the measured window opens
k6 -> Prometheus remote-write: http://localhost:9090/api/v1/write

         /\      Grafana   /‾‾/  
    /\  /  \     |\  __   /  /   
   /  \/    \    | |/ /  /   ‾‾\ 
  /          \   |   (  |  (‾)  |
 / __________ \  |_|\_\  \_____/ 


     execution: local
        script: /home/rohitj/edc/benchmarking-factoryx-edc/resources/local-fx-mvd/k6-scripts/scenarios/steady.js
        output: Prometheus remote write (http://localhost:9090/api/v1/write)

     scenarios: (100.00%) 1 scenario, 200 max VUs, 5m30s max duration (incl. graceful stop):
              * steady: 1.00 iterations/s for 5m0s (maxVUs: 50-200, gracefulStop: 30s)


running (0m01.0s), 001/050 VUs, 0 complete and 0 interrupted iterations
steady   [   0% ] 001/050 VUs  0m01.0s/5m0s  1.00 iters/s

running (0m02.0s), 002/050 VUs, 0 complete and 0 interrupted iterations
steady   [   1% ] 002/050 VUs  0m02.0s/5m0s  1.00 iters/s

running (0m03.0s), 003/050 VUs, 0 complete and 0 interrupted iterations
steady   [   1% ] 003/050 VUs  0m03.0s/5m0s  1.00 iters/s

running (0m04.0s), 004/050 VUs, 0 complete and 0 interrupted iterations
steady   [   1% ] 004/050 VUs  0m04.0s/5m0s  1.00 iters/s

running (0m05.0s), 003/050 VUs, 2 complete and 0 interrupted iterations
steady   [   2% ] 003/050 VUs  0m05.0s/5m0s  1.00 iters/s

running (0m06.0s), 003/050 VUs, 3 complete and 0 interrupted iterations
steady   [   2% ] 003/050 VUs  0m06.0s/5m0s  1.00 iters/s

running (0m07.0s), 004/050 VUs, 3 complete and 0 interrupted iterations
steady   [   2% ] 004/050 VUs  0m07.0s/5m0s  1.00 iters/s

running (0m08.0s), 004/050 VUs, 4 complete and 0 interrupted iterations
steady   [   3% ] 004/050 VUs  0m08.0s/5m0s  1.00 iters/s

running (0m09.0s), 004/050 VUs, 5 complete and 0 interrupted iterations
steady   [   3% ] 004/050 VUs  0m09.0s/5m0s  1.00 iters/s

running (0m10.0s), 004/050 VUs, 6 complete and 0 interrupted iterations
steady   [   3% ] 004/050 VUs  0m10.0s/5m0s  1.00 iters/s

running (0m11.0s), 004/050 VUs, 7 complete and 0 interrupted iterations
steady   [   4% ] 004/050 VUs  0m11.0s/5m0s  1.00 iters/s

running (0m12.0s), 004/050 VUs, 8 complete and 0 interrupted iterations
steady   [   4% ] 004/050 VUs  0m12.0s/5m0s  1.00 iters/s

running (0m13.0s), 004/050 VUs, 9 complete and 0 interrupted iterations
steady   [   4% ] 004/050 VUs  0m13.0s/5m0s  1.00 iters/s

running (0m14.0s), 004/050 VUs, 10 complete and 0 interrupted iterations
steady   [   5% ] 004/050 VUs  0m14.0s/5m0s  1.00 iters/s

running (0m15.0s), 004/050 VUs, 11 complete and 0 interrupted iterations
steady   [   5% ] 004/050 VUs  0m15.0s/5m0s  1.00 iters/s

running (0m16.0s), 003/050 VUs, 13 complete and 0 interrupted iterations
steady   [   5% ] 003/050 VUs  0m16.0s/5m0s  1.00 iters/s

running (0m17.0s), 003/050 VUs, 14 complete and 0 interrupted iterations
steady   [   6% ] 003/050 VUs  0m17.0s/5m0s  1.00 iters/s

running (0m18.0s), 004/050 VUs, 14 complete and 0 interrupted iterations
steady   [   6% ] 004/050 VUs  0m18.0s/5m0s  1.00 iters/s

running (0m19.0s), 004/050 VUs, 15 complete and 0 interrupted iterations
steady   [   6% ] 004/050 VUs  0m19.0s/5m0s  1.00 iters/s

running (0m20.0s), 005/050 VUs, 15 complete and 0 interrupted iterations
steady   [   7% ] 005/050 VUs  0m20.0s/5m0s  1.00 iters/s

running (0m21.0s), 003/050 VUs, 18 complete and 0 interrupted iterations
steady   [   7% ] 003/050 VUs  0m21.0s/5m0s  1.00 iters/s

running (0m22.0s), 004/050 VUs, 18 complete and 0 interrupted iterations
steady   [   7% ] 004/050 VUs  0m22.0s/5m0s  1.00 iters/s

running (0m23.0s), 003/050 VUs, 20 complete and 0 interrupted iterations
steady   [   8% ] 003/050 VUs  0m23.0s/5m0s  1.00 iters/s

running (0m24.0s), 003/050 VUs, 21 complete and 0 interrupted iterations
steady   [   8% ] 003/050 VUs  0m24.0s/5m0s  1.00 iters/s

running (0m25.0s), 003/050 VUs, 22 complete and 0 interrupted iterations
steady   [   8% ] 003/050 VUs  0m25.0s/5m0s  1.00 iters/s

running (0m26.0s), 004/050 VUs, 22 complete and 0 interrupted iterations
steady   [   9% ] 004/050 VUs  0m26.0s/5m0s  1.00 iters/s

running (0m27.0s), 004/050 VUs, 23 complete and 0 interrupted iterations
steady   [   9% ] 004/050 VUs  0m27.0s/5m0s  1.00 iters/s

running (0m28.0s), 005/050 VUs, 23 complete and 0 interrupted iterations
steady   [   9% ] 005/050 VUs  0m28.0s/5m0s  1.00 iters/s

running (0m29.0s), 004/050 VUs, 25 complete and 0 interrupted iterations
steady   [  10% ] 004/050 VUs  0m29.0s/5m0s  1.00 iters/s

running (0m30.0s), 004/050 VUs, 26 complete and 0 interrupted iterations
steady   [  10% ] 004/050 VUs  0m30.0s/5m0s  1.00 iters/s

running (0m31.0s), 005/050 VUs, 26 complete and 0 interrupted iterations
steady   [  10% ] 005/050 VUs  0m31.0s/5m0s  1.00 iters/s

running (0m32.0s), 005/050 VUs, 27 complete and 0 interrupted iterations
steady   [  11% ] 005/050 VUs  0m32.0s/5m0s  1.00 iters/s

running (0m33.0s), 005/050 VUs, 28 complete and 0 interrupted iterations
steady   [  11% ] 005/050 VUs  0m33.0s/5m0s  1.00 iters/s

running (0m34.0s), 004/050 VUs, 30 complete and 0 interrupted iterations
steady   [  11% ] 004/050 VUs  0m34.0s/5m0s  1.00 iters/s

running (0m35.0s), 005/050 VUs, 30 complete and 0 interrupted iterations
steady   [  12% ] 005/050 VUs  0m35.0s/5m0s  1.00 iters/s

running (0m36.0s), 005/050 VUs, 31 complete and 0 interrupted iterations
steady   [  12% ] 005/050 VUs  0m36.0s/5m0s  1.00 iters/s

running (0m37.0s), 005/050 VUs, 32 complete and 0 interrupted iterations
steady   [  12% ] 005/050 VUs  0m37.0s/5m0s  1.00 iters/s

running (0m38.0s), 005/050 VUs, 33 complete and 0 interrupted iterations
steady   [  13% ] 005/050 VUs  0m38.0s/5m0s  1.00 iters/s

running (0m39.0s), 006/050 VUs, 33 complete and 0 interrupted iterations
steady   [  13% ] 006/050 VUs  0m39.0s/5m0s  1.00 iters/s

running (0m40.0s), 003/050 VUs, 37 complete and 0 interrupted iterations
steady   [  13% ] 003/050 VUs  0m40.0s/5m0s  1.00 iters/s

running (0m41.0s), 004/050 VUs, 37 complete and 0 interrupted iterations
steady   [  14% ] 004/050 VUs  0m41.0s/5m0s  1.00 iters/s

running (0m42.0s), 005/050 VUs, 37 complete and 0 interrupted iterations
steady   [  14% ] 005/050 VUs  0m42.0s/5m0s  1.00 iters/s

running (0m43.0s), 004/050 VUs, 39 complete and 0 interrupted iterations
steady   [  14% ] 004/050 VUs  0m43.0s/5m0s  1.00 iters/s

running (0m44.0s), 004/050 VUs, 40 complete and 0 interrupted iterations
steady   [  15% ] 004/050 VUs  0m44.0s/5m0s  1.00 iters/s

running (0m45.0s), 004/050 VUs, 41 complete and 0 interrupted iterations
steady   [  15% ] 004/050 VUs  0m45.0s/5m0s  1.00 iters/s

running (0m46.0s), 003/050 VUs, 43 complete and 0 interrupted iterations
steady   [  15% ] 003/050 VUs  0m46.0s/5m0s  1.00 iters/s

running (0m47.0s), 004/050 VUs, 43 complete and 0 interrupted iterations
steady   [  16% ] 004/050 VUs  0m47.0s/5m0s  1.00 iters/s

running (0m48.0s), 004/050 VUs, 44 complete and 0 interrupted iterations
steady   [  16% ] 004/050 VUs  0m48.0s/5m0s  1.00 iters/s

running (0m49.0s), 005/050 VUs, 44 complete and 0 interrupted iterations
steady   [  16% ] 005/050 VUs  0m49.0s/5m0s  1.00 iters/s

running (0m50.0s), 005/050 VUs, 45 complete and 0 interrupted iterations
steady   [  17% ] 005/050 VUs  0m50.0s/5m0s  1.00 iters/s

running (0m51.0s), 005/050 VUs, 46 complete and 0 interrupted iterations
steady   [  17% ] 005/050 VUs  0m51.0s/5m0s  1.00 iters/s

running (0m52.0s), 006/050 VUs, 46 complete and 0 interrupted iterations
steady   [  17% ] 006/050 VUs  0m52.0s/5m0s  1.00 iters/s

running (0m53.0s), 005/050 VUs, 48 complete and 0 interrupted iterations
steady   [  18% ] 005/050 VUs  0m53.0s/5m0s  1.00 iters/s

running (0m54.0s), 004/050 VUs, 50 complete and 0 interrupted iterations
steady   [  18% ] 004/050 VUs  0m54.0s/5m0s  1.00 iters/s

running (0m55.0s), 005/050 VUs, 50 complete and 0 interrupted iterations
steady   [  18% ] 005/050 VUs  0m55.0s/5m0s  1.00 iters/s

running (0m56.0s), 006/050 VUs, 50 complete and 0 interrupted iterations
steady   [  19% ] 006/050 VUs  0m56.0s/5m0s  1.00 iters/s

running (0m57.0s), 006/050 VUs, 51 complete and 0 interrupted iterations
steady   [  19% ] 006/050 VUs  0m57.0s/5m0s  1.00 iters/s

running (0m58.0s), 004/050 VUs, 54 complete and 0 interrupted iterations
steady   [  19% ] 004/050 VUs  0m58.0s/5m0s  1.00 iters/s

running (0m59.0s), 005/050 VUs, 54 complete and 0 interrupted iterations
steady   [  20% ] 005/050 VUs  0m59.0s/5m0s  1.00 iters/s

running (1m00.0s), 004/050 VUs, 56 complete and 0 interrupted iterations
steady   [  20% ] 004/050 VUs  1m00.0s/5m0s  1.00 iters/s

running (1m01.0s), 004/050 VUs, 57 complete and 0 interrupted iterations
steady   [  20% ] 004/050 VUs  1m01.0s/5m0s  1.00 iters/s

running (1m02.0s), 004/050 VUs, 58 complete and 0 interrupted iterations
steady   [  21% ] 004/050 VUs  1m02.0s/5m0s  1.00 iters/s

running (1m03.0s), 005/050 VUs, 58 complete and 0 interrupted iterations
steady   [  21% ] 005/050 VUs  1m03.0s/5m0s  1.00 iters/s

running (1m04.0s), 005/050 VUs, 59 complete and 0 interrupted iterations
steady   [  21% ] 005/050 VUs  1m04.0s/5m0s  1.00 iters/s

running (1m05.0s), 005/050 VUs, 60 complete and 0 interrupted iterations
steady   [  22% ] 005/050 VUs  1m05.0s/5m0s  1.00 iters/s

running (1m06.0s), 005/050 VUs, 61 complete and 0 interrupted iterations
steady   [  22% ] 005/050 VUs  1m06.0s/5m0s  1.00 iters/s

running (1m07.0s), 004/050 VUs, 63 complete and 0 interrupted iterations
steady   [  22% ] 004/050 VUs  1m07.0s/5m0s  1.00 iters/s

running (1m08.0s), 004/050 VUs, 64 complete and 0 interrupted iterations
steady   [  23% ] 004/050 VUs  1m08.0s/5m0s  1.00 iters/s

running (1m09.0s), 004/050 VUs, 65 complete and 0 interrupted iterations
steady   [  23% ] 004/050 VUs  1m09.0s/5m0s  1.00 iters/s

running (1m10.0s), 005/050 VUs, 65 complete and 0 interrupted iterations
steady   [  23% ] 005/050 VUs  1m10.0s/5m0s  1.00 iters/s

running (1m11.0s), 005/050 VUs, 66 complete and 0 interrupted iterations
steady   [  24% ] 005/050 VUs  1m11.0s/5m0s  1.00 iters/s

running (1m12.0s), 004/050 VUs, 68 complete and 0 interrupted iterations
steady   [  24% ] 004/050 VUs  1m12.0s/5m0s  1.00 iters/s

running (1m13.0s), 005/050 VUs, 68 complete and 0 interrupted iterations
steady   [  24% ] 005/050 VUs  1m13.0s/5m0s  1.00 iters/s

running (1m14.0s), 004/050 VUs, 70 complete and 0 interrupted iterations
steady   [  25% ] 004/050 VUs  1m14.0s/5m0s  1.00 iters/s

running (1m15.0s), 005/050 VUs, 70 complete and 0 interrupted iterations
steady   [  25% ] 005/050 VUs  1m15.0s/5m0s  1.00 iters/s

running (1m16.0s), 005/050 VUs, 71 complete and 0 interrupted iterations
steady   [  25% ] 005/050 VUs  1m16.0s/5m0s  1.00 iters/s

running (1m17.0s), 004/050 VUs, 73 complete and 0 interrupted iterations
steady   [  26% ] 004/050 VUs  1m17.0s/5m0s  1.00 iters/s

running (1m18.0s), 004/050 VUs, 74 complete and 0 interrupted iterations
steady   [  26% ] 004/050 VUs  1m18.0s/5m0s  1.00 iters/s

running (1m19.0s), 004/050 VUs, 75 complete and 0 interrupted iterations
steady   [  26% ] 004/050 VUs  1m19.0s/5m0s  1.00 iters/s

running (1m20.0s), 004/050 VUs, 76 complete and 0 interrupted iterations
steady   [  27% ] 004/050 VUs  1m20.0s/5m0s  1.00 iters/s

running (1m21.0s), 004/050 VUs, 77 complete and 0 interrupted iterations
steady   [  27% ] 004/050 VUs  1m21.0s/5m0s  1.00 iters/s

running (1m22.0s), 004/050 VUs, 78 complete and 0 interrupted iterations
steady   [  27% ] 004/050 VUs  1m22.0s/5m0s  1.00 iters/s

running (1m23.0s), 004/050 VUs, 79 complete and 0 interrupted iterations
steady   [  28% ] 004/050 VUs  1m23.0s/5m0s  1.00 iters/s

running (1m24.0s), 004/050 VUs, 80 complete and 0 interrupted iterations
steady   [  28% ] 004/050 VUs  1m24.0s/5m0s  1.00 iters/s

running (1m25.0s), 004/050 VUs, 81 complete and 0 interrupted iterations
steady   [  28% ] 004/050 VUs  1m25.0s/5m0s  1.00 iters/s

running (1m26.0s), 004/050 VUs, 82 complete and 0 interrupted iterations
steady   [  29% ] 004/050 VUs  1m26.0s/5m0s  1.00 iters/s

running (1m27.0s), 004/050 VUs, 83 complete and 0 interrupted iterations
steady   [  29% ] 004/050 VUs  1m27.0s/5m0s  1.00 iters/s

running (1m28.0s), 004/050 VUs, 84 complete and 0 interrupted iterations
steady   [  29% ] 004/050 VUs  1m28.0s/5m0s  1.00 iters/s

running (1m29.0s), 004/050 VUs, 85 complete and 0 interrupted iterations
steady   [  30% ] 004/050 VUs  1m29.0s/5m0s  1.00 iters/s

running (1m30.0s), 004/050 VUs, 86 complete and 0 interrupted iterations
steady   [  30% ] 004/050 VUs  1m30.0s/5m0s  1.00 iters/s

running (1m31.0s), 004/050 VUs, 87 complete and 0 interrupted iterations
steady   [  30% ] 004/050 VUs  1m31.0s/5m0s  1.00 iters/s

running (1m32.0s), 005/050 VUs, 87 complete and 0 interrupted iterations
steady   [  31% ] 005/050 VUs  1m32.0s/5m0s  1.00 iters/s

running (1m33.0s), 004/050 VUs, 89 complete and 0 interrupted iterations
steady   [  31% ] 004/050 VUs  1m33.0s/5m0s  1.00 iters/s

running (1m34.0s), 003/050 VUs, 91 complete and 0 interrupted iterations
steady   [  31% ] 003/050 VUs  1m34.0s/5m0s  1.00 iters/s

running (1m35.0s), 004/050 VUs, 91 complete and 0 interrupted iterations
steady   [  32% ] 004/050 VUs  1m35.0s/5m0s  1.00 iters/s

running (1m36.0s), 004/050 VUs, 92 complete and 0 interrupted iterations
steady   [  32% ] 004/050 VUs  1m36.0s/5m0s  1.00 iters/s

running (1m37.0s), 005/050 VUs, 92 complete and 0 interrupted iterations
steady   [  32% ] 005/050 VUs  1m37.0s/5m0s  1.00 iters/s

running (1m38.0s), 003/050 VUs, 95 complete and 0 interrupted iterations
steady   [  33% ] 003/050 VUs  1m38.0s/5m0s  1.00 iters/s

running (1m39.0s), 004/050 VUs, 95 complete and 0 interrupted iterations
steady   [  33% ] 004/050 VUs  1m39.0s/5m0s  1.00 iters/s

running (1m40.0s), 004/050 VUs, 96 complete and 0 interrupted iterations
steady   [  33% ] 004/050 VUs  1m40.0s/5m0s  1.00 iters/s

running (1m41.0s), 003/050 VUs, 98 complete and 0 interrupted iterations
steady   [  34% ] 003/050 VUs  1m41.0s/5m0s  1.00 iters/s

running (1m42.0s), 004/050 VUs, 98 complete and 0 interrupted iterations
steady   [  34% ] 004/050 VUs  1m42.0s/5m0s  1.00 iters/s

running (1m43.0s), 004/050 VUs, 99 complete and 0 interrupted iterations
steady   [  34% ] 004/050 VUs  1m43.0s/5m0s  1.00 iters/s

running (1m44.0s), 004/050 VUs, 100 complete and 0 interrupted iterations
steady   [  35% ] 004/050 VUs  1m44.0s/5m0s  1.00 iters/s

running (1m45.0s), 004/050 VUs, 101 complete and 0 interrupted iterations
steady   [  35% ] 004/050 VUs  1m45.0s/5m0s  1.00 iters/s

running (1m46.0s), 004/050 VUs, 102 complete and 0 interrupted iterations
steady   [  35% ] 004/050 VUs  1m46.0s/5m0s  1.00 iters/s

running (1m47.0s), 005/050 VUs, 102 complete and 0 interrupted iterations
steady   [  36% ] 005/050 VUs  1m47.0s/5m0s  1.00 iters/s

running (1m48.0s), 004/050 VUs, 104 complete and 0 interrupted iterations
steady   [  36% ] 004/050 VUs  1m48.0s/5m0s  1.00 iters/s

running (1m49.0s), 004/050 VUs, 105 complete and 0 interrupted iterations
steady   [  36% ] 004/050 VUs  1m49.0s/5m0s  1.00 iters/s

running (1m50.0s), 004/050 VUs, 106 complete and 0 interrupted iterations
steady   [  37% ] 004/050 VUs  1m50.0s/5m0s  1.00 iters/s

running (1m51.0s), 004/050 VUs, 107 complete and 0 interrupted iterations
steady   [  37% ] 004/050 VUs  1m51.0s/5m0s  1.00 iters/s

running (1m52.0s), 003/050 VUs, 109 complete and 0 interrupted iterations
steady   [  37% ] 003/050 VUs  1m52.0s/5m0s  1.00 iters/s

running (1m53.0s), 004/050 VUs, 109 complete and 0 interrupted iterations
steady   [  38% ] 004/050 VUs  1m53.0s/5m0s  1.00 iters/s

running (1m54.0s), 004/050 VUs, 110 complete and 0 interrupted iterations
steady   [  38% ] 004/050 VUs  1m54.0s/5m0s  1.00 iters/s

running (1m55.0s), 004/050 VUs, 111 complete and 0 interrupted iterations
steady   [  38% ] 004/050 VUs  1m55.0s/5m0s  1.00 iters/s

running (1m56.0s), 003/050 VUs, 113 complete and 0 interrupted iterations
steady   [  39% ] 003/050 VUs  1m56.0s/5m0s  1.00 iters/s

running (1m57.0s), 004/050 VUs, 113 complete and 0 interrupted iterations
steady   [  39% ] 004/050 VUs  1m57.0s/5m0s  1.00 iters/s

running (1m58.0s), 004/050 VUs, 114 complete and 0 interrupted iterations
steady   [  39% ] 004/050 VUs  1m58.0s/5m0s  1.00 iters/s

running (1m59.0s), 004/050 VUs, 115 complete and 0 interrupted iterations
steady   [  40% ] 004/050 VUs  1m59.0s/5m0s  1.00 iters/s

running (2m00.0s), 004/050 VUs, 116 complete and 0 interrupted iterations
steady   [  40% ] 004/050 VUs  2m00.0s/5m0s  1.00 iters/s

running (2m01.0s), 005/050 VUs, 116 complete and 0 interrupted iterations
steady   [  40% ] 005/050 VUs  2m01.0s/5m0s  1.00 iters/s

running (2m02.0s), 003/050 VUs, 119 complete and 0 interrupted iterations
steady   [  41% ] 003/050 VUs  2m02.0s/5m0s  1.00 iters/s

running (2m03.0s), 004/050 VUs, 119 complete and 0 interrupted iterations
steady   [  41% ] 004/050 VUs  2m03.0s/5m0s  1.00 iters/s

running (2m04.0s), 004/050 VUs, 120 complete and 0 interrupted iterations
steady   [  41% ] 004/050 VUs  2m04.0s/5m0s  1.00 iters/s

running (2m05.0s), 005/050 VUs, 120 complete and 0 interrupted iterations
steady   [  42% ] 005/050 VUs  2m05.0s/5m0s  1.00 iters/s

running (2m06.0s), 006/050 VUs, 120 complete and 0 interrupted iterations
steady   [  42% ] 006/050 VUs  2m06.0s/5m0s  1.00 iters/s

running (2m07.0s), 005/050 VUs, 122 complete and 0 interrupted iterations
steady   [  42% ] 005/050 VUs  2m07.0s/5m0s  1.00 iters/s

running (2m08.0s), 004/050 VUs, 124 complete and 0 interrupted iterations
steady   [  43% ] 004/050 VUs  2m08.0s/5m0s  1.00 iters/s

running (2m09.0s), 004/050 VUs, 125 complete and 0 interrupted iterations
steady   [  43% ] 004/050 VUs  2m09.0s/5m0s  1.00 iters/s

running (2m10.0s), 004/050 VUs, 126 complete and 0 interrupted iterations
steady   [  43% ] 004/050 VUs  2m10.0s/5m0s  1.00 iters/s

running (2m11.0s), 005/050 VUs, 126 complete and 0 interrupted iterations
steady   [  44% ] 005/050 VUs  2m11.0s/5m0s  1.00 iters/s

running (2m12.0s), 004/050 VUs, 128 complete and 0 interrupted iterations
steady   [  44% ] 004/050 VUs  2m12.0s/5m0s  1.00 iters/s

running (2m13.0s), 004/050 VUs, 129 complete and 0 interrupted iterations
steady   [  44% ] 004/050 VUs  2m13.0s/5m0s  1.00 iters/s

running (2m14.0s), 005/050 VUs, 129 complete and 0 interrupted iterations
steady   [  45% ] 005/050 VUs  2m14.0s/5m0s  1.00 iters/s

running (2m15.0s), 005/050 VUs, 130 complete and 0 interrupted iterations
steady   [  45% ] 005/050 VUs  2m15.0s/5m0s  1.00 iters/s

running (2m16.0s), 005/050 VUs, 131 complete and 0 interrupted iterations
steady   [  45% ] 005/050 VUs  2m16.0s/5m0s  1.00 iters/s

running (2m17.0s), 006/050 VUs, 131 complete and 0 interrupted iterations
steady   [  46% ] 006/050 VUs  2m17.0s/5m0s  1.00 iters/s

running (2m18.0s), 004/050 VUs, 134 complete and 0 interrupted iterations
steady   [  46% ] 004/050 VUs  2m18.0s/5m0s  1.00 iters/s

running (2m19.0s), 004/050 VUs, 135 complete and 0 interrupted iterations
steady   [  46% ] 004/050 VUs  2m19.0s/5m0s  1.00 iters/s

running (2m20.0s), 005/050 VUs, 135 complete and 0 interrupted iterations
steady   [  47% ] 005/050 VUs  2m20.0s/5m0s  1.00 iters/s

running (2m21.0s), 005/050 VUs, 136 complete and 0 interrupted iterations
steady   [  47% ] 005/050 VUs  2m21.0s/5m0s  1.00 iters/s

running (2m22.0s), 004/050 VUs, 138 complete and 0 interrupted iterations
steady   [  47% ] 004/050 VUs  2m22.0s/5m0s  1.00 iters/s

running (2m23.0s), 004/050 VUs, 139 complete and 0 interrupted iterations
steady   [  48% ] 004/050 VUs  2m23.0s/5m0s  1.00 iters/s

running (2m24.0s), 005/050 VUs, 139 complete and 0 interrupted iterations
steady   [  48% ] 005/050 VUs  2m24.0s/5m0s  1.00 iters/s

running (2m25.0s), 005/050 VUs, 140 complete and 0 interrupted iterations
steady   [  48% ] 005/050 VUs  2m25.0s/5m0s  1.00 iters/s

running (2m26.0s), 004/050 VUs, 142 complete and 0 interrupted iterations
steady   [  49% ] 004/050 VUs  2m26.0s/5m0s  1.00 iters/s

running (2m27.0s), 004/050 VUs, 143 complete and 0 interrupted iterations
steady   [  49% ] 004/050 VUs  2m27.0s/5m0s  1.00 iters/s

running (2m28.0s), 005/050 VUs, 143 complete and 0 interrupted iterations
steady   [  49% ] 005/050 VUs  2m28.0s/5m0s  1.00 iters/s

running (2m29.0s), 005/050 VUs, 144 complete and 0 interrupted iterations
steady   [  50% ] 005/050 VUs  2m29.0s/5m0s  1.00 iters/s

running (2m30.0s), 005/050 VUs, 145 complete and 0 interrupted iterations
steady   [  50% ] 005/050 VUs  2m30.0s/5m0s  1.00 iters/s

running (2m31.0s), 006/050 VUs, 145 complete and 0 interrupted iterations
steady   [  50% ] 006/050 VUs  2m31.0s/5m0s  1.00 iters/s

running (2m32.0s), 004/050 VUs, 148 complete and 0 interrupted iterations
steady   [  51% ] 004/050 VUs  2m32.0s/5m0s  1.00 iters/s

running (2m33.0s), 004/050 VUs, 149 complete and 0 interrupted iterations
steady   [  51% ] 004/050 VUs  2m33.0s/5m0s  1.00 iters/s

running (2m34.0s), 005/050 VUs, 149 complete and 0 interrupted iterations
steady   [  51% ] 005/050 VUs  2m34.0s/5m0s  1.00 iters/s

running (2m35.0s), 005/050 VUs, 150 complete and 0 interrupted iterations
steady   [  52% ] 005/050 VUs  2m35.0s/5m0s  1.00 iters/s

running (2m36.0s), 004/050 VUs, 152 complete and 0 interrupted iterations
steady   [  52% ] 004/050 VUs  2m36.0s/5m0s  1.00 iters/s

running (2m37.0s), 004/050 VUs, 153 complete and 0 interrupted iterations
steady   [  52% ] 004/050 VUs  2m37.0s/5m0s  1.00 iters/s

running (2m38.0s), 005/050 VUs, 153 complete and 0 interrupted iterations
steady   [  53% ] 005/050 VUs  2m38.0s/5m0s  1.00 iters/s

running (2m39.0s), 005/050 VUs, 154 complete and 0 interrupted iterations
steady   [  53% ] 005/050 VUs  2m39.0s/5m0s  1.00 iters/s

running (2m40.0s), 005/050 VUs, 155 complete and 0 interrupted iterations
steady   [  53% ] 005/050 VUs  2m40.0s/5m0s  1.00 iters/s

running (2m41.0s), 004/050 VUs, 157 complete and 0 interrupted iterations
steady   [  54% ] 004/050 VUs  2m41.0s/5m0s  1.00 iters/s

running (2m42.0s), 004/050 VUs, 158 complete and 0 interrupted iterations
steady   [  54% ] 004/050 VUs  2m42.0s/5m0s  1.00 iters/s

running (2m43.0s), 005/050 VUs, 158 complete and 0 interrupted iterations
steady   [  54% ] 005/050 VUs  2m43.0s/5m0s  1.00 iters/s

running (2m44.0s), 005/050 VUs, 159 complete and 0 interrupted iterations
steady   [  55% ] 005/050 VUs  2m44.0s/5m0s  1.00 iters/s

running (2m45.0s), 005/050 VUs, 160 complete and 0 interrupted iterations
steady   [  55% ] 005/050 VUs  2m45.0s/5m0s  1.00 iters/s

running (2m46.0s), 005/050 VUs, 161 complete and 0 interrupted iterations
steady   [  55% ] 005/050 VUs  2m46.0s/5m0s  1.00 iters/s

running (2m47.0s), 004/050 VUs, 163 complete and 0 interrupted iterations
steady   [  56% ] 004/050 VUs  2m47.0s/5m0s  1.00 iters/s

running (2m48.0s), 004/050 VUs, 164 complete and 0 interrupted iterations
steady   [  56% ] 004/050 VUs  2m48.0s/5m0s  1.00 iters/s

running (2m49.0s), 004/050 VUs, 165 complete and 0 interrupted iterations
steady   [  56% ] 004/050 VUs  2m49.0s/5m0s  1.00 iters/s

running (2m50.0s), 004/050 VUs, 166 complete and 0 interrupted iterations
steady   [  57% ] 004/050 VUs  2m50.0s/5m0s  1.00 iters/s

running (2m51.0s), 005/050 VUs, 166 complete and 0 interrupted iterations
steady   [  57% ] 005/050 VUs  2m51.0s/5m0s  1.00 iters/s

running (2m52.0s), 004/050 VUs, 168 complete and 0 interrupted iterations
steady   [  57% ] 004/050 VUs  2m52.0s/5m0s  1.00 iters/s

running (2m53.0s), 004/050 VUs, 169 complete and 0 interrupted iterations
steady   [  58% ] 004/050 VUs  2m53.0s/5m0s  1.00 iters/s

running (2m54.0s), 004/050 VUs, 170 complete and 0 interrupted iterations
steady   [  58% ] 004/050 VUs  2m54.0s/5m0s  1.00 iters/s

running (2m55.0s), 005/050 VUs, 170 complete and 0 interrupted iterations
steady   [  58% ] 005/050 VUs  2m55.0s/5m0s  1.00 iters/s

running (2m56.0s), 005/050 VUs, 171 complete and 0 interrupted iterations
steady   [  59% ] 005/050 VUs  2m56.0s/5m0s  1.00 iters/s

running (2m57.0s), 005/050 VUs, 172 complete and 0 interrupted iterations
steady   [  59% ] 005/050 VUs  2m57.0s/5m0s  1.00 iters/s

running (2m58.0s), 005/050 VUs, 173 complete and 0 interrupted iterations
steady   [  59% ] 005/050 VUs  2m58.0s/5m0s  1.00 iters/s

running (2m59.0s), 006/050 VUs, 173 complete and 0 interrupted iterations
steady   [  60% ] 006/050 VUs  2m59.0s/5m0s  1.00 iters/s

running (3m00.0s), 004/050 VUs, 176 complete and 0 interrupted iterations
steady   [  60% ] 004/050 VUs  3m00.0s/5m0s  1.00 iters/s

running (3m01.0s), 004/050 VUs, 177 complete and 0 interrupted iterations
steady   [  60% ] 004/050 VUs  3m01.0s/5m0s  1.00 iters/s

running (3m02.0s), 005/050 VUs, 177 complete and 0 interrupted iterations
steady   [  61% ] 005/050 VUs  3m02.0s/5m0s  1.00 iters/s

running (3m03.0s), 005/050 VUs, 178 complete and 0 interrupted iterations
steady   [  61% ] 005/050 VUs  3m03.0s/5m0s  1.00 iters/s

running (3m04.0s), 004/050 VUs, 180 complete and 0 interrupted iterations
steady   [  61% ] 004/050 VUs  3m04.0s/5m0s  1.00 iters/s

running (3m05.0s), 005/050 VUs, 180 complete and 0 interrupted iterations
steady   [  62% ] 005/050 VUs  3m05.0s/5m0s  1.00 iters/s

running (3m06.0s), 005/050 VUs, 181 complete and 0 interrupted iterations
steady   [  62% ] 005/050 VUs  3m06.0s/5m0s  1.00 iters/s

running (3m07.0s), 004/050 VUs, 183 complete and 0 interrupted iterations
steady   [  62% ] 004/050 VUs  3m07.0s/5m0s  1.00 iters/s

running (3m08.0s), 005/050 VUs, 183 complete and 0 interrupted iterations
steady   [  63% ] 005/050 VUs  3m08.0s/5m0s  1.00 iters/s

running (3m09.0s), 004/050 VUs, 185 complete and 0 interrupted iterations
steady   [  63% ] 004/050 VUs  3m09.0s/5m0s  1.00 iters/s

running (3m10.0s), 004/050 VUs, 186 complete and 0 interrupted iterations
steady   [  63% ] 004/050 VUs  3m10.0s/5m0s  1.00 iters/s

running (3m11.0s), 004/050 VUs, 187 complete and 0 interrupted iterations
steady   [  64% ] 004/050 VUs  3m11.0s/5m0s  1.00 iters/s

running (3m12.0s), 004/050 VUs, 188 complete and 0 interrupted iterations
steady   [  64% ] 004/050 VUs  3m12.0s/5m0s  1.00 iters/s

running (3m13.0s), 004/050 VUs, 189 complete and 0 interrupted iterations
steady   [  64% ] 004/050 VUs  3m13.0s/5m0s  1.00 iters/s

running (3m14.0s), 004/050 VUs, 190 complete and 0 interrupted iterations
steady   [  65% ] 004/050 VUs  3m14.0s/5m0s  1.00 iters/s

running (3m15.0s), 004/050 VUs, 191 complete and 0 interrupted iterations
steady   [  65% ] 004/050 VUs  3m15.0s/5m0s  1.00 iters/s

running (3m16.0s), 005/050 VUs, 191 complete and 0 interrupted iterations
steady   [  65% ] 005/050 VUs  3m16.0s/5m0s  1.00 iters/s

running (3m17.0s), 004/050 VUs, 193 complete and 0 interrupted iterations
steady   [  66% ] 004/050 VUs  3m17.0s/5m0s  1.00 iters/s

running (3m18.0s), 004/050 VUs, 194 complete and 0 interrupted iterations
steady   [  66% ] 004/050 VUs  3m18.0s/5m0s  1.00 iters/s

running (3m19.0s), 005/050 VUs, 194 complete and 0 interrupted iterations
steady   [  66% ] 005/050 VUs  3m19.0s/5m0s  1.00 iters/s

running (3m20.0s), 004/050 VUs, 196 complete and 0 interrupted iterations
steady   [  67% ] 004/050 VUs  3m20.0s/5m0s  1.00 iters/s

running (3m21.0s), 003/050 VUs, 198 complete and 0 interrupted iterations
steady   [  67% ] 003/050 VUs  3m21.0s/5m0s  1.00 iters/s

running (3m22.0s), 004/050 VUs, 198 complete and 0 interrupted iterations
steady   [  67% ] 004/050 VUs  3m22.0s/5m0s  1.00 iters/s

running (3m23.0s), 004/050 VUs, 199 complete and 0 interrupted iterations
steady   [  68% ] 004/050 VUs  3m23.0s/5m0s  1.00 iters/s

running (3m24.0s), 004/050 VUs, 200 complete and 0 interrupted iterations
steady   [  68% ] 004/050 VUs  3m24.0s/5m0s  1.00 iters/s

running (3m25.0s), 004/050 VUs, 201 complete and 0 interrupted iterations
steady   [  68% ] 004/050 VUs  3m25.0s/5m0s  1.00 iters/s

running (3m26.0s), 004/050 VUs, 202 complete and 0 interrupted iterations
steady   [  69% ] 004/050 VUs  3m26.0s/5m0s  1.00 iters/s

running (3m27.0s), 004/050 VUs, 203 complete and 0 interrupted iterations
steady   [  69% ] 004/050 VUs  3m27.0s/5m0s  1.00 iters/s

running (3m28.0s), 004/050 VUs, 204 complete and 0 interrupted iterations
steady   [  69% ] 004/050 VUs  3m28.0s/5m0s  1.00 iters/s

running (3m29.0s), 004/050 VUs, 205 complete and 0 interrupted iterations
steady   [  70% ] 004/050 VUs  3m29.0s/5m0s  1.00 iters/s

running (3m30.0s), 004/050 VUs, 206 complete and 0 interrupted iterations
steady   [  70% ] 004/050 VUs  3m30.0s/5m0s  1.00 iters/s

running (3m31.0s), 003/050 VUs, 208 complete and 0 interrupted iterations
steady   [  70% ] 003/050 VUs  3m31.0s/5m0s  1.00 iters/s

running (3m32.0s), 003/050 VUs, 209 complete and 0 interrupted iterations
steady   [  71% ] 003/050 VUs  3m32.0s/5m0s  1.00 iters/s

running (3m33.0s), 004/050 VUs, 209 complete and 0 interrupted iterations
steady   [  71% ] 004/050 VUs  3m33.0s/5m0s  1.00 iters/s

running (3m34.0s), 004/050 VUs, 210 complete and 0 interrupted iterations
steady   [  71% ] 004/050 VUs  3m34.0s/5m0s  1.00 iters/s

running (3m35.0s), 004/050 VUs, 211 complete and 0 interrupted iterations
steady   [  72% ] 004/050 VUs  3m35.0s/5m0s  1.00 iters/s

running (3m36.0s), 005/050 VUs, 211 complete and 0 interrupted iterations
steady   [  72% ] 005/050 VUs  3m36.0s/5m0s  1.00 iters/s

running (3m37.0s), 004/050 VUs, 213 complete and 0 interrupted iterations
steady   [  72% ] 004/050 VUs  3m37.0s/5m0s  1.00 iters/s

running (3m38.0s), 003/050 VUs, 215 complete and 0 interrupted iterations
steady   [  73% ] 003/050 VUs  3m38.0s/5m0s  1.00 iters/s

running (3m39.0s), 003/050 VUs, 216 complete and 0 interrupted iterations
steady   [  73% ] 003/050 VUs  3m39.0s/5m0s  1.00 iters/s

running (3m40.0s), 004/050 VUs, 216 complete and 0 interrupted iterations
steady   [  73% ] 004/050 VUs  3m40.0s/5m0s  1.00 iters/s

running (3m41.0s), 005/050 VUs, 216 complete and 0 interrupted iterations
steady   [  74% ] 005/050 VUs  3m41.0s/5m0s  1.00 iters/s

running (3m42.0s), 004/050 VUs, 218 complete and 0 interrupted iterations
steady   [  74% ] 004/050 VUs  3m42.0s/5m0s  1.00 iters/s

running (3m43.0s), 003/050 VUs, 220 complete and 0 interrupted iterations
steady   [  74% ] 003/050 VUs  3m43.0s/5m0s  1.00 iters/s

running (3m44.0s), 004/050 VUs, 220 complete and 0 interrupted iterations
steady   [  75% ] 004/050 VUs  3m44.0s/5m0s  1.00 iters/s

running (3m45.0s), 004/050 VUs, 221 complete and 0 interrupted iterations
steady   [  75% ] 004/050 VUs  3m45.0s/5m0s  1.00 iters/s

running (3m46.0s), 005/050 VUs, 221 complete and 0 interrupted iterations
steady   [  75% ] 005/050 VUs  3m46.0s/5m0s  1.00 iters/s

running (3m47.0s), 004/050 VUs, 223 complete and 0 interrupted iterations
steady   [  76% ] 004/050 VUs  3m47.0s/5m0s  1.00 iters/s

running (3m48.0s), 003/050 VUs, 225 complete and 0 interrupted iterations
steady   [  76% ] 003/050 VUs  3m48.0s/5m0s  1.00 iters/s

running (3m49.0s), 003/050 VUs, 226 complete and 0 interrupted iterations
steady   [  76% ] 003/050 VUs  3m49.0s/5m0s  1.00 iters/s

running (3m50.0s), 004/050 VUs, 226 complete and 0 interrupted iterations
steady   [  77% ] 004/050 VUs  3m50.0s/5m0s  1.00 iters/s

running (3m51.0s), 003/050 VUs, 228 complete and 0 interrupted iterations
steady   [  77% ] 003/050 VUs  3m51.0s/5m0s  1.00 iters/s

running (3m52.0s), 004/050 VUs, 228 complete and 0 interrupted iterations
steady   [  77% ] 004/050 VUs  3m52.0s/5m0s  1.00 iters/s

running (3m53.0s), 005/050 VUs, 228 complete and 0 interrupted iterations
steady   [  78% ] 005/050 VUs  3m53.0s/5m0s  1.00 iters/s

running (3m54.0s), 003/050 VUs, 231 complete and 0 interrupted iterations
steady   [  78% ] 003/050 VUs  3m54.0s/5m0s  1.00 iters/s

running (3m55.0s), 004/050 VUs, 231 complete and 0 interrupted iterations
steady   [  78% ] 004/050 VUs  3m55.0s/5m0s  1.00 iters/s

running (3m56.0s), 004/050 VUs, 232 complete and 0 interrupted iterations
steady   [  79% ] 004/050 VUs  3m56.0s/5m0s  1.00 iters/s

running (3m57.0s), 005/050 VUs, 232 complete and 0 interrupted iterations
steady   [  79% ] 005/050 VUs  3m57.0s/5m0s  1.00 iters/s

running (3m58.0s), 005/050 VUs, 233 complete and 0 interrupted iterations
steady   [  79% ] 005/050 VUs  3m58.0s/5m0s  1.00 iters/s

running (3m59.0s), 005/050 VUs, 234 complete and 0 interrupted iterations
steady   [  80% ] 005/050 VUs  3m59.0s/5m0s  1.00 iters/s

running (4m00.0s), 005/050 VUs, 235 complete and 0 interrupted iterations
steady   [  80% ] 005/050 VUs  4m00.0s/5m0s  1.00 iters/s

running (4m01.0s), 004/050 VUs, 237 complete and 0 interrupted iterations
steady   [  80% ] 004/050 VUs  4m01.0s/5m0s  1.00 iters/s

running (4m02.0s), 004/050 VUs, 238 complete and 0 interrupted iterations
steady   [  81% ] 004/050 VUs  4m02.0s/5m0s  1.00 iters/s

running (4m03.0s), 005/050 VUs, 238 complete and 0 interrupted iterations
steady   [  81% ] 005/050 VUs  4m03.0s/5m0s  1.00 iters/s

running (4m04.0s), 005/050 VUs, 239 complete and 0 interrupted iterations
steady   [  81% ] 005/050 VUs  4m04.0s/5m0s  1.00 iters/s

running (4m05.0s), 004/050 VUs, 241 complete and 0 interrupted iterations
steady   [  82% ] 004/050 VUs  4m05.0s/5m0s  1.00 iters/s

running (4m06.0s), 004/050 VUs, 242 complete and 0 interrupted iterations
steady   [  82% ] 004/050 VUs  4m06.0s/5m0s  1.00 iters/s

running (4m07.0s), 005/050 VUs, 242 complete and 0 interrupted iterations
steady   [  82% ] 005/050 VUs  4m07.0s/5m0s  1.00 iters/s

running (4m08.0s), 004/050 VUs, 244 complete and 0 interrupted iterations
steady   [  83% ] 004/050 VUs  4m08.0s/5m0s  1.00 iters/s

running (4m09.0s), 004/050 VUs, 245 complete and 0 interrupted iterations
steady   [  83% ] 004/050 VUs  4m09.0s/5m0s  1.00 iters/s

running (4m10.0s), 005/050 VUs, 245 complete and 0 interrupted iterations
steady   [  83% ] 005/050 VUs  4m10.0s/5m0s  1.00 iters/s

running (4m11.0s), 003/050 VUs, 248 complete and 0 interrupted iterations
steady   [  84% ] 003/050 VUs  4m11.0s/5m0s  1.00 iters/s

running (4m12.0s), 003/050 VUs, 249 complete and 0 interrupted iterations
steady   [  84% ] 003/050 VUs  4m12.0s/5m0s  1.00 iters/s

running (4m13.0s), 004/050 VUs, 249 complete and 0 interrupted iterations
steady   [  84% ] 004/050 VUs  4m13.0s/5m0s  1.00 iters/s

running (4m14.0s), 004/050 VUs, 250 complete and 0 interrupted iterations
steady   [  85% ] 004/050 VUs  4m14.0s/5m0s  1.00 iters/s

running (4m15.0s), 004/050 VUs, 251 complete and 0 interrupted iterations
steady   [  85% ] 004/050 VUs  4m15.0s/5m0s  1.00 iters/s

running (4m16.0s), 004/050 VUs, 252 complete and 0 interrupted iterations
steady   [  85% ] 004/050 VUs  4m16.0s/5m0s  1.00 iters/s

running (4m17.0s), 003/050 VUs, 254 complete and 0 interrupted iterations
steady   [  86% ] 003/050 VUs  4m17.0s/5m0s  1.00 iters/s

running (4m18.0s), 003/050 VUs, 255 complete and 0 interrupted iterations
steady   [  86% ] 003/050 VUs  4m18.0s/5m0s  1.00 iters/s

running (4m19.0s), 003/050 VUs, 256 complete and 0 interrupted iterations
steady   [  86% ] 003/050 VUs  4m19.0s/5m0s  1.00 iters/s

running (4m20.0s), 004/050 VUs, 256 complete and 0 interrupted iterations
steady   [  87% ] 004/050 VUs  4m20.0s/5m0s  1.00 iters/s

running (4m21.0s), 004/050 VUs, 257 complete and 0 interrupted iterations
steady   [  87% ] 004/050 VUs  4m21.0s/5m0s  1.00 iters/s

running (4m22.0s), 005/050 VUs, 257 complete and 0 interrupted iterations
steady   [  87% ] 005/050 VUs  4m22.0s/5m0s  1.00 iters/s

running (4m23.0s), 004/050 VUs, 259 complete and 0 interrupted iterations
steady   [  88% ] 004/050 VUs  4m23.0s/5m0s  1.00 iters/s

running (4m24.0s), 004/050 VUs, 260 complete and 0 interrupted iterations
steady   [  88% ] 004/050 VUs  4m24.0s/5m0s  1.00 iters/s

running (4m25.0s), 004/050 VUs, 261 complete and 0 interrupted iterations
steady   [  88% ] 004/050 VUs  4m25.0s/5m0s  1.00 iters/s

running (4m26.0s), 004/050 VUs, 262 complete and 0 interrupted iterations
steady   [  89% ] 004/050 VUs  4m26.0s/5m0s  1.00 iters/s

running (4m27.0s), 005/050 VUs, 262 complete and 0 interrupted iterations
steady   [  89% ] 005/050 VUs  4m27.0s/5m0s  1.00 iters/s

running (4m28.0s), 004/050 VUs, 264 complete and 0 interrupted iterations
steady   [  89% ] 004/050 VUs  4m28.0s/5m0s  1.00 iters/s

running (4m29.0s), 004/050 VUs, 265 complete and 0 interrupted iterations
steady   [  90% ] 004/050 VUs  4m29.0s/5m0s  1.00 iters/s

running (4m30.0s), 004/050 VUs, 266 complete and 0 interrupted iterations
steady   [  90% ] 004/050 VUs  4m30.0s/5m0s  1.00 iters/s

running (4m31.0s), 005/050 VUs, 266 complete and 0 interrupted iterations
steady   [  90% ] 005/050 VUs  4m31.0s/5m0s  1.00 iters/s

running (4m32.0s), 004/050 VUs, 268 complete and 0 interrupted iterations
steady   [  91% ] 004/050 VUs  4m32.0s/5m0s  1.00 iters/s

running (4m33.0s), 004/050 VUs, 269 complete and 0 interrupted iterations
steady   [  91% ] 004/050 VUs  4m33.0s/5m0s  1.00 iters/s

running (4m34.0s), 004/050 VUs, 270 complete and 0 interrupted iterations
steady   [  91% ] 004/050 VUs  4m34.0s/5m0s  1.00 iters/s

running (4m35.0s), 004/050 VUs, 271 complete and 0 interrupted iterations
steady   [  92% ] 004/050 VUs  4m35.0s/5m0s  1.00 iters/s

running (4m36.0s), 004/050 VUs, 272 complete and 0 interrupted iterations
steady   [  92% ] 004/050 VUs  4m36.0s/5m0s  1.00 iters/s

running (4m37.0s), 004/050 VUs, 273 complete and 0 interrupted iterations
steady   [  92% ] 004/050 VUs  4m37.0s/5m0s  1.00 iters/s

running (4m38.0s), 005/050 VUs, 273 complete and 0 interrupted iterations
steady   [  93% ] 005/050 VUs  4m38.0s/5m0s  1.00 iters/s

running (4m39.0s), 004/050 VUs, 275 complete and 0 interrupted iterations
steady   [  93% ] 004/050 VUs  4m39.0s/5m0s  1.00 iters/s

running (4m40.0s), 004/050 VUs, 276 complete and 0 interrupted iterations
steady   [  93% ] 004/050 VUs  4m40.0s/5m0s  1.00 iters/s

running (4m41.0s), 005/050 VUs, 276 complete and 0 interrupted iterations
steady   [  94% ] 005/050 VUs  4m41.0s/5m0s  1.00 iters/s

running (4m42.0s), 004/050 VUs, 278 complete and 0 interrupted iterations
steady   [  94% ] 004/050 VUs  4m42.0s/5m0s  1.00 iters/s

running (4m43.0s), 004/050 VUs, 279 complete and 0 interrupted iterations
steady   [  94% ] 004/050 VUs  4m43.0s/5m0s  1.00 iters/s

running (4m44.0s), 004/050 VUs, 280 complete and 0 interrupted iterations
steady   [  95% ] 004/050 VUs  4m44.0s/5m0s  1.00 iters/s

running (4m45.0s), 004/050 VUs, 281 complete and 0 interrupted iterations
steady   [  95% ] 004/050 VUs  4m45.0s/5m0s  1.00 iters/s

running (4m46.0s), 004/050 VUs, 282 complete and 0 interrupted iterations
steady   [  95% ] 004/050 VUs  4m46.0s/5m0s  1.00 iters/s

running (4m47.0s), 004/050 VUs, 283 complete and 0 interrupted iterations
steady   [  96% ] 004/050 VUs  4m47.0s/5m0s  1.00 iters/s

running (4m48.0s), 004/050 VUs, 284 complete and 0 interrupted iterations
steady   [  96% ] 004/050 VUs  4m48.0s/5m0s  1.00 iters/s

running (4m49.0s), 003/050 VUs, 286 complete and 0 interrupted iterations
steady   [  96% ] 003/050 VUs  4m49.0s/5m0s  1.00 iters/s

running (4m50.0s), 004/050 VUs, 286 complete and 0 interrupted iterations
steady   [  97% ] 004/050 VUs  4m50.0s/5m0s  1.00 iters/s

running (4m51.0s), 004/050 VUs, 287 complete and 0 interrupted iterations
steady   [  97% ] 004/050 VUs  4m51.0s/5m0s  1.00 iters/s

running (4m52.0s), 004/050 VUs, 288 complete and 0 interrupted iterations
steady   [  97% ] 004/050 VUs  4m52.0s/5m0s  1.00 iters/s

running (4m53.0s), 004/050 VUs, 289 complete and 0 interrupted iterations
steady   [  98% ] 004/050 VUs  4m53.0s/5m0s  1.00 iters/s

running (4m54.0s), 005/050 VUs, 289 complete and 0 interrupted iterations
steady   [  98% ] 005/050 VUs  4m54.0s/5m0s  1.00 iters/s

running (4m55.0s), 005/050 VUs, 290 complete and 0 interrupted iterations
steady   [  98% ] 005/050 VUs  4m55.0s/5m0s  1.00 iters/s

running (4m56.0s), 005/050 VUs, 291 complete and 0 interrupted iterations
steady   [  99% ] 005/050 VUs  4m56.0s/5m0s  1.00 iters/s

running (4m57.0s), 004/050 VUs, 293 complete and 0 interrupted iterations
steady   [  99% ] 004/050 VUs  4m57.0s/5m0s  1.00 iters/s

running (4m58.0s), 004/050 VUs, 294 complete and 0 interrupted iterations
steady   [  99% ] 004/050 VUs  4m58.0s/5m0s  1.00 iters/s

running (4m59.0s), 004/050 VUs, 295 complete and 0 interrupted iterations
steady   [ 100% ] 004/050 VUs  4m59.0s/5m0s  1.00 iters/s

running (5m00.0s), 005/050 VUs, 295 complete and 0 interrupted iterations
steady   [ 100% ] 005/050 VUs  5m00.0s/5m0s  1.00 iters/s

running (5m01.0s), 005/050 VUs, 296 complete and 0 interrupted iterations
steady ↓ [ 100% ] 005/050 VUs  5m0s  1.00 iters/s

running (5m02.0s), 003/050 VUs, 298 complete and 0 interrupted iterations
steady ↓ [ 100% ] 005/050 VUs  5m0s  1.00 iters/s

running (5m03.0s), 002/050 VUs, 299 complete and 0 interrupted iterations
steady ↓ [ 100% ] 005/050 VUs  5m0s  1.00 iters/s

running (5m04.0s), 001/050 VUs, 300 complete and 0 interrupted iterations
steady ↓ [ 100% ] 005/050 VUs  5m0s  1.00 iters/s

running (5m05.0s), 001/050 VUs, 300 complete and 0 interrupted iterations
steady ↓ [ 100% ] 005/050 VUs  5m0s  1.00 iters/s

================ DSP benchmark summary ================
-- per-phase latency --
  catalog                    p50=92.2 ms  p95=159.4 ms  p99=180.6 ms  max=230.5 ms  n=301
  negotiation init (POST)    p50=7.4 ms  p95=101.8 ms  p99=115.1 ms  max=192.4 ms  n=301
  time-to-AGREED (async)     p50=2571.0 ms  p95=3557.0 ms  p99=3848.0 ms  max=4575.0 ms  n=301
  transfer init (POST)       p50=46.1 ms  p95=101.4 ms  p99=110.5 ms  max=163.4 ms  n=301
  time-to-EDR (async)        p50=1782.0 ms  p95=2540.0 ms  p99=2798.0 ms  max=3047.0 ms  n=301
  data pull                  p50=29.6 ms  p95=33.8 ms  p99=52.7 ms  max=54.1 ms  n=301
-- end-to-end + throughput --
  e2e transaction            p50=4708.0 ms  p95=5821.0 ms  p99=6231.0 ms  max=6318.0 ms  n=301
  data throughput (MB/s)     p50=0.2  p95=0.2  p99=0.2  max=0.2  n=301
-- outcomes --
  transactions succeeded     count=301  rate=0.986/s
  transactions failed        (no data)
  failed rate                rate=0.00%  (pass=0 fail=301)
    of which TERMINATED      (no data)
    of which TIMED OUT       (no data)
    of which HTTP-FAILED     (no data)
  failure accounting       (no failures)
-- observer effect (poll load) --
  negotiation polls          count=3452  rate=11.313/s
  edr polls                  count=2456  rate=8.049/s
  polls per transaction     negotiation=11.5  edr=8.2  (timeout ceiling=120)
=======================================================
(full summary -> /home/rohitj/edc/benchmarking-factoryx-edc/resources/local-fx-mvd/k6-scripts/results/factoryx/on/steady/2026-08-10T10-18-39Z/k6-summary.json; POLL_INTERVAL_MS=250; IDENTITY_MODE=on)

running (5m05.1s), 000/050 VUs, 301 complete and 0 interrupted iterations
steady ✓ [ 100% ] 000/050 VUs  5m0s  1.00 iters/s
Prometheus snapshot [1786357202..1786357522] svc=(provider-controlplane|provider-dataplane|consumer-controlplane|consumer-dataplane) win=1m -> /home/rohitj/edc/benchmarking-factoryx-edc/resources/local-fx-mvd/k6-scripts/results/factoryx/on/steady/2026-08-10T10-18-39Z
  jvm-heap.csv (260 rows)
  jvm-gc-rate.csv (260 rows)
  jvm-threads.csv (260 rows)
  http-throughput.csv (260 rows)
  http-p95.csv (260 rows)
  http-errors.csv (130 rows)
  http-errors-5xx.csv (0 rows)
  http-status.csv (130 rows)
  host-cpu-busy.csv (65 rows)
  host-mem-used.csv (65 rows)
  5xx: no 5xx in window (confirmed: http-status has 130 samples, so the status label IS scraped)
  logs -> /home/rohitj/edc/benchmarking-factoryx-edc/resources/local-fx-mvd/k6-scripts/results/factoryx/on/steady/2026-08-10T10-18-39Z/logs (4 files)
    consumer-controlplane.log:0
    consumer-dataplane.log:0
    provider-controlplane.log:0
    provider-dataplane.log:0
VALIDITY  ok=301  failed=0  failed_rate=0%  dropped_iterations=0
>>> done: /home/rohitj/edc/benchmarking-factoryx-edc/resources/local-fx-mvd/k6-scripts/results/factoryx/on/steady/2026-08-10T10-18-39Z  (k6 exit 0)
===== repetition 2/5 =====
----- factoryx / steady (rep 2) -----
>>> factoryx / steady  ->  /home/rohitj/edc/benchmarking-factoryx-edc/resources/local-fx-mvd/k6-scripts/results/factoryx/on/steady/2026-08-10T10-25-23Z
parity OK: lib/ + scenarios/ + orchestration/ + tools/ identical to /home/rohitj/edc/benchmarking-factoryx-edc/resources/local-fx-mvd/k6-scripts
Health: http://localhost:29010/management + prometheus  OK
Warmup 60s @ 1/s (discarded)
  draining 20s before the measured window opens
k6 -> Prometheus remote-write: http://localhost:9090/api/v1/write

         /\      Grafana   /‾‾/  
    /\  /  \     |\  __   /  /   
   /  \/    \    | |/ /  /   ‾‾\ 
  /          \   |   (  |  (‾)  |
 / __________ \  |_|\_\  \_____/ 


     execution: local
        script: /home/rohitj/edc/benchmarking-factoryx-edc/resources/local-fx-mvd/k6-scripts/scenarios/steady.js
        output: Prometheus remote write (http://localhost:9090/api/v1/write)

     scenarios: (100.00%) 1 scenario, 200 max VUs, 5m30s max duration (incl. graceful stop):
              * steady: 1.00 iterations/s for 5m0s (maxVUs: 50-200, gracefulStop: 30s)


running (0m01.0s), 001/050 VUs, 0 complete and 0 interrupted iterations
steady   [   0% ] 001/050 VUs  0m01.0s/5m0s  1.00 iters/s

running (0m02.0s), 002/050 VUs, 0 complete and 0 interrupted iterations
steady   [   1% ] 002/050 VUs  0m02.0s/5m0s  1.00 iters/s

running (0m03.0s), 003/050 VUs, 0 complete and 0 interrupted iterations
steady   [   1% ] 003/050 VUs  0m03.0s/5m0s  1.00 iters/s

running (0m04.0s), 004/050 VUs, 0 complete and 0 interrupted iterations
steady   [   1% ] 004/050 VUs  0m04.0s/5m0s  1.00 iters/s

running (0m05.0s), 005/050 VUs, 0 complete and 0 interrupted iterations
steady   [   2% ] 005/050 VUs  0m05.0s/5m0s  1.00 iters/s

running (0m06.0s), 003/050 VUs, 3 complete and 0 interrupted iterations
steady   [   2% ] 003/050 VUs  0m06.0s/5m0s  1.00 iters/s

running (0m07.0s), 004/050 VUs, 3 complete and 0 interrupted iterations
steady   [   2% ] 004/050 VUs  0m07.0s/5m0s  1.00 iters/s

running (0m08.0s), 004/050 VUs, 4 complete and 0 interrupted iterations
steady   [   3% ] 004/050 VUs  0m08.0s/5m0s  1.00 iters/s

running (0m09.0s), 004/050 VUs, 5 complete and 0 interrupted iterations
steady   [   3% ] 004/050 VUs  0m09.0s/5m0s  1.00 iters/s

running (0m10.0s), 004/050 VUs, 6 complete and 0 interrupted iterations
steady   [   3% ] 004/050 VUs  0m10.0s/5m0s  1.00 iters/s

running (0m11.0s), 004/050 VUs, 7 complete and 0 interrupted iterations
steady   [   4% ] 004/050 VUs  0m11.0s/5m0s  1.00 iters/s

running (0m12.0s), 004/050 VUs, 8 complete and 0 interrupted iterations
steady   [   4% ] 004/050 VUs  0m12.0s/5m0s  1.00 iters/s

running (0m13.0s), 004/050 VUs, 9 complete and 0 interrupted iterations
steady   [   4% ] 004/050 VUs  0m13.0s/5m0s  1.00 iters/s

running (0m14.0s), 004/050 VUs, 10 complete and 0 interrupted iterations
steady   [   5% ] 004/050 VUs  0m14.0s/5m0s  1.00 iters/s

running (0m15.0s), 005/050 VUs, 10 complete and 0 interrupted iterations
steady   [   5% ] 005/050 VUs  0m15.0s/5m0s  1.00 iters/s

running (0m16.0s), 006/050 VUs, 10 complete and 0 interrupted iterations
steady   [   5% ] 006/050 VUs  0m16.0s/5m0s  1.00 iters/s

running (0m17.0s), 005/050 VUs, 12 complete and 0 interrupted iterations
steady   [   6% ] 005/050 VUs  0m17.0s/5m0s  1.00 iters/s

running (0m18.0s), 005/050 VUs, 13 complete and 0 interrupted iterations
steady   [   6% ] 005/050 VUs  0m18.0s/5m0s  1.00 iters/s

running (0m19.0s), 006/050 VUs, 13 complete and 0 interrupted iterations
steady   [   6% ] 006/050 VUs  0m19.0s/5m0s  1.00 iters/s

running (0m20.0s), 004/050 VUs, 16 complete and 0 interrupted iterations
steady   [   7% ] 004/050 VUs  0m20.0s/5m0s  1.00 iters/s

running (0m21.0s), 004/050 VUs, 17 complete and 0 interrupted iterations
steady   [   7% ] 004/050 VUs  0m21.0s/5m0s  1.00 iters/s

running (0m22.0s), 004/050 VUs, 18 complete and 0 interrupted iterations
steady   [   7% ] 004/050 VUs  0m22.0s/5m0s  1.00 iters/s

running (0m23.0s), 005/050 VUs, 18 complete and 0 interrupted iterations
steady   [   8% ] 005/050 VUs  0m23.0s/5m0s  1.00 iters/s

running (0m24.0s), 004/050 VUs, 20 complete and 0 interrupted iterations
steady   [   8% ] 004/050 VUs  0m24.0s/5m0s  1.00 iters/s

running (0m25.0s), 005/050 VUs, 20 complete and 0 interrupted iterations
steady   [   8% ] 005/050 VUs  0m25.0s/5m0s  1.00 iters/s

running (0m26.0s), 004/050 VUs, 22 complete and 0 interrupted iterations
steady   [   9% ] 004/050 VUs  0m26.0s/5m0s  1.00 iters/s

running (0m27.0s), 004/050 VUs, 23 complete and 0 interrupted iterations
steady   [   9% ] 004/050 VUs  0m27.0s/5m0s  1.00 iters/s

running (0m28.0s), 005/050 VUs, 23 complete and 0 interrupted iterations
steady   [   9% ] 005/050 VUs  0m28.0s/5m0s  1.00 iters/s

running (0m29.0s), 005/050 VUs, 24 complete and 0 interrupted iterations
steady   [  10% ] 005/050 VUs  0m29.0s/5m0s  1.00 iters/s

running (0m30.0s), 004/050 VUs, 26 complete and 0 interrupted iterations
steady   [  10% ] 004/050 VUs  0m30.0s/5m0s  1.00 iters/s

running (0m31.0s), 004/050 VUs, 27 complete and 0 interrupted iterations
steady   [  10% ] 004/050 VUs  0m31.0s/5m0s  1.00 iters/s

running (0m32.0s), 004/050 VUs, 28 complete and 0 interrupted iterations
steady   [  11% ] 004/050 VUs  0m32.0s/5m0s  1.00 iters/s

running (0m33.0s), 004/050 VUs, 29 complete and 0 interrupted iterations
steady   [  11% ] 004/050 VUs  0m33.0s/5m0s  1.00 iters/s

running (0m34.0s), 004/050 VUs, 30 complete and 0 interrupted iterations
steady   [  11% ] 004/050 VUs  0m34.0s/5m0s  1.00 iters/s

running (0m35.0s), 005/050 VUs, 30 complete and 0 interrupted iterations
steady   [  12% ] 005/050 VUs  0m35.0s/5m0s  1.00 iters/s

running (0m36.0s), 004/050 VUs, 32 complete and 0 interrupted iterations
steady   [  12% ] 004/050 VUs  0m36.0s/5m0s  1.00 iters/s

running (0m37.0s), 004/050 VUs, 33 complete and 0 interrupted iterations
steady   [  12% ] 004/050 VUs  0m37.0s/5m0s  1.00 iters/s

running (0m38.0s), 004/050 VUs, 34 complete and 0 interrupted iterations
steady   [  13% ] 004/050 VUs  0m38.0s/5m0s  1.00 iters/s

running (0m39.0s), 005/050 VUs, 34 complete and 0 interrupted iterations
steady   [  13% ] 005/050 VUs  0m39.0s/5m0s  1.00 iters/s

running (0m40.0s), 005/050 VUs, 35 complete and 0 interrupted iterations
steady   [  13% ] 005/050 VUs  0m40.0s/5m0s  1.00 iters/s

running (0m41.0s), 005/050 VUs, 36 complete and 0 interrupted iterations
steady   [  14% ] 005/050 VUs  0m41.0s/5m0s  1.00 iters/s

running (0m42.0s), 004/050 VUs, 38 complete and 0 interrupted iterations
steady   [  14% ] 004/050 VUs  0m42.0s/5m0s  1.00 iters/s

running (0m43.0s), 004/050 VUs, 39 complete and 0 interrupted iterations
steady   [  14% ] 004/050 VUs  0m43.0s/5m0s  1.00 iters/s

running (0m44.0s), 004/050 VUs, 40 complete and 0 interrupted iterations
steady   [  15% ] 004/050 VUs  0m44.0s/5m0s  1.00 iters/s

running (0m45.0s), 004/050 VUs, 41 complete and 0 interrupted iterations
steady   [  15% ] 004/050 VUs  0m45.0s/5m0s  1.00 iters/s

running (0m46.0s), 005/050 VUs, 41 complete and 0 interrupted iterations
steady   [  15% ] 005/050 VUs  0m46.0s/5m0s  1.00 iters/s

running (0m47.0s), 004/050 VUs, 43 complete and 0 interrupted iterations
steady   [  16% ] 004/050 VUs  0m47.0s/5m0s  1.00 iters/s

running (0m48.0s), 004/050 VUs, 44 complete and 0 interrupted iterations
steady   [  16% ] 004/050 VUs  0m48.0s/5m0s  1.00 iters/s

running (0m49.0s), 004/050 VUs, 45 complete and 0 interrupted iterations
steady   [  16% ] 004/050 VUs  0m49.0s/5m0s  1.00 iters/s

running (0m50.0s), 005/050 VUs, 45 complete and 0 interrupted iterations
steady   [  17% ] 005/050 VUs  0m50.0s/5m0s  1.00 iters/s

running (0m51.0s), 005/050 VUs, 46 complete and 0 interrupted iterations
steady   [  17% ] 005/050 VUs  0m51.0s/5m0s  1.00 iters/s

running (0m52.0s), 004/050 VUs, 48 complete and 0 interrupted iterations
steady   [  17% ] 004/050 VUs  0m52.0s/5m0s  1.00 iters/s

running (0m53.0s), 004/050 VUs, 49 complete and 0 interrupted iterations
steady   [  18% ] 004/050 VUs  0m53.0s/5m0s  1.00 iters/s

running (0m54.0s), 005/050 VUs, 49 complete and 0 interrupted iterations
steady   [  18% ] 005/050 VUs  0m54.0s/5m0s  1.00 iters/s

running (0m55.0s), 005/050 VUs, 50 complete and 0 interrupted iterations
steady   [  18% ] 005/050 VUs  0m55.0s/5m0s  1.00 iters/s

running (0m56.0s), 004/050 VUs, 52 complete and 0 interrupted iterations
steady   [  19% ] 004/050 VUs  0m56.0s/5m0s  1.00 iters/s

running (0m57.0s), 005/050 VUs, 52 complete and 0 interrupted iterations
steady   [  19% ] 005/050 VUs  0m57.0s/5m0s  1.00 iters/s

running (0m58.0s), 004/050 VUs, 54 complete and 0 interrupted iterations
steady   [  19% ] 004/050 VUs  0m58.0s/5m0s  1.00 iters/s

running (0m59.0s), 004/050 VUs, 55 complete and 0 interrupted iterations
steady   [  20% ] 004/050 VUs  0m59.0s/5m0s  1.00 iters/s

running (1m00.0s), 005/050 VUs, 55 complete and 0 interrupted iterations
steady   [  20% ] 005/050 VUs  1m00.0s/5m0s  1.00 iters/s

running (1m01.0s), 005/050 VUs, 56 complete and 0 interrupted iterations
steady   [  20% ] 005/050 VUs  1m01.0s/5m0s  1.00 iters/s

running (1m02.0s), 005/050 VUs, 57 complete and 0 interrupted iterations
steady   [  21% ] 005/050 VUs  1m02.0s/5m0s  1.00 iters/s

running (1m03.0s), 005/050 VUs, 58 complete and 0 interrupted iterations
steady   [  21% ] 005/050 VUs  1m03.0s/5m0s  1.00 iters/s

running (1m04.0s), 005/050 VUs, 59 complete and 0 interrupted iterations
steady   [  21% ] 005/050 VUs  1m04.0s/5m0s  1.00 iters/s

running (1m05.0s), 004/050 VUs, 61 complete and 0 interrupted iterations
steady   [  22% ] 004/050 VUs  1m05.0s/5m0s  1.00 iters/s

running (1m06.0s), 004/050 VUs, 62 complete and 0 interrupted iterations
steady   [  22% ] 004/050 VUs  1m06.0s/5m0s  1.00 iters/s

running (1m07.0s), 005/050 VUs, 62 complete and 0 interrupted iterations
steady   [  22% ] 005/050 VUs  1m07.0s/5m0s  1.00 iters/s

running (1m08.0s), 005/050 VUs, 63 complete and 0 interrupted iterations
steady   [  23% ] 005/050 VUs  1m08.0s/5m0s  1.00 iters/s

running (1m09.0s), 006/050 VUs, 63 complete and 0 interrupted iterations
steady   [  23% ] 006/050 VUs  1m09.0s/5m0s  1.00 iters/s

running (1m10.0s), 003/050 VUs, 67 complete and 0 interrupted iterations
steady   [  23% ] 003/050 VUs  1m10.0s/5m0s  1.00 iters/s

running (1m11.0s), 003/050 VUs, 68 complete and 0 interrupted iterations
steady   [  24% ] 003/050 VUs  1m11.0s/5m0s  1.00 iters/s

running (1m12.0s), 004/050 VUs, 68 complete and 0 interrupted iterations
steady   [  24% ] 004/050 VUs  1m12.0s/5m0s  1.00 iters/s

running (1m13.0s), 004/050 VUs, 69 complete and 0 interrupted iterations
steady   [  24% ] 004/050 VUs  1m13.0s/5m0s  1.00 iters/s

running (1m14.0s), 003/050 VUs, 71 complete and 0 interrupted iterations
steady   [  25% ] 003/050 VUs  1m14.0s/5m0s  1.00 iters/s

running (1m15.0s), 004/050 VUs, 71 complete and 0 interrupted iterations
steady   [  25% ] 004/050 VUs  1m15.0s/5m0s  1.00 iters/s

running (1m16.0s), 004/050 VUs, 72 complete and 0 interrupted iterations
steady   [  25% ] 004/050 VUs  1m16.0s/5m0s  1.00 iters/s

running (1m17.0s), 005/050 VUs, 72 complete and 0 interrupted iterations
steady   [  26% ] 005/050 VUs  1m17.0s/5m0s  1.00 iters/s

running (1m18.0s), 004/050 VUs, 74 complete and 0 interrupted iterations
steady   [  26% ] 004/050 VUs  1m18.0s/5m0s  1.00 iters/s

running (1m19.0s), 004/050 VUs, 75 complete and 0 interrupted iterations
steady   [  26% ] 004/050 VUs  1m19.0s/5m0s  1.00 iters/s

running (1m20.0s), 005/050 VUs, 75 complete and 0 interrupted iterations
steady   [  27% ] 005/050 VUs  1m20.0s/5m0s  1.00 iters/s

running (1m21.0s), 004/050 VUs, 77 complete and 0 interrupted iterations
steady   [  27% ] 004/050 VUs  1m21.0s/5m0s  1.00 iters/s

running (1m22.0s), 005/050 VUs, 77 complete and 0 interrupted iterations
steady   [  27% ] 005/050 VUs  1m22.0s/5m0s  1.00 iters/s

running (1m23.0s), 003/050 VUs, 80 complete and 0 interrupted iterations
steady   [  28% ] 003/050 VUs  1m23.0s/5m0s  1.00 iters/s

running (1m24.0s), 004/050 VUs, 80 complete and 0 interrupted iterations
steady   [  28% ] 004/050 VUs  1m24.0s/5m0s  1.00 iters/s

running (1m25.0s), 004/050 VUs, 81 complete and 0 interrupted iterations
steady   [  28% ] 004/050 VUs  1m25.0s/5m0s  1.00 iters/s

running (1m26.0s), 003/050 VUs, 83 complete and 0 interrupted iterations
steady   [  29% ] 003/050 VUs  1m26.0s/5m0s  1.00 iters/s

running (1m27.0s), 003/050 VUs, 84 complete and 0 interrupted iterations
steady   [  29% ] 003/050 VUs  1m27.0s/5m0s  1.00 iters/s

running (1m28.0s), 004/050 VUs, 84 complete and 0 interrupted iterations
steady   [  29% ] 004/050 VUs  1m28.0s/5m0s  1.00 iters/s

running (1m29.0s), 004/050 VUs, 85 complete and 0 interrupted iterations
steady   [  30% ] 004/050 VUs  1m29.0s/5m0s  1.00 iters/s

running (1m30.0s), 004/050 VUs, 86 complete and 0 interrupted iterations
steady   [  30% ] 004/050 VUs  1m30.0s/5m0s  1.00 iters/s

running (1m31.0s), 005/050 VUs, 86 complete and 0 interrupted iterations
steady   [  30% ] 005/050 VUs  1m31.0s/5m0s  1.00 iters/s

running (1m32.0s), 005/050 VUs, 87 complete and 0 interrupted iterations
steady   [  31% ] 005/050 VUs  1m32.0s/5m0s  1.00 iters/s

running (1m33.0s), 004/050 VUs, 89 complete and 0 interrupted iterations
steady   [  31% ] 004/050 VUs  1m33.0s/5m0s  1.00 iters/s

running (1m34.0s), 004/050 VUs, 90 complete and 0 interrupted iterations
steady   [  31% ] 004/050 VUs  1m34.0s/5m0s  1.00 iters/s

running (1m35.0s), 005/050 VUs, 90 complete and 0 interrupted iterations
steady   [  32% ] 005/050 VUs  1m35.0s/5m0s  1.00 iters/s

running (1m36.0s), 005/050 VUs, 91 complete and 0 interrupted iterations
steady   [  32% ] 005/050 VUs  1m36.0s/5m0s  1.00 iters/s

running (1m37.0s), 005/050 VUs, 92 complete and 0 interrupted iterations
steady   [  32% ] 005/050 VUs  1m37.0s/5m0s  1.00 iters/s

running (1m38.0s), 004/050 VUs, 94 complete and 0 interrupted iterations
steady   [  33% ] 004/050 VUs  1m38.0s/5m0s  1.00 iters/s

running (1m39.0s), 005/050 VUs, 94 complete and 0 interrupted iterations
steady   [  33% ] 005/050 VUs  1m39.0s/5m0s  1.00 iters/s

running (1m40.0s), 005/050 VUs, 95 complete and 0 interrupted iterations
steady   [  33% ] 005/050 VUs  1m40.0s/5m0s  1.00 iters/s

running (1m41.0s), 005/050 VUs, 96 complete and 0 interrupted iterations
steady   [  34% ] 005/050 VUs  1m41.0s/5m0s  1.00 iters/s

running (1m42.0s), 005/050 VUs, 97 complete and 0 interrupted iterations
steady   [  34% ] 005/050 VUs  1m42.0s/5m0s  1.00 iters/s

running (1m43.0s), 005/050 VUs, 98 complete and 0 interrupted iterations
steady   [  34% ] 005/050 VUs  1m43.0s/5m0s  1.00 iters/s

running (1m44.0s), 004/050 VUs, 100 complete and 0 interrupted iterations
steady   [  35% ] 004/050 VUs  1m44.0s/5m0s  1.00 iters/s

running (1m45.0s), 004/050 VUs, 101 complete and 0 interrupted iterations
steady   [  35% ] 004/050 VUs  1m45.0s/5m0s  1.00 iters/s

running (1m46.0s), 005/050 VUs, 101 complete and 0 interrupted iterations
steady   [  35% ] 005/050 VUs  1m46.0s/5m0s  1.00 iters/s

running (1m47.0s), 005/050 VUs, 102 complete and 0 interrupted iterations
steady   [  36% ] 005/050 VUs  1m47.0s/5m0s  1.00 iters/s

running (1m48.0s), 004/050 VUs, 104 complete and 0 interrupted iterations
steady   [  36% ] 004/050 VUs  1m48.0s/5m0s  1.00 iters/s

running (1m49.0s), 004/050 VUs, 105 complete and 0 interrupted iterations
steady   [  36% ] 004/050 VUs  1m49.0s/5m0s  1.00 iters/s

running (1m50.0s), 004/050 VUs, 106 complete and 0 interrupted iterations
steady   [  37% ] 004/050 VUs  1m50.0s/5m0s  1.00 iters/s

running (1m51.0s), 003/050 VUs, 108 complete and 0 interrupted iterations
steady   [  37% ] 003/050 VUs  1m51.0s/5m0s  1.00 iters/s

running (1m52.0s), 004/050 VUs, 108 complete and 0 interrupted iterations
steady   [  37% ] 004/050 VUs  1m52.0s/5m0s  1.00 iters/s

running (1m53.0s), 004/050 VUs, 109 complete and 0 interrupted iterations
steady   [  38% ] 004/050 VUs  1m53.0s/5m0s  1.00 iters/s

running (1m54.0s), 004/050 VUs, 110 complete and 0 interrupted iterations
steady   [  38% ] 004/050 VUs  1m54.0s/5m0s  1.00 iters/s

running (1m55.0s), 004/050 VUs, 111 complete and 0 interrupted iterations
steady   [  38% ] 004/050 VUs  1m55.0s/5m0s  1.00 iters/s

running (1m56.0s), 005/050 VUs, 111 complete and 0 interrupted iterations
steady   [  39% ] 005/050 VUs  1m56.0s/5m0s  1.00 iters/s

running (1m57.0s), 005/050 VUs, 112 complete and 0 interrupted iterations
steady   [  39% ] 005/050 VUs  1m57.0s/5m0s  1.00 iters/s

running (1m58.0s), 004/050 VUs, 114 complete and 0 interrupted iterations
steady   [  39% ] 004/050 VUs  1m58.0s/5m0s  1.00 iters/s

running (1m59.0s), 004/050 VUs, 115 complete and 0 interrupted iterations
steady   [  40% ] 004/050 VUs  1m59.0s/5m0s  1.00 iters/s

running (2m00.0s), 004/050 VUs, 116 complete and 0 interrupted iterations
steady   [  40% ] 004/050 VUs  2m00.0s/5m0s  1.00 iters/s

running (2m01.0s), 004/050 VUs, 117 complete and 0 interrupted iterations
steady   [  40% ] 004/050 VUs  2m01.0s/5m0s  1.00 iters/s

running (2m02.0s), 005/050 VUs, 117 complete and 0 interrupted iterations
steady   [  41% ] 005/050 VUs  2m02.0s/5m0s  1.00 iters/s

running (2m03.0s), 004/050 VUs, 119 complete and 0 interrupted iterations
steady   [  41% ] 004/050 VUs  2m03.0s/5m0s  1.00 iters/s

running (2m04.0s), 004/050 VUs, 120 complete and 0 interrupted iterations
steady   [  41% ] 004/050 VUs  2m04.0s/5m0s  1.00 iters/s

running (2m05.0s), 004/050 VUs, 121 complete and 0 interrupted iterations
steady   [  42% ] 004/050 VUs  2m05.0s/5m0s  1.00 iters/s

running (2m06.0s), 004/050 VUs, 122 complete and 0 interrupted iterations
steady   [  42% ] 004/050 VUs  2m06.0s/5m0s  1.00 iters/s

running (2m07.0s), 005/050 VUs, 122 complete and 0 interrupted iterations
steady   [  42% ] 005/050 VUs  2m07.0s/5m0s  1.00 iters/s

running (2m08.0s), 005/050 VUs, 123 complete and 0 interrupted iterations
steady   [  43% ] 005/050 VUs  2m08.0s/5m0s  1.00 iters/s

running (2m09.0s), 004/050 VUs, 125 complete and 0 interrupted iterations
steady   [  43% ] 004/050 VUs  2m09.0s/5m0s  1.00 iters/s

running (2m10.0s), 004/050 VUs, 126 complete and 0 interrupted iterations
steady   [  43% ] 004/050 VUs  2m10.0s/5m0s  1.00 iters/s

running (2m11.0s), 004/050 VUs, 127 complete and 0 interrupted iterations
steady   [  44% ] 004/050 VUs  2m11.0s/5m0s  1.00 iters/s

running (2m12.0s), 004/050 VUs, 128 complete and 0 interrupted iterations
steady   [  44% ] 004/050 VUs  2m12.0s/5m0s  1.00 iters/s

running (2m13.0s), 003/050 VUs, 130 complete and 0 interrupted iterations
steady   [  44% ] 003/050 VUs  2m13.0s/5m0s  1.00 iters/s

running (2m14.0s), 004/050 VUs, 130 complete and 0 interrupted iterations
steady   [  45% ] 004/050 VUs  2m14.0s/5m0s  1.00 iters/s

running (2m15.0s), 004/050 VUs, 131 complete and 0 interrupted iterations
steady   [  45% ] 004/050 VUs  2m15.0s/5m0s  1.00 iters/s

running (2m16.0s), 004/050 VUs, 132 complete and 0 interrupted iterations
steady   [  45% ] 004/050 VUs  2m16.0s/5m0s  1.00 iters/s

running (2m17.0s), 004/050 VUs, 133 complete and 0 interrupted iterations
steady   [  46% ] 004/050 VUs  2m17.0s/5m0s  1.00 iters/s

running (2m18.0s), 005/050 VUs, 133 complete and 0 interrupted iterations
steady   [  46% ] 005/050 VUs  2m18.0s/5m0s  1.00 iters/s

running (2m19.0s), 005/050 VUs, 134 complete and 0 interrupted iterations
steady   [  46% ] 005/050 VUs  2m19.0s/5m0s  1.00 iters/s

running (2m20.0s), 004/050 VUs, 136 complete and 0 interrupted iterations
steady   [  47% ] 004/050 VUs  2m20.0s/5m0s  1.00 iters/s

running (2m21.0s), 005/050 VUs, 136 complete and 0 interrupted iterations
steady   [  47% ] 005/050 VUs  2m21.0s/5m0s  1.00 iters/s

running (2m22.0s), 004/050 VUs, 138 complete and 0 interrupted iterations
steady   [  47% ] 004/050 VUs  2m22.0s/5m0s  1.00 iters/s

running (2m23.0s), 004/050 VUs, 139 complete and 0 interrupted iterations
steady   [  48% ] 004/050 VUs  2m23.0s/5m0s  1.00 iters/s

running (2m24.0s), 005/050 VUs, 139 complete and 0 interrupted iterations
steady   [  48% ] 005/050 VUs  2m24.0s/5m0s  1.00 iters/s

running (2m25.0s), 005/050 VUs, 140 complete and 0 interrupted iterations
steady   [  48% ] 005/050 VUs  2m25.0s/5m0s  1.00 iters/s

running (2m26.0s), 004/050 VUs, 142 complete and 0 interrupted iterations
steady   [  49% ] 004/050 VUs  2m26.0s/5m0s  1.00 iters/s

running (2m27.0s), 004/050 VUs, 143 complete and 0 interrupted iterations
steady   [  49% ] 004/050 VUs  2m27.0s/5m0s  1.00 iters/s

running (2m28.0s), 005/050 VUs, 143 complete and 0 interrupted iterations
steady   [  49% ] 005/050 VUs  2m28.0s/5m0s  1.00 iters/s

running (2m29.0s), 005/050 VUs, 144 complete and 0 interrupted iterations
steady   [  50% ] 005/050 VUs  2m29.0s/5m0s  1.00 iters/s

running (2m30.0s), 003/050 VUs, 147 complete and 0 interrupted iterations
steady   [  50% ] 003/050 VUs  2m30.0s/5m0s  1.00 iters/s

running (2m31.0s), 004/050 VUs, 147 complete and 0 interrupted iterations
steady   [  50% ] 004/050 VUs  2m31.0s/5m0s  1.00 iters/s

running (2m32.0s), 004/050 VUs, 148 complete and 0 interrupted iterations
steady   [  51% ] 004/050 VUs  2m32.0s/5m0s  1.00 iters/s

running (2m33.0s), 005/050 VUs, 148 complete and 0 interrupted iterations
steady   [  51% ] 005/050 VUs  2m33.0s/5m0s  1.00 iters/s

running (2m34.0s), 005/050 VUs, 149 complete and 0 interrupted iterations
steady   [  51% ] 005/050 VUs  2m34.0s/5m0s  1.00 iters/s

running (2m35.0s), 004/050 VUs, 151 complete and 0 interrupted iterations
steady   [  52% ] 004/050 VUs  2m35.0s/5m0s  1.00 iters/s

running (2m36.0s), 005/050 VUs, 151 complete and 0 interrupted iterations
steady   [  52% ] 005/050 VUs  2m36.0s/5m0s  1.00 iters/s

running (2m37.0s), 004/050 VUs, 153 complete and 0 interrupted iterations
steady   [  52% ] 004/050 VUs  2m37.0s/5m0s  1.00 iters/s

running (2m38.0s), 004/050 VUs, 154 complete and 0 interrupted iterations
steady   [  53% ] 004/050 VUs  2m38.0s/5m0s  1.00 iters/s

running (2m39.0s), 004/050 VUs, 155 complete and 0 interrupted iterations
steady   [  53% ] 004/050 VUs  2m39.0s/5m0s  1.00 iters/s

running (2m40.0s), 005/050 VUs, 155 complete and 0 interrupted iterations
steady   [  53% ] 005/050 VUs  2m40.0s/5m0s  1.00 iters/s

running (2m41.0s), 005/050 VUs, 156 complete and 0 interrupted iterations
steady   [  54% ] 005/050 VUs  2m41.0s/5m0s  1.00 iters/s

running (2m42.0s), 003/050 VUs, 159 complete and 0 interrupted iterations
steady   [  54% ] 003/050 VUs  2m42.0s/5m0s  1.00 iters/s

running (2m43.0s), 004/050 VUs, 159 complete and 0 interrupted iterations
steady   [  54% ] 004/050 VUs  2m43.0s/5m0s  1.00 iters/s

running (2m44.0s), 004/050 VUs, 160 complete and 0 interrupted iterations
steady   [  55% ] 004/050 VUs  2m44.0s/5m0s  1.00 iters/s

running (2m45.0s), 004/050 VUs, 161 complete and 0 interrupted iterations
steady   [  55% ] 004/050 VUs  2m45.0s/5m0s  1.00 iters/s

running (2m46.0s), 004/050 VUs, 162 complete and 0 interrupted iterations
steady   [  55% ] 004/050 VUs  2m46.0s/5m0s  1.00 iters/s

running (2m47.0s), 003/050 VUs, 164 complete and 0 interrupted iterations
steady   [  56% ] 003/050 VUs  2m47.0s/5m0s  1.00 iters/s

running (2m48.0s), 003/050 VUs, 165 complete and 0 interrupted iterations
steady   [  56% ] 003/050 VUs  2m48.0s/5m0s  1.00 iters/s

running (2m49.0s), 004/050 VUs, 165 complete and 0 interrupted iterations
steady   [  56% ] 004/050 VUs  2m49.0s/5m0s  1.00 iters/s

running (2m50.0s), 004/050 VUs, 166 complete and 0 interrupted iterations
steady   [  57% ] 004/050 VUs  2m50.0s/5m0s  1.00 iters/s

running (2m51.0s), 003/050 VUs, 168 complete and 0 interrupted iterations
steady   [  57% ] 003/050 VUs  2m51.0s/5m0s  1.00 iters/s

running (2m52.0s), 003/050 VUs, 169 complete and 0 interrupted iterations
steady   [  57% ] 003/050 VUs  2m52.0s/5m0s  1.00 iters/s

running (2m53.0s), 004/050 VUs, 169 complete and 0 interrupted iterations
steady   [  58% ] 004/050 VUs  2m53.0s/5m0s  1.00 iters/s

running (2m54.0s), 004/050 VUs, 170 complete and 0 interrupted iterations
steady   [  58% ] 004/050 VUs  2m54.0s/5m0s  1.00 iters/s

running (2m55.0s), 004/050 VUs, 171 complete and 0 interrupted iterations
steady   [  58% ] 004/050 VUs  2m55.0s/5m0s  1.00 iters/s

running (2m56.0s), 004/050 VUs, 172 complete and 0 interrupted iterations
steady   [  59% ] 004/050 VUs  2m56.0s/5m0s  1.00 iters/s

running (2m57.0s), 005/050 VUs, 172 complete and 0 interrupted iterations
steady   [  59% ] 005/050 VUs  2m57.0s/5m0s  1.00 iters/s

running (2m58.0s), 004/050 VUs, 174 complete and 0 interrupted iterations
steady   [  59% ] 004/050 VUs  2m58.0s/5m0s  1.00 iters/s

running (2m59.0s), 004/050 VUs, 175 complete and 0 interrupted iterations
steady   [  60% ] 004/050 VUs  2m59.0s/5m0s  1.00 iters/s

running (3m00.0s), 005/050 VUs, 175 complete and 0 interrupted iterations
steady   [  60% ] 005/050 VUs  3m00.0s/5m0s  1.00 iters/s

running (3m01.0s), 005/050 VUs, 176 complete and 0 interrupted iterations
steady   [  60% ] 005/050 VUs  3m01.0s/5m0s  1.00 iters/s

running (3m02.0s), 003/050 VUs, 179 complete and 0 interrupted iterations
steady   [  61% ] 003/050 VUs  3m02.0s/5m0s  1.00 iters/s

running (3m03.0s), 004/050 VUs, 179 complete and 0 interrupted iterations
steady   [  61% ] 004/050 VUs  3m03.0s/5m0s  1.00 iters/s

running (3m04.0s), 004/050 VUs, 180 complete and 0 interrupted iterations
steady   [  61% ] 004/050 VUs  3m04.0s/5m0s  1.00 iters/s

running (3m05.0s), 005/050 VUs, 180 complete and 0 interrupted iterations
steady   [  62% ] 005/050 VUs  3m05.0s/5m0s  1.00 iters/s

running (3m06.0s), 004/050 VUs, 182 complete and 0 interrupted iterations
steady   [  62% ] 004/050 VUs  3m06.0s/5m0s  1.00 iters/s

running (3m07.0s), 004/050 VUs, 183 complete and 0 interrupted iterations
steady   [  62% ] 004/050 VUs  3m07.0s/5m0s  1.00 iters/s

running (3m08.0s), 004/050 VUs, 184 complete and 0 interrupted iterations
steady   [  63% ] 004/050 VUs  3m08.0s/5m0s  1.00 iters/s

running (3m09.0s), 004/050 VUs, 185 complete and 0 interrupted iterations
steady   [  63% ] 004/050 VUs  3m09.0s/5m0s  1.00 iters/s

running (3m10.0s), 004/050 VUs, 186 complete and 0 interrupted iterations
steady   [  63% ] 004/050 VUs  3m10.0s/5m0s  1.00 iters/s

running (3m11.0s), 005/050 VUs, 186 complete and 0 interrupted iterations
steady   [  64% ] 005/050 VUs  3m11.0s/5m0s  1.00 iters/s

running (3m12.0s), 005/050 VUs, 187 complete and 0 interrupted iterations
steady   [  64% ] 005/050 VUs  3m12.0s/5m0s  1.00 iters/s

running (3m13.0s), 004/050 VUs, 189 complete and 0 interrupted iterations
steady   [  64% ] 004/050 VUs  3m13.0s/5m0s  1.00 iters/s

running (3m14.0s), 004/050 VUs, 190 complete and 0 interrupted iterations
steady   [  65% ] 004/050 VUs  3m14.0s/5m0s  1.00 iters/s

running (3m15.0s), 005/050 VUs, 190 complete and 0 interrupted iterations
steady   [  65% ] 005/050 VUs  3m15.0s/5m0s  1.00 iters/s

running (3m16.0s), 005/050 VUs, 191 complete and 0 interrupted iterations
steady   [  65% ] 005/050 VUs  3m16.0s/5m0s  1.00 iters/s

running (3m17.0s), 004/050 VUs, 193 complete and 0 interrupted iterations
steady   [  66% ] 004/050 VUs  3m17.0s/5m0s  1.00 iters/s

running (3m18.0s), 004/050 VUs, 194 complete and 0 interrupted iterations
steady   [  66% ] 004/050 VUs  3m18.0s/5m0s  1.00 iters/s

running (3m19.0s), 004/050 VUs, 195 complete and 0 interrupted iterations
steady   [  66% ] 004/050 VUs  3m19.0s/5m0s  1.00 iters/s

running (3m20.0s), 004/050 VUs, 196 complete and 0 interrupted iterations
steady   [  67% ] 004/050 VUs  3m20.0s/5m0s  1.00 iters/s

running (3m21.0s), 005/050 VUs, 196 complete and 0 interrupted iterations
steady   [  67% ] 005/050 VUs  3m21.0s/5m0s  1.00 iters/s

running (3m22.0s), 004/050 VUs, 198 complete and 0 interrupted iterations
steady   [  67% ] 004/050 VUs  3m22.0s/5m0s  1.00 iters/s

running (3m23.0s), 005/050 VUs, 198 complete and 0 interrupted iterations
steady   [  68% ] 005/050 VUs  3m23.0s/5m0s  1.00 iters/s

running (3m24.0s), 005/050 VUs, 199 complete and 0 interrupted iterations
steady   [  68% ] 005/050 VUs  3m24.0s/5m0s  1.00 iters/s

running (3m25.0s), 003/050 VUs, 202 complete and 0 interrupted iterations
steady   [  68% ] 003/050 VUs  3m25.0s/5m0s  1.00 iters/s

running (3m26.0s), 004/050 VUs, 202 complete and 0 interrupted iterations
steady   [  69% ] 004/050 VUs  3m26.0s/5m0s  1.00 iters/s

running (3m27.0s), 005/050 VUs, 202 complete and 0 interrupted iterations
steady   [  69% ] 005/050 VUs  3m27.0s/5m0s  1.00 iters/s

running (3m28.0s), 004/050 VUs, 204 complete and 0 interrupted iterations
steady   [  69% ] 004/050 VUs  3m28.0s/5m0s  1.00 iters/s

running (3m29.0s), 005/050 VUs, 204 complete and 0 interrupted iterations
steady   [  70% ] 005/050 VUs  3m29.0s/5m0s  1.00 iters/s

running (3m30.0s), 003/050 VUs, 207 complete and 0 interrupted iterations
steady   [  70% ] 003/050 VUs  3m30.0s/5m0s  1.00 iters/s

running (3m31.0s), 004/050 VUs, 207 complete and 0 interrupted iterations
steady   [  70% ] 004/050 VUs  3m31.0s/5m0s  1.00 iters/s

running (3m32.0s), 005/050 VUs, 207 complete and 0 interrupted iterations
steady   [  71% ] 005/050 VUs  3m32.0s/5m0s  1.00 iters/s

running (3m33.0s), 005/050 VUs, 208 complete and 0 interrupted iterations
steady   [  71% ] 005/050 VUs  3m33.0s/5m0s  1.00 iters/s

running (3m34.0s), 005/050 VUs, 209 complete and 0 interrupted iterations
steady   [  71% ] 005/050 VUs  3m34.0s/5m0s  1.00 iters/s

running (3m35.0s), 004/050 VUs, 211 complete and 0 interrupted iterations
steady   [  72% ] 004/050 VUs  3m35.0s/5m0s  1.00 iters/s

running (3m36.0s), 005/050 VUs, 211 complete and 0 interrupted iterations
steady   [  72% ] 005/050 VUs  3m36.0s/5m0s  1.00 iters/s

running (3m37.0s), 005/050 VUs, 212 complete and 0 interrupted iterations
steady   [  72% ] 005/050 VUs  3m37.0s/5m0s  1.00 iters/s

running (3m38.0s), 004/050 VUs, 214 complete and 0 interrupted iterations
steady   [  73% ] 004/050 VUs  3m38.0s/5m0s  1.00 iters/s

running (3m39.0s), 004/050 VUs, 215 complete and 0 interrupted iterations
steady   [  73% ] 004/050 VUs  3m39.0s/5m0s  1.00 iters/s

running (3m40.0s), 003/050 VUs, 217 complete and 0 interrupted iterations
steady   [  73% ] 003/050 VUs  3m40.0s/5m0s  1.00 iters/s

running (3m41.0s), 004/050 VUs, 217 complete and 0 interrupted iterations
steady   [  74% ] 004/050 VUs  3m41.0s/5m0s  1.00 iters/s

running (3m42.0s), 004/050 VUs, 218 complete and 0 interrupted iterations
steady   [  74% ] 004/050 VUs  3m42.0s/5m0s  1.00 iters/s

running (3m43.0s), 004/050 VUs, 219 complete and 0 interrupted iterations
steady   [  74% ] 004/050 VUs  3m43.0s/5m0s  1.00 iters/s

running (3m44.0s), 004/050 VUs, 220 complete and 0 interrupted iterations
steady   [  75% ] 004/050 VUs  3m44.0s/5m0s  1.00 iters/s

running (3m45.0s), 004/050 VUs, 221 complete and 0 interrupted iterations
steady   [  75% ] 004/050 VUs  3m45.0s/5m0s  1.00 iters/s

running (3m46.0s), 003/050 VUs, 223 complete and 0 interrupted iterations
steady   [  75% ] 003/050 VUs  3m46.0s/5m0s  1.00 iters/s

running (3m47.0s), 003/050 VUs, 224 complete and 0 interrupted iterations
steady   [  76% ] 003/050 VUs  3m47.0s/5m0s  1.00 iters/s

running (3m48.0s), 004/050 VUs, 224 complete and 0 interrupted iterations
steady   [  76% ] 004/050 VUs  3m48.0s/5m0s  1.00 iters/s

running (3m49.0s), 004/050 VUs, 225 complete and 0 interrupted iterations
steady   [  76% ] 004/050 VUs  3m49.0s/5m0s  1.00 iters/s

running (3m50.0s), 003/050 VUs, 227 complete and 0 interrupted iterations
steady   [  77% ] 003/050 VUs  3m50.0s/5m0s  1.00 iters/s

running (3m51.0s), 003/050 VUs, 228 complete and 0 interrupted iterations
steady   [  77% ] 003/050 VUs  3m51.0s/5m0s  1.00 iters/s

running (3m52.0s), 004/050 VUs, 228 complete and 0 interrupted iterations
steady   [  77% ] 004/050 VUs  3m52.0s/5m0s  1.00 iters/s

running (3m53.0s), 004/050 VUs, 229 complete and 0 interrupted iterations
steady   [  78% ] 004/050 VUs  3m53.0s/5m0s  1.00 iters/s

running (3m54.0s), 005/050 VUs, 229 complete and 0 interrupted iterations
steady   [  78% ] 005/050 VUs  3m54.0s/5m0s  1.00 iters/s

running (3m55.0s), 003/050 VUs, 232 complete and 0 interrupted iterations
steady   [  78% ] 003/050 VUs  3m55.0s/5m0s  1.00 iters/s

running (3m56.0s), 003/050 VUs, 233 complete and 0 interrupted iterations
steady   [  79% ] 003/050 VUs  3m56.0s/5m0s  1.00 iters/s

running (3m57.0s), 004/050 VUs, 233 complete and 0 interrupted iterations
steady   [  79% ] 004/050 VUs  3m57.0s/5m0s  1.00 iters/s

running (3m58.0s), 005/050 VUs, 233 complete and 0 interrupted iterations
steady   [  79% ] 005/050 VUs  3m58.0s/5m0s  1.00 iters/s

running (3m59.0s), 004/050 VUs, 235 complete and 0 interrupted iterations
steady   [  80% ] 004/050 VUs  3m59.0s/5m0s  1.00 iters/s

running (4m00.0s), 004/050 VUs, 236 complete and 0 interrupted iterations
steady   [  80% ] 004/050 VUs  4m00.0s/5m0s  1.00 iters/s

running (4m01.0s), 005/050 VUs, 236 complete and 0 interrupted iterations
steady   [  80% ] 005/050 VUs  4m01.0s/5m0s  1.00 iters/s

running (4m02.0s), 004/050 VUs, 238 complete and 0 interrupted iterations
steady   [  81% ] 004/050 VUs  4m02.0s/5m0s  1.00 iters/s

running (4m03.0s), 004/050 VUs, 239 complete and 0 interrupted iterations
steady   [  81% ] 004/050 VUs  4m03.0s/5m0s  1.00 iters/s

running (4m04.0s), 004/050 VUs, 240 complete and 0 interrupted iterations
steady   [  81% ] 004/050 VUs  4m04.0s/5m0s  1.00 iters/s

running (4m05.0s), 005/050 VUs, 240 complete and 0 interrupted iterations
steady   [  82% ] 005/050 VUs  4m05.0s/5m0s  1.00 iters/s

running (4m06.0s), 005/050 VUs, 241 complete and 0 interrupted iterations
steady   [  82% ] 005/050 VUs  4m06.0s/5m0s  1.00 iters/s

running (4m07.0s), 004/050 VUs, 243 complete and 0 interrupted iterations
steady   [  82% ] 004/050 VUs  4m07.0s/5m0s  1.00 iters/s

running (4m08.0s), 005/050 VUs, 243 complete and 0 interrupted iterations
steady   [  83% ] 005/050 VUs  4m08.0s/5m0s  1.00 iters/s

running (4m09.0s), 004/050 VUs, 245 complete and 0 interrupted iterations
steady   [  83% ] 004/050 VUs  4m09.0s/5m0s  1.00 iters/s

running (4m10.0s), 004/050 VUs, 246 complete and 0 interrupted iterations
steady   [  83% ] 004/050 VUs  4m10.0s/5m0s  1.00 iters/s

running (4m11.0s), 004/050 VUs, 247 complete and 0 interrupted iterations
steady   [  84% ] 004/050 VUs  4m11.0s/5m0s  1.00 iters/s

running (4m12.0s), 005/050 VUs, 247 complete and 0 interrupted iterations
steady   [  84% ] 005/050 VUs  4m12.0s/5m0s  1.00 iters/s

running (4m13.0s), 004/050 VUs, 249 complete and 0 interrupted iterations
steady   [  84% ] 004/050 VUs  4m13.0s/5m0s  1.00 iters/s

running (4m14.0s), 004/050 VUs, 250 complete and 0 interrupted iterations
steady   [  85% ] 004/050 VUs  4m14.0s/5m0s  1.00 iters/s

running (4m15.0s), 005/050 VUs, 250 complete and 0 interrupted iterations
steady   [  85% ] 005/050 VUs  4m15.0s/5m0s  1.00 iters/s

running (4m16.0s), 005/050 VUs, 251 complete and 0 interrupted iterations
steady   [  85% ] 005/050 VUs  4m16.0s/5m0s  1.00 iters/s

running (4m17.0s), 004/050 VUs, 253 complete and 0 interrupted iterations
steady   [  86% ] 004/050 VUs  4m17.0s/5m0s  1.00 iters/s

running (4m18.0s), 004/050 VUs, 254 complete and 0 interrupted iterations
steady   [  86% ] 004/050 VUs  4m18.0s/5m0s  1.00 iters/s

running (4m19.0s), 004/050 VUs, 255 complete and 0 interrupted iterations
steady   [  86% ] 004/050 VUs  4m19.0s/5m0s  1.00 iters/s

running (4m20.0s), 004/050 VUs, 256 complete and 0 interrupted iterations
steady   [  87% ] 004/050 VUs  4m20.0s/5m0s  1.00 iters/s

running (4m21.0s), 005/050 VUs, 256 complete and 0 interrupted iterations
steady   [  87% ] 005/050 VUs  4m21.0s/5m0s  1.00 iters/s

running (4m22.0s), 003/050 VUs, 259 complete and 0 interrupted iterations
steady   [  87% ] 003/050 VUs  4m22.0s/5m0s  1.00 iters/s

running (4m23.0s), 003/050 VUs, 260 complete and 0 interrupted iterations
steady   [  88% ] 003/050 VUs  4m23.0s/5m0s  1.00 iters/s

running (4m24.0s), 004/050 VUs, 260 complete and 0 interrupted iterations
steady   [  88% ] 004/050 VUs  4m24.0s/5m0s  1.00 iters/s

running (4m25.0s), 004/050 VUs, 261 complete and 0 interrupted iterations
steady   [  88% ] 004/050 VUs  4m25.0s/5m0s  1.00 iters/s

running (4m26.0s), 004/050 VUs, 262 complete and 0 interrupted iterations
steady   [  89% ] 004/050 VUs  4m26.0s/5m0s  1.00 iters/s

running (4m27.0s), 004/050 VUs, 263 complete and 0 interrupted iterations
steady   [  89% ] 004/050 VUs  4m27.0s/5m0s  1.00 iters/s

running (4m28.0s), 005/050 VUs, 263 complete and 0 interrupted iterations
steady   [  89% ] 005/050 VUs  4m28.0s/5m0s  1.00 iters/s

running (4m29.0s), 004/050 VUs, 265 complete and 0 interrupted iterations
steady   [  90% ] 004/050 VUs  4m29.0s/5m0s  1.00 iters/s

running (4m30.0s), 004/050 VUs, 266 complete and 0 interrupted iterations
steady   [  90% ] 004/050 VUs  4m30.0s/5m0s  1.00 iters/s

running (4m31.0s), 004/050 VUs, 267 complete and 0 interrupted iterations
steady   [  90% ] 004/050 VUs  4m31.0s/5m0s  1.00 iters/s

running (4m32.0s), 004/050 VUs, 268 complete and 0 interrupted iterations
steady   [  91% ] 004/050 VUs  4m32.0s/5m0s  1.00 iters/s

running (4m33.0s), 004/050 VUs, 269 complete and 0 interrupted iterations
steady   [  91% ] 004/050 VUs  4m33.0s/5m0s  1.00 iters/s

running (4m34.0s), 005/050 VUs, 269 complete and 0 interrupted iterations
steady   [  91% ] 005/050 VUs  4m34.0s/5m0s  1.00 iters/s

running (4m35.0s), 005/050 VUs, 270 complete and 0 interrupted iterations
steady   [  92% ] 005/050 VUs  4m35.0s/5m0s  1.00 iters/s

running (4m36.0s), 006/050 VUs, 270 complete and 0 interrupted iterations
steady   [  92% ] 006/050 VUs  4m36.0s/5m0s  1.00 iters/s

running (4m37.0s), 007/050 VUs, 270 complete and 0 interrupted iterations
steady   [  92% ] 007/050 VUs  4m37.0s/5m0s  1.00 iters/s

running (4m38.0s), 006/050 VUs, 272 complete and 0 interrupted iterations
steady   [  93% ] 006/050 VUs  4m38.0s/5m0s  1.00 iters/s

running (4m39.0s), 005/050 VUs, 274 complete and 0 interrupted iterations
steady   [  93% ] 005/050 VUs  4m39.0s/5m0s  1.00 iters/s

running (4m40.0s), 004/050 VUs, 276 complete and 0 interrupted iterations
steady   [  93% ] 004/050 VUs  4m40.0s/5m0s  1.00 iters/s

running (4m41.0s), 005/050 VUs, 276 complete and 0 interrupted iterations
steady   [  94% ] 005/050 VUs  4m41.0s/5m0s  1.00 iters/s

running (4m42.0s), 006/050 VUs, 276 complete and 0 interrupted iterations
steady   [  94% ] 006/050 VUs  4m42.0s/5m0s  1.00 iters/s

running (4m43.0s), 005/050 VUs, 278 complete and 0 interrupted iterations
steady   [  94% ] 005/050 VUs  4m43.0s/5m0s  1.00 iters/s

running (4m44.0s), 004/050 VUs, 280 complete and 0 interrupted iterations
steady   [  95% ] 004/050 VUs  4m44.0s/5m0s  1.00 iters/s

running (4m45.0s), 005/050 VUs, 280 complete and 0 interrupted iterations
steady   [  95% ] 005/050 VUs  4m45.0s/5m0s  1.00 iters/s

running (4m46.0s), 004/050 VUs, 282 complete and 0 interrupted iterations
steady   [  95% ] 004/050 VUs  4m46.0s/5m0s  1.00 iters/s

running (4m47.0s), 004/050 VUs, 283 complete and 0 interrupted iterations
steady   [  96% ] 004/050 VUs  4m47.0s/5m0s  1.00 iters/s

running (4m48.0s), 004/050 VUs, 284 complete and 0 interrupted iterations
steady   [  96% ] 004/050 VUs  4m48.0s/5m0s  1.00 iters/s

running (4m49.0s), 005/050 VUs, 284 complete and 0 interrupted iterations
steady   [  96% ] 005/050 VUs  4m49.0s/5m0s  1.00 iters/s

running (4m50.0s), 005/050 VUs, 285 complete and 0 interrupted iterations
steady   [  97% ] 005/050 VUs  4m50.0s/5m0s  1.00 iters/s

running (4m51.0s), 005/050 VUs, 286 complete and 0 interrupted iterations
steady   [  97% ] 005/050 VUs  4m51.0s/5m0s  1.00 iters/s

running (4m52.0s), 004/050 VUs, 288 complete and 0 interrupted iterations
steady   [  97% ] 004/050 VUs  4m52.0s/5m0s  1.00 iters/s

running (4m53.0s), 004/050 VUs, 289 complete and 0 interrupted iterations
steady   [  98% ] 004/050 VUs  4m53.0s/5m0s  1.00 iters/s

running (4m54.0s), 005/050 VUs, 289 complete and 0 interrupted iterations
steady   [  98% ] 005/050 VUs  4m54.0s/5m0s  1.00 iters/s

running (4m55.0s), 006/050 VUs, 289 complete and 0 interrupted iterations
steady   [  98% ] 006/050 VUs  4m55.0s/5m0s  1.00 iters/s

running (4m56.0s), 006/050 VUs, 290 complete and 0 interrupted iterations
steady   [  99% ] 006/050 VUs  4m56.0s/5m0s  1.00 iters/s

running (4m57.0s), 007/050 VUs, 290 complete and 0 interrupted iterations
steady   [  99% ] 007/050 VUs  4m57.0s/5m0s  1.00 iters/s

running (4m58.0s), 005/050 VUs, 293 complete and 0 interrupted iterations
steady   [  99% ] 005/050 VUs  4m58.0s/5m0s  1.00 iters/s

running (4m59.0s), 004/050 VUs, 295 complete and 0 interrupted iterations
steady   [ 100% ] 004/050 VUs  4m59.0s/5m0s  1.00 iters/s

running (5m00.0s), 003/050 VUs, 297 complete and 0 interrupted iterations
steady   [ 100% ] 003/050 VUs  5m00.0s/5m0s  1.00 iters/s

running (5m01.0s), 004/050 VUs, 297 complete and 0 interrupted iterations
steady ↓ [ 100% ] 004/050 VUs  5m0s  1.00 iters/s

running (5m02.0s), 003/050 VUs, 298 complete and 0 interrupted iterations
steady ↓ [ 100% ] 004/050 VUs  5m0s  1.00 iters/s

running (5m03.0s), 002/050 VUs, 299 complete and 0 interrupted iterations
steady ↓ [ 100% ] 004/050 VUs  5m0s  1.00 iters/s

running (5m04.0s), 001/050 VUs, 300 complete and 0 interrupted iterations
steady ↓ [ 100% ] 004/050 VUs  5m0s  1.00 iters/s

================ DSP benchmark summary ================
-- per-phase latency --
  catalog                    p50=83.9 ms  p95=153.0 ms  p99=178.0 ms  max=241.7 ms  n=301
  negotiation init (POST)    p50=6.9 ms  p95=100.5 ms  p99=110.0 ms  max=329.3 ms  n=301
  time-to-AGREED (async)     p50=2573.0 ms  p95=3559.0 ms  p99=4097.0 ms  max=5078.0 ms  n=301
  transfer init (POST)       p50=42.8 ms  p95=96.6 ms  p99=112.3 ms  max=117.7 ms  n=301
  time-to-EDR (async)        p50=1780.0 ms  p95=2790.0 ms  p99=2797.0 ms  max=3297.0 ms  n=301
  data pull                  p50=28.4 ms  p95=35.8 ms  p99=48.9 ms  max=62.5 ms  n=301
-- end-to-end + throughput --
  e2e transaction            p50=4727.0 ms  p95=5848.0 ms  p99=6794.0 ms  max=7882.0 ms  n=301
  data throughput (MB/s)     p50=0.2  p95=0.2  p99=0.2  max=0.2  n=301
-- outcomes --
  transactions succeeded     count=301  rate=0.988/s
  transactions failed        (no data)
  failed rate                rate=0.00%  (pass=0 fail=301)
    of which TERMINATED      (no data)
    of which TIMED OUT       (no data)
    of which HTTP-FAILED     (no data)
  failure accounting       (no failures)
-- observer effect (poll load) --
  negotiation polls          count=3487  rate=11.442/s
  edr polls                  count=2530  rate=8.302/s
  polls per transaction     negotiation=11.6  edr=8.4  (timeout ceiling=120)
=======================================================
(full summary -> /home/rohitj/edc/benchmarking-factoryx-edc/resources/local-fx-mvd/k6-scripts/results/factoryx/on/steady/2026-08-10T10-25-23Z/k6-summary.json; POLL_INTERVAL_MS=250; IDENTITY_MODE=on)

running (5m04.7s), 000/050 VUs, 301 complete and 0 interrupted iterations
steady ✓ [ 100% ] 000/050 VUs  5m0s  1.00 iters/s
Prometheus snapshot [1786357609..1786357929] svc=(provider-controlplane|provider-dataplane|consumer-controlplane|consumer-dataplane) win=1m -> /home/rohitj/edc/benchmarking-factoryx-edc/resources/local-fx-mvd/k6-scripts/results/factoryx/on/steady/2026-08-10T10-25-23Z
  jvm-heap.csv (260 rows)
  jvm-gc-rate.csv (260 rows)
  jvm-threads.csv (260 rows)
  http-throughput.csv (260 rows)
  http-p95.csv (260 rows)
  http-errors.csv (130 rows)
  http-errors-5xx.csv (0 rows)
  http-status.csv (130 rows)
  host-cpu-busy.csv (65 rows)
  host-mem-used.csv (65 rows)
  5xx: no 5xx in window (confirmed: http-status has 130 samples, so the status label IS scraped)
  logs -> /home/rohitj/edc/benchmarking-factoryx-edc/resources/local-fx-mvd/k6-scripts/results/factoryx/on/steady/2026-08-10T10-25-23Z/logs (4 files)
    consumer-controlplane.log:0
    consumer-dataplane.log:0
    provider-controlplane.log:0
    provider-dataplane.log:0
VALIDITY  ok=301  failed=0  failed_rate=0%  dropped_iterations=0
>>> done: /home/rohitj/edc/benchmarking-factoryx-edc/resources/local-fx-mvd/k6-scripts/results/factoryx/on/steady/2026-08-10T10-25-23Z  (k6 exit 0)
===== repetition 3/5 =====
----- factoryx / steady (rep 3) -----
>>> factoryx / steady  ->  /home/rohitj/edc/benchmarking-factoryx-edc/resources/local-fx-mvd/k6-scripts/results/factoryx/on/steady/2026-08-10T10-32-09Z
parity OK: lib/ + scenarios/ + orchestration/ + tools/ identical to /home/rohitj/edc/benchmarking-factoryx-edc/resources/local-fx-mvd/k6-scripts
Health: http://localhost:29010/management + prometheus  OK
Warmup 60s @ 1/s (discarded)
  draining 20s before the measured window opens
k6 -> Prometheus remote-write: http://localhost:9090/api/v1/write

         /\      Grafana   /‾‾/  
    /\  /  \     |\  __   /  /   
   /  \/    \    | |/ /  /   ‾‾\ 
  /          \   |   (  |  (‾)  |
 / __________ \  |_|\_\  \_____/ 


     execution: local
        script: /home/rohitj/edc/benchmarking-factoryx-edc/resources/local-fx-mvd/k6-scripts/scenarios/steady.js
        output: Prometheus remote write (http://localhost:9090/api/v1/write)

     scenarios: (100.00%) 1 scenario, 200 max VUs, 5m30s max duration (incl. graceful stop):
              * steady: 1.00 iterations/s for 5m0s (maxVUs: 50-200, gracefulStop: 30s)


running (0m01.0s), 001/050 VUs, 0 complete and 0 interrupted iterations
steady   [   0% ] 001/050 VUs  0m01.0s/5m0s  1.00 iters/s

running (0m02.0s), 002/050 VUs, 0 complete and 0 interrupted iterations
steady   [   1% ] 002/050 VUs  0m02.0s/5m0s  1.00 iters/s

running (0m03.0s), 003/050 VUs, 0 complete and 0 interrupted iterations
steady   [   1% ] 003/050 VUs  0m03.0s/5m0s  1.00 iters/s

running (0m04.0s), 004/050 VUs, 0 complete and 0 interrupted iterations
steady   [   1% ] 004/050 VUs  0m04.0s/5m0s  1.00 iters/s

running (0m05.0s), 004/050 VUs, 1 complete and 0 interrupted iterations
steady   [   2% ] 004/050 VUs  0m05.0s/5m0s  1.00 iters/s

running (0m06.0s), 004/050 VUs, 2 complete and 0 interrupted iterations
steady   [   2% ] 004/050 VUs  0m06.0s/5m0s  1.00 iters/s

running (0m07.0s), 004/050 VUs, 3 complete and 0 interrupted iterations
steady   [   2% ] 004/050 VUs  0m07.0s/5m0s  1.00 iters/s

running (0m08.0s), 004/050 VUs, 4 complete and 0 interrupted iterations
steady   [   3% ] 004/050 VUs  0m08.0s/5m0s  1.00 iters/s

running (0m09.0s), 004/050 VUs, 5 complete and 0 interrupted iterations
steady   [   3% ] 004/050 VUs  0m09.0s/5m0s  1.00 iters/s

running (0m10.0s), 004/050 VUs, 6 complete and 0 interrupted iterations
steady   [   3% ] 004/050 VUs  0m10.0s/5m0s  1.00 iters/s

running (0m11.0s), 004/050 VUs, 7 complete and 0 interrupted iterations
steady   [   4% ] 004/050 VUs  0m11.0s/5m0s  1.00 iters/s

running (0m12.0s), 004/050 VUs, 8 complete and 0 interrupted iterations
steady   [   4% ] 004/050 VUs  0m12.0s/5m0s  1.00 iters/s

running (0m13.0s), 004/050 VUs, 9 complete and 0 interrupted iterations
steady   [   4% ] 004/050 VUs  0m13.0s/5m0s  1.00 iters/s

running (0m14.0s), 004/050 VUs, 10 complete and 0 interrupted iterations
steady   [   5% ] 004/050 VUs  0m14.0s/5m0s  1.00 iters/s

running (0m15.0s), 005/050 VUs, 10 complete and 0 interrupted iterations
steady   [   5% ] 005/050 VUs  0m15.0s/5m0s  1.00 iters/s

running (0m16.0s), 003/050 VUs, 13 complete and 0 interrupted iterations
steady   [   5% ] 003/050 VUs  0m16.0s/5m0s  1.00 iters/s

running (0m17.0s), 004/050 VUs, 13 complete and 0 interrupted iterations
steady   [   6% ] 004/050 VUs  0m17.0s/5m0s  1.00 iters/s

running (0m18.0s), 004/050 VUs, 14 complete and 0 interrupted iterations
steady   [   6% ] 004/050 VUs  0m18.0s/5m0s  1.00 iters/s

running (0m19.0s), 003/050 VUs, 16 complete and 0 interrupted iterations
steady   [   6% ] 003/050 VUs  0m19.0s/5m0s  1.00 iters/s

running (0m20.0s), 003/050 VUs, 17 complete and 0 interrupted iterations
steady   [   7% ] 003/050 VUs  0m20.0s/5m0s  1.00 iters/s

running (0m21.0s), 004/050 VUs, 17 complete and 0 interrupted iterations
steady   [   7% ] 004/050 VUs  0m21.0s/5m0s  1.00 iters/s

running (0m22.0s), 004/050 VUs, 18 complete and 0 interrupted iterations
steady   [   7% ] 004/050 VUs  0m22.0s/5m0s  1.00 iters/s

running (0m23.0s), 004/050 VUs, 19 complete and 0 interrupted iterations
steady   [   8% ] 004/050 VUs  0m23.0s/5m0s  1.00 iters/s

running (0m24.0s), 004/050 VUs, 20 complete and 0 interrupted iterations
steady   [   8% ] 004/050 VUs  0m24.0s/5m0s  1.00 iters/s

running (0m25.0s), 004/050 VUs, 21 complete and 0 interrupted iterations
steady   [   8% ] 004/050 VUs  0m25.0s/5m0s  1.00 iters/s

running (0m26.0s), 004/050 VUs, 22 complete and 0 interrupted iterations
steady   [   9% ] 004/050 VUs  0m26.0s/5m0s  1.00 iters/s

running (0m27.0s), 004/050 VUs, 23 complete and 0 interrupted iterations
steady   [   9% ] 004/050 VUs  0m27.0s/5m0s  1.00 iters/s

running (0m28.0s), 005/050 VUs, 23 complete and 0 interrupted iterations
steady   [   9% ] 005/050 VUs  0m28.0s/5m0s  1.00 iters/s

running (0m29.0s), 005/050 VUs, 24 complete and 0 interrupted iterations
steady   [  10% ] 005/050 VUs  0m29.0s/5m0s  1.00 iters/s

running (0m30.0s), 004/050 VUs, 26 complete and 0 interrupted iterations
steady   [  10% ] 004/050 VUs  0m30.0s/5m0s  1.00 iters/s

running (0m31.0s), 004/050 VUs, 27 complete and 0 interrupted iterations
steady   [  10% ] 004/050 VUs  0m31.0s/5m0s  1.00 iters/s

running (0m32.0s), 004/050 VUs, 28 complete and 0 interrupted iterations
steady   [  11% ] 004/050 VUs  0m32.0s/5m0s  1.00 iters/s

running (0m33.0s), 004/050 VUs, 29 complete and 0 interrupted iterations
steady   [  11% ] 004/050 VUs  0m33.0s/5m0s  1.00 iters/s

running (0m34.0s), 005/050 VUs, 29 complete and 0 interrupted iterations
steady   [  11% ] 005/050 VUs  0m34.0s/5m0s  1.00 iters/s

running (0m35.0s), 004/050 VUs, 31 complete and 0 interrupted iterations
steady   [  12% ] 004/050 VUs  0m35.0s/5m0s  1.00 iters/s

running (0m36.0s), 005/050 VUs, 31 complete and 0 interrupted iterations
steady   [  12% ] 005/050 VUs  0m36.0s/5m0s  1.00 iters/s

running (0m37.0s), 005/050 VUs, 32 complete and 0 interrupted iterations
steady   [  12% ] 005/050 VUs  0m37.0s/5m0s  1.00 iters/s

running (0m38.0s), 005/050 VUs, 33 complete and 0 interrupted iterations
steady   [  13% ] 005/050 VUs  0m38.0s/5m0s  1.00 iters/s

running (0m39.0s), 004/050 VUs, 35 complete and 0 interrupted iterations
steady   [  13% ] 004/050 VUs  0m39.0s/5m0s  1.00 iters/s

running (0m40.0s), 004/050 VUs, 36 complete and 0 interrupted iterations
steady   [  13% ] 004/050 VUs  0m40.0s/5m0s  1.00 iters/s

running (0m41.0s), 004/050 VUs, 37 complete and 0 interrupted iterations
steady   [  14% ] 004/050 VUs  0m41.0s/5m0s  1.00 iters/s

running (0m42.0s), 004/050 VUs, 38 complete and 0 interrupted iterations
steady   [  14% ] 004/050 VUs  0m42.0s/5m0s  1.00 iters/s

running (0m43.0s), 005/050 VUs, 38 complete and 0 interrupted iterations
steady   [  14% ] 005/050 VUs  0m43.0s/5m0s  1.00 iters/s

running (0m44.0s), 005/050 VUs, 39 complete and 0 interrupted iterations
steady   [  15% ] 005/050 VUs  0m44.0s/5m0s  1.00 iters/s

running (0m45.0s), 004/050 VUs, 41 complete and 0 interrupted iterations
steady   [  15% ] 004/050 VUs  0m45.0s/5m0s  1.00 iters/s

running (0m46.0s), 004/050 VUs, 42 complete and 0 interrupted iterations
steady   [  15% ] 004/050 VUs  0m46.0s/5m0s  1.00 iters/s

running (0m47.0s), 005/050 VUs, 42 complete and 0 interrupted iterations
steady   [  16% ] 005/050 VUs  0m47.0s/5m0s  1.00 iters/s

running (0m48.0s), 005/050 VUs, 43 complete and 0 interrupted iterations
steady   [  16% ] 005/050 VUs  0m48.0s/5m0s  1.00 iters/s

running (0m49.0s), 005/050 VUs, 44 complete and 0 interrupted iterations
steady   [  16% ] 005/050 VUs  0m49.0s/5m0s  1.00 iters/s

running (0m50.0s), 005/050 VUs, 45 complete and 0 interrupted iterations
steady   [  17% ] 005/050 VUs  0m50.0s/5m0s  1.00 iters/s

running (0m51.0s), 005/050 VUs, 46 complete and 0 interrupted iterations
steady   [  17% ] 005/050 VUs  0m51.0s/5m0s  1.00 iters/s

running (0m52.0s), 003/050 VUs, 49 complete and 0 interrupted iterations
steady   [  17% ] 003/050 VUs  0m52.0s/5m0s  1.00 iters/s

running (0m53.0s), 003/050 VUs, 50 complete and 0 interrupted iterations
steady   [  18% ] 003/050 VUs  0m53.0s/5m0s  1.00 iters/s

running (0m54.0s), 003/050 VUs, 51 complete and 0 interrupted iterations
steady   [  18% ] 003/050 VUs  0m54.0s/5m0s  1.00 iters/s

running (0m55.0s), 004/050 VUs, 51 complete and 0 interrupted iterations
steady   [  18% ] 004/050 VUs  0m55.0s/5m0s  1.00 iters/s

running (0m56.0s), 004/050 VUs, 52 complete and 0 interrupted iterations
steady   [  19% ] 004/050 VUs  0m56.0s/5m0s  1.00 iters/s

running (0m57.0s), 003/050 VUs, 54 complete and 0 interrupted iterations
steady   [  19% ] 003/050 VUs  0m57.0s/5m0s  1.00 iters/s

running (0m58.0s), 003/050 VUs, 55 complete and 0 interrupted iterations
steady   [  19% ] 003/050 VUs  0m58.0s/5m0s  1.00 iters/s

running (0m59.0s), 004/050 VUs, 55 complete and 0 interrupted iterations
steady   [  20% ] 004/050 VUs  0m59.0s/5m0s  1.00 iters/s

running (1m00.0s), 004/050 VUs, 56 complete and 0 interrupted iterations
steady   [  20% ] 004/050 VUs  1m00.0s/5m0s  1.00 iters/s

running (1m01.0s), 004/050 VUs, 57 complete and 0 interrupted iterations
steady   [  20% ] 004/050 VUs  1m01.0s/5m0s  1.00 iters/s

running (1m02.0s), 005/050 VUs, 57 complete and 0 interrupted iterations
steady   [  21% ] 005/050 VUs  1m02.0s/5m0s  1.00 iters/s

running (1m03.0s), 006/050 VUs, 57 complete and 0 interrupted iterations
steady   [  21% ] 006/050 VUs  1m03.0s/5m0s  1.00 iters/s

running (1m04.0s), 003/050 VUs, 61 complete and 0 interrupted iterations
steady   [  21% ] 003/050 VUs  1m04.0s/5m0s  1.00 iters/s

running (1m05.0s), 003/050 VUs, 62 complete and 0 interrupted iterations
steady   [  22% ] 003/050 VUs  1m05.0s/5m0s  1.00 iters/s

running (1m06.0s), 004/050 VUs, 62 complete and 0 interrupted iterations
steady   [  22% ] 004/050 VUs  1m06.0s/5m0s  1.00 iters/s

running (1m07.0s), 004/050 VUs, 63 complete and 0 interrupted iterations
steady   [  22% ] 004/050 VUs  1m07.0s/5m0s  1.00 iters/s

running (1m08.0s), 004/050 VUs, 64 complete and 0 interrupted iterations
steady   [  23% ] 004/050 VUs  1m08.0s/5m0s  1.00 iters/s

running (1m09.0s), 003/050 VUs, 66 complete and 0 interrupted iterations
steady   [  23% ] 003/050 VUs  1m09.0s/5m0s  1.00 iters/s

running (1m10.0s), 004/050 VUs, 66 complete and 0 interrupted iterations
steady   [  23% ] 004/050 VUs  1m10.0s/5m0s  1.00 iters/s

running (1m11.0s), 004/050 VUs, 67 complete and 0 interrupted iterations
steady   [  24% ] 004/050 VUs  1m11.0s/5m0s  1.00 iters/s

running (1m12.0s), 004/050 VUs, 68 complete and 0 interrupted iterations
steady   [  24% ] 004/050 VUs  1m12.0s/5m0s  1.00 iters/s

running (1m13.0s), 004/050 VUs, 69 complete and 0 interrupted iterations
steady   [  24% ] 004/050 VUs  1m13.0s/5m0s  1.00 iters/s

running (1m14.0s), 004/050 VUs, 70 complete and 0 interrupted iterations
steady   [  25% ] 004/050 VUs  1m14.0s/5m0s  1.00 iters/s

running (1m15.0s), 004/050 VUs, 71 complete and 0 interrupted iterations
steady   [  25% ] 004/050 VUs  1m15.0s/5m0s  1.00 iters/s

running (1m16.0s), 004/050 VUs, 72 complete and 0 interrupted iterations
steady   [  25% ] 004/050 VUs  1m16.0s/5m0s  1.00 iters/s

running (1m17.0s), 004/050 VUs, 73 complete and 0 interrupted iterations
steady   [  26% ] 004/050 VUs  1m17.0s/5m0s  1.00 iters/s

running (1m18.0s), 005/050 VUs, 73 complete and 0 interrupted iterations
steady   [  26% ] 005/050 VUs  1m18.0s/5m0s  1.00 iters/s

running (1m19.0s), 006/050 VUs, 73 complete and 0 interrupted iterations
steady   [  26% ] 006/050 VUs  1m19.0s/5m0s  1.00 iters/s

running (1m20.0s), 003/050 VUs, 77 complete and 0 interrupted iterations
steady   [  27% ] 003/050 VUs  1m20.0s/5m0s  1.00 iters/s

running (1m21.0s), 003/050 VUs, 78 complete and 0 interrupted iterations
steady   [  27% ] 003/050 VUs  1m21.0s/5m0s  1.00 iters/s

running (1m22.0s), 004/050 VUs, 78 complete and 0 interrupted iterations
steady   [  27% ] 004/050 VUs  1m22.0s/5m0s  1.00 iters/s

running (1m23.0s), 004/050 VUs, 79 complete and 0 interrupted iterations
steady   [  28% ] 004/050 VUs  1m23.0s/5m0s  1.00 iters/s

running (1m24.0s), 003/050 VUs, 81 complete and 0 interrupted iterations
steady   [  28% ] 003/050 VUs  1m24.0s/5m0s  1.00 iters/s

running (1m25.0s), 004/050 VUs, 81 complete and 0 interrupted iterations
steady   [  28% ] 004/050 VUs  1m25.0s/5m0s  1.00 iters/s

running (1m26.0s), 004/050 VUs, 82 complete and 0 interrupted iterations
steady   [  29% ] 004/050 VUs  1m26.0s/5m0s  1.00 iters/s

running (1m27.0s), 004/050 VUs, 83 complete and 0 interrupted iterations
steady   [  29% ] 004/050 VUs  1m27.0s/5m0s  1.00 iters/s

running (1m28.0s), 005/050 VUs, 83 complete and 0 interrupted iterations
steady   [  29% ] 005/050 VUs  1m28.0s/5m0s  1.00 iters/s

running (1m29.0s), 005/050 VUs, 84 complete and 0 interrupted iterations
steady   [  30% ] 005/050 VUs  1m29.0s/5m0s  1.00 iters/s

running (1m30.0s), 006/050 VUs, 84 complete and 0 interrupted iterations
steady   [  30% ] 006/050 VUs  1m30.0s/5m0s  1.00 iters/s

running (1m31.0s), 004/050 VUs, 87 complete and 0 interrupted iterations
steady   [  30% ] 004/050 VUs  1m31.0s/5m0s  1.00 iters/s

running (1m32.0s), 004/050 VUs, 88 complete and 0 interrupted iterations
steady   [  31% ] 004/050 VUs  1m32.0s/5m0s  1.00 iters/s

running (1m33.0s), 004/050 VUs, 89 complete and 0 interrupted iterations
steady   [  31% ] 004/050 VUs  1m33.0s/5m0s  1.00 iters/s

running (1m34.0s), 003/050 VUs, 91 complete and 0 interrupted iterations
steady   [  31% ] 003/050 VUs  1m34.0s/5m0s  1.00 iters/s

running (1m35.0s), 003/050 VUs, 92 complete and 0 interrupted iterations
steady   [  32% ] 003/050 VUs  1m35.0s/5m0s  1.00 iters/s

running (1m36.0s), 004/050 VUs, 92 complete and 0 interrupted iterations
steady   [  32% ] 004/050 VUs  1m36.0s/5m0s  1.00 iters/s

running (1m37.0s), 004/050 VUs, 93 complete and 0 interrupted iterations
steady   [  32% ] 004/050 VUs  1m37.0s/5m0s  1.00 iters/s

running (1m38.0s), 004/050 VUs, 94 complete and 0 interrupted iterations
steady   [  33% ] 004/050 VUs  1m38.0s/5m0s  1.00 iters/s

running (1m39.0s), 004/050 VUs, 95 complete and 0 interrupted iterations
steady   [  33% ] 004/050 VUs  1m39.0s/5m0s  1.00 iters/s

running (1m40.0s), 005/050 VUs, 95 complete and 0 interrupted iterations
steady   [  33% ] 005/050 VUs  1m40.0s/5m0s  1.00 iters/s

running (1m41.0s), 005/050 VUs, 96 complete and 0 interrupted iterations
steady   [  34% ] 005/050 VUs  1m41.0s/5m0s  1.00 iters/s

running (1m42.0s), 004/050 VUs, 98 complete and 0 interrupted iterations
steady   [  34% ] 004/050 VUs  1m42.0s/5m0s  1.00 iters/s

running (1m43.0s), 004/050 VUs, 99 complete and 0 interrupted iterations
steady   [  34% ] 004/050 VUs  1m43.0s/5m0s  1.00 iters/s

running (1m44.0s), 004/050 VUs, 100 complete and 0 interrupted iterations
steady   [  35% ] 004/050 VUs  1m44.0s/5m0s  1.00 iters/s

running (1m45.0s), 004/050 VUs, 101 complete and 0 interrupted iterations
steady   [  35% ] 004/050 VUs  1m45.0s/5m0s  1.00 iters/s

running (1m46.0s), 005/050 VUs, 101 complete and 0 interrupted iterations
steady   [  35% ] 005/050 VUs  1m46.0s/5m0s  1.00 iters/s

running (1m47.0s), 004/050 VUs, 103 complete and 0 interrupted iterations
steady   [  36% ] 004/050 VUs  1m47.0s/5m0s  1.00 iters/s

running (1m48.0s), 005/050 VUs, 103 complete and 0 interrupted iterations
steady   [  36% ] 005/050 VUs  1m48.0s/5m0s  1.00 iters/s

running (1m49.0s), 005/050 VUs, 104 complete and 0 interrupted iterations
steady   [  36% ] 005/050 VUs  1m49.0s/5m0s  1.00 iters/s

running (1m50.0s), 004/050 VUs, 106 complete and 0 interrupted iterations
steady   [  37% ] 004/050 VUs  1m50.0s/5m0s  1.00 iters/s

running (1m51.0s), 005/050 VUs, 106 complete and 0 interrupted iterations
steady   [  37% ] 005/050 VUs  1m51.0s/5m0s  1.00 iters/s

running (1m52.0s), 004/050 VUs, 108 complete and 0 interrupted iterations
steady   [  37% ] 004/050 VUs  1m52.0s/5m0s  1.00 iters/s

running (1m53.0s), 004/050 VUs, 109 complete and 0 interrupted iterations
steady   [  38% ] 004/050 VUs  1m53.0s/5m0s  1.00 iters/s

running (1m54.0s), 005/050 VUs, 109 complete and 0 interrupted iterations
steady   [  38% ] 005/050 VUs  1m54.0s/5m0s  1.00 iters/s

running (1m55.0s), 006/050 VUs, 109 complete and 0 interrupted iterations
steady   [  38% ] 006/050 VUs  1m55.0s/5m0s  1.00 iters/s

running (1m56.0s), 004/050 VUs, 112 complete and 0 interrupted iterations
steady   [  39% ] 004/050 VUs  1m56.0s/5m0s  1.00 iters/s

running (1m57.0s), 004/050 VUs, 113 complete and 0 interrupted iterations
steady   [  39% ] 004/050 VUs  1m57.0s/5m0s  1.00 iters/s

running (1m58.0s), 005/050 VUs, 113 complete and 0 interrupted iterations
steady   [  39% ] 005/050 VUs  1m58.0s/5m0s  1.00 iters/s

running (1m59.0s), 005/050 VUs, 114 complete and 0 interrupted iterations
steady   [  40% ] 005/050 VUs  1m59.0s/5m0s  1.00 iters/s

running (2m00.0s), 005/050 VUs, 115 complete and 0 interrupted iterations
steady   [  40% ] 005/050 VUs  2m00.0s/5m0s  1.00 iters/s

running (2m01.0s), 004/050 VUs, 117 complete and 0 interrupted iterations
steady   [  40% ] 004/050 VUs  2m01.0s/5m0s  1.00 iters/s

running (2m02.0s), 004/050 VUs, 118 complete and 0 interrupted iterations
steady   [  41% ] 004/050 VUs  2m02.0s/5m0s  1.00 iters/s

running (2m03.0s), 004/050 VUs, 119 complete and 0 interrupted iterations
steady   [  41% ] 004/050 VUs  2m03.0s/5m0s  1.00 iters/s

running (2m04.0s), 004/050 VUs, 120 complete and 0 interrupted iterations
steady   [  41% ] 004/050 VUs  2m04.0s/5m0s  1.00 iters/s

running (2m05.0s), 005/050 VUs, 120 complete and 0 interrupted iterations
steady   [  42% ] 005/050 VUs  2m05.0s/5m0s  1.00 iters/s

running (2m06.0s), 004/050 VUs, 122 complete and 0 interrupted iterations
steady   [  42% ] 004/050 VUs  2m06.0s/5m0s  1.00 iters/s

running (2m07.0s), 004/050 VUs, 123 complete and 0 interrupted iterations
steady   [  42% ] 004/050 VUs  2m07.0s/5m0s  1.00 iters/s

running (2m08.0s), 004/050 VUs, 124 complete and 0 interrupted iterations
steady   [  43% ] 004/050 VUs  2m08.0s/5m0s  1.00 iters/s

running (2m09.0s), 004/050 VUs, 125 complete and 0 interrupted iterations
steady   [  43% ] 004/050 VUs  2m09.0s/5m0s  1.00 iters/s

running (2m10.0s), 005/050 VUs, 125 complete and 0 interrupted iterations
steady   [  43% ] 005/050 VUs  2m10.0s/5m0s  1.00 iters/s

running (2m11.0s), 004/050 VUs, 127 complete and 0 interrupted iterations
steady   [  44% ] 004/050 VUs  2m11.0s/5m0s  1.00 iters/s

running (2m12.0s), 004/050 VUs, 128 complete and 0 interrupted iterations
steady   [  44% ] 004/050 VUs  2m12.0s/5m0s  1.00 iters/s

running (2m13.0s), 004/050 VUs, 129 complete and 0 interrupted iterations
steady   [  44% ] 004/050 VUs  2m13.0s/5m0s  1.00 iters/s

running (2m14.0s), 004/050 VUs, 130 complete and 0 interrupted iterations
steady   [  45% ] 004/050 VUs  2m14.0s/5m0s  1.00 iters/s

running (2m15.0s), 004/050 VUs, 131 complete and 0 interrupted iterations
steady   [  45% ] 004/050 VUs  2m15.0s/5m0s  1.00 iters/s

running (2m16.0s), 005/050 VUs, 131 complete and 0 interrupted iterations
steady   [  45% ] 005/050 VUs  2m16.0s/5m0s  1.00 iters/s

running (2m17.0s), 004/050 VUs, 133 complete and 0 interrupted iterations
steady   [  46% ] 004/050 VUs  2m17.0s/5m0s  1.00 iters/s

running (2m18.0s), 004/050 VUs, 134 complete and 0 interrupted iterations
steady   [  46% ] 004/050 VUs  2m18.0s/5m0s  1.00 iters/s

running (2m19.0s), 004/050 VUs, 135 complete and 0 interrupted iterations
steady   [  46% ] 004/050 VUs  2m19.0s/5m0s  1.00 iters/s

running (2m20.0s), 005/050 VUs, 135 complete and 0 interrupted iterations
steady   [  47% ] 005/050 VUs  2m20.0s/5m0s  1.00 iters/s

running (2m21.0s), 004/050 VUs, 137 complete and 0 interrupted iterations
steady   [  47% ] 004/050 VUs  2m21.0s/5m0s  1.00 iters/s

running (2m22.0s), 004/050 VUs, 138 complete and 0 interrupted iterations
steady   [  47% ] 004/050 VUs  2m22.0s/5m0s  1.00 iters/s

running (2m23.0s), 005/050 VUs, 138 complete and 0 interrupted iterations
steady   [  48% ] 005/050 VUs  2m23.0s/5m0s  1.00 iters/s

running (2m24.0s), 005/050 VUs, 139 complete and 0 interrupted iterations
steady   [  48% ] 005/050 VUs  2m24.0s/5m0s  1.00 iters/s

running (2m25.0s), 004/050 VUs, 141 complete and 0 interrupted iterations
steady   [  48% ] 004/050 VUs  2m25.0s/5m0s  1.00 iters/s

running (2m26.0s), 005/050 VUs, 141 complete and 0 interrupted iterations
steady   [  49% ] 005/050 VUs  2m26.0s/5m0s  1.00 iters/s

running (2m27.0s), 005/050 VUs, 142 complete and 0 interrupted iterations
steady   [  49% ] 005/050 VUs  2m27.0s/5m0s  1.00 iters/s

running (2m28.0s), 005/050 VUs, 143 complete and 0 interrupted iterations
steady   [  49% ] 005/050 VUs  2m28.0s/5m0s  1.00 iters/s

running (2m29.0s), 005/050 VUs, 144 complete and 0 interrupted iterations
steady   [  50% ] 005/050 VUs  2m29.0s/5m0s  1.00 iters/s

running (2m30.0s), 006/050 VUs, 144 complete and 0 interrupted iterations
steady   [  50% ] 006/050 VUs  2m30.0s/5m0s  1.00 iters/s

running (2m31.0s), 005/050 VUs, 146 complete and 0 interrupted iterations
steady   [  50% ] 005/050 VUs  2m31.0s/5m0s  1.00 iters/s

running (2m32.0s), 005/050 VUs, 147 complete and 0 interrupted iterations
steady   [  51% ] 005/050 VUs  2m32.0s/5m0s  1.00 iters/s

running (2m33.0s), 006/050 VUs, 147 complete and 0 interrupted iterations
steady   [  51% ] 006/050 VUs  2m33.0s/5m0s  1.00 iters/s

running (2m34.0s), 005/050 VUs, 149 complete and 0 interrupted iterations
steady   [  51% ] 005/050 VUs  2m34.0s/5m0s  1.00 iters/s

running (2m35.0s), 006/050 VUs, 149 complete and 0 interrupted iterations
steady   [  52% ] 006/050 VUs  2m35.0s/5m0s  1.00 iters/s

running (2m36.0s), 006/050 VUs, 150 complete and 0 interrupted iterations
steady   [  52% ] 006/050 VUs  2m36.0s/5m0s  1.00 iters/s

running (2m37.0s), 005/050 VUs, 152 complete and 0 interrupted iterations
steady   [  52% ] 005/050 VUs  2m37.0s/5m0s  1.00 iters/s

running (2m38.0s), 005/050 VUs, 153 complete and 0 interrupted iterations
steady   [  53% ] 005/050 VUs  2m38.0s/5m0s  1.00 iters/s

running (2m39.0s), 004/050 VUs, 155 complete and 0 interrupted iterations
steady   [  53% ] 004/050 VUs  2m39.0s/5m0s  1.00 iters/s

running (2m40.0s), 005/050 VUs, 155 complete and 0 interrupted iterations
steady   [  53% ] 005/050 VUs  2m40.0s/5m0s  1.00 iters/s

running (2m41.0s), 004/050 VUs, 157 complete and 0 interrupted iterations
steady   [  54% ] 004/050 VUs  2m41.0s/5m0s  1.00 iters/s

running (2m42.0s), 005/050 VUs, 157 complete and 0 interrupted iterations
steady   [  54% ] 005/050 VUs  2m42.0s/5m0s  1.00 iters/s

running (2m43.0s), 004/050 VUs, 159 complete and 0 interrupted iterations
steady   [  54% ] 004/050 VUs  2m43.0s/5m0s  1.00 iters/s

running (2m44.0s), 005/050 VUs, 159 complete and 0 interrupted iterations
steady   [  55% ] 005/050 VUs  2m44.0s/5m0s  1.00 iters/s

running (2m45.0s), 004/050 VUs, 161 complete and 0 interrupted iterations
steady   [  55% ] 004/050 VUs  2m45.0s/5m0s  1.00 iters/s

running (2m46.0s), 004/050 VUs, 162 complete and 0 interrupted iterations
steady   [  55% ] 004/050 VUs  2m46.0s/5m0s  1.00 iters/s

running (2m47.0s), 004/050 VUs, 163 complete and 0 interrupted iterations
steady   [  56% ] 004/050 VUs  2m47.0s/5m0s  1.00 iters/s

running (2m48.0s), 005/050 VUs, 163 complete and 0 interrupted iterations
steady   [  56% ] 005/050 VUs  2m48.0s/5m0s  1.00 iters/s

running (2m49.0s), 005/050 VUs, 164 complete and 0 interrupted iterations
steady   [  56% ] 005/050 VUs  2m49.0s/5m0s  1.00 iters/s

running (2m50.0s), 004/050 VUs, 166 complete and 0 interrupted iterations
steady   [  57% ] 004/050 VUs  2m50.0s/5m0s  1.00 iters/s

running (2m51.0s), 004/050 VUs, 167 complete and 0 interrupted iterations
steady   [  57% ] 004/050 VUs  2m51.0s/5m0s  1.00 iters/s

running (2m52.0s), 004/050 VUs, 168 complete and 0 interrupted iterations
steady   [  57% ] 004/050 VUs  2m52.0s/5m0s  1.00 iters/s

running (2m53.0s), 005/050 VUs, 168 complete and 0 interrupted iterations
steady   [  58% ] 005/050 VUs  2m53.0s/5m0s  1.00 iters/s

running (2m54.0s), 005/050 VUs, 169 complete and 0 interrupted iterations
steady   [  58% ] 005/050 VUs  2m54.0s/5m0s  1.00 iters/s

running (2m55.0s), 006/050 VUs, 169 complete and 0 interrupted iterations
steady   [  58% ] 006/050 VUs  2m55.0s/5m0s  1.00 iters/s

running (2m56.0s), 007/050 VUs, 169 complete and 0 interrupted iterations
steady   [  59% ] 007/050 VUs  2m56.0s/5m0s  1.00 iters/s

running (2m57.0s), 003/050 VUs, 174 complete and 0 interrupted iterations
steady   [  59% ] 003/050 VUs  2m57.0s/5m0s  1.00 iters/s

running (2m58.0s), 004/050 VUs, 174 complete and 0 interrupted iterations
steady   [  59% ] 004/050 VUs  2m58.0s/5m0s  1.00 iters/s

running (2m59.0s), 004/050 VUs, 175 complete and 0 interrupted iterations
steady   [  60% ] 004/050 VUs  2m59.0s/5m0s  1.00 iters/s

running (3m00.0s), 004/050 VUs, 176 complete and 0 interrupted iterations
steady   [  60% ] 004/050 VUs  3m00.0s/5m0s  1.00 iters/s

running (3m01.0s), 004/050 VUs, 177 complete and 0 interrupted iterations
steady   [  60% ] 004/050 VUs  3m01.0s/5m0s  1.00 iters/s

running (3m02.0s), 005/050 VUs, 177 complete and 0 interrupted iterations
steady   [  61% ] 005/050 VUs  3m02.0s/5m0s  1.00 iters/s

running (3m03.0s), 004/050 VUs, 179 complete and 0 interrupted iterations
steady   [  61% ] 004/050 VUs  3m03.0s/5m0s  1.00 iters/s

running (3m04.0s), 004/050 VUs, 180 complete and 0 interrupted iterations
steady   [  61% ] 004/050 VUs  3m04.0s/5m0s  1.00 iters/s

running (3m05.0s), 004/050 VUs, 181 complete and 0 interrupted iterations
steady   [  62% ] 004/050 VUs  3m05.0s/5m0s  1.00 iters/s

running (3m06.0s), 004/050 VUs, 182 complete and 0 interrupted iterations
steady   [  62% ] 004/050 VUs  3m06.0s/5m0s  1.00 iters/s

running (3m07.0s), 004/050 VUs, 183 complete and 0 interrupted iterations
steady   [  62% ] 004/050 VUs  3m07.0s/5m0s  1.00 iters/s

running (3m08.0s), 005/050 VUs, 183 complete and 0 interrupted iterations
steady   [  63% ] 005/050 VUs  3m08.0s/5m0s  1.00 iters/s

running (3m09.0s), 004/050 VUs, 185 complete and 0 interrupted iterations
steady   [  63% ] 004/050 VUs  3m09.0s/5m0s  1.00 iters/s

running (3m10.0s), 004/050 VUs, 186 complete and 0 interrupted iterations
steady   [  63% ] 004/050 VUs  3m10.0s/5m0s  1.00 iters/s

running (3m11.0s), 004/050 VUs, 187 complete and 0 interrupted iterations
steady   [  64% ] 004/050 VUs  3m11.0s/5m0s  1.00 iters/s

running (3m12.0s), 005/050 VUs, 187 complete and 0 interrupted iterations
steady   [  64% ] 005/050 VUs  3m12.0s/5m0s  1.00 iters/s

running (3m13.0s), 005/050 VUs, 188 complete and 0 interrupted iterations
steady   [  64% ] 005/050 VUs  3m13.0s/5m0s  1.00 iters/s

running (3m14.0s), 003/050 VUs, 191 complete and 0 interrupted iterations
steady   [  65% ] 003/050 VUs  3m14.0s/5m0s  1.00 iters/s

running (3m15.0s), 004/050 VUs, 191 complete and 0 interrupted iterations
steady   [  65% ] 004/050 VUs  3m15.0s/5m0s  1.00 iters/s

running (3m16.0s), 004/050 VUs, 192 complete and 0 interrupted iterations
steady   [  65% ] 004/050 VUs  3m16.0s/5m0s  1.00 iters/s

running (3m17.0s), 004/050 VUs, 193 complete and 0 interrupted iterations
steady   [  66% ] 004/050 VUs  3m17.0s/5m0s  1.00 iters/s

running (3m18.0s), 005/050 VUs, 193 complete and 0 interrupted iterations
steady   [  66% ] 005/050 VUs  3m18.0s/5m0s  1.00 iters/s

running (3m19.0s), 004/050 VUs, 195 complete and 0 interrupted iterations
steady   [  66% ] 004/050 VUs  3m19.0s/5m0s  1.00 iters/s

running (3m20.0s), 005/050 VUs, 195 complete and 0 interrupted iterations
steady   [  67% ] 005/050 VUs  3m20.0s/5m0s  1.00 iters/s

running (3m21.0s), 005/050 VUs, 196 complete and 0 interrupted iterations
steady   [  67% ] 005/050 VUs  3m21.0s/5m0s  1.00 iters/s

running (3m22.0s), 005/050 VUs, 197 complete and 0 interrupted iterations
steady   [  67% ] 005/050 VUs  3m22.0s/5m0s  1.00 iters/s

running (3m23.0s), 006/050 VUs, 197 complete and 0 interrupted iterations
steady   [  68% ] 006/050 VUs  3m23.0s/5m0s  1.00 iters/s

running (3m24.0s), 007/050 VUs, 197 complete and 0 interrupted iterations
steady   [  68% ] 007/050 VUs  3m24.0s/5m0s  1.00 iters/s

running (3m25.0s), 008/050 VUs, 197 complete and 0 interrupted iterations
steady   [  68% ] 008/050 VUs  3m25.0s/5m0s  1.00 iters/s

running (3m26.0s), 005/050 VUs, 201 complete and 0 interrupted iterations
steady   [  69% ] 005/050 VUs  3m26.0s/5m0s  1.00 iters/s

running (3m27.0s), 006/050 VUs, 201 complete and 0 interrupted iterations
steady   [  69% ] 006/050 VUs  3m27.0s/5m0s  1.00 iters/s

running (3m28.0s), 007/050 VUs, 201 complete and 0 interrupted iterations
steady   [  69% ] 007/050 VUs  3m28.0s/5m0s  1.00 iters/s

running (3m29.0s), 004/050 VUs, 205 complete and 0 interrupted iterations
steady   [  70% ] 004/050 VUs  3m29.0s/5m0s  1.00 iters/s

running (3m30.0s), 004/050 VUs, 206 complete and 0 interrupted iterations
steady   [  70% ] 004/050 VUs  3m30.0s/5m0s  1.00 iters/s

running (3m31.0s), 004/050 VUs, 207 complete and 0 interrupted iterations
steady   [  70% ] 004/050 VUs  3m31.0s/5m0s  1.00 iters/s

running (3m32.0s), 004/050 VUs, 208 complete and 0 interrupted iterations
steady   [  71% ] 004/050 VUs  3m32.0s/5m0s  1.00 iters/s

running (3m33.0s), 003/050 VUs, 210 complete and 0 interrupted iterations
steady   [  71% ] 003/050 VUs  3m33.0s/5m0s  1.00 iters/s

running (3m34.0s), 004/050 VUs, 210 complete and 0 interrupted iterations
steady   [  71% ] 004/050 VUs  3m34.0s/5m0s  1.00 iters/s

running (3m35.0s), 004/050 VUs, 211 complete and 0 interrupted iterations
steady   [  72% ] 004/050 VUs  3m35.0s/5m0s  1.00 iters/s

running (3m36.0s), 003/050 VUs, 213 complete and 0 interrupted iterations
steady   [  72% ] 003/050 VUs  3m36.0s/5m0s  1.00 iters/s

running (3m37.0s), 003/050 VUs, 214 complete and 0 interrupted iterations
steady   [  72% ] 003/050 VUs  3m37.0s/5m0s  1.00 iters/s

running (3m38.0s), 004/050 VUs, 214 complete and 0 interrupted iterations
steady   [  73% ] 004/050 VUs  3m38.0s/5m0s  1.00 iters/s

running (3m39.0s), 004/050 VUs, 215 complete and 0 interrupted iterations
steady   [  73% ] 004/050 VUs  3m39.0s/5m0s  1.00 iters/s

running (3m40.0s), 004/050 VUs, 216 complete and 0 interrupted iterations
steady   [  73% ] 004/050 VUs  3m40.0s/5m0s  1.00 iters/s

running (3m41.0s), 004/050 VUs, 217 complete and 0 interrupted iterations
steady   [  74% ] 004/050 VUs  3m41.0s/5m0s  1.00 iters/s

running (3m42.0s), 005/050 VUs, 217 complete and 0 interrupted iterations
steady   [  74% ] 005/050 VUs  3m42.0s/5m0s  1.00 iters/s

running (3m43.0s), 004/050 VUs, 219 complete and 0 interrupted iterations
steady   [  74% ] 004/050 VUs  3m43.0s/5m0s  1.00 iters/s

running (3m44.0s), 004/050 VUs, 220 complete and 0 interrupted iterations
steady   [  75% ] 004/050 VUs  3m44.0s/5m0s  1.00 iters/s

running (3m45.0s), 004/050 VUs, 221 complete and 0 interrupted iterations
steady   [  75% ] 004/050 VUs  3m45.0s/5m0s  1.00 iters/s

running (3m46.0s), 005/050 VUs, 221 complete and 0 interrupted iterations
steady   [  75% ] 005/050 VUs  3m46.0s/5m0s  1.00 iters/s

running (3m47.0s), 005/050 VUs, 222 complete and 0 interrupted iterations
steady   [  76% ] 005/050 VUs  3m47.0s/5m0s  1.00 iters/s

running (3m48.0s), 004/050 VUs, 224 complete and 0 interrupted iterations
steady   [  76% ] 004/050 VUs  3m48.0s/5m0s  1.00 iters/s

running (3m49.0s), 004/050 VUs, 225 complete and 0 interrupted iterations
steady   [  76% ] 004/050 VUs  3m49.0s/5m0s  1.00 iters/s

running (3m50.0s), 004/050 VUs, 226 complete and 0 interrupted iterations
steady   [  77% ] 004/050 VUs  3m50.0s/5m0s  1.00 iters/s

running (3m51.0s), 005/050 VUs, 226 complete and 0 interrupted iterations
steady   [  77% ] 005/050 VUs  3m51.0s/5m0s  1.00 iters/s

running (3m52.0s), 004/050 VUs, 228 complete and 0 interrupted iterations
steady   [  77% ] 004/050 VUs  3m52.0s/5m0s  1.00 iters/s

running (3m53.0s), 004/050 VUs, 229 complete and 0 interrupted iterations
steady   [  78% ] 004/050 VUs  3m53.0s/5m0s  1.00 iters/s

running (3m54.0s), 004/050 VUs, 230 complete and 0 interrupted iterations
steady   [  78% ] 004/050 VUs  3m54.0s/5m0s  1.00 iters/s

running (3m55.0s), 005/050 VUs, 230 complete and 0 interrupted iterations
steady   [  78% ] 005/050 VUs  3m55.0s/5m0s  1.00 iters/s

running (3m56.0s), 004/050 VUs, 232 complete and 0 interrupted iterations
steady   [  79% ] 004/050 VUs  3m56.0s/5m0s  1.00 iters/s

running (3m57.0s), 004/050 VUs, 233 complete and 0 interrupted iterations
steady   [  79% ] 004/050 VUs  3m57.0s/5m0s  1.00 iters/s

running (3m58.0s), 004/050 VUs, 234 complete and 0 interrupted iterations
steady   [  79% ] 004/050 VUs  3m58.0s/5m0s  1.00 iters/s

running (3m59.0s), 004/050 VUs, 235 complete and 0 interrupted iterations
steady   [  80% ] 004/050 VUs  3m59.0s/5m0s  1.00 iters/s

running (4m00.0s), 004/050 VUs, 236 complete and 0 interrupted iterations
steady   [  80% ] 004/050 VUs  4m00.0s/5m0s  1.00 iters/s

running (4m01.0s), 004/050 VUs, 237 complete and 0 interrupted iterations
steady   [  80% ] 004/050 VUs  4m01.0s/5m0s  1.00 iters/s

running (4m02.0s), 005/050 VUs, 237 complete and 0 interrupted iterations
steady   [  81% ] 005/050 VUs  4m02.0s/5m0s  1.00 iters/s

running (4m03.0s), 005/050 VUs, 238 complete and 0 interrupted iterations
steady   [  81% ] 005/050 VUs  4m03.0s/5m0s  1.00 iters/s

running (4m04.0s), 004/050 VUs, 240 complete and 0 interrupted iterations
steady   [  81% ] 004/050 VUs  4m04.0s/5m0s  1.00 iters/s

running (4m05.0s), 004/050 VUs, 241 complete and 0 interrupted iterations
steady   [  82% ] 004/050 VUs  4m05.0s/5m0s  1.00 iters/s

running (4m06.0s), 004/050 VUs, 242 complete and 0 interrupted iterations
steady   [  82% ] 004/050 VUs  4m06.0s/5m0s  1.00 iters/s

running (4m07.0s), 004/050 VUs, 243 complete and 0 interrupted iterations
steady   [  82% ] 004/050 VUs  4m07.0s/5m0s  1.00 iters/s

running (4m08.0s), 003/050 VUs, 245 complete and 0 interrupted iterations
steady   [  83% ] 003/050 VUs  4m08.0s/5m0s  1.00 iters/s

running (4m09.0s), 004/050 VUs, 245 complete and 0 interrupted iterations
steady   [  83% ] 004/050 VUs  4m09.0s/5m0s  1.00 iters/s

running (4m10.0s), 004/050 VUs, 246 complete and 0 interrupted iterations
steady   [  83% ] 004/050 VUs  4m10.0s/5m0s  1.00 iters/s

running (4m11.0s), 004/050 VUs, 247 complete and 0 interrupted iterations
steady   [  84% ] 004/050 VUs  4m11.0s/5m0s  1.00 iters/s

running (4m12.0s), 004/050 VUs, 248 complete and 0 interrupted iterations
steady   [  84% ] 004/050 VUs  4m12.0s/5m0s  1.00 iters/s

running (4m13.0s), 005/050 VUs, 248 complete and 0 interrupted iterations
steady   [  84% ] 005/050 VUs  4m13.0s/5m0s  1.00 iters/s

running (4m14.0s), 005/050 VUs, 249 complete and 0 interrupted iterations
steady   [  85% ] 005/050 VUs  4m14.0s/5m0s  1.00 iters/s

running (4m15.0s), 004/050 VUs, 251 complete and 0 interrupted iterations
steady   [  85% ] 004/050 VUs  4m15.0s/5m0s  1.00 iters/s

running (4m16.0s), 004/050 VUs, 252 complete and 0 interrupted iterations
steady   [  85% ] 004/050 VUs  4m16.0s/5m0s  1.00 iters/s

running (4m17.0s), 004/050 VUs, 253 complete and 0 interrupted iterations
steady   [  86% ] 004/050 VUs  4m17.0s/5m0s  1.00 iters/s

running (4m18.0s), 004/050 VUs, 254 complete and 0 interrupted iterations
steady   [  86% ] 004/050 VUs  4m18.0s/5m0s  1.00 iters/s

running (4m19.0s), 004/050 VUs, 255 complete and 0 interrupted iterations
steady   [  86% ] 004/050 VUs  4m19.0s/5m0s  1.00 iters/s

running (4m20.0s), 005/050 VUs, 255 complete and 0 interrupted iterations
steady   [  87% ] 005/050 VUs  4m20.0s/5m0s  1.00 iters/s

running (4m21.0s), 004/050 VUs, 257 complete and 0 interrupted iterations
steady   [  87% ] 004/050 VUs  4m21.0s/5m0s  1.00 iters/s

running (4m22.0s), 004/050 VUs, 258 complete and 0 interrupted iterations
steady   [  87% ] 004/050 VUs  4m22.0s/5m0s  1.00 iters/s

running (4m23.0s), 004/050 VUs, 259 complete and 0 interrupted iterations
steady   [  88% ] 004/050 VUs  4m23.0s/5m0s  1.00 iters/s

running (4m24.0s), 005/050 VUs, 259 complete and 0 interrupted iterations
steady   [  88% ] 005/050 VUs  4m24.0s/5m0s  1.00 iters/s

running (4m25.0s), 005/050 VUs, 260 complete and 0 interrupted iterations
steady   [  88% ] 005/050 VUs  4m25.0s/5m0s  1.00 iters/s

running (4m26.0s), 004/050 VUs, 262 complete and 0 interrupted iterations
steady   [  89% ] 004/050 VUs  4m26.0s/5m0s  1.00 iters/s

running (4m27.0s), 004/050 VUs, 263 complete and 0 interrupted iterations
steady   [  89% ] 004/050 VUs  4m27.0s/5m0s  1.00 iters/s

running (4m28.0s), 005/050 VUs, 263 complete and 0 interrupted iterations
steady   [  89% ] 005/050 VUs  4m28.0s/5m0s  1.00 iters/s

running (4m29.0s), 004/050 VUs, 265 complete and 0 interrupted iterations
steady   [  90% ] 004/050 VUs  4m29.0s/5m0s  1.00 iters/s

running (4m30.0s), 004/050 VUs, 266 complete and 0 interrupted iterations
steady   [  90% ] 004/050 VUs  4m30.0s/5m0s  1.00 iters/s

running (4m31.0s), 004/050 VUs, 267 complete and 0 interrupted iterations
steady   [  90% ] 004/050 VUs  4m31.0s/5m0s  1.00 iters/s

running (4m32.0s), 004/050 VUs, 268 complete and 0 interrupted iterations
steady   [  91% ] 004/050 VUs  4m32.0s/5m0s  1.00 iters/s

running (4m33.0s), 004/050 VUs, 269 complete and 0 interrupted iterations
steady   [  91% ] 004/050 VUs  4m33.0s/5m0s  1.00 iters/s

running (4m34.0s), 004/050 VUs, 270 complete and 0 interrupted iterations
steady   [  91% ] 004/050 VUs  4m34.0s/5m0s  1.00 iters/s

running (4m35.0s), 005/050 VUs, 270 complete and 0 interrupted iterations
steady   [  92% ] 005/050 VUs  4m35.0s/5m0s  1.00 iters/s

running (4m36.0s), 005/050 VUs, 271 complete and 0 interrupted iterations
steady   [  92% ] 005/050 VUs  4m36.0s/5m0s  1.00 iters/s

running (4m37.0s), 004/050 VUs, 273 complete and 0 interrupted iterations
steady   [  92% ] 004/050 VUs  4m37.0s/5m0s  1.00 iters/s

running (4m38.0s), 004/050 VUs, 274 complete and 0 interrupted iterations
steady   [  93% ] 004/050 VUs  4m38.0s/5m0s  1.00 iters/s

running (4m39.0s), 004/050 VUs, 275 complete and 0 interrupted iterations
steady   [  93% ] 004/050 VUs  4m39.0s/5m0s  1.00 iters/s

running (4m40.0s), 003/050 VUs, 277 complete and 0 interrupted iterations
steady   [  93% ] 003/050 VUs  4m40.0s/5m0s  1.00 iters/s

running (4m41.0s), 003/050 VUs, 278 complete and 0 interrupted iterations
steady   [  94% ] 003/050 VUs  4m41.0s/5m0s  1.00 iters/s

running (4m42.0s), 004/050 VUs, 278 complete and 0 interrupted iterations
steady   [  94% ] 004/050 VUs  4m42.0s/5m0s  1.00 iters/s

running (4m43.0s), 004/050 VUs, 279 complete and 0 interrupted iterations
steady   [  94% ] 004/050 VUs  4m43.0s/5m0s  1.00 iters/s

running (4m44.0s), 004/050 VUs, 280 complete and 0 interrupted iterations
steady   [  95% ] 004/050 VUs  4m44.0s/5m0s  1.00 iters/s

running (4m45.0s), 004/050 VUs, 281 complete and 0 interrupted iterations
steady   [  95% ] 004/050 VUs  4m45.0s/5m0s  1.00 iters/s

running (4m46.0s), 004/050 VUs, 282 complete and 0 interrupted iterations
steady   [  95% ] 004/050 VUs  4m46.0s/5m0s  1.00 iters/s

running (4m47.0s), 005/050 VUs, 282 complete and 0 interrupted iterations
steady   [  96% ] 005/050 VUs  4m47.0s/5m0s  1.00 iters/s

running (4m48.0s), 004/050 VUs, 284 complete and 0 interrupted iterations
steady   [  96% ] 004/050 VUs  4m48.0s/5m0s  1.00 iters/s

running (4m49.0s), 004/050 VUs, 285 complete and 0 interrupted iterations
steady   [  96% ] 004/050 VUs  4m49.0s/5m0s  1.00 iters/s

running (4m50.0s), 004/050 VUs, 286 complete and 0 interrupted iterations
steady   [  97% ] 004/050 VUs  4m50.0s/5m0s  1.00 iters/s

running (4m51.0s), 004/050 VUs, 287 complete and 0 interrupted iterations
steady   [  97% ] 004/050 VUs  4m51.0s/5m0s  1.00 iters/s

running (4m52.0s), 005/050 VUs, 287 complete and 0 interrupted iterations
steady   [  97% ] 005/050 VUs  4m52.0s/5m0s  1.00 iters/s

running (4m53.0s), 004/050 VUs, 289 complete and 0 interrupted iterations
steady   [  98% ] 004/050 VUs  4m53.0s/5m0s  1.00 iters/s

running (4m54.0s), 004/050 VUs, 290 complete and 0 interrupted iterations
steady   [  98% ] 004/050 VUs  4m54.0s/5m0s  1.00 iters/s

running (4m55.0s), 005/050 VUs, 290 complete and 0 interrupted iterations
steady   [  98% ] 005/050 VUs  4m55.0s/5m0s  1.00 iters/s

running (4m56.0s), 005/050 VUs, 291 complete and 0 interrupted iterations
steady   [  99% ] 005/050 VUs  4m56.0s/5m0s  1.00 iters/s

running (4m57.0s), 005/050 VUs, 292 complete and 0 interrupted iterations
steady   [  99% ] 005/050 VUs  4m57.0s/5m0s  1.00 iters/s

running (4m58.0s), 004/050 VUs, 294 complete and 0 interrupted iterations
steady   [  99% ] 004/050 VUs  4m58.0s/5m0s  1.00 iters/s

running (4m59.0s), 004/050 VUs, 295 complete and 0 interrupted iterations
steady   [ 100% ] 004/050 VUs  4m59.0s/5m0s  1.00 iters/s

running (5m00.0s), 004/050 VUs, 296 complete and 0 interrupted iterations
steady   [ 100% ] 004/050 VUs  5m00.0s/5m0s  1.00 iters/s

running (5m01.0s), 003/050 VUs, 297 complete and 0 interrupted iterations
steady ↓ [ 100% ] 004/050 VUs  5m0s  1.00 iters/s

running (5m02.0s), 002/050 VUs, 298 complete and 0 interrupted iterations
steady ↓ [ 100% ] 004/050 VUs  5m0s  1.00 iters/s

running (5m03.0s), 001/050 VUs, 299 complete and 0 interrupted iterations
steady ↓ [ 100% ] 004/050 VUs  5m0s  1.00 iters/s

================ DSP benchmark summary ================
-- per-phase latency --
  catalog                    p50=84.9 ms  p95=150.3 ms  p99=165.5 ms  max=210.3 ms  n=300
  negotiation init (POST)    p50=6.9 ms  p95=95.3 ms  p99=109.3 ms  max=232.4 ms  n=300
  time-to-AGREED (async)     p50=2554.5 ms  p95=3344.0 ms  p99=4100.2 ms  max=4824.0 ms  n=300
  transfer init (POST)       p50=37.9 ms  p95=100.3 ms  p99=133.5 ms  max=165.1 ms  n=300
  time-to-EDR (async)        p50=1780.0 ms  p95=2558.2 ms  p99=3047.0 ms  max=3299.0 ms  n=300
  data pull                  p50=28.1 ms  p95=33.0 ms  p99=49.9 ms  max=59.8 ms  n=300
-- end-to-end + throughput --
  e2e transaction            p50=4645.0 ms  p95=5988.1 ms  p99=7239.5 ms  max=7988.0 ms  n=300
  data throughput (MB/s)     p50=0.2  p95=0.2  p99=0.2  max=0.2  n=300
-- outcomes --
  transactions succeeded     count=300  rate=0.989/s
  transactions failed        (no data)
  failed rate                rate=0.00%  (pass=0 fail=300)
    of which TERMINATED      (no data)
    of which TIMED OUT       (no data)
    of which HTTP-FAILED     (no data)
  failure accounting       (no failures)
-- observer effect (poll load) --
  negotiation polls          count=3464  rate=11.424/s
  edr polls                  count=2507  rate=8.268/s
  polls per transaction     negotiation=11.5  edr=8.4  (timeout ceiling=120)
=======================================================
(full summary -> /home/rohitj/edc/benchmarking-factoryx-edc/resources/local-fx-mvd/k6-scripts/results/factoryx/on/steady/2026-08-10T10-32-09Z/k6-summary.json; POLL_INTERVAL_MS=250; IDENTITY_MODE=on)

running (5m03.2s), 000/050 VUs, 300 complete and 0 interrupted iterations
steady ✓ [ 100% ] 000/050 VUs  5m0s  1.00 iters/s
Prometheus snapshot [1786358014..1786358332] svc=(provider-controlplane|provider-dataplane|consumer-controlplane|consumer-dataplane) win=1m -> /home/rohitj/edc/benchmarking-factoryx-edc/resources/local-fx-mvd/k6-scripts/results/factoryx/on/steady/2026-08-10T10-32-09Z
  jvm-heap.csv (256 rows)
  jvm-gc-rate.csv (256 rows)
  jvm-threads.csv (256 rows)
  http-throughput.csv (256 rows)
  http-p95.csv (256 rows)
  http-errors.csv (128 rows)
  http-errors-5xx.csv (0 rows)
  http-status.csv (128 rows)
  host-cpu-busy.csv (64 rows)
  host-mem-used.csv (64 rows)
  5xx: no 5xx in window (confirmed: http-status has 128 samples, so the status label IS scraped)
  logs -> /home/rohitj/edc/benchmarking-factoryx-edc/resources/local-fx-mvd/k6-scripts/results/factoryx/on/steady/2026-08-10T10-32-09Z/logs (4 files)
    consumer-controlplane.log:0
    consumer-dataplane.log:0
    provider-controlplane.log:0
    provider-dataplane.log:0
VALIDITY  ok=300  failed=0  failed_rate=0%  dropped_iterations=0
>>> done: /home/rohitj/edc/benchmarking-factoryx-edc/resources/local-fx-mvd/k6-scripts/results/factoryx/on/steady/2026-08-10T10-32-09Z  (k6 exit 0)
===== repetition 4/5 =====
----- factoryx / steady (rep 4) -----
>>> factoryx / steady  ->  /home/rohitj/edc/benchmarking-factoryx-edc/resources/local-fx-mvd/k6-scripts/results/factoryx/on/steady/2026-08-10T10-38-53Z
parity OK: lib/ + scenarios/ + orchestration/ + tools/ identical to /home/rohitj/edc/benchmarking-factoryx-edc/resources/local-fx-mvd/k6-scripts
Health: http://localhost:29010/management + prometheus  OK
Warmup 60s @ 1/s (discarded)
  draining 20s before the measured window opens
k6 -> Prometheus remote-write: http://localhost:9090/api/v1/write

         /\      Grafana   /‾‾/  
    /\  /  \     |\  __   /  /   
   /  \/    \    | |/ /  /   ‾‾\ 
  /          \   |   (  |  (‾)  |
 / __________ \  |_|\_\  \_____/ 


     execution: local
        script: /home/rohitj/edc/benchmarking-factoryx-edc/resources/local-fx-mvd/k6-scripts/scenarios/steady.js
        output: Prometheus remote write (http://localhost:9090/api/v1/write)

     scenarios: (100.00%) 1 scenario, 200 max VUs, 5m30s max duration (incl. graceful stop):
              * steady: 1.00 iterations/s for 5m0s (maxVUs: 50-200, gracefulStop: 30s)


running (0m01.0s), 001/050 VUs, 0 complete and 0 interrupted iterations
steady   [   0% ] 001/050 VUs  0m01.0s/5m0s  1.00 iters/s

running (0m02.0s), 002/050 VUs, 0 complete and 0 interrupted iterations
steady   [   1% ] 002/050 VUs  0m02.0s/5m0s  1.00 iters/s

running (0m03.0s), 003/050 VUs, 0 complete and 0 interrupted iterations
steady   [   1% ] 003/050 VUs  0m03.0s/5m0s  1.00 iters/s

running (0m04.0s), 003/050 VUs, 1 complete and 0 interrupted iterations
steady   [   1% ] 003/050 VUs  0m04.0s/5m0s  1.00 iters/s

running (0m05.0s), 003/050 VUs, 2 complete and 0 interrupted iterations
steady   [   2% ] 003/050 VUs  0m05.0s/5m0s  1.00 iters/s

running (0m06.0s), 004/050 VUs, 2 complete and 0 interrupted iterations
steady   [   2% ] 004/050 VUs  0m06.0s/5m0s  1.00 iters/s

running (0m07.0s), 004/050 VUs, 3 complete and 0 interrupted iterations
steady   [   2% ] 004/050 VUs  0m07.0s/5m0s  1.00 iters/s

running (0m08.0s), 005/050 VUs, 3 complete and 0 interrupted iterations
steady   [   3% ] 005/050 VUs  0m08.0s/5m0s  1.00 iters/s

running (0m09.0s), 003/050 VUs, 6 complete and 0 interrupted iterations
steady   [   3% ] 003/050 VUs  0m09.0s/5m0s  1.00 iters/s

running (0m10.0s), 003/050 VUs, 7 complete and 0 interrupted iterations
steady   [   3% ] 003/050 VUs  0m10.0s/5m0s  1.00 iters/s

running (0m11.0s), 004/050 VUs, 7 complete and 0 interrupted iterations
steady   [   4% ] 004/050 VUs  0m11.0s/5m0s  1.00 iters/s

running (0m12.0s), 004/050 VUs, 8 complete and 0 interrupted iterations
steady   [   4% ] 004/050 VUs  0m12.0s/5m0s  1.00 iters/s

running (0m13.0s), 004/050 VUs, 9 complete and 0 interrupted iterations
steady   [   4% ] 004/050 VUs  0m13.0s/5m0s  1.00 iters/s

running (0m14.0s), 005/050 VUs, 9 complete and 0 interrupted iterations
steady   [   5% ] 005/050 VUs  0m14.0s/5m0s  1.00 iters/s

running (0m15.0s), 004/050 VUs, 11 complete and 0 interrupted iterations
steady   [   5% ] 004/050 VUs  0m15.0s/5m0s  1.00 iters/s

running (0m16.0s), 004/050 VUs, 12 complete and 0 interrupted iterations
steady   [   5% ] 004/050 VUs  0m16.0s/5m0s  1.00 iters/s

running (0m17.0s), 003/050 VUs, 14 complete and 0 interrupted iterations
steady   [   6% ] 003/050 VUs  0m17.0s/5m0s  1.00 iters/s

running (0m18.0s), 004/050 VUs, 14 complete and 0 interrupted iterations
steady   [   6% ] 004/050 VUs  0m18.0s/5m0s  1.00 iters/s

running (0m19.0s), 003/050 VUs, 16 complete and 0 interrupted iterations
steady   [   6% ] 003/050 VUs  0m19.0s/5m0s  1.00 iters/s

running (0m20.0s), 003/050 VUs, 17 complete and 0 interrupted iterations
steady   [   7% ] 003/050 VUs  0m20.0s/5m0s  1.00 iters/s

running (0m21.0s), 004/050 VUs, 17 complete and 0 interrupted iterations
steady   [   7% ] 004/050 VUs  0m21.0s/5m0s  1.00 iters/s

running (0m22.0s), 004/050 VUs, 18 complete and 0 interrupted iterations
steady   [   7% ] 004/050 VUs  0m22.0s/5m0s  1.00 iters/s

running (0m23.0s), 004/050 VUs, 19 complete and 0 interrupted iterations
steady   [   8% ] 004/050 VUs  0m23.0s/5m0s  1.00 iters/s

running (0m24.0s), 004/050 VUs, 20 complete and 0 interrupted iterations
steady   [   8% ] 004/050 VUs  0m24.0s/5m0s  1.00 iters/s

running (0m25.0s), 004/050 VUs, 21 complete and 0 interrupted iterations
steady   [   8% ] 004/050 VUs  0m25.0s/5m0s  1.00 iters/s

running (0m26.0s), 003/050 VUs, 23 complete and 0 interrupted iterations
steady   [   9% ] 003/050 VUs  0m26.0s/5m0s  1.00 iters/s

running (0m27.0s), 003/050 VUs, 24 complete and 0 interrupted iterations
steady   [   9% ] 003/050 VUs  0m27.0s/5m0s  1.00 iters/s

running (0m28.0s), 004/050 VUs, 24 complete and 0 interrupted iterations
steady   [   9% ] 004/050 VUs  0m28.0s/5m0s  1.00 iters/s

running (0m29.0s), 003/050 VUs, 26 complete and 0 interrupted iterations
steady   [  10% ] 003/050 VUs  0m29.0s/5m0s  1.00 iters/s

running (0m30.0s), 003/050 VUs, 27 complete and 0 interrupted iterations
steady   [  10% ] 003/050 VUs  0m30.0s/5m0s  1.00 iters/s

running (0m31.0s), 004/050 VUs, 27 complete and 0 interrupted iterations
steady   [  10% ] 004/050 VUs  0m31.0s/5m0s  1.00 iters/s

running (0m32.0s), 004/050 VUs, 28 complete and 0 interrupted iterations
steady   [  11% ] 004/050 VUs  0m32.0s/5m0s  1.00 iters/s

running (0m33.0s), 004/050 VUs, 29 complete and 0 interrupted iterations
steady   [  11% ] 004/050 VUs  0m33.0s/5m0s  1.00 iters/s

running (0m34.0s), 004/050 VUs, 30 complete and 0 interrupted iterations
steady   [  11% ] 004/050 VUs  0m34.0s/5m0s  1.00 iters/s

running (0m35.0s), 005/050 VUs, 30 complete and 0 interrupted iterations
steady   [  12% ] 005/050 VUs  0m35.0s/5m0s  1.00 iters/s

running (0m36.0s), 004/050 VUs, 32 complete and 0 interrupted iterations
steady   [  12% ] 004/050 VUs  0m36.0s/5m0s  1.00 iters/s

running (0m37.0s), 005/050 VUs, 32 complete and 0 interrupted iterations
steady   [  12% ] 005/050 VUs  0m37.0s/5m0s  1.00 iters/s

running (0m38.0s), 005/050 VUs, 33 complete and 0 interrupted iterations
steady   [  13% ] 005/050 VUs  0m38.0s/5m0s  1.00 iters/s

running (0m39.0s), 006/050 VUs, 33 complete and 0 interrupted iterations
steady   [  13% ] 006/050 VUs  0m39.0s/5m0s  1.00 iters/s

running (0m40.0s), 004/050 VUs, 36 complete and 0 interrupted iterations
steady   [  13% ] 004/050 VUs  0m40.0s/5m0s  1.00 iters/s

running (0m41.0s), 005/050 VUs, 36 complete and 0 interrupted iterations
steady   [  14% ] 005/050 VUs  0m41.0s/5m0s  1.00 iters/s

running (0m42.0s), 005/050 VUs, 37 complete and 0 interrupted iterations
steady   [  14% ] 005/050 VUs  0m42.0s/5m0s  1.00 iters/s

running (0m43.0s), 005/050 VUs, 38 complete and 0 interrupted iterations
steady   [  14% ] 005/050 VUs  0m43.0s/5m0s  1.00 iters/s

running (0m44.0s), 004/050 VUs, 40 complete and 0 interrupted iterations
steady   [  15% ] 004/050 VUs  0m44.0s/5m0s  1.00 iters/s

running (0m45.0s), 005/050 VUs, 40 complete and 0 interrupted iterations
steady   [  15% ] 005/050 VUs  0m45.0s/5m0s  1.00 iters/s

running (0m46.0s), 004/050 VUs, 42 complete and 0 interrupted iterations
steady   [  15% ] 004/050 VUs  0m46.0s/5m0s  1.00 iters/s

running (0m47.0s), 003/050 VUs, 44 complete and 0 interrupted iterations
steady   [  16% ] 003/050 VUs  0m47.0s/5m0s  1.00 iters/s

running (0m48.0s), 004/050 VUs, 44 complete and 0 interrupted iterations
steady   [  16% ] 004/050 VUs  0m48.0s/5m0s  1.00 iters/s

running (0m49.0s), 004/050 VUs, 45 complete and 0 interrupted iterations
steady   [  16% ] 004/050 VUs  0m49.0s/5m0s  1.00 iters/s

running (0m50.0s), 005/050 VUs, 45 complete and 0 interrupted iterations
steady   [  17% ] 005/050 VUs  0m50.0s/5m0s  1.00 iters/s

running (0m51.0s), 003/050 VUs, 48 complete and 0 interrupted iterations
steady   [  17% ] 003/050 VUs  0m51.0s/5m0s  1.00 iters/s

running (0m52.0s), 004/050 VUs, 48 complete and 0 interrupted iterations
steady   [  17% ] 004/050 VUs  0m52.0s/5m0s  1.00 iters/s

running (0m53.0s), 005/050 VUs, 48 complete and 0 interrupted iterations
steady   [  18% ] 005/050 VUs  0m53.0s/5m0s  1.00 iters/s

running (0m54.0s), 004/050 VUs, 50 complete and 0 interrupted iterations
steady   [  18% ] 004/050 VUs  0m54.0s/5m0s  1.00 iters/s

running (0m55.0s), 005/050 VUs, 50 complete and 0 interrupted iterations
steady   [  18% ] 005/050 VUs  0m55.0s/5m0s  1.00 iters/s

running (0m56.0s), 005/050 VUs, 51 complete and 0 interrupted iterations
steady   [  19% ] 005/050 VUs  0m56.0s/5m0s  1.00 iters/s

running (0m57.0s), 006/050 VUs, 51 complete and 0 interrupted iterations
steady   [  19% ] 006/050 VUs  0m57.0s/5m0s  1.00 iters/s

running (0m58.0s), 003/050 VUs, 55 complete and 0 interrupted iterations
steady   [  19% ] 003/050 VUs  0m58.0s/5m0s  1.00 iters/s

running (0m59.0s), 003/050 VUs, 56 complete and 0 interrupted iterations
steady   [  20% ] 003/050 VUs  0m59.0s/5m0s  1.00 iters/s

running (1m00.0s), 004/050 VUs, 56 complete and 0 interrupted iterations
steady   [  20% ] 004/050 VUs  1m00.0s/5m0s  1.00 iters/s

running (1m01.0s), 005/050 VUs, 56 complete and 0 interrupted iterations
steady   [  20% ] 005/050 VUs  1m01.0s/5m0s  1.00 iters/s

running (1m02.0s), 004/050 VUs, 58 complete and 0 interrupted iterations
steady   [  21% ] 004/050 VUs  1m02.0s/5m0s  1.00 iters/s

running (1m03.0s), 005/050 VUs, 58 complete and 0 interrupted iterations
steady   [  21% ] 005/050 VUs  1m03.0s/5m0s  1.00 iters/s

running (1m04.0s), 006/050 VUs, 58 complete and 0 interrupted iterations
steady   [  21% ] 006/050 VUs  1m04.0s/5m0s  1.00 iters/s

running (1m05.0s), 005/050 VUs, 60 complete and 0 interrupted iterations
steady   [  22% ] 005/050 VUs  1m05.0s/5m0s  1.00 iters/s

running (1m06.0s), 004/050 VUs, 62 complete and 0 interrupted iterations
steady   [  22% ] 004/050 VUs  1m06.0s/5m0s  1.00 iters/s

running (1m07.0s), 005/050 VUs, 62 complete and 0 interrupted iterations
steady   [  22% ] 005/050 VUs  1m07.0s/5m0s  1.00 iters/s

running (1m08.0s), 003/050 VUs, 65 complete and 0 interrupted iterations
steady   [  23% ] 003/050 VUs  1m08.0s/5m0s  1.00 iters/s

running (1m09.0s), 004/050 VUs, 65 complete and 0 interrupted iterations
steady   [  23% ] 004/050 VUs  1m09.0s/5m0s  1.00 iters/s

running (1m10.0s), 004/050 VUs, 66 complete and 0 interrupted iterations
steady   [  23% ] 004/050 VUs  1m10.0s/5m0s  1.00 iters/s

running (1m11.0s), 004/050 VUs, 67 complete and 0 interrupted iterations
steady   [  24% ] 004/050 VUs  1m11.0s/5m0s  1.00 iters/s

running (1m12.0s), 003/050 VUs, 69 complete and 0 interrupted iterations
steady   [  24% ] 003/050 VUs  1m12.0s/5m0s  1.00 iters/s

running (1m13.0s), 004/050 VUs, 69 complete and 0 interrupted iterations
steady   [  24% ] 004/050 VUs  1m13.0s/5m0s  1.00 iters/s

running (1m14.0s), 004/050 VUs, 70 complete and 0 interrupted iterations
steady   [  25% ] 004/050 VUs  1m14.0s/5m0s  1.00 iters/s

running (1m15.0s), 004/050 VUs, 71 complete and 0 interrupted iterations
steady   [  25% ] 004/050 VUs  1m15.0s/5m0s  1.00 iters/s

running (1m16.0s), 004/050 VUs, 72 complete and 0 interrupted iterations
steady   [  25% ] 004/050 VUs  1m16.0s/5m0s  1.00 iters/s

running (1m17.0s), 005/050 VUs, 72 complete and 0 interrupted iterations
steady   [  26% ] 005/050 VUs  1m17.0s/5m0s  1.00 iters/s

running (1m18.0s), 006/050 VUs, 72 complete and 0 interrupted iterations
steady   [  26% ] 006/050 VUs  1m18.0s/5m0s  1.00 iters/s

running (1m19.0s), 007/050 VUs, 72 complete and 0 interrupted iterations
steady   [  26% ] 007/050 VUs  1m19.0s/5m0s  1.00 iters/s

running (1m20.0s), 004/050 VUs, 76 complete and 0 interrupted iterations
steady   [  27% ] 004/050 VUs  1m20.0s/5m0s  1.00 iters/s

running (1m21.0s), 005/050 VUs, 76 complete and 0 interrupted iterations
steady   [  27% ] 005/050 VUs  1m21.0s/5m0s  1.00 iters/s

running (1m22.0s), 005/050 VUs, 77 complete and 0 interrupted iterations
steady   [  27% ] 005/050 VUs  1m22.0s/5m0s  1.00 iters/s

running (1m23.0s), 006/050 VUs, 77 complete and 0 interrupted iterations
steady   [  28% ] 006/050 VUs  1m23.0s/5m0s  1.00 iters/s

running (1m24.0s), 003/050 VUs, 81 complete and 0 interrupted iterations
steady   [  28% ] 003/050 VUs  1m24.0s/5m0s  1.00 iters/s

running (1m25.0s), 003/050 VUs, 82 complete and 0 interrupted iterations
steady   [  28% ] 003/050 VUs  1m25.0s/5m0s  1.00 iters/s

running (1m26.0s), 004/050 VUs, 82 complete and 0 interrupted iterations
steady   [  29% ] 004/050 VUs  1m26.0s/5m0s  1.00 iters/s

running (1m27.0s), 004/050 VUs, 83 complete and 0 interrupted iterations
steady   [  29% ] 004/050 VUs  1m27.0s/5m0s  1.00 iters/s

running (1m28.0s), 004/050 VUs, 84 complete and 0 interrupted iterations
steady   [  29% ] 004/050 VUs  1m28.0s/5m0s  1.00 iters/s

running (1m29.0s), 005/050 VUs, 84 complete and 0 interrupted iterations
steady   [  30% ] 005/050 VUs  1m29.0s/5m0s  1.00 iters/s

running (1m30.0s), 004/050 VUs, 86 complete and 0 interrupted iterations
steady   [  30% ] 004/050 VUs  1m30.0s/5m0s  1.00 iters/s

running (1m31.0s), 004/050 VUs, 87 complete and 0 interrupted iterations
steady   [  30% ] 004/050 VUs  1m31.0s/5m0s  1.00 iters/s

running (1m32.0s), 004/050 VUs, 88 complete and 0 interrupted iterations
steady   [  31% ] 004/050 VUs  1m32.0s/5m0s  1.00 iters/s

running (1m33.0s), 004/050 VUs, 89 complete and 0 interrupted iterations
steady   [  31% ] 004/050 VUs  1m33.0s/5m0s  1.00 iters/s

running (1m34.0s), 005/050 VUs, 89 complete and 0 interrupted iterations
steady   [  31% ] 005/050 VUs  1m34.0s/5m0s  1.00 iters/s

running (1m35.0s), 005/050 VUs, 90 complete and 0 interrupted iterations
steady   [  32% ] 005/050 VUs  1m35.0s/5m0s  1.00 iters/s

running (1m36.0s), 004/050 VUs, 92 complete and 0 interrupted iterations
steady   [  32% ] 004/050 VUs  1m36.0s/5m0s  1.00 iters/s

running (1m37.0s), 004/050 VUs, 93 complete and 0 interrupted iterations
steady   [  32% ] 004/050 VUs  1m37.0s/5m0s  1.00 iters/s

running (1m38.0s), 004/050 VUs, 94 complete and 0 interrupted iterations
steady   [  33% ] 004/050 VUs  1m38.0s/5m0s  1.00 iters/s

running (1m39.0s), 004/050 VUs, 95 complete and 0 interrupted iterations
steady   [  33% ] 004/050 VUs  1m39.0s/5m0s  1.00 iters/s

running (1m40.0s), 005/050 VUs, 95 complete and 0 interrupted iterations
steady   [  33% ] 005/050 VUs  1m40.0s/5m0s  1.00 iters/s

running (1m41.0s), 004/050 VUs, 97 complete and 0 interrupted iterations
steady   [  34% ] 004/050 VUs  1m41.0s/5m0s  1.00 iters/s

running (1m42.0s), 004/050 VUs, 98 complete and 0 interrupted iterations
steady   [  34% ] 004/050 VUs  1m42.0s/5m0s  1.00 iters/s

running (1m43.0s), 004/050 VUs, 99 complete and 0 interrupted iterations
steady   [  34% ] 004/050 VUs  1m43.0s/5m0s  1.00 iters/s

running (1m44.0s), 005/050 VUs, 99 complete and 0 interrupted iterations
steady   [  35% ] 005/050 VUs  1m44.0s/5m0s  1.00 iters/s

running (1m45.0s), 004/050 VUs, 101 complete and 0 interrupted iterations
steady   [  35% ] 004/050 VUs  1m45.0s/5m0s  1.00 iters/s

running (1m46.0s), 004/050 VUs, 102 complete and 0 interrupted iterations
steady   [  35% ] 004/050 VUs  1m46.0s/5m0s  1.00 iters/s

running (1m47.0s), 005/050 VUs, 102 complete and 0 interrupted iterations
steady   [  36% ] 005/050 VUs  1m47.0s/5m0s  1.00 iters/s

running (1m48.0s), 005/050 VUs, 103 complete and 0 interrupted iterations
steady   [  36% ] 005/050 VUs  1m48.0s/5m0s  1.00 iters/s

running (1m49.0s), 005/050 VUs, 104 complete and 0 interrupted iterations
steady   [  36% ] 005/050 VUs  1m49.0s/5m0s  1.00 iters/s

running (1m50.0s), 006/050 VUs, 104 complete and 0 interrupted iterations
steady   [  37% ] 006/050 VUs  1m50.0s/5m0s  1.00 iters/s

running (1m51.0s), 006/050 VUs, 105 complete and 0 interrupted iterations
steady   [  37% ] 006/050 VUs  1m51.0s/5m0s  1.00 iters/s

running (1m52.0s), 004/050 VUs, 108 complete and 0 interrupted iterations
steady   [  37% ] 004/050 VUs  1m52.0s/5m0s  1.00 iters/s

running (1m53.0s), 004/050 VUs, 109 complete and 0 interrupted iterations
steady   [  38% ] 004/050 VUs  1m53.0s/5m0s  1.00 iters/s

running (1m54.0s), 005/050 VUs, 109 complete and 0 interrupted iterations
steady   [  38% ] 005/050 VUs  1m54.0s/5m0s  1.00 iters/s

running (1m55.0s), 006/050 VUs, 109 complete and 0 interrupted iterations
steady   [  38% ] 006/050 VUs  1m55.0s/5m0s  1.00 iters/s

running (1m56.0s), 005/050 VUs, 111 complete and 0 interrupted iterations
steady   [  39% ] 005/050 VUs  1m56.0s/5m0s  1.00 iters/s

running (1m57.0s), 005/050 VUs, 112 complete and 0 interrupted iterations
steady   [  39% ] 005/050 VUs  1m57.0s/5m0s  1.00 iters/s

running (1m58.0s), 005/050 VUs, 113 complete and 0 interrupted iterations
steady   [  39% ] 005/050 VUs  1m58.0s/5m0s  1.00 iters/s

running (1m59.0s), 006/050 VUs, 113 complete and 0 interrupted iterations
steady   [  40% ] 006/050 VUs  1m59.0s/5m0s  1.00 iters/s

running (2m00.0s), 004/050 VUs, 116 complete and 0 interrupted iterations
steady   [  40% ] 004/050 VUs  2m00.0s/5m0s  1.00 iters/s

running (2m01.0s), 005/050 VUs, 116 complete and 0 interrupted iterations
steady   [  40% ] 005/050 VUs  2m01.0s/5m0s  1.00 iters/s

running (2m02.0s), 004/050 VUs, 118 complete and 0 interrupted iterations
steady   [  41% ] 004/050 VUs  2m02.0s/5m0s  1.00 iters/s

running (2m03.0s), 004/050 VUs, 119 complete and 0 interrupted iterations
steady   [  41% ] 004/050 VUs  2m03.0s/5m0s  1.00 iters/s

running (2m04.0s), 005/050 VUs, 119 complete and 0 interrupted iterations
steady   [  41% ] 005/050 VUs  2m04.0s/5m0s  1.00 iters/s

running (2m05.0s), 006/050 VUs, 119 complete and 0 interrupted iterations
steady   [  42% ] 006/050 VUs  2m05.0s/5m0s  1.00 iters/s

running (2m06.0s), 005/050 VUs, 121 complete and 0 interrupted iterations
steady   [  42% ] 005/050 VUs  2m06.0s/5m0s  1.00 iters/s

running (2m07.0s), 005/050 VUs, 122 complete and 0 interrupted iterations
steady   [  42% ] 005/050 VUs  2m07.0s/5m0s  1.00 iters/s

running (2m08.0s), 005/050 VUs, 123 complete and 0 interrupted iterations
steady   [  43% ] 005/050 VUs  2m08.0s/5m0s  1.00 iters/s

running (2m09.0s), 006/050 VUs, 123 complete and 0 interrupted iterations
steady   [  43% ] 006/050 VUs  2m09.0s/5m0s  1.00 iters/s

running (2m10.0s), 005/050 VUs, 125 complete and 0 interrupted iterations
steady   [  43% ] 005/050 VUs  2m10.0s/5m0s  1.00 iters/s

running (2m11.0s), 005/050 VUs, 126 complete and 0 interrupted iterations
steady   [  44% ] 005/050 VUs  2m11.0s/5m0s  1.00 iters/s

running (2m12.0s), 006/050 VUs, 126 complete and 0 interrupted iterations
steady   [  44% ] 006/050 VUs  2m12.0s/5m0s  1.00 iters/s

running (2m13.0s), 003/050 VUs, 130 complete and 0 interrupted iterations
steady   [  44% ] 003/050 VUs  2m13.0s/5m0s  1.00 iters/s

running (2m14.0s), 004/050 VUs, 130 complete and 0 interrupted iterations
steady   [  45% ] 004/050 VUs  2m14.0s/5m0s  1.00 iters/s

running (2m15.0s), 004/050 VUs, 131 complete and 0 interrupted iterations
steady   [  45% ] 004/050 VUs  2m15.0s/5m0s  1.00 iters/s

running (2m16.0s), 004/050 VUs, 132 complete and 0 interrupted iterations
steady   [  45% ] 004/050 VUs  2m16.0s/5m0s  1.00 iters/s

running (2m17.0s), 004/050 VUs, 133 complete and 0 interrupted iterations
steady   [  46% ] 004/050 VUs  2m17.0s/5m0s  1.00 iters/s

running (2m18.0s), 003/050 VUs, 135 complete and 0 interrupted iterations
steady   [  46% ] 003/050 VUs  2m18.0s/5m0s  1.00 iters/s

running (2m19.0s), 004/050 VUs, 135 complete and 0 interrupted iterations
steady   [  46% ] 004/050 VUs  2m19.0s/5m0s  1.00 iters/s

running (2m20.0s), 004/050 VUs, 136 complete and 0 interrupted iterations
steady   [  47% ] 004/050 VUs  2m20.0s/5m0s  1.00 iters/s

running (2m21.0s), 004/050 VUs, 137 complete and 0 interrupted iterations
steady   [  47% ] 004/050 VUs  2m21.0s/5m0s  1.00 iters/s

running (2m22.0s), 005/050 VUs, 137 complete and 0 interrupted iterations
steady   [  47% ] 005/050 VUs  2m22.0s/5m0s  1.00 iters/s

running (2m23.0s), 005/050 VUs, 138 complete and 0 interrupted iterations
steady   [  48% ] 005/050 VUs  2m23.0s/5m0s  1.00 iters/s

running (2m24.0s), 004/050 VUs, 140 complete and 0 interrupted iterations
steady   [  48% ] 004/050 VUs  2m24.0s/5m0s  1.00 iters/s

running (2m25.0s), 004/050 VUs, 141 complete and 0 interrupted iterations
steady   [  48% ] 004/050 VUs  2m25.0s/5m0s  1.00 iters/s

running (2m26.0s), 005/050 VUs, 141 complete and 0 interrupted iterations
steady   [  49% ] 005/050 VUs  2m26.0s/5m0s  1.00 iters/s

running (2m27.0s), 004/050 VUs, 143 complete and 0 interrupted iterations
steady   [  49% ] 004/050 VUs  2m27.0s/5m0s  1.00 iters/s

running (2m28.0s), 003/050 VUs, 145 complete and 0 interrupted iterations
steady   [  49% ] 003/050 VUs  2m28.0s/5m0s  1.00 iters/s

running (2m29.0s), 003/050 VUs, 146 complete and 0 interrupted iterations
steady   [  50% ] 003/050 VUs  2m29.0s/5m0s  1.00 iters/s

running (2m30.0s), 004/050 VUs, 146 complete and 0 interrupted iterations
steady   [  50% ] 004/050 VUs  2m30.0s/5m0s  1.00 iters/s

running (2m31.0s), 004/050 VUs, 147 complete and 0 interrupted iterations
steady   [  50% ] 004/050 VUs  2m31.0s/5m0s  1.00 iters/s

running (2m32.0s), 004/050 VUs, 148 complete and 0 interrupted iterations
steady   [  51% ] 004/050 VUs  2m32.0s/5m0s  1.00 iters/s

running (2m33.0s), 003/050 VUs, 150 complete and 0 interrupted iterations
steady   [  51% ] 003/050 VUs  2m33.0s/5m0s  1.00 iters/s

running (2m34.0s), 004/050 VUs, 150 complete and 0 interrupted iterations
steady   [  51% ] 004/050 VUs  2m34.0s/5m0s  1.00 iters/s

running (2m35.0s), 004/050 VUs, 151 complete and 0 interrupted iterations
steady   [  52% ] 004/050 VUs  2m35.0s/5m0s  1.00 iters/s

running (2m36.0s), 004/050 VUs, 152 complete and 0 interrupted iterations
steady   [  52% ] 004/050 VUs  2m36.0s/5m0s  1.00 iters/s

running (2m37.0s), 004/050 VUs, 153 complete and 0 interrupted iterations
steady   [  52% ] 004/050 VUs  2m37.0s/5m0s  1.00 iters/s

running (2m38.0s), 005/050 VUs, 153 complete and 0 interrupted iterations
steady   [  53% ] 005/050 VUs  2m38.0s/5m0s  1.00 iters/s

running (2m39.0s), 004/050 VUs, 155 complete and 0 interrupted iterations
steady   [  53% ] 004/050 VUs  2m39.0s/5m0s  1.00 iters/s

running (2m40.0s), 004/050 VUs, 156 complete and 0 interrupted iterations
steady   [  53% ] 004/050 VUs  2m40.0s/5m0s  1.00 iters/s

running (2m41.0s), 005/050 VUs, 156 complete and 0 interrupted iterations
steady   [  54% ] 005/050 VUs  2m41.0s/5m0s  1.00 iters/s

running (2m42.0s), 005/050 VUs, 157 complete and 0 interrupted iterations
steady   [  54% ] 005/050 VUs  2m42.0s/5m0s  1.00 iters/s

running (2m43.0s), 005/050 VUs, 158 complete and 0 interrupted iterations
steady   [  54% ] 005/050 VUs  2m43.0s/5m0s  1.00 iters/s

running (2m44.0s), 004/050 VUs, 160 complete and 0 interrupted iterations
steady   [  55% ] 004/050 VUs  2m44.0s/5m0s  1.00 iters/s

running (2m45.0s), 004/050 VUs, 161 complete and 0 interrupted iterations
steady   [  55% ] 004/050 VUs  2m45.0s/5m0s  1.00 iters/s

running (2m46.0s), 005/050 VUs, 161 complete and 0 interrupted iterations
steady   [  55% ] 005/050 VUs  2m46.0s/5m0s  1.00 iters/s

running (2m47.0s), 004/050 VUs, 163 complete and 0 interrupted iterations
steady   [  56% ] 004/050 VUs  2m47.0s/5m0s  1.00 iters/s

running (2m48.0s), 005/050 VUs, 163 complete and 0 interrupted iterations
steady   [  56% ] 005/050 VUs  2m48.0s/5m0s  1.00 iters/s

running (2m49.0s), 004/050 VUs, 165 complete and 0 interrupted iterations
steady   [  56% ] 004/050 VUs  2m49.0s/5m0s  1.00 iters/s

running (2m50.0s), 005/050 VUs, 165 complete and 0 interrupted iterations
steady   [  57% ] 005/050 VUs  2m50.0s/5m0s  1.00 iters/s

running (2m51.0s), 004/050 VUs, 167 complete and 0 interrupted iterations
steady   [  57% ] 004/050 VUs  2m51.0s/5m0s  1.00 iters/s

running (2m52.0s), 005/050 VUs, 167 complete and 0 interrupted iterations
steady   [  57% ] 005/050 VUs  2m52.0s/5m0s  1.00 iters/s

running (2m53.0s), 004/050 VUs, 169 complete and 0 interrupted iterations
steady   [  58% ] 004/050 VUs  2m53.0s/5m0s  1.00 iters/s

running (2m54.0s), 005/050 VUs, 169 complete and 0 interrupted iterations
steady   [  58% ] 005/050 VUs  2m54.0s/5m0s  1.00 iters/s

running (2m55.0s), 006/050 VUs, 169 complete and 0 interrupted iterations
steady   [  58% ] 006/050 VUs  2m55.0s/5m0s  1.00 iters/s

running (2m56.0s), 003/050 VUs, 173 complete and 0 interrupted iterations
steady   [  59% ] 003/050 VUs  2m56.0s/5m0s  1.00 iters/s

running (2m57.0s), 004/050 VUs, 173 complete and 0 interrupted iterations
steady   [  59% ] 004/050 VUs  2m57.0s/5m0s  1.00 iters/s

running (2m58.0s), 004/050 VUs, 174 complete and 0 interrupted iterations
steady   [  59% ] 004/050 VUs  2m58.0s/5m0s  1.00 iters/s

running (2m59.0s), 003/050 VUs, 176 complete and 0 interrupted iterations
steady   [  60% ] 003/050 VUs  2m59.0s/5m0s  1.00 iters/s

running (3m00.0s), 004/050 VUs, 176 complete and 0 interrupted iterations
steady   [  60% ] 004/050 VUs  3m00.0s/5m0s  1.00 iters/s

running (3m01.0s), 004/050 VUs, 177 complete and 0 interrupted iterations
steady   [  60% ] 004/050 VUs  3m01.0s/5m0s  1.00 iters/s

running (3m02.0s), 004/050 VUs, 178 complete and 0 interrupted iterations
steady   [  61% ] 004/050 VUs  3m02.0s/5m0s  1.00 iters/s

running (3m03.0s), 004/050 VUs, 179 complete and 0 interrupted iterations
steady   [  61% ] 004/050 VUs  3m03.0s/5m0s  1.00 iters/s

running (3m04.0s), 003/050 VUs, 181 complete and 0 interrupted iterations
steady   [  61% ] 003/050 VUs  3m04.0s/5m0s  1.00 iters/s

running (3m05.0s), 004/050 VUs, 181 complete and 0 interrupted iterations
steady   [  62% ] 004/050 VUs  3m05.0s/5m0s  1.00 iters/s

running (3m06.0s), 005/050 VUs, 181 complete and 0 interrupted iterations
steady   [  62% ] 005/050 VUs  3m06.0s/5m0s  1.00 iters/s

running (3m07.0s), 006/050 VUs, 181 complete and 0 interrupted iterations
steady   [  62% ] 006/050 VUs  3m07.0s/5m0s  1.00 iters/s

running (3m08.0s), 005/050 VUs, 183 complete and 0 interrupted iterations
steady   [  63% ] 005/050 VUs  3m08.0s/5m0s  1.00 iters/s

running (3m09.0s), 005/050 VUs, 184 complete and 0 interrupted iterations
steady   [  63% ] 005/050 VUs  3m09.0s/5m0s  1.00 iters/s

running (3m10.0s), 005/050 VUs, 185 complete and 0 interrupted iterations
steady   [  63% ] 005/050 VUs  3m10.0s/5m0s  1.00 iters/s

running (3m11.0s), 004/050 VUs, 187 complete and 0 interrupted iterations
steady   [  64% ] 004/050 VUs  3m11.0s/5m0s  1.00 iters/s

running (3m12.0s), 005/050 VUs, 187 complete and 0 interrupted iterations
steady   [  64% ] 005/050 VUs  3m12.0s/5m0s  1.00 iters/s

running (3m13.0s), 005/050 VUs, 188 complete and 0 interrupted iterations
steady   [  64% ] 005/050 VUs  3m13.0s/5m0s  1.00 iters/s

running (3m14.0s), 005/050 VUs, 189 complete and 0 interrupted iterations
steady   [  65% ] 005/050 VUs  3m14.0s/5m0s  1.00 iters/s

running (3m15.0s), 005/050 VUs, 190 complete and 0 interrupted iterations
steady   [  65% ] 005/050 VUs  3m15.0s/5m0s  1.00 iters/s

running (3m16.0s), 004/050 VUs, 192 complete and 0 interrupted iterations
steady   [  65% ] 004/050 VUs  3m16.0s/5m0s  1.00 iters/s

running (3m17.0s), 005/050 VUs, 192 complete and 0 interrupted iterations
steady   [  66% ] 005/050 VUs  3m17.0s/5m0s  1.00 iters/s

running (3m18.0s), 004/050 VUs, 194 complete and 0 interrupted iterations
steady   [  66% ] 004/050 VUs  3m18.0s/5m0s  1.00 iters/s

running (3m19.0s), 004/050 VUs, 195 complete and 0 interrupted iterations
steady   [  66% ] 004/050 VUs  3m19.0s/5m0s  1.00 iters/s

running (3m20.0s), 005/050 VUs, 195 complete and 0 interrupted iterations
steady   [  67% ] 005/050 VUs  3m20.0s/5m0s  1.00 iters/s

running (3m21.0s), 004/050 VUs, 197 complete and 0 interrupted iterations
steady   [  67% ] 004/050 VUs  3m21.0s/5m0s  1.00 iters/s

running (3m22.0s), 004/050 VUs, 198 complete and 0 interrupted iterations
steady   [  67% ] 004/050 VUs  3m22.0s/5m0s  1.00 iters/s

running (3m23.0s), 004/050 VUs, 199 complete and 0 interrupted iterations
steady   [  68% ] 004/050 VUs  3m23.0s/5m0s  1.00 iters/s

running (3m24.0s), 005/050 VUs, 199 complete and 0 interrupted iterations
steady   [  68% ] 005/050 VUs  3m24.0s/5m0s  1.00 iters/s

running (3m25.0s), 005/050 VUs, 200 complete and 0 interrupted iterations
steady   [  68% ] 005/050 VUs  3m25.0s/5m0s  1.00 iters/s

running (3m26.0s), 005/050 VUs, 201 complete and 0 interrupted iterations
steady   [  69% ] 005/050 VUs  3m26.0s/5m0s  1.00 iters/s

running (3m27.0s), 005/050 VUs, 202 complete and 0 interrupted iterations
steady   [  69% ] 005/050 VUs  3m27.0s/5m0s  1.00 iters/s

running (3m28.0s), 005/050 VUs, 203 complete and 0 interrupted iterations
steady   [  69% ] 005/050 VUs  3m28.0s/5m0s  1.00 iters/s

running (3m29.0s), 005/050 VUs, 204 complete and 0 interrupted iterations
steady   [  70% ] 005/050 VUs  3m29.0s/5m0s  1.00 iters/s

running (3m30.0s), 004/050 VUs, 206 complete and 0 interrupted iterations
steady   [  70% ] 004/050 VUs  3m30.0s/5m0s  1.00 iters/s

running (3m31.0s), 005/050 VUs, 206 complete and 0 interrupted iterations
steady   [  70% ] 005/050 VUs  3m31.0s/5m0s  1.00 iters/s

running (3m32.0s), 004/050 VUs, 208 complete and 0 interrupted iterations
steady   [  71% ] 004/050 VUs  3m32.0s/5m0s  1.00 iters/s

running (3m33.0s), 004/050 VUs, 209 complete and 0 interrupted iterations
steady   [  71% ] 004/050 VUs  3m33.0s/5m0s  1.00 iters/s

running (3m34.0s), 004/050 VUs, 210 complete and 0 interrupted iterations
steady   [  71% ] 004/050 VUs  3m34.0s/5m0s  1.00 iters/s

running (3m35.0s), 005/050 VUs, 210 complete and 0 interrupted iterations
steady   [  72% ] 005/050 VUs  3m35.0s/5m0s  1.00 iters/s

running (3m36.0s), 005/050 VUs, 211 complete and 0 interrupted iterations
steady   [  72% ] 005/050 VUs  3m36.0s/5m0s  1.00 iters/s

running (3m37.0s), 004/050 VUs, 213 complete and 0 interrupted iterations
steady   [  72% ] 004/050 VUs  3m37.0s/5m0s  1.00 iters/s

running (3m38.0s), 004/050 VUs, 214 complete and 0 interrupted iterations
steady   [  73% ] 004/050 VUs  3m38.0s/5m0s  1.00 iters/s

running (3m39.0s), 004/050 VUs, 215 complete and 0 interrupted iterations
steady   [  73% ] 004/050 VUs  3m39.0s/5m0s  1.00 iters/s

running (3m40.0s), 005/050 VUs, 215 complete and 0 interrupted iterations
steady   [  73% ] 005/050 VUs  3m40.0s/5m0s  1.00 iters/s

running (3m41.0s), 005/050 VUs, 216 complete and 0 interrupted iterations
steady   [  74% ] 005/050 VUs  3m41.0s/5m0s  1.00 iters/s

running (3m42.0s), 004/050 VUs, 218 complete and 0 interrupted iterations
steady   [  74% ] 004/050 VUs  3m42.0s/5m0s  1.00 iters/s

running (3m43.0s), 005/050 VUs, 218 complete and 0 interrupted iterations
steady   [  74% ] 005/050 VUs  3m43.0s/5m0s  1.00 iters/s

running (3m44.0s), 005/050 VUs, 219 complete and 0 interrupted iterations
steady   [  75% ] 005/050 VUs  3m44.0s/5m0s  1.00 iters/s

running (3m45.0s), 004/050 VUs, 221 complete and 0 interrupted iterations
steady   [  75% ] 004/050 VUs  3m45.0s/5m0s  1.00 iters/s

running (3m46.0s), 005/050 VUs, 221 complete and 0 interrupted iterations
steady   [  75% ] 005/050 VUs  3m46.0s/5m0s  1.00 iters/s

running (3m47.0s), 005/050 VUs, 222 complete and 0 interrupted iterations
steady   [  76% ] 005/050 VUs  3m47.0s/5m0s  1.00 iters/s

running (3m48.0s), 006/050 VUs, 222 complete and 0 interrupted iterations
steady   [  76% ] 006/050 VUs  3m48.0s/5m0s  1.00 iters/s

running (3m49.0s), 004/050 VUs, 225 complete and 0 interrupted iterations
steady   [  76% ] 004/050 VUs  3m49.0s/5m0s  1.00 iters/s

running (3m50.0s), 004/050 VUs, 226 complete and 0 interrupted iterations
steady   [  77% ] 004/050 VUs  3m50.0s/5m0s  1.00 iters/s

running (3m51.0s), 005/050 VUs, 226 complete and 0 interrupted iterations
steady   [  77% ] 005/050 VUs  3m51.0s/5m0s  1.00 iters/s

running (3m52.0s), 004/050 VUs, 228 complete and 0 interrupted iterations
steady   [  77% ] 004/050 VUs  3m52.0s/5m0s  1.00 iters/s

running (3m53.0s), 005/050 VUs, 228 complete and 0 interrupted iterations
steady   [  78% ] 005/050 VUs  3m53.0s/5m0s  1.00 iters/s

running (3m54.0s), 003/050 VUs, 231 complete and 0 interrupted iterations
steady   [  78% ] 003/050 VUs  3m54.0s/5m0s  1.00 iters/s

running (3m55.0s), 003/050 VUs, 232 complete and 0 interrupted iterations
steady   [  78% ] 003/050 VUs  3m55.0s/5m0s  1.00 iters/s

running (3m56.0s), 003/050 VUs, 233 complete and 0 interrupted iterations
steady   [  79% ] 003/050 VUs  3m56.0s/5m0s  1.00 iters/s

running (3m57.0s), 004/050 VUs, 233 complete and 0 interrupted iterations
steady   [  79% ] 004/050 VUs  3m57.0s/5m0s  1.00 iters/s

running (3m58.0s), 004/050 VUs, 234 complete and 0 interrupted iterations
steady   [  79% ] 004/050 VUs  3m58.0s/5m0s  1.00 iters/s

running (3m59.0s), 004/050 VUs, 235 complete and 0 interrupted iterations
steady   [  80% ] 004/050 VUs  3m59.0s/5m0s  1.00 iters/s

running (4m00.0s), 005/050 VUs, 235 complete and 0 interrupted iterations
steady   [  80% ] 005/050 VUs  4m00.0s/5m0s  1.00 iters/s

running (4m01.0s), 004/050 VUs, 237 complete and 0 interrupted iterations
steady   [  80% ] 004/050 VUs  4m01.0s/5m0s  1.00 iters/s

running (4m02.0s), 004/050 VUs, 238 complete and 0 interrupted iterations
steady   [  81% ] 004/050 VUs  4m02.0s/5m0s  1.00 iters/s

running (4m03.0s), 004/050 VUs, 239 complete and 0 interrupted iterations
steady   [  81% ] 004/050 VUs  4m03.0s/5m0s  1.00 iters/s

running (4m04.0s), 004/050 VUs, 240 complete and 0 interrupted iterations
steady   [  81% ] 004/050 VUs  4m04.0s/5m0s  1.00 iters/s

running (4m05.0s), 004/050 VUs, 241 complete and 0 interrupted iterations
steady   [  82% ] 004/050 VUs  4m05.0s/5m0s  1.00 iters/s

running (4m06.0s), 005/050 VUs, 241 complete and 0 interrupted iterations
steady   [  82% ] 005/050 VUs  4m06.0s/5m0s  1.00 iters/s

running (4m07.0s), 004/050 VUs, 243 complete and 0 interrupted iterations
steady   [  82% ] 004/050 VUs  4m07.0s/5m0s  1.00 iters/s

running (4m08.0s), 004/050 VUs, 244 complete and 0 interrupted iterations
steady   [  83% ] 004/050 VUs  4m08.0s/5m0s  1.00 iters/s

running (4m09.0s), 004/050 VUs, 245 complete and 0 interrupted iterations
steady   [  83% ] 004/050 VUs  4m09.0s/5m0s  1.00 iters/s

running (4m10.0s), 004/050 VUs, 246 complete and 0 interrupted iterations
steady   [  83% ] 004/050 VUs  4m10.0s/5m0s  1.00 iters/s

running (4m11.0s), 005/050 VUs, 246 complete and 0 interrupted iterations
steady   [  84% ] 005/050 VUs  4m11.0s/5m0s  1.00 iters/s

running (4m12.0s), 004/050 VUs, 248 complete and 0 interrupted iterations
steady   [  84% ] 004/050 VUs  4m12.0s/5m0s  1.00 iters/s

running (4m13.0s), 004/050 VUs, 249 complete and 0 interrupted iterations
steady   [  84% ] 004/050 VUs  4m13.0s/5m0s  1.00 iters/s

running (4m14.0s), 004/050 VUs, 250 complete and 0 interrupted iterations
steady   [  85% ] 004/050 VUs  4m14.0s/5m0s  1.00 iters/s

running (4m15.0s), 004/050 VUs, 251 complete and 0 interrupted iterations
steady   [  85% ] 004/050 VUs  4m15.0s/5m0s  1.00 iters/s

running (4m16.0s), 005/050 VUs, 251 complete and 0 interrupted iterations
steady   [  85% ] 005/050 VUs  4m16.0s/5m0s  1.00 iters/s

running (4m17.0s), 004/050 VUs, 253 complete and 0 interrupted iterations
steady   [  86% ] 004/050 VUs  4m17.0s/5m0s  1.00 iters/s

running (4m18.0s), 004/050 VUs, 254 complete and 0 interrupted iterations
steady   [  86% ] 004/050 VUs  4m18.0s/5m0s  1.00 iters/s

running (4m19.0s), 004/050 VUs, 255 complete and 0 interrupted iterations
steady   [  86% ] 004/050 VUs  4m19.0s/5m0s  1.00 iters/s

running (4m20.0s), 005/050 VUs, 255 complete and 0 interrupted iterations
steady   [  87% ] 005/050 VUs  4m20.0s/5m0s  1.00 iters/s

running (4m21.0s), 003/050 VUs, 258 complete and 0 interrupted iterations
steady   [  87% ] 003/050 VUs  4m21.0s/5m0s  1.00 iters/s

running (4m22.0s), 003/050 VUs, 259 complete and 0 interrupted iterations
steady   [  87% ] 003/050 VUs  4m22.0s/5m0s  1.00 iters/s

running (4m23.0s), 004/050 VUs, 259 complete and 0 interrupted iterations
steady   [  88% ] 004/050 VUs  4m23.0s/5m0s  1.00 iters/s

running (4m24.0s), 004/050 VUs, 260 complete and 0 interrupted iterations
steady   [  88% ] 004/050 VUs  4m24.0s/5m0s  1.00 iters/s

running (4m25.0s), 004/050 VUs, 261 complete and 0 interrupted iterations
steady   [  88% ] 004/050 VUs  4m25.0s/5m0s  1.00 iters/s

running (4m26.0s), 003/050 VUs, 263 complete and 0 interrupted iterations
steady   [  89% ] 003/050 VUs  4m26.0s/5m0s  1.00 iters/s

running (4m27.0s), 004/050 VUs, 263 complete and 0 interrupted iterations
steady   [  89% ] 004/050 VUs  4m27.0s/5m0s  1.00 iters/s

running (4m28.0s), 004/050 VUs, 264 complete and 0 interrupted iterations
steady   [  89% ] 004/050 VUs  4m28.0s/5m0s  1.00 iters/s

running (4m29.0s), 004/050 VUs, 265 complete and 0 interrupted iterations
steady   [  90% ] 004/050 VUs  4m29.0s/5m0s  1.00 iters/s

running (4m30.0s), 004/050 VUs, 266 complete and 0 interrupted iterations
steady   [  90% ] 004/050 VUs  4m30.0s/5m0s  1.00 iters/s

running (4m31.0s), 005/050 VUs, 266 complete and 0 interrupted iterations
steady   [  90% ] 005/050 VUs  4m31.0s/5m0s  1.00 iters/s

running (4m32.0s), 004/050 VUs, 268 complete and 0 interrupted iterations
steady   [  91% ] 004/050 VUs  4m32.0s/5m0s  1.00 iters/s

running (4m33.0s), 003/050 VUs, 270 complete and 0 interrupted iterations
steady   [  91% ] 003/050 VUs  4m33.0s/5m0s  1.00 iters/s

running (4m34.0s), 004/050 VUs, 270 complete and 0 interrupted iterations
steady   [  91% ] 004/050 VUs  4m34.0s/5m0s  1.00 iters/s

running (4m35.0s), 004/050 VUs, 271 complete and 0 interrupted iterations
steady   [  92% ] 004/050 VUs  4m35.0s/5m0s  1.00 iters/s

running (4m36.0s), 004/050 VUs, 272 complete and 0 interrupted iterations
steady   [  92% ] 004/050 VUs  4m36.0s/5m0s  1.00 iters/s

running (4m37.0s), 003/050 VUs, 274 complete and 0 interrupted iterations
steady   [  92% ] 003/050 VUs  4m37.0s/5m0s  1.00 iters/s

running (4m38.0s), 004/050 VUs, 274 complete and 0 interrupted iterations
steady   [  93% ] 004/050 VUs  4m38.0s/5m0s  1.00 iters/s

running (4m39.0s), 004/050 VUs, 275 complete and 0 interrupted iterations
steady   [  93% ] 004/050 VUs  4m39.0s/5m0s  1.00 iters/s

running (4m40.0s), 004/050 VUs, 276 complete and 0 interrupted iterations
steady   [  93% ] 004/050 VUs  4m40.0s/5m0s  1.00 iters/s

running (4m41.0s), 004/050 VUs, 277 complete and 0 interrupted iterations
steady   [  94% ] 004/050 VUs  4m41.0s/5m0s  1.00 iters/s

running (4m42.0s), 005/050 VUs, 277 complete and 0 interrupted iterations
steady   [  94% ] 005/050 VUs  4m42.0s/5m0s  1.00 iters/s

running (4m43.0s), 004/050 VUs, 279 complete and 0 interrupted iterations
steady   [  94% ] 004/050 VUs  4m43.0s/5m0s  1.00 iters/s

running (4m44.0s), 004/050 VUs, 280 complete and 0 interrupted iterations
steady   [  95% ] 004/050 VUs  4m44.0s/5m0s  1.00 iters/s

running (4m45.0s), 004/050 VUs, 281 complete and 0 interrupted iterations
steady   [  95% ] 004/050 VUs  4m45.0s/5m0s  1.00 iters/s

running (4m46.0s), 005/050 VUs, 281 complete and 0 interrupted iterations
steady   [  95% ] 005/050 VUs  4m46.0s/5m0s  1.00 iters/s

running (4m47.0s), 005/050 VUs, 282 complete and 0 interrupted iterations
steady   [  96% ] 005/050 VUs  4m47.0s/5m0s  1.00 iters/s

running (4m48.0s), 005/050 VUs, 283 complete and 0 interrupted iterations
steady   [  96% ] 005/050 VUs  4m48.0s/5m0s  1.00 iters/s

running (4m49.0s), 004/050 VUs, 285 complete and 0 interrupted iterations
steady   [  96% ] 004/050 VUs  4m49.0s/5m0s  1.00 iters/s

running (4m50.0s), 004/050 VUs, 286 complete and 0 interrupted iterations
steady   [  97% ] 004/050 VUs  4m50.0s/5m0s  1.00 iters/s

running (4m51.0s), 004/050 VUs, 287 complete and 0 interrupted iterations
steady   [  97% ] 004/050 VUs  4m51.0s/5m0s  1.00 iters/s

running (4m52.0s), 004/050 VUs, 288 complete and 0 interrupted iterations
steady   [  97% ] 004/050 VUs  4m52.0s/5m0s  1.00 iters/s

running (4m53.0s), 004/050 VUs, 289 complete and 0 interrupted iterations
steady   [  98% ] 004/050 VUs  4m53.0s/5m0s  1.00 iters/s

running (4m54.0s), 005/050 VUs, 289 complete and 0 interrupted iterations
steady   [  98% ] 005/050 VUs  4m54.0s/5m0s  1.00 iters/s

running (4m55.0s), 004/050 VUs, 291 complete and 0 interrupted iterations
steady   [  98% ] 004/050 VUs  4m55.0s/5m0s  1.00 iters/s

running (4m56.0s), 004/050 VUs, 292 complete and 0 interrupted iterations
steady   [  99% ] 004/050 VUs  4m56.0s/5m0s  1.00 iters/s

running (4m57.0s), 004/050 VUs, 293 complete and 0 interrupted iterations
steady   [  99% ] 004/050 VUs  4m57.0s/5m0s  1.00 iters/s

running (4m58.0s), 005/050 VUs, 293 complete and 0 interrupted iterations
steady   [  99% ] 005/050 VUs  4m58.0s/5m0s  1.00 iters/s

running (4m59.0s), 004/050 VUs, 295 complete and 0 interrupted iterations
steady   [ 100% ] 004/050 VUs  4m59.0s/5m0s  1.00 iters/s

running (5m00.0s), 004/050 VUs, 296 complete and 0 interrupted iterations
steady   [ 100% ] 004/050 VUs  5m00.0s/5m0s  1.00 iters/s

running (5m01.0s), 003/050 VUs, 297 complete and 0 interrupted iterations
steady ↓ [ 100% ] 004/050 VUs  5m0s  1.00 iters/s

running (5m02.0s), 003/050 VUs, 297 complete and 0 interrupted iterations
steady ↓ [ 100% ] 004/050 VUs  5m0s  1.00 iters/s

running (5m03.0s), 002/050 VUs, 298 complete and 0 interrupted iterations
steady ↓ [ 100% ] 004/050 VUs  5m0s  1.00 iters/s

================ DSP benchmark summary ================
-- per-phase latency --
  catalog                    p50=83.6 ms  p95=147.1 ms  p99=165.7 ms  max=190.8 ms  n=300
  negotiation init (POST)    p50=6.9 ms  p95=95.2 ms  p99=112.0 ms  max=162.7 ms  n=300
  time-to-AGREED (async)     p50=2549.5 ms  p95=3560.6 ms  p99=4074.1 ms  max=4821.0 ms  n=300
  transfer init (POST)       p50=35.2 ms  p95=102.8 ms  p99=114.1 ms  max=147.1 ms  n=300
  time-to-EDR (async)        p50=1781.0 ms  p95=2542.6 ms  p99=3043.3 ms  max=4055.0 ms  n=300
  data pull                  p50=28.0 ms  p95=44.1 ms  p99=50.0 ms  max=51.0 ms  n=300
-- end-to-end + throughput --
  e2e transaction            p50=4715.5 ms  p95=6074.3 ms  p99=6545.5 ms  max=6985.0 ms  n=300
  data throughput (MB/s)     p50=0.2  p95=0.2  p99=0.2  max=0.2  n=300
-- outcomes --
  transactions succeeded     count=300  rate=0.989/s
  transactions failed        (no data)
  failed rate                rate=0.00%  (pass=0 fail=300)
    of which TERMINATED      (no data)
    of which TIMED OUT       (no data)
    of which HTTP-FAILED     (no data)
  failure accounting       (no failures)
-- observer effect (poll load) --
  negotiation polls          count=3480  rate=11.469/s
  edr polls                  count=2496  rate=8.226/s
  polls per transaction     negotiation=11.6  edr=8.3  (timeout ceiling=120)
=======================================================
(full summary -> /home/rohitj/edc/benchmarking-factoryx-edc/resources/local-fx-mvd/k6-scripts/results/factoryx/on/steady/2026-08-10T10-38-53Z/k6-summary.json; POLL_INTERVAL_MS=250; IDENTITY_MODE=on)

running (5m03.4s), 000/050 VUs, 300 complete and 0 interrupted iterations
steady ✓ [ 100% ] 000/050 VUs  5m0s  1.00 iters/s
Prometheus snapshot [1786358418..1786358737] svc=(provider-controlplane|provider-dataplane|consumer-controlplane|consumer-dataplane) win=1m -> /home/rohitj/edc/benchmarking-factoryx-edc/resources/local-fx-mvd/k6-scripts/results/factoryx/on/steady/2026-08-10T10-38-53Z
  jvm-heap.csv (256 rows)
  jvm-gc-rate.csv (256 rows)
  jvm-threads.csv (256 rows)
  http-throughput.csv (256 rows)
  http-p95.csv (256 rows)
  http-errors.csv (128 rows)
  http-errors-5xx.csv (0 rows)
  http-status.csv (128 rows)
  host-cpu-busy.csv (64 rows)
  host-mem-used.csv (64 rows)
  5xx: no 5xx in window (confirmed: http-status has 128 samples, so the status label IS scraped)
  logs -> /home/rohitj/edc/benchmarking-factoryx-edc/resources/local-fx-mvd/k6-scripts/results/factoryx/on/steady/2026-08-10T10-38-53Z/logs (4 files)
    consumer-controlplane.log:0
    consumer-dataplane.log:0
    provider-controlplane.log:0
    provider-dataplane.log:0
VALIDITY  ok=300  failed=0  failed_rate=0%  dropped_iterations=0
>>> done: /home/rohitj/edc/benchmarking-factoryx-edc/resources/local-fx-mvd/k6-scripts/results/factoryx/on/steady/2026-08-10T10-38-53Z  (k6 exit 0)
===== repetition 5/5 =====
----- factoryx / steady (rep 5) -----
>>> factoryx / steady  ->  /home/rohitj/edc/benchmarking-factoryx-edc/resources/local-fx-mvd/k6-scripts/results/factoryx/on/steady/2026-08-10T10-45-37Z
parity OK: lib/ + scenarios/ + orchestration/ + tools/ identical to /home/rohitj/edc/benchmarking-factoryx-edc/resources/local-fx-mvd/k6-scripts
Health: http://localhost:29010/management + prometheus  OK
Warmup 60s @ 1/s (discarded)
  draining 20s before the measured window opens
k6 -> Prometheus remote-write: http://localhost:9090/api/v1/write

         /\      Grafana   /‾‾/  
    /\  /  \     |\  __   /  /   
   /  \/    \    | |/ /  /   ‾‾\ 
  /          \   |   (  |  (‾)  |
 / __________ \  |_|\_\  \_____/ 


     execution: local
        script: /home/rohitj/edc/benchmarking-factoryx-edc/resources/local-fx-mvd/k6-scripts/scenarios/steady.js
        output: Prometheus remote write (http://localhost:9090/api/v1/write)

     scenarios: (100.00%) 1 scenario, 200 max VUs, 5m30s max duration (incl. graceful stop):
              * steady: 1.00 iterations/s for 5m0s (maxVUs: 50-200, gracefulStop: 30s)


running (0m01.0s), 001/050 VUs, 0 complete and 0 interrupted iterations
steady   [   0% ] 001/050 VUs  0m01.0s/5m0s  1.00 iters/s

running (0m02.0s), 002/050 VUs, 0 complete and 0 interrupted iterations
steady   [   1% ] 002/050 VUs  0m02.0s/5m0s  1.00 iters/s

running (0m03.0s), 003/050 VUs, 0 complete and 0 interrupted iterations
steady   [   1% ] 003/050 VUs  0m03.0s/5m0s  1.00 iters/s

running (0m04.0s), 004/050 VUs, 0 complete and 0 interrupted iterations
steady   [   1% ] 004/050 VUs  0m04.0s/5m0s  1.00 iters/s

running (0m05.0s), 004/050 VUs, 1 complete and 0 interrupted iterations
steady   [   2% ] 004/050 VUs  0m05.0s/5m0s  1.00 iters/s

running (0m06.0s), 004/050 VUs, 2 complete and 0 interrupted iterations
steady   [   2% ] 004/050 VUs  0m06.0s/5m0s  1.00 iters/s

running (0m07.0s), 004/050 VUs, 3 complete and 0 interrupted iterations
steady   [   2% ] 004/050 VUs  0m07.0s/5m0s  1.00 iters/s

running (0m08.0s), 005/050 VUs, 3 complete and 0 interrupted iterations
steady   [   3% ] 005/050 VUs  0m08.0s/5m0s  1.00 iters/s

running (0m09.0s), 004/050 VUs, 5 complete and 0 interrupted iterations
steady   [   3% ] 004/050 VUs  0m09.0s/5m0s  1.00 iters/s

running (0m10.0s), 004/050 VUs, 6 complete and 0 interrupted iterations
steady   [   3% ] 004/050 VUs  0m10.0s/5m0s  1.00 iters/s

running (0m11.0s), 004/050 VUs, 7 complete and 0 interrupted iterations
steady   [   4% ] 004/050 VUs  0m11.0s/5m0s  1.00 iters/s

running (0m12.0s), 003/050 VUs, 9 complete and 0 interrupted iterations
steady   [   4% ] 003/050 VUs  0m12.0s/5m0s  1.00 iters/s

running (0m13.0s), 004/050 VUs, 9 complete and 0 interrupted iterations
steady   [   4% ] 004/050 VUs  0m13.0s/5m0s  1.00 iters/s

running (0m14.0s), 004/050 VUs, 10 complete and 0 interrupted iterations
steady   [   5% ] 004/050 VUs  0m14.0s/5m0s  1.00 iters/s

running (0m15.0s), 004/050 VUs, 11 complete and 0 interrupted iterations
steady   [   5% ] 004/050 VUs  0m15.0s/5m0s  1.00 iters/s

running (0m16.0s), 004/050 VUs, 12 complete and 0 interrupted iterations
steady   [   5% ] 004/050 VUs  0m16.0s/5m0s  1.00 iters/s

running (0m17.0s), 003/050 VUs, 14 complete and 0 interrupted iterations
steady   [   6% ] 003/050 VUs  0m17.0s/5m0s  1.00 iters/s

running (0m18.0s), 004/050 VUs, 14 complete and 0 interrupted iterations
steady   [   6% ] 004/050 VUs  0m18.0s/5m0s  1.00 iters/s

running (0m19.0s), 004/050 VUs, 15 complete and 0 interrupted iterations
steady   [   6% ] 004/050 VUs  0m19.0s/5m0s  1.00 iters/s

running (0m20.0s), 004/050 VUs, 16 complete and 0 interrupted iterations
steady   [   7% ] 004/050 VUs  0m20.0s/5m0s  1.00 iters/s

running (0m21.0s), 004/050 VUs, 17 complete and 0 interrupted iterations
steady   [   7% ] 004/050 VUs  0m21.0s/5m0s  1.00 iters/s

running (0m22.0s), 005/050 VUs, 17 complete and 0 interrupted iterations
steady   [   7% ] 005/050 VUs  0m22.0s/5m0s  1.00 iters/s

running (0m23.0s), 003/050 VUs, 20 complete and 0 interrupted iterations
steady   [   8% ] 003/050 VUs  0m23.0s/5m0s  1.00 iters/s

running (0m24.0s), 004/050 VUs, 20 complete and 0 interrupted iterations
steady   [   8% ] 004/050 VUs  0m24.0s/5m0s  1.00 iters/s

running (0m25.0s), 005/050 VUs, 20 complete and 0 interrupted iterations
steady   [   8% ] 005/050 VUs  0m25.0s/5m0s  1.00 iters/s

running (0m26.0s), 004/050 VUs, 22 complete and 0 interrupted iterations
steady   [   9% ] 004/050 VUs  0m26.0s/5m0s  1.00 iters/s

running (0m27.0s), 005/050 VUs, 22 complete and 0 interrupted iterations
steady   [   9% ] 005/050 VUs  0m27.0s/5m0s  1.00 iters/s

running (0m28.0s), 004/050 VUs, 24 complete and 0 interrupted iterations
steady   [   9% ] 004/050 VUs  0m28.0s/5m0s  1.00 iters/s

running (0m29.0s), 005/050 VUs, 24 complete and 0 interrupted iterations
steady   [  10% ] 005/050 VUs  0m29.0s/5m0s  1.00 iters/s

running (0m30.0s), 004/050 VUs, 26 complete and 0 interrupted iterations
steady   [  10% ] 004/050 VUs  0m30.0s/5m0s  1.00 iters/s

running (0m31.0s), 005/050 VUs, 26 complete and 0 interrupted iterations
steady   [  10% ] 005/050 VUs  0m31.0s/5m0s  1.00 iters/s

running (0m32.0s), 006/050 VUs, 26 complete and 0 interrupted iterations
steady   [  11% ] 006/050 VUs  0m32.0s/5m0s  1.00 iters/s

running (0m33.0s), 007/050 VUs, 26 complete and 0 interrupted iterations
steady   [  11% ] 007/050 VUs  0m33.0s/5m0s  1.00 iters/s

running (0m34.0s), 005/050 VUs, 29 complete and 0 interrupted iterations
steady   [  11% ] 005/050 VUs  0m34.0s/5m0s  1.00 iters/s

running (0m35.0s), 006/050 VUs, 29 complete and 0 interrupted iterations
steady   [  12% ] 006/050 VUs  0m35.0s/5m0s  1.00 iters/s

running (0m36.0s), 005/050 VUs, 31 complete and 0 interrupted iterations
steady   [  12% ] 005/050 VUs  0m36.0s/5m0s  1.00 iters/s

running (0m37.0s), 006/050 VUs, 31 complete and 0 interrupted iterations
steady   [  12% ] 006/050 VUs  0m37.0s/5m0s  1.00 iters/s

running (0m38.0s), 005/050 VUs, 33 complete and 0 interrupted iterations
steady   [  13% ] 005/050 VUs  0m38.0s/5m0s  1.00 iters/s

running (0m39.0s), 005/050 VUs, 34 complete and 0 interrupted iterations
steady   [  13% ] 005/050 VUs  0m39.0s/5m0s  1.00 iters/s

running (0m40.0s), 005/050 VUs, 35 complete and 0 interrupted iterations
steady   [  13% ] 005/050 VUs  0m40.0s/5m0s  1.00 iters/s

running (0m41.0s), 006/050 VUs, 35 complete and 0 interrupted iterations
steady   [  14% ] 006/050 VUs  0m41.0s/5m0s  1.00 iters/s

running (0m42.0s), 006/050 VUs, 36 complete and 0 interrupted iterations
steady   [  14% ] 006/050 VUs  0m42.0s/5m0s  1.00 iters/s

running (0m43.0s), 004/050 VUs, 39 complete and 0 interrupted iterations
steady   [  14% ] 004/050 VUs  0m43.0s/5m0s  1.00 iters/s

running (0m44.0s), 004/050 VUs, 40 complete and 0 interrupted iterations
steady   [  15% ] 004/050 VUs  0m44.0s/5m0s  1.00 iters/s

running (0m45.0s), 005/050 VUs, 40 complete and 0 interrupted iterations
steady   [  15% ] 005/050 VUs  0m45.0s/5m0s  1.00 iters/s

running (0m46.0s), 005/050 VUs, 41 complete and 0 interrupted iterations
steady   [  15% ] 005/050 VUs  0m46.0s/5m0s  1.00 iters/s

running (0m47.0s), 004/050 VUs, 43 complete and 0 interrupted iterations
steady   [  16% ] 004/050 VUs  0m47.0s/5m0s  1.00 iters/s

running (0m48.0s), 005/050 VUs, 43 complete and 0 interrupted iterations
steady   [  16% ] 005/050 VUs  0m48.0s/5m0s  1.00 iters/s

running (0m49.0s), 004/050 VUs, 45 complete and 0 interrupted iterations
steady   [  16% ] 004/050 VUs  0m49.0s/5m0s  1.00 iters/s

running (0m50.0s), 004/050 VUs, 46 complete and 0 interrupted iterations
steady   [  17% ] 004/050 VUs  0m50.0s/5m0s  1.00 iters/s

running (0m51.0s), 003/050 VUs, 48 complete and 0 interrupted iterations
steady   [  17% ] 003/050 VUs  0m51.0s/5m0s  1.00 iters/s

running (0m52.0s), 004/050 VUs, 48 complete and 0 interrupted iterations
steady   [  17% ] 004/050 VUs  0m52.0s/5m0s  1.00 iters/s

running (0m53.0s), 005/050 VUs, 48 complete and 0 interrupted iterations
steady   [  18% ] 005/050 VUs  0m53.0s/5m0s  1.00 iters/s

running (0m54.0s), 004/050 VUs, 50 complete and 0 interrupted iterations
steady   [  18% ] 004/050 VUs  0m54.0s/5m0s  1.00 iters/s

running (0m55.0s), 004/050 VUs, 51 complete and 0 interrupted iterations
steady   [  18% ] 004/050 VUs  0m55.0s/5m0s  1.00 iters/s

running (0m56.0s), 005/050 VUs, 51 complete and 0 interrupted iterations
steady   [  19% ] 005/050 VUs  0m56.0s/5m0s  1.00 iters/s

running (0m57.0s), 005/050 VUs, 52 complete and 0 interrupted iterations
steady   [  19% ] 005/050 VUs  0m57.0s/5m0s  1.00 iters/s

running (0m58.0s), 005/050 VUs, 53 complete and 0 interrupted iterations
steady   [  19% ] 005/050 VUs  0m58.0s/5m0s  1.00 iters/s

running (0m59.0s), 004/050 VUs, 55 complete and 0 interrupted iterations
steady   [  20% ] 004/050 VUs  0m59.0s/5m0s  1.00 iters/s

running (1m00.0s), 004/050 VUs, 56 complete and 0 interrupted iterations
steady   [  20% ] 004/050 VUs  1m00.0s/5m0s  1.00 iters/s

running (1m01.0s), 005/050 VUs, 56 complete and 0 interrupted iterations
steady   [  20% ] 005/050 VUs  1m01.0s/5m0s  1.00 iters/s

running (1m02.0s), 005/050 VUs, 57 complete and 0 interrupted iterations
steady   [  21% ] 005/050 VUs  1m02.0s/5m0s  1.00 iters/s

running (1m03.0s), 004/050 VUs, 59 complete and 0 interrupted iterations
steady   [  21% ] 004/050 VUs  1m03.0s/5m0s  1.00 iters/s

running (1m04.0s), 004/050 VUs, 60 complete and 0 interrupted iterations
steady   [  21% ] 004/050 VUs  1m04.0s/5m0s  1.00 iters/s

running (1m05.0s), 004/050 VUs, 61 complete and 0 interrupted iterations
steady   [  22% ] 004/050 VUs  1m05.0s/5m0s  1.00 iters/s

running (1m06.0s), 004/050 VUs, 62 complete and 0 interrupted iterations
steady   [  22% ] 004/050 VUs  1m06.0s/5m0s  1.00 iters/s

running (1m07.0s), 004/050 VUs, 63 complete and 0 interrupted iterations
steady   [  22% ] 004/050 VUs  1m07.0s/5m0s  1.00 iters/s

running (1m08.0s), 004/050 VUs, 64 complete and 0 interrupted iterations
steady   [  23% ] 004/050 VUs  1m08.0s/5m0s  1.00 iters/s

running (1m09.0s), 003/050 VUs, 66 complete and 0 interrupted iterations
steady   [  23% ] 003/050 VUs  1m09.0s/5m0s  1.00 iters/s

running (1m10.0s), 004/050 VUs, 66 complete and 0 interrupted iterations
steady   [  23% ] 004/050 VUs  1m10.0s/5m0s  1.00 iters/s

running (1m11.0s), 004/050 VUs, 67 complete and 0 interrupted iterations
steady   [  24% ] 004/050 VUs  1m11.0s/5m0s  1.00 iters/s

running (1m12.0s), 004/050 VUs, 68 complete and 0 interrupted iterations
steady   [  24% ] 004/050 VUs  1m12.0s/5m0s  1.00 iters/s

running (1m13.0s), 004/050 VUs, 69 complete and 0 interrupted iterations
steady   [  24% ] 004/050 VUs  1m13.0s/5m0s  1.00 iters/s

running (1m14.0s), 005/050 VUs, 69 complete and 0 interrupted iterations
steady   [  25% ] 005/050 VUs  1m14.0s/5m0s  1.00 iters/s

running (1m15.0s), 004/050 VUs, 71 complete and 0 interrupted iterations
steady   [  25% ] 004/050 VUs  1m15.0s/5m0s  1.00 iters/s

running (1m16.0s), 004/050 VUs, 72 complete and 0 interrupted iterations
steady   [  25% ] 004/050 VUs  1m16.0s/5m0s  1.00 iters/s

running (1m17.0s), 005/050 VUs, 72 complete and 0 interrupted iterations
steady   [  26% ] 005/050 VUs  1m17.0s/5m0s  1.00 iters/s

running (1m18.0s), 005/050 VUs, 73 complete and 0 interrupted iterations
steady   [  26% ] 005/050 VUs  1m18.0s/5m0s  1.00 iters/s

running (1m19.0s), 006/050 VUs, 73 complete and 0 interrupted iterations
steady   [  26% ] 006/050 VUs  1m19.0s/5m0s  1.00 iters/s

running (1m20.0s), 004/050 VUs, 76 complete and 0 interrupted iterations
steady   [  27% ] 004/050 VUs  1m20.0s/5m0s  1.00 iters/s

running (1m21.0s), 003/050 VUs, 78 complete and 0 interrupted iterations
steady   [  27% ] 003/050 VUs  1m21.0s/5m0s  1.00 iters/s

running (1m22.0s), 003/050 VUs, 79 complete and 0 interrupted iterations
steady   [  27% ] 003/050 VUs  1m22.0s/5m0s  1.00 iters/s

running (1m23.0s), 003/050 VUs, 80 complete and 0 interrupted iterations
steady   [  28% ] 003/050 VUs  1m23.0s/5m0s  1.00 iters/s

running (1m24.0s), 003/050 VUs, 81 complete and 0 interrupted iterations
steady   [  28% ] 003/050 VUs  1m24.0s/5m0s  1.00 iters/s

running (1m25.0s), 003/050 VUs, 82 complete and 0 interrupted iterations
steady   [  28% ] 003/050 VUs  1m25.0s/5m0s  1.00 iters/s

running (1m26.0s), 004/050 VUs, 82 complete and 0 interrupted iterations
steady   [  29% ] 004/050 VUs  1m26.0s/5m0s  1.00 iters/s

running (1m27.0s), 004/050 VUs, 83 complete and 0 interrupted iterations
steady   [  29% ] 004/050 VUs  1m27.0s/5m0s  1.00 iters/s

running (1m28.0s), 004/050 VUs, 84 complete and 0 interrupted iterations
steady   [  29% ] 004/050 VUs  1m28.0s/5m0s  1.00 iters/s

running (1m29.0s), 005/050 VUs, 84 complete and 0 interrupted iterations
steady   [  30% ] 005/050 VUs  1m29.0s/5m0s  1.00 iters/s

running (1m30.0s), 005/050 VUs, 85 complete and 0 interrupted iterations
steady   [  30% ] 005/050 VUs  1m30.0s/5m0s  1.00 iters/s

running (1m31.0s), 004/050 VUs, 87 complete and 0 interrupted iterations
steady   [  30% ] 004/050 VUs  1m31.0s/5m0s  1.00 iters/s

running (1m32.0s), 004/050 VUs, 88 complete and 0 interrupted iterations
steady   [  31% ] 004/050 VUs  1m32.0s/5m0s  1.00 iters/s

running (1m33.0s), 004/050 VUs, 89 complete and 0 interrupted iterations
steady   [  31% ] 004/050 VUs  1m33.0s/5m0s  1.00 iters/s

running (1m34.0s), 004/050 VUs, 90 complete and 0 interrupted iterations
steady   [  31% ] 004/050 VUs  1m34.0s/5m0s  1.00 iters/s

running (1m35.0s), 005/050 VUs, 90 complete and 0 interrupted iterations
steady   [  32% ] 005/050 VUs  1m35.0s/5m0s  1.00 iters/s

running (1m36.0s), 005/050 VUs, 91 complete and 0 interrupted iterations
steady   [  32% ] 005/050 VUs  1m36.0s/5m0s  1.00 iters/s

running (1m37.0s), 004/050 VUs, 93 complete and 0 interrupted iterations
steady   [  32% ] 004/050 VUs  1m37.0s/5m0s  1.00 iters/s

running (1m38.0s), 004/050 VUs, 94 complete and 0 interrupted iterations
steady   [  33% ] 004/050 VUs  1m38.0s/5m0s  1.00 iters/s

running (1m39.0s), 005/050 VUs, 94 complete and 0 interrupted iterations
steady   [  33% ] 005/050 VUs  1m39.0s/5m0s  1.00 iters/s

running (1m40.0s), 004/050 VUs, 96 complete and 0 interrupted iterations
steady   [  33% ] 004/050 VUs  1m40.0s/5m0s  1.00 iters/s

running (1m41.0s), 003/050 VUs, 98 complete and 0 interrupted iterations
steady   [  34% ] 003/050 VUs  1m41.0s/5m0s  1.00 iters/s

running (1m42.0s), 004/050 VUs, 98 complete and 0 interrupted iterations
steady   [  34% ] 004/050 VUs  1m42.0s/5m0s  1.00 iters/s

running (1m43.0s), 004/050 VUs, 99 complete and 0 interrupted iterations
steady   [  34% ] 004/050 VUs  1m43.0s/5m0s  1.00 iters/s

running (1m44.0s), 004/050 VUs, 100 complete and 0 interrupted iterations
steady   [  35% ] 004/050 VUs  1m44.0s/5m0s  1.00 iters/s

running (1m45.0s), 004/050 VUs, 101 complete and 0 interrupted iterations
steady   [  35% ] 004/050 VUs  1m45.0s/5m0s  1.00 iters/s

running (1m46.0s), 005/050 VUs, 101 complete and 0 interrupted iterations
steady   [  35% ] 005/050 VUs  1m46.0s/5m0s  1.00 iters/s

running (1m47.0s), 003/050 VUs, 104 complete and 0 interrupted iterations
steady   [  36% ] 003/050 VUs  1m47.0s/5m0s  1.00 iters/s

running (1m48.0s), 004/050 VUs, 104 complete and 0 interrupted iterations
steady   [  36% ] 004/050 VUs  1m48.0s/5m0s  1.00 iters/s

running (1m49.0s), 004/050 VUs, 105 complete and 0 interrupted iterations
steady   [  36% ] 004/050 VUs  1m49.0s/5m0s  1.00 iters/s

running (1m50.0s), 004/050 VUs, 106 complete and 0 interrupted iterations
steady   [  37% ] 004/050 VUs  1m50.0s/5m0s  1.00 iters/s

running (1m51.0s), 004/050 VUs, 107 complete and 0 interrupted iterations
steady   [  37% ] 004/050 VUs  1m51.0s/5m0s  1.00 iters/s

running (1m52.0s), 004/050 VUs, 108 complete and 0 interrupted iterations
steady   [  37% ] 004/050 VUs  1m52.0s/5m0s  1.00 iters/s

running (1m53.0s), 004/050 VUs, 109 complete and 0 interrupted iterations
steady   [  38% ] 004/050 VUs  1m53.0s/5m0s  1.00 iters/s

running (1m54.0s), 004/050 VUs, 110 complete and 0 interrupted iterations
steady   [  38% ] 004/050 VUs  1m54.0s/5m0s  1.00 iters/s

running (1m55.0s), 004/050 VUs, 111 complete and 0 interrupted iterations
steady   [  38% ] 004/050 VUs  1m55.0s/5m0s  1.00 iters/s

running (1m56.0s), 005/050 VUs, 111 complete and 0 interrupted iterations
steady   [  39% ] 005/050 VUs  1m56.0s/5m0s  1.00 iters/s

running (1m57.0s), 005/050 VUs, 112 complete and 0 interrupted iterations
steady   [  39% ] 005/050 VUs  1m57.0s/5m0s  1.00 iters/s

running (1m58.0s), 004/050 VUs, 114 complete and 0 interrupted iterations
steady   [  39% ] 004/050 VUs  1m58.0s/5m0s  1.00 iters/s

running (1m59.0s), 004/050 VUs, 115 complete and 0 interrupted iterations
steady   [  40% ] 004/050 VUs  1m59.0s/5m0s  1.00 iters/s

running (2m00.0s), 004/050 VUs, 116 complete and 0 interrupted iterations
steady   [  40% ] 004/050 VUs  2m00.0s/5m0s  1.00 iters/s

running (2m01.0s), 005/050 VUs, 116 complete and 0 interrupted iterations
steady   [  40% ] 005/050 VUs  2m01.0s/5m0s  1.00 iters/s

running (2m02.0s), 004/050 VUs, 118 complete and 0 interrupted iterations
steady   [  41% ] 004/050 VUs  2m02.0s/5m0s  1.00 iters/s

running (2m03.0s), 005/050 VUs, 118 complete and 0 interrupted iterations
steady   [  41% ] 005/050 VUs  2m03.0s/5m0s  1.00 iters/s

running (2m04.0s), 004/050 VUs, 120 complete and 0 interrupted iterations
steady   [  41% ] 004/050 VUs  2m04.0s/5m0s  1.00 iters/s

running (2m05.0s), 004/050 VUs, 121 complete and 0 interrupted iterations
steady   [  42% ] 004/050 VUs  2m05.0s/5m0s  1.00 iters/s

running (2m06.0s), 004/050 VUs, 122 complete and 0 interrupted iterations
steady   [  42% ] 004/050 VUs  2m06.0s/5m0s  1.00 iters/s

running (2m07.0s), 004/050 VUs, 123 complete and 0 interrupted iterations
steady   [  42% ] 004/050 VUs  2m07.0s/5m0s  1.00 iters/s

running (2m08.0s), 004/050 VUs, 124 complete and 0 interrupted iterations
steady   [  43% ] 004/050 VUs  2m08.0s/5m0s  1.00 iters/s

running (2m09.0s), 004/050 VUs, 125 complete and 0 interrupted iterations
steady   [  43% ] 004/050 VUs  2m09.0s/5m0s  1.00 iters/s

running (2m10.0s), 004/050 VUs, 126 complete and 0 interrupted iterations
steady   [  43% ] 004/050 VUs  2m10.0s/5m0s  1.00 iters/s

running (2m11.0s), 004/050 VUs, 127 complete and 0 interrupted iterations
steady   [  44% ] 004/050 VUs  2m11.0s/5m0s  1.00 iters/s

running (2m12.0s), 005/050 VUs, 127 complete and 0 interrupted iterations
steady   [  44% ] 005/050 VUs  2m12.0s/5m0s  1.00 iters/s

running (2m13.0s), 004/050 VUs, 129 complete and 0 interrupted iterations
steady   [  44% ] 004/050 VUs  2m13.0s/5m0s  1.00 iters/s

running (2m14.0s), 004/050 VUs, 130 complete and 0 interrupted iterations
steady   [  45% ] 004/050 VUs  2m14.0s/5m0s  1.00 iters/s

running (2m15.0s), 005/050 VUs, 130 complete and 0 interrupted iterations
steady   [  45% ] 005/050 VUs  2m15.0s/5m0s  1.00 iters/s

running (2m16.0s), 005/050 VUs, 131 complete and 0 interrupted iterations
steady   [  45% ] 005/050 VUs  2m16.0s/5m0s  1.00 iters/s

running (2m17.0s), 005/050 VUs, 132 complete and 0 interrupted iterations
steady   [  46% ] 005/050 VUs  2m17.0s/5m0s  1.00 iters/s

running (2m18.0s), 004/050 VUs, 134 complete and 0 interrupted iterations
steady   [  46% ] 004/050 VUs  2m18.0s/5m0s  1.00 iters/s

running (2m19.0s), 005/050 VUs, 134 complete and 0 interrupted iterations
steady   [  46% ] 005/050 VUs  2m19.0s/5m0s  1.00 iters/s

running (2m20.0s), 005/050 VUs, 135 complete and 0 interrupted iterations
steady   [  47% ] 005/050 VUs  2m20.0s/5m0s  1.00 iters/s

running (2m21.0s), 004/050 VUs, 137 complete and 0 interrupted iterations
steady   [  47% ] 004/050 VUs  2m21.0s/5m0s  1.00 iters/s

running (2m22.0s), 005/050 VUs, 137 complete and 0 interrupted iterations
steady   [  47% ] 005/050 VUs  2m22.0s/5m0s  1.00 iters/s

running (2m23.0s), 005/050 VUs, 138 complete and 0 interrupted iterations
steady   [  48% ] 005/050 VUs  2m23.0s/5m0s  1.00 iters/s

running (2m24.0s), 004/050 VUs, 140 complete and 0 interrupted iterations
steady   [  48% ] 004/050 VUs  2m24.0s/5m0s  1.00 iters/s

running (2m25.0s), 005/050 VUs, 140 complete and 0 interrupted iterations
steady   [  48% ] 005/050 VUs  2m25.0s/5m0s  1.00 iters/s

running (2m26.0s), 005/050 VUs, 141 complete and 0 interrupted iterations
steady   [  49% ] 005/050 VUs  2m26.0s/5m0s  1.00 iters/s

running (2m27.0s), 005/050 VUs, 142 complete and 0 interrupted iterations
steady   [  49% ] 005/050 VUs  2m27.0s/5m0s  1.00 iters/s

running (2m28.0s), 005/050 VUs, 143 complete and 0 interrupted iterations
steady   [  49% ] 005/050 VUs  2m28.0s/5m0s  1.00 iters/s

running (2m29.0s), 005/050 VUs, 144 complete and 0 interrupted iterations
steady   [  50% ] 005/050 VUs  2m29.0s/5m0s  1.00 iters/s

running (2m30.0s), 005/050 VUs, 145 complete and 0 interrupted iterations
steady   [  50% ] 005/050 VUs  2m30.0s/5m0s  1.00 iters/s

running (2m31.0s), 005/050 VUs, 146 complete and 0 interrupted iterations
steady   [  50% ] 005/050 VUs  2m31.0s/5m0s  1.00 iters/s

running (2m32.0s), 004/050 VUs, 148 complete and 0 interrupted iterations
steady   [  51% ] 004/050 VUs  2m32.0s/5m0s  1.00 iters/s

running (2m33.0s), 005/050 VUs, 148 complete and 0 interrupted iterations
steady   [  51% ] 005/050 VUs  2m33.0s/5m0s  1.00 iters/s

running (2m34.0s), 006/050 VUs, 148 complete and 0 interrupted iterations
steady   [  51% ] 006/050 VUs  2m34.0s/5m0s  1.00 iters/s

running (2m35.0s), 003/050 VUs, 152 complete and 0 interrupted iterations
steady   [  52% ] 003/050 VUs  2m35.0s/5m0s  1.00 iters/s

running (2m36.0s), 004/050 VUs, 152 complete and 0 interrupted iterations
steady   [  52% ] 004/050 VUs  2m36.0s/5m0s  1.00 iters/s

running (2m37.0s), 004/050 VUs, 153 complete and 0 interrupted iterations
steady   [  52% ] 004/050 VUs  2m37.0s/5m0s  1.00 iters/s

running (2m38.0s), 003/050 VUs, 155 complete and 0 interrupted iterations
steady   [  53% ] 003/050 VUs  2m38.0s/5m0s  1.00 iters/s

running (2m39.0s), 004/050 VUs, 155 complete and 0 interrupted iterations
steady   [  53% ] 004/050 VUs  2m39.0s/5m0s  1.00 iters/s

running (2m40.0s), 005/050 VUs, 155 complete and 0 interrupted iterations
steady   [  53% ] 005/050 VUs  2m40.0s/5m0s  1.00 iters/s

running (2m41.0s), 005/050 VUs, 156 complete and 0 interrupted iterations
steady   [  54% ] 005/050 VUs  2m41.0s/5m0s  1.00 iters/s

running (2m42.0s), 005/050 VUs, 157 complete and 0 interrupted iterations
steady   [  54% ] 005/050 VUs  2m42.0s/5m0s  1.00 iters/s

running (2m43.0s), 005/050 VUs, 158 complete and 0 interrupted iterations
steady   [  54% ] 005/050 VUs  2m43.0s/5m0s  1.00 iters/s

running (2m44.0s), 006/050 VUs, 158 complete and 0 interrupted iterations
steady   [  55% ] 006/050 VUs  2m44.0s/5m0s  1.00 iters/s

running (2m45.0s), 003/050 VUs, 162 complete and 0 interrupted iterations
steady   [  55% ] 003/050 VUs  2m45.0s/5m0s  1.00 iters/s

running (2m46.0s), 004/050 VUs, 162 complete and 0 interrupted iterations
steady   [  55% ] 004/050 VUs  2m46.0s/5m0s  1.00 iters/s

running (2m47.0s), 004/050 VUs, 163 complete and 0 interrupted iterations
steady   [  56% ] 004/050 VUs  2m47.0s/5m0s  1.00 iters/s

running (2m48.0s), 005/050 VUs, 163 complete and 0 interrupted iterations
steady   [  56% ] 005/050 VUs  2m48.0s/5m0s  1.00 iters/s

running (2m49.0s), 004/050 VUs, 165 complete and 0 interrupted iterations
steady   [  56% ] 004/050 VUs  2m49.0s/5m0s  1.00 iters/s

running (2m50.0s), 005/050 VUs, 165 complete and 0 interrupted iterations
steady   [  57% ] 005/050 VUs  2m50.0s/5m0s  1.00 iters/s

running (2m51.0s), 004/050 VUs, 167 complete and 0 interrupted iterations
steady   [  57% ] 004/050 VUs  2m51.0s/5m0s  1.00 iters/s

running (2m52.0s), 004/050 VUs, 168 complete and 0 interrupted iterations
steady   [  57% ] 004/050 VUs  2m52.0s/5m0s  1.00 iters/s

running (2m53.0s), 004/050 VUs, 169 complete and 0 interrupted iterations
steady   [  58% ] 004/050 VUs  2m53.0s/5m0s  1.00 iters/s

running (2m54.0s), 004/050 VUs, 170 complete and 0 interrupted iterations
steady   [  58% ] 004/050 VUs  2m54.0s/5m0s  1.00 iters/s

running (2m55.0s), 004/050 VUs, 171 complete and 0 interrupted iterations
steady   [  58% ] 004/050 VUs  2m55.0s/5m0s  1.00 iters/s

running (2m56.0s), 004/050 VUs, 172 complete and 0 interrupted iterations
steady   [  59% ] 004/050 VUs  2m56.0s/5m0s  1.00 iters/s

running (2m57.0s), 004/050 VUs, 173 complete and 0 interrupted iterations
steady   [  59% ] 004/050 VUs  2m57.0s/5m0s  1.00 iters/s

running (2m58.0s), 004/050 VUs, 174 complete and 0 interrupted iterations
steady   [  59% ] 004/050 VUs  2m58.0s/5m0s  1.00 iters/s

running (2m59.0s), 005/050 VUs, 174 complete and 0 interrupted iterations
steady   [  60% ] 005/050 VUs  2m59.0s/5m0s  1.00 iters/s

running (3m00.0s), 003/050 VUs, 177 complete and 0 interrupted iterations
steady   [  60% ] 003/050 VUs  3m00.0s/5m0s  1.00 iters/s

running (3m01.0s), 003/050 VUs, 178 complete and 0 interrupted iterations
steady   [  60% ] 003/050 VUs  3m01.0s/5m0s  1.00 iters/s

running (3m02.0s), 003/050 VUs, 179 complete and 0 interrupted iterations
steady   [  61% ] 003/050 VUs  3m02.0s/5m0s  1.00 iters/s

running (3m03.0s), 004/050 VUs, 179 complete and 0 interrupted iterations
steady   [  61% ] 004/050 VUs  3m03.0s/5m0s  1.00 iters/s

running (3m04.0s), 003/050 VUs, 181 complete and 0 interrupted iterations
steady   [  61% ] 003/050 VUs  3m04.0s/5m0s  1.00 iters/s

running (3m05.0s), 004/050 VUs, 181 complete and 0 interrupted iterations
steady   [  62% ] 004/050 VUs  3m05.0s/5m0s  1.00 iters/s

running (3m06.0s), 004/050 VUs, 182 complete and 0 interrupted iterations
steady   [  62% ] 004/050 VUs  3m06.0s/5m0s  1.00 iters/s

running (3m07.0s), 005/050 VUs, 182 complete and 0 interrupted iterations
steady   [  62% ] 005/050 VUs  3m07.0s/5m0s  1.00 iters/s

running (3m08.0s), 004/050 VUs, 184 complete and 0 interrupted iterations
steady   [  63% ] 004/050 VUs  3m08.0s/5m0s  1.00 iters/s

running (3m09.0s), 004/050 VUs, 185 complete and 0 interrupted iterations
steady   [  63% ] 004/050 VUs  3m09.0s/5m0s  1.00 iters/s

running (3m10.0s), 004/050 VUs, 186 complete and 0 interrupted iterations
steady   [  63% ] 004/050 VUs  3m10.0s/5m0s  1.00 iters/s

running (3m11.0s), 004/050 VUs, 187 complete and 0 interrupted iterations
steady   [  64% ] 004/050 VUs  3m11.0s/5m0s  1.00 iters/s

running (3m12.0s), 004/050 VUs, 188 complete and 0 interrupted iterations
steady   [  64% ] 004/050 VUs  3m12.0s/5m0s  1.00 iters/s

running (3m13.0s), 003/050 VUs, 190 complete and 0 interrupted iterations
steady   [  64% ] 003/050 VUs  3m13.0s/5m0s  1.00 iters/s

running (3m14.0s), 004/050 VUs, 190 complete and 0 interrupted iterations
steady   [  65% ] 004/050 VUs  3m14.0s/5m0s  1.00 iters/s

running (3m15.0s), 003/050 VUs, 192 complete and 0 interrupted iterations
steady   [  65% ] 003/050 VUs  3m15.0s/5m0s  1.00 iters/s

running (3m16.0s), 003/050 VUs, 193 complete and 0 interrupted iterations
steady   [  65% ] 003/050 VUs  3m16.0s/5m0s  1.00 iters/s

running (3m17.0s), 003/050 VUs, 194 complete and 0 interrupted iterations
steady   [  66% ] 003/050 VUs  3m17.0s/5m0s  1.00 iters/s

running (3m18.0s), 004/050 VUs, 194 complete and 0 interrupted iterations
steady   [  66% ] 004/050 VUs  3m18.0s/5m0s  1.00 iters/s

running (3m19.0s), 004/050 VUs, 195 complete and 0 interrupted iterations
steady   [  66% ] 004/050 VUs  3m19.0s/5m0s  1.00 iters/s

running (3m20.0s), 003/050 VUs, 197 complete and 0 interrupted iterations
steady   [  67% ] 003/050 VUs  3m20.0s/5m0s  1.00 iters/s

running (3m21.0s), 004/050 VUs, 197 complete and 0 interrupted iterations
steady   [  67% ] 004/050 VUs  3m21.0s/5m0s  1.00 iters/s

running (3m22.0s), 004/050 VUs, 198 complete and 0 interrupted iterations
steady   [  67% ] 004/050 VUs  3m22.0s/5m0s  1.00 iters/s

running (3m23.0s), 004/050 VUs, 199 complete and 0 interrupted iterations
steady   [  68% ] 004/050 VUs  3m23.0s/5m0s  1.00 iters/s

running (3m24.0s), 004/050 VUs, 200 complete and 0 interrupted iterations
steady   [  68% ] 004/050 VUs  3m24.0s/5m0s  1.00 iters/s

running (3m25.0s), 005/050 VUs, 200 complete and 0 interrupted iterations
steady   [  68% ] 005/050 VUs  3m25.0s/5m0s  1.00 iters/s

running (3m26.0s), 003/050 VUs, 203 complete and 0 interrupted iterations
steady   [  69% ] 003/050 VUs  3m26.0s/5m0s  1.00 iters/s

running (3m27.0s), 004/050 VUs, 203 complete and 0 interrupted iterations
steady   [  69% ] 004/050 VUs  3m27.0s/5m0s  1.00 iters/s

running (3m28.0s), 004/050 VUs, 204 complete and 0 interrupted iterations
steady   [  69% ] 004/050 VUs  3m28.0s/5m0s  1.00 iters/s

running (3m29.0s), 004/050 VUs, 205 complete and 0 interrupted iterations
steady   [  70% ] 004/050 VUs  3m29.0s/5m0s  1.00 iters/s

running (3m30.0s), 004/050 VUs, 206 complete and 0 interrupted iterations
steady   [  70% ] 004/050 VUs  3m30.0s/5m0s  1.00 iters/s

running (3m31.0s), 004/050 VUs, 207 complete and 0 interrupted iterations
steady   [  70% ] 004/050 VUs  3m31.0s/5m0s  1.00 iters/s

running (3m32.0s), 004/050 VUs, 208 complete and 0 interrupted iterations
steady   [  71% ] 004/050 VUs  3m32.0s/5m0s  1.00 iters/s

running (3m33.0s), 004/050 VUs, 209 complete and 0 interrupted iterations
steady   [  71% ] 004/050 VUs  3m33.0s/5m0s  1.00 iters/s

running (3m34.0s), 004/050 VUs, 210 complete and 0 interrupted iterations
steady   [  71% ] 004/050 VUs  3m34.0s/5m0s  1.00 iters/s

running (3m35.0s), 005/050 VUs, 210 complete and 0 interrupted iterations
steady   [  72% ] 005/050 VUs  3m35.0s/5m0s  1.00 iters/s

running (3m36.0s), 003/050 VUs, 213 complete and 0 interrupted iterations
steady   [  72% ] 003/050 VUs  3m36.0s/5m0s  1.00 iters/s

running (3m37.0s), 003/050 VUs, 214 complete and 0 interrupted iterations
steady   [  72% ] 003/050 VUs  3m37.0s/5m0s  1.00 iters/s

running (3m38.0s), 004/050 VUs, 214 complete and 0 interrupted iterations
steady   [  73% ] 004/050 VUs  3m38.0s/5m0s  1.00 iters/s

running (3m39.0s), 004/050 VUs, 215 complete and 0 interrupted iterations
steady   [  73% ] 004/050 VUs  3m39.0s/5m0s  1.00 iters/s

running (3m40.0s), 005/050 VUs, 215 complete and 0 interrupted iterations
steady   [  73% ] 005/050 VUs  3m40.0s/5m0s  1.00 iters/s

running (3m41.0s), 004/050 VUs, 217 complete and 0 interrupted iterations
steady   [  74% ] 004/050 VUs  3m41.0s/5m0s  1.00 iters/s

running (3m42.0s), 004/050 VUs, 218 complete and 0 interrupted iterations
steady   [  74% ] 004/050 VUs  3m42.0s/5m0s  1.00 iters/s

running (3m43.0s), 004/050 VUs, 219 complete and 0 interrupted iterations
steady   [  74% ] 004/050 VUs  3m43.0s/5m0s  1.00 iters/s

running (3m44.0s), 004/050 VUs, 220 complete and 0 interrupted iterations
steady   [  75% ] 004/050 VUs  3m44.0s/5m0s  1.00 iters/s

running (3m45.0s), 005/050 VUs, 220 complete and 0 interrupted iterations
steady   [  75% ] 005/050 VUs  3m45.0s/5m0s  1.00 iters/s

running (3m46.0s), 004/050 VUs, 222 complete and 0 interrupted iterations
steady   [  75% ] 004/050 VUs  3m46.0s/5m0s  1.00 iters/s

running (3m47.0s), 004/050 VUs, 223 complete and 0 interrupted iterations
steady   [  76% ] 004/050 VUs  3m47.0s/5m0s  1.00 iters/s

running (3m48.0s), 004/050 VUs, 224 complete and 0 interrupted iterations
steady   [  76% ] 004/050 VUs  3m48.0s/5m0s  1.00 iters/s

running (3m49.0s), 004/050 VUs, 225 complete and 0 interrupted iterations
steady   [  76% ] 004/050 VUs  3m49.0s/5m0s  1.00 iters/s

running (3m50.0s), 005/050 VUs, 225 complete and 0 interrupted iterations
steady   [  77% ] 005/050 VUs  3m50.0s/5m0s  1.00 iters/s

running (3m51.0s), 004/050 VUs, 227 complete and 0 interrupted iterations
steady   [  77% ] 004/050 VUs  3m51.0s/5m0s  1.00 iters/s

running (3m52.0s), 004/050 VUs, 228 complete and 0 interrupted iterations
steady   [  77% ] 004/050 VUs  3m52.0s/5m0s  1.00 iters/s

running (3m53.0s), 004/050 VUs, 229 complete and 0 interrupted iterations
steady   [  78% ] 004/050 VUs  3m53.0s/5m0s  1.00 iters/s

running (3m54.0s), 004/050 VUs, 230 complete and 0 interrupted iterations
steady   [  78% ] 004/050 VUs  3m54.0s/5m0s  1.00 iters/s

running (3m55.0s), 005/050 VUs, 230 complete and 0 interrupted iterations
steady   [  78% ] 005/050 VUs  3m55.0s/5m0s  1.00 iters/s

running (3m56.0s), 005/050 VUs, 231 complete and 0 interrupted iterations
steady   [  79% ] 005/050 VUs  3m56.0s/5m0s  1.00 iters/s

running (3m57.0s), 004/050 VUs, 233 complete and 0 interrupted iterations
steady   [  79% ] 004/050 VUs  3m57.0s/5m0s  1.00 iters/s

running (3m58.0s), 004/050 VUs, 234 complete and 0 interrupted iterations
steady   [  79% ] 004/050 VUs  3m58.0s/5m0s  1.00 iters/s

running (3m59.0s), 005/050 VUs, 234 complete and 0 interrupted iterations
steady   [  80% ] 005/050 VUs  3m59.0s/5m0s  1.00 iters/s

running (4m00.0s), 004/050 VUs, 236 complete and 0 interrupted iterations
steady   [  80% ] 004/050 VUs  4m00.0s/5m0s  1.00 iters/s

running (4m01.0s), 004/050 VUs, 237 complete and 0 interrupted iterations
steady   [  80% ] 004/050 VUs  4m01.0s/5m0s  1.00 iters/s

running (4m02.0s), 004/050 VUs, 238 complete and 0 interrupted iterations
steady   [  81% ] 004/050 VUs  4m02.0s/5m0s  1.00 iters/s

running (4m03.0s), 004/050 VUs, 239 complete and 0 interrupted iterations
steady   [  81% ] 004/050 VUs  4m03.0s/5m0s  1.00 iters/s

running (4m04.0s), 004/050 VUs, 240 complete and 0 interrupted iterations
steady   [  81% ] 004/050 VUs  4m04.0s/5m0s  1.00 iters/s

running (4m05.0s), 004/050 VUs, 241 complete and 0 interrupted iterations
steady   [  82% ] 004/050 VUs  4m05.0s/5m0s  1.00 iters/s

running (4m06.0s), 005/050 VUs, 241 complete and 0 interrupted iterations
steady   [  82% ] 005/050 VUs  4m06.0s/5m0s  1.00 iters/s

running (4m07.0s), 004/050 VUs, 243 complete and 0 interrupted iterations
steady   [  82% ] 004/050 VUs  4m07.0s/5m0s  1.00 iters/s

running (4m08.0s), 004/050 VUs, 244 complete and 0 interrupted iterations
steady   [  83% ] 004/050 VUs  4m08.0s/5m0s  1.00 iters/s

running (4m09.0s), 003/050 VUs, 246 complete and 0 interrupted iterations
steady   [  83% ] 003/050 VUs  4m09.0s/5m0s  1.00 iters/s

running (4m10.0s), 003/050 VUs, 247 complete and 0 interrupted iterations
steady   [  83% ] 003/050 VUs  4m10.0s/5m0s  1.00 iters/s

running (4m11.0s), 004/050 VUs, 247 complete and 0 interrupted iterations
steady   [  84% ] 004/050 VUs  4m11.0s/5m0s  1.00 iters/s

running (4m12.0s), 003/050 VUs, 249 complete and 0 interrupted iterations
steady   [  84% ] 003/050 VUs  4m12.0s/5m0s  1.00 iters/s

running (4m13.0s), 003/050 VUs, 250 complete and 0 interrupted iterations
steady   [  84% ] 003/050 VUs  4m13.0s/5m0s  1.00 iters/s

running (4m14.0s), 004/050 VUs, 250 complete and 0 interrupted iterations
steady   [  85% ] 004/050 VUs  4m14.0s/5m0s  1.00 iters/s

running (4m15.0s), 004/050 VUs, 251 complete and 0 interrupted iterations
steady   [  85% ] 004/050 VUs  4m15.0s/5m0s  1.00 iters/s

running (4m16.0s), 004/050 VUs, 252 complete and 0 interrupted iterations
steady   [  85% ] 004/050 VUs  4m16.0s/5m0s  1.00 iters/s

running (4m17.0s), 004/050 VUs, 253 complete and 0 interrupted iterations
steady   [  86% ] 004/050 VUs  4m17.0s/5m0s  1.00 iters/s

running (4m18.0s), 005/050 VUs, 253 complete and 0 interrupted iterations
steady   [  86% ] 005/050 VUs  4m18.0s/5m0s  1.00 iters/s

running (4m19.0s), 005/050 VUs, 254 complete and 0 interrupted iterations
steady   [  86% ] 005/050 VUs  4m19.0s/5m0s  1.00 iters/s

running (4m20.0s), 004/050 VUs, 256 complete and 0 interrupted iterations
steady   [  87% ] 004/050 VUs  4m20.0s/5m0s  1.00 iters/s

running (4m21.0s), 004/050 VUs, 257 complete and 0 interrupted iterations
steady   [  87% ] 004/050 VUs  4m21.0s/5m0s  1.00 iters/s

running (4m22.0s), 004/050 VUs, 258 complete and 0 interrupted iterations
steady   [  87% ] 004/050 VUs  4m22.0s/5m0s  1.00 iters/s

running (4m23.0s), 005/050 VUs, 258 complete and 0 interrupted iterations
steady   [  88% ] 005/050 VUs  4m23.0s/5m0s  1.00 iters/s

running (4m24.0s), 003/050 VUs, 261 complete and 0 interrupted iterations
steady   [  88% ] 003/050 VUs  4m24.0s/5m0s  1.00 iters/s

running (4m25.0s), 003/050 VUs, 262 complete and 0 interrupted iterations
steady   [  88% ] 003/050 VUs  4m25.0s/5m0s  1.00 iters/s

running (4m26.0s), 004/050 VUs, 262 complete and 0 interrupted iterations
steady   [  89% ] 004/050 VUs  4m26.0s/5m0s  1.00 iters/s

running (4m27.0s), 005/050 VUs, 262 complete and 0 interrupted iterations
steady   [  89% ] 005/050 VUs  4m27.0s/5m0s  1.00 iters/s

running (4m28.0s), 005/050 VUs, 263 complete and 0 interrupted iterations
steady   [  89% ] 005/050 VUs  4m28.0s/5m0s  1.00 iters/s

running (4m29.0s), 003/050 VUs, 266 complete and 0 interrupted iterations
steady   [  90% ] 003/050 VUs  4m29.0s/5m0s  1.00 iters/s

running (4m30.0s), 004/050 VUs, 266 complete and 0 interrupted iterations
steady   [  90% ] 004/050 VUs  4m30.0s/5m0s  1.00 iters/s

running (4m31.0s), 004/050 VUs, 267 complete and 0 interrupted iterations
steady   [  90% ] 004/050 VUs  4m31.0s/5m0s  1.00 iters/s

running (4m32.0s), 005/050 VUs, 267 complete and 0 interrupted iterations
steady   [  91% ] 005/050 VUs  4m32.0s/5m0s  1.00 iters/s

running (4m33.0s), 005/050 VUs, 268 complete and 0 interrupted iterations
steady   [  91% ] 005/050 VUs  4m33.0s/5m0s  1.00 iters/s

running (4m34.0s), 006/050 VUs, 268 complete and 0 interrupted iterations
steady   [  91% ] 006/050 VUs  4m34.0s/5m0s  1.00 iters/s

running (4m35.0s), 005/050 VUs, 270 complete and 0 interrupted iterations
steady   [  92% ] 005/050 VUs  4m35.0s/5m0s  1.00 iters/s

running (4m36.0s), 005/050 VUs, 271 complete and 0 interrupted iterations
steady   [  92% ] 005/050 VUs  4m36.0s/5m0s  1.00 iters/s

running (4m37.0s), 003/050 VUs, 274 complete and 0 interrupted iterations
steady   [  92% ] 003/050 VUs  4m37.0s/5m0s  1.00 iters/s

running (4m38.0s), 004/050 VUs, 274 complete and 0 interrupted iterations
steady   [  93% ] 004/050 VUs  4m38.0s/5m0s  1.00 iters/s

running (4m39.0s), 005/050 VUs, 274 complete and 0 interrupted iterations
steady   [  93% ] 005/050 VUs  4m39.0s/5m0s  1.00 iters/s

running (4m40.0s), 004/050 VUs, 276 complete and 0 interrupted iterations
steady   [  93% ] 004/050 VUs  4m40.0s/5m0s  1.00 iters/s

running (4m41.0s), 004/050 VUs, 277 complete and 0 interrupted iterations
steady   [  94% ] 004/050 VUs  4m41.0s/5m0s  1.00 iters/s

running (4m42.0s), 004/050 VUs, 278 complete and 0 interrupted iterations
steady   [  94% ] 004/050 VUs  4m42.0s/5m0s  1.00 iters/s

running (4m43.0s), 005/050 VUs, 278 complete and 0 interrupted iterations
steady   [  94% ] 005/050 VUs  4m43.0s/5m0s  1.00 iters/s

running (4m44.0s), 005/050 VUs, 279 complete and 0 interrupted iterations
steady   [  95% ] 005/050 VUs  4m44.0s/5m0s  1.00 iters/s

running (4m45.0s), 005/050 VUs, 280 complete and 0 interrupted iterations
steady   [  95% ] 005/050 VUs  4m45.0s/5m0s  1.00 iters/s

running (4m46.0s), 006/050 VUs, 280 complete and 0 interrupted iterations
steady   [  95% ] 006/050 VUs  4m46.0s/5m0s  1.00 iters/s

running (4m47.0s), 004/050 VUs, 283 complete and 0 interrupted iterations
steady   [  96% ] 004/050 VUs  4m47.0s/5m0s  1.00 iters/s

running (4m48.0s), 004/050 VUs, 284 complete and 0 interrupted iterations
steady   [  96% ] 004/050 VUs  4m48.0s/5m0s  1.00 iters/s

running (4m49.0s), 004/050 VUs, 285 complete and 0 interrupted iterations
steady   [  96% ] 004/050 VUs  4m49.0s/5m0s  1.00 iters/s

running (4m50.0s), 005/050 VUs, 285 complete and 0 interrupted iterations
steady   [  97% ] 005/050 VUs  4m50.0s/5m0s  1.00 iters/s

running (4m51.0s), 004/050 VUs, 287 complete and 0 interrupted iterations
steady   [  97% ] 004/050 VUs  4m51.0s/5m0s  1.00 iters/s

running (4m52.0s), 004/050 VUs, 288 complete and 0 interrupted iterations
steady   [  97% ] 004/050 VUs  4m52.0s/5m0s  1.00 iters/s

running (4m53.0s), 004/050 VUs, 289 complete and 0 interrupted iterations
steady   [  98% ] 004/050 VUs  4m53.0s/5m0s  1.00 iters/s

running (4m54.0s), 005/050 VUs, 289 complete and 0 interrupted iterations
steady   [  98% ] 005/050 VUs  4m54.0s/5m0s  1.00 iters/s

running (4m55.0s), 005/050 VUs, 290 complete and 0 interrupted iterations
steady   [  98% ] 005/050 VUs  4m55.0s/5m0s  1.00 iters/s

running (4m56.0s), 004/050 VUs, 292 complete and 0 interrupted iterations
steady   [  99% ] 004/050 VUs  4m56.0s/5m0s  1.00 iters/s

running (4m57.0s), 004/050 VUs, 293 complete and 0 interrupted iterations
steady   [  99% ] 004/050 VUs  4m57.0s/5m0s  1.00 iters/s

running (4m58.0s), 004/050 VUs, 294 complete and 0 interrupted iterations
steady   [  99% ] 004/050 VUs  4m58.0s/5m0s  1.00 iters/s

running (4m59.0s), 004/050 VUs, 295 complete and 0 interrupted iterations
steady   [ 100% ] 004/050 VUs  4m59.0s/5m0s  1.00 iters/s

running (5m00.0s), 004/050 VUs, 296 complete and 0 interrupted iterations
steady   [ 100% ] 004/050 VUs  5m00.0s/5m0s  1.00 iters/s

running (5m01.0s), 003/050 VUs, 297 complete and 0 interrupted iterations
steady ↓ [ 100% ] 004/050 VUs  5m0s  1.00 iters/s

running (5m02.0s), 002/050 VUs, 298 complete and 0 interrupted iterations
steady ↓ [ 100% ] 004/050 VUs  5m0s  1.00 iters/s

running (5m03.0s), 001/050 VUs, 299 complete and 0 interrupted iterations
steady ↓ [ 100% ] 004/050 VUs  5m0s  1.00 iters/s

running (5m04.0s), 001/050 VUs, 299 complete and 0 interrupted iterations
steady ↓ [ 100% ] 004/050 VUs  5m0s  1.00 iters/s

================ DSP benchmark summary ================
-- per-phase latency --
  catalog                    p50=87.2 ms  p95=150.0 ms  p99=200.5 ms  max=262.6 ms  n=300
  negotiation init (POST)    p50=6.9 ms  p95=97.5 ms  p99=109.5 ms  max=248.0 ms  n=300
  time-to-AGREED (async)     p50=2543.5 ms  p95=3344.7 ms  p99=3813.0 ms  max=4329.0 ms  n=300
  transfer init (POST)       p50=42.8 ms  p95=101.0 ms  p99=115.3 ms  max=134.0 ms  n=300
  time-to-EDR (async)        p50=1780.0 ms  p95=2578.1 ms  p99=3048.0 ms  max=4586.0 ms  n=300
  data pull                  p50=27.7 ms  p95=41.8 ms  p99=48.4 ms  max=51.1 ms  n=300
-- end-to-end + throughput --
  e2e transaction            p50=4682.0 ms  p95=5819.1 ms  p99=6576.1 ms  max=7265.0 ms  n=300
  data throughput (MB/s)     p50=0.2  p95=0.2  p99=0.2  max=0.2  n=300
-- outcomes --
  transactions succeeded     count=300  rate=0.987/s
  transactions failed        (no data)
  failed rate                rate=0.00%  (pass=0 fail=300)
    of which TERMINATED      (no data)
    of which TIMED OUT       (no data)
    of which HTTP-FAILED     (no data)
  failure accounting       (no failures)
-- observer effect (poll load) --
  negotiation polls          count=3409  rate=11.214/s
  edr polls                  count=2485  rate=8.175/s
  polls per transaction     negotiation=11.4  edr=8.3  (timeout ceiling=120)
=======================================================
(full summary -> /home/rohitj/edc/benchmarking-factoryx-edc/resources/local-fx-mvd/k6-scripts/results/factoryx/on/steady/2026-08-10T10-45-37Z/k6-summary.json; POLL_INTERVAL_MS=250; IDENTITY_MODE=on)

running (5m04.0s), 000/050 VUs, 300 complete and 0 interrupted iterations
steady ✓ [ 100% ] 000/050 VUs  5m0s  1.00 iters/s
Prometheus snapshot [1786358823..1786359142] svc=(provider-controlplane|provider-dataplane|consumer-controlplane|consumer-dataplane) win=1m -> /home/rohitj/edc/benchmarking-factoryx-edc/resources/local-fx-mvd/k6-scripts/results/factoryx/on/steady/2026-08-10T10-45-37Z
  jvm-heap.csv (256 rows)
  jvm-gc-rate.csv (256 rows)
  jvm-threads.csv (256 rows)
  http-throughput.csv (256 rows)
  http-p95.csv (256 rows)
  http-errors.csv (128 rows)
  http-errors-5xx.csv (0 rows)
  http-status.csv (128 rows)
  host-cpu-busy.csv (64 rows)
  host-mem-used.csv (64 rows)
  5xx: no 5xx in window (confirmed: http-status has 128 samples, so the status label IS scraped)
  logs -> /home/rohitj/edc/benchmarking-factoryx-edc/resources/local-fx-mvd/k6-scripts/results/factoryx/on/steady/2026-08-10T10-45-37Z/logs (4 files)
    consumer-controlplane.log:0
    consumer-dataplane.log:0
    provider-controlplane.log:0
    provider-dataplane.log:0
VALIDITY  ok=300  failed=0  failed_rate=0%  dropped_iterations=0
>>> done: /home/rohitj/edc/benchmarking-factoryx-edc/resources/local-fx-mvd/k6-scripts/results/factoryx/on/steady/2026-08-10T10-45-37Z  (k6 exit 0)
Matrix done. Index: /home/rohitj/edc/benchmarking-factoryx-edc/resources/local-fx-mvd/k6-scripts/results/factoryx/matrix-2026-08-10T10-18-39Z.log
TIP: aggregate the per-run k6-summary.json across reps into median+IQR before plotting.
10:52:22 |     done (exit 0)
10:52:22 |   … settling 120s before the next scenario
10:54:22 | --> poll-sensitivity @ 250ms
>>> factoryx / poll-sensitivity  ->  /home/rohitj/edc/benchmarking-factoryx-edc/resources/local-fx-mvd/k6-scripts/results/factoryx/on/poll-sensitivity/2026-08-10T10-54-22Z
parity OK: lib/ + scenarios/ + orchestration/ + tools/ identical to /home/rohitj/edc/benchmarking-factoryx-edc/resources/local-fx-mvd/k6-scripts
Health: http://localhost:29010/management + prometheus  OK
Warmup 60s @ 1/s (discarded)
  draining 20s before the measured window opens
k6 -> Prometheus remote-write: http://localhost:9090/api/v1/write

         /\      Grafana   /‾‾/  
    /\  /  \     |\  __   /  /   
   /  \/    \    | |/ /  /   ‾‾\ 
  /          \   |   (  |  (‾)  |
 / __________ \  |_|\_\  \_____/ 


     execution: local
        script: /home/rohitj/edc/benchmarking-factoryx-edc/resources/local-fx-mvd/k6-scripts/scenarios/poll-sensitivity.js
        output: Prometheus remote write (http://localhost:9090/api/v1/write)

     scenarios: (100.00%) 1 scenario, 200 max VUs, 5m30s max duration (incl. graceful stop):
              * pollSensitivity: 1.00 iterations/s for 5m0s (maxVUs: 50-200, gracefulStop: 30s)


running (0m01.0s), 001/050 VUs, 0 complete and 0 interrupted iterations
pollSensitivity   [   0% ] 001/050 VUs  0m01.0s/5m0s  1.00 iters/s

running (0m02.0s), 002/050 VUs, 0 complete and 0 interrupted iterations
pollSensitivity   [   1% ] 002/050 VUs  0m02.0s/5m0s  1.00 iters/s

running (0m03.0s), 003/050 VUs, 0 complete and 0 interrupted iterations
pollSensitivity   [   1% ] 003/050 VUs  0m03.0s/5m0s  1.00 iters/s

running (0m04.0s), 004/050 VUs, 0 complete and 0 interrupted iterations
pollSensitivity   [   1% ] 004/050 VUs  0m04.0s/5m0s  1.00 iters/s

running (0m05.0s), 004/050 VUs, 1 complete and 0 interrupted iterations
pollSensitivity   [   2% ] 004/050 VUs  0m05.0s/5m0s  1.00 iters/s

running (0m06.0s), 003/050 VUs, 3 complete and 0 interrupted iterations
pollSensitivity   [   2% ] 003/050 VUs  0m06.0s/5m0s  1.00 iters/s

running (0m07.0s), 004/050 VUs, 3 complete and 0 interrupted iterations
pollSensitivity   [   2% ] 004/050 VUs  0m07.0s/5m0s  1.00 iters/s

running (0m08.0s), 005/050 VUs, 3 complete and 0 interrupted iterations
pollSensitivity   [   3% ] 005/050 VUs  0m08.0s/5m0s  1.00 iters/s

running (0m09.0s), 005/050 VUs, 4 complete and 0 interrupted iterations
pollSensitivity   [   3% ] 005/050 VUs  0m09.0s/5m0s  1.00 iters/s

running (0m10.0s), 005/050 VUs, 5 complete and 0 interrupted iterations
pollSensitivity   [   3% ] 005/050 VUs  0m10.0s/5m0s  1.00 iters/s

running (0m11.0s), 006/050 VUs, 5 complete and 0 interrupted iterations
pollSensitivity   [   4% ] 006/050 VUs  0m11.0s/5m0s  1.00 iters/s

running (0m12.0s), 005/050 VUs, 7 complete and 0 interrupted iterations
pollSensitivity   [   4% ] 005/050 VUs  0m12.0s/5m0s  1.00 iters/s

running (0m13.0s), 004/050 VUs, 9 complete and 0 interrupted iterations
pollSensitivity   [   4% ] 004/050 VUs  0m13.0s/5m0s  1.00 iters/s

running (0m14.0s), 004/050 VUs, 10 complete and 0 interrupted iterations
pollSensitivity   [   5% ] 004/050 VUs  0m14.0s/5m0s  1.00 iters/s

running (0m15.0s), 005/050 VUs, 10 complete and 0 interrupted iterations
pollSensitivity   [   5% ] 005/050 VUs  0m15.0s/5m0s  1.00 iters/s

running (0m16.0s), 005/050 VUs, 11 complete and 0 interrupted iterations
pollSensitivity   [   5% ] 005/050 VUs  0m16.0s/5m0s  1.00 iters/s

running (0m17.0s), 004/050 VUs, 13 complete and 0 interrupted iterations
pollSensitivity   [   6% ] 004/050 VUs  0m17.0s/5m0s  1.00 iters/s

running (0m18.0s), 004/050 VUs, 14 complete and 0 interrupted iterations
pollSensitivity   [   6% ] 004/050 VUs  0m18.0s/5m0s  1.00 iters/s

running (0m19.0s), 004/050 VUs, 15 complete and 0 interrupted iterations
pollSensitivity   [   6% ] 004/050 VUs  0m19.0s/5m0s  1.00 iters/s

running (0m20.0s), 005/050 VUs, 15 complete and 0 interrupted iterations
pollSensitivity   [   7% ] 005/050 VUs  0m20.0s/5m0s  1.00 iters/s

running (0m21.0s), 004/050 VUs, 17 complete and 0 interrupted iterations
pollSensitivity   [   7% ] 004/050 VUs  0m21.0s/5m0s  1.00 iters/s

running (0m22.0s), 004/050 VUs, 18 complete and 0 interrupted iterations
pollSensitivity   [   7% ] 004/050 VUs  0m22.0s/5m0s  1.00 iters/s

running (0m23.0s), 005/050 VUs, 18 complete and 0 interrupted iterations
pollSensitivity   [   8% ] 005/050 VUs  0m23.0s/5m0s  1.00 iters/s

running (0m24.0s), 004/050 VUs, 20 complete and 0 interrupted iterations
pollSensitivity   [   8% ] 004/050 VUs  0m24.0s/5m0s  1.00 iters/s

running (0m25.0s), 005/050 VUs, 20 complete and 0 interrupted iterations
pollSensitivity   [   8% ] 005/050 VUs  0m25.0s/5m0s  1.00 iters/s

running (0m26.0s), 004/050 VUs, 22 complete and 0 interrupted iterations
pollSensitivity   [   9% ] 004/050 VUs  0m26.0s/5m0s  1.00 iters/s

running (0m27.0s), 004/050 VUs, 23 complete and 0 interrupted iterations
pollSensitivity   [   9% ] 004/050 VUs  0m27.0s/5m0s  1.00 iters/s

running (0m28.0s), 004/050 VUs, 24 complete and 0 interrupted iterations
pollSensitivity   [   9% ] 004/050 VUs  0m28.0s/5m0s  1.00 iters/s

running (0m29.0s), 004/050 VUs, 25 complete and 0 interrupted iterations
pollSensitivity   [  10% ] 004/050 VUs  0m29.0s/5m0s  1.00 iters/s

running (0m30.0s), 004/050 VUs, 26 complete and 0 interrupted iterations
pollSensitivity   [  10% ] 004/050 VUs  0m30.0s/5m0s  1.00 iters/s

running (0m31.0s), 005/050 VUs, 26 complete and 0 interrupted iterations
pollSensitivity   [  10% ] 005/050 VUs  0m31.0s/5m0s  1.00 iters/s

running (0m32.0s), 004/050 VUs, 28 complete and 0 interrupted iterations
pollSensitivity   [  11% ] 004/050 VUs  0m32.0s/5m0s  1.00 iters/s

running (0m33.0s), 004/050 VUs, 29 complete and 0 interrupted iterations
pollSensitivity   [  11% ] 004/050 VUs  0m33.0s/5m0s  1.00 iters/s

running (0m34.0s), 005/050 VUs, 29 complete and 0 interrupted iterations
pollSensitivity   [  11% ] 005/050 VUs  0m34.0s/5m0s  1.00 iters/s

running (0m35.0s), 005/050 VUs, 30 complete and 0 interrupted iterations
pollSensitivity   [  12% ] 005/050 VUs  0m35.0s/5m0s  1.00 iters/s

running (0m36.0s), 005/050 VUs, 31 complete and 0 interrupted iterations
pollSensitivity   [  12% ] 005/050 VUs  0m36.0s/5m0s  1.00 iters/s

running (0m37.0s), 004/050 VUs, 33 complete and 0 interrupted iterations
pollSensitivity   [  12% ] 004/050 VUs  0m37.0s/5m0s  1.00 iters/s

running (0m38.0s), 004/050 VUs, 34 complete and 0 interrupted iterations
pollSensitivity   [  13% ] 004/050 VUs  0m38.0s/5m0s  1.00 iters/s

running (0m39.0s), 004/050 VUs, 35 complete and 0 interrupted iterations
pollSensitivity   [  13% ] 004/050 VUs  0m39.0s/5m0s  1.00 iters/s

running (0m40.0s), 004/050 VUs, 36 complete and 0 interrupted iterations
pollSensitivity   [  13% ] 004/050 VUs  0m40.0s/5m0s  1.00 iters/s

running (0m41.0s), 005/050 VUs, 36 complete and 0 interrupted iterations
pollSensitivity   [  14% ] 005/050 VUs  0m41.0s/5m0s  1.00 iters/s

running (0m42.0s), 004/050 VUs, 38 complete and 0 interrupted iterations
pollSensitivity   [  14% ] 004/050 VUs  0m42.0s/5m0s  1.00 iters/s

running (0m43.0s), 004/050 VUs, 39 complete and 0 interrupted iterations
pollSensitivity   [  14% ] 004/050 VUs  0m43.0s/5m0s  1.00 iters/s

running (0m44.0s), 004/050 VUs, 40 complete and 0 interrupted iterations
pollSensitivity   [  15% ] 004/050 VUs  0m44.0s/5m0s  1.00 iters/s

running (0m45.0s), 004/050 VUs, 41 complete and 0 interrupted iterations
pollSensitivity   [  15% ] 004/050 VUs  0m45.0s/5m0s  1.00 iters/s

running (0m46.0s), 005/050 VUs, 41 complete and 0 interrupted iterations
pollSensitivity   [  15% ] 005/050 VUs  0m46.0s/5m0s  1.00 iters/s

running (0m47.0s), 004/050 VUs, 43 complete and 0 interrupted iterations
pollSensitivity   [  16% ] 004/050 VUs  0m47.0s/5m0s  1.00 iters/s

running (0m48.0s), 004/050 VUs, 44 complete and 0 interrupted iterations
pollSensitivity   [  16% ] 004/050 VUs  0m48.0s/5m0s  1.00 iters/s

running (0m49.0s), 004/050 VUs, 45 complete and 0 interrupted iterations
pollSensitivity   [  16% ] 004/050 VUs  0m49.0s/5m0s  1.00 iters/s

running (0m50.0s), 005/050 VUs, 45 complete and 0 interrupted iterations
pollSensitivity   [  17% ] 005/050 VUs  0m50.0s/5m0s  1.00 iters/s

running (0m51.0s), 005/050 VUs, 46 complete and 0 interrupted iterations
pollSensitivity   [  17% ] 005/050 VUs  0m51.0s/5m0s  1.00 iters/s

running (0m52.0s), 004/050 VUs, 48 complete and 0 interrupted iterations
pollSensitivity   [  17% ] 004/050 VUs  0m52.0s/5m0s  1.00 iters/s

running (0m53.0s), 005/050 VUs, 48 complete and 0 interrupted iterations
pollSensitivity   [  18% ] 005/050 VUs  0m53.0s/5m0s  1.00 iters/s

running (0m54.0s), 004/050 VUs, 50 complete and 0 interrupted iterations
pollSensitivity   [  18% ] 004/050 VUs  0m54.0s/5m0s  1.00 iters/s

running (0m55.0s), 005/050 VUs, 50 complete and 0 interrupted iterations
pollSensitivity   [  18% ] 005/050 VUs  0m55.0s/5m0s  1.00 iters/s

running (0m56.0s), 005/050 VUs, 51 complete and 0 interrupted iterations
pollSensitivity   [  19% ] 005/050 VUs  0m56.0s/5m0s  1.00 iters/s

running (0m57.0s), 006/050 VUs, 51 complete and 0 interrupted iterations
pollSensitivity   [  19% ] 006/050 VUs  0m57.0s/5m0s  1.00 iters/s

running (0m58.0s), 004/050 VUs, 54 complete and 0 interrupted iterations
pollSensitivity   [  19% ] 004/050 VUs  0m58.0s/5m0s  1.00 iters/s

running (0m59.0s), 004/050 VUs, 55 complete and 0 interrupted iterations
pollSensitivity   [  20% ] 004/050 VUs  0m59.0s/5m0s  1.00 iters/s

running (1m00.0s), 003/050 VUs, 57 complete and 0 interrupted iterations
pollSensitivity   [  20% ] 003/050 VUs  1m00.0s/5m0s  1.00 iters/s

running (1m01.0s), 004/050 VUs, 57 complete and 0 interrupted iterations
pollSensitivity   [  20% ] 004/050 VUs  1m01.0s/5m0s  1.00 iters/s

running (1m02.0s), 004/050 VUs, 58 complete and 0 interrupted iterations
pollSensitivity   [  21% ] 004/050 VUs  1m02.0s/5m0s  1.00 iters/s

running (1m03.0s), 004/050 VUs, 59 complete and 0 interrupted iterations
pollSensitivity   [  21% ] 004/050 VUs  1m03.0s/5m0s  1.00 iters/s

running (1m04.0s), 004/050 VUs, 60 complete and 0 interrupted iterations
pollSensitivity   [  21% ] 004/050 VUs  1m04.0s/5m0s  1.00 iters/s

running (1m05.0s), 005/050 VUs, 60 complete and 0 interrupted iterations
pollSensitivity   [  22% ] 005/050 VUs  1m05.0s/5m0s  1.00 iters/s

running (1m06.0s), 003/050 VUs, 63 complete and 0 interrupted iterations
pollSensitivity   [  22% ] 003/050 VUs  1m06.0s/5m0s  1.00 iters/s

running (1m07.0s), 004/050 VUs, 63 complete and 0 interrupted iterations
pollSensitivity   [  22% ] 004/050 VUs  1m07.0s/5m0s  1.00 iters/s

running (1m08.0s), 004/050 VUs, 64 complete and 0 interrupted iterations
pollSensitivity   [  23% ] 004/050 VUs  1m08.0s/5m0s  1.00 iters/s

running (1m09.0s), 004/050 VUs, 65 complete and 0 interrupted iterations
pollSensitivity   [  23% ] 004/050 VUs  1m09.0s/5m0s  1.00 iters/s

running (1m10.0s), 003/050 VUs, 67 complete and 0 interrupted iterations
pollSensitivity   [  23% ] 003/050 VUs  1m10.0s/5m0s  1.00 iters/s

running (1m11.0s), 003/050 VUs, 68 complete and 0 interrupted iterations
pollSensitivity   [  24% ] 003/050 VUs  1m11.0s/5m0s  1.00 iters/s

running (1m12.0s), 004/050 VUs, 68 complete and 0 interrupted iterations
pollSensitivity   [  24% ] 004/050 VUs  1m12.0s/5m0s  1.00 iters/s

running (1m13.0s), 004/050 VUs, 69 complete and 0 interrupted iterations
pollSensitivity   [  24% ] 004/050 VUs  1m13.0s/5m0s  1.00 iters/s

running (1m14.0s), 004/050 VUs, 70 complete and 0 interrupted iterations
pollSensitivity   [  25% ] 004/050 VUs  1m14.0s/5m0s  1.00 iters/s

running (1m15.0s), 004/050 VUs, 71 complete and 0 interrupted iterations
pollSensitivity   [  25% ] 004/050 VUs  1m15.0s/5m0s  1.00 iters/s

running (1m16.0s), 005/050 VUs, 71 complete and 0 interrupted iterations
pollSensitivity   [  25% ] 005/050 VUs  1m16.0s/5m0s  1.00 iters/s

running (1m17.0s), 004/050 VUs, 73 complete and 0 interrupted iterations
pollSensitivity   [  26% ] 004/050 VUs  1m17.0s/5m0s  1.00 iters/s

running (1m18.0s), 004/050 VUs, 74 complete and 0 interrupted iterations
pollSensitivity   [  26% ] 004/050 VUs  1m18.0s/5m0s  1.00 iters/s

running (1m19.0s), 005/050 VUs, 74 complete and 0 interrupted iterations
pollSensitivity   [  26% ] 005/050 VUs  1m19.0s/5m0s  1.00 iters/s

running (1m20.0s), 005/050 VUs, 75 complete and 0 interrupted iterations
pollSensitivity   [  27% ] 005/050 VUs  1m20.0s/5m0s  1.00 iters/s

running (1m21.0s), 004/050 VUs, 77 complete and 0 interrupted iterations
pollSensitivity   [  27% ] 004/050 VUs  1m21.0s/5m0s  1.00 iters/s

running (1m22.0s), 004/050 VUs, 78 complete and 0 interrupted iterations
pollSensitivity   [  27% ] 004/050 VUs  1m22.0s/5m0s  1.00 iters/s

running (1m23.0s), 004/050 VUs, 79 complete and 0 interrupted iterations
pollSensitivity   [  28% ] 004/050 VUs  1m23.0s/5m0s  1.00 iters/s

running (1m24.0s), 004/050 VUs, 80 complete and 0 interrupted iterations
pollSensitivity   [  28% ] 004/050 VUs  1m24.0s/5m0s  1.00 iters/s

running (1m25.0s), 004/050 VUs, 81 complete and 0 interrupted iterations
pollSensitivity   [  28% ] 004/050 VUs  1m25.0s/5m0s  1.00 iters/s

running (1m26.0s), 005/050 VUs, 81 complete and 0 interrupted iterations
pollSensitivity   [  29% ] 005/050 VUs  1m26.0s/5m0s  1.00 iters/s

running (1m27.0s), 004/050 VUs, 83 complete and 0 interrupted iterations
pollSensitivity   [  29% ] 004/050 VUs  1m27.0s/5m0s  1.00 iters/s

running (1m28.0s), 003/050 VUs, 85 complete and 0 interrupted iterations
pollSensitivity   [  29% ] 003/050 VUs  1m28.0s/5m0s  1.00 iters/s

running (1m29.0s), 004/050 VUs, 85 complete and 0 interrupted iterations
pollSensitivity   [  30% ] 004/050 VUs  1m29.0s/5m0s  1.00 iters/s

running (1m30.0s), 004/050 VUs, 86 complete and 0 interrupted iterations
pollSensitivity   [  30% ] 004/050 VUs  1m30.0s/5m0s  1.00 iters/s

running (1m31.0s), 003/050 VUs, 88 complete and 0 interrupted iterations
pollSensitivity   [  30% ] 003/050 VUs  1m31.0s/5m0s  1.00 iters/s

running (1m32.0s), 004/050 VUs, 88 complete and 0 interrupted iterations
pollSensitivity   [  31% ] 004/050 VUs  1m32.0s/5m0s  1.00 iters/s

running (1m33.0s), 004/050 VUs, 89 complete and 0 interrupted iterations
pollSensitivity   [  31% ] 004/050 VUs  1m33.0s/5m0s  1.00 iters/s

running (1m34.0s), 004/050 VUs, 90 complete and 0 interrupted iterations
pollSensitivity   [  31% ] 004/050 VUs  1m34.0s/5m0s  1.00 iters/s

running (1m35.0s), 004/050 VUs, 91 complete and 0 interrupted iterations
pollSensitivity   [  32% ] 004/050 VUs  1m35.0s/5m0s  1.00 iters/s

running (1m36.0s), 003/050 VUs, 93 complete and 0 interrupted iterations
pollSensitivity   [  32% ] 003/050 VUs  1m36.0s/5m0s  1.00 iters/s

running (1m37.0s), 003/050 VUs, 94 complete and 0 interrupted iterations
pollSensitivity   [  32% ] 003/050 VUs  1m37.0s/5m0s  1.00 iters/s

running (1m38.0s), 003/050 VUs, 95 complete and 0 interrupted iterations
pollSensitivity   [  33% ] 003/050 VUs  1m38.0s/5m0s  1.00 iters/s

running (1m39.0s), 004/050 VUs, 95 complete and 0 interrupted iterations
pollSensitivity   [  33% ] 004/050 VUs  1m39.0s/5m0s  1.00 iters/s

running (1m40.0s), 004/050 VUs, 96 complete and 0 interrupted iterations
pollSensitivity   [  33% ] 004/050 VUs  1m40.0s/5m0s  1.00 iters/s

running (1m41.0s), 005/050 VUs, 96 complete and 0 interrupted iterations
pollSensitivity   [  34% ] 005/050 VUs  1m41.0s/5m0s  1.00 iters/s

running (1m42.0s), 006/050 VUs, 96 complete and 0 interrupted iterations
pollSensitivity   [  34% ] 006/050 VUs  1m42.0s/5m0s  1.00 iters/s

running (1m43.0s), 004/050 VUs, 99 complete and 0 interrupted iterations
pollSensitivity   [  34% ] 004/050 VUs  1m43.0s/5m0s  1.00 iters/s

running (1m44.0s), 005/050 VUs, 99 complete and 0 interrupted iterations
pollSensitivity   [  35% ] 005/050 VUs  1m44.0s/5m0s  1.00 iters/s

running (1m45.0s), 005/050 VUs, 100 complete and 0 interrupted iterations
pollSensitivity   [  35% ] 005/050 VUs  1m45.0s/5m0s  1.00 iters/s

running (1m46.0s), 005/050 VUs, 101 complete and 0 interrupted iterations
pollSensitivity   [  35% ] 005/050 VUs  1m46.0s/5m0s  1.00 iters/s

running (1m47.0s), 005/050 VUs, 102 complete and 0 interrupted iterations
pollSensitivity   [  36% ] 005/050 VUs  1m47.0s/5m0s  1.00 iters/s

running (1m48.0s), 004/050 VUs, 104 complete and 0 interrupted iterations
pollSensitivity   [  36% ] 004/050 VUs  1m48.0s/5m0s  1.00 iters/s

running (1m49.0s), 004/050 VUs, 105 complete and 0 interrupted iterations
pollSensitivity   [  36% ] 004/050 VUs  1m49.0s/5m0s  1.00 iters/s

running (1m50.0s), 004/050 VUs, 106 complete and 0 interrupted iterations
pollSensitivity   [  37% ] 004/050 VUs  1m50.0s/5m0s  1.00 iters/s

running (1m51.0s), 005/050 VUs, 106 complete and 0 interrupted iterations
pollSensitivity   [  37% ] 005/050 VUs  1m51.0s/5m0s  1.00 iters/s

running (1m52.0s), 004/050 VUs, 108 complete and 0 interrupted iterations
pollSensitivity   [  37% ] 004/050 VUs  1m52.0s/5m0s  1.00 iters/s

running (1m53.0s), 004/050 VUs, 109 complete and 0 interrupted iterations
pollSensitivity   [  38% ] 004/050 VUs  1m53.0s/5m0s  1.00 iters/s

running (1m54.0s), 005/050 VUs, 109 complete and 0 interrupted iterations
pollSensitivity   [  38% ] 005/050 VUs  1m54.0s/5m0s  1.00 iters/s

running (1m55.0s), 006/050 VUs, 109 complete and 0 interrupted iterations
pollSensitivity   [  38% ] 006/050 VUs  1m55.0s/5m0s  1.00 iters/s

running (1m56.0s), 004/050 VUs, 112 complete and 0 interrupted iterations
pollSensitivity   [  39% ] 004/050 VUs  1m56.0s/5m0s  1.00 iters/s

running (1m57.0s), 005/050 VUs, 112 complete and 0 interrupted iterations
pollSensitivity   [  39% ] 005/050 VUs  1m57.0s/5m0s  1.00 iters/s

running (1m58.0s), 003/050 VUs, 115 complete and 0 interrupted iterations
pollSensitivity   [  39% ] 003/050 VUs  1m58.0s/5m0s  1.00 iters/s

running (1m59.0s), 004/050 VUs, 115 complete and 0 interrupted iterations
pollSensitivity   [  40% ] 004/050 VUs  1m59.0s/5m0s  1.00 iters/s

running (2m00.0s), 005/050 VUs, 115 complete and 0 interrupted iterations
pollSensitivity   [  40% ] 005/050 VUs  2m00.0s/5m0s  1.00 iters/s

running (2m01.0s), 004/050 VUs, 117 complete and 0 interrupted iterations
pollSensitivity   [  40% ] 004/050 VUs  2m01.0s/5m0s  1.00 iters/s

running (2m02.0s), 004/050 VUs, 118 complete and 0 interrupted iterations
pollSensitivity   [  41% ] 004/050 VUs  2m02.0s/5m0s  1.00 iters/s

running (2m03.0s), 003/050 VUs, 120 complete and 0 interrupted iterations
pollSensitivity   [  41% ] 003/050 VUs  2m03.0s/5m0s  1.00 iters/s

running (2m04.0s), 004/050 VUs, 120 complete and 0 interrupted iterations
pollSensitivity   [  41% ] 004/050 VUs  2m04.0s/5m0s  1.00 iters/s

running (2m05.0s), 004/050 VUs, 121 complete and 0 interrupted iterations
pollSensitivity   [  42% ] 004/050 VUs  2m05.0s/5m0s  1.00 iters/s

running (2m06.0s), 004/050 VUs, 122 complete and 0 interrupted iterations
pollSensitivity   [  42% ] 004/050 VUs  2m06.0s/5m0s  1.00 iters/s

running (2m07.0s), 004/050 VUs, 123 complete and 0 interrupted iterations
pollSensitivity   [  42% ] 004/050 VUs  2m07.0s/5m0s  1.00 iters/s

running (2m08.0s), 005/050 VUs, 123 complete and 0 interrupted iterations
pollSensitivity   [  43% ] 005/050 VUs  2m08.0s/5m0s  1.00 iters/s

running (2m09.0s), 004/050 VUs, 125 complete and 0 interrupted iterations
pollSensitivity   [  43% ] 004/050 VUs  2m09.0s/5m0s  1.00 iters/s

running (2m10.0s), 003/050 VUs, 127 complete and 0 interrupted iterations
pollSensitivity   [  43% ] 003/050 VUs  2m10.0s/5m0s  1.00 iters/s

running (2m11.0s), 004/050 VUs, 127 complete and 0 interrupted iterations
pollSensitivity   [  44% ] 004/050 VUs  2m11.0s/5m0s  1.00 iters/s

running (2m12.0s), 005/050 VUs, 127 complete and 0 interrupted iterations
pollSensitivity   [  44% ] 005/050 VUs  2m12.0s/5m0s  1.00 iters/s

running (2m13.0s), 005/050 VUs, 128 complete and 0 interrupted iterations
pollSensitivity   [  44% ] 005/050 VUs  2m13.0s/5m0s  1.00 iters/s

running (2m14.0s), 005/050 VUs, 129 complete and 0 interrupted iterations
pollSensitivity   [  45% ] 005/050 VUs  2m14.0s/5m0s  1.00 iters/s

running (2m15.0s), 003/050 VUs, 132 complete and 0 interrupted iterations
pollSensitivity   [  45% ] 003/050 VUs  2m15.0s/5m0s  1.00 iters/s

running (2m16.0s), 004/050 VUs, 132 complete and 0 interrupted iterations
pollSensitivity   [  45% ] 004/050 VUs  2m16.0s/5m0s  1.00 iters/s

running (2m17.0s), 004/050 VUs, 133 complete and 0 interrupted iterations
pollSensitivity   [  46% ] 004/050 VUs  2m17.0s/5m0s  1.00 iters/s

running (2m18.0s), 004/050 VUs, 134 complete and 0 interrupted iterations
pollSensitivity   [  46% ] 004/050 VUs  2m18.0s/5m0s  1.00 iters/s

running (2m19.0s), 003/050 VUs, 136 complete and 0 interrupted iterations
pollSensitivity   [  46% ] 003/050 VUs  2m19.0s/5m0s  1.00 iters/s

running (2m20.0s), 004/050 VUs, 136 complete and 0 interrupted iterations
pollSensitivity   [  47% ] 004/050 VUs  2m20.0s/5m0s  1.00 iters/s

running (2m21.0s), 004/050 VUs, 137 complete and 0 interrupted iterations
pollSensitivity   [  47% ] 004/050 VUs  2m21.0s/5m0s  1.00 iters/s

running (2m22.0s), 004/050 VUs, 138 complete and 0 interrupted iterations
pollSensitivity   [  47% ] 004/050 VUs  2m22.0s/5m0s  1.00 iters/s

running (2m23.0s), 003/050 VUs, 140 complete and 0 interrupted iterations
pollSensitivity   [  48% ] 003/050 VUs  2m23.0s/5m0s  1.00 iters/s

running (2m24.0s), 004/050 VUs, 140 complete and 0 interrupted iterations
pollSensitivity   [  48% ] 004/050 VUs  2m24.0s/5m0s  1.00 iters/s

running (2m25.0s), 003/050 VUs, 142 complete and 0 interrupted iterations
pollSensitivity   [  48% ] 003/050 VUs  2m25.0s/5m0s  1.00 iters/s

running (2m26.0s), 004/050 VUs, 142 complete and 0 interrupted iterations
pollSensitivity   [  49% ] 004/050 VUs  2m26.0s/5m0s  1.00 iters/s

running (2m27.0s), 004/050 VUs, 143 complete and 0 interrupted iterations
pollSensitivity   [  49% ] 004/050 VUs  2m27.0s/5m0s  1.00 iters/s

running (2m28.0s), 004/050 VUs, 144 complete and 0 interrupted iterations
pollSensitivity   [  49% ] 004/050 VUs  2m28.0s/5m0s  1.00 iters/s

running (2m29.0s), 003/050 VUs, 146 complete and 0 interrupted iterations
pollSensitivity   [  50% ] 003/050 VUs  2m29.0s/5m0s  1.00 iters/s

running (2m30.0s), 003/050 VUs, 147 complete and 0 interrupted iterations
pollSensitivity   [  50% ] 003/050 VUs  2m30.0s/5m0s  1.00 iters/s

running (2m31.0s), 004/050 VUs, 147 complete and 0 interrupted iterations
pollSensitivity   [  50% ] 004/050 VUs  2m31.0s/5m0s  1.00 iters/s

running (2m32.0s), 004/050 VUs, 148 complete and 0 interrupted iterations
pollSensitivity   [  51% ] 004/050 VUs  2m32.0s/5m0s  1.00 iters/s

running (2m33.0s), 004/050 VUs, 149 complete and 0 interrupted iterations
pollSensitivity   [  51% ] 004/050 VUs  2m33.0s/5m0s  1.00 iters/s

running (2m34.0s), 004/050 VUs, 150 complete and 0 interrupted iterations
pollSensitivity   [  51% ] 004/050 VUs  2m34.0s/5m0s  1.00 iters/s

running (2m35.0s), 005/050 VUs, 150 complete and 0 interrupted iterations
pollSensitivity   [  52% ] 005/050 VUs  2m35.0s/5m0s  1.00 iters/s

running (2m36.0s), 004/050 VUs, 152 complete and 0 interrupted iterations
pollSensitivity   [  52% ] 004/050 VUs  2m36.0s/5m0s  1.00 iters/s

running (2m37.0s), 003/050 VUs, 154 complete and 0 interrupted iterations
pollSensitivity   [  52% ] 003/050 VUs  2m37.0s/5m0s  1.00 iters/s

running (2m38.0s), 004/050 VUs, 154 complete and 0 interrupted iterations
pollSensitivity   [  53% ] 004/050 VUs  2m38.0s/5m0s  1.00 iters/s

running (2m39.0s), 005/050 VUs, 154 complete and 0 interrupted iterations
pollSensitivity   [  53% ] 005/050 VUs  2m39.0s/5m0s  1.00 iters/s

running (2m40.0s), 003/050 VUs, 157 complete and 0 interrupted iterations
pollSensitivity   [  53% ] 003/050 VUs  2m40.0s/5m0s  1.00 iters/s

running (2m41.0s), 003/050 VUs, 158 complete and 0 interrupted iterations
pollSensitivity   [  54% ] 003/050 VUs  2m41.0s/5m0s  1.00 iters/s

running (2m42.0s), 004/050 VUs, 158 complete and 0 interrupted iterations
pollSensitivity   [  54% ] 004/050 VUs  2m42.0s/5m0s  1.00 iters/s

running (2m43.0s), 004/050 VUs, 159 complete and 0 interrupted iterations
pollSensitivity   [  54% ] 004/050 VUs  2m43.0s/5m0s  1.00 iters/s

running (2m44.0s), 005/050 VUs, 159 complete and 0 interrupted iterations
pollSensitivity   [  55% ] 005/050 VUs  2m44.0s/5m0s  1.00 iters/s

running (2m45.0s), 003/050 VUs, 162 complete and 0 interrupted iterations
pollSensitivity   [  55% ] 003/050 VUs  2m45.0s/5m0s  1.00 iters/s

running (2m46.0s), 004/050 VUs, 162 complete and 0 interrupted iterations
pollSensitivity   [  55% ] 004/050 VUs  2m46.0s/5m0s  1.00 iters/s

running (2m47.0s), 004/050 VUs, 163 complete and 0 interrupted iterations
pollSensitivity   [  56% ] 004/050 VUs  2m47.0s/5m0s  1.00 iters/s

running (2m48.0s), 005/050 VUs, 163 complete and 0 interrupted iterations
pollSensitivity   [  56% ] 005/050 VUs  2m48.0s/5m0s  1.00 iters/s

running (2m49.0s), 004/050 VUs, 165 complete and 0 interrupted iterations
pollSensitivity   [  56% ] 004/050 VUs  2m49.0s/5m0s  1.00 iters/s

running (2m50.0s), 005/050 VUs, 165 complete and 0 interrupted iterations
pollSensitivity   [  57% ] 005/050 VUs  2m50.0s/5m0s  1.00 iters/s

running (2m51.0s), 003/050 VUs, 168 complete and 0 interrupted iterations
pollSensitivity   [  57% ] 003/050 VUs  2m51.0s/5m0s  1.00 iters/s

running (2m52.0s), 003/050 VUs, 169 complete and 0 interrupted iterations
pollSensitivity   [  57% ] 003/050 VUs  2m52.0s/5m0s  1.00 iters/s

running (2m53.0s), 004/050 VUs, 169 complete and 0 interrupted iterations
pollSensitivity   [  58% ] 004/050 VUs  2m53.0s/5m0s  1.00 iters/s

running (2m54.0s), 005/050 VUs, 169 complete and 0 interrupted iterations
pollSensitivity   [  58% ] 005/050 VUs  2m54.0s/5m0s  1.00 iters/s

running (2m55.0s), 004/050 VUs, 171 complete and 0 interrupted iterations
pollSensitivity   [  58% ] 004/050 VUs  2m55.0s/5m0s  1.00 iters/s

running (2m56.0s), 003/050 VUs, 173 complete and 0 interrupted iterations
pollSensitivity   [  59% ] 003/050 VUs  2m56.0s/5m0s  1.00 iters/s

running (2m57.0s), 004/050 VUs, 173 complete and 0 interrupted iterations
pollSensitivity   [  59% ] 004/050 VUs  2m57.0s/5m0s  1.00 iters/s

running (2m58.0s), 004/050 VUs, 174 complete and 0 interrupted iterations
pollSensitivity   [  59% ] 004/050 VUs  2m58.0s/5m0s  1.00 iters/s

running (2m59.0s), 004/050 VUs, 175 complete and 0 interrupted iterations
pollSensitivity   [  60% ] 004/050 VUs  2m59.0s/5m0s  1.00 iters/s

running (3m00.0s), 004/050 VUs, 176 complete and 0 interrupted iterations
pollSensitivity   [  60% ] 004/050 VUs  3m00.0s/5m0s  1.00 iters/s

running (3m01.0s), 005/050 VUs, 176 complete and 0 interrupted iterations
pollSensitivity   [  60% ] 005/050 VUs  3m01.0s/5m0s  1.00 iters/s

running (3m02.0s), 003/050 VUs, 179 complete and 0 interrupted iterations
pollSensitivity   [  61% ] 003/050 VUs  3m02.0s/5m0s  1.00 iters/s

running (3m03.0s), 004/050 VUs, 179 complete and 0 interrupted iterations
pollSensitivity   [  61% ] 004/050 VUs  3m03.0s/5m0s  1.00 iters/s

running (3m04.0s), 004/050 VUs, 180 complete and 0 interrupted iterations
pollSensitivity   [  61% ] 004/050 VUs  3m04.0s/5m0s  1.00 iters/s

running (3m05.0s), 003/050 VUs, 182 complete and 0 interrupted iterations
pollSensitivity   [  62% ] 003/050 VUs  3m05.0s/5m0s  1.00 iters/s

running (3m06.0s), 003/050 VUs, 183 complete and 0 interrupted iterations
pollSensitivity   [  62% ] 003/050 VUs  3m06.0s/5m0s  1.00 iters/s

running (3m07.0s), 004/050 VUs, 183 complete and 0 interrupted iterations
pollSensitivity   [  62% ] 004/050 VUs  3m07.0s/5m0s  1.00 iters/s

running (3m08.0s), 004/050 VUs, 184 complete and 0 interrupted iterations
pollSensitivity   [  63% ] 004/050 VUs  3m08.0s/5m0s  1.00 iters/s

running (3m09.0s), 004/050 VUs, 185 complete and 0 interrupted iterations
pollSensitivity   [  63% ] 004/050 VUs  3m09.0s/5m0s  1.00 iters/s

running (3m10.0s), 004/050 VUs, 186 complete and 0 interrupted iterations
pollSensitivity   [  63% ] 004/050 VUs  3m10.0s/5m0s  1.00 iters/s

running (3m11.0s), 005/050 VUs, 186 complete and 0 interrupted iterations
pollSensitivity   [  64% ] 005/050 VUs  3m11.0s/5m0s  1.00 iters/s

running (3m12.0s), 004/050 VUs, 188 complete and 0 interrupted iterations
pollSensitivity   [  64% ] 004/050 VUs  3m12.0s/5m0s  1.00 iters/s

running (3m13.0s), 004/050 VUs, 189 complete and 0 interrupted iterations
pollSensitivity   [  64% ] 004/050 VUs  3m13.0s/5m0s  1.00 iters/s

running (3m14.0s), 004/050 VUs, 190 complete and 0 interrupted iterations
pollSensitivity   [  65% ] 004/050 VUs  3m14.0s/5m0s  1.00 iters/s

running (3m15.0s), 005/050 VUs, 190 complete and 0 interrupted iterations
pollSensitivity   [  65% ] 005/050 VUs  3m15.0s/5m0s  1.00 iters/s

running (3m16.0s), 005/050 VUs, 191 complete and 0 interrupted iterations
pollSensitivity   [  65% ] 005/050 VUs  3m16.0s/5m0s  1.00 iters/s

running (3m17.0s), 003/050 VUs, 194 complete and 0 interrupted iterations
pollSensitivity   [  66% ] 003/050 VUs  3m17.0s/5m0s  1.00 iters/s

running (3m18.0s), 004/050 VUs, 194 complete and 0 interrupted iterations
pollSensitivity   [  66% ] 004/050 VUs  3m18.0s/5m0s  1.00 iters/s

running (3m19.0s), 005/050 VUs, 194 complete and 0 interrupted iterations
pollSensitivity   [  66% ] 005/050 VUs  3m19.0s/5m0s  1.00 iters/s

running (3m20.0s), 005/050 VUs, 195 complete and 0 interrupted iterations
pollSensitivity   [  67% ] 005/050 VUs  3m20.0s/5m0s  1.00 iters/s

running (3m21.0s), 005/050 VUs, 196 complete and 0 interrupted iterations
pollSensitivity   [  67% ] 005/050 VUs  3m21.0s/5m0s  1.00 iters/s

running (3m22.0s), 004/050 VUs, 198 complete and 0 interrupted iterations
pollSensitivity   [  67% ] 004/050 VUs  3m22.0s/5m0s  1.00 iters/s

running (3m23.0s), 005/050 VUs, 198 complete and 0 interrupted iterations
pollSensitivity   [  68% ] 005/050 VUs  3m23.0s/5m0s  1.00 iters/s

running (3m24.0s), 005/050 VUs, 199 complete and 0 interrupted iterations
pollSensitivity   [  68% ] 005/050 VUs  3m24.0s/5m0s  1.00 iters/s

running (3m25.0s), 005/050 VUs, 200 complete and 0 interrupted iterations
pollSensitivity   [  68% ] 005/050 VUs  3m25.0s/5m0s  1.00 iters/s

running (3m26.0s), 005/050 VUs, 201 complete and 0 interrupted iterations
pollSensitivity   [  69% ] 005/050 VUs  3m26.0s/5m0s  1.00 iters/s

running (3m27.0s), 006/050 VUs, 201 complete and 0 interrupted iterations
pollSensitivity   [  69% ] 006/050 VUs  3m27.0s/5m0s  1.00 iters/s

running (3m28.0s), 006/050 VUs, 202 complete and 0 interrupted iterations
pollSensitivity   [  69% ] 006/050 VUs  3m28.0s/5m0s  1.00 iters/s

running (3m29.0s), 006/050 VUs, 203 complete and 0 interrupted iterations
pollSensitivity   [  70% ] 006/050 VUs  3m29.0s/5m0s  1.00 iters/s

running (3m30.0s), 005/050 VUs, 205 complete and 0 interrupted iterations
pollSensitivity   [  70% ] 005/050 VUs  3m30.0s/5m0s  1.00 iters/s

running (3m31.0s), 005/050 VUs, 206 complete and 0 interrupted iterations
pollSensitivity   [  70% ] 005/050 VUs  3m31.0s/5m0s  1.00 iters/s

running (3m32.0s), 006/050 VUs, 206 complete and 0 interrupted iterations
pollSensitivity   [  71% ] 006/050 VUs  3m32.0s/5m0s  1.00 iters/s

running (3m33.0s), 007/050 VUs, 206 complete and 0 interrupted iterations
pollSensitivity   [  71% ] 007/050 VUs  3m33.0s/5m0s  1.00 iters/s

running (3m34.0s), 004/050 VUs, 210 complete and 0 interrupted iterations
pollSensitivity   [  71% ] 004/050 VUs  3m34.0s/5m0s  1.00 iters/s

running (3m35.0s), 005/050 VUs, 210 complete and 0 interrupted iterations
pollSensitivity   [  72% ] 005/050 VUs  3m35.0s/5m0s  1.00 iters/s

running (3m36.0s), 005/050 VUs, 211 complete and 0 interrupted iterations
pollSensitivity   [  72% ] 005/050 VUs  3m36.0s/5m0s  1.00 iters/s

running (3m37.0s), 005/050 VUs, 212 complete and 0 interrupted iterations
pollSensitivity   [  72% ] 005/050 VUs  3m37.0s/5m0s  1.00 iters/s

running (3m38.0s), 004/050 VUs, 214 complete and 0 interrupted iterations
pollSensitivity   [  73% ] 004/050 VUs  3m38.0s/5m0s  1.00 iters/s

running (3m39.0s), 005/050 VUs, 214 complete and 0 interrupted iterations
pollSensitivity   [  73% ] 005/050 VUs  3m39.0s/5m0s  1.00 iters/s

running (3m40.0s), 005/050 VUs, 215 complete and 0 interrupted iterations
pollSensitivity   [  73% ] 005/050 VUs  3m40.0s/5m0s  1.00 iters/s

running (3m41.0s), 003/050 VUs, 218 complete and 0 interrupted iterations
pollSensitivity   [  74% ] 003/050 VUs  3m41.0s/5m0s  1.00 iters/s

running (3m42.0s), 004/050 VUs, 218 complete and 0 interrupted iterations
pollSensitivity   [  74% ] 004/050 VUs  3m42.0s/5m0s  1.00 iters/s

running (3m43.0s), 004/050 VUs, 219 complete and 0 interrupted iterations
pollSensitivity   [  74% ] 004/050 VUs  3m43.0s/5m0s  1.00 iters/s

running (3m44.0s), 004/050 VUs, 220 complete and 0 interrupted iterations
pollSensitivity   [  75% ] 004/050 VUs  3m44.0s/5m0s  1.00 iters/s

running (3m45.0s), 004/050 VUs, 221 complete and 0 interrupted iterations
pollSensitivity   [  75% ] 004/050 VUs  3m45.0s/5m0s  1.00 iters/s

running (3m46.0s), 004/050 VUs, 222 complete and 0 interrupted iterations
pollSensitivity   [  75% ] 004/050 VUs  3m46.0s/5m0s  1.00 iters/s

running (3m47.0s), 004/050 VUs, 223 complete and 0 interrupted iterations
pollSensitivity   [  76% ] 004/050 VUs  3m47.0s/5m0s  1.00 iters/s

running (3m48.0s), 004/050 VUs, 224 complete and 0 interrupted iterations
pollSensitivity   [  76% ] 004/050 VUs  3m48.0s/5m0s  1.00 iters/s

running (3m49.0s), 004/050 VUs, 225 complete and 0 interrupted iterations
pollSensitivity   [  76% ] 004/050 VUs  3m49.0s/5m0s  1.00 iters/s

running (3m50.0s), 004/050 VUs, 226 complete and 0 interrupted iterations
pollSensitivity   [  77% ] 004/050 VUs  3m50.0s/5m0s  1.00 iters/s

running (3m51.0s), 005/050 VUs, 226 complete and 0 interrupted iterations
pollSensitivity   [  77% ] 005/050 VUs  3m51.0s/5m0s  1.00 iters/s

running (3m52.0s), 003/050 VUs, 229 complete and 0 interrupted iterations
pollSensitivity   [  77% ] 003/050 VUs  3m52.0s/5m0s  1.00 iters/s

running (3m53.0s), 004/050 VUs, 229 complete and 0 interrupted iterations
pollSensitivity   [  78% ] 004/050 VUs  3m53.0s/5m0s  1.00 iters/s

running (3m54.0s), 004/050 VUs, 230 complete and 0 interrupted iterations
pollSensitivity   [  78% ] 004/050 VUs  3m54.0s/5m0s  1.00 iters/s

running (3m55.0s), 004/050 VUs, 231 complete and 0 interrupted iterations
pollSensitivity   [  78% ] 004/050 VUs  3m55.0s/5m0s  1.00 iters/s

running (3m56.0s), 003/050 VUs, 233 complete and 0 interrupted iterations
pollSensitivity   [  79% ] 003/050 VUs  3m56.0s/5m0s  1.00 iters/s

running (3m57.0s), 004/050 VUs, 233 complete and 0 interrupted iterations
pollSensitivity   [  79% ] 004/050 VUs  3m57.0s/5m0s  1.00 iters/s

running (3m58.0s), 004/050 VUs, 234 complete and 0 interrupted iterations
pollSensitivity   [  79% ] 004/050 VUs  3m58.0s/5m0s  1.00 iters/s

running (3m59.0s), 004/050 VUs, 235 complete and 0 interrupted iterations
pollSensitivity   [  80% ] 004/050 VUs  3m59.0s/5m0s  1.00 iters/s

running (4m00.0s), 004/050 VUs, 236 complete and 0 interrupted iterations
pollSensitivity   [  80% ] 004/050 VUs  4m00.0s/5m0s  1.00 iters/s

running (4m01.0s), 003/050 VUs, 238 complete and 0 interrupted iterations
pollSensitivity   [  80% ] 003/050 VUs  4m01.0s/5m0s  1.00 iters/s

running (4m02.0s), 004/050 VUs, 238 complete and 0 interrupted iterations
pollSensitivity   [  81% ] 004/050 VUs  4m02.0s/5m0s  1.00 iters/s

running (4m03.0s), 004/050 VUs, 239 complete and 0 interrupted iterations
pollSensitivity   [  81% ] 004/050 VUs  4m03.0s/5m0s  1.00 iters/s

running (4m04.0s), 003/050 VUs, 241 complete and 0 interrupted iterations
pollSensitivity   [  81% ] 003/050 VUs  4m04.0s/5m0s  1.00 iters/s

running (4m05.0s), 004/050 VUs, 241 complete and 0 interrupted iterations
pollSensitivity   [  82% ] 004/050 VUs  4m05.0s/5m0s  1.00 iters/s

running (4m06.0s), 004/050 VUs, 242 complete and 0 interrupted iterations
pollSensitivity   [  82% ] 004/050 VUs  4m06.0s/5m0s  1.00 iters/s

running (4m07.0s), 003/050 VUs, 244 complete and 0 interrupted iterations
pollSensitivity   [  82% ] 003/050 VUs  4m07.0s/5m0s  1.00 iters/s

running (4m08.0s), 003/050 VUs, 245 complete and 0 interrupted iterations
pollSensitivity   [  83% ] 003/050 VUs  4m08.0s/5m0s  1.00 iters/s

running (4m09.0s), 004/050 VUs, 245 complete and 0 interrupted iterations
pollSensitivity   [  83% ] 004/050 VUs  4m09.0s/5m0s  1.00 iters/s

running (4m10.0s), 004/050 VUs, 246 complete and 0 interrupted iterations
pollSensitivity   [  83% ] 004/050 VUs  4m10.0s/5m0s  1.00 iters/s

running (4m11.0s), 004/050 VUs, 247 complete and 0 interrupted iterations
pollSensitivity   [  84% ] 004/050 VUs  4m11.0s/5m0s  1.00 iters/s

running (4m12.0s), 004/050 VUs, 248 complete and 0 interrupted iterations
pollSensitivity   [  84% ] 004/050 VUs  4m12.0s/5m0s  1.00 iters/s

running (4m13.0s), 005/050 VUs, 248 complete and 0 interrupted iterations
pollSensitivity   [  84% ] 005/050 VUs  4m13.0s/5m0s  1.00 iters/s

running (4m14.0s), 004/050 VUs, 250 complete and 0 interrupted iterations
pollSensitivity   [  85% ] 004/050 VUs  4m14.0s/5m0s  1.00 iters/s

running (4m15.0s), 004/050 VUs, 251 complete and 0 interrupted iterations
pollSensitivity   [  85% ] 004/050 VUs  4m15.0s/5m0s  1.00 iters/s

running (4m16.0s), 004/050 VUs, 252 complete and 0 interrupted iterations
pollSensitivity   [  85% ] 004/050 VUs  4m16.0s/5m0s  1.00 iters/s

running (4m17.0s), 004/050 VUs, 253 complete and 0 interrupted iterations
pollSensitivity   [  86% ] 004/050 VUs  4m17.0s/5m0s  1.00 iters/s

running (4m18.0s), 005/050 VUs, 253 complete and 0 interrupted iterations
pollSensitivity   [  86% ] 005/050 VUs  4m18.0s/5m0s  1.00 iters/s

running (4m19.0s), 003/050 VUs, 256 complete and 0 interrupted iterations
pollSensitivity   [  86% ] 003/050 VUs  4m19.0s/5m0s  1.00 iters/s

running (4m20.0s), 004/050 VUs, 256 complete and 0 interrupted iterations
pollSensitivity   [  87% ] 004/050 VUs  4m20.0s/5m0s  1.00 iters/s

running (4m21.0s), 004/050 VUs, 257 complete and 0 interrupted iterations
pollSensitivity   [  87% ] 004/050 VUs  4m21.0s/5m0s  1.00 iters/s

running (4m22.0s), 004/050 VUs, 258 complete and 0 interrupted iterations
pollSensitivity   [  87% ] 004/050 VUs  4m22.0s/5m0s  1.00 iters/s

running (4m23.0s), 004/050 VUs, 259 complete and 0 interrupted iterations
pollSensitivity   [  88% ] 004/050 VUs  4m23.0s/5m0s  1.00 iters/s

running (4m24.0s), 005/050 VUs, 259 complete and 0 interrupted iterations
pollSensitivity   [  88% ] 005/050 VUs  4m24.0s/5m0s  1.00 iters/s

running (4m25.0s), 004/050 VUs, 261 complete and 0 interrupted iterations
pollSensitivity   [  88% ] 004/050 VUs  4m25.0s/5m0s  1.00 iters/s

running (4m26.0s), 004/050 VUs, 262 complete and 0 interrupted iterations
pollSensitivity   [  89% ] 004/050 VUs  4m26.0s/5m0s  1.00 iters/s

running (4m27.0s), 005/050 VUs, 262 complete and 0 interrupted iterations
pollSensitivity   [  89% ] 005/050 VUs  4m27.0s/5m0s  1.00 iters/s

running (4m28.0s), 005/050 VUs, 263 complete and 0 interrupted iterations
pollSensitivity   [  89% ] 005/050 VUs  4m28.0s/5m0s  1.00 iters/s

running (4m29.0s), 005/050 VUs, 264 complete and 0 interrupted iterations
pollSensitivity   [  90% ] 005/050 VUs  4m29.0s/5m0s  1.00 iters/s

running (4m30.0s), 004/050 VUs, 266 complete and 0 interrupted iterations
pollSensitivity   [  90% ] 004/050 VUs  4m30.0s/5m0s  1.00 iters/s

running (4m31.0s), 004/050 VUs, 267 complete and 0 interrupted iterations
pollSensitivity   [  90% ] 004/050 VUs  4m31.0s/5m0s  1.00 iters/s

running (4m32.0s), 004/050 VUs, 268 complete and 0 interrupted iterations
pollSensitivity   [  91% ] 004/050 VUs  4m32.0s/5m0s  1.00 iters/s

running (4m33.0s), 004/050 VUs, 269 complete and 0 interrupted iterations
pollSensitivity   [  91% ] 004/050 VUs  4m33.0s/5m0s  1.00 iters/s

running (4m34.0s), 004/050 VUs, 270 complete and 0 interrupted iterations
pollSensitivity   [  91% ] 004/050 VUs  4m34.0s/5m0s  1.00 iters/s

running (4m35.0s), 005/050 VUs, 270 complete and 0 interrupted iterations
pollSensitivity   [  92% ] 005/050 VUs  4m35.0s/5m0s  1.00 iters/s

running (4m36.0s), 004/050 VUs, 272 complete and 0 interrupted iterations
pollSensitivity   [  92% ] 004/050 VUs  4m36.0s/5m0s  1.00 iters/s

running (4m37.0s), 004/050 VUs, 273 complete and 0 interrupted iterations
pollSensitivity   [  92% ] 004/050 VUs  4m37.0s/5m0s  1.00 iters/s

running (4m38.0s), 005/050 VUs, 273 complete and 0 interrupted iterations
pollSensitivity   [  93% ] 005/050 VUs  4m38.0s/5m0s  1.00 iters/s

running (4m39.0s), 005/050 VUs, 274 complete and 0 interrupted iterations
pollSensitivity   [  93% ] 005/050 VUs  4m39.0s/5m0s  1.00 iters/s

running (4m40.0s), 004/050 VUs, 276 complete and 0 interrupted iterations
pollSensitivity   [  93% ] 004/050 VUs  4m40.0s/5m0s  1.00 iters/s

running (4m41.0s), 005/050 VUs, 276 complete and 0 interrupted iterations
pollSensitivity   [  94% ] 005/050 VUs  4m41.0s/5m0s  1.00 iters/s

running (4m42.0s), 004/050 VUs, 278 complete and 0 interrupted iterations
pollSensitivity   [  94% ] 004/050 VUs  4m42.0s/5m0s  1.00 iters/s

running (4m43.0s), 004/050 VUs, 279 complete and 0 interrupted iterations
pollSensitivity   [  94% ] 004/050 VUs  4m43.0s/5m0s  1.00 iters/s

running (4m44.0s), 004/050 VUs, 280 complete and 0 interrupted iterations
pollSensitivity   [  95% ] 004/050 VUs  4m44.0s/5m0s  1.00 iters/s

running (4m45.0s), 004/050 VUs, 281 complete and 0 interrupted iterations
pollSensitivity   [  95% ] 004/050 VUs  4m45.0s/5m0s  1.00 iters/s

running (4m46.0s), 005/050 VUs, 281 complete and 0 interrupted iterations
pollSensitivity   [  95% ] 005/050 VUs  4m46.0s/5m0s  1.00 iters/s

running (4m47.0s), 004/050 VUs, 283 complete and 0 interrupted iterations
pollSensitivity   [  96% ] 004/050 VUs  4m47.0s/5m0s  1.00 iters/s

running (4m48.0s), 004/050 VUs, 284 complete and 0 interrupted iterations
pollSensitivity   [  96% ] 004/050 VUs  4m48.0s/5m0s  1.00 iters/s

running (4m49.0s), 004/050 VUs, 285 complete and 0 interrupted iterations
pollSensitivity   [  96% ] 004/050 VUs  4m49.0s/5m0s  1.00 iters/s

running (4m50.0s), 005/050 VUs, 285 complete and 0 interrupted iterations
pollSensitivity   [  97% ] 005/050 VUs  4m50.0s/5m0s  1.00 iters/s

running (4m51.0s), 004/050 VUs, 287 complete and 0 interrupted iterations
pollSensitivity   [  97% ] 004/050 VUs  4m51.0s/5m0s  1.00 iters/s

running (4m52.0s), 004/050 VUs, 288 complete and 0 interrupted iterations
pollSensitivity   [  97% ] 004/050 VUs  4m52.0s/5m0s  1.00 iters/s

running (4m53.0s), 004/050 VUs, 289 complete and 0 interrupted iterations
pollSensitivity   [  98% ] 004/050 VUs  4m53.0s/5m0s  1.00 iters/s

running (4m54.0s), 005/050 VUs, 289 complete and 0 interrupted iterations
pollSensitivity   [  98% ] 005/050 VUs  4m54.0s/5m0s  1.00 iters/s

running (4m55.0s), 003/050 VUs, 292 complete and 0 interrupted iterations
pollSensitivity   [  98% ] 003/050 VUs  4m55.0s/5m0s  1.00 iters/s

running (4m56.0s), 003/050 VUs, 293 complete and 0 interrupted iterations
pollSensitivity   [  99% ] 003/050 VUs  4m56.0s/5m0s  1.00 iters/s

running (4m57.0s), 004/050 VUs, 293 complete and 0 interrupted iterations
pollSensitivity   [  99% ] 004/050 VUs  4m57.0s/5m0s  1.00 iters/s

running (4m58.0s), 004/050 VUs, 294 complete and 0 interrupted iterations
pollSensitivity   [  99% ] 004/050 VUs  4m58.0s/5m0s  1.00 iters/s

running (4m59.0s), 004/050 VUs, 295 complete and 0 interrupted iterations
pollSensitivity   [ 100% ] 004/050 VUs  4m59.0s/5m0s  1.00 iters/s

running (5m00.0s), 003/050 VUs, 297 complete and 0 interrupted iterations
pollSensitivity   [ 100% ] 003/050 VUs  5m00.0s/5m0s  1.00 iters/s

running (5m01.0s), 004/050 VUs, 297 complete and 0 interrupted iterations
pollSensitivity ↓ [ 100% ] 004/050 VUs  5m0s  1.00 iters/s

running (5m02.0s), 003/050 VUs, 298 complete and 0 interrupted iterations
pollSensitivity ↓ [ 100% ] 004/050 VUs  5m0s  1.00 iters/s

running (5m03.0s), 002/050 VUs, 299 complete and 0 interrupted iterations
pollSensitivity ↓ [ 100% ] 004/050 VUs  5m0s  1.00 iters/s

running (5m04.0s), 002/050 VUs, 299 complete and 0 interrupted iterations
pollSensitivity ↓ [ 100% ] 004/050 VUs  5m0s  1.00 iters/s

running (5m05.0s), 001/050 VUs, 300 complete and 0 interrupted iterations
pollSensitivity ↓ [ 100% ] 004/050 VUs  5m0s  1.00 iters/s

running (5m06.0s), 001/050 VUs, 300 complete and 0 interrupted iterations
pollSensitivity ↓ [ 100% ] 004/050 VUs  5m0s  1.00 iters/s

================ DSP benchmark summary ================
-- per-phase latency --
  catalog                    p50=84.3 ms  p95=150.1 ms  p99=179.3 ms  max=313.2 ms  n=301
  negotiation init (POST)    p50=6.9 ms  p95=96.0 ms  p99=111.6 ms  max=173.5 ms  n=301
  time-to-AGREED (async)     p50=2546.0 ms  p95=3555.0 ms  p99=4310.0 ms  max=4599.0 ms  n=301
  transfer init (POST)       p50=36.1 ms  p95=98.1 ms  p99=131.5 ms  max=224.5 ms  n=301
  time-to-EDR (async)        p50=1780.0 ms  p95=2539.0 ms  p99=2793.0 ms  max=3550.0 ms  n=301
  data pull                  p50=27.6 ms  p95=46.4 ms  p99=49.2 ms  max=78.4 ms  n=301
-- end-to-end + throughput --
  e2e transaction            p50=4553.0 ms  p95=5800.0 ms  p99=6739.0 ms  max=7570.0 ms  n=301
  data throughput (MB/s)     p50=0.2  p95=0.2  p99=0.2  max=0.2  n=301
-- outcomes --
  transactions succeeded     count=301  rate=0.981/s
  transactions failed        (no data)
  failed rate                rate=0.00%  (pass=0 fail=301)
    of which TERMINATED      (no data)
    of which TIMED OUT       (no data)
    of which HTTP-FAILED     (no data)
  failure accounting       (no failures)
-- observer effect (poll load) --
  negotiation polls          count=3407  rate=11.107/s
  edr polls                  count=2479  rate=8.082/s
  polls per transaction     negotiation=11.3  edr=8.2  (timeout ceiling=120)
=======================================================
(full summary -> /home/rohitj/edc/benchmarking-factoryx-edc/resources/local-fx-mvd/k6-scripts/results/factoryx/on/poll-sensitivity/2026-08-10T10-54-22Z/k6-summary.json; POLL_INTERVAL_MS=250; IDENTITY_MODE=on)

running (5m06.7s), 000/050 VUs, 301 complete and 0 interrupted iterations
pollSensitivity ✓ [ 100% ] 000/050 VUs  5m0s  1.00 iters/s
Prometheus snapshot [1786359347..1786359669] svc=(provider-controlplane|provider-dataplane|consumer-controlplane|consumer-dataplane) win=1m -> /home/rohitj/edc/benchmarking-factoryx-edc/resources/local-fx-mvd/k6-scripts/results/factoryx/on/poll-sensitivity/2026-08-10T10-54-22Z
  jvm-heap.csv (260 rows)
  jvm-gc-rate.csv (260 rows)
  jvm-threads.csv (260 rows)
  http-throughput.csv (260 rows)
  http-p95.csv (260 rows)
  http-errors.csv (130 rows)
  http-errors-5xx.csv (0 rows)
  http-status.csv (130 rows)
  host-cpu-busy.csv (65 rows)
  host-mem-used.csv (65 rows)
  5xx: no 5xx in window (confirmed: http-status has 130 samples, so the status label IS scraped)
  logs -> /home/rohitj/edc/benchmarking-factoryx-edc/resources/local-fx-mvd/k6-scripts/results/factoryx/on/poll-sensitivity/2026-08-10T10-54-22Z/logs (4 files)
    consumer-controlplane.log:0
    consumer-dataplane.log:0
    provider-controlplane.log:0
    provider-dataplane.log:0
VALIDITY  ok=301  failed=0  failed_rate=0%  dropped_iterations=0
>>> done: /home/rohitj/edc/benchmarking-factoryx-edc/resources/local-fx-mvd/k6-scripts/results/factoryx/on/poll-sensitivity/2026-08-10T10-54-22Z  (k6 exit 0)
11:01:10 |     done (exit 0)
11:01:10 | --> poll-sensitivity @ 1000ms
>>> factoryx / poll-sensitivity  ->  /home/rohitj/edc/benchmarking-factoryx-edc/resources/local-fx-mvd/k6-scripts/results/factoryx/on/poll-sensitivity/2026-08-10T11-01-10Z
parity OK: lib/ + scenarios/ + orchestration/ + tools/ identical to /home/rohitj/edc/benchmarking-factoryx-edc/resources/local-fx-mvd/k6-scripts
Health: http://localhost:29010/management + prometheus  OK
Warmup 60s @ 1/s (discarded)
  draining 20s before the measured window opens
k6 -> Prometheus remote-write: http://localhost:9090/api/v1/write

         /\      Grafana   /‾‾/  
    /\  /  \     |\  __   /  /   
   /  \/    \    | |/ /  /   ‾‾\ 
  /          \   |   (  |  (‾)  |
 / __________ \  |_|\_\  \_____/ 


     execution: local
        script: /home/rohitj/edc/benchmarking-factoryx-edc/resources/local-fx-mvd/k6-scripts/scenarios/poll-sensitivity.js
        output: Prometheus remote write (http://localhost:9090/api/v1/write)

     scenarios: (100.00%) 1 scenario, 200 max VUs, 5m30s max duration (incl. graceful stop):
              * pollSensitivity: 1.00 iterations/s for 5m0s (maxVUs: 50-200, gracefulStop: 30s)


running (0m01.0s), 001/050 VUs, 0 complete and 0 interrupted iterations
pollSensitivity   [   0% ] 001/050 VUs  0m01.0s/5m0s  1.00 iters/s

running (0m02.0s), 002/050 VUs, 0 complete and 0 interrupted iterations
pollSensitivity   [   1% ] 002/050 VUs  0m02.0s/5m0s  1.00 iters/s

running (0m03.0s), 003/050 VUs, 0 complete and 0 interrupted iterations
pollSensitivity   [   1% ] 003/050 VUs  0m03.0s/5m0s  1.00 iters/s

running (0m04.0s), 004/050 VUs, 0 complete and 0 interrupted iterations
pollSensitivity   [   1% ] 004/050 VUs  0m04.0s/5m0s  1.00 iters/s

running (0m05.0s), 005/050 VUs, 0 complete and 0 interrupted iterations
pollSensitivity   [   2% ] 005/050 VUs  0m05.0s/5m0s  1.00 iters/s

running (0m06.0s), 006/050 VUs, 0 complete and 0 interrupted iterations
pollSensitivity   [   2% ] 006/050 VUs  0m06.0s/5m0s  1.00 iters/s

running (0m07.0s), 004/050 VUs, 3 complete and 0 interrupted iterations
pollSensitivity   [   2% ] 004/050 VUs  0m07.0s/5m0s  1.00 iters/s

running (0m08.0s), 005/050 VUs, 3 complete and 0 interrupted iterations
pollSensitivity   [   3% ] 005/050 VUs  0m08.0s/5m0s  1.00 iters/s

running (0m09.0s), 005/050 VUs, 4 complete and 0 interrupted iterations
pollSensitivity   [   3% ] 005/050 VUs  0m09.0s/5m0s  1.00 iters/s

running (0m10.0s), 005/050 VUs, 5 complete and 0 interrupted iterations
pollSensitivity   [   3% ] 005/050 VUs  0m10.0s/5m0s  1.00 iters/s

running (0m11.0s), 004/050 VUs, 7 complete and 0 interrupted iterations
pollSensitivity   [   4% ] 004/050 VUs  0m11.0s/5m0s  1.00 iters/s

running (0m12.0s), 004/050 VUs, 8 complete and 0 interrupted iterations
pollSensitivity   [   4% ] 004/050 VUs  0m12.0s/5m0s  1.00 iters/s

running (0m13.0s), 005/050 VUs, 8 complete and 0 interrupted iterations
pollSensitivity   [   4% ] 005/050 VUs  0m13.0s/5m0s  1.00 iters/s

running (0m14.0s), 005/050 VUs, 9 complete and 0 interrupted iterations
pollSensitivity   [   5% ] 005/050 VUs  0m14.0s/5m0s  1.00 iters/s

running (0m15.0s), 005/050 VUs, 10 complete and 0 interrupted iterations
pollSensitivity   [   5% ] 005/050 VUs  0m15.0s/5m0s  1.00 iters/s

running (0m16.0s), 004/050 VUs, 12 complete and 0 interrupted iterations
pollSensitivity   [   5% ] 004/050 VUs  0m16.0s/5m0s  1.00 iters/s

running (0m17.0s), 005/050 VUs, 12 complete and 0 interrupted iterations
pollSensitivity   [   6% ] 005/050 VUs  0m17.0s/5m0s  1.00 iters/s

running (0m18.0s), 005/050 VUs, 13 complete and 0 interrupted iterations
pollSensitivity   [   6% ] 005/050 VUs  0m18.0s/5m0s  1.00 iters/s

running (0m19.0s), 005/050 VUs, 14 complete and 0 interrupted iterations
pollSensitivity   [   6% ] 005/050 VUs  0m19.0s/5m0s  1.00 iters/s

running (0m20.0s), 005/050 VUs, 15 complete and 0 interrupted iterations
pollSensitivity   [   7% ] 005/050 VUs  0m20.0s/5m0s  1.00 iters/s

running (0m21.0s), 005/050 VUs, 16 complete and 0 interrupted iterations
pollSensitivity   [   7% ] 005/050 VUs  0m21.0s/5m0s  1.00 iters/s

running (0m22.0s), 004/050 VUs, 18 complete and 0 interrupted iterations
pollSensitivity   [   7% ] 004/050 VUs  0m22.0s/5m0s  1.00 iters/s

running (0m23.0s), 004/050 VUs, 19 complete and 0 interrupted iterations
pollSensitivity   [   8% ] 004/050 VUs  0m23.0s/5m0s  1.00 iters/s

running (0m24.0s), 005/050 VUs, 19 complete and 0 interrupted iterations
pollSensitivity   [   8% ] 005/050 VUs  0m24.0s/5m0s  1.00 iters/s

running (0m25.0s), 005/050 VUs, 20 complete and 0 interrupted iterations
pollSensitivity   [   8% ] 005/050 VUs  0m25.0s/5m0s  1.00 iters/s

running (0m26.0s), 005/050 VUs, 21 complete and 0 interrupted iterations
pollSensitivity   [   9% ] 005/050 VUs  0m26.0s/5m0s  1.00 iters/s

running (0m27.0s), 005/050 VUs, 22 complete and 0 interrupted iterations
pollSensitivity   [   9% ] 005/050 VUs  0m27.0s/5m0s  1.00 iters/s

running (0m28.0s), 004/050 VUs, 24 complete and 0 interrupted iterations
pollSensitivity   [   9% ] 004/050 VUs  0m28.0s/5m0s  1.00 iters/s

running (0m29.0s), 005/050 VUs, 24 complete and 0 interrupted iterations
pollSensitivity   [  10% ] 005/050 VUs  0m29.0s/5m0s  1.00 iters/s

running (0m30.0s), 005/050 VUs, 25 complete and 0 interrupted iterations
pollSensitivity   [  10% ] 005/050 VUs  0m30.0s/5m0s  1.00 iters/s

running (0m31.0s), 005/050 VUs, 26 complete and 0 interrupted iterations
pollSensitivity   [  10% ] 005/050 VUs  0m31.0s/5m0s  1.00 iters/s

running (0m32.0s), 005/050 VUs, 27 complete and 0 interrupted iterations
pollSensitivity   [  11% ] 005/050 VUs  0m32.0s/5m0s  1.00 iters/s

running (0m33.0s), 006/050 VUs, 27 complete and 0 interrupted iterations
pollSensitivity   [  11% ] 006/050 VUs  0m33.0s/5m0s  1.00 iters/s

running (0m34.0s), 005/050 VUs, 29 complete and 0 interrupted iterations
pollSensitivity   [  11% ] 005/050 VUs  0m34.0s/5m0s  1.00 iters/s

running (0m35.0s), 004/050 VUs, 31 complete and 0 interrupted iterations
pollSensitivity   [  12% ] 004/050 VUs  0m35.0s/5m0s  1.00 iters/s

running (0m36.0s), 005/050 VUs, 31 complete and 0 interrupted iterations
pollSensitivity   [  12% ] 005/050 VUs  0m36.0s/5m0s  1.00 iters/s

running (0m37.0s), 005/050 VUs, 32 complete and 0 interrupted iterations
pollSensitivity   [  12% ] 005/050 VUs  0m37.0s/5m0s  1.00 iters/s

running (0m38.0s), 005/050 VUs, 33 complete and 0 interrupted iterations
pollSensitivity   [  13% ] 005/050 VUs  0m38.0s/5m0s  1.00 iters/s

running (0m39.0s), 005/050 VUs, 34 complete and 0 interrupted iterations
pollSensitivity   [  13% ] 005/050 VUs  0m39.0s/5m0s  1.00 iters/s

running (0m40.0s), 006/050 VUs, 34 complete and 0 interrupted iterations
pollSensitivity   [  13% ] 006/050 VUs  0m40.0s/5m0s  1.00 iters/s

running (0m41.0s), 005/050 VUs, 36 complete and 0 interrupted iterations
pollSensitivity   [  14% ] 005/050 VUs  0m41.0s/5m0s  1.00 iters/s

running (0m42.0s), 005/050 VUs, 37 complete and 0 interrupted iterations
pollSensitivity   [  14% ] 005/050 VUs  0m42.0s/5m0s  1.00 iters/s

running (0m43.0s), 005/050 VUs, 38 complete and 0 interrupted iterations
pollSensitivity   [  14% ] 005/050 VUs  0m43.0s/5m0s  1.00 iters/s

running (0m44.0s), 005/050 VUs, 39 complete and 0 interrupted iterations
pollSensitivity   [  15% ] 005/050 VUs  0m44.0s/5m0s  1.00 iters/s

running (0m45.0s), 006/050 VUs, 39 complete and 0 interrupted iterations
pollSensitivity   [  15% ] 006/050 VUs  0m45.0s/5m0s  1.00 iters/s

running (0m46.0s), 005/050 VUs, 41 complete and 0 interrupted iterations
pollSensitivity   [  15% ] 005/050 VUs  0m46.0s/5m0s  1.00 iters/s

running (0m47.0s), 005/050 VUs, 42 complete and 0 interrupted iterations
pollSensitivity   [  16% ] 005/050 VUs  0m47.0s/5m0s  1.00 iters/s

running (0m48.0s), 005/050 VUs, 43 complete and 0 interrupted iterations
pollSensitivity   [  16% ] 005/050 VUs  0m48.0s/5m0s  1.00 iters/s

running (0m49.0s), 006/050 VUs, 43 complete and 0 interrupted iterations
pollSensitivity   [  16% ] 006/050 VUs  0m49.0s/5m0s  1.00 iters/s

running (0m50.0s), 006/050 VUs, 44 complete and 0 interrupted iterations
pollSensitivity   [  17% ] 006/050 VUs  0m50.0s/5m0s  1.00 iters/s

running (0m51.0s), 006/050 VUs, 45 complete and 0 interrupted iterations
pollSensitivity   [  17% ] 006/050 VUs  0m51.0s/5m0s  1.00 iters/s

running (0m52.0s), 005/050 VUs, 47 complete and 0 interrupted iterations
pollSensitivity   [  17% ] 005/050 VUs  0m52.0s/5m0s  1.00 iters/s

running (0m53.0s), 005/050 VUs, 48 complete and 0 interrupted iterations
pollSensitivity   [  18% ] 005/050 VUs  0m53.0s/5m0s  1.00 iters/s

running (0m54.0s), 005/050 VUs, 49 complete and 0 interrupted iterations
pollSensitivity   [  18% ] 005/050 VUs  0m54.0s/5m0s  1.00 iters/s

running (0m55.0s), 005/050 VUs, 50 complete and 0 interrupted iterations
pollSensitivity   [  18% ] 005/050 VUs  0m55.0s/5m0s  1.00 iters/s

running (0m56.0s), 006/050 VUs, 50 complete and 0 interrupted iterations
pollSensitivity   [  19% ] 006/050 VUs  0m56.0s/5m0s  1.00 iters/s

running (0m57.0s), 005/050 VUs, 52 complete and 0 interrupted iterations
pollSensitivity   [  19% ] 005/050 VUs  0m57.0s/5m0s  1.00 iters/s

running (0m58.0s), 005/050 VUs, 53 complete and 0 interrupted iterations
pollSensitivity   [  19% ] 005/050 VUs  0m58.0s/5m0s  1.00 iters/s

running (0m59.0s), 005/050 VUs, 54 complete and 0 interrupted iterations
pollSensitivity   [  20% ] 005/050 VUs  0m59.0s/5m0s  1.00 iters/s

running (1m00.0s), 005/050 VUs, 55 complete and 0 interrupted iterations
pollSensitivity   [  20% ] 005/050 VUs  1m00.0s/5m0s  1.00 iters/s

running (1m01.0s), 006/050 VUs, 55 complete and 0 interrupted iterations
pollSensitivity   [  20% ] 006/050 VUs  1m01.0s/5m0s  1.00 iters/s

running (1m02.0s), 005/050 VUs, 57 complete and 0 interrupted iterations
pollSensitivity   [  21% ] 005/050 VUs  1m02.0s/5m0s  1.00 iters/s

running (1m03.0s), 005/050 VUs, 58 complete and 0 interrupted iterations
pollSensitivity   [  21% ] 005/050 VUs  1m03.0s/5m0s  1.00 iters/s

running (1m04.0s), 006/050 VUs, 58 complete and 0 interrupted iterations
pollSensitivity   [  21% ] 006/050 VUs  1m04.0s/5m0s  1.00 iters/s

running (1m05.0s), 006/050 VUs, 59 complete and 0 interrupted iterations
pollSensitivity   [  22% ] 006/050 VUs  1m05.0s/5m0s  1.00 iters/s

running (1m06.0s), 004/050 VUs, 62 complete and 0 interrupted iterations
pollSensitivity   [  22% ] 004/050 VUs  1m06.0s/5m0s  1.00 iters/s

running (1m07.0s), 005/050 VUs, 62 complete and 0 interrupted iterations
pollSensitivity   [  22% ] 005/050 VUs  1m07.0s/5m0s  1.00 iters/s

running (1m08.0s), 006/050 VUs, 62 complete and 0 interrupted iterations
pollSensitivity   [  23% ] 006/050 VUs  1m08.0s/5m0s  1.00 iters/s

running (1m09.0s), 007/050 VUs, 62 complete and 0 interrupted iterations
pollSensitivity   [  23% ] 007/050 VUs  1m09.0s/5m0s  1.00 iters/s

running (1m10.0s), 007/050 VUs, 63 complete and 0 interrupted iterations
pollSensitivity   [  23% ] 007/050 VUs  1m10.0s/5m0s  1.00 iters/s

running (1m11.0s), 008/050 VUs, 63 complete and 0 interrupted iterations
pollSensitivity   [  24% ] 008/050 VUs  1m11.0s/5m0s  1.00 iters/s

running (1m12.0s), 005/050 VUs, 67 complete and 0 interrupted iterations
pollSensitivity   [  24% ] 005/050 VUs  1m12.0s/5m0s  1.00 iters/s

running (1m13.0s), 005/050 VUs, 68 complete and 0 interrupted iterations
pollSensitivity   [  24% ] 005/050 VUs  1m13.0s/5m0s  1.00 iters/s

running (1m14.0s), 005/050 VUs, 69 complete and 0 interrupted iterations
pollSensitivity   [  25% ] 005/050 VUs  1m14.0s/5m0s  1.00 iters/s

running (1m15.0s), 006/050 VUs, 69 complete and 0 interrupted iterations
pollSensitivity   [  25% ] 006/050 VUs  1m15.0s/5m0s  1.00 iters/s

running (1m16.0s), 007/050 VUs, 69 complete and 0 interrupted iterations
pollSensitivity   [  25% ] 007/050 VUs  1m16.0s/5m0s  1.00 iters/s

running (1m17.0s), 006/050 VUs, 71 complete and 0 interrupted iterations
pollSensitivity   [  26% ] 006/050 VUs  1m17.0s/5m0s  1.00 iters/s

running (1m18.0s), 004/050 VUs, 74 complete and 0 interrupted iterations
pollSensitivity   [  26% ] 004/050 VUs  1m18.0s/5m0s  1.00 iters/s

running (1m19.0s), 005/050 VUs, 74 complete and 0 interrupted iterations
pollSensitivity   [  26% ] 005/050 VUs  1m19.0s/5m0s  1.00 iters/s

running (1m20.0s), 005/050 VUs, 75 complete and 0 interrupted iterations
pollSensitivity   [  27% ] 005/050 VUs  1m20.0s/5m0s  1.00 iters/s

running (1m21.0s), 005/050 VUs, 76 complete and 0 interrupted iterations
pollSensitivity   [  27% ] 005/050 VUs  1m21.0s/5m0s  1.00 iters/s

running (1m22.0s), 005/050 VUs, 77 complete and 0 interrupted iterations
pollSensitivity   [  27% ] 005/050 VUs  1m22.0s/5m0s  1.00 iters/s

running (1m23.0s), 005/050 VUs, 78 complete and 0 interrupted iterations
pollSensitivity   [  28% ] 005/050 VUs  1m23.0s/5m0s  1.00 iters/s

running (1m24.0s), 005/050 VUs, 79 complete and 0 interrupted iterations
pollSensitivity   [  28% ] 005/050 VUs  1m24.0s/5m0s  1.00 iters/s

running (1m25.0s), 006/050 VUs, 79 complete and 0 interrupted iterations
pollSensitivity   [  28% ] 006/050 VUs  1m25.0s/5m0s  1.00 iters/s

running (1m26.0s), 005/050 VUs, 81 complete and 0 interrupted iterations
pollSensitivity   [  29% ] 005/050 VUs  1m26.0s/5m0s  1.00 iters/s

running (1m27.0s), 006/050 VUs, 81 complete and 0 interrupted iterations
pollSensitivity   [  29% ] 006/050 VUs  1m27.0s/5m0s  1.00 iters/s

running (1m28.0s), 005/050 VUs, 83 complete and 0 interrupted iterations
pollSensitivity   [  29% ] 005/050 VUs  1m28.0s/5m0s  1.00 iters/s

running (1m29.0s), 005/050 VUs, 84 complete and 0 interrupted iterations
pollSensitivity   [  30% ] 005/050 VUs  1m29.0s/5m0s  1.00 iters/s

running (1m30.0s), 006/050 VUs, 84 complete and 0 interrupted iterations
pollSensitivity   [  30% ] 006/050 VUs  1m30.0s/5m0s  1.00 iters/s

running (1m31.0s), 005/050 VUs, 86 complete and 0 interrupted iterations
pollSensitivity   [  30% ] 005/050 VUs  1m31.0s/5m0s  1.00 iters/s

running (1m32.0s), 005/050 VUs, 87 complete and 0 interrupted iterations
pollSensitivity   [  31% ] 005/050 VUs  1m32.0s/5m0s  1.00 iters/s

running (1m33.0s), 005/050 VUs, 88 complete and 0 interrupted iterations
pollSensitivity   [  31% ] 005/050 VUs  1m33.0s/5m0s  1.00 iters/s

running (1m34.0s), 005/050 VUs, 89 complete and 0 interrupted iterations
pollSensitivity   [  31% ] 005/050 VUs  1m34.0s/5m0s  1.00 iters/s

running (1m35.0s), 005/050 VUs, 90 complete and 0 interrupted iterations
pollSensitivity   [  32% ] 005/050 VUs  1m35.0s/5m0s  1.00 iters/s

running (1m36.0s), 005/050 VUs, 91 complete and 0 interrupted iterations
pollSensitivity   [  32% ] 005/050 VUs  1m36.0s/5m0s  1.00 iters/s

running (1m37.0s), 005/050 VUs, 92 complete and 0 interrupted iterations
pollSensitivity   [  32% ] 005/050 VUs  1m37.0s/5m0s  1.00 iters/s

running (1m38.0s), 005/050 VUs, 93 complete and 0 interrupted iterations
pollSensitivity   [  33% ] 005/050 VUs  1m38.0s/5m0s  1.00 iters/s

running (1m39.0s), 006/050 VUs, 93 complete and 0 interrupted iterations
pollSensitivity   [  33% ] 006/050 VUs  1m39.0s/5m0s  1.00 iters/s

running (1m40.0s), 004/050 VUs, 96 complete and 0 interrupted iterations
pollSensitivity   [  33% ] 004/050 VUs  1m40.0s/5m0s  1.00 iters/s

running (1m41.0s), 005/050 VUs, 96 complete and 0 interrupted iterations
pollSensitivity   [  34% ] 005/050 VUs  1m41.0s/5m0s  1.00 iters/s

running (1m42.0s), 005/050 VUs, 97 complete and 0 interrupted iterations
pollSensitivity   [  34% ] 005/050 VUs  1m42.0s/5m0s  1.00 iters/s

running (1m43.0s), 005/050 VUs, 98 complete and 0 interrupted iterations
pollSensitivity   [  34% ] 005/050 VUs  1m43.0s/5m0s  1.00 iters/s

running (1m44.0s), 005/050 VUs, 99 complete and 0 interrupted iterations
pollSensitivity   [  35% ] 005/050 VUs  1m44.0s/5m0s  1.00 iters/s

running (1m45.0s), 006/050 VUs, 99 complete and 0 interrupted iterations
pollSensitivity   [  35% ] 006/050 VUs  1m45.0s/5m0s  1.00 iters/s

running (1m46.0s), 004/050 VUs, 102 complete and 0 interrupted iterations
pollSensitivity   [  35% ] 004/050 VUs  1m46.0s/5m0s  1.00 iters/s

running (1m47.0s), 005/050 VUs, 102 complete and 0 interrupted iterations
pollSensitivity   [  36% ] 005/050 VUs  1m47.0s/5m0s  1.00 iters/s

running (1m48.0s), 005/050 VUs, 103 complete and 0 interrupted iterations
pollSensitivity   [  36% ] 005/050 VUs  1m48.0s/5m0s  1.00 iters/s

running (1m49.0s), 005/050 VUs, 104 complete and 0 interrupted iterations
pollSensitivity   [  36% ] 005/050 VUs  1m49.0s/5m0s  1.00 iters/s

running (1m50.0s), 006/050 VUs, 104 complete and 0 interrupted iterations
pollSensitivity   [  37% ] 006/050 VUs  1m50.0s/5m0s  1.00 iters/s

running (1m51.0s), 005/050 VUs, 106 complete and 0 interrupted iterations
pollSensitivity   [  37% ] 005/050 VUs  1m51.0s/5m0s  1.00 iters/s

running (1m52.0s), 005/050 VUs, 107 complete and 0 interrupted iterations
pollSensitivity   [  37% ] 005/050 VUs  1m52.0s/5m0s  1.00 iters/s

running (1m53.0s), 005/050 VUs, 108 complete and 0 interrupted iterations
pollSensitivity   [  38% ] 005/050 VUs  1m53.0s/5m0s  1.00 iters/s

running (1m54.0s), 005/050 VUs, 109 complete and 0 interrupted iterations
pollSensitivity   [  38% ] 005/050 VUs  1m54.0s/5m0s  1.00 iters/s

running (1m55.0s), 005/050 VUs, 110 complete and 0 interrupted iterations
pollSensitivity   [  38% ] 005/050 VUs  1m55.0s/5m0s  1.00 iters/s

running (1m56.0s), 004/050 VUs, 112 complete and 0 interrupted iterations
pollSensitivity   [  39% ] 004/050 VUs  1m56.0s/5m0s  1.00 iters/s

running (1m57.0s), 004/050 VUs, 113 complete and 0 interrupted iterations
pollSensitivity   [  39% ] 004/050 VUs  1m57.0s/5m0s  1.00 iters/s

running (1m58.0s), 005/050 VUs, 113 complete and 0 interrupted iterations
pollSensitivity   [  39% ] 005/050 VUs  1m58.0s/5m0s  1.00 iters/s

running (1m59.0s), 005/050 VUs, 114 complete and 0 interrupted iterations
pollSensitivity   [  40% ] 005/050 VUs  1m59.0s/5m0s  1.00 iters/s

running (2m00.0s), 005/050 VUs, 115 complete and 0 interrupted iterations
pollSensitivity   [  40% ] 005/050 VUs  2m00.0s/5m0s  1.00 iters/s

running (2m01.0s), 006/050 VUs, 115 complete and 0 interrupted iterations
pollSensitivity   [  40% ] 006/050 VUs  2m01.0s/5m0s  1.00 iters/s

running (2m02.0s), 004/050 VUs, 118 complete and 0 interrupted iterations
pollSensitivity   [  41% ] 004/050 VUs  2m02.0s/5m0s  1.00 iters/s

running (2m03.0s), 005/050 VUs, 118 complete and 0 interrupted iterations
pollSensitivity   [  41% ] 005/050 VUs  2m03.0s/5m0s  1.00 iters/s

running (2m04.0s), 004/050 VUs, 120 complete and 0 interrupted iterations
pollSensitivity   [  41% ] 004/050 VUs  2m04.0s/5m0s  1.00 iters/s

running (2m05.0s), 005/050 VUs, 120 complete and 0 interrupted iterations
pollSensitivity   [  42% ] 005/050 VUs  2m05.0s/5m0s  1.00 iters/s

running (2m06.0s), 005/050 VUs, 121 complete and 0 interrupted iterations
pollSensitivity   [  42% ] 005/050 VUs  2m06.0s/5m0s  1.00 iters/s

running (2m07.0s), 004/050 VUs, 123 complete and 0 interrupted iterations
pollSensitivity   [  42% ] 004/050 VUs  2m07.0s/5m0s  1.00 iters/s

running (2m08.0s), 004/050 VUs, 124 complete and 0 interrupted iterations
pollSensitivity   [  43% ] 004/050 VUs  2m08.0s/5m0s  1.00 iters/s

running (2m09.0s), 005/050 VUs, 124 complete and 0 interrupted iterations
pollSensitivity   [  43% ] 005/050 VUs  2m09.0s/5m0s  1.00 iters/s

running (2m10.0s), 005/050 VUs, 125 complete and 0 interrupted iterations
pollSensitivity   [  43% ] 005/050 VUs  2m10.0s/5m0s  1.00 iters/s

running (2m11.0s), 005/050 VUs, 126 complete and 0 interrupted iterations
pollSensitivity   [  44% ] 005/050 VUs  2m11.0s/5m0s  1.00 iters/s

running (2m12.0s), 005/050 VUs, 127 complete and 0 interrupted iterations
pollSensitivity   [  44% ] 005/050 VUs  2m12.0s/5m0s  1.00 iters/s

running (2m13.0s), 005/050 VUs, 128 complete and 0 interrupted iterations
pollSensitivity   [  44% ] 005/050 VUs  2m13.0s/5m0s  1.00 iters/s

running (2m14.0s), 005/050 VUs, 129 complete and 0 interrupted iterations
pollSensitivity   [  45% ] 005/050 VUs  2m14.0s/5m0s  1.00 iters/s

running (2m15.0s), 005/050 VUs, 130 complete and 0 interrupted iterations
pollSensitivity   [  45% ] 005/050 VUs  2m15.0s/5m0s  1.00 iters/s

running (2m16.0s), 005/050 VUs, 131 complete and 0 interrupted iterations
pollSensitivity   [  45% ] 005/050 VUs  2m16.0s/5m0s  1.00 iters/s

running (2m17.0s), 006/050 VUs, 131 complete and 0 interrupted iterations
pollSensitivity   [  46% ] 006/050 VUs  2m17.0s/5m0s  1.00 iters/s

running (2m18.0s), 004/050 VUs, 134 complete and 0 interrupted iterations
pollSensitivity   [  46% ] 004/050 VUs  2m18.0s/5m0s  1.00 iters/s

running (2m19.0s), 005/050 VUs, 134 complete and 0 interrupted iterations
pollSensitivity   [  46% ] 005/050 VUs  2m19.0s/5m0s  1.00 iters/s

running (2m20.0s), 005/050 VUs, 135 complete and 0 interrupted iterations
pollSensitivity   [  47% ] 005/050 VUs  2m20.0s/5m0s  1.00 iters/s

running (2m21.0s), 006/050 VUs, 135 complete and 0 interrupted iterations
pollSensitivity   [  47% ] 006/050 VUs  2m21.0s/5m0s  1.00 iters/s

running (2m22.0s), 005/050 VUs, 137 complete and 0 interrupted iterations
pollSensitivity   [  47% ] 005/050 VUs  2m22.0s/5m0s  1.00 iters/s

running (2m23.0s), 004/050 VUs, 139 complete and 0 interrupted iterations
pollSensitivity   [  48% ] 004/050 VUs  2m23.0s/5m0s  1.00 iters/s

running (2m24.0s), 005/050 VUs, 139 complete and 0 interrupted iterations
pollSensitivity   [  48% ] 005/050 VUs  2m24.0s/5m0s  1.00 iters/s

running (2m25.0s), 005/050 VUs, 140 complete and 0 interrupted iterations
pollSensitivity   [  48% ] 005/050 VUs  2m25.0s/5m0s  1.00 iters/s

running (2m26.0s), 005/050 VUs, 141 complete and 0 interrupted iterations
pollSensitivity   [  49% ] 005/050 VUs  2m26.0s/5m0s  1.00 iters/s

running (2m27.0s), 006/050 VUs, 141 complete and 0 interrupted iterations
pollSensitivity   [  49% ] 006/050 VUs  2m27.0s/5m0s  1.00 iters/s

running (2m28.0s), 006/050 VUs, 142 complete and 0 interrupted iterations
pollSensitivity   [  49% ] 006/050 VUs  2m28.0s/5m0s  1.00 iters/s

running (2m29.0s), 006/050 VUs, 143 complete and 0 interrupted iterations
pollSensitivity   [  50% ] 006/050 VUs  2m29.0s/5m0s  1.00 iters/s

running (2m30.0s), 005/050 VUs, 145 complete and 0 interrupted iterations
pollSensitivity   [  50% ] 005/050 VUs  2m30.0s/5m0s  1.00 iters/s

running (2m31.0s), 006/050 VUs, 145 complete and 0 interrupted iterations
pollSensitivity   [  50% ] 006/050 VUs  2m31.0s/5m0s  1.00 iters/s

running (2m32.0s), 005/050 VUs, 147 complete and 0 interrupted iterations
pollSensitivity   [  51% ] 005/050 VUs  2m32.0s/5m0s  1.00 iters/s

running (2m33.0s), 005/050 VUs, 148 complete and 0 interrupted iterations
pollSensitivity   [  51% ] 005/050 VUs  2m33.0s/5m0s  1.00 iters/s

running (2m34.0s), 005/050 VUs, 149 complete and 0 interrupted iterations
pollSensitivity   [  51% ] 005/050 VUs  2m34.0s/5m0s  1.00 iters/s

running (2m35.0s), 006/050 VUs, 149 complete and 0 interrupted iterations
pollSensitivity   [  52% ] 006/050 VUs  2m35.0s/5m0s  1.00 iters/s

running (2m36.0s), 005/050 VUs, 151 complete and 0 interrupted iterations
pollSensitivity   [  52% ] 005/050 VUs  2m36.0s/5m0s  1.00 iters/s

running (2m37.0s), 005/050 VUs, 152 complete and 0 interrupted iterations
pollSensitivity   [  52% ] 005/050 VUs  2m37.0s/5m0s  1.00 iters/s

running (2m38.0s), 005/050 VUs, 153 complete and 0 interrupted iterations
pollSensitivity   [  53% ] 005/050 VUs  2m38.0s/5m0s  1.00 iters/s

running (2m39.0s), 005/050 VUs, 154 complete and 0 interrupted iterations
pollSensitivity   [  53% ] 005/050 VUs  2m39.0s/5m0s  1.00 iters/s

running (2m40.0s), 004/050 VUs, 156 complete and 0 interrupted iterations
pollSensitivity   [  53% ] 004/050 VUs  2m40.0s/5m0s  1.00 iters/s

running (2m41.0s), 005/050 VUs, 156 complete and 0 interrupted iterations
pollSensitivity   [  54% ] 005/050 VUs  2m41.0s/5m0s  1.00 iters/s

running (2m42.0s), 006/050 VUs, 156 complete and 0 interrupted iterations
pollSensitivity   [  54% ] 006/050 VUs  2m42.0s/5m0s  1.00 iters/s

running (2m43.0s), 005/050 VUs, 158 complete and 0 interrupted iterations
pollSensitivity   [  54% ] 005/050 VUs  2m43.0s/5m0s  1.00 iters/s

running (2m44.0s), 004/050 VUs, 160 complete and 0 interrupted iterations
pollSensitivity   [  55% ] 004/050 VUs  2m44.0s/5m0s  1.00 iters/s

running (2m45.0s), 005/050 VUs, 160 complete and 0 interrupted iterations
pollSensitivity   [  55% ] 005/050 VUs  2m45.0s/5m0s  1.00 iters/s

running (2m46.0s), 006/050 VUs, 160 complete and 0 interrupted iterations
pollSensitivity   [  55% ] 006/050 VUs  2m46.0s/5m0s  1.00 iters/s

running (2m47.0s), 006/050 VUs, 161 complete and 0 interrupted iterations
pollSensitivity   [  56% ] 006/050 VUs  2m47.0s/5m0s  1.00 iters/s

running (2m48.0s), 005/050 VUs, 163 complete and 0 interrupted iterations
pollSensitivity   [  56% ] 005/050 VUs  2m48.0s/5m0s  1.00 iters/s

running (2m49.0s), 006/050 VUs, 163 complete and 0 interrupted iterations
pollSensitivity   [  56% ] 006/050 VUs  2m49.0s/5m0s  1.00 iters/s

running (2m50.0s), 004/050 VUs, 166 complete and 0 interrupted iterations
pollSensitivity   [  57% ] 004/050 VUs  2m50.0s/5m0s  1.00 iters/s

running (2m51.0s), 005/050 VUs, 166 complete and 0 interrupted iterations
pollSensitivity   [  57% ] 005/050 VUs  2m51.0s/5m0s  1.00 iters/s

running (2m52.0s), 004/050 VUs, 168 complete and 0 interrupted iterations
pollSensitivity   [  57% ] 004/050 VUs  2m52.0s/5m0s  1.00 iters/s

running (2m53.0s), 005/050 VUs, 168 complete and 0 interrupted iterations
pollSensitivity   [  58% ] 005/050 VUs  2m53.0s/5m0s  1.00 iters/s

running (2m54.0s), 005/050 VUs, 169 complete and 0 interrupted iterations
pollSensitivity   [  58% ] 005/050 VUs  2m54.0s/5m0s  1.00 iters/s

running (2m55.0s), 004/050 VUs, 171 complete and 0 interrupted iterations
pollSensitivity   [  58% ] 004/050 VUs  2m55.0s/5m0s  1.00 iters/s

running (2m56.0s), 004/050 VUs, 172 complete and 0 interrupted iterations
pollSensitivity   [  59% ] 004/050 VUs  2m56.0s/5m0s  1.00 iters/s

running (2m57.0s), 005/050 VUs, 172 complete and 0 interrupted iterations
pollSensitivity   [  59% ] 005/050 VUs  2m57.0s/5m0s  1.00 iters/s

running (2m58.0s), 005/050 VUs, 173 complete and 0 interrupted iterations
pollSensitivity   [  59% ] 005/050 VUs  2m58.0s/5m0s  1.00 iters/s

running (2m59.0s), 005/050 VUs, 174 complete and 0 interrupted iterations
pollSensitivity   [  60% ] 005/050 VUs  2m59.0s/5m0s  1.00 iters/s

running (3m00.0s), 005/050 VUs, 175 complete and 0 interrupted iterations
pollSensitivity   [  60% ] 005/050 VUs  3m00.0s/5m0s  1.00 iters/s

running (3m01.0s), 006/050 VUs, 175 complete and 0 interrupted iterations
pollSensitivity   [  60% ] 006/050 VUs  3m01.0s/5m0s  1.00 iters/s

running (3m02.0s), 005/050 VUs, 177 complete and 0 interrupted iterations
pollSensitivity   [  61% ] 005/050 VUs  3m02.0s/5m0s  1.00 iters/s

running (3m03.0s), 006/050 VUs, 177 complete and 0 interrupted iterations
pollSensitivity   [  61% ] 006/050 VUs  3m03.0s/5m0s  1.00 iters/s

running (3m04.0s), 005/050 VUs, 179 complete and 0 interrupted iterations
pollSensitivity   [  61% ] 005/050 VUs  3m04.0s/5m0s  1.00 iters/s

running (3m05.0s), 005/050 VUs, 180 complete and 0 interrupted iterations
pollSensitivity   [  62% ] 005/050 VUs  3m05.0s/5m0s  1.00 iters/s

running (3m06.0s), 006/050 VUs, 180 complete and 0 interrupted iterations
pollSensitivity   [  62% ] 006/050 VUs  3m06.0s/5m0s  1.00 iters/s

running (3m07.0s), 005/050 VUs, 182 complete and 0 interrupted iterations
pollSensitivity   [  62% ] 005/050 VUs  3m07.0s/5m0s  1.00 iters/s

running (3m08.0s), 006/050 VUs, 182 complete and 0 interrupted iterations
pollSensitivity   [  63% ] 006/050 VUs  3m08.0s/5m0s  1.00 iters/s

running (3m09.0s), 006/050 VUs, 183 complete and 0 interrupted iterations
pollSensitivity   [  63% ] 006/050 VUs  3m09.0s/5m0s  1.00 iters/s

running (3m10.0s), 006/050 VUs, 184 complete and 0 interrupted iterations
pollSensitivity   [  63% ] 006/050 VUs  3m10.0s/5m0s  1.00 iters/s

running (3m11.0s), 004/050 VUs, 187 complete and 0 interrupted iterations
pollSensitivity   [  64% ] 004/050 VUs  3m11.0s/5m0s  1.00 iters/s

running (3m12.0s), 005/050 VUs, 187 complete and 0 interrupted iterations
pollSensitivity   [  64% ] 005/050 VUs  3m12.0s/5m0s  1.00 iters/s

running (3m13.0s), 005/050 VUs, 188 complete and 0 interrupted iterations
pollSensitivity   [  64% ] 005/050 VUs  3m13.0s/5m0s  1.00 iters/s

running (3m14.0s), 005/050 VUs, 189 complete and 0 interrupted iterations
pollSensitivity   [  65% ] 005/050 VUs  3m14.0s/5m0s  1.00 iters/s

running (3m15.0s), 005/050 VUs, 190 complete and 0 interrupted iterations
pollSensitivity   [  65% ] 005/050 VUs  3m15.0s/5m0s  1.00 iters/s

running (3m16.0s), 004/050 VUs, 192 complete and 0 interrupted iterations
pollSensitivity   [  65% ] 004/050 VUs  3m16.0s/5m0s  1.00 iters/s

running (3m17.0s), 004/050 VUs, 193 complete and 0 interrupted iterations
pollSensitivity   [  66% ] 004/050 VUs  3m17.0s/5m0s  1.00 iters/s

running (3m18.0s), 005/050 VUs, 193 complete and 0 interrupted iterations
pollSensitivity   [  66% ] 005/050 VUs  3m18.0s/5m0s  1.00 iters/s

running (3m19.0s), 005/050 VUs, 194 complete and 0 interrupted iterations
pollSensitivity   [  66% ] 005/050 VUs  3m19.0s/5m0s  1.00 iters/s

running (3m20.0s), 006/050 VUs, 194 complete and 0 interrupted iterations
pollSensitivity   [  67% ] 006/050 VUs  3m20.0s/5m0s  1.00 iters/s

running (3m21.0s), 004/050 VUs, 197 complete and 0 interrupted iterations
pollSensitivity   [  67% ] 004/050 VUs  3m21.0s/5m0s  1.00 iters/s

running (3m22.0s), 004/050 VUs, 198 complete and 0 interrupted iterations
pollSensitivity   [  67% ] 004/050 VUs  3m22.0s/5m0s  1.00 iters/s

running (3m23.0s), 005/050 VUs, 198 complete and 0 interrupted iterations
pollSensitivity   [  68% ] 005/050 VUs  3m23.0s/5m0s  1.00 iters/s

running (3m24.0s), 005/050 VUs, 199 complete and 0 interrupted iterations
pollSensitivity   [  68% ] 005/050 VUs  3m24.0s/5m0s  1.00 iters/s

running (3m25.0s), 006/050 VUs, 199 complete and 0 interrupted iterations
pollSensitivity   [  68% ] 006/050 VUs  3m25.0s/5m0s  1.00 iters/s

running (3m26.0s), 005/050 VUs, 201 complete and 0 interrupted iterations
pollSensitivity   [  69% ] 005/050 VUs  3m26.0s/5m0s  1.00 iters/s

running (3m27.0s), 004/050 VUs, 203 complete and 0 interrupted iterations
pollSensitivity   [  69% ] 004/050 VUs  3m27.0s/5m0s  1.00 iters/s

running (3m28.0s), 005/050 VUs, 203 complete and 0 interrupted iterations
pollSensitivity   [  69% ] 005/050 VUs  3m28.0s/5m0s  1.00 iters/s

running (3m29.0s), 006/050 VUs, 203 complete and 0 interrupted iterations
pollSensitivity   [  70% ] 006/050 VUs  3m29.0s/5m0s  1.00 iters/s

running (3m30.0s), 006/050 VUs, 204 complete and 0 interrupted iterations
pollSensitivity   [  70% ] 006/050 VUs  3m30.0s/5m0s  1.00 iters/s

running (3m31.0s), 005/050 VUs, 206 complete and 0 interrupted iterations
pollSensitivity   [  70% ] 005/050 VUs  3m31.0s/5m0s  1.00 iters/s

running (3m32.0s), 006/050 VUs, 206 complete and 0 interrupted iterations
pollSensitivity   [  71% ] 006/050 VUs  3m32.0s/5m0s  1.00 iters/s

running (3m33.0s), 005/050 VUs, 208 complete and 0 interrupted iterations
pollSensitivity   [  71% ] 005/050 VUs  3m33.0s/5m0s  1.00 iters/s

running (3m34.0s), 005/050 VUs, 209 complete and 0 interrupted iterations
pollSensitivity   [  71% ] 005/050 VUs  3m34.0s/5m0s  1.00 iters/s

running (3m35.0s), 005/050 VUs, 210 complete and 0 interrupted iterations
pollSensitivity   [  72% ] 005/050 VUs  3m35.0s/5m0s  1.00 iters/s

running (3m36.0s), 005/050 VUs, 211 complete and 0 interrupted iterations
pollSensitivity   [  72% ] 005/050 VUs  3m36.0s/5m0s  1.00 iters/s

running (3m37.0s), 006/050 VUs, 211 complete and 0 interrupted iterations
pollSensitivity   [  72% ] 006/050 VUs  3m37.0s/5m0s  1.00 iters/s

running (3m38.0s), 005/050 VUs, 213 complete and 0 interrupted iterations
pollSensitivity   [  73% ] 005/050 VUs  3m38.0s/5m0s  1.00 iters/s

running (3m39.0s), 006/050 VUs, 213 complete and 0 interrupted iterations
pollSensitivity   [  73% ] 006/050 VUs  3m39.0s/5m0s  1.00 iters/s

running (3m40.0s), 005/050 VUs, 215 complete and 0 interrupted iterations
pollSensitivity   [  73% ] 005/050 VUs  3m40.0s/5m0s  1.00 iters/s

running (3m41.0s), 005/050 VUs, 216 complete and 0 interrupted iterations
pollSensitivity   [  74% ] 005/050 VUs  3m41.0s/5m0s  1.00 iters/s

running (3m42.0s), 004/050 VUs, 218 complete and 0 interrupted iterations
pollSensitivity   [  74% ] 004/050 VUs  3m42.0s/5m0s  1.00 iters/s

running (3m43.0s), 005/050 VUs, 218 complete and 0 interrupted iterations
pollSensitivity   [  74% ] 005/050 VUs  3m43.0s/5m0s  1.00 iters/s

running (3m44.0s), 006/050 VUs, 218 complete and 0 interrupted iterations
pollSensitivity   [  75% ] 006/050 VUs  3m44.0s/5m0s  1.00 iters/s

running (3m45.0s), 005/050 VUs, 220 complete and 0 interrupted iterations
pollSensitivity   [  75% ] 005/050 VUs  3m45.0s/5m0s  1.00 iters/s

running (3m46.0s), 005/050 VUs, 221 complete and 0 interrupted iterations
pollSensitivity   [  75% ] 005/050 VUs  3m46.0s/5m0s  1.00 iters/s

running (3m47.0s), 005/050 VUs, 222 complete and 0 interrupted iterations
pollSensitivity   [  76% ] 005/050 VUs  3m47.0s/5m0s  1.00 iters/s

running (3m48.0s), 006/050 VUs, 222 complete and 0 interrupted iterations
pollSensitivity   [  76% ] 006/050 VUs  3m48.0s/5m0s  1.00 iters/s

running (3m49.0s), 007/050 VUs, 222 complete and 0 interrupted iterations
pollSensitivity   [  76% ] 007/050 VUs  3m49.0s/5m0s  1.00 iters/s

running (3m50.0s), 005/050 VUs, 225 complete and 0 interrupted iterations
pollSensitivity   [  77% ] 005/050 VUs  3m50.0s/5m0s  1.00 iters/s

running (3m51.0s), 005/050 VUs, 226 complete and 0 interrupted iterations
pollSensitivity   [  77% ] 005/050 VUs  3m51.0s/5m0s  1.00 iters/s

running (3m52.0s), 005/050 VUs, 227 complete and 0 interrupted iterations
pollSensitivity   [  77% ] 005/050 VUs  3m52.0s/5m0s  1.00 iters/s

running (3m53.0s), 005/050 VUs, 228 complete and 0 interrupted iterations
pollSensitivity   [  78% ] 005/050 VUs  3m53.0s/5m0s  1.00 iters/s

running (3m54.0s), 004/050 VUs, 230 complete and 0 interrupted iterations
pollSensitivity   [  78% ] 004/050 VUs  3m54.0s/5m0s  1.00 iters/s

running (3m55.0s), 005/050 VUs, 230 complete and 0 interrupted iterations
pollSensitivity   [  78% ] 005/050 VUs  3m55.0s/5m0s  1.00 iters/s

running (3m56.0s), 005/050 VUs, 231 complete and 0 interrupted iterations
pollSensitivity   [  79% ] 005/050 VUs  3m56.0s/5m0s  1.00 iters/s

running (3m57.0s), 005/050 VUs, 232 complete and 0 interrupted iterations
pollSensitivity   [  79% ] 005/050 VUs  3m57.0s/5m0s  1.00 iters/s

running (3m58.0s), 005/050 VUs, 233 complete and 0 interrupted iterations
pollSensitivity   [  79% ] 005/050 VUs  3m58.0s/5m0s  1.00 iters/s

running (3m59.0s), 006/050 VUs, 233 complete and 0 interrupted iterations
pollSensitivity   [  80% ] 006/050 VUs  3m59.0s/5m0s  1.00 iters/s

running (4m00.0s), 004/050 VUs, 236 complete and 0 interrupted iterations
pollSensitivity   [  80% ] 004/050 VUs  4m00.0s/5m0s  1.00 iters/s

running (4m01.0s), 004/050 VUs, 237 complete and 0 interrupted iterations
pollSensitivity   [  80% ] 004/050 VUs  4m01.0s/5m0s  1.00 iters/s

running (4m02.0s), 005/050 VUs, 237 complete and 0 interrupted iterations
pollSensitivity   [  81% ] 005/050 VUs  4m02.0s/5m0s  1.00 iters/s

running (4m03.0s), 005/050 VUs, 238 complete and 0 interrupted iterations
pollSensitivity   [  81% ] 005/050 VUs  4m03.0s/5m0s  1.00 iters/s

running (4m04.0s), 005/050 VUs, 239 complete and 0 interrupted iterations
pollSensitivity   [  81% ] 005/050 VUs  4m04.0s/5m0s  1.00 iters/s

running (4m05.0s), 004/050 VUs, 241 complete and 0 interrupted iterations
pollSensitivity   [  82% ] 004/050 VUs  4m05.0s/5m0s  1.00 iters/s

running (4m06.0s), 005/050 VUs, 241 complete and 0 interrupted iterations
pollSensitivity   [  82% ] 005/050 VUs  4m06.0s/5m0s  1.00 iters/s

running (4m07.0s), 005/050 VUs, 242 complete and 0 interrupted iterations
pollSensitivity   [  82% ] 005/050 VUs  4m07.0s/5m0s  1.00 iters/s

running (4m08.0s), 005/050 VUs, 243 complete and 0 interrupted iterations
pollSensitivity   [  83% ] 005/050 VUs  4m08.0s/5m0s  1.00 iters/s

running (4m09.0s), 005/050 VUs, 244 complete and 0 interrupted iterations
pollSensitivity   [  83% ] 005/050 VUs  4m09.0s/5m0s  1.00 iters/s

running (4m10.0s), 004/050 VUs, 246 complete and 0 interrupted iterations
pollSensitivity   [  83% ] 004/050 VUs  4m10.0s/5m0s  1.00 iters/s

running (4m11.0s), 005/050 VUs, 246 complete and 0 interrupted iterations
pollSensitivity   [  84% ] 005/050 VUs  4m11.0s/5m0s  1.00 iters/s

running (4m12.0s), 005/050 VUs, 247 complete and 0 interrupted iterations
pollSensitivity   [  84% ] 005/050 VUs  4m12.0s/5m0s  1.00 iters/s

running (4m13.0s), 006/050 VUs, 247 complete and 0 interrupted iterations
pollSensitivity   [  84% ] 006/050 VUs  4m13.0s/5m0s  1.00 iters/s

running (4m14.0s), 006/050 VUs, 248 complete and 0 interrupted iterations
pollSensitivity   [  85% ] 006/050 VUs  4m14.0s/5m0s  1.00 iters/s

running (4m15.0s), 005/050 VUs, 250 complete and 0 interrupted iterations
pollSensitivity   [  85% ] 005/050 VUs  4m15.0s/5m0s  1.00 iters/s

running (4m16.0s), 005/050 VUs, 251 complete and 0 interrupted iterations
pollSensitivity   [  85% ] 005/050 VUs  4m16.0s/5m0s  1.00 iters/s

running (4m17.0s), 005/050 VUs, 252 complete and 0 interrupted iterations
pollSensitivity   [  86% ] 005/050 VUs  4m17.0s/5m0s  1.00 iters/s

running (4m18.0s), 005/050 VUs, 253 complete and 0 interrupted iterations
pollSensitivity   [  86% ] 005/050 VUs  4m18.0s/5m0s  1.00 iters/s

running (4m19.0s), 004/050 VUs, 255 complete and 0 interrupted iterations
pollSensitivity   [  86% ] 004/050 VUs  4m19.0s/5m0s  1.00 iters/s

running (4m20.0s), 005/050 VUs, 255 complete and 0 interrupted iterations
pollSensitivity   [  87% ] 005/050 VUs  4m20.0s/5m0s  1.00 iters/s

running (4m21.0s), 005/050 VUs, 256 complete and 0 interrupted iterations
pollSensitivity   [  87% ] 005/050 VUs  4m21.0s/5m0s  1.00 iters/s

running (4m22.0s), 006/050 VUs, 256 complete and 0 interrupted iterations
pollSensitivity   [  87% ] 006/050 VUs  4m22.0s/5m0s  1.00 iters/s

running (4m23.0s), 006/050 VUs, 257 complete and 0 interrupted iterations
pollSensitivity   [  88% ] 006/050 VUs  4m23.0s/5m0s  1.00 iters/s

running (4m24.0s), 006/050 VUs, 258 complete and 0 interrupted iterations
pollSensitivity   [  88% ] 006/050 VUs  4m24.0s/5m0s  1.00 iters/s

running (4m25.0s), 005/050 VUs, 260 complete and 0 interrupted iterations
pollSensitivity   [  88% ] 005/050 VUs  4m25.0s/5m0s  1.00 iters/s

running (4m26.0s), 006/050 VUs, 260 complete and 0 interrupted iterations
pollSensitivity   [  89% ] 006/050 VUs  4m26.0s/5m0s  1.00 iters/s

running (4m27.0s), 006/050 VUs, 261 complete and 0 interrupted iterations
pollSensitivity   [  89% ] 006/050 VUs  4m27.0s/5m0s  1.00 iters/s

running (4m28.0s), 006/050 VUs, 262 complete and 0 interrupted iterations
pollSensitivity   [  89% ] 006/050 VUs  4m28.0s/5m0s  1.00 iters/s

running (4m29.0s), 005/050 VUs, 264 complete and 0 interrupted iterations
pollSensitivity   [  90% ] 005/050 VUs  4m29.0s/5m0s  1.00 iters/s

running (4m30.0s), 006/050 VUs, 264 complete and 0 interrupted iterations
pollSensitivity   [  90% ] 006/050 VUs  4m30.0s/5m0s  1.00 iters/s

running (4m31.0s), 005/050 VUs, 266 complete and 0 interrupted iterations
pollSensitivity   [  90% ] 005/050 VUs  4m31.0s/5m0s  1.00 iters/s

running (4m32.0s), 005/050 VUs, 267 complete and 0 interrupted iterations
pollSensitivity   [  91% ] 005/050 VUs  4m32.0s/5m0s  1.00 iters/s

running (4m33.0s), 006/050 VUs, 267 complete and 0 interrupted iterations
pollSensitivity   [  91% ] 006/050 VUs  4m33.0s/5m0s  1.00 iters/s

running (4m34.0s), 005/050 VUs, 269 complete and 0 interrupted iterations
pollSensitivity   [  91% ] 005/050 VUs  4m34.0s/5m0s  1.00 iters/s

running (4m35.0s), 006/050 VUs, 269 complete and 0 interrupted iterations
pollSensitivity   [  92% ] 006/050 VUs  4m35.0s/5m0s  1.00 iters/s

running (4m36.0s), 006/050 VUs, 270 complete and 0 interrupted iterations
pollSensitivity   [  92% ] 006/050 VUs  4m36.0s/5m0s  1.00 iters/s

running (4m37.0s), 005/050 VUs, 272 complete and 0 interrupted iterations
pollSensitivity   [  92% ] 005/050 VUs  4m37.0s/5m0s  1.00 iters/s

running (4m38.0s), 005/050 VUs, 273 complete and 0 interrupted iterations
pollSensitivity   [  93% ] 005/050 VUs  4m38.0s/5m0s  1.00 iters/s

running (4m39.0s), 005/050 VUs, 274 complete and 0 interrupted iterations
pollSensitivity   [  93% ] 005/050 VUs  4m39.0s/5m0s  1.00 iters/s

running (4m40.0s), 005/050 VUs, 275 complete and 0 interrupted iterations
pollSensitivity   [  93% ] 005/050 VUs  4m40.0s/5m0s  1.00 iters/s

running (4m41.0s), 006/050 VUs, 275 complete and 0 interrupted iterations
pollSensitivity   [  94% ] 006/050 VUs  4m41.0s/5m0s  1.00 iters/s

running (4m42.0s), 005/050 VUs, 277 complete and 0 interrupted iterations
pollSensitivity   [  94% ] 005/050 VUs  4m42.0s/5m0s  1.00 iters/s

running (4m43.0s), 004/050 VUs, 279 complete and 0 interrupted iterations
pollSensitivity   [  94% ] 004/050 VUs  4m43.0s/5m0s  1.00 iters/s

running (4m44.0s), 005/050 VUs, 279 complete and 0 interrupted iterations
pollSensitivity   [  95% ] 005/050 VUs  4m44.0s/5m0s  1.00 iters/s

running (4m45.0s), 006/050 VUs, 279 complete and 0 interrupted iterations
pollSensitivity   [  95% ] 006/050 VUs  4m45.0s/5m0s  1.00 iters/s

running (4m46.0s), 005/050 VUs, 281 complete and 0 interrupted iterations
pollSensitivity   [  95% ] 005/050 VUs  4m46.0s/5m0s  1.00 iters/s

running (4m47.0s), 005/050 VUs, 282 complete and 0 interrupted iterations
pollSensitivity   [  96% ] 005/050 VUs  4m47.0s/5m0s  1.00 iters/s

running (4m48.0s), 004/050 VUs, 284 complete and 0 interrupted iterations
pollSensitivity   [  96% ] 004/050 VUs  4m48.0s/5m0s  1.00 iters/s

running (4m49.0s), 005/050 VUs, 284 complete and 0 interrupted iterations
pollSensitivity   [  96% ] 005/050 VUs  4m49.0s/5m0s  1.00 iters/s

running (4m50.0s), 005/050 VUs, 285 complete and 0 interrupted iterations
pollSensitivity   [  97% ] 005/050 VUs  4m50.0s/5m0s  1.00 iters/s

running (4m51.0s), 006/050 VUs, 285 complete and 0 interrupted iterations
pollSensitivity   [  97% ] 006/050 VUs  4m51.0s/5m0s  1.00 iters/s

running (4m52.0s), 005/050 VUs, 287 complete and 0 interrupted iterations
pollSensitivity   [  97% ] 005/050 VUs  4m52.0s/5m0s  1.00 iters/s

running (4m53.0s), 005/050 VUs, 288 complete and 0 interrupted iterations
pollSensitivity   [  98% ] 005/050 VUs  4m53.0s/5m0s  1.00 iters/s

running (4m54.0s), 004/050 VUs, 290 complete and 0 interrupted iterations
pollSensitivity   [  98% ] 004/050 VUs  4m54.0s/5m0s  1.00 iters/s

running (4m55.0s), 005/050 VUs, 290 complete and 0 interrupted iterations
pollSensitivity   [  98% ] 005/050 VUs  4m55.0s/5m0s  1.00 iters/s

running (4m56.0s), 006/050 VUs, 290 complete and 0 interrupted iterations
pollSensitivity   [  99% ] 006/050 VUs  4m56.0s/5m0s  1.00 iters/s

running (4m57.0s), 005/050 VUs, 292 complete and 0 interrupted iterations
pollSensitivity   [  99% ] 005/050 VUs  4m57.0s/5m0s  1.00 iters/s

running (4m58.0s), 005/050 VUs, 293 complete and 0 interrupted iterations
pollSensitivity   [  99% ] 005/050 VUs  4m58.0s/5m0s  1.00 iters/s

running (4m59.0s), 005/050 VUs, 294 complete and 0 interrupted iterations
pollSensitivity   [ 100% ] 005/050 VUs  4m59.0s/5m0s  1.00 iters/s

running (5m00.0s), 006/050 VUs, 294 complete and 0 interrupted iterations
pollSensitivity   [ 100% ] 006/050 VUs  5m00.0s/5m0s  1.00 iters/s

running (5m01.0s), 007/050 VUs, 294 complete and 0 interrupted iterations
pollSensitivity ↓ [ 100% ] 007/050 VUs  5m0s  1.00 iters/s

running (5m02.0s), 004/050 VUs, 297 complete and 0 interrupted iterations
pollSensitivity ↓ [ 100% ] 007/050 VUs  5m0s  1.00 iters/s

running (5m03.0s), 003/050 VUs, 298 complete and 0 interrupted iterations
pollSensitivity ↓ [ 100% ] 007/050 VUs  5m0s  1.00 iters/s

running (5m04.0s), 002/050 VUs, 299 complete and 0 interrupted iterations
pollSensitivity ↓ [ 100% ] 007/050 VUs  5m0s  1.00 iters/s

================ DSP benchmark summary ================
-- per-phase latency --
  catalog                    p50=80.2 ms  p95=142.3 ms  p99=160.2 ms  max=253.2 ms  n=301
  negotiation init (POST)    p50=6.9 ms  p95=102.0 ms  p99=114.9 ms  max=272.6 ms  n=301
  time-to-AGREED (async)     p50=3015.0 ms  p95=4019.0 ms  p99=4028.0 ms  max=5024.0 ms  n=301
  transfer init (POST)       p50=39.6 ms  p95=107.1 ms  p99=128.7 ms  max=165.2 ms  n=301
  time-to-EDR (async)        p50=2013.0 ms  p95=3017.0 ms  p99=3018.0 ms  max=3042.0 ms  n=301
  data pull                  p50=27.8 ms  p95=48.0 ms  p99=50.4 ms  max=65.4 ms  n=301
-- end-to-end + throughput --
  e2e transaction            p50=5221.0 ms  p95=6273.0 ms  p99=7228.0 ms  max=8215.0 ms  n=301
  data throughput (MB/s)     p50=0.2  p95=0.2  p99=0.2  max=0.2  n=301
-- outcomes --
  transactions succeeded     count=301  rate=0.989/s
  transactions failed        (no data)
  failed rate                rate=0.00%  (pass=0 fail=301)
    of which TERMINATED      (no data)
    of which TIMED OUT       (no data)
    of which HTTP-FAILED     (no data)
  failure accounting       (no failures)
-- observer effect (poll load) --
  negotiation polls          count=1184  rate=3.892/s
  edr polls                  count=958  rate=3.149/s
  polls per transaction     negotiation=3.9  edr=3.2  (timeout ceiling=30)
=======================================================
(full summary -> /home/rohitj/edc/benchmarking-factoryx-edc/resources/local-fx-mvd/k6-scripts/results/factoryx/on/poll-sensitivity/2026-08-10T11-01-10Z/k6-summary.json; POLL_INTERVAL_MS=1000; IDENTITY_MODE=on)

running (5m04.2s), 000/050 VUs, 301 complete and 0 interrupted iterations
pollSensitivity ✓ [ 100% ] 000/050 VUs  5m0s  1.00 iters/s
Prometheus snapshot [1786359756..1786360076] svc=(provider-controlplane|provider-dataplane|consumer-controlplane|consumer-dataplane) win=1m -> /home/rohitj/edc/benchmarking-factoryx-edc/resources/local-fx-mvd/k6-scripts/results/factoryx/on/poll-sensitivity/2026-08-10T11-01-10Z
  jvm-heap.csv (260 rows)
  jvm-gc-rate.csv (260 rows)
  jvm-threads.csv (260 rows)
  http-throughput.csv (260 rows)
  http-p95.csv (260 rows)
  http-errors.csv (130 rows)
  http-errors-5xx.csv (0 rows)
  http-status.csv (130 rows)
  host-cpu-busy.csv (65 rows)
  host-mem-used.csv (65 rows)
  5xx: no 5xx in window (confirmed: http-status has 130 samples, so the status label IS scraped)
  logs -> /home/rohitj/edc/benchmarking-factoryx-edc/resources/local-fx-mvd/k6-scripts/results/factoryx/on/poll-sensitivity/2026-08-10T11-01-10Z/logs (4 files)
    consumer-controlplane.log:0
    consumer-dataplane.log:0
    provider-controlplane.log:0
    provider-dataplane.log:0
VALIDITY  ok=301  failed=0  failed_rate=0%  dropped_iterations=0
>>> done: /home/rohitj/edc/benchmarking-factoryx-edc/resources/local-fx-mvd/k6-scripts/results/factoryx/on/poll-sensitivity/2026-08-10T11-01-10Z  (k6 exit 0)
11:07:56 |     done (exit 0)
11:07:56 |   … settling 120s before the next scenario
11:09:56 | --> soak (30 min)
>>> factoryx / soak  ->  /home/rohitj/edc/benchmarking-factoryx-edc/resources/local-fx-mvd/k6-scripts/results/factoryx/on/soak/2026-08-10T11-09-56Z
parity OK: lib/ + scenarios/ + orchestration/ + tools/ identical to /home/rohitj/edc/benchmarking-factoryx-edc/resources/local-fx-mvd/k6-scripts
Health: http://localhost:29010/management + prometheus  OK
Warmup 60s @ 1/s (discarded)
  draining 20s before the measured window opens
k6 -> Prometheus remote-write: http://localhost:9090/api/v1/write
time="2026-08-10T11:11:21Z" level=error msg="could not initialize '/home/rohitj/edc/benchmarking-factoryx-edc/resources/local-fx-mvd/k6-scripts/scenarios/soak.js': could not load JS test 'file:///home/rohitj/edc/benchmarking-factoryx-edc/resources/local-fx-mvd/k6-scripts/scenarios/soak.js': parsing options from script got error while parsing \"\\\"discardResponseBodies\\\": fal\": json: cannot unmarshal number 0.5 into Go struct field Options.scenarios.rate of type int64"
Prometheus snapshot [1786360281..1786360296] svc=(provider-controlplane|provider-dataplane|consumer-controlplane|consumer-dataplane) win=1m -> /home/rohitj/edc/benchmarking-factoryx-edc/resources/local-fx-mvd/k6-scripts/results/factoryx/on/soak/2026-08-10T11-09-56Z
  jvm-heap.csv (16 rows)
  jvm-gc-rate.csv (16 rows)
  jvm-threads.csv (16 rows)
  http-throughput.csv (16 rows)
  http-p95.csv (16 rows)
  http-errors.csv (8 rows)
  http-errors-5xx.csv (0 rows)
  http-status.csv (8 rows)
  host-cpu-busy.csv (4 rows)
  host-mem-used.csv (4 rows)
  5xx: no 5xx in window (confirmed: http-status has 8 samples, so the status label IS scraped)
  logs -> /home/rohitj/edc/benchmarking-factoryx-edc/resources/local-fx-mvd/k6-scripts/results/factoryx/on/soak/2026-08-10T11-09-56Z/logs (4 files)
    consumer-controlplane.log:0
    consumer-dataplane.log:0
    provider-controlplane.log:0
    provider-dataplane.log:0
>>> done: /home/rohitj/edc/benchmarking-factoryx-edc/resources/local-fx-mvd/k6-scripts/results/factoryx/on/soak/2026-08-10T11-09-56Z  (k6 exit 104)
11:11:36 |     done (exit 104)
11:11:36 |   … settling 120s before the next scenario
11:13:36 | --> payload-sweep 1KB
>>> factoryx / payload-sweep  ->  /home/rohitj/edc/benchmarking-factoryx-edc/resources/local-fx-mvd/k6-scripts/results/factoryx/on/payload-sweep/2026-08-10T11-13-36Z
parity OK: lib/ + scenarios/ + orchestration/ + tools/ identical to /home/rohitj/edc/benchmarking-factoryx-edc/resources/local-fx-mvd/k6-scripts
Health: http://localhost:29010/management + prometheus  OK
Warmup 60s @ 1/s (discarded)
  draining 20s before the measured window opens
k6 -> Prometheus remote-write: http://localhost:9090/api/v1/write

         /\      Grafana   /‾‾/  
    /\  /  \     |\  __   /  /   
   /  \/    \    | |/ /  /   ‾‾\ 
  /          \   |   (  |  (‾)  |
 / __________ \  |_|\_\  \_____/ 


     execution: local
        script: /home/rohitj/edc/benchmarking-factoryx-edc/resources/local-fx-mvd/k6-scripts/scenarios/payload-sweep.js
        output: Prometheus remote write (http://localhost:9090/api/v1/write)

     scenarios: (100.00%) 1 scenario, 4 max VUs, 1m30s max duration (incl. graceful stop):
              * pull: 4 looping VUs for 1m0s (gracefulStop: 30s)


Run    [ 100% ] setup()
pull   [   0% ]

Run    [ 100% ] setup()
pull   [   0% ]

Run    [ 100% ] setup()
pull   [   0% ]

Run    [ 100% ] setup()
pull   [   0% ]

running (0m05.0s), 4/4 VUs, 676 complete and 0 interrupted iterations
pull   [   2% ] 4 VUs  0m00.9s/1m0s

running (0m06.0s), 4/4 VUs, 1482 complete and 0 interrupted iterations
pull   [   3% ] 4 VUs  0m01.9s/1m0s

running (0m07.0s), 4/4 VUs, 2295 complete and 0 interrupted iterations
pull   [   5% ] 4 VUs  0m02.9s/1m0s

running (0m08.0s), 4/4 VUs, 3124 complete and 0 interrupted iterations
pull   [   7% ] 4 VUs  0m03.9s/1m0s

running (0m09.0s), 4/4 VUs, 3951 complete and 0 interrupted iterations
pull   [   8% ] 4 VUs  0m04.9s/1m0s

running (0m10.0s), 4/4 VUs, 4798 complete and 0 interrupted iterations
pull   [  10% ] 4 VUs  0m05.9s/1m0s

running (0m11.0s), 4/4 VUs, 5644 complete and 0 interrupted iterations
pull   [  12% ] 4 VUs  0m06.9s/1m0s

running (0m12.0s), 4/4 VUs, 6488 complete and 0 interrupted iterations
pull   [  13% ] 4 VUs  0m07.9s/1m0s

running (0m13.0s), 4/4 VUs, 7369 complete and 0 interrupted iterations
pull   [  15% ] 4 VUs  0m08.9s/1m0s

running (0m14.0s), 4/4 VUs, 8311 complete and 0 interrupted iterations
pull   [  17% ] 4 VUs  0m09.9s/1m0s

running (0m15.0s), 4/4 VUs, 9232 complete and 0 interrupted iterations
pull   [  18% ] 4 VUs  0m10.9s/1m0s

running (0m16.0s), 4/4 VUs, 10155 complete and 0 interrupted iterations
pull   [  20% ] 4 VUs  0m11.9s/1m0s

running (0m17.0s), 4/4 VUs, 11083 complete and 0 interrupted iterations
pull   [  22% ] 4 VUs  0m12.9s/1m0s

running (0m18.0s), 4/4 VUs, 12024 complete and 0 interrupted iterations
pull   [  23% ] 4 VUs  0m13.9s/1m0s

running (0m19.0s), 4/4 VUs, 12952 complete and 0 interrupted iterations
pull   [  25% ] 4 VUs  0m14.9s/1m0s

running (0m20.0s), 4/4 VUs, 13885 complete and 0 interrupted iterations
pull   [  27% ] 4 VUs  0m15.9s/1m0s

running (0m21.0s), 4/4 VUs, 14821 complete and 0 interrupted iterations
pull   [  28% ] 4 VUs  0m16.9s/1m0s

running (0m22.0s), 4/4 VUs, 15751 complete and 0 interrupted iterations
pull   [  30% ] 4 VUs  0m17.9s/1m0s

running (0m23.0s), 4/4 VUs, 16684 complete and 0 interrupted iterations
pull   [  32% ] 4 VUs  0m18.9s/1m0s

running (0m24.0s), 4/4 VUs, 17617 complete and 0 interrupted iterations
pull   [  33% ] 4 VUs  0m19.9s/1m0s

running (0m25.0s), 4/4 VUs, 18553 complete and 0 interrupted iterations
pull   [  35% ] 4 VUs  0m20.9s/1m0s

running (0m26.0s), 4/4 VUs, 19495 complete and 0 interrupted iterations
pull   [  37% ] 4 VUs  0m21.9s/1m0s

running (0m27.0s), 4/4 VUs, 20440 complete and 0 interrupted iterations
pull   [  38% ] 4 VUs  0m22.9s/1m0s

running (0m28.0s), 4/4 VUs, 21330 complete and 0 interrupted iterations
pull   [  40% ] 4 VUs  0m23.9s/1m0s

running (0m29.0s), 4/4 VUs, 22269 complete and 0 interrupted iterations
pull   [  42% ] 4 VUs  0m24.9s/1m0s

running (0m30.0s), 4/4 VUs, 23200 complete and 0 interrupted iterations
pull   [  43% ] 4 VUs  0m25.9s/1m0s

running (0m31.0s), 4/4 VUs, 24120 complete and 0 interrupted iterations
pull   [  45% ] 4 VUs  0m26.9s/1m0s

running (0m32.0s), 4/4 VUs, 25056 complete and 0 interrupted iterations
pull   [  47% ] 4 VUs  0m27.9s/1m0s

running (0m33.0s), 4/4 VUs, 25991 complete and 0 interrupted iterations
pull   [  48% ] 4 VUs  0m28.9s/1m0s

running (0m34.0s), 4/4 VUs, 26927 complete and 0 interrupted iterations
pull   [  50% ] 4 VUs  0m29.9s/1m0s

running (0m35.0s), 4/4 VUs, 27862 complete and 0 interrupted iterations
pull   [  52% ] 4 VUs  0m30.9s/1m0s

running (0m36.0s), 4/4 VUs, 28790 complete and 0 interrupted iterations
pull   [  53% ] 4 VUs  0m31.9s/1m0s

running (0m37.0s), 4/4 VUs, 29726 complete and 0 interrupted iterations
pull   [  55% ] 4 VUs  0m32.9s/1m0s

running (0m38.0s), 4/4 VUs, 30642 complete and 0 interrupted iterations
pull   [  57% ] 4 VUs  0m33.9s/1m0s

running (0m39.0s), 4/4 VUs, 31581 complete and 0 interrupted iterations
pull   [  58% ] 4 VUs  0m34.9s/1m0s

running (0m40.0s), 4/4 VUs, 32497 complete and 0 interrupted iterations
pull   [  60% ] 4 VUs  0m35.9s/1m0s

running (0m41.0s), 4/4 VUs, 33419 complete and 0 interrupted iterations
pull   [  62% ] 4 VUs  0m36.9s/1m0s

running (0m42.0s), 4/4 VUs, 34358 complete and 0 interrupted iterations
pull   [  63% ] 4 VUs  0m37.9s/1m0s

running (0m43.0s), 4/4 VUs, 35292 complete and 0 interrupted iterations
pull   [  65% ] 4 VUs  0m38.9s/1m0s

running (0m44.0s), 4/4 VUs, 36227 complete and 0 interrupted iterations
pull   [  67% ] 4 VUs  0m39.9s/1m0s

running (0m45.0s), 4/4 VUs, 37168 complete and 0 interrupted iterations
pull   [  68% ] 4 VUs  0m40.9s/1m0s

running (0m46.0s), 4/4 VUs, 38124 complete and 0 interrupted iterations
pull   [  70% ] 4 VUs  0m41.9s/1m0s

running (0m47.0s), 4/4 VUs, 39058 complete and 0 interrupted iterations
pull   [  72% ] 4 VUs  0m42.9s/1m0s

running (0m48.0s), 4/4 VUs, 39977 complete and 0 interrupted iterations
pull   [  73% ] 4 VUs  0m43.9s/1m0s

running (0m49.0s), 4/4 VUs, 40919 complete and 0 interrupted iterations
pull   [  75% ] 4 VUs  0m44.9s/1m0s

running (0m50.0s), 4/4 VUs, 41854 complete and 0 interrupted iterations
pull   [  77% ] 4 VUs  0m45.9s/1m0s

running (0m51.0s), 4/4 VUs, 42786 complete and 0 interrupted iterations
pull   [  78% ] 4 VUs  0m46.9s/1m0s

running (0m52.0s), 4/4 VUs, 43700 complete and 0 interrupted iterations
pull   [  80% ] 4 VUs  0m47.9s/1m0s

running (0m53.0s), 4/4 VUs, 44633 complete and 0 interrupted iterations
pull   [  82% ] 4 VUs  0m48.9s/1m0s

running (0m54.0s), 4/4 VUs, 45566 complete and 0 interrupted iterations
pull   [  83% ] 4 VUs  0m49.9s/1m0s

running (0m55.0s), 4/4 VUs, 46495 complete and 0 interrupted iterations
pull   [  85% ] 4 VUs  0m50.9s/1m0s

running (0m56.0s), 4/4 VUs, 47441 complete and 0 interrupted iterations
pull   [  87% ] 4 VUs  0m51.9s/1m0s

running (0m57.0s), 4/4 VUs, 48373 complete and 0 interrupted iterations
pull   [  88% ] 4 VUs  0m52.9s/1m0s

running (0m58.0s), 4/4 VUs, 49303 complete and 0 interrupted iterations
pull   [  90% ] 4 VUs  0m53.9s/1m0s

running (0m59.0s), 4/4 VUs, 50227 complete and 0 interrupted iterations
pull   [  92% ] 4 VUs  0m54.9s/1m0s

running (1m00.0s), 4/4 VUs, 51164 complete and 0 interrupted iterations
pull   [  93% ] 4 VUs  0m55.9s/1m0s

running (1m01.0s), 4/4 VUs, 52105 complete and 0 interrupted iterations
pull   [  95% ] 4 VUs  0m56.9s/1m0s

running (1m02.0s), 4/4 VUs, 53048 complete and 0 interrupted iterations
pull   [  97% ] 4 VUs  0m57.9s/1m0s

running (1m03.0s), 4/4 VUs, 53990 complete and 0 interrupted iterations
pull   [  98% ] 4 VUs  0m58.9s/1m0s

running (1m04.0s), 4/4 VUs, 54946 complete and 0 interrupted iterations
pull   [ 100% ] 4 VUs  0m59.9s/1m0s

================ DSP benchmark summary ================
-- per-phase latency --
  catalog                    p50=142.8 ms  p95=142.8 ms  p99=142.8 ms  max=142.8 ms  n=1
  negotiation init (POST)    p50=7.3 ms  p95=7.3 ms  p99=7.3 ms  max=7.3 ms  n=1
  time-to-AGREED (async)     p50=2291.0 ms  p95=2291.0 ms  p99=2291.0 ms  max=2291.0 ms  n=1
  transfer init (POST)       p50=9.3 ms  p95=9.3 ms  p99=9.3 ms  max=9.3 ms  n=1
  time-to-EDR (async)        p50=1528.0 ms  p95=1528.0 ms  p99=1528.0 ms  max=1528.0 ms  n=1
  data pull                  p50=3.9 ms  p95=5.0 ms  p99=19.1 ms  max=36.0 ms  n=55017
-- end-to-end + throughput --
  e2e transaction            (no data)
  data throughput (MB/s)     p50=0.3  p95=0.3  p99=0.3  max=0.4  n=55017
-- outcomes --
  transactions succeeded     (no data)
  transactions failed        (no data)
  failed rate                rate=0.00%  (pass=0 fail=0)
    of which TERMINATED      (no data)
    of which TIMED OUT       (no data)
    of which HTTP-FAILED     (no data)
  failure accounting       (no failures)
-- observer effect (poll load) --
  negotiation polls          count=10  rate=0.156/s
  edr polls                  count=7  rate=0.109/s
  polls per transaction     (no data)
=======================================================
(full summary -> /home/rohitj/edc/benchmarking-factoryx-edc/resources/local-fx-mvd/k6-scripts/results/factoryx/on/payload-sweep/2026-08-10T11-13-36Z/k6-summary.json; POLL_INTERVAL_MS=250; IDENTITY_MODE=on)

running (1m04.1s), 0/4 VUs, 55017 complete and 0 interrupted iterations
pull ✓ [ 100% ] 4 VUs  1m0s
Prometheus snapshot [1786360501..1786360580] svc=(provider-controlplane|provider-dataplane|consumer-controlplane|consumer-dataplane) win=1m -> /home/rohitj/edc/benchmarking-factoryx-edc/resources/local-fx-mvd/k6-scripts/results/factoryx/on/payload-sweep/2026-08-10T11-13-36Z
  jvm-heap.csv (64 rows)
  jvm-gc-rate.csv (64 rows)
  jvm-threads.csv (64 rows)
  http-throughput.csv (64 rows)
  http-p95.csv (64 rows)
  http-errors.csv (32 rows)
  http-errors-5xx.csv (0 rows)
  http-status.csv (32 rows)
  host-cpu-busy.csv (16 rows)
  host-mem-used.csv (16 rows)
  5xx: no 5xx in window (confirmed: http-status has 32 samples, so the status label IS scraped)
  logs -> /home/rohitj/edc/benchmarking-factoryx-edc/resources/local-fx-mvd/k6-scripts/results/factoryx/on/payload-sweep/2026-08-10T11-13-36Z/logs (4 files)
    consumer-controlplane.log:0
    consumer-dataplane.log:0
    provider-controlplane.log:0
    provider-dataplane.log:0
VALIDITY  ok=0  failed=0  failed_rate=0%  dropped_iterations=0
>>> done: /home/rohitj/edc/benchmarking-factoryx-edc/resources/local-fx-mvd/k6-scripts/results/factoryx/on/payload-sweep/2026-08-10T11-13-36Z  (k6 exit 0)
11:16:21 |     done (exit 0)
11:16:21 | --> payload-sweep 100KB
>>> factoryx / payload-sweep  ->  /home/rohitj/edc/benchmarking-factoryx-edc/resources/local-fx-mvd/k6-scripts/results/factoryx/on/payload-sweep/2026-08-10T11-16-21Z
parity OK: lib/ + scenarios/ + orchestration/ + tools/ identical to /home/rohitj/edc/benchmarking-factoryx-edc/resources/local-fx-mvd/k6-scripts
Health: http://localhost:29010/management + prometheus  OK
Warmup 60s @ 1/s (discarded)
  draining 20s before the measured window opens
k6 -> Prometheus remote-write: http://localhost:9090/api/v1/write

         /\      Grafana   /‾‾/  
    /\  /  \     |\  __   /  /   
   /  \/    \    | |/ /  /   ‾‾\ 
  /          \   |   (  |  (‾)  |
 / __________ \  |_|\_\  \_____/ 


     execution: local
        script: /home/rohitj/edc/benchmarking-factoryx-edc/resources/local-fx-mvd/k6-scripts/scenarios/payload-sweep.js
        output: Prometheus remote write (http://localhost:9090/api/v1/write)

     scenarios: (100.00%) 1 scenario, 4 max VUs, 1m30s max duration (incl. graceful stop):
              * pull: 4 looping VUs for 1m0s (gracefulStop: 30s)


Run    [ 100% ] setup()
pull   [   0% ]

Run    [ 100% ] setup()
pull   [   0% ]

Run    [ 100% ] setup()
pull   [   0% ]

Run    [ 100% ] setup()
pull   [   0% ]

Run    [ 100% ] setup()
pull   [   0% ]

running (0m06.0s), 4/4 VUs, 337 complete and 0 interrupted iterations
pull   [   1% ] 4 VUs  0m00.5s/1m0s

running (0m07.0s), 4/4 VUs, 1130 complete and 0 interrupted iterations
pull   [   2% ] 4 VUs  0m01.5s/1m0s

running (0m08.0s), 4/4 VUs, 1936 complete and 0 interrupted iterations
pull   [   4% ] 4 VUs  0m02.5s/1m0s

running (0m09.0s), 4/4 VUs, 2760 complete and 0 interrupted iterations
pull   [   6% ] 4 VUs  0m03.5s/1m0s

running (0m10.0s), 4/4 VUs, 3563 complete and 0 interrupted iterations
pull   [   7% ] 4 VUs  0m04.5s/1m0s

running (0m11.0s), 4/4 VUs, 4388 complete and 0 interrupted iterations
pull   [   9% ] 4 VUs  0m05.5s/1m0s

running (0m12.0s), 4/4 VUs, 5223 complete and 0 interrupted iterations
pull   [  11% ] 4 VUs  0m06.5s/1m0s

running (0m13.0s), 4/4 VUs, 6062 complete and 0 interrupted iterations
pull   [  12% ] 4 VUs  0m07.5s/1m0s

running (0m14.0s), 4/4 VUs, 6901 complete and 0 interrupted iterations
pull   [  14% ] 4 VUs  0m08.5s/1m0s

running (0m15.0s), 4/4 VUs, 7726 complete and 0 interrupted iterations
pull   [  16% ] 4 VUs  0m09.5s/1m0s

running (0m16.0s), 4/4 VUs, 8573 complete and 0 interrupted iterations
pull   [  17% ] 4 VUs  0m10.5s/1m0s

running (0m17.0s), 4/4 VUs, 9410 complete and 0 interrupted iterations
pull   [  19% ] 4 VUs  0m11.5s/1m0s

running (0m18.0s), 4/4 VUs, 10258 complete and 0 interrupted iterations
pull   [  21% ] 4 VUs  0m12.5s/1m0s

running (0m19.0s), 4/4 VUs, 11095 complete and 0 interrupted iterations
pull   [  22% ] 4 VUs  0m13.5s/1m0s

running (0m20.0s), 4/4 VUs, 11924 complete and 0 interrupted iterations
pull   [  24% ] 4 VUs  0m14.5s/1m0s

running (0m21.0s), 4/4 VUs, 12765 complete and 0 interrupted iterations
pull   [  26% ] 4 VUs  0m15.5s/1m0s

running (0m22.0s), 4/4 VUs, 13606 complete and 0 interrupted iterations
pull   [  27% ] 4 VUs  0m16.5s/1m0s

running (0m23.0s), 4/4 VUs, 14449 complete and 0 interrupted iterations
pull   [  29% ] 4 VUs  0m17.5s/1m0s

running (0m24.0s), 4/4 VUs, 15283 complete and 0 interrupted iterations
pull   [  31% ] 4 VUs  0m18.5s/1m0s

running (0m25.0s), 4/4 VUs, 16121 complete and 0 interrupted iterations
pull   [  32% ] 4 VUs  0m19.5s/1m0s

running (0m26.0s), 4/4 VUs, 16957 complete and 0 interrupted iterations
pull   [  34% ] 4 VUs  0m20.5s/1m0s

running (0m27.0s), 4/4 VUs, 17795 complete and 0 interrupted iterations
pull   [  36% ] 4 VUs  0m21.5s/1m0s

running (0m28.0s), 4/4 VUs, 18637 complete and 0 interrupted iterations
pull   [  37% ] 4 VUs  0m22.5s/1m0s

running (0m29.0s), 4/4 VUs, 19480 complete and 0 interrupted iterations
pull   [  39% ] 4 VUs  0m23.5s/1m0s

running (0m30.0s), 4/4 VUs, 20316 complete and 0 interrupted iterations
pull   [  41% ] 4 VUs  0m24.5s/1m0s

running (0m31.0s), 4/4 VUs, 21156 complete and 0 interrupted iterations
pull   [  42% ] 4 VUs  0m25.5s/1m0s

running (0m32.0s), 4/4 VUs, 22005 complete and 0 interrupted iterations
pull   [  44% ] 4 VUs  0m26.5s/1m0s

running (0m33.0s), 4/4 VUs, 22842 complete and 0 interrupted iterations
pull   [  46% ] 4 VUs  0m27.5s/1m0s

running (0m34.0s), 4/4 VUs, 23671 complete and 0 interrupted iterations
pull   [  47% ] 4 VUs  0m28.5s/1m0s

running (0m35.0s), 4/4 VUs, 24519 complete and 0 interrupted iterations
pull   [  49% ] 4 VUs  0m29.5s/1m0s

running (0m36.0s), 4/4 VUs, 25351 complete and 0 interrupted iterations
pull   [  51% ] 4 VUs  0m30.5s/1m0s

running (0m37.0s), 4/4 VUs, 26190 complete and 0 interrupted iterations
pull   [  52% ] 4 VUs  0m31.5s/1m0s

running (0m38.0s), 4/4 VUs, 27027 complete and 0 interrupted iterations
pull   [  54% ] 4 VUs  0m32.5s/1m0s

running (0m39.0s), 4/4 VUs, 27862 complete and 0 interrupted iterations
pull   [  56% ] 4 VUs  0m33.5s/1m0s

running (0m40.0s), 4/4 VUs, 28709 complete and 0 interrupted iterations
pull   [  57% ] 4 VUs  0m34.5s/1m0s

running (0m41.0s), 4/4 VUs, 29531 complete and 0 interrupted iterations
pull   [  59% ] 4 VUs  0m35.5s/1m0s

running (0m42.0s), 4/4 VUs, 30368 complete and 0 interrupted iterations
pull   [  61% ] 4 VUs  0m36.5s/1m0s

running (0m43.0s), 4/4 VUs, 31217 complete and 0 interrupted iterations
pull   [  62% ] 4 VUs  0m37.5s/1m0s

running (0m44.0s), 4/4 VUs, 32069 complete and 0 interrupted iterations
pull   [  64% ] 4 VUs  0m38.5s/1m0s

running (0m45.0s), 4/4 VUs, 32902 complete and 0 interrupted iterations
pull   [  66% ] 4 VUs  0m39.5s/1m0s

running (0m46.0s), 4/4 VUs, 33736 complete and 0 interrupted iterations
pull   [  67% ] 4 VUs  0m40.5s/1m0s

running (0m47.0s), 4/4 VUs, 34577 complete and 0 interrupted iterations
pull   [  69% ] 4 VUs  0m41.5s/1m0s

running (0m48.0s), 4/4 VUs, 35431 complete and 0 interrupted iterations
pull   [  71% ] 4 VUs  0m42.5s/1m0s

running (0m49.0s), 4/4 VUs, 36271 complete and 0 interrupted iterations
pull   [  72% ] 4 VUs  0m43.5s/1m0s

running (0m50.0s), 4/4 VUs, 37075 complete and 0 interrupted iterations
pull   [  74% ] 4 VUs  0m44.5s/1m0s

running (0m51.0s), 4/4 VUs, 37790 complete and 0 interrupted iterations
pull   [  76% ] 4 VUs  0m45.5s/1m0s

running (0m52.0s), 4/4 VUs, 38534 complete and 0 interrupted iterations
pull   [  77% ] 4 VUs  0m46.5s/1m0s

running (0m53.0s), 4/4 VUs, 39270 complete and 0 interrupted iterations
pull   [  79% ] 4 VUs  0m47.5s/1m0s

running (0m54.0s), 4/4 VUs, 40015 complete and 0 interrupted iterations
pull   [  81% ] 4 VUs  0m48.5s/1m0s

running (0m55.0s), 4/4 VUs, 40782 complete and 0 interrupted iterations
pull   [  82% ] 4 VUs  0m49.5s/1m0s

running (0m56.0s), 4/4 VUs, 41502 complete and 0 interrupted iterations
pull   [  84% ] 4 VUs  0m50.5s/1m0s

running (0m57.0s), 4/4 VUs, 42243 complete and 0 interrupted iterations
pull   [  86% ] 4 VUs  0m51.5s/1m0s

running (0m58.0s), 4/4 VUs, 42981 complete and 0 interrupted iterations
pull   [  87% ] 4 VUs  0m52.5s/1m0s

running (0m59.0s), 4/4 VUs, 43719 complete and 0 interrupted iterations
pull   [  89% ] 4 VUs  0m53.5s/1m0s

running (1m00.0s), 4/4 VUs, 44445 complete and 0 interrupted iterations
pull   [  91% ] 4 VUs  0m54.5s/1m0s

running (1m01.0s), 4/4 VUs, 45168 complete and 0 interrupted iterations
pull   [  92% ] 4 VUs  0m55.5s/1m0s

running (1m02.0s), 4/4 VUs, 45926 complete and 0 interrupted iterations
pull   [  94% ] 4 VUs  0m56.5s/1m0s

running (1m03.0s), 4/4 VUs, 46638 complete and 0 interrupted iterations
pull   [  96% ] 4 VUs  0m57.5s/1m0s

running (1m04.0s), 4/4 VUs, 47374 complete and 0 interrupted iterations
pull   [  97% ] 4 VUs  0m58.5s/1m0s

running (1m05.0s), 4/4 VUs, 48115 complete and 0 interrupted iterations
pull   [  99% ] 4 VUs  0m59.5s/1m0s

================ DSP benchmark summary ================
-- per-phase latency --
  catalog                    p50=61.9 ms  p95=61.9 ms  p99=61.9 ms  max=61.9 ms  n=1
  negotiation init (POST)    p50=6.7 ms  p95=6.7 ms  p99=6.7 ms  max=6.7 ms  n=1
  time-to-AGREED (async)     p50=3053.0 ms  p95=3053.0 ms  p99=3053.0 ms  max=3053.0 ms  n=1
  transfer init (POST)       p50=63.8 ms  p95=63.8 ms  p99=63.8 ms  max=63.8 ms  n=1
  time-to-EDR (async)        p50=2289.0 ms  p95=2289.0 ms  p99=2289.0 ms  max=2289.0 ms  n=1
  data pull                  p50=4.2 ms  p95=7.7 ms  p99=20.9 ms  max=36.9 ms  n=48510
-- end-to-end + throughput --
  e2e transaction            (no data)
  data throughput (MB/s)     p50=24.4  p95=28.9  p99=31.2  max=38.3  n=48510
-- outcomes --
  transactions succeeded     (no data)
  transactions failed        (no data)
  failed rate                rate=0.00%  (pass=0 fail=0)
    of which TERMINATED      (no data)
    of which TIMED OUT       (no data)
    of which HTTP-FAILED     (no data)
  failure accounting       (no failures)
-- observer effect (poll load) --
  negotiation polls          count=13  rate=0.198/s
  edr polls                  count=10  rate=0.153/s
  polls per transaction     (no data)
=======================================================
(full summary -> /home/rohitj/edc/benchmarking-factoryx-edc/resources/local-fx-mvd/k6-scripts/results/factoryx/on/payload-sweep/2026-08-10T11-16-21Z/k6-summary.json; POLL_INTERVAL_MS=250; IDENTITY_MODE=on)

running (1m05.5s), 0/4 VUs, 48510 complete and 0 interrupted iterations
pull ✓ [ 100% ] 4 VUs  1m0s
Prometheus snapshot [1786360666..1786360746] svc=(provider-controlplane|provider-dataplane|consumer-controlplane|consumer-dataplane) win=1m -> /home/rohitj/edc/benchmarking-factoryx-edc/resources/local-fx-mvd/k6-scripts/results/factoryx/on/payload-sweep/2026-08-10T11-16-21Z
  jvm-heap.csv (68 rows)
  jvm-gc-rate.csv (68 rows)
  jvm-threads.csv (68 rows)
  http-throughput.csv (68 rows)
  http-p95.csv (68 rows)
  http-errors.csv (34 rows)
  http-errors-5xx.csv (0 rows)
  http-status.csv (34 rows)
  host-cpu-busy.csv (17 rows)
  host-mem-used.csv (17 rows)
  5xx: no 5xx in window (confirmed: http-status has 34 samples, so the status label IS scraped)
  logs -> /home/rohitj/edc/benchmarking-factoryx-edc/resources/local-fx-mvd/k6-scripts/results/factoryx/on/payload-sweep/2026-08-10T11-16-21Z/logs (4 files)
    consumer-controlplane.log:0
    consumer-dataplane.log:0
    provider-controlplane.log:0
    provider-dataplane.log:0
VALIDITY  ok=0  failed=0  failed_rate=0%  dropped_iterations=0
>>> done: /home/rohitj/edc/benchmarking-factoryx-edc/resources/local-fx-mvd/k6-scripts/results/factoryx/on/payload-sweep/2026-08-10T11-16-21Z  (k6 exit 0)
11:19:07 |     done (exit 0)
11:19:07 | --> payload-sweep 1MB
>>> factoryx / payload-sweep  ->  /home/rohitj/edc/benchmarking-factoryx-edc/resources/local-fx-mvd/k6-scripts/results/factoryx/on/payload-sweep/2026-08-10T11-19-07Z
parity OK: lib/ + scenarios/ + orchestration/ + tools/ identical to /home/rohitj/edc/benchmarking-factoryx-edc/resources/local-fx-mvd/k6-scripts
Health: http://localhost:29010/management + prometheus  OK
Warmup 60s @ 1/s (discarded)
  draining 20s before the measured window opens
k6 -> Prometheus remote-write: http://localhost:9090/api/v1/write

         /\      Grafana   /‾‾/  
    /\  /  \     |\  __   /  /   
   /  \/    \    | |/ /  /   ‾‾\ 
  /          \   |   (  |  (‾)  |
 / __________ \  |_|\_\  \_____/ 


     execution: local
        script: /home/rohitj/edc/benchmarking-factoryx-edc/resources/local-fx-mvd/k6-scripts/scenarios/payload-sweep.js
        output: Prometheus remote write (http://localhost:9090/api/v1/write)

     scenarios: (100.00%) 1 scenario, 4 max VUs, 1m30s max duration (incl. graceful stop):
              * pull: 4 looping VUs for 1m0s (gracefulStop: 30s)


Run    [ 100% ] setup()
pull   [   0% ]

Run    [ 100% ] setup()
pull   [   0% ]

Run    [ 100% ] setup()
pull   [   0% ]

Run    [ 100% ] setup()
pull   [   0% ]

running (0m05.0s), 4/4 VUs, 193 complete and 0 interrupted iterations
pull   [   1% ] 4 VUs  0m00.4s/1m0s

running (0m06.0s), 4/4 VUs, 722 complete and 0 interrupted iterations
pull   [   2% ] 4 VUs  0m01.4s/1m0s

running (0m07.0s), 4/4 VUs, 1254 complete and 0 interrupted iterations
pull   [   4% ] 4 VUs  0m02.4s/1m0s

running (0m08.0s), 4/4 VUs, 1791 complete and 0 interrupted iterations
pull   [   6% ] 4 VUs  0m03.4s/1m0s

running (0m09.0s), 4/4 VUs, 2333 complete and 0 interrupted iterations
pull   [   7% ] 4 VUs  0m04.4s/1m0s

running (0m10.0s), 4/4 VUs, 2872 complete and 0 interrupted iterations
pull   [   9% ] 4 VUs  0m05.4s/1m0s

running (0m11.0s), 4/4 VUs, 3416 complete and 0 interrupted iterations
pull   [  11% ] 4 VUs  0m06.4s/1m0s

running (0m12.0s), 4/4 VUs, 3954 complete and 0 interrupted iterations
pull   [  12% ] 4 VUs  0m07.4s/1m0s

running (0m13.0s), 4/4 VUs, 4499 complete and 0 interrupted iterations
pull   [  14% ] 4 VUs  0m08.4s/1m0s

running (0m14.0s), 4/4 VUs, 5040 complete and 0 interrupted iterations
pull   [  16% ] 4 VUs  0m09.4s/1m0s

running (0m15.0s), 4/4 VUs, 5572 complete and 0 interrupted iterations
pull   [  17% ] 4 VUs  0m10.4s/1m0s

running (0m16.0s), 4/4 VUs, 6114 complete and 0 interrupted iterations
pull   [  19% ] 4 VUs  0m11.4s/1m0s

running (0m17.0s), 4/4 VUs, 6656 complete and 0 interrupted iterations
pull   [  21% ] 4 VUs  0m12.4s/1m0s

running (0m18.0s), 4/4 VUs, 7193 complete and 0 interrupted iterations
pull   [  22% ] 4 VUs  0m13.4s/1m0s

running (0m19.0s), 4/4 VUs, 7739 complete and 0 interrupted iterations
pull   [  24% ] 4 VUs  0m14.4s/1m0s

running (0m20.0s), 4/4 VUs, 8270 complete and 0 interrupted iterations
pull   [  26% ] 4 VUs  0m15.4s/1m0s

running (0m21.0s), 4/4 VUs, 8812 complete and 0 interrupted iterations
pull   [  27% ] 4 VUs  0m16.4s/1m0s

running (0m22.0s), 4/4 VUs, 9358 complete and 0 interrupted iterations
pull   [  29% ] 4 VUs  0m17.4s/1m0s

running (0m23.0s), 4/4 VUs, 9894 complete and 0 interrupted iterations
pull   [  31% ] 4 VUs  0m18.4s/1m0s

running (0m24.0s), 4/4 VUs, 10444 complete and 0 interrupted iterations
pull   [  32% ] 4 VUs  0m19.4s/1m0s

running (0m25.0s), 4/4 VUs, 10984 complete and 0 interrupted iterations
pull   [  34% ] 4 VUs  0m20.4s/1m0s

running (0m26.0s), 4/4 VUs, 11535 complete and 0 interrupted iterations
pull   [  36% ] 4 VUs  0m21.4s/1m0s

running (0m27.0s), 4/4 VUs, 12075 complete and 0 interrupted iterations
pull   [  37% ] 4 VUs  0m22.4s/1m0s

running (0m28.0s), 4/4 VUs, 12612 complete and 0 interrupted iterations
pull   [  39% ] 4 VUs  0m23.4s/1m0s

running (0m29.0s), 4/4 VUs, 13174 complete and 0 interrupted iterations
pull   [  41% ] 4 VUs  0m24.4s/1m0s

running (0m30.0s), 4/4 VUs, 13744 complete and 0 interrupted iterations
pull   [  42% ] 4 VUs  0m25.4s/1m0s

running (0m31.0s), 4/4 VUs, 14321 complete and 0 interrupted iterations
pull   [  44% ] 4 VUs  0m26.4s/1m0s

running (0m32.0s), 4/4 VUs, 14892 complete and 0 interrupted iterations
pull   [  46% ] 4 VUs  0m27.4s/1m0s

running (0m33.0s), 4/4 VUs, 15418 complete and 0 interrupted iterations
pull   [  47% ] 4 VUs  0m28.4s/1m0s

running (0m34.0s), 4/4 VUs, 15962 complete and 0 interrupted iterations
pull   [  49% ] 4 VUs  0m29.4s/1m0s

running (0m35.0s), 4/4 VUs, 16504 complete and 0 interrupted iterations
pull   [  51% ] 4 VUs  0m30.4s/1m0s

running (0m36.0s), 4/4 VUs, 17054 complete and 0 interrupted iterations
pull   [  52% ] 4 VUs  0m31.4s/1m0s

running (0m37.0s), 4/4 VUs, 17589 complete and 0 interrupted iterations
pull   [  54% ] 4 VUs  0m32.4s/1m0s

running (0m38.0s), 4/4 VUs, 18125 complete and 0 interrupted iterations
pull   [  56% ] 4 VUs  0m33.4s/1m0s

running (0m39.0s), 4/4 VUs, 18667 complete and 0 interrupted iterations
pull   [  57% ] 4 VUs  0m34.4s/1m0s

running (0m40.0s), 4/4 VUs, 19209 complete and 0 interrupted iterations
pull   [  59% ] 4 VUs  0m35.4s/1m0s

running (0m41.0s), 4/4 VUs, 19748 complete and 0 interrupted iterations
pull   [  61% ] 4 VUs  0m36.4s/1m0s

running (0m42.0s), 4/4 VUs, 20290 complete and 0 interrupted iterations
pull   [  62% ] 4 VUs  0m37.4s/1m0s

running (0m43.0s), 4/4 VUs, 20816 complete and 0 interrupted iterations
pull   [  64% ] 4 VUs  0m38.4s/1m0s

running (0m44.0s), 4/4 VUs, 21365 complete and 0 interrupted iterations
pull   [  66% ] 4 VUs  0m39.4s/1m0s

running (0m45.0s), 4/4 VUs, 21905 complete and 0 interrupted iterations
pull   [  67% ] 4 VUs  0m40.4s/1m0s

running (0m46.0s), 4/4 VUs, 22447 complete and 0 interrupted iterations
pull   [  69% ] 4 VUs  0m41.4s/1m0s

running (0m47.0s), 4/4 VUs, 22986 complete and 0 interrupted iterations
pull   [  71% ] 4 VUs  0m42.4s/1m0s

running (0m48.0s), 4/4 VUs, 23522 complete and 0 interrupted iterations
pull   [  72% ] 4 VUs  0m43.4s/1m0s

running (0m49.0s), 4/4 VUs, 24064 complete and 0 interrupted iterations
pull   [  74% ] 4 VUs  0m44.4s/1m0s

running (0m50.0s), 4/4 VUs, 24598 complete and 0 interrupted iterations
pull   [  76% ] 4 VUs  0m45.4s/1m0s

running (0m51.0s), 4/4 VUs, 25136 complete and 0 interrupted iterations
pull   [  77% ] 4 VUs  0m46.4s/1m0s

running (0m52.0s), 4/4 VUs, 25679 complete and 0 interrupted iterations
pull   [  79% ] 4 VUs  0m47.4s/1m0s

running (0m53.0s), 4/4 VUs, 26214 complete and 0 interrupted iterations
pull   [  81% ] 4 VUs  0m48.4s/1m0s

running (0m54.0s), 4/4 VUs, 26753 complete and 0 interrupted iterations
pull   [  82% ] 4 VUs  0m49.4s/1m0s

running (0m55.0s), 4/4 VUs, 27303 complete and 0 interrupted iterations
pull   [  84% ] 4 VUs  0m50.4s/1m0s

running (0m56.0s), 4/4 VUs, 27840 complete and 0 interrupted iterations
pull   [  86% ] 4 VUs  0m51.4s/1m0s

running (0m57.0s), 4/4 VUs, 28383 complete and 0 interrupted iterations
pull   [  87% ] 4 VUs  0m52.4s/1m0s

running (0m58.0s), 4/4 VUs, 28916 complete and 0 interrupted iterations
pull   [  89% ] 4 VUs  0m53.4s/1m0s

running (0m59.0s), 4/4 VUs, 29464 complete and 0 interrupted iterations
pull   [  91% ] 4 VUs  0m54.4s/1m0s

running (1m00.0s), 4/4 VUs, 30003 complete and 0 interrupted iterations
pull   [  92% ] 4 VUs  0m55.4s/1m0s

running (1m01.0s), 4/4 VUs, 30538 complete and 0 interrupted iterations
pull   [  94% ] 4 VUs  0m56.4s/1m0s

running (1m02.0s), 4/4 VUs, 31077 complete and 0 interrupted iterations
pull   [  96% ] 4 VUs  0m57.4s/1m0s

running (1m03.0s), 4/4 VUs, 31630 complete and 0 interrupted iterations
pull   [  97% ] 4 VUs  0m58.4s/1m0s

running (1m04.0s), 4/4 VUs, 32162 complete and 0 interrupted iterations
pull   [  99% ] 4 VUs  0m59.4s/1m0s

================ DSP benchmark summary ================
-- per-phase latency --
  catalog                    p50=122.8 ms  p95=122.8 ms  p99=122.8 ms  max=122.8 ms  n=1
  negotiation init (POST)    p50=7.9 ms  p95=7.9 ms  p99=7.9 ms  max=7.9 ms  n=1
  time-to-AGREED (async)     p50=2293.0 ms  p95=2293.0 ms  p99=2293.0 ms  max=2293.0 ms  n=1
  transfer init (POST)       p50=102.0 ms  p95=102.0 ms  p99=102.0 ms  max=102.0 ms  n=1
  time-to-EDR (async)        p50=2035.0 ms  p95=2035.0 ms  p99=2035.0 ms  max=2035.0 ms  n=1
  data pull                  p50=6.6 ms  p95=8.3 ms  p99=25.7 ms  max=32.7 ms  n=32506
-- end-to-end + throughput --
  e2e transaction            (no data)
  data throughput (MB/s)     p50=159.6  p95=182.7  p99=194.6  max=237.2  n=32506
-- outcomes --
  transactions succeeded     (no data)
  transactions failed        (no data)
  failed rate                rate=0.00%  (pass=0 fail=0)
    of which TERMINATED      (no data)
    of which TIMED OUT       (no data)
    of which HTTP-FAILED     (no data)
  failure accounting       (no failures)
-- observer effect (poll load) --
  negotiation polls          count=10  rate=0.155/s
  edr polls                  count=9  rate=0.139/s
  polls per transaction     (no data)
=======================================================
(full summary -> /home/rohitj/edc/benchmarking-factoryx-edc/resources/local-fx-mvd/k6-scripts/results/factoryx/on/payload-sweep/2026-08-10T11-19-07Z/k6-summary.json; POLL_INTERVAL_MS=250; IDENTITY_MODE=on)

running (1m04.6s), 0/4 VUs, 32506 complete and 0 interrupted iterations
pull ✓ [ 100% ] 4 VUs  1m0s
Prometheus snapshot [1786360831..1786360911] svc=(provider-controlplane|provider-dataplane|consumer-controlplane|consumer-dataplane) win=1m -> /home/rohitj/edc/benchmarking-factoryx-edc/resources/local-fx-mvd/k6-scripts/results/factoryx/on/payload-sweep/2026-08-10T11-19-07Z
  jvm-heap.csv (68 rows)
  jvm-gc-rate.csv (68 rows)
  jvm-threads.csv (68 rows)
  http-throughput.csv (68 rows)
  http-p95.csv (68 rows)
  http-errors.csv (34 rows)
  http-errors-5xx.csv (0 rows)
  http-status.csv (34 rows)
  host-cpu-busy.csv (17 rows)
  host-mem-used.csv (17 rows)
  5xx: no 5xx in window (confirmed: http-status has 34 samples, so the status label IS scraped)
  logs -> /home/rohitj/edc/benchmarking-factoryx-edc/resources/local-fx-mvd/k6-scripts/results/factoryx/on/payload-sweep/2026-08-10T11-19-07Z/logs (4 files)
    consumer-controlplane.log:0
    consumer-dataplane.log:0
    provider-controlplane.log:0
    provider-dataplane.log:0
VALIDITY  ok=0  failed=0  failed_rate=0%  dropped_iterations=0
>>> done: /home/rohitj/edc/benchmarking-factoryx-edc/resources/local-fx-mvd/k6-scripts/results/factoryx/on/payload-sweep/2026-08-10T11-19-07Z  (k6 exit 0)
11:21:51 |     done (exit 0)
11:21:51 | --> payload-sweep 10MB
>>> factoryx / payload-sweep  ->  /home/rohitj/edc/benchmarking-factoryx-edc/resources/local-fx-mvd/k6-scripts/results/factoryx/on/payload-sweep/2026-08-10T11-21-51Z
parity OK: lib/ + scenarios/ + orchestration/ + tools/ identical to /home/rohitj/edc/benchmarking-factoryx-edc/resources/local-fx-mvd/k6-scripts
Health: http://localhost:29010/management + prometheus  OK
Warmup 60s @ 1/s (discarded)
  draining 20s before the measured window opens
k6 -> Prometheus remote-write: http://localhost:9090/api/v1/write

         /\      Grafana   /‾‾/  
    /\  /  \     |\  __   /  /   
   /  \/    \    | |/ /  /   ‾‾\ 
  /          \   |   (  |  (‾)  |
 / __________ \  |_|\_\  \_____/ 


     execution: local
        script: /home/rohitj/edc/benchmarking-factoryx-edc/resources/local-fx-mvd/k6-scripts/scenarios/payload-sweep.js
        output: Prometheus remote write (http://localhost:9090/api/v1/write)

     scenarios: (100.00%) 1 scenario, 4 max VUs, 1m30s max duration (incl. graceful stop):
              * pull: 4 looping VUs for 1m0s (gracefulStop: 30s)


Run    [ 100% ] setup()
pull   [   0% ]

Run    [ 100% ] setup()
pull   [   0% ]

Run    [ 100% ] setup()
pull   [   0% ]

Run    [ 100% ] setup()
pull   [   0% ]

running (0m05.0s), 4/4 VUs, 94 complete and 0 interrupted iterations
pull   [   1% ] 4 VUs  0m00.7s/1m0s

running (0m06.0s), 4/4 VUs, 243 complete and 0 interrupted iterations
pull   [   3% ] 4 VUs  0m01.7s/1m0s

running (0m07.0s), 4/4 VUs, 390 complete and 0 interrupted iterations
pull   [   5% ] 4 VUs  0m02.7s/1m0s

running (0m08.0s), 4/4 VUs, 537 complete and 0 interrupted iterations
pull   [   6% ] 4 VUs  0m03.7s/1m0s

running (0m09.0s), 4/4 VUs, 683 complete and 0 interrupted iterations
pull   [   8% ] 4 VUs  0m04.7s/1m0s

running (0m10.0s), 4/4 VUs, 835 complete and 0 interrupted iterations
pull   [  10% ] 4 VUs  0m05.7s/1m0s

running (0m11.0s), 4/4 VUs, 985 complete and 0 interrupted iterations
pull   [  11% ] 4 VUs  0m06.7s/1m0s

running (0m12.0s), 4/4 VUs, 1137 complete and 0 interrupted iterations
pull   [  13% ] 4 VUs  0m07.7s/1m0s

running (0m13.0s), 4/4 VUs, 1285 complete and 0 interrupted iterations
pull   [  15% ] 4 VUs  0m08.7s/1m0s

running (0m14.0s), 4/4 VUs, 1437 complete and 0 interrupted iterations
pull   [  16% ] 4 VUs  0m09.7s/1m0s

running (0m15.0s), 4/4 VUs, 1587 complete and 0 interrupted iterations
pull   [  18% ] 4 VUs  0m10.7s/1m0s

running (0m16.0s), 4/4 VUs, 1738 complete and 0 interrupted iterations
pull   [  20% ] 4 VUs  0m11.7s/1m0s

running (0m17.0s), 4/4 VUs, 1889 complete and 0 interrupted iterations
pull   [  21% ] 4 VUs  0m12.7s/1m0s

running (0m18.0s), 4/4 VUs, 2041 complete and 0 interrupted iterations
pull   [  23% ] 4 VUs  0m13.7s/1m0s

running (0m19.0s), 4/4 VUs, 2192 complete and 0 interrupted iterations
pull   [  25% ] 4 VUs  0m14.7s/1m0s

running (0m20.0s), 4/4 VUs, 2344 complete and 0 interrupted iterations
pull   [  26% ] 4 VUs  0m15.7s/1m0s

running (0m21.0s), 4/4 VUs, 2496 complete and 0 interrupted iterations
pull   [  28% ] 4 VUs  0m16.7s/1m0s

running (0m22.0s), 4/4 VUs, 2643 complete and 0 interrupted iterations
pull   [  30% ] 4 VUs  0m17.7s/1m0s

running (0m23.0s), 4/4 VUs, 2795 complete and 0 interrupted iterations
pull   [  31% ] 4 VUs  0m18.7s/1m0s

running (0m24.0s), 4/4 VUs, 2947 complete and 0 interrupted iterations
pull   [  33% ] 4 VUs  0m19.7s/1m0s

running (0m25.0s), 4/4 VUs, 3098 complete and 0 interrupted iterations
pull   [  35% ] 4 VUs  0m20.7s/1m0s

running (0m26.0s), 4/4 VUs, 3245 complete and 0 interrupted iterations
pull   [  36% ] 4 VUs  0m21.7s/1m0s

running (0m27.0s), 4/4 VUs, 3397 complete and 0 interrupted iterations
pull   [  38% ] 4 VUs  0m22.7s/1m0s

running (0m28.0s), 4/4 VUs, 3548 complete and 0 interrupted iterations
pull   [  40% ] 4 VUs  0m23.7s/1m0s

running (0m29.0s), 4/4 VUs, 3699 complete and 0 interrupted iterations
pull   [  41% ] 4 VUs  0m24.7s/1m0s

running (0m30.0s), 4/4 VUs, 3853 complete and 0 interrupted iterations
pull   [  43% ] 4 VUs  0m25.7s/1m0s

running (0m31.0s), 4/4 VUs, 4003 complete and 0 interrupted iterations
pull   [  45% ] 4 VUs  0m26.7s/1m0s

running (0m32.0s), 4/4 VUs, 4154 complete and 0 interrupted iterations
pull   [  46% ] 4 VUs  0m27.7s/1m0s

running (0m33.0s), 4/4 VUs, 4307 complete and 0 interrupted iterations
pull   [  48% ] 4 VUs  0m28.7s/1m0s

running (0m34.0s), 4/4 VUs, 4458 complete and 0 interrupted iterations
pull   [  50% ] 4 VUs  0m29.7s/1m0s

running (0m35.0s), 4/4 VUs, 4605 complete and 0 interrupted iterations
pull   [  51% ] 4 VUs  0m30.7s/1m0s

running (0m36.0s), 4/4 VUs, 4756 complete and 0 interrupted iterations
pull   [  53% ] 4 VUs  0m31.7s/1m0s

running (0m37.0s), 4/4 VUs, 4908 complete and 0 interrupted iterations
pull   [  55% ] 4 VUs  0m32.7s/1m0s

running (0m38.0s), 4/4 VUs, 5057 complete and 0 interrupted iterations
pull   [  56% ] 4 VUs  0m33.7s/1m0s

running (0m39.0s), 4/4 VUs, 5208 complete and 0 interrupted iterations
pull   [  58% ] 4 VUs  0m34.7s/1m0s

running (0m40.0s), 4/4 VUs, 5360 complete and 0 interrupted iterations
pull   [  60% ] 4 VUs  0m35.7s/1m0s

running (0m41.0s), 4/4 VUs, 5511 complete and 0 interrupted iterations
pull   [  61% ] 4 VUs  0m36.7s/1m0s

running (0m42.0s), 4/4 VUs, 5661 complete and 0 interrupted iterations
pull   [  63% ] 4 VUs  0m37.7s/1m0s

running (0m43.0s), 4/4 VUs, 5812 complete and 0 interrupted iterations
pull   [  65% ] 4 VUs  0m38.7s/1m0s

running (0m44.0s), 4/4 VUs, 5961 complete and 0 interrupted iterations
pull   [  66% ] 4 VUs  0m39.7s/1m0s

running (0m45.0s), 4/4 VUs, 6111 complete and 0 interrupted iterations
pull   [  68% ] 4 VUs  0m40.7s/1m0s

running (0m46.0s), 4/4 VUs, 6263 complete and 0 interrupted iterations
pull   [  70% ] 4 VUs  0m41.7s/1m0s

running (0m47.0s), 4/4 VUs, 6411 complete and 0 interrupted iterations
pull   [  71% ] 4 VUs  0m42.7s/1m0s

running (0m48.0s), 4/4 VUs, 6564 complete and 0 interrupted iterations
pull   [  73% ] 4 VUs  0m43.7s/1m0s

running (0m49.0s), 4/4 VUs, 6717 complete and 0 interrupted iterations
pull   [  75% ] 4 VUs  0m44.7s/1m0s

running (0m50.0s), 4/4 VUs, 6867 complete and 0 interrupted iterations
pull   [  76% ] 4 VUs  0m45.7s/1m0s

running (0m51.0s), 4/4 VUs, 7015 complete and 0 interrupted iterations
pull   [  78% ] 4 VUs  0m46.7s/1m0s

running (0m52.0s), 4/4 VUs, 7166 complete and 0 interrupted iterations
pull   [  80% ] 4 VUs  0m47.7s/1m0s

running (0m53.0s), 4/4 VUs, 7314 complete and 0 interrupted iterations
pull   [  81% ] 4 VUs  0m48.7s/1m0s

running (0m54.0s), 4/4 VUs, 7463 complete and 0 interrupted iterations
pull   [  83% ] 4 VUs  0m49.7s/1m0s

running (0m55.0s), 4/4 VUs, 7615 complete and 0 interrupted iterations
pull   [  85% ] 4 VUs  0m50.7s/1m0s

running (0m56.0s), 4/4 VUs, 7767 complete and 0 interrupted iterations
pull   [  86% ] 4 VUs  0m51.7s/1m0s

running (0m57.0s), 4/4 VUs, 7917 complete and 0 interrupted iterations
pull   [  88% ] 4 VUs  0m52.7s/1m0s

running (0m58.0s), 4/4 VUs, 8068 complete and 0 interrupted iterations
pull   [  90% ] 4 VUs  0m53.7s/1m0s

running (0m59.0s), 4/4 VUs, 8219 complete and 0 interrupted iterations
pull   [  91% ] 4 VUs  0m54.7s/1m0s

running (1m00.0s), 4/4 VUs, 8372 complete and 0 interrupted iterations
pull   [  93% ] 4 VUs  0m55.7s/1m0s

running (1m01.0s), 4/4 VUs, 8524 complete and 0 interrupted iterations
pull   [  95% ] 4 VUs  0m56.7s/1m0s

running (1m02.0s), 4/4 VUs, 8675 complete and 0 interrupted iterations
pull   [  96% ] 4 VUs  0m57.7s/1m0s

running (1m03.0s), 4/4 VUs, 8825 complete and 0 interrupted iterations
pull   [  98% ] 4 VUs  0m58.7s/1m0s

running (1m04.0s), 4/4 VUs, 8976 complete and 0 interrupted iterations
pull   [ 100% ] 4 VUs  0m59.7s/1m0s

================ DSP benchmark summary ================
-- per-phase latency --
  catalog                    p50=63.4 ms  p95=63.4 ms  p99=63.4 ms  max=63.4 ms  n=1
  negotiation init (POST)    p50=7.2 ms  p95=7.2 ms  p99=7.2 ms  max=7.2 ms  n=1
  time-to-AGREED (async)     p50=1783.0 ms  p95=1783.0 ms  p99=1783.0 ms  max=1783.0 ms  n=1
  transfer init (POST)       p50=10.0 ms  p95=10.0 ms  p99=10.0 ms  max=10.0 ms  n=1
  time-to-EDR (async)        p50=2289.0 ms  p95=2289.0 ms  p99=2289.0 ms  max=2289.0 ms  n=1
  data pull                  p50=26.0 ms  p95=30.6 ms  p99=33.5 ms  max=55.4 ms  n=9024
-- end-to-end + throughput --
  e2e transaction            (no data)
  data throughput (MB/s)     p50=403.3  p95=459.2  p99=480.3  max=524.4  n=9024
-- outcomes --
  transactions succeeded     (no data)
  transactions failed        (no data)
  failed rate                rate=0.00%  (pass=0 fail=0)
    of which TERMINATED      (no data)
    of which TIMED OUT       (no data)
    of which HTTP-FAILED     (no data)
  failure accounting       (no failures)
-- observer effect (poll load) --
  negotiation polls          count=8  rate=0.124/s
  edr polls                  count=10  rate=0.156/s
  polls per transaction     (no data)
=======================================================
(full summary -> /home/rohitj/edc/benchmarking-factoryx-edc/resources/local-fx-mvd/k6-scripts/results/factoryx/on/payload-sweep/2026-08-10T11-21-51Z/k6-summary.json; POLL_INTERVAL_MS=250; IDENTITY_MODE=on)

running (1m04.3s), 0/4 VUs, 9024 complete and 0 interrupted iterations
pull ✓ [ 100% ] 4 VUs  1m0s
Prometheus snapshot [1786360995..1786361075] svc=(provider-controlplane|provider-dataplane|consumer-controlplane|consumer-dataplane) win=1m -> /home/rohitj/edc/benchmarking-factoryx-edc/resources/local-fx-mvd/k6-scripts/results/factoryx/on/payload-sweep/2026-08-10T11-21-51Z
  jvm-heap.csv (68 rows)
  jvm-gc-rate.csv (68 rows)
  jvm-threads.csv (68 rows)
  http-throughput.csv (68 rows)
  http-p95.csv (68 rows)
  http-errors.csv (34 rows)
  http-errors-5xx.csv (0 rows)
  http-status.csv (34 rows)
  host-cpu-busy.csv (17 rows)
  host-mem-used.csv (17 rows)
  5xx: no 5xx in window (confirmed: http-status has 34 samples, so the status label IS scraped)
  logs -> /home/rohitj/edc/benchmarking-factoryx-edc/resources/local-fx-mvd/k6-scripts/results/factoryx/on/payload-sweep/2026-08-10T11-21-51Z/logs (4 files)
    consumer-controlplane.log:0
    consumer-dataplane.log:0
    provider-controlplane.log:0
    provider-dataplane.log:0
VALIDITY  ok=0  failed=0  failed_rate=0%  dropped_iterations=0
>>> done: /home/rohitj/edc/benchmarking-factoryx-edc/resources/local-fx-mvd/k6-scripts/results/factoryx/on/payload-sweep/2026-08-10T11-21-51Z  (k6 exit 0)
11:24:35 |     done (exit 0)
11:24:35 | --> payload-sweep 100MB
>>> factoryx / payload-sweep  ->  /home/rohitj/edc/benchmarking-factoryx-edc/resources/local-fx-mvd/k6-scripts/results/factoryx/on/payload-sweep/2026-08-10T11-24-35Z
parity OK: lib/ + scenarios/ + orchestration/ + tools/ identical to /home/rohitj/edc/benchmarking-factoryx-edc/resources/local-fx-mvd/k6-scripts
Health: http://localhost:29010/management + prometheus  OK
Warmup 60s @ 1/s (discarded)
  draining 20s before the measured window opens
k6 -> Prometheus remote-write: http://localhost:9090/api/v1/write

         /\      Grafana   /‾‾/  
    /\  /  \     |\  __   /  /   
   /  \/    \    | |/ /  /   ‾‾\ 
  /          \   |   (  |  (‾)  |
 / __________ \  |_|\_\  \_____/ 


     execution: local
        script: /home/rohitj/edc/benchmarking-factoryx-edc/resources/local-fx-mvd/k6-scripts/scenarios/payload-sweep.js
        output: Prometheus remote write (http://localhost:9090/api/v1/write)

     scenarios: (100.00%) 1 scenario, 4 max VUs, 1m30s max duration (incl. graceful stop):
              * pull: 4 looping VUs for 1m0s (gracefulStop: 30s)


Run    [ 100% ] setup()
pull   [   0% ]

Run    [ 100% ] setup()
pull   [   0% ]

Run    [ 100% ] setup()
pull   [   0% ]

Run    [ 100% ] setup()
pull   [   0% ]

running (0m05.0s), 4/4 VUs, 12 complete and 0 interrupted iterations
pull   [   2% ] 4 VUs  0m00.9s/1m0s

running (0m06.0s), 4/4 VUs, 30 complete and 0 interrupted iterations
pull   [   3% ] 4 VUs  0m01.9s/1m0s

running (0m07.0s), 4/4 VUs, 47 complete and 0 interrupted iterations
pull   [   5% ] 4 VUs  0m02.9s/1m0s

running (0m08.0s), 4/4 VUs, 64 complete and 0 interrupted iterations
pull   [   7% ] 4 VUs  0m03.9s/1m0s

running (0m09.0s), 4/4 VUs, 80 complete and 0 interrupted iterations
pull   [   8% ] 4 VUs  0m04.9s/1m0s

running (0m10.0s), 4/4 VUs, 97 complete and 0 interrupted iterations
pull   [  10% ] 4 VUs  0m05.9s/1m0s

running (0m11.0s), 4/4 VUs, 115 complete and 0 interrupted iterations
pull   [  12% ] 4 VUs  0m06.9s/1m0s

running (0m12.0s), 4/4 VUs, 132 complete and 0 interrupted iterations
pull   [  13% ] 4 VUs  0m07.9s/1m0s

running (0m13.0s), 4/4 VUs, 148 complete and 0 interrupted iterations
pull   [  15% ] 4 VUs  0m08.9s/1m0s

running (0m14.0s), 4/4 VUs, 165 complete and 0 interrupted iterations
pull   [  17% ] 4 VUs  0m09.9s/1m0s

running (0m15.0s), 4/4 VUs, 183 complete and 0 interrupted iterations
pull   [  18% ] 4 VUs  0m10.9s/1m0s

running (0m16.0s), 4/4 VUs, 200 complete and 0 interrupted iterations
pull   [  20% ] 4 VUs  0m11.9s/1m0s

running (0m17.0s), 4/4 VUs, 217 complete and 0 interrupted iterations
pull   [  22% ] 4 VUs  0m12.9s/1m0s

running (0m18.0s), 4/4 VUs, 234 complete and 0 interrupted iterations
pull   [  23% ] 4 VUs  0m13.9s/1m0s

running (0m19.0s), 4/4 VUs, 251 complete and 0 interrupted iterations
pull   [  25% ] 4 VUs  0m14.9s/1m0s

running (0m20.0s), 4/4 VUs, 267 complete and 0 interrupted iterations
pull   [  27% ] 4 VUs  0m15.9s/1m0s

running (0m21.0s), 4/4 VUs, 285 complete and 0 interrupted iterations
pull   [  28% ] 4 VUs  0m16.9s/1m0s

running (0m22.0s), 4/4 VUs, 302 complete and 0 interrupted iterations
pull   [  30% ] 4 VUs  0m17.9s/1m0s

running (0m23.0s), 4/4 VUs, 318 complete and 0 interrupted iterations
pull   [  32% ] 4 VUs  0m18.9s/1m0s

running (0m24.0s), 4/4 VUs, 335 complete and 0 interrupted iterations
pull   [  33% ] 4 VUs  0m19.9s/1m0s

running (0m25.0s), 4/4 VUs, 352 complete and 0 interrupted iterations
pull   [  35% ] 4 VUs  0m20.9s/1m0s

running (0m26.0s), 4/4 VUs, 370 complete and 0 interrupted iterations
pull   [  37% ] 4 VUs  0m21.9s/1m0s

running (0m27.0s), 4/4 VUs, 387 complete and 0 interrupted iterations
pull   [  38% ] 4 VUs  0m22.9s/1m0s

running (0m28.0s), 4/4 VUs, 404 complete and 0 interrupted iterations
pull   [  40% ] 4 VUs  0m23.9s/1m0s

running (0m29.0s), 4/4 VUs, 420 complete and 0 interrupted iterations
pull   [  42% ] 4 VUs  0m24.9s/1m0s

running (0m30.0s), 4/4 VUs, 438 complete and 0 interrupted iterations
pull   [  43% ] 4 VUs  0m25.9s/1m0s

running (0m31.0s), 4/4 VUs, 455 complete and 0 interrupted iterations
pull   [  45% ] 4 VUs  0m26.9s/1m0s

running (0m32.0s), 4/4 VUs, 472 complete and 0 interrupted iterations
pull   [  47% ] 4 VUs  0m27.9s/1m0s

running (0m33.0s), 4/4 VUs, 488 complete and 0 interrupted iterations
pull   [  48% ] 4 VUs  0m28.9s/1m0s

running (0m34.0s), 4/4 VUs, 504 complete and 0 interrupted iterations
pull   [  50% ] 4 VUs  0m29.9s/1m0s

running (0m35.0s), 4/4 VUs, 521 complete and 0 interrupted iterations
pull   [  52% ] 4 VUs  0m30.9s/1m0s

running (0m36.0s), 4/4 VUs, 538 complete and 0 interrupted iterations
pull   [  53% ] 4 VUs  0m31.9s/1m0s

running (0m37.0s), 4/4 VUs, 556 complete and 0 interrupted iterations
pull   [  55% ] 4 VUs  0m32.9s/1m0s

running (0m38.0s), 4/4 VUs, 573 complete and 0 interrupted iterations
pull   [  57% ] 4 VUs  0m33.9s/1m0s

running (0m39.0s), 4/4 VUs, 589 complete and 0 interrupted iterations
pull   [  58% ] 4 VUs  0m34.9s/1m0s

running (0m40.0s), 4/4 VUs, 607 complete and 0 interrupted iterations
pull   [  60% ] 4 VUs  0m35.9s/1m0s

running (0m41.0s), 4/4 VUs, 624 complete and 0 interrupted iterations
pull   [  62% ] 4 VUs  0m36.9s/1m0s

running (0m42.0s), 4/4 VUs, 641 complete and 0 interrupted iterations
pull   [  63% ] 4 VUs  0m37.9s/1m0s

running (0m43.0s), 4/4 VUs, 657 complete and 0 interrupted iterations
pull   [  65% ] 4 VUs  0m38.9s/1m0s

running (0m44.0s), 4/4 VUs, 674 complete and 0 interrupted iterations
pull   [  67% ] 4 VUs  0m39.9s/1m0s

running (0m45.0s), 4/4 VUs, 692 complete and 0 interrupted iterations
pull   [  68% ] 4 VUs  0m40.9s/1m0s

running (0m46.0s), 4/4 VUs, 708 complete and 0 interrupted iterations
pull   [  70% ] 4 VUs  0m41.9s/1m0s

running (0m47.0s), 4/4 VUs, 724 complete and 0 interrupted iterations
pull   [  72% ] 4 VUs  0m42.9s/1m0s

running (0m48.0s), 4/4 VUs, 743 complete and 0 interrupted iterations
pull   [  73% ] 4 VUs  0m43.9s/1m0s

running (0m49.0s), 4/4 VUs, 760 complete and 0 interrupted iterations
pull   [  75% ] 4 VUs  0m44.9s/1m0s

running (0m50.0s), 4/4 VUs, 776 complete and 0 interrupted iterations
pull   [  77% ] 4 VUs  0m45.9s/1m0s

running (0m51.0s), 4/4 VUs, 795 complete and 0 interrupted iterations
pull   [  78% ] 4 VUs  0m46.9s/1m0s

running (0m52.0s), 4/4 VUs, 811 complete and 0 interrupted iterations
pull   [  80% ] 4 VUs  0m47.9s/1m0s

running (0m53.0s), 4/4 VUs, 828 complete and 0 interrupted iterations
pull   [  82% ] 4 VUs  0m48.9s/1m0s

running (0m54.0s), 4/4 VUs, 844 complete and 0 interrupted iterations
pull   [  83% ] 4 VUs  0m49.9s/1m0s

running (0m55.0s), 4/4 VUs, 861 complete and 0 interrupted iterations
pull   [  85% ] 4 VUs  0m50.9s/1m0s

running (0m56.0s), 4/4 VUs, 877 complete and 0 interrupted iterations
pull   [  87% ] 4 VUs  0m51.9s/1m0s

running (0m57.0s), 4/4 VUs, 893 complete and 0 interrupted iterations
pull   [  88% ] 4 VUs  0m52.9s/1m0s

running (0m58.0s), 4/4 VUs, 911 complete and 0 interrupted iterations
pull   [  90% ] 4 VUs  0m53.9s/1m0s

running (0m59.0s), 4/4 VUs, 927 complete and 0 interrupted iterations
pull   [  92% ] 4 VUs  0m54.9s/1m0s

running (1m00.0s), 4/4 VUs, 944 complete and 0 interrupted iterations
pull   [  93% ] 4 VUs  0m55.9s/1m0s

running (1m01.0s), 4/4 VUs, 961 complete and 0 interrupted iterations
pull   [  95% ] 4 VUs  0m56.9s/1m0s

running (1m02.0s), 4/4 VUs, 977 complete and 0 interrupted iterations
pull   [  97% ] 4 VUs  0m57.9s/1m0s

running (1m03.0s), 4/4 VUs, 994 complete and 0 interrupted iterations
pull   [  98% ] 4 VUs  0m58.9s/1m0s

running (1m04.0s), 4/4 VUs, 1011 complete and 0 interrupted iterations
pull   [ 100% ] 4 VUs  0m59.9s/1m0s

================ DSP benchmark summary ================
-- per-phase latency --
  catalog                    p50=123.5 ms  p95=123.5 ms  p99=123.5 ms  max=123.5 ms  n=1
  negotiation init (POST)    p50=8.8 ms  p95=8.8 ms  p99=8.8 ms  max=8.8 ms  n=1
  time-to-AGREED (async)     p50=2294.0 ms  p95=2294.0 ms  p99=2294.0 ms  max=2294.0 ms  n=1
  transfer init (POST)       p50=91.8 ms  p95=91.8 ms  p99=91.8 ms  max=91.8 ms  n=1
  time-to-EDR (async)        p50=1526.0 ms  p95=1526.0 ms  p99=1526.0 ms  max=1526.0 ms  n=1
  data pull                  p50=233.9 ms  p95=261.0 ms  p99=273.2 ms  max=291.9 ms  n=1016
-- end-to-end + throughput --
  e2e transaction            (no data)
  data throughput (MB/s)     p50=448.3  p95=478.1  p99=488.1  max=504.2  n=1016
-- outcomes --
  transactions succeeded     (no data)
  transactions failed        (no data)
  failed rate                rate=0.00%  (pass=0 fail=0)
    of which TERMINATED      (no data)
    of which TIMED OUT       (no data)
    of which HTTP-FAILED     (no data)
  failure accounting       (no failures)
-- observer effect (poll load) --
  negotiation polls          count=10  rate=0.156/s
  edr polls                  count=7  rate=0.109/s
  polls per transaction     (no data)
=======================================================
(full summary -> /home/rohitj/edc/benchmarking-factoryx-edc/resources/local-fx-mvd/k6-scripts/results/factoryx/on/payload-sweep/2026-08-10T11-24-35Z/k6-summary.json; POLL_INTERVAL_MS=250; IDENTITY_MODE=on)

running (1m04.3s), 0/4 VUs, 1016 complete and 0 interrupted iterations
pull ✓ [ 100% ] 4 VUs  1m0s
Prometheus snapshot [1786361160..1786361240] svc=(provider-controlplane|provider-dataplane|consumer-controlplane|consumer-dataplane) win=1m -> /home/rohitj/edc/benchmarking-factoryx-edc/resources/local-fx-mvd/k6-scripts/results/factoryx/on/payload-sweep/2026-08-10T11-24-35Z
  jvm-heap.csv (68 rows)
  jvm-gc-rate.csv (68 rows)
  jvm-threads.csv (68 rows)
  http-throughput.csv (68 rows)
  http-p95.csv (68 rows)
  http-errors.csv (34 rows)
  http-errors-5xx.csv (0 rows)
  http-status.csv (34 rows)
  host-cpu-busy.csv (17 rows)
  host-mem-used.csv (17 rows)
  5xx: no 5xx in window (confirmed: http-status has 34 samples, so the status label IS scraped)
  logs -> /home/rohitj/edc/benchmarking-factoryx-edc/resources/local-fx-mvd/k6-scripts/results/factoryx/on/payload-sweep/2026-08-10T11-24-35Z/logs (4 files)
    consumer-controlplane.log:0
    consumer-dataplane.log:0
    provider-controlplane.log:0
    provider-dataplane.log:0
VALIDITY  ok=0  failed=0  failed_rate=0%  dropped_iterations=0
>>> done: /home/rohitj/edc/benchmarking-factoryx-edc/resources/local-fx-mvd/k6-scripts/results/factoryx/on/payload-sweep/2026-08-10T11-24-35Z  (k6 exit 0)
11:27:20 |     done (exit 0)
11:27:20 |   … settling 120s before the next scenario
11:29:20 | --> catalog-sweep x2 (1/10/100/1000)
Matrix: connector=factoryx reps=2 scenarios=[catalog-sweep]
===== repetition 1/2 =====
----- factoryx / catalog-sweep (rep 1) -----
>>> factoryx / catalog-sweep  ->  /home/rohitj/edc/benchmarking-factoryx-edc/resources/local-fx-mvd/k6-scripts/results/factoryx/on/catalog-sweep/2026-08-10T11-29-20Z
parity OK: lib/ + scenarios/ + orchestration/ + tools/ identical to /home/rohitj/edc/benchmarking-factoryx-edc/resources/local-fx-mvd/k6-scripts
Health: http://localhost:29010/management + prometheus  OK
Warmup 60s @ 1/s (discarded)
  draining 20s before the measured window opens
k6 -> Prometheus remote-write: http://localhost:9090/api/v1/write

         /\      Grafana   /‾‾/  
    /\  /  \     |\  __   /  /   
   /  \/    \    | |/ /  /   ‾‾\ 
  /          \   |   (  |  (‾)  |
 / __________ \  |_|\_\  \_____/ 


     execution: local
        script: /home/rohitj/edc/benchmarking-factoryx-edc/resources/local-fx-mvd/k6-scripts/scenarios/catalog-sweep.js
        output: Prometheus remote write (http://localhost:9090/api/v1/write)

     scenarios: (100.00%) 1 scenario, 4 max VUs, 2m0s max duration (incl. graceful stop):
              * catalog: 4 looping VUs for 1m30s (gracefulStop: 30s)


running (0m01.0s), 4/4 VUs, 34 complete and 0 interrupted iterations
catalog   [   1% ] 4 VUs  0m01.0s/1m30s

running (0m02.0s), 4/4 VUs, 71 complete and 0 interrupted iterations
catalog   [   2% ] 4 VUs  0m02.0s/1m30s

running (0m03.0s), 4/4 VUs, 112 complete and 0 interrupted iterations
catalog   [   3% ] 4 VUs  0m03.0s/1m30s

running (0m04.0s), 4/4 VUs, 148 complete and 0 interrupted iterations
catalog   [   4% ] 4 VUs  0m04.0s/1m30s

running (0m05.0s), 4/4 VUs, 182 complete and 0 interrupted iterations
catalog   [   6% ] 4 VUs  0m05.0s/1m30s

running (0m06.0s), 4/4 VUs, 217 complete and 0 interrupted iterations
catalog   [   7% ] 4 VUs  0m06.0s/1m30s

running (0m07.0s), 4/4 VUs, 253 complete and 0 interrupted iterations
catalog   [   8% ] 4 VUs  0m07.0s/1m30s

running (0m08.0s), 4/4 VUs, 290 complete and 0 interrupted iterations
catalog   [   9% ] 4 VUs  0m08.0s/1m30s

running (0m09.0s), 4/4 VUs, 326 complete and 0 interrupted iterations
catalog   [  10% ] 4 VUs  0m09.0s/1m30s

running (0m10.0s), 4/4 VUs, 350 complete and 0 interrupted iterations
catalog   [  11% ] 4 VUs  0m10.0s/1m30s

running (0m11.0s), 4/4 VUs, 375 complete and 0 interrupted iterations
catalog   [  12% ] 4 VUs  0m11.0s/1m30s

running (0m12.0s), 4/4 VUs, 410 complete and 0 interrupted iterations
catalog   [  13% ] 4 VUs  0m12.0s/1m30s

running (0m13.0s), 4/4 VUs, 452 complete and 0 interrupted iterations
catalog   [  14% ] 4 VUs  0m13.0s/1m30s

running (0m14.0s), 4/4 VUs, 490 complete and 0 interrupted iterations
catalog   [  16% ] 4 VUs  0m14.0s/1m30s

running (0m15.0s), 4/4 VUs, 526 complete and 0 interrupted iterations
catalog   [  17% ] 4 VUs  0m15.0s/1m30s

running (0m16.0s), 4/4 VUs, 560 complete and 0 interrupted iterations
catalog   [  18% ] 4 VUs  0m16.0s/1m30s

running (0m17.0s), 4/4 VUs, 599 complete and 0 interrupted iterations
catalog   [  19% ] 4 VUs  0m17.0s/1m30s

running (0m18.0s), 4/4 VUs, 629 complete and 0 interrupted iterations
catalog   [  20% ] 4 VUs  0m18.0s/1m30s

running (0m19.0s), 4/4 VUs, 669 complete and 0 interrupted iterations
catalog   [  21% ] 4 VUs  0m19.0s/1m30s

running (0m20.0s), 4/4 VUs, 709 complete and 0 interrupted iterations
catalog   [  22% ] 4 VUs  0m20.0s/1m30s

running (0m21.0s), 4/4 VUs, 745 complete and 0 interrupted iterations
catalog   [  23% ] 4 VUs  0m21.0s/1m30s

running (0m22.0s), 4/4 VUs, 783 complete and 0 interrupted iterations
catalog   [  24% ] 4 VUs  0m22.0s/1m30s

running (0m23.0s), 4/4 VUs, 813 complete and 0 interrupted iterations
catalog   [  26% ] 4 VUs  0m23.0s/1m30s

running (0m24.0s), 4/4 VUs, 851 complete and 0 interrupted iterations
catalog   [  27% ] 4 VUs  0m24.0s/1m30s

running (0m25.0s), 4/4 VUs, 885 complete and 0 interrupted iterations
catalog   [  28% ] 4 VUs  0m25.0s/1m30s

running (0m26.0s), 4/4 VUs, 921 complete and 0 interrupted iterations
catalog   [  29% ] 4 VUs  0m26.0s/1m30s

running (0m27.0s), 4/4 VUs, 959 complete and 0 interrupted iterations
catalog   [  30% ] 4 VUs  0m27.0s/1m30s

running (0m28.0s), 4/4 VUs, 996 complete and 0 interrupted iterations
catalog   [  31% ] 4 VUs  0m28.0s/1m30s

running (0m29.0s), 4/4 VUs, 1039 complete and 0 interrupted iterations
catalog   [  32% ] 4 VUs  0m29.0s/1m30s

running (0m30.0s), 4/4 VUs, 1073 complete and 0 interrupted iterations
catalog   [  33% ] 4 VUs  0m30.0s/1m30s

running (0m31.0s), 4/4 VUs, 1108 complete and 0 interrupted iterations
catalog   [  34% ] 4 VUs  0m31.0s/1m30s

running (0m32.0s), 4/4 VUs, 1146 complete and 0 interrupted iterations
catalog   [  36% ] 4 VUs  0m32.0s/1m30s

running (0m33.0s), 4/4 VUs, 1181 complete and 0 interrupted iterations
catalog   [  37% ] 4 VUs  0m33.0s/1m30s

running (0m34.0s), 4/4 VUs, 1224 complete and 0 interrupted iterations
catalog   [  38% ] 4 VUs  0m34.0s/1m30s

running (0m35.0s), 4/4 VUs, 1263 complete and 0 interrupted iterations
catalog   [  39% ] 4 VUs  0m35.0s/1m30s

running (0m36.0s), 4/4 VUs, 1299 complete and 0 interrupted iterations
catalog   [  40% ] 4 VUs  0m36.0s/1m30s

running (0m37.0s), 4/4 VUs, 1338 complete and 0 interrupted iterations
catalog   [  41% ] 4 VUs  0m37.0s/1m30s

running (0m38.0s), 4/4 VUs, 1372 complete and 0 interrupted iterations
catalog   [  42% ] 4 VUs  0m38.0s/1m30s

running (0m39.0s), 4/4 VUs, 1411 complete and 0 interrupted iterations
catalog   [  43% ] 4 VUs  0m39.0s/1m30s

running (0m40.0s), 4/4 VUs, 1446 complete and 0 interrupted iterations
catalog   [  44% ] 4 VUs  0m40.0s/1m30s

running (0m41.0s), 4/4 VUs, 1485 complete and 0 interrupted iterations
catalog   [  46% ] 4 VUs  0m41.0s/1m30s

running (0m42.0s), 4/4 VUs, 1524 complete and 0 interrupted iterations
catalog   [  47% ] 4 VUs  0m42.0s/1m30s

running (0m43.0s), 4/4 VUs, 1563 complete and 0 interrupted iterations
catalog   [  48% ] 4 VUs  0m43.0s/1m30s

running (0m44.0s), 4/4 VUs, 1594 complete and 0 interrupted iterations
catalog   [  49% ] 4 VUs  0m44.0s/1m30s

running (0m45.0s), 4/4 VUs, 1632 complete and 0 interrupted iterations
catalog   [  50% ] 4 VUs  0m45.0s/1m30s

running (0m46.0s), 4/4 VUs, 1675 complete and 0 interrupted iterations
catalog   [  51% ] 4 VUs  0m46.0s/1m30s

running (0m47.0s), 4/4 VUs, 1707 complete and 0 interrupted iterations
catalog   [  52% ] 4 VUs  0m47.0s/1m30s

running (0m48.0s), 4/4 VUs, 1743 complete and 0 interrupted iterations
catalog   [  53% ] 4 VUs  0m48.0s/1m30s

running (0m49.0s), 4/4 VUs, 1781 complete and 0 interrupted iterations
catalog   [  54% ] 4 VUs  0m49.0s/1m30s

running (0m50.0s), 4/4 VUs, 1811 complete and 0 interrupted iterations
catalog   [  56% ] 4 VUs  0m50.0s/1m30s

running (0m51.0s), 4/4 VUs, 1851 complete and 0 interrupted iterations
catalog   [  57% ] 4 VUs  0m51.0s/1m30s

running (0m52.0s), 4/4 VUs, 1886 complete and 0 interrupted iterations
catalog   [  58% ] 4 VUs  0m52.0s/1m30s

running (0m53.0s), 4/4 VUs, 1924 complete and 0 interrupted iterations
catalog   [  59% ] 4 VUs  0m53.0s/1m30s

running (0m54.0s), 4/4 VUs, 1963 complete and 0 interrupted iterations
catalog   [  60% ] 4 VUs  0m54.0s/1m30s

running (0m55.0s), 4/4 VUs, 2001 complete and 0 interrupted iterations
catalog   [  61% ] 4 VUs  0m55.0s/1m30s

running (0m56.0s), 4/4 VUs, 2039 complete and 0 interrupted iterations
catalog   [  62% ] 4 VUs  0m56.0s/1m30s

running (0m57.0s), 4/4 VUs, 2074 complete and 0 interrupted iterations
catalog   [  63% ] 4 VUs  0m57.0s/1m30s

running (0m58.0s), 4/4 VUs, 2114 complete and 0 interrupted iterations
catalog   [  64% ] 4 VUs  0m58.0s/1m30s

running (0m59.0s), 4/4 VUs, 2150 complete and 0 interrupted iterations
catalog   [  66% ] 4 VUs  0m59.0s/1m30s

running (1m00.0s), 4/4 VUs, 2185 complete and 0 interrupted iterations
catalog   [  67% ] 4 VUs  1m00.0s/1m30s

running (1m01.0s), 4/4 VUs, 2225 complete and 0 interrupted iterations
catalog   [  68% ] 4 VUs  1m01.0s/1m30s

running (1m02.0s), 4/4 VUs, 2259 complete and 0 interrupted iterations
catalog   [  69% ] 4 VUs  1m02.0s/1m30s

running (1m03.0s), 4/4 VUs, 2300 complete and 0 interrupted iterations
catalog   [  70% ] 4 VUs  1m03.0s/1m30s

running (1m04.0s), 4/4 VUs, 2336 complete and 0 interrupted iterations
catalog   [  71% ] 4 VUs  1m04.0s/1m30s

running (1m05.0s), 4/4 VUs, 2370 complete and 0 interrupted iterations
catalog   [  72% ] 4 VUs  1m05.0s/1m30s

running (1m06.0s), 4/4 VUs, 2406 complete and 0 interrupted iterations
catalog   [  73% ] 4 VUs  1m06.0s/1m30s

running (1m07.0s), 4/4 VUs, 2443 complete and 0 interrupted iterations
catalog   [  74% ] 4 VUs  1m07.0s/1m30s

running (1m08.0s), 4/4 VUs, 2486 complete and 0 interrupted iterations
catalog   [  76% ] 4 VUs  1m08.0s/1m30s

running (1m09.0s), 4/4 VUs, 2522 complete and 0 interrupted iterations
catalog   [  77% ] 4 VUs  1m09.0s/1m30s

running (1m10.0s), 4/4 VUs, 2558 complete and 0 interrupted iterations
catalog   [  78% ] 4 VUs  1m10.0s/1m30s

running (1m11.0s), 4/4 VUs, 2590 complete and 0 interrupted iterations
catalog   [  79% ] 4 VUs  1m11.0s/1m30s

running (1m12.0s), 4/4 VUs, 2620 complete and 0 interrupted iterations
catalog   [  80% ] 4 VUs  1m12.0s/1m30s

running (1m13.0s), 4/4 VUs, 2660 complete and 0 interrupted iterations
catalog   [  81% ] 4 VUs  1m13.0s/1m30s

running (1m14.0s), 4/4 VUs, 2696 complete and 0 interrupted iterations
catalog   [  82% ] 4 VUs  1m14.0s/1m30s

running (1m15.0s), 4/4 VUs, 2733 complete and 0 interrupted iterations
catalog   [  83% ] 4 VUs  1m15.0s/1m30s

running (1m16.0s), 4/4 VUs, 2771 complete and 0 interrupted iterations
catalog   [  84% ] 4 VUs  1m16.0s/1m30s

running (1m17.0s), 4/4 VUs, 2802 complete and 0 interrupted iterations
catalog   [  86% ] 4 VUs  1m17.0s/1m30s

running (1m18.0s), 4/4 VUs, 2840 complete and 0 interrupted iterations
catalog   [  87% ] 4 VUs  1m18.0s/1m30s

running (1m19.0s), 4/4 VUs, 2875 complete and 0 interrupted iterations
catalog   [  88% ] 4 VUs  1m19.0s/1m30s

running (1m20.0s), 4/4 VUs, 2910 complete and 0 interrupted iterations
catalog   [  89% ] 4 VUs  1m20.0s/1m30s

running (1m21.0s), 4/4 VUs, 2948 complete and 0 interrupted iterations
catalog   [  90% ] 4 VUs  1m21.0s/1m30s

running (1m22.0s), 4/4 VUs, 2968 complete and 0 interrupted iterations
catalog   [  91% ] 4 VUs  1m22.0s/1m30s

running (1m23.0s), 4/4 VUs, 3015 complete and 0 interrupted iterations
catalog   [  92% ] 4 VUs  1m23.0s/1m30s

running (1m24.0s), 4/4 VUs, 3048 complete and 0 interrupted iterations
catalog   [  93% ] 4 VUs  1m24.0s/1m30s

running (1m25.0s), 4/4 VUs, 3089 complete and 0 interrupted iterations
catalog   [  94% ] 4 VUs  1m25.0s/1m30s

running (1m26.0s), 4/4 VUs, 3121 complete and 0 interrupted iterations
catalog   [  96% ] 4 VUs  1m26.0s/1m30s

running (1m27.0s), 4/4 VUs, 3159 complete and 0 interrupted iterations
catalog   [  97% ] 4 VUs  1m27.0s/1m30s

running (1m28.0s), 4/4 VUs, 3197 complete and 0 interrupted iterations
catalog   [  98% ] 4 VUs  1m28.0s/1m30s

running (1m29.0s), 4/4 VUs, 3233 complete and 0 interrupted iterations
catalog   [  99% ] 4 VUs  1m29.0s/1m30s

running (1m30.0s), 4/4 VUs, 3272 complete and 0 interrupted iterations
catalog   [ 100% ] 4 VUs  1m30.0s/1m30s

================ DSP benchmark summary ================
-- per-phase latency --
  catalog                    p50=113.7 ms  p95=160.2 ms  p99=199.1 ms  max=378.7 ms  n=3276
  negotiation init (POST)    (no data)
  time-to-AGREED (async)     (no data)
  transfer init (POST)       (no data)
  time-to-EDR (async)        (no data)
  data pull                  (no data)
-- end-to-end + throughput --
  e2e transaction            (no data)
  data throughput (MB/s)     (no data)
-- outcomes --
  transactions succeeded     count=3276  rate=36.364/s
  transactions failed        (no data)
  failed rate                rate=0.00%  (pass=0 fail=3276)
    of which TERMINATED      (no data)
    of which TIMED OUT       (no data)
    of which HTTP-FAILED     (no data)
  failure accounting       (no failures)
-- observer effect (poll load) --
  negotiation polls          (no data)
  edr polls                  (no data)
  polls per transaction     negotiation=0.0  edr=0.0  (timeout ceiling=120)
=======================================================
(full summary -> /home/rohitj/edc/benchmarking-factoryx-edc/resources/local-fx-mvd/k6-scripts/results/factoryx/on/catalog-sweep/2026-08-10T11-29-20Z/k6-summary.json; POLL_INTERVAL_MS=250; IDENTITY_MODE=on)

running (1m30.1s), 0/4 VUs, 3276 complete and 0 interrupted iterations
catalog ✓ [ 100% ] 4 VUs  1m30s
Prometheus snapshot [1786361444..1786361550] svc=(provider-controlplane|provider-dataplane|consumer-controlplane|consumer-dataplane) win=1m -> /home/rohitj/edc/benchmarking-factoryx-edc/resources/local-fx-mvd/k6-scripts/results/factoryx/on/catalog-sweep/2026-08-10T11-29-20Z
  jvm-heap.csv (88 rows)
  jvm-gc-rate.csv (88 rows)
  jvm-threads.csv (88 rows)
  http-throughput.csv (88 rows)
  http-p95.csv (88 rows)
  http-errors.csv (44 rows)
  http-errors-5xx.csv (0 rows)
  http-status.csv (44 rows)
  host-cpu-busy.csv (22 rows)
  host-mem-used.csv (22 rows)
  5xx: no 5xx in window (confirmed: http-status has 44 samples, so the status label IS scraped)
  logs -> /home/rohitj/edc/benchmarking-factoryx-edc/resources/local-fx-mvd/k6-scripts/results/factoryx/on/catalog-sweep/2026-08-10T11-29-20Z/logs (4 files)
    consumer-controlplane.log:0
    consumer-dataplane.log:0
    provider-controlplane.log:0
    provider-dataplane.log:0
VALIDITY  ok=3276  failed=0  failed_rate=0%  dropped_iterations=0
>>> done: /home/rohitj/edc/benchmarking-factoryx-edc/resources/local-fx-mvd/k6-scripts/results/factoryx/on/catalog-sweep/2026-08-10T11-29-20Z  (k6 exit 0)
>>> factoryx / catalog-sweep  ->  /home/rohitj/edc/benchmarking-factoryx-edc/resources/local-fx-mvd/k6-scripts/results/factoryx/on/catalog-sweep/2026-08-10T11-32-30Z
parity OK: lib/ + scenarios/ + orchestration/ + tools/ identical to /home/rohitj/edc/benchmarking-factoryx-edc/resources/local-fx-mvd/k6-scripts
Health: http://localhost:29010/management + prometheus  OK
Warmup 60s @ 1/s (discarded)
  draining 20s before the measured window opens
k6 -> Prometheus remote-write: http://localhost:9090/api/v1/write

         /\      Grafana   /‾‾/  
    /\  /  \     |\  __   /  /   
   /  \/    \    | |/ /  /   ‾‾\ 
  /          \   |   (  |  (‾)  |
 / __________ \  |_|\_\  \_____/ 


     execution: local
        script: /home/rohitj/edc/benchmarking-factoryx-edc/resources/local-fx-mvd/k6-scripts/scenarios/catalog-sweep.js
        output: Prometheus remote write (http://localhost:9090/api/v1/write)

     scenarios: (100.00%) 1 scenario, 4 max VUs, 2m0s max duration (incl. graceful stop):
              * catalog: 4 looping VUs for 1m30s (gracefulStop: 30s)


running (0m01.0s), 4/4 VUs, 27 complete and 0 interrupted iterations
catalog   [   1% ] 4 VUs  0m00.9s/1m30s

running (0m02.0s), 4/4 VUs, 59 complete and 0 interrupted iterations
catalog   [   2% ] 4 VUs  0m01.9s/1m30s

running (0m03.0s), 4/4 VUs, 88 complete and 0 interrupted iterations
catalog   [   3% ] 4 VUs  0m02.9s/1m30s

running (0m04.0s), 4/4 VUs, 124 complete and 0 interrupted iterations
catalog   [   4% ] 4 VUs  0m03.9s/1m30s

running (0m05.0s), 4/4 VUs, 154 complete and 0 interrupted iterations
catalog   [   5% ] 4 VUs  0m04.9s/1m30s

running (0m06.0s), 4/4 VUs, 184 complete and 0 interrupted iterations
catalog   [   7% ] 4 VUs  0m05.9s/1m30s

running (0m07.0s), 4/4 VUs, 219 complete and 0 interrupted iterations
catalog   [   8% ] 4 VUs  0m06.9s/1m30s

running (0m08.0s), 4/4 VUs, 247 complete and 0 interrupted iterations
catalog   [   9% ] 4 VUs  0m07.9s/1m30s

running (0m09.0s), 4/4 VUs, 285 complete and 0 interrupted iterations
catalog   [  10% ] 4 VUs  0m08.9s/1m30s

running (0m10.0s), 4/4 VUs, 317 complete and 0 interrupted iterations
catalog   [  11% ] 4 VUs  0m09.9s/1m30s

running (0m11.0s), 4/4 VUs, 352 complete and 0 interrupted iterations
catalog   [  12% ] 4 VUs  0m10.9s/1m30s

running (0m12.0s), 4/4 VUs, 389 complete and 0 interrupted iterations
catalog   [  13% ] 4 VUs  0m11.9s/1m30s

running (0m13.0s), 4/4 VUs, 421 complete and 0 interrupted iterations
catalog   [  14% ] 4 VUs  0m12.9s/1m30s

running (0m14.0s), 4/4 VUs, 456 complete and 0 interrupted iterations
catalog   [  15% ] 4 VUs  0m13.9s/1m30s

running (0m15.0s), 4/4 VUs, 487 complete and 0 interrupted iterations
catalog   [  17% ] 4 VUs  0m14.9s/1m30s

running (0m16.0s), 4/4 VUs, 522 complete and 0 interrupted iterations
catalog   [  18% ] 4 VUs  0m15.9s/1m30s

running (0m17.0s), 4/4 VUs, 555 complete and 0 interrupted iterations
catalog   [  19% ] 4 VUs  0m16.9s/1m30s

running (0m18.0s), 4/4 VUs, 586 complete and 0 interrupted iterations
catalog   [  20% ] 4 VUs  0m17.9s/1m30s

running (0m19.0s), 4/4 VUs, 625 complete and 0 interrupted iterations
catalog   [  21% ] 4 VUs  0m18.9s/1m30s

running (0m20.0s), 4/4 VUs, 657 complete and 0 interrupted iterations
catalog   [  22% ] 4 VUs  0m19.9s/1m30s

running (0m21.0s), 4/4 VUs, 698 complete and 0 interrupted iterations
catalog   [  23% ] 4 VUs  0m20.9s/1m30s

running (0m22.0s), 4/4 VUs, 733 complete and 0 interrupted iterations
catalog   [  24% ] 4 VUs  0m21.9s/1m30s

running (0m23.0s), 4/4 VUs, 763 complete and 0 interrupted iterations
catalog   [  25% ] 4 VUs  0m22.9s/1m30s

running (0m24.0s), 4/4 VUs, 798 complete and 0 interrupted iterations
catalog   [  27% ] 4 VUs  0m23.9s/1m30s

running (0m25.0s), 4/4 VUs, 834 complete and 0 interrupted iterations
catalog   [  28% ] 4 VUs  0m24.9s/1m30s

running (0m26.0s), 4/4 VUs, 864 complete and 0 interrupted iterations
catalog   [  29% ] 4 VUs  0m25.9s/1m30s

running (0m27.0s), 4/4 VUs, 902 complete and 0 interrupted iterations
catalog   [  30% ] 4 VUs  0m26.9s/1m30s

running (0m28.0s), 4/4 VUs, 934 complete and 0 interrupted iterations
catalog   [  31% ] 4 VUs  0m27.9s/1m30s

running (0m29.0s), 4/4 VUs, 973 complete and 0 interrupted iterations
catalog   [  32% ] 4 VUs  0m28.9s/1m30s

running (0m30.0s), 4/4 VUs, 1009 complete and 0 interrupted iterations
catalog   [  33% ] 4 VUs  0m29.9s/1m30s

running (0m31.0s), 4/4 VUs, 1043 complete and 0 interrupted iterations
catalog   [  34% ] 4 VUs  0m30.9s/1m30s

running (0m32.0s), 4/4 VUs, 1080 complete and 0 interrupted iterations
catalog   [  35% ] 4 VUs  0m31.9s/1m30s

running (0m33.0s), 4/4 VUs, 1108 complete and 0 interrupted iterations
catalog   [  37% ] 4 VUs  0m32.9s/1m30s

running (0m34.0s), 4/4 VUs, 1144 complete and 0 interrupted iterations
catalog   [  38% ] 4 VUs  0m33.9s/1m30s

running (0m35.0s), 4/4 VUs, 1179 complete and 0 interrupted iterations
catalog   [  39% ] 4 VUs  0m34.9s/1m30s

running (0m36.0s), 4/4 VUs, 1213 complete and 0 interrupted iterations
catalog   [  40% ] 4 VUs  0m35.9s/1m30s

running (0m37.0s), 4/4 VUs, 1244 complete and 0 interrupted iterations
catalog   [  41% ] 4 VUs  0m36.9s/1m30s

running (0m38.0s), 4/4 VUs, 1272 complete and 0 interrupted iterations
catalog   [  42% ] 4 VUs  0m37.9s/1m30s

running (0m39.0s), 4/4 VUs, 1312 complete and 0 interrupted iterations
catalog   [  43% ] 4 VUs  0m38.9s/1m30s

running (0m40.0s), 4/4 VUs, 1343 complete and 0 interrupted iterations
catalog   [  44% ] 4 VUs  0m39.9s/1m30s

running (0m41.0s), 4/4 VUs, 1381 complete and 0 interrupted iterations
catalog   [  45% ] 4 VUs  0m40.9s/1m30s

running (0m42.0s), 4/4 VUs, 1418 complete and 0 interrupted iterations
catalog   [  47% ] 4 VUs  0m41.9s/1m30s

running (0m43.0s), 4/4 VUs, 1453 complete and 0 interrupted iterations
catalog   [  48% ] 4 VUs  0m42.9s/1m30s

running (0m44.0s), 4/4 VUs, 1485 complete and 0 interrupted iterations
catalog   [  49% ] 4 VUs  0m43.9s/1m30s

running (0m45.0s), 4/4 VUs, 1524 complete and 0 interrupted iterations
catalog   [  50% ] 4 VUs  0m44.9s/1m30s

running (0m46.0s), 4/4 VUs, 1556 complete and 0 interrupted iterations
catalog   [  51% ] 4 VUs  0m45.9s/1m30s

running (0m47.0s), 4/4 VUs, 1593 complete and 0 interrupted iterations
catalog   [  52% ] 4 VUs  0m46.9s/1m30s

running (0m48.0s), 4/4 VUs, 1629 complete and 0 interrupted iterations
catalog   [  53% ] 4 VUs  0m47.9s/1m30s

running (0m49.0s), 4/4 VUs, 1659 complete and 0 interrupted iterations
catalog   [  54% ] 4 VUs  0m48.9s/1m30s

running (0m50.0s), 4/4 VUs, 1694 complete and 0 interrupted iterations
catalog   [  55% ] 4 VUs  0m49.9s/1m30s

running (0m51.0s), 4/4 VUs, 1732 complete and 0 interrupted iterations
catalog   [  57% ] 4 VUs  0m50.9s/1m30s

running (0m52.0s), 4/4 VUs, 1765 complete and 0 interrupted iterations
catalog   [  58% ] 4 VUs  0m51.9s/1m30s

running (0m53.0s), 4/4 VUs, 1796 complete and 0 interrupted iterations
catalog   [  59% ] 4 VUs  0m52.9s/1m30s

running (0m54.0s), 4/4 VUs, 1830 complete and 0 interrupted iterations
catalog   [  60% ] 4 VUs  0m53.9s/1m30s

running (0m55.0s), 4/4 VUs, 1863 complete and 0 interrupted iterations
catalog   [  61% ] 4 VUs  0m54.9s/1m30s

running (0m56.0s), 4/4 VUs, 1895 complete and 0 interrupted iterations
catalog   [  62% ] 4 VUs  0m55.9s/1m30s

running (0m57.0s), 4/4 VUs, 1925 complete and 0 interrupted iterations
catalog   [  63% ] 4 VUs  0m56.9s/1m30s

running (0m58.0s), 4/4 VUs, 1957 complete and 0 interrupted iterations
catalog   [  64% ] 4 VUs  0m57.9s/1m30s

running (0m59.0s), 4/4 VUs, 1986 complete and 0 interrupted iterations
catalog   [  65% ] 4 VUs  0m58.9s/1m30s

running (1m00.0s), 4/4 VUs, 2026 complete and 0 interrupted iterations
catalog   [  67% ] 4 VUs  0m59.9s/1m30s

running (1m01.0s), 4/4 VUs, 2059 complete and 0 interrupted iterations
catalog   [  68% ] 4 VUs  1m00.9s/1m30s

running (1m02.0s), 4/4 VUs, 2095 complete and 0 interrupted iterations
catalog   [  69% ] 4 VUs  1m01.9s/1m30s

running (1m03.0s), 4/4 VUs, 2128 complete and 0 interrupted iterations
catalog   [  70% ] 4 VUs  1m02.9s/1m30s

running (1m04.0s), 4/4 VUs, 2160 complete and 0 interrupted iterations
catalog   [  71% ] 4 VUs  1m03.9s/1m30s

running (1m05.0s), 4/4 VUs, 2202 complete and 0 interrupted iterations
catalog   [  72% ] 4 VUs  1m04.9s/1m30s

running (1m06.0s), 4/4 VUs, 2233 complete and 0 interrupted iterations
catalog   [  73% ] 4 VUs  1m05.9s/1m30s

running (1m07.0s), 4/4 VUs, 2265 complete and 0 interrupted iterations
catalog   [  74% ] 4 VUs  1m06.9s/1m30s

running (1m08.0s), 4/4 VUs, 2299 complete and 0 interrupted iterations
catalog   [  75% ] 4 VUs  1m07.9s/1m30s

running (1m09.0s), 4/4 VUs, 2336 complete and 0 interrupted iterations
catalog   [  77% ] 4 VUs  1m08.9s/1m30s

running (1m10.0s), 4/4 VUs, 2374 complete and 0 interrupted iterations
catalog   [  78% ] 4 VUs  1m09.9s/1m30s

running (1m11.0s), 4/4 VUs, 2404 complete and 0 interrupted iterations
catalog   [  79% ] 4 VUs  1m10.9s/1m30s

running (1m12.0s), 4/4 VUs, 2439 complete and 0 interrupted iterations
catalog   [  80% ] 4 VUs  1m11.9s/1m30s

running (1m13.0s), 4/4 VUs, 2482 complete and 0 interrupted iterations
catalog   [  81% ] 4 VUs  1m12.9s/1m30s

running (1m14.0s), 4/4 VUs, 2513 complete and 0 interrupted iterations
catalog   [  82% ] 4 VUs  1m13.9s/1m30s

running (1m15.0s), 4/4 VUs, 2548 complete and 0 interrupted iterations
catalog   [  83% ] 4 VUs  1m14.9s/1m30s

running (1m16.0s), 4/4 VUs, 2586 complete and 0 interrupted iterations
catalog   [  84% ] 4 VUs  1m15.9s/1m30s

running (1m17.0s), 4/4 VUs, 2614 complete and 0 interrupted iterations
catalog   [  85% ] 4 VUs  1m16.9s/1m30s

running (1m18.0s), 4/4 VUs, 2654 complete and 0 interrupted iterations
catalog   [  87% ] 4 VUs  1m17.9s/1m30s

running (1m19.0s), 4/4 VUs, 2683 complete and 0 interrupted iterations
catalog   [  88% ] 4 VUs  1m18.9s/1m30s

running (1m20.0s), 4/4 VUs, 2721 complete and 0 interrupted iterations
catalog   [  89% ] 4 VUs  1m19.9s/1m30s

running (1m21.0s), 4/4 VUs, 2760 complete and 0 interrupted iterations
catalog   [  90% ] 4 VUs  1m20.9s/1m30s

running (1m22.0s), 4/4 VUs, 2788 complete and 0 interrupted iterations
catalog   [  91% ] 4 VUs  1m21.9s/1m30s

running (1m23.0s), 4/4 VUs, 2828 complete and 0 interrupted iterations
catalog   [  92% ] 4 VUs  1m22.9s/1m30s

running (1m24.0s), 4/4 VUs, 2864 complete and 0 interrupted iterations
catalog   [  93% ] 4 VUs  1m23.9s/1m30s

running (1m25.0s), 4/4 VUs, 2895 complete and 0 interrupted iterations
catalog   [  94% ] 4 VUs  1m24.9s/1m30s

running (1m26.0s), 4/4 VUs, 2932 complete and 0 interrupted iterations
catalog   [  95% ] 4 VUs  1m25.9s/1m30s

running (1m27.0s), 4/4 VUs, 2964 complete and 0 interrupted iterations
catalog   [  97% ] 4 VUs  1m26.9s/1m30s

running (1m28.0s), 4/4 VUs, 2997 complete and 0 interrupted iterations
catalog   [  98% ] 4 VUs  1m27.9s/1m30s

running (1m29.0s), 4/4 VUs, 3030 complete and 0 interrupted iterations
catalog   [  99% ] 4 VUs  1m28.9s/1m30s

running (1m30.0s), 4/4 VUs, 3067 complete and 0 interrupted iterations
catalog   [ 100% ] 4 VUs  1m29.9s/1m30s

================ DSP benchmark summary ================
-- per-phase latency --
  catalog                    p50=122.3 ms  p95=166.7 ms  p99=186.6 ms  max=242.7 ms  n=3071
  negotiation init (POST)    (no data)
  time-to-AGREED (async)     (no data)
  transfer init (POST)       (no data)
  time-to-EDR (async)        (no data)
  data pull                  (no data)
-- end-to-end + throughput --
  e2e transaction            (no data)
  data throughput (MB/s)     (no data)
-- outcomes --
  transactions succeeded     count=3071  rate=34.078/s
  transactions failed        (no data)
  failed rate                rate=0.00%  (pass=0 fail=3071)
    of which TERMINATED      (no data)
    of which TIMED OUT       (no data)
    of which HTTP-FAILED     (no data)
  failure accounting       (no failures)
-- observer effect (poll load) --
  negotiation polls          (no data)
  edr polls                  (no data)
  polls per transaction     negotiation=0.0  edr=0.0  (timeout ceiling=120)
=======================================================
(full summary -> /home/rohitj/edc/benchmarking-factoryx-edc/resources/local-fx-mvd/k6-scripts/results/factoryx/on/catalog-sweep/2026-08-10T11-32-30Z/k6-summary.json; POLL_INTERVAL_MS=250; IDENTITY_MODE=on)

running (1m30.1s), 0/4 VUs, 3071 complete and 0 interrupted iterations
catalog ✓ [ 100% ] 4 VUs  1m30s
Prometheus snapshot [1786361635..1786361740] svc=(provider-controlplane|provider-dataplane|consumer-controlplane|consumer-dataplane) win=1m -> /home/rohitj/edc/benchmarking-factoryx-edc/resources/local-fx-mvd/k6-scripts/results/factoryx/on/catalog-sweep/2026-08-10T11-32-30Z
  jvm-heap.csv (88 rows)
  jvm-gc-rate.csv (88 rows)
  jvm-threads.csv (88 rows)
  http-throughput.csv (88 rows)
  http-p95.csv (88 rows)
  http-errors.csv (44 rows)
  http-errors-5xx.csv (0 rows)
  http-status.csv (44 rows)
  host-cpu-busy.csv (22 rows)
  host-mem-used.csv (22 rows)
  5xx: no 5xx in window (confirmed: http-status has 44 samples, so the status label IS scraped)
  logs -> /home/rohitj/edc/benchmarking-factoryx-edc/resources/local-fx-mvd/k6-scripts/results/factoryx/on/catalog-sweep/2026-08-10T11-32-30Z/logs (4 files)
    consumer-controlplane.log:0
    consumer-dataplane.log:0
    provider-controlplane.log:0
    provider-dataplane.log:0
VALIDITY  ok=3071  failed=0  failed_rate=0%  dropped_iterations=0
>>> done: /home/rohitj/edc/benchmarking-factoryx-edc/resources/local-fx-mvd/k6-scripts/results/factoryx/on/catalog-sweep/2026-08-10T11-32-30Z  (k6 exit 0)
>>> factoryx / catalog-sweep  ->  /home/rohitj/edc/benchmarking-factoryx-edc/resources/local-fx-mvd/k6-scripts/results/factoryx/on/catalog-sweep/2026-08-10T11-35-41Z
parity OK: lib/ + scenarios/ + orchestration/ + tools/ identical to /home/rohitj/edc/benchmarking-factoryx-edc/resources/local-fx-mvd/k6-scripts
Health: http://localhost:29010/management + prometheus  OK
Warmup 60s @ 1/s (discarded)
  draining 20s before the measured window opens
k6 -> Prometheus remote-write: http://localhost:9090/api/v1/write

         /\      Grafana   /‾‾/  
    /\  /  \     |\  __   /  /   
   /  \/    \    | |/ /  /   ‾‾\ 
  /          \   |   (  |  (‾)  |
 / __________ \  |_|\_\  \_____/ 


     execution: local
        script: /home/rohitj/edc/benchmarking-factoryx-edc/resources/local-fx-mvd/k6-scripts/scenarios/catalog-sweep.js
        output: Prometheus remote write (http://localhost:9090/api/v1/write)

     scenarios: (100.00%) 1 scenario, 4 max VUs, 2m0s max duration (incl. graceful stop):
              * catalog: 4 looping VUs for 1m30s (gracefulStop: 30s)


Run       [ 100% ] setup()
catalog   [   0% ]

running (0m02.0s), 4/4 VUs, 0 complete and 0 interrupted iterations
catalog   [   0% ] 4 VUs  0m00.1s/1m30s

running (0m03.0s), 4/4 VUs, 22 complete and 0 interrupted iterations
catalog   [   1% ] 4 VUs  0m01.1s/1m30s

running (0m04.0s), 4/4 VUs, 46 complete and 0 interrupted iterations
catalog   [   2% ] 4 VUs  0m02.1s/1m30s

running (0m05.0s), 4/4 VUs, 69 complete and 0 interrupted iterations
catalog   [   3% ] 4 VUs  0m03.1s/1m30s

running (0m06.0s), 4/4 VUs, 85 complete and 0 interrupted iterations
catalog   [   5% ] 4 VUs  0m04.1s/1m30s

running (0m07.0s), 4/4 VUs, 109 complete and 0 interrupted iterations
catalog   [   6% ] 4 VUs  0m05.1s/1m30s

running (0m08.0s), 4/4 VUs, 129 complete and 0 interrupted iterations
catalog   [   7% ] 4 VUs  0m06.1s/1m30s

running (0m09.0s), 4/4 VUs, 150 complete and 0 interrupted iterations
catalog   [   8% ] 4 VUs  0m07.1s/1m30s

running (0m10.0s), 4/4 VUs, 173 complete and 0 interrupted iterations
catalog   [   9% ] 4 VUs  0m08.1s/1m30s

running (0m11.0s), 4/4 VUs, 193 complete and 0 interrupted iterations
catalog   [  10% ] 4 VUs  0m09.1s/1m30s

running (0m12.0s), 4/4 VUs, 215 complete and 0 interrupted iterations
catalog   [  11% ] 4 VUs  0m10.1s/1m30s

running (0m13.0s), 4/4 VUs, 237 complete and 0 interrupted iterations
catalog   [  12% ] 4 VUs  0m11.1s/1m30s

running (0m14.0s), 4/4 VUs, 258 complete and 0 interrupted iterations
catalog   [  13% ] 4 VUs  0m12.1s/1m30s

running (0m15.0s), 4/4 VUs, 280 complete and 0 interrupted iterations
catalog   [  15% ] 4 VUs  0m13.1s/1m30s

running (0m16.0s), 4/4 VUs, 298 complete and 0 interrupted iterations
catalog   [  16% ] 4 VUs  0m14.1s/1m30s

running (0m17.0s), 4/4 VUs, 314 complete and 0 interrupted iterations
catalog   [  17% ] 4 VUs  0m15.1s/1m30s

running (0m18.0s), 4/4 VUs, 336 complete and 0 interrupted iterations
catalog   [  18% ] 4 VUs  0m16.1s/1m30s

running (0m19.0s), 4/4 VUs, 360 complete and 0 interrupted iterations
catalog   [  19% ] 4 VUs  0m17.1s/1m30s

running (0m20.0s), 4/4 VUs, 385 complete and 0 interrupted iterations
catalog   [  20% ] 4 VUs  0m18.1s/1m30s

running (0m21.0s), 4/4 VUs, 403 complete and 0 interrupted iterations
catalog   [  21% ] 4 VUs  0m19.1s/1m30s

running (0m22.0s), 4/4 VUs, 428 complete and 0 interrupted iterations
catalog   [  22% ] 4 VUs  0m20.1s/1m30s

running (0m23.0s), 4/4 VUs, 454 complete and 0 interrupted iterations
catalog   [  23% ] 4 VUs  0m21.1s/1m30s

running (0m24.0s), 4/4 VUs, 478 complete and 0 interrupted iterations
catalog   [  25% ] 4 VUs  0m22.1s/1m30s

running (0m25.0s), 4/4 VUs, 500 complete and 0 interrupted iterations
catalog   [  26% ] 4 VUs  0m23.1s/1m30s

running (0m26.0s), 4/4 VUs, 522 complete and 0 interrupted iterations
catalog   [  27% ] 4 VUs  0m24.1s/1m30s

running (0m27.0s), 4/4 VUs, 545 complete and 0 interrupted iterations
catalog   [  28% ] 4 VUs  0m25.1s/1m30s

running (0m28.0s), 4/4 VUs, 573 complete and 0 interrupted iterations
catalog   [  29% ] 4 VUs  0m26.1s/1m30s

running (0m29.0s), 4/4 VUs, 593 complete and 0 interrupted iterations
catalog   [  30% ] 4 VUs  0m27.1s/1m30s

running (0m30.0s), 4/4 VUs, 614 complete and 0 interrupted iterations
catalog   [  31% ] 4 VUs  0m28.1s/1m30s

running (0m31.0s), 4/4 VUs, 636 complete and 0 interrupted iterations
catalog   [  32% ] 4 VUs  0m29.1s/1m30s

running (0m32.0s), 4/4 VUs, 659 complete and 0 interrupted iterations
catalog   [  33% ] 4 VUs  0m30.1s/1m30s

running (0m33.0s), 4/4 VUs, 682 complete and 0 interrupted iterations
catalog   [  35% ] 4 VUs  0m31.1s/1m30s

running (0m34.0s), 4/4 VUs, 702 complete and 0 interrupted iterations
catalog   [  36% ] 4 VUs  0m32.1s/1m30s

running (0m35.0s), 4/4 VUs, 725 complete and 0 interrupted iterations
catalog   [  37% ] 4 VUs  0m33.1s/1m30s

running (0m36.0s), 4/4 VUs, 747 complete and 0 interrupted iterations
catalog   [  38% ] 4 VUs  0m34.1s/1m30s

running (0m37.0s), 4/4 VUs, 767 complete and 0 interrupted iterations
catalog   [  39% ] 4 VUs  0m35.1s/1m30s

running (0m38.0s), 4/4 VUs, 788 complete and 0 interrupted iterations
catalog   [  40% ] 4 VUs  0m36.1s/1m30s

running (0m39.0s), 4/4 VUs, 811 complete and 0 interrupted iterations
catalog   [  41% ] 4 VUs  0m37.1s/1m30s

running (0m40.0s), 4/4 VUs, 832 complete and 0 interrupted iterations
catalog   [  42% ] 4 VUs  0m38.1s/1m30s

running (0m41.0s), 4/4 VUs, 853 complete and 0 interrupted iterations
catalog   [  43% ] 4 VUs  0m39.1s/1m30s

running (0m42.0s), 4/4 VUs, 872 complete and 0 interrupted iterations
catalog   [  45% ] 4 VUs  0m40.1s/1m30s

running (0m43.0s), 4/4 VUs, 895 complete and 0 interrupted iterations
catalog   [  46% ] 4 VUs  0m41.1s/1m30s

running (0m44.0s), 4/4 VUs, 921 complete and 0 interrupted iterations
catalog   [  47% ] 4 VUs  0m42.1s/1m30s

running (0m45.0s), 4/4 VUs, 942 complete and 0 interrupted iterations
catalog   [  48% ] 4 VUs  0m43.1s/1m30s

running (0m46.0s), 4/4 VUs, 962 complete and 0 interrupted iterations
catalog   [  49% ] 4 VUs  0m44.1s/1m30s

running (0m47.0s), 4/4 VUs, 982 complete and 0 interrupted iterations
catalog   [  50% ] 4 VUs  0m45.1s/1m30s

running (0m48.0s), 4/4 VUs, 1004 complete and 0 interrupted iterations
catalog   [  51% ] 4 VUs  0m46.1s/1m30s

running (0m49.0s), 4/4 VUs, 1030 complete and 0 interrupted iterations
catalog   [  52% ] 4 VUs  0m47.1s/1m30s

running (0m50.0s), 4/4 VUs, 1050 complete and 0 interrupted iterations
catalog   [  53% ] 4 VUs  0m48.1s/1m30s

running (0m51.0s), 4/4 VUs, 1069 complete and 0 interrupted iterations
catalog   [  55% ] 4 VUs  0m49.1s/1m30s

running (0m52.0s), 4/4 VUs, 1092 complete and 0 interrupted iterations
catalog   [  56% ] 4 VUs  0m50.1s/1m30s

running (0m53.0s), 4/4 VUs, 1113 complete and 0 interrupted iterations
catalog   [  57% ] 4 VUs  0m51.1s/1m30s

running (0m54.0s), 4/4 VUs, 1134 complete and 0 interrupted iterations
catalog   [  58% ] 4 VUs  0m52.1s/1m30s

running (0m55.0s), 4/4 VUs, 1160 complete and 0 interrupted iterations
catalog   [  59% ] 4 VUs  0m53.1s/1m30s

running (0m56.0s), 4/4 VUs, 1183 complete and 0 interrupted iterations
catalog   [  60% ] 4 VUs  0m54.1s/1m30s

running (0m57.0s), 4/4 VUs, 1201 complete and 0 interrupted iterations
catalog   [  61% ] 4 VUs  0m55.1s/1m30s

running (0m58.0s), 4/4 VUs, 1222 complete and 0 interrupted iterations
catalog   [  62% ] 4 VUs  0m56.1s/1m30s

running (0m59.0s), 4/4 VUs, 1245 complete and 0 interrupted iterations
catalog   [  63% ] 4 VUs  0m57.1s/1m30s

running (1m00.0s), 4/4 VUs, 1266 complete and 0 interrupted iterations
catalog   [  65% ] 4 VUs  0m58.1s/1m30s

running (1m01.0s), 4/4 VUs, 1290 complete and 0 interrupted iterations
catalog   [  66% ] 4 VUs  0m59.1s/1m30s

running (1m02.0s), 4/4 VUs, 1311 complete and 0 interrupted iterations
catalog   [  67% ] 4 VUs  1m00.1s/1m30s

running (1m03.0s), 4/4 VUs, 1332 complete and 0 interrupted iterations
catalog   [  68% ] 4 VUs  1m01.1s/1m30s

running (1m04.0s), 4/4 VUs, 1354 complete and 0 interrupted iterations
catalog   [  69% ] 4 VUs  1m02.1s/1m30s

running (1m05.0s), 4/4 VUs, 1374 complete and 0 interrupted iterations
catalog   [  70% ] 4 VUs  1m03.1s/1m30s

running (1m06.0s), 4/4 VUs, 1398 complete and 0 interrupted iterations
catalog   [  71% ] 4 VUs  1m04.1s/1m30s

running (1m07.0s), 4/4 VUs, 1421 complete and 0 interrupted iterations
catalog   [  72% ] 4 VUs  1m05.1s/1m30s

running (1m08.0s), 4/4 VUs, 1437 complete and 0 interrupted iterations
catalog   [  73% ] 4 VUs  1m06.1s/1m30s

running (1m09.0s), 4/4 VUs, 1464 complete and 0 interrupted iterations
catalog   [  75% ] 4 VUs  1m07.1s/1m30s

running (1m10.0s), 4/4 VUs, 1486 complete and 0 interrupted iterations
catalog   [  76% ] 4 VUs  1m08.1s/1m30s

running (1m11.0s), 4/4 VUs, 1506 complete and 0 interrupted iterations
catalog   [  77% ] 4 VUs  1m09.1s/1m30s

running (1m12.0s), 4/4 VUs, 1529 complete and 0 interrupted iterations
catalog   [  78% ] 4 VUs  1m10.1s/1m30s

running (1m13.0s), 4/4 VUs, 1551 complete and 0 interrupted iterations
catalog   [  79% ] 4 VUs  1m11.1s/1m30s

running (1m14.0s), 4/4 VUs, 1574 complete and 0 interrupted iterations
catalog   [  80% ] 4 VUs  1m12.1s/1m30s

running (1m15.0s), 4/4 VUs, 1598 complete and 0 interrupted iterations
catalog   [  81% ] 4 VUs  1m13.1s/1m30s

running (1m16.0s), 4/4 VUs, 1615 complete and 0 interrupted iterations
catalog   [  82% ] 4 VUs  1m14.1s/1m30s

running (1m17.0s), 4/4 VUs, 1640 complete and 0 interrupted iterations
catalog   [  83% ] 4 VUs  1m15.1s/1m30s

running (1m18.0s), 4/4 VUs, 1662 complete and 0 interrupted iterations
catalog   [  85% ] 4 VUs  1m16.1s/1m30s

running (1m19.0s), 4/4 VUs, 1685 complete and 0 interrupted iterations
catalog   [  86% ] 4 VUs  1m17.1s/1m30s

running (1m20.0s), 4/4 VUs, 1703 complete and 0 interrupted iterations
catalog   [  87% ] 4 VUs  1m18.1s/1m30s

running (1m21.0s), 4/4 VUs, 1727 complete and 0 interrupted iterations
catalog   [  88% ] 4 VUs  1m19.1s/1m30s

running (1m22.0s), 4/4 VUs, 1748 complete and 0 interrupted iterations
catalog   [  89% ] 4 VUs  1m20.1s/1m30s

running (1m23.0s), 4/4 VUs, 1771 complete and 0 interrupted iterations
catalog   [  90% ] 4 VUs  1m21.1s/1m30s

running (1m24.0s), 4/4 VUs, 1796 complete and 0 interrupted iterations
catalog   [  91% ] 4 VUs  1m22.1s/1m30s

running (1m25.0s), 4/4 VUs, 1812 complete and 0 interrupted iterations
catalog   [  92% ] 4 VUs  1m23.1s/1m30s

running (1m26.0s), 4/4 VUs, 1833 complete and 0 interrupted iterations
catalog   [  93% ] 4 VUs  1m24.1s/1m30s

running (1m27.0s), 4/4 VUs, 1850 complete and 0 interrupted iterations
catalog   [  95% ] 4 VUs  1m25.1s/1m30s

running (1m28.0s), 4/4 VUs, 1873 complete and 0 interrupted iterations
catalog   [  96% ] 4 VUs  1m26.1s/1m30s

running (1m29.0s), 4/4 VUs, 1897 complete and 0 interrupted iterations
catalog   [  97% ] 4 VUs  1m27.1s/1m30s

running (1m30.0s), 4/4 VUs, 1922 complete and 0 interrupted iterations
catalog   [  98% ] 4 VUs  1m28.1s/1m30s

running (1m31.0s), 4/4 VUs, 1945 complete and 0 interrupted iterations
catalog   [  99% ] 4 VUs  1m29.1s/1m30s

running (1m32.0s), 4/4 VUs, 1967 complete and 0 interrupted iterations
catalog ↓ [ 100% ] 4 VUs  1m30s

================ DSP benchmark summary ================
-- per-phase latency --
  catalog                    p50=162.0 ms  p95=271.6 ms  p99=303.6 ms  max=418.1 ms  n=1971
  negotiation init (POST)    (no data)
  time-to-AGREED (async)     (no data)
  transfer init (POST)       (no data)
  time-to-EDR (async)        (no data)
  data pull                  (no data)
-- end-to-end + throughput --
  e2e transaction            (no data)
  data throughput (MB/s)     (no data)
-- outcomes --
  transactions succeeded     count=1971  rate=21.390/s
  transactions failed        (no data)
  failed rate                rate=0.00%  (pass=0 fail=1971)
    of which TERMINATED      (no data)
    of which TIMED OUT       (no data)
    of which HTTP-FAILED     (no data)
  failure accounting       (no failures)
-- observer effect (poll load) --
  negotiation polls          (no data)
  edr polls                  (no data)
  polls per transaction     negotiation=0.0  edr=0.0  (timeout ceiling=120)
=======================================================
(full summary -> /home/rohitj/edc/benchmarking-factoryx-edc/resources/local-fx-mvd/k6-scripts/results/factoryx/on/catalog-sweep/2026-08-10T11-35-41Z/k6-summary.json; POLL_INTERVAL_MS=250; IDENTITY_MODE=on)

running (1m32.1s), 0/4 VUs, 1971 complete and 0 interrupted iterations
catalog ✓ [ 100% ] 4 VUs  1m30s
Prometheus snapshot [1786361825..1786361932] svc=(provider-controlplane|provider-dataplane|consumer-controlplane|consumer-dataplane) win=1m -> /home/rohitj/edc/benchmarking-factoryx-edc/resources/local-fx-mvd/k6-scripts/results/factoryx/on/catalog-sweep/2026-08-10T11-35-41Z
  jvm-heap.csv (88 rows)
  jvm-gc-rate.csv (88 rows)
  jvm-threads.csv (88 rows)
  http-throughput.csv (88 rows)
  http-p95.csv (88 rows)
  http-errors.csv (44 rows)
  http-errors-5xx.csv (0 rows)
  http-status.csv (44 rows)
  host-cpu-busy.csv (22 rows)
  host-mem-used.csv (22 rows)
  5xx: no 5xx in window (confirmed: http-status has 44 samples, so the status label IS scraped)
  logs -> /home/rohitj/edc/benchmarking-factoryx-edc/resources/local-fx-mvd/k6-scripts/results/factoryx/on/catalog-sweep/2026-08-10T11-35-41Z/logs (4 files)
    consumer-controlplane.log:0
    consumer-dataplane.log:0
    provider-controlplane.log:0
    provider-dataplane.log:0
VALIDITY  ok=1971  failed=0  failed_rate=0%  dropped_iterations=0
>>> done: /home/rohitj/edc/benchmarking-factoryx-edc/resources/local-fx-mvd/k6-scripts/results/factoryx/on/catalog-sweep/2026-08-10T11-35-41Z  (k6 exit 0)
>>> factoryx / catalog-sweep  ->  /home/rohitj/edc/benchmarking-factoryx-edc/resources/local-fx-mvd/k6-scripts/results/factoryx/on/catalog-sweep/2026-08-10T11-38-53Z
parity OK: lib/ + scenarios/ + orchestration/ + tools/ identical to /home/rohitj/edc/benchmarking-factoryx-edc/resources/local-fx-mvd/k6-scripts
Health: http://localhost:29010/management + prometheus  OK
Warmup 60s @ 1/s (discarded)
  draining 20s before the measured window opens
k6 -> Prometheus remote-write: http://localhost:9090/api/v1/write

         /\      Grafana   /‾‾/  
    /\  /  \     |\  __   /  /   
   /  \/    \    | |/ /  /   ‾‾\ 
  /          \   |   (  |  (‾)  |
 / __________ \  |_|\_\  \_____/ 


     execution: local
        script: /home/rohitj/edc/benchmarking-factoryx-edc/resources/local-fx-mvd/k6-scripts/scenarios/catalog-sweep.js
        output: Prometheus remote write (http://localhost:9090/api/v1/write)

     scenarios: (100.00%) 1 scenario, 4 max VUs, 2m0s max duration (incl. graceful stop):
              * catalog: 4 looping VUs for 1m30s (gracefulStop: 30s)


Run       [ 100% ] setup()
catalog   [   0% ]

Run       [ 100% ] setup()
catalog   [   0% ]

Run       [ 100% ] setup()
catalog   [   0% ]

Run       [ 100% ] setup()
catalog   [   0% ]

Run       [ 100% ] setup()
catalog   [   0% ]

Run       [ 100% ] setup()
catalog   [   0% ]

Run       [ 100% ] setup()
catalog   [   0% ]

Run       [ 100% ] setup()
catalog   [   0% ]

Run       [ 100% ] setup()
catalog   [   0% ]

Run       [ 100% ] setup()
catalog   [   0% ]

Run       [ 100% ] setup()
catalog   [   0% ]

Run       [ 100% ] setup()
catalog   [   0% ]

Run       [ 100% ] setup()
catalog   [   0% ]

Run       [ 100% ] setup()
catalog   [   0% ]

Run       [ 100% ] setup()
catalog   [   0% ]

Run       [ 100% ] setup()
catalog   [   0% ]

Run       [ 100% ] setup()
catalog   [   0% ]

running (0m18.0s), 4/4 VUs, 0 complete and 0 interrupted iterations
catalog   [   0% ] 4 VUs  0m00.0s/1m30s

running (0m19.0s), 4/4 VUs, 0 complete and 0 interrupted iterations
catalog   [   1% ] 4 VUs  0m01.0s/1m30s

running (0m20.0s), 4/4 VUs, 4 complete and 0 interrupted iterations
catalog   [   2% ] 4 VUs  0m02.0s/1m30s

running (0m21.0s), 4/4 VUs, 8 complete and 0 interrupted iterations
catalog   [   3% ] 4 VUs  0m03.0s/1m30s

running (0m22.0s), 4/4 VUs, 8 complete and 0 interrupted iterations
catalog   [   4% ] 4 VUs  0m04.0s/1m30s

running (0m23.0s), 4/4 VUs, 12 complete and 0 interrupted iterations
catalog   [   6% ] 4 VUs  0m05.0s/1m30s

running (0m24.0s), 4/4 VUs, 16 complete and 0 interrupted iterations
catalog   [   7% ] 4 VUs  0m06.0s/1m30s

running (0m25.0s), 4/4 VUs, 18 complete and 0 interrupted iterations
catalog   [   8% ] 4 VUs  0m07.0s/1m30s

running (0m26.0s), 4/4 VUs, 20 complete and 0 interrupted iterations
catalog   [   9% ] 4 VUs  0m08.0s/1m30s

running (0m27.0s), 4/4 VUs, 24 complete and 0 interrupted iterations
catalog   [  10% ] 4 VUs  0m09.0s/1m30s

running (0m28.0s), 4/4 VUs, 28 complete and 0 interrupted iterations
catalog   [  11% ] 4 VUs  0m10.0s/1m30s

running (0m29.0s), 4/4 VUs, 28 complete and 0 interrupted iterations
catalog   [  12% ] 4 VUs  0m11.0s/1m30s

running (0m30.0s), 4/4 VUs, 32 complete and 0 interrupted iterations
catalog   [  13% ] 4 VUs  0m12.0s/1m30s

running (0m31.0s), 4/4 VUs, 36 complete and 0 interrupted iterations
catalog   [  14% ] 4 VUs  0m13.0s/1m30s

running (0m32.0s), 4/4 VUs, 38 complete and 0 interrupted iterations
catalog   [  16% ] 4 VUs  0m14.0s/1m30s

running (0m33.0s), 4/4 VUs, 41 complete and 0 interrupted iterations
catalog   [  17% ] 4 VUs  0m15.0s/1m30s

running (0m34.0s), 4/4 VUs, 44 complete and 0 interrupted iterations
catalog   [  18% ] 4 VUs  0m16.0s/1m30s

running (0m35.0s), 4/4 VUs, 48 complete and 0 interrupted iterations
catalog   [  19% ] 4 VUs  0m17.0s/1m30s

running (0m36.0s), 4/4 VUs, 50 complete and 0 interrupted iterations
catalog   [  20% ] 4 VUs  0m18.0s/1m30s

running (0m37.0s), 4/4 VUs, 54 complete and 0 interrupted iterations
catalog   [  21% ] 4 VUs  0m19.0s/1m30s

running (0m38.0s), 4/4 VUs, 58 complete and 0 interrupted iterations
catalog   [  22% ] 4 VUs  0m20.0s/1m30s

running (0m39.0s), 4/4 VUs, 60 complete and 0 interrupted iterations
catalog   [  23% ] 4 VUs  0m21.0s/1m30s

running (0m40.0s), 4/4 VUs, 62 complete and 0 interrupted iterations
catalog   [  24% ] 4 VUs  0m22.0s/1m30s

running (0m41.0s), 4/4 VUs, 66 complete and 0 interrupted iterations
catalog   [  26% ] 4 VUs  0m23.0s/1m30s

running (0m42.0s), 4/4 VUs, 69 complete and 0 interrupted iterations
catalog   [  27% ] 4 VUs  0m24.0s/1m30s

running (0m43.0s), 4/4 VUs, 73 complete and 0 interrupted iterations
catalog   [  28% ] 4 VUs  0m25.0s/1m30s

running (0m44.0s), 4/4 VUs, 76 complete and 0 interrupted iterations
catalog   [  29% ] 4 VUs  0m26.0s/1m30s

running (0m45.0s), 4/4 VUs, 79 complete and 0 interrupted iterations
catalog   [  30% ] 4 VUs  0m27.0s/1m30s

running (0m46.0s), 4/4 VUs, 82 complete and 0 interrupted iterations
catalog   [  31% ] 4 VUs  0m28.0s/1m30s

running (0m47.0s), 4/4 VUs, 84 complete and 0 interrupted iterations
catalog   [  32% ] 4 VUs  0m29.0s/1m30s

running (0m48.0s), 4/4 VUs, 88 complete and 0 interrupted iterations
catalog   [  33% ] 4 VUs  0m30.0s/1m30s

running (0m49.0s), 4/4 VUs, 91 complete and 0 interrupted iterations
catalog   [  34% ] 4 VUs  0m31.0s/1m30s

running (0m50.0s), 4/4 VUs, 94 complete and 0 interrupted iterations
catalog   [  36% ] 4 VUs  0m32.0s/1m30s

running (0m51.0s), 4/4 VUs, 96 complete and 0 interrupted iterations
catalog   [  37% ] 4 VUs  0m33.0s/1m30s

running (0m52.0s), 4/4 VUs, 99 complete and 0 interrupted iterations
catalog   [  38% ] 4 VUs  0m34.0s/1m30s

running (0m53.0s), 4/4 VUs, 103 complete and 0 interrupted iterations
catalog   [  39% ] 4 VUs  0m35.0s/1m30s

running (0m54.0s), 4/4 VUs, 106 complete and 0 interrupted iterations
catalog   [  40% ] 4 VUs  0m36.0s/1m30s

running (0m55.0s), 4/4 VUs, 108 complete and 0 interrupted iterations
catalog   [  41% ] 4 VUs  0m37.0s/1m30s

running (0m56.0s), 4/4 VUs, 112 complete and 0 interrupted iterations
catalog   [  42% ] 4 VUs  0m38.0s/1m30s

running (0m57.0s), 4/4 VUs, 115 complete and 0 interrupted iterations
catalog   [  43% ] 4 VUs  0m39.0s/1m30s

running (0m58.0s), 4/4 VUs, 119 complete and 0 interrupted iterations
catalog   [  44% ] 4 VUs  0m40.0s/1m30s

running (0m59.0s), 4/4 VUs, 120 complete and 0 interrupted iterations
catalog   [  46% ] 4 VUs  0m41.0s/1m30s

running (1m00.0s), 4/4 VUs, 123 complete and 0 interrupted iterations
catalog   [  47% ] 4 VUs  0m42.0s/1m30s

running (1m01.0s), 4/4 VUs, 127 complete and 0 interrupted iterations
catalog   [  48% ] 4 VUs  0m43.0s/1m30s

running (1m02.0s), 4/4 VUs, 131 complete and 0 interrupted iterations
catalog   [  49% ] 4 VUs  0m44.0s/1m30s

running (1m03.0s), 4/4 VUs, 133 complete and 0 interrupted iterations
catalog   [  50% ] 4 VUs  0m45.0s/1m30s

running (1m04.0s), 4/4 VUs, 136 complete and 0 interrupted iterations
catalog   [  51% ] 4 VUs  0m46.0s/1m30s

running (1m05.0s), 4/4 VUs, 140 complete and 0 interrupted iterations
catalog   [  52% ] 4 VUs  0m47.0s/1m30s

running (1m06.0s), 4/4 VUs, 144 complete and 0 interrupted iterations
catalog   [  53% ] 4 VUs  0m48.0s/1m30s

running (1m07.0s), 4/4 VUs, 145 complete and 0 interrupted iterations
catalog   [  54% ] 4 VUs  0m49.0s/1m30s

running (1m08.0s), 4/4 VUs, 149 complete and 0 interrupted iterations
catalog   [  56% ] 4 VUs  0m50.0s/1m30s

running (1m09.0s), 4/4 VUs, 153 complete and 0 interrupted iterations
catalog   [  57% ] 4 VUs  0m51.0s/1m30s

running (1m10.0s), 4/4 VUs, 154 complete and 0 interrupted iterations
catalog   [  58% ] 4 VUs  0m52.0s/1m30s

running (1m11.0s), 4/4 VUs, 158 complete and 0 interrupted iterations
catalog   [  59% ] 4 VUs  0m53.0s/1m30s

running (1m12.0s), 4/4 VUs, 161 complete and 0 interrupted iterations
catalog   [  60% ] 4 VUs  0m54.0s/1m30s

running (1m13.0s), 4/4 VUs, 165 complete and 0 interrupted iterations
catalog   [  61% ] 4 VUs  0m55.0s/1m30s

running (1m14.0s), 4/4 VUs, 167 complete and 0 interrupted iterations
catalog   [  62% ] 4 VUs  0m56.0s/1m30s

running (1m15.0s), 4/4 VUs, 170 complete and 0 interrupted iterations
catalog   [  63% ] 4 VUs  0m57.0s/1m30s

running (1m16.0s), 4/4 VUs, 174 complete and 0 interrupted iterations
catalog   [  64% ] 4 VUs  0m58.0s/1m30s

running (1m17.0s), 4/4 VUs, 177 complete and 0 interrupted iterations
catalog   [  66% ] 4 VUs  0m59.0s/1m30s

running (1m18.0s), 4/4 VUs, 179 complete and 0 interrupted iterations
catalog   [  67% ] 4 VUs  1m00.0s/1m30s

running (1m19.0s), 4/4 VUs, 183 complete and 0 interrupted iterations
catalog   [  68% ] 4 VUs  1m01.0s/1m30s

running (1m20.0s), 4/4 VUs, 185 complete and 0 interrupted iterations
catalog   [  69% ] 4 VUs  1m02.0s/1m30s

running (1m21.0s), 4/4 VUs, 189 complete and 0 interrupted iterations
catalog   [  70% ] 4 VUs  1m03.0s/1m30s

running (1m22.0s), 4/4 VUs, 192 complete and 0 interrupted iterations
catalog   [  71% ] 4 VUs  1m04.0s/1m30s

running (1m23.0s), 4/4 VUs, 196 complete and 0 interrupted iterations
catalog   [  72% ] 4 VUs  1m05.0s/1m30s

running (1m24.0s), 4/4 VUs, 200 complete and 0 interrupted iterations
catalog   [  73% ] 4 VUs  1m06.0s/1m30s

running (1m25.0s), 4/4 VUs, 201 complete and 0 interrupted iterations
catalog   [  74% ] 4 VUs  1m07.0s/1m30s

running (1m26.0s), 4/4 VUs, 205 complete and 0 interrupted iterations
catalog   [  76% ] 4 VUs  1m08.0s/1m30s

running (1m27.0s), 4/4 VUs, 208 complete and 0 interrupted iterations
catalog   [  77% ] 4 VUs  1m09.0s/1m30s

running (1m28.0s), 4/4 VUs, 212 complete and 0 interrupted iterations
catalog   [  78% ] 4 VUs  1m10.0s/1m30s

running (1m29.0s), 4/4 VUs, 213 complete and 0 interrupted iterations
catalog   [  79% ] 4 VUs  1m11.0s/1m30s

running (1m30.0s), 4/4 VUs, 216 complete and 0 interrupted iterations
catalog   [  80% ] 4 VUs  1m12.0s/1m30s

running (1m31.0s), 4/4 VUs, 220 complete and 0 interrupted iterations
catalog   [  81% ] 4 VUs  1m13.0s/1m30s

running (1m32.0s), 4/4 VUs, 221 complete and 0 interrupted iterations
catalog   [  82% ] 4 VUs  1m14.0s/1m30s

running (1m33.0s), 4/4 VUs, 225 complete and 0 interrupted iterations
catalog   [  83% ] 4 VUs  1m15.0s/1m30s

running (1m34.0s), 4/4 VUs, 229 complete and 0 interrupted iterations
catalog   [  84% ] 4 VUs  1m16.0s/1m30s

running (1m35.0s), 4/4 VUs, 232 complete and 0 interrupted iterations
catalog   [  86% ] 4 VUs  1m17.0s/1m30s

running (1m36.0s), 4/4 VUs, 235 complete and 0 interrupted iterations
catalog   [  87% ] 4 VUs  1m18.0s/1m30s

running (1m37.0s), 4/4 VUs, 238 complete and 0 interrupted iterations
catalog   [  88% ] 4 VUs  1m19.0s/1m30s

running (1m38.0s), 4/4 VUs, 241 complete and 0 interrupted iterations
catalog   [  89% ] 4 VUs  1m20.0s/1m30s

running (1m39.0s), 4/4 VUs, 245 complete and 0 interrupted iterations
catalog   [  90% ] 4 VUs  1m21.0s/1m30s

running (1m40.0s), 4/4 VUs, 249 complete and 0 interrupted iterations
catalog   [  91% ] 4 VUs  1m22.0s/1m30s

running (1m41.0s), 4/4 VUs, 251 complete and 0 interrupted iterations
catalog   [  92% ] 4 VUs  1m23.0s/1m30s

running (1m42.0s), 4/4 VUs, 254 complete and 0 interrupted iterations
catalog   [  93% ] 4 VUs  1m24.0s/1m30s

running (1m43.0s), 4/4 VUs, 257 complete and 0 interrupted iterations
catalog   [  94% ] 4 VUs  1m25.0s/1m30s

running (1m44.0s), 4/4 VUs, 260 complete and 0 interrupted iterations
catalog   [  96% ] 4 VUs  1m26.0s/1m30s

running (1m45.0s), 4/4 VUs, 263 complete and 0 interrupted iterations
catalog   [  97% ] 4 VUs  1m27.0s/1m30s

running (1m46.0s), 4/4 VUs, 265 complete and 0 interrupted iterations
catalog   [  98% ] 4 VUs  1m28.0s/1m30s

running (1m47.0s), 4/4 VUs, 269 complete and 0 interrupted iterations
catalog   [  99% ] 4 VUs  1m29.0s/1m30s

running (1m48.0s), 4/4 VUs, 272 complete and 0 interrupted iterations
catalog ↓ [ 100% ] 4 VUs  1m30s

================ DSP benchmark summary ================
-- per-phase latency --
  catalog                    p50=1195.7 ms  p95=1602.4 ms  p99=1703.6 ms  max=1745.6 ms  n=276
  negotiation init (POST)    (no data)
  time-to-AGREED (async)     (no data)
  transfer init (POST)       (no data)
  time-to-EDR (async)        (no data)
  data pull                  (no data)
-- end-to-end + throughput --
  e2e transaction            (no data)
  data throughput (MB/s)     (no data)
-- outcomes --
  transactions succeeded     count=276  rate=2.535/s
  transactions failed        (no data)
  failed rate                rate=0.00%  (pass=0 fail=276)
    of which TERMINATED      (no data)
    of which TIMED OUT       (no data)
    of which HTTP-FAILED     (no data)
  failure accounting       (no failures)
-- observer effect (poll load) --
  negotiation polls          (no data)
  edr polls                  (no data)
  polls per transaction     negotiation=0.0  edr=0.0  (timeout ceiling=120)
=======================================================
(full summary -> /home/rohitj/edc/benchmarking-factoryx-edc/resources/local-fx-mvd/k6-scripts/results/factoryx/on/catalog-sweep/2026-08-10T11-38-53Z/k6-summary.json; POLL_INTERVAL_MS=250; IDENTITY_MODE=on)

running (1m48.9s), 0/4 VUs, 276 complete and 0 interrupted iterations
catalog ✓ [ 100% ] 4 VUs  1m30s
Prometheus snapshot [1786362018..1786362142] svc=(provider-controlplane|provider-dataplane|consumer-controlplane|consumer-dataplane) win=1m -> /home/rohitj/edc/benchmarking-factoryx-edc/resources/local-fx-mvd/k6-scripts/results/factoryx/on/catalog-sweep/2026-08-10T11-38-53Z
  jvm-heap.csv (100 rows)
  jvm-gc-rate.csv (100 rows)
  jvm-threads.csv (100 rows)
  http-throughput.csv (100 rows)
  http-p95.csv (100 rows)
  http-errors.csv (50 rows)
  http-errors-5xx.csv (0 rows)
  http-status.csv (50 rows)
  host-cpu-busy.csv (25 rows)
  host-mem-used.csv (25 rows)
  5xx: no 5xx in window (confirmed: http-status has 50 samples, so the status label IS scraped)
  logs -> /home/rohitj/edc/benchmarking-factoryx-edc/resources/local-fx-mvd/k6-scripts/results/factoryx/on/catalog-sweep/2026-08-10T11-38-53Z/logs (4 files)
    consumer-controlplane.log:0
    consumer-dataplane.log:0
    provider-controlplane.log:0
    provider-dataplane.log:0
VALIDITY  ok=276  failed=0  failed_rate=0%  dropped_iterations=0
>>> done: /home/rohitj/edc/benchmarking-factoryx-edc/resources/local-fx-mvd/k6-scripts/results/factoryx/on/catalog-sweep/2026-08-10T11-38-53Z  (k6 exit 0)
===== repetition 2/2 =====
----- factoryx / catalog-sweep (rep 2) -----
>>> factoryx / catalog-sweep  ->  /home/rohitj/edc/benchmarking-factoryx-edc/resources/local-fx-mvd/k6-scripts/results/factoryx/on/catalog-sweep/2026-08-10T11-42-23Z
parity OK: lib/ + scenarios/ + orchestration/ + tools/ identical to /home/rohitj/edc/benchmarking-factoryx-edc/resources/local-fx-mvd/k6-scripts
Health: http://localhost:29010/management + prometheus  OK
Warmup 60s @ 1/s (discarded)
  draining 20s before the measured window opens
k6 -> Prometheus remote-write: http://localhost:9090/api/v1/write

         /\      Grafana   /‾‾/  
    /\  /  \     |\  __   /  /   
   /  \/    \    | |/ /  /   ‾‾\ 
  /          \   |   (  |  (‾)  |
 / __________ \  |_|\_\  \_____/ 


     execution: local
        script: /home/rohitj/edc/benchmarking-factoryx-edc/resources/local-fx-mvd/k6-scripts/scenarios/catalog-sweep.js
        output: Prometheus remote write (http://localhost:9090/api/v1/write)

     scenarios: (100.00%) 1 scenario, 4 max VUs, 2m0s max duration (incl. graceful stop):
              * catalog: 4 looping VUs for 1m30s (gracefulStop: 30s)


running (0m01.0s), 4/4 VUs, 0 complete and 0 interrupted iterations
catalog   [   1% ] 4 VUs  0m01.0s/1m30s

running (0m02.0s), 4/4 VUs, 4 complete and 0 interrupted iterations
catalog   [   2% ] 4 VUs  0m02.0s/1m30s

running (0m03.0s), 4/4 VUs, 7 complete and 0 interrupted iterations
catalog   [   3% ] 4 VUs  0m03.0s/1m30s

running (0m04.0s), 4/4 VUs, 10 complete and 0 interrupted iterations
catalog   [   4% ] 4 VUs  0m04.0s/1m30s

running (0m05.0s), 4/4 VUs, 12 complete and 0 interrupted iterations
catalog   [   6% ] 4 VUs  0m05.0s/1m30s

running (0m06.0s), 4/4 VUs, 16 complete and 0 interrupted iterations
catalog   [   7% ] 4 VUs  0m06.0s/1m30s

running (0m07.0s), 4/4 VUs, 19 complete and 0 interrupted iterations
catalog   [   8% ] 4 VUs  0m07.0s/1m30s

running (0m08.0s), 4/4 VUs, 23 complete and 0 interrupted iterations
catalog   [   9% ] 4 VUs  0m08.0s/1m30s

running (0m09.0s), 4/4 VUs, 25 complete and 0 interrupted iterations
catalog   [  10% ] 4 VUs  0m09.0s/1m30s

running (0m10.0s), 4/4 VUs, 29 complete and 0 interrupted iterations
catalog   [  11% ] 4 VUs  0m10.0s/1m30s

running (0m11.0s), 4/4 VUs, 33 complete and 0 interrupted iterations
catalog   [  12% ] 4 VUs  0m11.0s/1m30s

running (0m12.0s), 4/4 VUs, 35 complete and 0 interrupted iterations
catalog   [  13% ] 4 VUs  0m12.0s/1m30s

running (0m13.0s), 4/4 VUs, 39 complete and 0 interrupted iterations
catalog   [  14% ] 4 VUs  0m13.0s/1m30s

running (0m14.0s), 4/4 VUs, 43 complete and 0 interrupted iterations
catalog   [  16% ] 4 VUs  0m14.0s/1m30s

running (0m15.0s), 4/4 VUs, 46 complete and 0 interrupted iterations
catalog   [  17% ] 4 VUs  0m15.0s/1m30s

running (0m16.0s), 4/4 VUs, 49 complete and 0 interrupted iterations
catalog   [  18% ] 4 VUs  0m16.0s/1m30s

running (0m17.0s), 4/4 VUs, 51 complete and 0 interrupted iterations
catalog   [  19% ] 4 VUs  0m17.0s/1m30s

running (0m18.0s), 4/4 VUs, 55 complete and 0 interrupted iterations
catalog   [  20% ] 4 VUs  0m18.0s/1m30s

running (0m19.0s), 4/4 VUs, 59 complete and 0 interrupted iterations
catalog   [  21% ] 4 VUs  0m19.0s/1m30s

running (0m20.0s), 4/4 VUs, 61 complete and 0 interrupted iterations
catalog   [  22% ] 4 VUs  0m20.0s/1m30s

running (0m21.0s), 4/4 VUs, 64 complete and 0 interrupted iterations
catalog   [  23% ] 4 VUs  0m21.0s/1m30s

running (0m22.0s), 4/4 VUs, 68 complete and 0 interrupted iterations
catalog   [  24% ] 4 VUs  0m22.0s/1m30s

running (0m23.0s), 4/4 VUs, 71 complete and 0 interrupted iterations
catalog   [  26% ] 4 VUs  0m23.0s/1m30s

running (0m24.0s), 4/4 VUs, 73 complete and 0 interrupted iterations
catalog   [  27% ] 4 VUs  0m24.0s/1m30s

running (0m25.0s), 4/4 VUs, 77 complete and 0 interrupted iterations
catalog   [  28% ] 4 VUs  0m25.0s/1m30s

running (0m26.0s), 4/4 VUs, 80 complete and 0 interrupted iterations
catalog   [  29% ] 4 VUs  0m26.0s/1m30s

running (0m27.0s), 4/4 VUs, 82 complete and 0 interrupted iterations
catalog   [  30% ] 4 VUs  0m27.0s/1m30s

running (0m28.0s), 4/4 VUs, 86 complete and 0 interrupted iterations
catalog   [  31% ] 4 VUs  0m28.0s/1m30s

running (0m29.0s), 4/4 VUs, 89 complete and 0 interrupted iterations
catalog   [  32% ] 4 VUs  0m29.0s/1m30s

running (0m30.0s), 4/4 VUs, 92 complete and 0 interrupted iterations
catalog   [  33% ] 4 VUs  0m30.0s/1m30s

running (0m31.0s), 4/4 VUs, 94 complete and 0 interrupted iterations
catalog   [  34% ] 4 VUs  0m31.0s/1m30s

running (0m32.0s), 4/4 VUs, 98 complete and 0 interrupted iterations
catalog   [  36% ] 4 VUs  0m32.0s/1m30s

running (0m33.0s), 4/4 VUs, 102 complete and 0 interrupted iterations
catalog   [  37% ] 4 VUs  0m33.0s/1m30s

running (0m34.0s), 4/4 VUs, 103 complete and 0 interrupted iterations
catalog   [  38% ] 4 VUs  0m34.0s/1m30s

running (0m35.0s), 4/4 VUs, 106 complete and 0 interrupted iterations
catalog   [  39% ] 4 VUs  0m35.0s/1m30s

running (0m36.0s), 4/4 VUs, 110 complete and 0 interrupted iterations
catalog   [  40% ] 4 VUs  0m36.0s/1m30s

running (0m37.0s), 4/4 VUs, 112 complete and 0 interrupted iterations
catalog   [  41% ] 4 VUs  0m37.0s/1m30s

running (0m38.0s), 4/4 VUs, 116 complete and 0 interrupted iterations
catalog   [  42% ] 4 VUs  0m38.0s/1m30s

running (0m39.0s), 4/4 VUs, 118 complete and 0 interrupted iterations
catalog   [  43% ] 4 VUs  0m39.0s/1m30s

running (0m40.0s), 4/4 VUs, 122 complete and 0 interrupted iterations
catalog   [  44% ] 4 VUs  0m40.0s/1m30s

running (0m41.0s), 4/4 VUs, 126 complete and 0 interrupted iterations
catalog   [  46% ] 4 VUs  0m41.0s/1m30s

running (0m42.0s), 4/4 VUs, 128 complete and 0 interrupted iterations
catalog   [  47% ] 4 VUs  0m42.0s/1m30s

running (0m43.0s), 4/4 VUs, 132 complete and 0 interrupted iterations
catalog   [  48% ] 4 VUs  0m43.0s/1m30s

running (0m44.0s), 4/4 VUs, 134 complete and 0 interrupted iterations
catalog   [  49% ] 4 VUs  0m44.0s/1m30s

running (0m45.0s), 4/4 VUs, 136 complete and 0 interrupted iterations
catalog   [  50% ] 4 VUs  0m45.0s/1m30s

running (0m46.0s), 4/4 VUs, 140 complete and 0 interrupted iterations
catalog   [  51% ] 4 VUs  0m46.0s/1m30s

running (0m47.0s), 4/4 VUs, 144 complete and 0 interrupted iterations
catalog   [  52% ] 4 VUs  0m47.0s/1m30s

running (0m48.0s), 4/4 VUs, 148 complete and 0 interrupted iterations
catalog   [  53% ] 4 VUs  0m48.0s/1m30s

running (0m49.0s), 4/4 VUs, 150 complete and 0 interrupted iterations
catalog   [  54% ] 4 VUs  0m49.0s/1m30s

running (0m50.0s), 4/4 VUs, 154 complete and 0 interrupted iterations
catalog   [  56% ] 4 VUs  0m50.0s/1m30s

running (0m51.0s), 4/4 VUs, 156 complete and 0 interrupted iterations
catalog   [  57% ] 4 VUs  0m51.0s/1m30s

running (0m52.0s), 4/4 VUs, 158 complete and 0 interrupted iterations
catalog   [  58% ] 4 VUs  0m52.0s/1m30s

running (0m53.0s), 4/4 VUs, 162 complete and 0 interrupted iterations
catalog   [  59% ] 4 VUs  0m53.0s/1m30s

running (0m54.0s), 4/4 VUs, 166 complete and 0 interrupted iterations
catalog   [  60% ] 4 VUs  0m54.0s/1m30s

running (0m55.0s), 4/4 VUs, 170 complete and 0 interrupted iterations
catalog   [  61% ] 4 VUs  0m55.0s/1m30s

running (0m56.0s), 4/4 VUs, 172 complete and 0 interrupted iterations
catalog   [  62% ] 4 VUs  0m56.0s/1m30s

running (0m57.0s), 4/4 VUs, 174 complete and 0 interrupted iterations
catalog   [  63% ] 4 VUs  0m57.0s/1m30s

running (0m58.0s), 4/4 VUs, 178 complete and 0 interrupted iterations
catalog   [  64% ] 4 VUs  0m58.0s/1m30s

running (0m59.0s), 4/4 VUs, 180 complete and 0 interrupted iterations
catalog   [  66% ] 4 VUs  0m59.0s/1m30s

running (1m00.0s), 4/4 VUs, 182 complete and 0 interrupted iterations
catalog   [  67% ] 4 VUs  1m00.0s/1m30s

running (1m01.0s), 4/4 VUs, 186 complete and 0 interrupted iterations
catalog   [  68% ] 4 VUs  1m01.0s/1m30s

running (1m02.0s), 4/4 VUs, 190 complete and 0 interrupted iterations
catalog   [  69% ] 4 VUs  1m02.0s/1m30s

running (1m03.0s), 4/4 VUs, 192 complete and 0 interrupted iterations
catalog   [  70% ] 4 VUs  1m03.0s/1m30s

running (1m04.0s), 4/4 VUs, 194 complete and 0 interrupted iterations
catalog   [  71% ] 4 VUs  1m04.0s/1m30s

running (1m05.0s), 4/4 VUs, 198 complete and 0 interrupted iterations
catalog   [  72% ] 4 VUs  1m05.0s/1m30s

running (1m06.0s), 4/4 VUs, 202 complete and 0 interrupted iterations
catalog   [  73% ] 4 VUs  1m06.0s/1m30s

running (1m07.0s), 4/4 VUs, 205 complete and 0 interrupted iterations
catalog   [  74% ] 4 VUs  1m07.0s/1m30s

running (1m08.0s), 4/4 VUs, 209 complete and 0 interrupted iterations
catalog   [  76% ] 4 VUs  1m08.0s/1m30s

running (1m09.0s), 4/4 VUs, 210 complete and 0 interrupted iterations
catalog   [  77% ] 4 VUs  1m09.0s/1m30s

running (1m10.0s), 4/4 VUs, 214 complete and 0 interrupted iterations
catalog   [  78% ] 4 VUs  1m10.0s/1m30s

running (1m11.0s), 4/4 VUs, 217 complete and 0 interrupted iterations
catalog   [  79% ] 4 VUs  1m11.0s/1m30s

running (1m12.0s), 4/4 VUs, 221 complete and 0 interrupted iterations
catalog   [  80% ] 4 VUs  1m12.0s/1m30s

running (1m13.0s), 4/4 VUs, 225 complete and 0 interrupted iterations
catalog   [  81% ] 4 VUs  1m13.0s/1m30s

running (1m14.0s), 4/4 VUs, 228 complete and 0 interrupted iterations
catalog   [  82% ] 4 VUs  1m14.0s/1m30s

running (1m15.0s), 4/4 VUs, 231 complete and 0 interrupted iterations
catalog   [  83% ] 4 VUs  1m15.0s/1m30s

running (1m16.0s), 4/4 VUs, 233 complete and 0 interrupted iterations
catalog   [  84% ] 4 VUs  1m16.0s/1m30s

running (1m17.0s), 4/4 VUs, 237 complete and 0 interrupted iterations
catalog   [  86% ] 4 VUs  1m17.0s/1m30s

running (1m18.0s), 4/4 VUs, 240 complete and 0 interrupted iterations
catalog   [  87% ] 4 VUs  1m18.0s/1m30s

running (1m19.0s), 4/4 VUs, 243 complete and 0 interrupted iterations
catalog   [  88% ] 4 VUs  1m19.0s/1m30s

running (1m20.0s), 4/4 VUs, 246 complete and 0 interrupted iterations
catalog   [  89% ] 4 VUs  1m20.0s/1m30s

running (1m21.0s), 4/4 VUs, 249 complete and 0 interrupted iterations
catalog   [  90% ] 4 VUs  1m21.0s/1m30s

running (1m22.0s), 4/4 VUs, 252 complete and 0 interrupted iterations
catalog   [  91% ] 4 VUs  1m22.0s/1m30s

running (1m23.0s), 4/4 VUs, 255 complete and 0 interrupted iterations
catalog   [  92% ] 4 VUs  1m23.0s/1m30s

running (1m24.0s), 4/4 VUs, 259 complete and 0 interrupted iterations
catalog   [  93% ] 4 VUs  1m24.0s/1m30s

running (1m25.0s), 4/4 VUs, 260 complete and 0 interrupted iterations
catalog   [  94% ] 4 VUs  1m25.0s/1m30s

running (1m26.0s), 4/4 VUs, 264 complete and 0 interrupted iterations
catalog   [  96% ] 4 VUs  1m26.0s/1m30s

running (1m27.0s), 4/4 VUs, 267 complete and 0 interrupted iterations
catalog   [  97% ] 4 VUs  1m27.0s/1m30s

running (1m28.0s), 4/4 VUs, 270 complete and 0 interrupted iterations
catalog   [  98% ] 4 VUs  1m28.0s/1m30s

running (1m29.0s), 4/4 VUs, 272 complete and 0 interrupted iterations
catalog   [  99% ] 4 VUs  1m29.0s/1m30s

running (1m30.0s), 4/4 VUs, 276 complete and 0 interrupted iterations
catalog   [ 100% ] 4 VUs  1m30.0s/1m30s

================ DSP benchmark summary ================
-- per-phase latency --
  catalog                    p50=1186.1 ms  p95=1513.2 ms  p99=1608.6 ms  max=1663.8 ms  n=280
  negotiation init (POST)    (no data)
  time-to-AGREED (async)     (no data)
  transfer init (POST)       (no data)
  time-to-EDR (async)        (no data)
  data pull                  (no data)
-- end-to-end + throughput --
  e2e transaction            (no data)
  data throughput (MB/s)     (no data)
-- outcomes --
  transactions succeeded     count=280  rate=3.084/s
  transactions failed        (no data)
  failed rate                rate=0.00%  (pass=0 fail=280)
    of which TERMINATED      (no data)
    of which TIMED OUT       (no data)
    of which HTTP-FAILED     (no data)
  failure accounting       (no failures)
-- observer effect (poll load) --
  negotiation polls          (no data)
  edr polls                  (no data)
  polls per transaction     negotiation=0.0  edr=0.0  (timeout ceiling=120)
=======================================================
(full summary -> /home/rohitj/edc/benchmarking-factoryx-edc/resources/local-fx-mvd/k6-scripts/results/factoryx/on/catalog-sweep/2026-08-10T11-42-23Z/k6-summary.json; POLL_INTERVAL_MS=250; IDENTITY_MODE=on)

running (1m30.8s), 0/4 VUs, 280 complete and 0 interrupted iterations
catalog ✓ [ 100% ] 4 VUs  1m30s
Prometheus snapshot [1786362228..1786362334] svc=(provider-controlplane|provider-dataplane|consumer-controlplane|consumer-dataplane) win=1m -> /home/rohitj/edc/benchmarking-factoryx-edc/resources/local-fx-mvd/k6-scripts/results/factoryx/on/catalog-sweep/2026-08-10T11-42-23Z
  jvm-heap.csv (88 rows)
  jvm-gc-rate.csv (88 rows)
  jvm-threads.csv (88 rows)
  http-throughput.csv (88 rows)
  http-p95.csv (88 rows)
  http-errors.csv (44 rows)
  http-errors-5xx.csv (0 rows)
  http-status.csv (44 rows)
  host-cpu-busy.csv (22 rows)
  host-mem-used.csv (22 rows)
  5xx: no 5xx in window (confirmed: http-status has 44 samples, so the status label IS scraped)
  logs -> /home/rohitj/edc/benchmarking-factoryx-edc/resources/local-fx-mvd/k6-scripts/results/factoryx/on/catalog-sweep/2026-08-10T11-42-23Z/logs (4 files)
    consumer-controlplane.log:0
    consumer-dataplane.log:0
    provider-controlplane.log:0
    provider-dataplane.log:0
VALIDITY  ok=280  failed=0  failed_rate=0%  dropped_iterations=0
>>> done: /home/rohitj/edc/benchmarking-factoryx-edc/resources/local-fx-mvd/k6-scripts/results/factoryx/on/catalog-sweep/2026-08-10T11-42-23Z  (k6 exit 0)
>>> factoryx / catalog-sweep  ->  /home/rohitj/edc/benchmarking-factoryx-edc/resources/local-fx-mvd/k6-scripts/results/factoryx/on/catalog-sweep/2026-08-10T11-45-35Z
parity OK: lib/ + scenarios/ + orchestration/ + tools/ identical to /home/rohitj/edc/benchmarking-factoryx-edc/resources/local-fx-mvd/k6-scripts
Health: http://localhost:29010/management + prometheus  OK
Warmup 60s @ 1/s (discarded)
  draining 20s before the measured window opens
k6 -> Prometheus remote-write: http://localhost:9090/api/v1/write

         /\      Grafana   /‾‾/  
    /\  /  \     |\  __   /  /   
   /  \/    \    | |/ /  /   ‾‾\ 
  /          \   |   (  |  (‾)  |
 / __________ \  |_|\_\  \_____/ 


     execution: local
        script: /home/rohitj/edc/benchmarking-factoryx-edc/resources/local-fx-mvd/k6-scripts/scenarios/catalog-sweep.js
        output: Prometheus remote write (http://localhost:9090/api/v1/write)

     scenarios: (100.00%) 1 scenario, 4 max VUs, 2m0s max duration (incl. graceful stop):
              * catalog: 4 looping VUs for 1m30s (gracefulStop: 30s)


running (0m01.0s), 4/4 VUs, 1 complete and 0 interrupted iterations
catalog   [   1% ] 4 VUs  0m01.0s/1m30s

running (0m02.0s), 4/4 VUs, 4 complete and 0 interrupted iterations
catalog   [   2% ] 4 VUs  0m02.0s/1m30s

running (0m03.0s), 4/4 VUs, 4 complete and 0 interrupted iterations
catalog   [   3% ] 4 VUs  0m03.0s/1m30s

running (0m04.0s), 4/4 VUs, 8 complete and 0 interrupted iterations
catalog   [   4% ] 4 VUs  0m04.0s/1m30s

running (0m05.0s), 4/4 VUs, 12 complete and 0 interrupted iterations
catalog   [   6% ] 4 VUs  0m05.0s/1m30s

running (0m06.0s), 4/4 VUs, 12 complete and 0 interrupted iterations
catalog   [   7% ] 4 VUs  0m06.0s/1m30s

running (0m07.0s), 4/4 VUs, 16 complete and 0 interrupted iterations
catalog   [   8% ] 4 VUs  0m07.0s/1m30s

running (0m08.0s), 4/4 VUs, 20 complete and 0 interrupted iterations
catalog   [   9% ] 4 VUs  0m08.0s/1m30s

running (0m09.0s), 4/4 VUs, 21 complete and 0 interrupted iterations
catalog   [  10% ] 4 VUs  0m09.0s/1m30s

running (0m10.0s), 4/4 VUs, 24 complete and 0 interrupted iterations
catalog   [  11% ] 4 VUs  0m10.0s/1m30s

running (0m11.0s), 4/4 VUs, 28 complete and 0 interrupted iterations
catalog   [  12% ] 4 VUs  0m11.0s/1m30s

running (0m12.0s), 4/4 VUs, 32 complete and 0 interrupted iterations
catalog   [  13% ] 4 VUs  0m12.0s/1m30s

running (0m13.0s), 4/4 VUs, 34 complete and 0 interrupted iterations
catalog   [  14% ] 4 VUs  0m13.0s/1m30s

running (0m14.0s), 4/4 VUs, 37 complete and 0 interrupted iterations
catalog   [  16% ] 4 VUs  0m14.0s/1m30s

running (0m15.0s), 4/4 VUs, 41 complete and 0 interrupted iterations
catalog   [  17% ] 4 VUs  0m15.0s/1m30s

running (0m16.0s), 4/4 VUs, 44 complete and 0 interrupted iterations
catalog   [  18% ] 4 VUs  0m16.0s/1m30s

running (0m17.0s), 4/4 VUs, 47 complete and 0 interrupted iterations
catalog   [  19% ] 4 VUs  0m17.0s/1m30s

running (0m18.0s), 4/4 VUs, 49 complete and 0 interrupted iterations
catalog   [  20% ] 4 VUs  0m18.0s/1m30s

running (0m19.0s), 4/4 VUs, 53 complete and 0 interrupted iterations
catalog   [  21% ] 4 VUs  0m19.0s/1m30s

running (0m20.0s), 4/4 VUs, 56 complete and 0 interrupted iterations
catalog   [  22% ] 4 VUs  0m20.0s/1m30s

running (0m21.0s), 4/4 VUs, 60 complete and 0 interrupted iterations
catalog   [  23% ] 4 VUs  0m21.0s/1m30s

running (0m22.0s), 4/4 VUs, 64 complete and 0 interrupted iterations
catalog   [  24% ] 4 VUs  0m22.0s/1m30s

running (0m23.0s), 4/4 VUs, 66 complete and 0 interrupted iterations
catalog   [  26% ] 4 VUs  0m23.0s/1m30s

running (0m24.0s), 4/4 VUs, 68 complete and 0 interrupted iterations
catalog   [  27% ] 4 VUs  0m24.0s/1m30s

running (0m25.0s), 4/4 VUs, 72 complete and 0 interrupted iterations
catalog   [  28% ] 4 VUs  0m25.0s/1m30s

running (0m26.0s), 4/4 VUs, 75 complete and 0 interrupted iterations
catalog   [  29% ] 4 VUs  0m26.0s/1m30s

running (0m27.0s), 4/4 VUs, 76 complete and 0 interrupted iterations
catalog   [  30% ] 4 VUs  0m27.0s/1m30s

running (0m28.0s), 4/4 VUs, 80 complete and 0 interrupted iterations
catalog   [  31% ] 4 VUs  0m28.0s/1m30s

running (0m29.0s), 4/4 VUs, 82 complete and 0 interrupted iterations
catalog   [  32% ] 4 VUs  0m29.0s/1m30s

running (0m30.0s), 4/4 VUs, 85 complete and 0 interrupted iterations
catalog   [  33% ] 4 VUs  0m30.0s/1m30s

running (0m31.0s), 4/4 VUs, 89 complete and 0 interrupted iterations
catalog   [  34% ] 4 VUs  0m31.0s/1m30s

running (0m32.0s), 4/4 VUs, 92 complete and 0 interrupted iterations
catalog   [  36% ] 4 VUs  0m32.0s/1m30s

running (0m33.0s), 4/4 VUs, 95 complete and 0 interrupted iterations
catalog   [  37% ] 4 VUs  0m33.0s/1m30s

running (0m34.0s), 4/4 VUs, 99 complete and 0 interrupted iterations
catalog   [  38% ] 4 VUs  0m34.0s/1m30s

running (0m35.0s), 4/4 VUs, 103 complete and 0 interrupted iterations
catalog   [  39% ] 4 VUs  0m35.0s/1m30s

running (0m36.0s), 4/4 VUs, 105 complete and 0 interrupted iterations
catalog   [  40% ] 4 VUs  0m36.0s/1m30s

running (0m37.0s), 4/4 VUs, 108 complete and 0 interrupted iterations
catalog   [  41% ] 4 VUs  0m37.0s/1m30s

running (0m38.0s), 4/4 VUs, 112 complete and 0 interrupted iterations
catalog   [  42% ] 4 VUs  0m38.0s/1m30s

running (0m39.0s), 4/4 VUs, 116 complete and 0 interrupted iterations
catalog   [  43% ] 4 VUs  0m39.0s/1m30s

running (0m40.0s), 4/4 VUs, 118 complete and 0 interrupted iterations
catalog   [  44% ] 4 VUs  0m40.0s/1m30s

running (0m41.0s), 4/4 VUs, 120 complete and 0 interrupted iterations
catalog   [  46% ] 4 VUs  0m41.0s/1m30s

running (0m42.0s), 4/4 VUs, 124 complete and 0 interrupted iterations
catalog   [  47% ] 4 VUs  0m42.0s/1m30s

running (0m43.0s), 4/4 VUs, 128 complete and 0 interrupted iterations
catalog   [  48% ] 4 VUs  0m43.0s/1m30s

running (0m44.0s), 4/4 VUs, 130 complete and 0 interrupted iterations
catalog   [  49% ] 4 VUs  0m44.0s/1m30s

running (0m45.0s), 4/4 VUs, 134 complete and 0 interrupted iterations
catalog   [  50% ] 4 VUs  0m45.0s/1m30s

running (0m46.0s), 4/4 VUs, 137 complete and 0 interrupted iterations
catalog   [  51% ] 4 VUs  0m46.0s/1m30s

running (0m47.0s), 4/4 VUs, 140 complete and 0 interrupted iterations
catalog   [  52% ] 4 VUs  0m47.0s/1m30s

running (0m48.0s), 4/4 VUs, 142 complete and 0 interrupted iterations
catalog   [  53% ] 4 VUs  0m48.0s/1m30s

running (0m49.0s), 4/4 VUs, 146 complete and 0 interrupted iterations
catalog   [  54% ] 4 VUs  0m49.0s/1m30s

running (0m50.0s), 4/4 VUs, 149 complete and 0 interrupted iterations
catalog   [  56% ] 4 VUs  0m50.0s/1m30s

running (0m51.0s), 4/4 VUs, 152 complete and 0 interrupted iterations
catalog   [  57% ] 4 VUs  0m51.0s/1m30s

running (0m52.0s), 4/4 VUs, 155 complete and 0 interrupted iterations
catalog   [  58% ] 4 VUs  0m52.0s/1m30s

running (0m53.0s), 4/4 VUs, 157 complete and 0 interrupted iterations
catalog   [  59% ] 4 VUs  0m53.0s/1m30s

running (0m54.0s), 4/4 VUs, 161 complete and 0 interrupted iterations
catalog   [  60% ] 4 VUs  0m54.0s/1m30s

running (0m55.0s), 4/4 VUs, 164 complete and 0 interrupted iterations
catalog   [  61% ] 4 VUs  0m55.0s/1m30s

running (0m56.0s), 4/4 VUs, 168 complete and 0 interrupted iterations
catalog   [  62% ] 4 VUs  0m56.0s/1m30s

running (0m57.0s), 4/4 VUs, 169 complete and 0 interrupted iterations
catalog   [  63% ] 4 VUs  0m57.0s/1m30s

running (0m58.0s), 4/4 VUs, 173 complete and 0 interrupted iterations
catalog   [  64% ] 4 VUs  0m58.0s/1m30s

running (0m59.0s), 4/4 VUs, 176 complete and 0 interrupted iterations
catalog   [  66% ] 4 VUs  0m59.0s/1m30s

running (1m00.0s), 4/4 VUs, 180 complete and 0 interrupted iterations
catalog   [  67% ] 4 VUs  1m00.0s/1m30s

running (1m01.0s), 4/4 VUs, 182 complete and 0 interrupted iterations
catalog   [  68% ] 4 VUs  1m01.0s/1m30s

running (1m02.0s), 4/4 VUs, 185 complete and 0 interrupted iterations
catalog   [  69% ] 4 VUs  1m02.0s/1m30s

running (1m03.0s), 4/4 VUs, 188 complete and 0 interrupted iterations
catalog   [  70% ] 4 VUs  1m03.0s/1m30s

running (1m04.0s), 4/4 VUs, 192 complete and 0 interrupted iterations
catalog   [  71% ] 4 VUs  1m04.0s/1m30s

running (1m05.0s), 4/4 VUs, 194 complete and 0 interrupted iterations
catalog   [  72% ] 4 VUs  1m05.0s/1m30s

running (1m06.0s), 4/4 VUs, 197 complete and 0 interrupted iterations
catalog   [  73% ] 4 VUs  1m06.0s/1m30s

running (1m07.0s), 4/4 VUs, 200 complete and 0 interrupted iterations
catalog   [  74% ] 4 VUs  1m07.0s/1m30s

running (1m08.0s), 4/4 VUs, 204 complete and 0 interrupted iterations
catalog   [  76% ] 4 VUs  1m08.0s/1m30s

running (1m09.0s), 4/4 VUs, 205 complete and 0 interrupted iterations
catalog   [  77% ] 4 VUs  1m09.0s/1m30s

running (1m10.0s), 4/4 VUs, 209 complete and 0 interrupted iterations
catalog   [  78% ] 4 VUs  1m10.0s/1m30s

running (1m11.0s), 4/4 VUs, 213 complete and 0 interrupted iterations
catalog   [  79% ] 4 VUs  1m11.0s/1m30s

running (1m12.0s), 4/4 VUs, 217 complete and 0 interrupted iterations
catalog   [  80% ] 4 VUs  1m12.0s/1m30s

running (1m13.0s), 4/4 VUs, 219 complete and 0 interrupted iterations
catalog   [  81% ] 4 VUs  1m13.0s/1m30s

running (1m14.0s), 4/4 VUs, 221 complete and 0 interrupted iterations
catalog   [  82% ] 4 VUs  1m14.0s/1m30s

running (1m15.0s), 4/4 VUs, 225 complete and 0 interrupted iterations
catalog   [  83% ] 4 VUs  1m15.0s/1m30s

running (1m16.0s), 4/4 VUs, 229 complete and 0 interrupted iterations
catalog   [  84% ] 4 VUs  1m16.0s/1m30s

running (1m17.0s), 4/4 VUs, 232 complete and 0 interrupted iterations
catalog   [  86% ] 4 VUs  1m17.0s/1m30s

running (1m18.0s), 4/4 VUs, 234 complete and 0 interrupted iterations
catalog   [  87% ] 4 VUs  1m18.0s/1m30s

running (1m19.0s), 4/4 VUs, 238 complete and 0 interrupted iterations
catalog   [  88% ] 4 VUs  1m19.0s/1m30s

running (1m20.0s), 4/4 VUs, 241 complete and 0 interrupted iterations
catalog   [  89% ] 4 VUs  1m20.0s/1m30s

running (1m21.0s), 4/4 VUs, 244 complete and 0 interrupted iterations
catalog   [  90% ] 4 VUs  1m21.0s/1m30s

running (1m22.0s), 4/4 VUs, 248 complete and 0 interrupted iterations
catalog   [  91% ] 4 VUs  1m22.0s/1m30s

running (1m23.0s), 4/4 VUs, 249 complete and 0 interrupted iterations
catalog   [  92% ] 4 VUs  1m23.0s/1m30s

running (1m24.0s), 4/4 VUs, 253 complete and 0 interrupted iterations
catalog   [  93% ] 4 VUs  1m24.0s/1m30s

running (1m25.0s), 4/4 VUs, 257 complete and 0 interrupted iterations
catalog   [  94% ] 4 VUs  1m25.0s/1m30s

running (1m26.0s), 4/4 VUs, 260 complete and 0 interrupted iterations
catalog   [  96% ] 4 VUs  1m26.0s/1m30s

running (1m27.0s), 4/4 VUs, 264 complete and 0 interrupted iterations
catalog   [  97% ] 4 VUs  1m27.0s/1m30s

running (1m28.0s), 4/4 VUs, 265 complete and 0 interrupted iterations
catalog   [  98% ] 4 VUs  1m28.0s/1m30s

running (1m29.0s), 4/4 VUs, 269 complete and 0 interrupted iterations
catalog   [  99% ] 4 VUs  1m29.0s/1m30s

running (1m30.0s), 4/4 VUs, 272 complete and 0 interrupted iterations
catalog   [ 100% ] 4 VUs  1m30.0s/1m30s

running (1m31.0s), 2/4 VUs, 274 complete and 0 interrupted iterations
catalog ↓ [ 100% ] 4 VUs  1m30s

================ DSP benchmark summary ================
-- per-phase latency --
  catalog                    p50=1195.5 ms  p95=1628.8 ms  p99=1879.1 ms  max=2023.1 ms  n=276
  negotiation init (POST)    (no data)
  time-to-AGREED (async)     (no data)
  transfer init (POST)       (no data)
  time-to-EDR (async)        (no data)
  data pull                  (no data)
-- end-to-end + throughput --
  e2e transaction            (no data)
  data throughput (MB/s)     (no data)
-- outcomes --
  transactions succeeded     count=276  rate=3.027/s
  transactions failed        (no data)
  failed rate                rate=0.00%  (pass=0 fail=276)
    of which TERMINATED      (no data)
    of which TIMED OUT       (no data)
    of which HTTP-FAILED     (no data)
  failure accounting       (no failures)
-- observer effect (poll load) --
  negotiation polls          (no data)
  edr polls                  (no data)
  polls per transaction     negotiation=0.0  edr=0.0  (timeout ceiling=120)
=======================================================
(full summary -> /home/rohitj/edc/benchmarking-factoryx-edc/resources/local-fx-mvd/k6-scripts/results/factoryx/on/catalog-sweep/2026-08-10T11-45-35Z/k6-summary.json; POLL_INTERVAL_MS=250; IDENTITY_MODE=on)

running (1m31.2s), 0/4 VUs, 276 complete and 0 interrupted iterations
catalog ✓ [ 100% ] 4 VUs  1m30s
Prometheus snapshot [1786362420..1786362527] svc=(provider-controlplane|provider-dataplane|consumer-controlplane|consumer-dataplane) win=1m -> /home/rohitj/edc/benchmarking-factoryx-edc/resources/local-fx-mvd/k6-scripts/results/factoryx/on/catalog-sweep/2026-08-10T11-45-35Z
  jvm-heap.csv (88 rows)
  jvm-gc-rate.csv (88 rows)
  jvm-threads.csv (88 rows)
  http-throughput.csv (88 rows)
  http-p95.csv (88 rows)
  http-errors.csv (44 rows)
  http-errors-5xx.csv (0 rows)
  http-status.csv (44 rows)
  host-cpu-busy.csv (22 rows)
  host-mem-used.csv (22 rows)
  5xx: no 5xx in window (confirmed: http-status has 44 samples, so the status label IS scraped)
  logs -> /home/rohitj/edc/benchmarking-factoryx-edc/resources/local-fx-mvd/k6-scripts/results/factoryx/on/catalog-sweep/2026-08-10T11-45-35Z/logs (4 files)
    consumer-controlplane.log:0
    consumer-dataplane.log:0
    provider-controlplane.log:0
    provider-dataplane.log:0
VALIDITY  ok=276  failed=0  failed_rate=0%  dropped_iterations=0
>>> done: /home/rohitj/edc/benchmarking-factoryx-edc/resources/local-fx-mvd/k6-scripts/results/factoryx/on/catalog-sweep/2026-08-10T11-45-35Z  (k6 exit 0)
>>> factoryx / catalog-sweep  ->  /home/rohitj/edc/benchmarking-factoryx-edc/resources/local-fx-mvd/k6-scripts/results/factoryx/on/catalog-sweep/2026-08-10T11-48-47Z
parity OK: lib/ + scenarios/ + orchestration/ + tools/ identical to /home/rohitj/edc/benchmarking-factoryx-edc/resources/local-fx-mvd/k6-scripts
Health: http://localhost:29010/management + prometheus  OK
Warmup 60s @ 1/s (discarded)
  draining 20s before the measured window opens
k6 -> Prometheus remote-write: http://localhost:9090/api/v1/write

         /\      Grafana   /‾‾/  
    /\  /  \     |\  __   /  /   
   /  \/    \    | |/ /  /   ‾‾\ 
  /          \   |   (  |  (‾)  |
 / __________ \  |_|\_\  \_____/ 


     execution: local
        script: /home/rohitj/edc/benchmarking-factoryx-edc/resources/local-fx-mvd/k6-scripts/scenarios/catalog-sweep.js
        output: Prometheus remote write (http://localhost:9090/api/v1/write)

     scenarios: (100.00%) 1 scenario, 4 max VUs, 2m0s max duration (incl. graceful stop):
              * catalog: 4 looping VUs for 1m30s (gracefulStop: 30s)


running (0m01.0s), 4/4 VUs, 0 complete and 0 interrupted iterations
catalog   [   1% ] 4 VUs  0m00.8s/1m30s

running (0m02.0s), 4/4 VUs, 4 complete and 0 interrupted iterations
catalog   [   2% ] 4 VUs  0m01.8s/1m30s

running (0m03.0s), 4/4 VUs, 4 complete and 0 interrupted iterations
catalog   [   3% ] 4 VUs  0m02.8s/1m30s

running (0m04.0s), 4/4 VUs, 8 complete and 0 interrupted iterations
catalog   [   4% ] 4 VUs  0m03.8s/1m30s

running (0m05.0s), 4/4 VUs, 12 complete and 0 interrupted iterations
catalog   [   5% ] 4 VUs  0m04.8s/1m30s

running (0m06.0s), 4/4 VUs, 14 complete and 0 interrupted iterations
catalog   [   6% ] 4 VUs  0m05.8s/1m30s

running (0m07.0s), 4/4 VUs, 16 complete and 0 interrupted iterations
catalog   [   8% ] 4 VUs  0m06.8s/1m30s

running (0m08.0s), 4/4 VUs, 20 complete and 0 interrupted iterations
catalog   [   9% ] 4 VUs  0m07.8s/1m30s

running (0m09.0s), 4/4 VUs, 24 complete and 0 interrupted iterations
catalog   [  10% ] 4 VUs  0m08.8s/1m30s

running (0m10.0s), 4/4 VUs, 27 complete and 0 interrupted iterations
catalog   [  11% ] 4 VUs  0m09.8s/1m30s

running (0m11.0s), 4/4 VUs, 29 complete and 0 interrupted iterations
catalog   [  12% ] 4 VUs  0m10.8s/1m30s

running (0m12.0s), 4/4 VUs, 33 complete and 0 interrupted iterations
catalog   [  13% ] 4 VUs  0m11.8s/1m30s

running (0m13.0s), 4/4 VUs, 37 complete and 0 interrupted iterations
catalog   [  14% ] 4 VUs  0m12.8s/1m30s

running (0m14.0s), 4/4 VUs, 40 complete and 0 interrupted iterations
catalog   [  15% ] 4 VUs  0m13.8s/1m30s

running (0m15.0s), 4/4 VUs, 44 complete and 0 interrupted iterations
catalog   [  16% ] 4 VUs  0m14.8s/1m30s

running (0m16.0s), 4/4 VUs, 47 complete and 0 interrupted iterations
catalog   [  18% ] 4 VUs  0m15.8s/1m30s

running (0m17.0s), 4/4 VUs, 51 complete and 0 interrupted iterations
catalog   [  19% ] 4 VUs  0m16.8s/1m30s

running (0m18.0s), 4/4 VUs, 53 complete and 0 interrupted iterations
catalog   [  20% ] 4 VUs  0m17.8s/1m30s

running (0m19.0s), 4/4 VUs, 57 complete and 0 interrupted iterations
catalog   [  21% ] 4 VUs  0m18.8s/1m30s

running (0m20.0s), 4/4 VUs, 61 complete and 0 interrupted iterations
catalog   [  22% ] 4 VUs  0m19.8s/1m30s

running (0m21.0s), 4/4 VUs, 63 complete and 0 interrupted iterations
catalog   [  23% ] 4 VUs  0m20.8s/1m30s

running (0m22.0s), 4/4 VUs, 65 complete and 0 interrupted iterations
catalog   [  24% ] 4 VUs  0m21.8s/1m30s

running (0m23.0s), 4/4 VUs, 69 complete and 0 interrupted iterations
catalog   [  25% ] 4 VUs  0m22.8s/1m30s

running (0m24.0s), 4/4 VUs, 73 complete and 0 interrupted iterations
catalog   [  26% ] 4 VUs  0m23.8s/1m30s

running (0m25.0s), 4/4 VUs, 75 complete and 0 interrupted iterations
catalog   [  28% ] 4 VUs  0m24.8s/1m30s

running (0m26.0s), 4/4 VUs, 79 complete and 0 interrupted iterations
catalog   [  29% ] 4 VUs  0m25.8s/1m30s

running (0m27.0s), 4/4 VUs, 81 complete and 0 interrupted iterations
catalog   [  30% ] 4 VUs  0m26.8s/1m30s

running (0m28.0s), 4/4 VUs, 84 complete and 0 interrupted iterations
catalog   [  31% ] 4 VUs  0m27.8s/1m30s

running (0m29.0s), 4/4 VUs, 87 complete and 0 interrupted iterations
catalog   [  32% ] 4 VUs  0m28.8s/1m30s

running (0m30.0s), 4/4 VUs, 90 complete and 0 interrupted iterations
catalog   [  33% ] 4 VUs  0m29.8s/1m30s

running (0m31.0s), 4/4 VUs, 93 complete and 0 interrupted iterations
catalog   [  34% ] 4 VUs  0m30.8s/1m30s

running (0m32.0s), 4/4 VUs, 95 complete and 0 interrupted iterations
catalog   [  35% ] 4 VUs  0m31.8s/1m30s

running (0m33.0s), 4/4 VUs, 99 complete and 0 interrupted iterations
catalog   [  36% ] 4 VUs  0m32.8s/1m30s

running (0m34.0s), 4/4 VUs, 102 complete and 0 interrupted iterations
catalog   [  38% ] 4 VUs  0m33.8s/1m30s

running (0m35.0s), 4/4 VUs, 106 complete and 0 interrupted iterations
catalog   [  39% ] 4 VUs  0m34.8s/1m30s

running (0m36.0s), 4/4 VUs, 108 complete and 0 interrupted iterations
catalog   [  40% ] 4 VUs  0m35.8s/1m30s

running (0m37.0s), 4/4 VUs, 111 complete and 0 interrupted iterations
catalog   [  41% ] 4 VUs  0m36.8s/1m30s

running (0m38.0s), 4/4 VUs, 114 complete and 0 interrupted iterations
catalog   [  42% ] 4 VUs  0m37.8s/1m30s

running (0m39.0s), 4/4 VUs, 118 complete and 0 interrupted iterations
catalog   [  43% ] 4 VUs  0m38.8s/1m30s

running (0m40.0s), 4/4 VUs, 120 complete and 0 interrupted iterations
catalog   [  44% ] 4 VUs  0m39.8s/1m30s

running (0m41.0s), 4/4 VUs, 123 complete and 0 interrupted iterations
catalog   [  45% ] 4 VUs  0m40.8s/1m30s

running (0m42.0s), 4/4 VUs, 126 complete and 0 interrupted iterations
catalog   [  46% ] 4 VUs  0m41.8s/1m30s

running (0m43.0s), 4/4 VUs, 130 complete and 0 interrupted iterations
catalog   [  48% ] 4 VUs  0m42.8s/1m30s

running (0m44.0s), 4/4 VUs, 132 complete and 0 interrupted iterations
catalog   [  49% ] 4 VUs  0m43.8s/1m30s

running (0m45.0s), 4/4 VUs, 136 complete and 0 interrupted iterations
catalog   [  50% ] 4 VUs  0m44.8s/1m30s

running (0m46.0s), 4/4 VUs, 138 complete and 0 interrupted iterations
catalog   [  51% ] 4 VUs  0m45.8s/1m30s

running (0m47.0s), 4/4 VUs, 142 complete and 0 interrupted iterations
catalog   [  52% ] 4 VUs  0m46.8s/1m30s

running (0m48.0s), 4/4 VUs, 146 complete and 0 interrupted iterations
catalog   [  53% ] 4 VUs  0m47.8s/1m30s

running (0m49.0s), 4/4 VUs, 148 complete and 0 interrupted iterations
catalog   [  54% ] 4 VUs  0m48.8s/1m30s

running (0m50.0s), 4/4 VUs, 152 complete and 0 interrupted iterations
catalog   [  55% ] 4 VUs  0m49.8s/1m30s

running (0m51.0s), 4/4 VUs, 154 complete and 0 interrupted iterations
catalog   [  56% ] 4 VUs  0m50.8s/1m30s

running (0m52.0s), 4/4 VUs, 157 complete and 0 interrupted iterations
catalog   [  58% ] 4 VUs  0m51.8s/1m30s

running (0m53.0s), 4/4 VUs, 160 complete and 0 interrupted iterations
catalog   [  59% ] 4 VUs  0m52.8s/1m30s

running (0m54.0s), 4/4 VUs, 164 complete and 0 interrupted iterations
catalog   [  60% ] 4 VUs  0m53.8s/1m30s

running (0m55.0s), 4/4 VUs, 166 complete and 0 interrupted iterations
catalog   [  61% ] 4 VUs  0m54.8s/1m30s

running (0m56.0s), 4/4 VUs, 169 complete and 0 interrupted iterations
catalog   [  62% ] 4 VUs  0m55.8s/1m30s

running (0m57.0s), 4/4 VUs, 173 complete and 0 interrupted iterations
catalog   [  63% ] 4 VUs  0m56.8s/1m30s

running (0m58.0s), 4/4 VUs, 175 complete and 0 interrupted iterations
catalog   [  64% ] 4 VUs  0m57.8s/1m30s

running (0m59.0s), 4/4 VUs, 178 complete and 0 interrupted iterations
catalog   [  65% ] 4 VUs  0m58.8s/1m30s

running (1m00.0s), 4/4 VUs, 181 complete and 0 interrupted iterations
catalog   [  66% ] 4 VUs  0m59.8s/1m30s

running (1m01.0s), 4/4 VUs, 185 complete and 0 interrupted iterations
catalog   [  68% ] 4 VUs  1m00.8s/1m30s

running (1m02.0s), 4/4 VUs, 186 complete and 0 interrupted iterations
catalog   [  69% ] 4 VUs  1m01.8s/1m30s

running (1m03.0s), 4/4 VUs, 190 complete and 0 interrupted iterations
catalog   [  70% ] 4 VUs  1m02.8s/1m30s

running (1m04.0s), 4/4 VUs, 191 complete and 0 interrupted iterations
catalog   [  71% ] 4 VUs  1m03.8s/1m30s

running (1m05.0s), 4/4 VUs, 195 complete and 0 interrupted iterations
catalog   [  72% ] 4 VUs  1m04.8s/1m30s

running (1m06.0s), 4/4 VUs, 199 complete and 0 interrupted iterations
catalog   [  73% ] 4 VUs  1m05.8s/1m30s

running (1m07.0s), 4/4 VUs, 202 complete and 0 interrupted iterations
catalog   [  74% ] 4 VUs  1m06.8s/1m30s

running (1m08.0s), 4/4 VUs, 206 complete and 0 interrupted iterations
catalog   [  75% ] 4 VUs  1m07.8s/1m30s

running (1m09.0s), 4/4 VUs, 207 complete and 0 interrupted iterations
catalog   [  76% ] 4 VUs  1m08.8s/1m30s

running (1m10.0s), 4/4 VUs, 211 complete and 0 interrupted iterations
catalog   [  78% ] 4 VUs  1m09.8s/1m30s

running (1m11.0s), 4/4 VUs, 215 complete and 0 interrupted iterations
catalog   [  79% ] 4 VUs  1m10.8s/1m30s

running (1m12.0s), 4/4 VUs, 218 complete and 0 interrupted iterations
catalog   [  80% ] 4 VUs  1m11.8s/1m30s

running (1m13.0s), 4/4 VUs, 222 complete and 0 interrupted iterations
catalog   [  81% ] 4 VUs  1m12.8s/1m30s

running (1m14.0s), 4/4 VUs, 225 complete and 0 interrupted iterations
catalog   [  82% ] 4 VUs  1m13.8s/1m30s

running (1m15.0s), 4/4 VUs, 227 complete and 0 interrupted iterations
catalog   [  83% ] 4 VUs  1m14.8s/1m30s

running (1m16.0s), 4/4 VUs, 231 complete and 0 interrupted iterations
catalog   [  84% ] 4 VUs  1m15.8s/1m30s

running (1m17.0s), 4/4 VUs, 235 complete and 0 interrupted iterations
catalog   [  85% ] 4 VUs  1m16.8s/1m30s

running (1m18.0s), 4/4 VUs, 237 complete and 0 interrupted iterations
catalog   [  86% ] 4 VUs  1m17.8s/1m30s

running (1m19.0s), 4/4 VUs, 240 complete and 0 interrupted iterations
catalog   [  88% ] 4 VUs  1m18.8s/1m30s

running (1m20.0s), 4/4 VUs, 243 complete and 0 interrupted iterations
catalog   [  89% ] 4 VUs  1m19.8s/1m30s

running (1m21.0s), 4/4 VUs, 247 complete and 0 interrupted iterations
catalog   [  90% ] 4 VUs  1m20.8s/1m30s

running (1m22.0s), 4/4 VUs, 249 complete and 0 interrupted iterations
catalog   [  91% ] 4 VUs  1m21.8s/1m30s

running (1m23.0s), 4/4 VUs, 253 complete and 0 interrupted iterations
catalog   [  92% ] 4 VUs  1m22.8s/1m30s

running (1m24.0s), 4/4 VUs, 257 complete and 0 interrupted iterations
catalog   [  93% ] 4 VUs  1m23.8s/1m30s

running (1m25.0s), 4/4 VUs, 258 complete and 0 interrupted iterations
catalog   [  94% ] 4 VUs  1m24.8s/1m30s

running (1m26.0s), 4/4 VUs, 262 complete and 0 interrupted iterations
catalog   [  95% ] 4 VUs  1m25.8s/1m30s

running (1m27.0s), 4/4 VUs, 266 complete and 0 interrupted iterations
catalog   [  96% ] 4 VUs  1m26.8s/1m30s

running (1m28.0s), 4/4 VUs, 269 complete and 0 interrupted iterations
catalog   [  98% ] 4 VUs  1m27.8s/1m30s

running (1m29.0s), 4/4 VUs, 272 complete and 0 interrupted iterations
catalog   [  99% ] 4 VUs  1m28.8s/1m30s

running (1m30.0s), 4/4 VUs, 275 complete and 0 interrupted iterations
catalog   [ 100% ] 4 VUs  1m29.8s/1m30s

running (1m31.0s), 1/4 VUs, 279 complete and 0 interrupted iterations
catalog ↓ [ 100% ] 4 VUs  1m30s

================ DSP benchmark summary ================
-- per-phase latency --
  catalog                    p50=1193.3 ms  p95=1537.2 ms  p99=1681.6 ms  max=1770.6 ms  n=280
  negotiation init (POST)    (no data)
  time-to-AGREED (async)     (no data)
  transfer init (POST)       (no data)
  time-to-EDR (async)        (no data)
  data pull                  (no data)
-- end-to-end + throughput --
  e2e transaction            (no data)
  data throughput (MB/s)     (no data)
-- outcomes --
  transactions succeeded     count=280  rate=3.068/s
  transactions failed        (no data)
  failed rate                rate=0.00%  (pass=0 fail=280)
    of which TERMINATED      (no data)
    of which TIMED OUT       (no data)
    of which HTTP-FAILED     (no data)
  failure accounting       (no failures)
-- observer effect (poll load) --
  negotiation polls          (no data)
  edr polls                  (no data)
  polls per transaction     negotiation=0.0  edr=0.0  (timeout ceiling=120)
=======================================================
(full summary -> /home/rohitj/edc/benchmarking-factoryx-edc/resources/local-fx-mvd/k6-scripts/results/factoryx/on/catalog-sweep/2026-08-10T11-48-47Z/k6-summary.json; POLL_INTERVAL_MS=250; IDENTITY_MODE=on)

running (1m31.3s), 0/4 VUs, 280 complete and 0 interrupted iterations
catalog ✓ [ 100% ] 4 VUs  1m30s
Prometheus snapshot [1786362611..1786362718] svc=(provider-controlplane|provider-dataplane|consumer-controlplane|consumer-dataplane) win=1m -> /home/rohitj/edc/benchmarking-factoryx-edc/resources/local-fx-mvd/k6-scripts/results/factoryx/on/catalog-sweep/2026-08-10T11-48-47Z
  jvm-heap.csv (88 rows)
  jvm-gc-rate.csv (88 rows)
  jvm-threads.csv (88 rows)
  http-throughput.csv (88 rows)
  http-p95.csv (88 rows)
  http-errors.csv (44 rows)
  http-errors-5xx.csv (0 rows)
  http-status.csv (44 rows)
  host-cpu-busy.csv (22 rows)
  host-mem-used.csv (22 rows)
  5xx: no 5xx in window (confirmed: http-status has 44 samples, so the status label IS scraped)
  logs -> /home/rohitj/edc/benchmarking-factoryx-edc/resources/local-fx-mvd/k6-scripts/results/factoryx/on/catalog-sweep/2026-08-10T11-48-47Z/logs (4 files)
    consumer-controlplane.log:0
    consumer-dataplane.log:0
    provider-controlplane.log:0
    provider-dataplane.log:0
VALIDITY  ok=280  failed=0  failed_rate=0%  dropped_iterations=0
>>> done: /home/rohitj/edc/benchmarking-factoryx-edc/resources/local-fx-mvd/k6-scripts/results/factoryx/on/catalog-sweep/2026-08-10T11-48-47Z  (k6 exit 0)
>>> factoryx / catalog-sweep  ->  /home/rohitj/edc/benchmarking-factoryx-edc/resources/local-fx-mvd/k6-scripts/results/factoryx/on/catalog-sweep/2026-08-10T11-51-58Z
parity OK: lib/ + scenarios/ + orchestration/ + tools/ identical to /home/rohitj/edc/benchmarking-factoryx-edc/resources/local-fx-mvd/k6-scripts
Health: http://localhost:29010/management + prometheus  OK
Warmup 60s @ 1/s (discarded)
  draining 20s before the measured window opens
k6 -> Prometheus remote-write: http://localhost:9090/api/v1/write

         /\      Grafana   /‾‾/  
    /\  /  \     |\  __   /  /   
   /  \/    \    | |/ /  /   ‾‾\ 
  /          \   |   (  |  (‾)  |
 / __________ \  |_|\_\  \_____/ 


     execution: local
        script: /home/rohitj/edc/benchmarking-factoryx-edc/resources/local-fx-mvd/k6-scripts/scenarios/catalog-sweep.js
        output: Prometheus remote write (http://localhost:9090/api/v1/write)

     scenarios: (100.00%) 1 scenario, 4 max VUs, 2m0s max duration (incl. graceful stop):
              * catalog: 4 looping VUs for 1m30s (gracefulStop: 30s)


Run       [ 100% ] setup()
catalog   [   0% ]

Run       [ 100% ] setup()
catalog   [   0% ]

running (0m03.0s), 4/4 VUs, 0 complete and 0 interrupted iterations
catalog   [   1% ] 4 VUs  0m00.7s/1m30s

running (0m04.0s), 4/4 VUs, 4 complete and 0 interrupted iterations
catalog   [   2% ] 4 VUs  0m01.7s/1m30s

running (0m05.0s), 4/4 VUs, 5 complete and 0 interrupted iterations
catalog   [   3% ] 4 VUs  0m02.7s/1m30s

running (0m06.0s), 4/4 VUs, 9 complete and 0 interrupted iterations
catalog   [   4% ] 4 VUs  0m03.7s/1m30s

running (0m07.0s), 4/4 VUs, 12 complete and 0 interrupted iterations
catalog   [   5% ] 4 VUs  0m04.7s/1m30s

running (0m08.0s), 4/4 VUs, 13 complete and 0 interrupted iterations
catalog   [   6% ] 4 VUs  0m05.7s/1m30s

running (0m09.0s), 4/4 VUs, 17 complete and 0 interrupted iterations
catalog   [   7% ] 4 VUs  0m06.7s/1m30s

running (0m10.0s), 4/4 VUs, 21 complete and 0 interrupted iterations
catalog   [   9% ] 4 VUs  0m07.7s/1m30s

running (0m11.0s), 4/4 VUs, 24 complete and 0 interrupted iterations
catalog   [  10% ] 4 VUs  0m08.7s/1m30s

running (0m12.0s), 4/4 VUs, 26 complete and 0 interrupted iterations
catalog   [  11% ] 4 VUs  0m09.7s/1m30s

running (0m13.0s), 4/4 VUs, 29 complete and 0 interrupted iterations
catalog   [  12% ] 4 VUs  0m10.7s/1m30s

running (0m14.0s), 4/4 VUs, 33 complete and 0 interrupted iterations
catalog   [  13% ] 4 VUs  0m11.7s/1m30s

running (0m15.0s), 4/4 VUs, 37 complete and 0 interrupted iterations
catalog   [  14% ] 4 VUs  0m12.7s/1m30s

running (0m16.0s), 4/4 VUs, 40 complete and 0 interrupted iterations
catalog   [  15% ] 4 VUs  0m13.7s/1m30s

running (0m17.0s), 4/4 VUs, 41 complete and 0 interrupted iterations
catalog   [  16% ] 4 VUs  0m14.7s/1m30s

running (0m18.0s), 4/4 VUs, 45 complete and 0 interrupted iterations
catalog   [  17% ] 4 VUs  0m15.7s/1m30s

running (0m19.0s), 4/4 VUs, 49 complete and 0 interrupted iterations
catalog   [  19% ] 4 VUs  0m16.7s/1m30s

running (0m20.0s), 4/4 VUs, 53 complete and 0 interrupted iterations
catalog   [  20% ] 4 VUs  0m17.7s/1m30s

running (0m21.0s), 4/4 VUs, 56 complete and 0 interrupted iterations
catalog   [  21% ] 4 VUs  0m18.7s/1m30s

running (0m22.0s), 4/4 VUs, 59 complete and 0 interrupted iterations
catalog   [  22% ] 4 VUs  0m19.7s/1m30s

running (0m23.0s), 4/4 VUs, 60 complete and 0 interrupted iterations
catalog   [  23% ] 4 VUs  0m20.7s/1m30s

running (0m24.0s), 4/4 VUs, 65 complete and 0 interrupted iterations
catalog   [  24% ] 4 VUs  0m21.7s/1m30s

running (0m25.0s), 4/4 VUs, 68 complete and 0 interrupted iterations
catalog   [  25% ] 4 VUs  0m22.7s/1m30s

running (0m26.0s), 4/4 VUs, 72 complete and 0 interrupted iterations
catalog   [  26% ] 4 VUs  0m23.7s/1m30s

running (0m27.0s), 4/4 VUs, 73 complete and 0 interrupted iterations
catalog   [  27% ] 4 VUs  0m24.7s/1m30s

running (0m28.0s), 4/4 VUs, 77 complete and 0 interrupted iterations
catalog   [  29% ] 4 VUs  0m25.7s/1m30s

running (0m29.0s), 4/4 VUs, 81 complete and 0 interrupted iterations
catalog   [  30% ] 4 VUs  0m26.7s/1m30s

running (0m30.0s), 4/4 VUs, 85 complete and 0 interrupted iterations
catalog   [  31% ] 4 VUs  0m27.7s/1m30s

running (0m31.0s), 4/4 VUs, 86 complete and 0 interrupted iterations
catalog   [  32% ] 4 VUs  0m28.7s/1m30s

running (0m32.0s), 4/4 VUs, 89 complete and 0 interrupted iterations
catalog   [  33% ] 4 VUs  0m29.7s/1m30s

running (0m33.0s), 4/4 VUs, 93 complete and 0 interrupted iterations
catalog   [  34% ] 4 VUs  0m30.7s/1m30s

running (0m34.0s), 4/4 VUs, 97 complete and 0 interrupted iterations
catalog   [  35% ] 4 VUs  0m31.7s/1m30s

running (0m35.0s), 4/4 VUs, 100 complete and 0 interrupted iterations
catalog   [  36% ] 4 VUs  0m32.7s/1m30s

running (0m36.0s), 4/4 VUs, 103 complete and 0 interrupted iterations
catalog   [  37% ] 4 VUs  0m33.7s/1m30s

running (0m37.0s), 4/4 VUs, 105 complete and 0 interrupted iterations
catalog   [  39% ] 4 VUs  0m34.7s/1m30s

running (0m38.0s), 4/4 VUs, 109 complete and 0 interrupted iterations
catalog   [  40% ] 4 VUs  0m35.7s/1m30s

running (0m39.0s), 4/4 VUs, 112 complete and 0 interrupted iterations
catalog   [  41% ] 4 VUs  0m36.7s/1m30s

running (0m40.0s), 4/4 VUs, 116 complete and 0 interrupted iterations
catalog   [  42% ] 4 VUs  0m37.7s/1m30s

running (0m41.0s), 4/4 VUs, 120 complete and 0 interrupted iterations
catalog   [  43% ] 4 VUs  0m38.7s/1m30s

running (0m42.0s), 4/4 VUs, 121 complete and 0 interrupted iterations
catalog   [  44% ] 4 VUs  0m39.7s/1m30s

running (0m43.0s), 4/4 VUs, 125 complete and 0 interrupted iterations
catalog   [  45% ] 4 VUs  0m40.7s/1m30s

running (0m44.0s), 4/4 VUs, 129 complete and 0 interrupted iterations
catalog   [  46% ] 4 VUs  0m41.7s/1m30s

running (0m45.0s), 4/4 VUs, 133 complete and 0 interrupted iterations
catalog   [  47% ] 4 VUs  0m42.7s/1m30s

running (0m46.0s), 4/4 VUs, 135 complete and 0 interrupted iterations
catalog   [  49% ] 4 VUs  0m43.7s/1m30s

running (0m47.0s), 4/4 VUs, 139 complete and 0 interrupted iterations
catalog   [  50% ] 4 VUs  0m44.7s/1m30s

running (0m48.0s), 4/4 VUs, 141 complete and 0 interrupted iterations
catalog   [  51% ] 4 VUs  0m45.7s/1m30s

running (0m49.0s), 4/4 VUs, 145 complete and 0 interrupted iterations
catalog   [  52% ] 4 VUs  0m46.7s/1m30s

running (0m50.0s), 4/4 VUs, 147 complete and 0 interrupted iterations
catalog   [  53% ] 4 VUs  0m47.7s/1m30s

running (0m51.0s), 4/4 VUs, 151 complete and 0 interrupted iterations
catalog   [  54% ] 4 VUs  0m48.7s/1m30s

running (0m52.0s), 4/4 VUs, 153 complete and 0 interrupted iterations
catalog   [  55% ] 4 VUs  0m49.7s/1m30s

running (0m53.0s), 4/4 VUs, 157 complete and 0 interrupted iterations
catalog   [  56% ] 4 VUs  0m50.7s/1m30s

running (0m54.0s), 4/4 VUs, 159 complete and 0 interrupted iterations
catalog   [  57% ] 4 VUs  0m51.7s/1m30s

running (0m55.0s), 4/4 VUs, 163 complete and 0 interrupted iterations
catalog   [  59% ] 4 VUs  0m52.7s/1m30s

running (0m56.0s), 4/4 VUs, 165 complete and 0 interrupted iterations
catalog   [  60% ] 4 VUs  0m53.7s/1m30s

running (0m57.0s), 4/4 VUs, 167 complete and 0 interrupted iterations
catalog   [  61% ] 4 VUs  0m54.7s/1m30s

running (0m58.0s), 4/4 VUs, 171 complete and 0 interrupted iterations
catalog   [  62% ] 4 VUs  0m55.7s/1m30s

running (0m59.0s), 4/4 VUs, 175 complete and 0 interrupted iterations
catalog   [  63% ] 4 VUs  0m56.7s/1m30s

running (1m00.0s), 4/4 VUs, 177 complete and 0 interrupted iterations
catalog   [  64% ] 4 VUs  0m57.7s/1m30s

running (1m01.0s), 4/4 VUs, 180 complete and 0 interrupted iterations
catalog   [  65% ] 4 VUs  0m58.7s/1m30s

running (1m02.0s), 4/4 VUs, 183 complete and 0 interrupted iterations
catalog   [  66% ] 4 VUs  0m59.7s/1m30s

running (1m03.0s), 4/4 VUs, 187 complete and 0 interrupted iterations
catalog   [  67% ] 4 VUs  1m00.7s/1m30s

running (1m04.0s), 4/4 VUs, 189 complete and 0 interrupted iterations
catalog   [  69% ] 4 VUs  1m01.7s/1m30s

running (1m05.0s), 4/4 VUs, 192 complete and 0 interrupted iterations
catalog   [  70% ] 4 VUs  1m02.7s/1m30s

running (1m06.0s), 4/4 VUs, 196 complete and 0 interrupted iterations
catalog   [  71% ] 4 VUs  1m03.7s/1m30s

running (1m07.0s), 4/4 VUs, 199 complete and 0 interrupted iterations
catalog   [  72% ] 4 VUs  1m04.7s/1m30s

running (1m08.0s), 4/4 VUs, 201 complete and 0 interrupted iterations
catalog   [  73% ] 4 VUs  1m05.7s/1m30s

running (1m09.0s), 4/4 VUs, 205 complete and 0 interrupted iterations
catalog   [  74% ] 4 VUs  1m06.7s/1m30s

running (1m10.0s), 4/4 VUs, 208 complete and 0 interrupted iterations
catalog   [  75% ] 4 VUs  1m07.7s/1m30s

running (1m11.0s), 4/4 VUs, 211 complete and 0 interrupted iterations
catalog   [  76% ] 4 VUs  1m08.7s/1m30s

running (1m12.0s), 4/4 VUs, 214 complete and 0 interrupted iterations
catalog   [  77% ] 4 VUs  1m09.7s/1m30s

running (1m13.0s), 4/4 VUs, 217 complete and 0 interrupted iterations
catalog   [  79% ] 4 VUs  1m10.7s/1m30s

running (1m14.0s), 4/4 VUs, 221 complete and 0 interrupted iterations
catalog   [  80% ] 4 VUs  1m11.7s/1m30s

running (1m15.0s), 4/4 VUs, 223 complete and 0 interrupted iterations
catalog   [  81% ] 4 VUs  1m12.7s/1m30s

running (1m16.0s), 4/4 VUs, 227 complete and 0 interrupted iterations
catalog   [  82% ] 4 VUs  1m13.7s/1m30s

running (1m17.0s), 4/4 VUs, 229 complete and 0 interrupted iterations
catalog   [  83% ] 4 VUs  1m14.7s/1m30s

running (1m18.0s), 4/4 VUs, 233 complete and 0 interrupted iterations
catalog   [  84% ] 4 VUs  1m15.7s/1m30s

running (1m19.0s), 4/4 VUs, 235 complete and 0 interrupted iterations
catalog   [  85% ] 4 VUs  1m16.7s/1m30s

running (1m20.0s), 4/4 VUs, 238 complete and 0 interrupted iterations
catalog   [  86% ] 4 VUs  1m17.7s/1m30s

running (1m21.0s), 4/4 VUs, 242 complete and 0 interrupted iterations
catalog   [  87% ] 4 VUs  1m18.7s/1m30s

running (1m22.0s), 4/4 VUs, 245 complete and 0 interrupted iterations
catalog   [  89% ] 4 VUs  1m19.7s/1m30s

running (1m23.0s), 4/4 VUs, 248 complete and 0 interrupted iterations
catalog   [  90% ] 4 VUs  1m20.7s/1m30s

running (1m24.0s), 4/4 VUs, 252 complete and 0 interrupted iterations
catalog   [  91% ] 4 VUs  1m21.7s/1m30s

running (1m25.0s), 4/4 VUs, 254 complete and 0 interrupted iterations
catalog   [  92% ] 4 VUs  1m22.7s/1m30s

running (1m26.0s), 4/4 VUs, 258 complete and 0 interrupted iterations
catalog   [  93% ] 4 VUs  1m23.7s/1m30s

running (1m27.0s), 4/4 VUs, 261 complete and 0 interrupted iterations
catalog   [  94% ] 4 VUs  1m24.7s/1m30s

running (1m28.0s), 4/4 VUs, 264 complete and 0 interrupted iterations
catalog   [  95% ] 4 VUs  1m25.7s/1m30s

running (1m29.0s), 4/4 VUs, 268 complete and 0 interrupted iterations
catalog   [  96% ] 4 VUs  1m26.7s/1m30s

running (1m30.0s), 4/4 VUs, 270 complete and 0 interrupted iterations
catalog   [  97% ] 4 VUs  1m27.7s/1m30s

running (1m31.0s), 4/4 VUs, 274 complete and 0 interrupted iterations
catalog   [  99% ] 4 VUs  1m28.7s/1m30s

running (1m32.0s), 4/4 VUs, 277 complete and 0 interrupted iterations
catalog   [ 100% ] 4 VUs  1m29.7s/1m30s

running (1m33.0s), 1/4 VUs, 281 complete and 0 interrupted iterations
catalog ↓ [ 100% ] 4 VUs  1m30s

================ DSP benchmark summary ================
-- per-phase latency --
  catalog                    p50=1157.9 ms  p95=1545.0 ms  p99=1717.9 ms  max=1807.0 ms  n=282
  negotiation init (POST)    (no data)
  time-to-AGREED (async)     (no data)
  transfer init (POST)       (no data)
  time-to-EDR (async)        (no data)
  data pull                  (no data)
-- end-to-end + throughput --
  e2e transaction            (no data)
  data throughput (MB/s)     (no data)
-- outcomes --
  transactions succeeded     count=282  rate=3.032/s
  transactions failed        (no data)
  failed rate                rate=0.00%  (pass=0 fail=282)
    of which TERMINATED      (no data)
    of which TIMED OUT       (no data)
    of which HTTP-FAILED     (no data)
  failure accounting       (no failures)
-- observer effect (poll load) --
  negotiation polls          (no data)
  edr polls                  (no data)
  polls per transaction     negotiation=0.0  edr=0.0  (timeout ceiling=120)
=======================================================
(full summary -> /home/rohitj/edc/benchmarking-factoryx-edc/resources/local-fx-mvd/k6-scripts/results/factoryx/on/catalog-sweep/2026-08-10T11-51-58Z/k6-summary.json; POLL_INTERVAL_MS=250; IDENTITY_MODE=on)

running (1m33.0s), 0/4 VUs, 282 complete and 0 interrupted iterations
catalog ✓ [ 100% ] 4 VUs  1m30s
Prometheus snapshot [1786362802..1786362910] svc=(provider-controlplane|provider-dataplane|consumer-controlplane|consumer-dataplane) win=1m -> /home/rohitj/edc/benchmarking-factoryx-edc/resources/local-fx-mvd/k6-scripts/results/factoryx/on/catalog-sweep/2026-08-10T11-51-58Z
  jvm-heap.csv (88 rows)
  jvm-gc-rate.csv (88 rows)
  jvm-threads.csv (88 rows)
  http-throughput.csv (88 rows)
  http-p95.csv (88 rows)
  http-errors.csv (44 rows)
  http-errors-5xx.csv (0 rows)
  http-status.csv (44 rows)
  host-cpu-busy.csv (22 rows)
  host-mem-used.csv (22 rows)
  5xx: no 5xx in window (confirmed: http-status has 44 samples, so the status label IS scraped)
  logs -> /home/rohitj/edc/benchmarking-factoryx-edc/resources/local-fx-mvd/k6-scripts/results/factoryx/on/catalog-sweep/2026-08-10T11-51-58Z/logs (4 files)
    consumer-controlplane.log:0
    consumer-dataplane.log:0
    provider-controlplane.log:0
    provider-dataplane.log:0
VALIDITY  ok=282  failed=0  failed_rate=0%  dropped_iterations=0
>>> done: /home/rohitj/edc/benchmarking-factoryx-edc/resources/local-fx-mvd/k6-scripts/results/factoryx/on/catalog-sweep/2026-08-10T11-51-58Z  (k6 exit 0)
Matrix done. Index: /home/rohitj/edc/benchmarking-factoryx-edc/resources/local-fx-mvd/k6-scripts/results/factoryx/matrix-2026-08-10T11-29-20Z.log
TIP: aggregate the per-run k6-summary.json across reps into median+IQR before plotting.
11:55:11 |     done (exit 0)
11:55:11 |   … settling 120s before the next scenario
11:57:11 | --> concurrency-closed
Matrix: connector=factoryx reps=1 scenarios=[concurrency-closed]
===== repetition 1/1 =====
----- factoryx / concurrency-closed (rep 1) -----
>>> factoryx / concurrency-closed  ->  /home/rohitj/edc/benchmarking-factoryx-edc/resources/local-fx-mvd/k6-scripts/results/factoryx/on/concurrency-closed/2026-08-10T11-57-11Z
parity OK: lib/ + scenarios/ + orchestration/ + tools/ identical to /home/rohitj/edc/benchmarking-factoryx-edc/resources/local-fx-mvd/k6-scripts
Health: http://localhost:29010/management + prometheus  OK
Warmup 60s @ 1/s (discarded)
  draining 20s before the measured window opens
k6 -> Prometheus remote-write: http://localhost:9090/api/v1/write

         /\      Grafana   /‾‾/  
    /\  /  \     |\  __   /  /   
   /  \/    \    | |/ /  /   ‾‾\ 
  /          \   |   (  |  (‾)  |
 / __________ \  |_|\_\  \_____/ 


     execution: local
        script: /home/rohitj/edc/benchmarking-factoryx-edc/resources/local-fx-mvd/k6-scripts/scenarios/concurrency-closed.js
        output: Prometheus remote write (http://localhost:9090/api/v1/write)

     scenarios: (100.00%) 1 scenario, 50 max VUs, 8m0s max duration (incl. graceful stop):
              * concurrency: Up to 50 looping VUs for 7m30s over 5 stages (gracefulRampDown: 30s, gracefulStop: 30s)


running (0m01.0s), 01/50 VUs, 0 complete and 0 interrupted iterations
concurrency   [   0% ] 01/50 VUs  0m01.0s/7m30.0s

running (0m02.0s), 01/50 VUs, 0 complete and 0 interrupted iterations
concurrency   [   0% ] 01/50 VUs  0m02.0s/7m30.0s

running (0m03.0s), 01/50 VUs, 0 complete and 0 interrupted iterations
concurrency   [   1% ] 01/50 VUs  0m03.0s/7m30.0s

running (0m04.0s), 01/50 VUs, 0 complete and 0 interrupted iterations
concurrency   [   1% ] 01/50 VUs  0m04.0s/7m30.0s

running (0m05.0s), 01/50 VUs, 1 complete and 0 interrupted iterations
concurrency   [   1% ] 01/50 VUs  0m05.0s/7m30.0s

running (0m06.0s), 01/50 VUs, 1 complete and 0 interrupted iterations
concurrency   [   1% ] 01/50 VUs  0m06.0s/7m30.0s

running (0m07.0s), 01/50 VUs, 1 complete and 0 interrupted iterations
concurrency   [   2% ] 01/50 VUs  0m07.0s/7m30.0s

running (0m08.0s), 01/50 VUs, 1 complete and 0 interrupted iterations
concurrency   [   2% ] 01/50 VUs  0m08.0s/7m30.0s

running (0m09.0s), 01/50 VUs, 2 complete and 0 interrupted iterations
concurrency   [   2% ] 01/50 VUs  0m09.0s/7m30.0s

running (0m10.0s), 01/50 VUs, 2 complete and 0 interrupted iterations
concurrency   [   2% ] 01/50 VUs  0m10.0s/7m30.0s

running (0m11.0s), 01/50 VUs, 2 complete and 0 interrupted iterations
concurrency   [   2% ] 01/50 VUs  0m11.0s/7m30.0s

running (0m12.0s), 01/50 VUs, 2 complete and 0 interrupted iterations
concurrency   [   3% ] 01/50 VUs  0m12.0s/7m30.0s

running (0m13.0s), 01/50 VUs, 2 complete and 0 interrupted iterations
concurrency   [   3% ] 01/50 VUs  0m13.0s/7m30.0s

running (0m14.0s), 01/50 VUs, 2 complete and 0 interrupted iterations
concurrency   [   3% ] 01/50 VUs  0m14.0s/7m30.0s

running (0m15.0s), 01/50 VUs, 3 complete and 0 interrupted iterations
concurrency   [   3% ] 01/50 VUs  0m15.0s/7m30.0s

running (0m16.0s), 01/50 VUs, 3 complete and 0 interrupted iterations
concurrency   [   4% ] 01/50 VUs  0m16.0s/7m30.0s

running (0m17.0s), 01/50 VUs, 3 complete and 0 interrupted iterations
concurrency   [   4% ] 01/50 VUs  0m17.0s/7m30.0s

running (0m18.0s), 01/50 VUs, 3 complete and 0 interrupted iterations
concurrency   [   4% ] 01/50 VUs  0m18.0s/7m30.0s

running (0m19.0s), 01/50 VUs, 3 complete and 0 interrupted iterations
concurrency   [   4% ] 01/50 VUs  0m19.0s/7m30.0s

running (0m20.0s), 01/50 VUs, 4 complete and 0 interrupted iterations
concurrency   [   4% ] 01/50 VUs  0m20.0s/7m30.0s

running (0m21.0s), 01/50 VUs, 4 complete and 0 interrupted iterations
concurrency   [   5% ] 01/50 VUs  0m21.0s/7m30.0s

running (0m22.0s), 01/50 VUs, 4 complete and 0 interrupted iterations
concurrency   [   5% ] 01/50 VUs  0m22.0s/7m30.0s

running (0m23.0s), 02/50 VUs, 4 complete and 0 interrupted iterations
concurrency   [   5% ] 02/50 VUs  0m23.0s/7m30.0s

running (0m24.0s), 02/50 VUs, 4 complete and 0 interrupted iterations
concurrency   [   5% ] 02/50 VUs  0m24.0s/7m30.0s

running (0m25.0s), 02/50 VUs, 5 complete and 0 interrupted iterations
concurrency   [   6% ] 02/50 VUs  0m25.0s/7m30.0s

running (0m26.0s), 02/50 VUs, 5 complete and 0 interrupted iterations
concurrency   [   6% ] 02/50 VUs  0m26.0s/7m30.0s

running (0m27.0s), 02/50 VUs, 5 complete and 0 interrupted iterations
concurrency   [   6% ] 02/50 VUs  0m27.0s/7m30.0s

running (0m28.0s), 02/50 VUs, 6 complete and 0 interrupted iterations
concurrency   [   6% ] 02/50 VUs  0m28.0s/7m30.0s

running (0m29.0s), 02/50 VUs, 6 complete and 0 interrupted iterations
concurrency   [   6% ] 02/50 VUs  0m29.0s/7m30.0s

running (0m30.0s), 02/50 VUs, 6 complete and 0 interrupted iterations
concurrency   [   7% ] 02/50 VUs  0m30.0s/7m30.0s

running (0m31.0s), 02/50 VUs, 7 complete and 0 interrupted iterations
concurrency   [   7% ] 02/50 VUs  0m31.0s/7m30.0s

running (0m32.0s), 02/50 VUs, 7 complete and 0 interrupted iterations
concurrency   [   7% ] 02/50 VUs  0m32.0s/7m30.0s

running (0m33.0s), 02/50 VUs, 7 complete and 0 interrupted iterations
concurrency   [   7% ] 02/50 VUs  0m33.0s/7m30.0s

running (0m34.0s), 02/50 VUs, 8 complete and 0 interrupted iterations
concurrency   [   8% ] 02/50 VUs  0m34.0s/7m30.0s

running (0m35.0s), 02/50 VUs, 8 complete and 0 interrupted iterations
concurrency   [   8% ] 02/50 VUs  0m35.0s/7m30.0s

running (0m36.0s), 02/50 VUs, 9 complete and 0 interrupted iterations
concurrency   [   8% ] 02/50 VUs  0m36.0s/7m30.0s

running (0m37.0s), 02/50 VUs, 9 complete and 0 interrupted iterations
concurrency   [   8% ] 02/50 VUs  0m37.0s/7m30.0s

running (0m38.0s), 02/50 VUs, 9 complete and 0 interrupted iterations
concurrency   [   8% ] 02/50 VUs  0m38.0s/7m30.0s

running (0m39.0s), 02/50 VUs, 9 complete and 0 interrupted iterations
concurrency   [   9% ] 02/50 VUs  0m39.0s/7m30.0s

running (0m40.0s), 02/50 VUs, 10 complete and 0 interrupted iterations
concurrency   [   9% ] 02/50 VUs  0m40.0s/7m30.0s

running (0m41.0s), 02/50 VUs, 10 complete and 0 interrupted iterations
concurrency   [   9% ] 02/50 VUs  0m41.0s/7m30.0s

running (0m42.0s), 02/50 VUs, 11 complete and 0 interrupted iterations
concurrency   [   9% ] 02/50 VUs  0m42.0s/7m30.0s

running (0m43.0s), 02/50 VUs, 11 complete and 0 interrupted iterations
concurrency   [  10% ] 02/50 VUs  0m43.0s/7m30.0s

running (0m44.0s), 02/50 VUs, 12 complete and 0 interrupted iterations
concurrency   [  10% ] 02/50 VUs  0m44.0s/7m30.0s

running (0m45.0s), 02/50 VUs, 12 complete and 0 interrupted iterations
concurrency   [  10% ] 02/50 VUs  0m45.0s/7m30.0s

running (0m46.0s), 03/50 VUs, 13 complete and 0 interrupted iterations
concurrency   [  10% ] 03/50 VUs  0m46.0s/7m30.0s

running (0m47.0s), 03/50 VUs, 13 complete and 0 interrupted iterations
concurrency   [  10% ] 03/50 VUs  0m47.0s/7m30.0s

running (0m48.0s), 03/50 VUs, 14 complete and 0 interrupted iterations
concurrency   [  11% ] 03/50 VUs  0m48.0s/7m30.0s

running (0m49.0s), 03/50 VUs, 14 complete and 0 interrupted iterations
concurrency   [  11% ] 03/50 VUs  0m49.0s/7m30.0s

running (0m50.0s), 03/50 VUs, 16 complete and 0 interrupted iterations
concurrency   [  11% ] 03/50 VUs  0m50.0s/7m30.0s

running (0m51.0s), 03/50 VUs, 16 complete and 0 interrupted iterations
concurrency   [  11% ] 03/50 VUs  0m51.0s/7m30.0s

running (0m52.0s), 03/50 VUs, 16 complete and 0 interrupted iterations
concurrency   [  12% ] 03/50 VUs  0m52.0s/7m30.0s

running (0m53.0s), 03/50 VUs, 17 complete and 0 interrupted iterations
concurrency   [  12% ] 03/50 VUs  0m53.0s/7m30.0s

running (0m54.0s), 03/50 VUs, 17 complete and 0 interrupted iterations
concurrency   [  12% ] 03/50 VUs  0m54.0s/7m30.0s

running (0m55.0s), 03/50 VUs, 19 complete and 0 interrupted iterations
concurrency   [  12% ] 03/50 VUs  0m55.0s/7m30.0s

running (0m56.0s), 03/50 VUs, 19 complete and 0 interrupted iterations
concurrency   [  12% ] 03/50 VUs  0m56.0s/7m30.0s

running (0m57.0s), 03/50 VUs, 19 complete and 0 interrupted iterations
concurrency   [  13% ] 03/50 VUs  0m57.0s/7m30.0s

running (0m58.0s), 03/50 VUs, 20 complete and 0 interrupted iterations
concurrency   [  13% ] 03/50 VUs  0m58.0s/7m30.0s

running (0m59.0s), 03/50 VUs, 20 complete and 0 interrupted iterations
concurrency   [  13% ] 03/50 VUs  0m59.0s/7m30.0s

running (1m00.0s), 03/50 VUs, 20 complete and 0 interrupted iterations
concurrency   [  13% ] 03/50 VUs  1m00.0s/7m30.0s

running (1m01.0s), 03/50 VUs, 22 complete and 0 interrupted iterations
concurrency   [  14% ] 03/50 VUs  1m01.0s/7m30.0s

running (1m02.0s), 03/50 VUs, 22 complete and 0 interrupted iterations
concurrency   [  14% ] 03/50 VUs  1m02.0s/7m30.0s

running (1m03.0s), 03/50 VUs, 23 complete and 0 interrupted iterations
concurrency   [  14% ] 03/50 VUs  1m03.0s/7m30.0s

running (1m04.0s), 03/50 VUs, 23 complete and 0 interrupted iterations
concurrency   [  14% ] 03/50 VUs  1m04.0s/7m30.0s

running (1m05.0s), 03/50 VUs, 23 complete and 0 interrupted iterations
concurrency   [  14% ] 03/50 VUs  1m05.0s/7m30.0s

running (1m06.0s), 03/50 VUs, 23 complete and 0 interrupted iterations
concurrency   [  15% ] 03/50 VUs  1m06.0s/7m30.0s

running (1m07.0s), 03/50 VUs, 23 complete and 0 interrupted iterations
concurrency   [  15% ] 03/50 VUs  1m07.0s/7m30.0s

running (1m08.0s), 04/50 VUs, 25 complete and 0 interrupted iterations
concurrency   [  15% ] 04/50 VUs  1m08.0s/7m30.0s

running (1m09.0s), 04/50 VUs, 25 complete and 0 interrupted iterations
concurrency   [  15% ] 04/50 VUs  1m09.0s/7m30.0s

running (1m10.0s), 04/50 VUs, 26 complete and 0 interrupted iterations
concurrency   [  16% ] 04/50 VUs  1m10.0s/7m30.0s

running (1m11.0s), 04/50 VUs, 26 complete and 0 interrupted iterations
concurrency   [  16% ] 04/50 VUs  1m11.0s/7m30.0s

running (1m12.0s), 04/50 VUs, 26 complete and 0 interrupted iterations
concurrency   [  16% ] 04/50 VUs  1m12.0s/7m30.0s

running (1m13.0s), 04/50 VUs, 26 complete and 0 interrupted iterations
concurrency   [  16% ] 04/50 VUs  1m13.0s/7m30.0s

running (1m14.0s), 04/50 VUs, 29 complete and 0 interrupted iterations
concurrency   [  16% ] 04/50 VUs  1m14.0s/7m30.0s

running (1m15.0s), 04/50 VUs, 30 complete and 0 interrupted iterations
concurrency   [  17% ] 04/50 VUs  1m15.0s/7m30.0s

running (1m16.0s), 04/50 VUs, 30 complete and 0 interrupted iterations
concurrency   [  17% ] 04/50 VUs  1m16.0s/7m30.0s

running (1m17.0s), 04/50 VUs, 30 complete and 0 interrupted iterations
concurrency   [  17% ] 04/50 VUs  1m17.0s/7m30.0s

running (1m18.0s), 04/50 VUs, 30 complete and 0 interrupted iterations
concurrency   [  17% ] 04/50 VUs  1m18.0s/7m30.0s

running (1m19.0s), 04/50 VUs, 33 complete and 0 interrupted iterations
concurrency   [  18% ] 04/50 VUs  1m19.0s/7m30.0s

running (1m20.0s), 04/50 VUs, 34 complete and 0 interrupted iterations
concurrency   [  18% ] 04/50 VUs  1m20.0s/7m30.0s

running (1m21.0s), 04/50 VUs, 34 complete and 0 interrupted iterations
concurrency   [  18% ] 04/50 VUs  1m21.0s/7m30.0s

running (1m22.0s), 04/50 VUs, 34 complete and 0 interrupted iterations
concurrency   [  18% ] 04/50 VUs  1m22.0s/7m30.0s

running (1m23.0s), 04/50 VUs, 34 complete and 0 interrupted iterations
concurrency   [  18% ] 04/50 VUs  1m23.0s/7m30.0s

running (1m24.0s), 04/50 VUs, 34 complete and 0 interrupted iterations
concurrency   [  19% ] 04/50 VUs  1m24.0s/7m30.0s

running (1m25.0s), 04/50 VUs, 38 complete and 0 interrupted iterations
concurrency   [  19% ] 04/50 VUs  1m25.0s/7m30.0s

running (1m26.0s), 04/50 VUs, 38 complete and 0 interrupted iterations
concurrency   [  19% ] 04/50 VUs  1m26.0s/7m30.0s

running (1m27.0s), 04/50 VUs, 38 complete and 0 interrupted iterations
concurrency   [  19% ] 04/50 VUs  1m27.0s/7m30.0s

running (1m28.0s), 04/50 VUs, 38 complete and 0 interrupted iterations
concurrency   [  20% ] 04/50 VUs  1m28.0s/7m30.0s

running (1m29.0s), 04/50 VUs, 38 complete and 0 interrupted iterations
concurrency   [  20% ] 04/50 VUs  1m29.0s/7m30.0s

running (1m30.0s), 04/50 VUs, 39 complete and 0 interrupted iterations
concurrency   [  20% ] 04/50 VUs  1m30.0s/7m30.0s

running (1m31.0s), 05/50 VUs, 42 complete and 0 interrupted iterations
concurrency   [  20% ] 05/50 VUs  1m31.0s/7m30.0s

running (1m32.0s), 05/50 VUs, 42 complete and 0 interrupted iterations
concurrency   [  20% ] 05/50 VUs  1m32.0s/7m30.0s

running (1m33.0s), 05/50 VUs, 42 complete and 0 interrupted iterations
concurrency   [  21% ] 05/50 VUs  1m33.0s/7m30.0s

running (1m34.0s), 05/50 VUs, 42 complete and 0 interrupted iterations
concurrency   [  21% ] 05/50 VUs  1m34.0s/7m30.0s

running (1m35.0s), 05/50 VUs, 42 complete and 0 interrupted iterations
concurrency   [  21% ] 05/50 VUs  1m35.0s/7m30.0s

running (1m36.0s), 05/50 VUs, 42 complete and 0 interrupted iterations
concurrency   [  21% ] 05/50 VUs  1m36.0s/7m30.0s

running (1m37.0s), 05/50 VUs, 47 complete and 0 interrupted iterations
concurrency   [  22% ] 05/50 VUs  1m37.0s/7m30.0s

running (1m38.0s), 05/50 VUs, 47 complete and 0 interrupted iterations
concurrency   [  22% ] 05/50 VUs  1m38.0s/7m30.0s

running (1m39.0s), 05/50 VUs, 47 complete and 0 interrupted iterations
concurrency   [  22% ] 05/50 VUs  1m39.0s/7m30.0s

running (1m40.0s), 05/50 VUs, 47 complete and 0 interrupted iterations
concurrency   [  22% ] 05/50 VUs  1m40.0s/7m30.0s

running (1m41.0s), 05/50 VUs, 47 complete and 0 interrupted iterations
concurrency   [  22% ] 05/50 VUs  1m41.0s/7m30.0s

running (1m42.0s), 05/50 VUs, 48 complete and 0 interrupted iterations
concurrency   [  23% ] 05/50 VUs  1m42.0s/7m30.0s

running (1m43.0s), 05/50 VUs, 48 complete and 0 interrupted iterations
concurrency   [  23% ] 05/50 VUs  1m43.0s/7m30.0s

running (1m44.0s), 05/50 VUs, 52 complete and 0 interrupted iterations
concurrency   [  23% ] 05/50 VUs  1m44.0s/7m30.0s

running (1m45.0s), 05/50 VUs, 52 complete and 0 interrupted iterations
concurrency   [  23% ] 05/50 VUs  1m45.0s/7m30.0s

running (1m46.0s), 05/50 VUs, 53 complete and 0 interrupted iterations
concurrency   [  24% ] 05/50 VUs  1m46.0s/7m30.0s

running (1m47.0s), 05/50 VUs, 53 complete and 0 interrupted iterations
concurrency   [  24% ] 05/50 VUs  1m47.0s/7m30.0s

running (1m48.0s), 05/50 VUs, 53 complete and 0 interrupted iterations
concurrency   [  24% ] 05/50 VUs  1m48.0s/7m30.0s

running (1m49.0s), 06/50 VUs, 57 complete and 0 interrupted iterations
concurrency   [  24% ] 06/50 VUs  1m49.0s/7m30.0s

running (1m50.0s), 06/50 VUs, 57 complete and 0 interrupted iterations
concurrency   [  24% ] 06/50 VUs  1m50.0s/7m30.0s

running (1m51.0s), 06/50 VUs, 57 complete and 0 interrupted iterations
concurrency   [  25% ] 06/50 VUs  1m51.0s/7m30.0s

running (1m52.0s), 06/50 VUs, 58 complete and 0 interrupted iterations
concurrency   [  25% ] 06/50 VUs  1m52.0s/7m30.0s

running (1m53.0s), 06/50 VUs, 58 complete and 0 interrupted iterations
concurrency   [  25% ] 06/50 VUs  1m53.0s/7m30.0s

running (1m54.0s), 06/50 VUs, 60 complete and 0 interrupted iterations
concurrency   [  25% ] 06/50 VUs  1m54.0s/7m30.0s

running (1m55.0s), 06/50 VUs, 63 complete and 0 interrupted iterations
concurrency   [  26% ] 06/50 VUs  1m55.0s/7m30.0s

running (1m56.0s), 06/50 VUs, 63 complete and 0 interrupted iterations
concurrency   [  26% ] 06/50 VUs  1m56.0s/7m30.0s

running (1m57.0s), 06/50 VUs, 64 complete and 0 interrupted iterations
concurrency   [  26% ] 06/50 VUs  1m57.0s/7m30.0s

running (1m58.0s), 06/50 VUs, 64 complete and 0 interrupted iterations
concurrency   [  26% ] 06/50 VUs  1m58.0s/7m30.0s

running (1m59.0s), 06/50 VUs, 64 complete and 0 interrupted iterations
concurrency   [  26% ] 06/50 VUs  1m59.0s/7m30.0s

running (2m00.0s), 06/50 VUs, 66 complete and 0 interrupted iterations
concurrency   [  27% ] 06/50 VUs  2m00.0s/7m30.0s

running (2m01.0s), 06/50 VUs, 69 complete and 0 interrupted iterations
concurrency   [  27% ] 06/50 VUs  2m01.0s/7m30.0s

running (2m02.0s), 06/50 VUs, 69 complete and 0 interrupted iterations
concurrency   [  27% ] 06/50 VUs  2m02.0s/7m30.0s

running (2m03.0s), 06/50 VUs, 70 complete and 0 interrupted iterations
concurrency   [  27% ] 06/50 VUs  2m03.0s/7m30.0s

running (2m04.0s), 06/50 VUs, 70 complete and 0 interrupted iterations
concurrency   [  28% ] 06/50 VUs  2m04.0s/7m30.0s

running (2m05.0s), 06/50 VUs, 71 complete and 0 interrupted iterations
concurrency   [  28% ] 06/50 VUs  2m05.0s/7m30.0s

running (2m06.0s), 06/50 VUs, 72 complete and 0 interrupted iterations
concurrency   [  28% ] 06/50 VUs  2m06.0s/7m30.0s

running (2m07.0s), 07/50 VUs, 75 complete and 0 interrupted iterations
concurrency   [  28% ] 07/50 VUs  2m07.0s/7m30.0s

running (2m08.0s), 07/50 VUs, 75 complete and 0 interrupted iterations
concurrency   [  28% ] 07/50 VUs  2m08.0s/7m30.0s

running (2m09.0s), 07/50 VUs, 75 complete and 0 interrupted iterations
concurrency   [  29% ] 07/50 VUs  2m09.0s/7m30.0s

running (2m10.0s), 07/50 VUs, 76 complete and 0 interrupted iterations
concurrency   [  29% ] 07/50 VUs  2m10.0s/7m30.0s

running (2m11.0s), 07/50 VUs, 76 complete and 0 interrupted iterations
concurrency   [  29% ] 07/50 VUs  2m11.0s/7m30.0s

running (2m12.0s), 07/50 VUs, 79 complete and 0 interrupted iterations
concurrency   [  29% ] 07/50 VUs  2m12.0s/7m30.0s

running (2m13.0s), 07/50 VUs, 82 complete and 0 interrupted iterations
concurrency   [  30% ] 07/50 VUs  2m13.0s/7m30.0s

running (2m14.0s), 07/50 VUs, 82 complete and 0 interrupted iterations
concurrency   [  30% ] 07/50 VUs  2m14.0s/7m30.0s

running (2m15.0s), 07/50 VUs, 83 complete and 0 interrupted iterations
concurrency   [  30% ] 07/50 VUs  2m15.0s/7m30.0s

running (2m16.0s), 07/50 VUs, 83 complete and 0 interrupted iterations
concurrency   [  30% ] 07/50 VUs  2m16.0s/7m30.0s

running (2m17.0s), 07/50 VUs, 83 complete and 0 interrupted iterations
concurrency   [  30% ] 07/50 VUs  2m17.0s/7m30.0s

running (2m18.0s), 07/50 VUs, 83 complete and 0 interrupted iterations
concurrency   [  31% ] 07/50 VUs  2m18.0s/7m30.0s

running (2m19.0s), 07/50 VUs, 84 complete and 0 interrupted iterations
concurrency   [  31% ] 07/50 VUs  2m19.0s/7m30.0s

running (2m20.0s), 07/50 VUs, 84 complete and 0 interrupted iterations
concurrency   [  31% ] 07/50 VUs  2m20.0s/7m30.0s

running (2m21.0s), 07/50 VUs, 88 complete and 0 interrupted iterations
concurrency   [  31% ] 07/50 VUs  2m21.0s/7m30.0s

running (2m22.0s), 07/50 VUs, 90 complete and 0 interrupted iterations
concurrency   [  32% ] 07/50 VUs  2m22.0s/7m30.0s

running (2m23.0s), 07/50 VUs, 90 complete and 0 interrupted iterations
concurrency   [  32% ] 07/50 VUs  2m23.0s/7m30.0s

running (2m24.0s), 07/50 VUs, 90 complete and 0 interrupted iterations
concurrency   [  32% ] 07/50 VUs  2m24.0s/7m30.0s

running (2m25.0s), 08/50 VUs, 91 complete and 0 interrupted iterations
concurrency   [  32% ] 08/50 VUs  2m25.0s/7m30.0s

running (2m26.0s), 08/50 VUs, 91 complete and 0 interrupted iterations
concurrency   [  32% ] 08/50 VUs  2m26.0s/7m30.0s

running (2m27.0s), 08/50 VUs, 91 complete and 0 interrupted iterations
concurrency   [  33% ] 08/50 VUs  2m27.0s/7m30.0s

running (2m28.0s), 08/50 VUs, 92 complete and 0 interrupted iterations
concurrency   [  33% ] 08/50 VUs  2m28.0s/7m30.0s

running (2m29.0s), 08/50 VUs, 94 complete and 0 interrupted iterations
concurrency   [  33% ] 08/50 VUs  2m29.0s/7m30.0s

running (2m30.0s), 08/50 VUs, 97 complete and 0 interrupted iterations
concurrency   [  33% ] 08/50 VUs  2m30.0s/7m30.0s

running (2m31.0s), 08/50 VUs, 97 complete and 0 interrupted iterations
concurrency   [  34% ] 08/50 VUs  2m31.0s/7m30.0s

running (2m32.0s), 08/50 VUs, 99 complete and 0 interrupted iterations
concurrency   [  34% ] 08/50 VUs  2m32.0s/7m30.0s

running (2m33.0s), 08/50 VUs, 99 complete and 0 interrupted iterations
concurrency   [  34% ] 08/50 VUs  2m33.0s/7m30.0s

running (2m34.0s), 08/50 VUs, 100 complete and 0 interrupted iterations
concurrency   [  34% ] 08/50 VUs  2m34.0s/7m30.0s

running (2m35.0s), 08/50 VUs, 100 complete and 0 interrupted iterations
concurrency   [  34% ] 08/50 VUs  2m35.0s/7m30.0s

running (2m36.0s), 08/50 VUs, 100 complete and 0 interrupted iterations
concurrency   [  35% ] 08/50 VUs  2m36.0s/7m30.0s

running (2m37.0s), 08/50 VUs, 106 complete and 0 interrupted iterations
concurrency   [  35% ] 08/50 VUs  2m37.0s/7m30.0s

running (2m38.0s), 08/50 VUs, 107 complete and 0 interrupted iterations
concurrency   [  35% ] 08/50 VUs  2m38.0s/7m30.0s

running (2m39.0s), 08/50 VUs, 107 complete and 0 interrupted iterations
concurrency   [  35% ] 08/50 VUs  2m39.0s/7m30.0s

running (2m40.0s), 08/50 VUs, 108 complete and 0 interrupted iterations
concurrency   [  36% ] 08/50 VUs  2m40.0s/7m30.0s

running (2m41.0s), 08/50 VUs, 108 complete and 0 interrupted iterations
concurrency   [  36% ] 08/50 VUs  2m41.0s/7m30.0s

running (2m42.0s), 08/50 VUs, 108 complete and 0 interrupted iterations
concurrency   [  36% ] 08/50 VUs  2m42.0s/7m30.0s

running (2m43.0s), 09/50 VUs, 111 complete and 0 interrupted iterations
concurrency   [  36% ] 09/50 VUs  2m43.0s/7m30.0s

running (2m44.0s), 09/50 VUs, 111 complete and 0 interrupted iterations
concurrency   [  36% ] 09/50 VUs  2m44.0s/7m30.0s

running (2m45.0s), 09/50 VUs, 116 complete and 0 interrupted iterations
concurrency   [  37% ] 09/50 VUs  2m45.0s/7m30.0s

running (2m46.0s), 09/50 VUs, 116 complete and 0 interrupted iterations
concurrency   [  37% ] 09/50 VUs  2m46.0s/7m30.0s

running (2m47.0s), 09/50 VUs, 116 complete and 0 interrupted iterations
concurrency   [  37% ] 09/50 VUs  2m47.0s/7m30.0s

running (2m48.0s), 09/50 VUs, 116 complete and 0 interrupted iterations
concurrency   [  37% ] 09/50 VUs  2m48.0s/7m30.0s

running (2m49.0s), 09/50 VUs, 116 complete and 0 interrupted iterations
concurrency   [  38% ] 09/50 VUs  2m49.0s/7m30.0s

running (2m50.0s), 09/50 VUs, 120 complete and 0 interrupted iterations
concurrency   [  38% ] 09/50 VUs  2m50.0s/7m30.0s

running (2m51.0s), 09/50 VUs, 120 complete and 0 interrupted iterations
concurrency   [  38% ] 09/50 VUs  2m51.0s/7m30.0s

running (2m52.0s), 09/50 VUs, 120 complete and 0 interrupted iterations
concurrency   [  38% ] 09/50 VUs  2m52.0s/7m30.0s

running (2m53.0s), 09/50 VUs, 124 complete and 0 interrupted iterations
concurrency   [  38% ] 09/50 VUs  2m53.0s/7m30.0s

running (2m54.0s), 09/50 VUs, 125 complete and 0 interrupted iterations
concurrency   [  39% ] 09/50 VUs  2m54.0s/7m30.0s

running (2m55.0s), 09/50 VUs, 125 complete and 0 interrupted iterations
concurrency   [  39% ] 09/50 VUs  2m55.0s/7m30.0s

running (2m56.0s), 09/50 VUs, 125 complete and 0 interrupted iterations
concurrency   [  39% ] 09/50 VUs  2m56.0s/7m30.0s

running (2m57.0s), 09/50 VUs, 126 complete and 0 interrupted iterations
concurrency   [  39% ] 09/50 VUs  2m57.0s/7m30.0s

running (2m58.0s), 09/50 VUs, 127 complete and 0 interrupted iterations
concurrency   [  40% ] 09/50 VUs  2m58.0s/7m30.0s

running (2m59.0s), 09/50 VUs, 129 complete and 0 interrupted iterations
concurrency   [  40% ] 09/50 VUs  2m59.0s/7m30.0s

running (3m00.0s), 09/50 VUs, 132 complete and 0 interrupted iterations
concurrency   [  40% ] 09/50 VUs  3m00.0s/7m30.0s

running (3m01.0s), 10/50 VUs, 134 complete and 0 interrupted iterations
concurrency   [  40% ] 10/50 VUs  3m01.0s/7m30.0s

running (3m02.0s), 10/50 VUs, 134 complete and 0 interrupted iterations
concurrency   [  40% ] 10/50 VUs  3m02.0s/7m30.0s

running (3m03.0s), 10/50 VUs, 134 complete and 0 interrupted iterations
concurrency   [  41% ] 10/50 VUs  3m03.0s/7m30.0s

running (3m04.0s), 10/50 VUs, 135 complete and 0 interrupted iterations
concurrency   [  41% ] 10/50 VUs  3m04.0s/7m30.0s

running (3m05.0s), 10/50 VUs, 135 complete and 0 interrupted iterations
concurrency   [  41% ] 10/50 VUs  3m05.0s/7m30.0s

running (3m06.0s), 10/50 VUs, 138 complete and 0 interrupted iterations
concurrency   [  41% ] 10/50 VUs  3m06.0s/7m30.0s

running (3m07.0s), 10/50 VUs, 138 complete and 0 interrupted iterations
concurrency   [  42% ] 10/50 VUs  3m07.0s/7m30.0s

running (3m08.0s), 10/50 VUs, 144 complete and 0 interrupted iterations
concurrency   [  42% ] 10/50 VUs  3m08.0s/7m30.0s

running (3m09.0s), 10/50 VUs, 144 complete and 0 interrupted iterations
concurrency   [  42% ] 10/50 VUs  3m09.0s/7m30.0s

running (3m10.0s), 11/50 VUs, 145 complete and 0 interrupted iterations
concurrency   [  42% ] 11/50 VUs  3m10.0s/7m30.0s

running (3m11.0s), 11/50 VUs, 145 complete and 0 interrupted iterations
concurrency   [  42% ] 11/50 VUs  3m11.0s/7m30.0s

running (3m12.0s), 11/50 VUs, 146 complete and 0 interrupted iterations
concurrency   [  43% ] 11/50 VUs  3m12.0s/7m30.0s

running (3m13.0s), 11/50 VUs, 148 complete and 0 interrupted iterations
concurrency   [  43% ] 11/50 VUs  3m13.0s/7m30.0s

running (3m14.0s), 11/50 VUs, 149 complete and 0 interrupted iterations
concurrency   [  43% ] 11/50 VUs  3m14.0s/7m30.0s

running (3m15.0s), 11/50 VUs, 149 complete and 0 interrupted iterations
concurrency   [  43% ] 11/50 VUs  3m15.0s/7m30.0s

running (3m16.0s), 11/50 VUs, 154 complete and 0 interrupted iterations
concurrency   [  44% ] 11/50 VUs  3m16.0s/7m30.0s

running (3m17.0s), 11/50 VUs, 155 complete and 0 interrupted iterations
concurrency   [  44% ] 11/50 VUs  3m17.0s/7m30.0s

running (3m18.0s), 11/50 VUs, 157 complete and 0 interrupted iterations
concurrency   [  44% ] 11/50 VUs  3m18.0s/7m30.0s

running (3m19.0s), 12/50 VUs, 157 complete and 0 interrupted iterations
concurrency   [  44% ] 12/50 VUs  3m19.0s/7m30.0s

running (3m20.0s), 12/50 VUs, 160 complete and 0 interrupted iterations
concurrency   [  44% ] 12/50 VUs  3m20.0s/7m30.0s

running (3m21.0s), 12/50 VUs, 161 complete and 0 interrupted iterations
concurrency   [  45% ] 12/50 VUs  3m21.0s/7m30.0s

running (3m22.0s), 12/50 VUs, 161 complete and 0 interrupted iterations
concurrency   [  45% ] 12/50 VUs  3m22.0s/7m30.0s

running (3m23.0s), 12/50 VUs, 165 complete and 0 interrupted iterations
concurrency   [  45% ] 12/50 VUs  3m23.0s/7m30.0s

running (3m24.0s), 12/50 VUs, 165 complete and 0 interrupted iterations
concurrency   [  45% ] 12/50 VUs  3m24.0s/7m30.0s

running (3m25.0s), 12/50 VUs, 168 complete and 0 interrupted iterations
concurrency   [  46% ] 12/50 VUs  3m25.0s/7m30.0s

running (3m26.0s), 12/50 VUs, 169 complete and 0 interrupted iterations
concurrency   [  46% ] 12/50 VUs  3m26.0s/7m30.0s

running (3m27.0s), 12/50 VUs, 171 complete and 0 interrupted iterations
concurrency   [  46% ] 12/50 VUs  3m27.0s/7m30.0s

running (3m28.0s), 13/50 VUs, 173 complete and 0 interrupted iterations
concurrency   [  46% ] 13/50 VUs  3m28.0s/7m30.0s

running (3m29.0s), 13/50 VUs, 173 complete and 0 interrupted iterations
concurrency   [  46% ] 13/50 VUs  3m29.0s/7m30.0s

running (3m30.0s), 13/50 VUs, 173 complete and 0 interrupted iterations
concurrency   [  47% ] 13/50 VUs  3m30.0s/7m30.0s

running (3m31.0s), 13/50 VUs, 177 complete and 0 interrupted iterations
concurrency   [  47% ] 13/50 VUs  3m31.0s/7m30.0s

running (3m32.0s), 13/50 VUs, 181 complete and 0 interrupted iterations
concurrency   [  47% ] 13/50 VUs  3m32.0s/7m30.0s

running (3m33.0s), 13/50 VUs, 181 complete and 0 interrupted iterations
concurrency   [  47% ] 13/50 VUs  3m33.0s/7m30.0s

running (3m34.0s), 13/50 VUs, 181 complete and 0 interrupted iterations
concurrency   [  48% ] 13/50 VUs  3m34.0s/7m30.0s

running (3m35.0s), 13/50 VUs, 181 complete and 0 interrupted iterations
concurrency   [  48% ] 13/50 VUs  3m35.0s/7m30.0s

running (3m36.0s), 13/50 VUs, 181 complete and 0 interrupted iterations
concurrency   [  48% ] 13/50 VUs  3m36.0s/7m30.0s

running (3m37.0s), 14/50 VUs, 184 complete and 0 interrupted iterations
concurrency   [  48% ] 14/50 VUs  3m37.0s/7m30.0s

running (3m38.0s), 14/50 VUs, 190 complete and 0 interrupted iterations
concurrency   [  48% ] 14/50 VUs  3m38.0s/7m30.0s

running (3m39.0s), 14/50 VUs, 190 complete and 0 interrupted iterations
concurrency   [  49% ] 14/50 VUs  3m39.0s/7m30.0s

running (3m40.0s), 14/50 VUs, 194 complete and 0 interrupted iterations
concurrency   [  49% ] 14/50 VUs  3m40.0s/7m30.0s

running (3m41.0s), 14/50 VUs, 194 complete and 0 interrupted iterations
concurrency   [  49% ] 14/50 VUs  3m41.0s/7m30.0s

running (3m42.0s), 14/50 VUs, 194 complete and 0 interrupted iterations
concurrency   [  49% ] 14/50 VUs  3m42.0s/7m30.0s

running (3m43.0s), 14/50 VUs, 194 complete and 0 interrupted iterations
concurrency   [  50% ] 14/50 VUs  3m43.0s/7m30.0s

running (3m44.0s), 14/50 VUs, 195 complete and 0 interrupted iterations
concurrency   [  50% ] 14/50 VUs  3m44.0s/7m30.0s

running (3m45.0s), 14/50 VUs, 196 complete and 0 interrupted iterations
concurrency   [  50% ] 14/50 VUs  3m45.0s/7m30.0s

running (3m46.0s), 15/50 VUs, 198 complete and 0 interrupted iterations
concurrency   [  50% ] 15/50 VUs  3m46.0s/7m30.0s

running (3m47.0s), 15/50 VUs, 199 complete and 0 interrupted iterations
concurrency   [  50% ] 15/50 VUs  3m47.0s/7m30.0s

running (3m48.0s), 15/50 VUs, 201 complete and 0 interrupted iterations
concurrency   [  51% ] 15/50 VUs  3m48.0s/7m30.0s

running (3m49.0s), 15/50 VUs, 208 complete and 0 interrupted iterations
concurrency   [  51% ] 15/50 VUs  3m49.0s/7m30.0s

running (3m50.0s), 15/50 VUs, 208 complete and 0 interrupted iterations
concurrency   [  51% ] 15/50 VUs  3m50.0s/7m30.0s

running (3m51.0s), 15/50 VUs, 209 complete and 0 interrupted iterations
concurrency   [  51% ] 15/50 VUs  3m51.0s/7m30.0s

running (3m52.0s), 15/50 VUs, 210 complete and 0 interrupted iterations
concurrency   [  52% ] 15/50 VUs  3m52.0s/7m30.0s

running (3m53.0s), 15/50 VUs, 211 complete and 0 interrupted iterations
concurrency   [  52% ] 15/50 VUs  3m53.0s/7m30.0s

running (3m54.0s), 15/50 VUs, 213 complete and 0 interrupted iterations
concurrency   [  52% ] 15/50 VUs  3m54.0s/7m30.0s

running (3m55.0s), 16/50 VUs, 213 complete and 0 interrupted iterations
concurrency   [  52% ] 16/50 VUs  3m55.0s/7m30.0s

running (3m56.0s), 16/50 VUs, 213 complete and 0 interrupted iterations
concurrency   [  52% ] 16/50 VUs  3m56.0s/7m30.0s

running (3m57.0s), 16/50 VUs, 220 complete and 0 interrupted iterations
concurrency   [  53% ] 16/50 VUs  3m57.0s/7m30.0s

running (3m58.0s), 16/50 VUs, 223 complete and 0 interrupted iterations
concurrency   [  53% ] 16/50 VUs  3m58.0s/7m30.0s

running (3m59.0s), 16/50 VUs, 223 complete and 0 interrupted iterations
concurrency   [  53% ] 16/50 VUs  3m59.0s/7m30.0s

running (4m00.0s), 16/50 VUs, 225 complete and 0 interrupted iterations
concurrency   [  53% ] 16/50 VUs  4m00.0s/7m30.0s

running (4m01.0s), 16/50 VUs, 225 complete and 0 interrupted iterations
concurrency   [  54% ] 16/50 VUs  4m01.0s/7m30.0s

running (4m02.0s), 16/50 VUs, 229 complete and 0 interrupted iterations
concurrency   [  54% ] 16/50 VUs  4m02.0s/7m30.0s

running (4m03.0s), 16/50 VUs, 229 complete and 0 interrupted iterations
concurrency   [  54% ] 16/50 VUs  4m03.0s/7m30.0s

running (4m04.0s), 17/50 VUs, 231 complete and 0 interrupted iterations
concurrency   [  54% ] 17/50 VUs  4m04.0s/7m30.0s

running (4m05.0s), 17/50 VUs, 236 complete and 0 interrupted iterations
concurrency   [  54% ] 17/50 VUs  4m05.0s/7m30.0s

running (4m06.0s), 17/50 VUs, 236 complete and 0 interrupted iterations
concurrency   [  55% ] 17/50 VUs  4m06.0s/7m30.0s

running (4m07.0s), 17/50 VUs, 240 complete and 0 interrupted iterations
concurrency   [  55% ] 17/50 VUs  4m07.0s/7m30.0s

running (4m08.0s), 17/50 VUs, 241 complete and 0 interrupted iterations
concurrency   [  55% ] 17/50 VUs  4m08.0s/7m30.0s

running (4m09.0s), 17/50 VUs, 241 complete and 0 interrupted iterations
concurrency   [  55% ] 17/50 VUs  4m09.0s/7m30.0s

running (4m10.0s), 17/50 VUs, 245 complete and 0 interrupted iterations
concurrency   [  56% ] 17/50 VUs  4m10.0s/7m30.0s

running (4m11.0s), 17/50 VUs, 247 complete and 0 interrupted iterations
concurrency   [  56% ] 17/50 VUs  4m11.0s/7m30.0s

running (4m12.0s), 17/50 VUs, 248 complete and 0 interrupted iterations
concurrency   [  56% ] 17/50 VUs  4m12.0s/7m30.0s

running (4m13.0s), 18/50 VUs, 252 complete and 0 interrupted iterations
concurrency   [  56% ] 18/50 VUs  4m13.0s/7m30.0s

running (4m14.0s), 18/50 VUs, 254 complete and 0 interrupted iterations
concurrency   [  56% ] 18/50 VUs  4m14.0s/7m30.0s

running (4m15.0s), 18/50 VUs, 257 complete and 0 interrupted iterations
concurrency   [  57% ] 18/50 VUs  4m15.0s/7m30.0s

running (4m16.0s), 18/50 VUs, 258 complete and 0 interrupted iterations
concurrency   [  57% ] 18/50 VUs  4m16.0s/7m30.0s

running (4m17.0s), 18/50 VUs, 258 complete and 0 interrupted iterations
concurrency   [  57% ] 18/50 VUs  4m17.0s/7m30.0s

running (4m18.0s), 18/50 VUs, 260 complete and 0 interrupted iterations
concurrency   [  57% ] 18/50 VUs  4m18.0s/7m30.0s

running (4m19.0s), 18/50 VUs, 265 complete and 0 interrupted iterations
concurrency   [  58% ] 18/50 VUs  4m19.0s/7m30.0s

running (4m20.0s), 18/50 VUs, 265 complete and 0 interrupted iterations
concurrency   [  58% ] 18/50 VUs  4m20.0s/7m30.0s

running (4m21.0s), 18/50 VUs, 265 complete and 0 interrupted iterations
concurrency   [  58% ] 18/50 VUs  4m21.0s/7m30.0s

running (4m22.0s), 19/50 VUs, 268 complete and 0 interrupted iterations
concurrency   [  58% ] 19/50 VUs  4m22.0s/7m30.0s

running (4m23.0s), 19/50 VUs, 271 complete and 0 interrupted iterations
concurrency   [  58% ] 19/50 VUs  4m23.0s/7m30.0s

running (4m24.0s), 19/50 VUs, 274 complete and 0 interrupted iterations
concurrency   [  59% ] 19/50 VUs  4m24.0s/7m30.0s

running (4m25.0s), 19/50 VUs, 277 complete and 0 interrupted iterations
concurrency   [  59% ] 19/50 VUs  4m25.0s/7m30.0s

running (4m26.0s), 19/50 VUs, 277 complete and 0 interrupted iterations
concurrency   [  59% ] 19/50 VUs  4m26.0s/7m30.0s

running (4m27.0s), 19/50 VUs, 281 complete and 0 interrupted iterations
concurrency   [  59% ] 19/50 VUs  4m27.0s/7m30.0s

running (4m28.0s), 19/50 VUs, 283 complete and 0 interrupted iterations
concurrency   [  60% ] 19/50 VUs  4m28.0s/7m30.0s

running (4m29.0s), 19/50 VUs, 285 complete and 0 interrupted iterations
concurrency   [  60% ] 19/50 VUs  4m29.0s/7m30.0s

running (4m30.0s), 19/50 VUs, 285 complete and 0 interrupted iterations
concurrency   [  60% ] 19/50 VUs  4m30.0s/7m30.0s

running (4m31.0s), 20/50 VUs, 285 complete and 0 interrupted iterations
concurrency   [  60% ] 20/50 VUs  4m31.0s/7m30.0s

running (4m32.0s), 20/50 VUs, 288 complete and 0 interrupted iterations
concurrency   [  60% ] 20/50 VUs  4m32.0s/7m30.0s

running (4m33.0s), 20/50 VUs, 290 complete and 0 interrupted iterations
concurrency   [  61% ] 20/50 VUs  4m33.0s/7m30.0s

running (4m34.0s), 21/50 VUs, 290 complete and 0 interrupted iterations
concurrency   [  61% ] 21/50 VUs  4m34.0s/7m30.0s

running (4m35.0s), 21/50 VUs, 296 complete and 0 interrupted iterations
concurrency   [  61% ] 21/50 VUs  4m35.0s/7m30.0s

running (4m36.0s), 21/50 VUs, 300 complete and 0 interrupted iterations
concurrency   [  61% ] 21/50 VUs  4m36.0s/7m30.0s

running (4m37.0s), 22/50 VUs, 301 complete and 0 interrupted iterations
concurrency   [  62% ] 22/50 VUs  4m37.0s/7m30.0s

running (4m38.0s), 22/50 VUs, 305 complete and 0 interrupted iterations
concurrency   [  62% ] 22/50 VUs  4m38.0s/7m30.0s

running (4m39.0s), 22/50 VUs, 305 complete and 0 interrupted iterations
concurrency   [  62% ] 22/50 VUs  4m39.0s/7m30.0s

running (4m40.0s), 23/50 VUs, 305 complete and 0 interrupted iterations
concurrency   [  62% ] 23/50 VUs  4m40.0s/7m30.0s

running (4m41.0s), 23/50 VUs, 305 complete and 0 interrupted iterations
concurrency   [  62% ] 23/50 VUs  4m41.0s/7m30.0s

running (4m42.0s), 23/50 VUs, 308 complete and 0 interrupted iterations
concurrency   [  63% ] 23/50 VUs  4m42.0s/7m30.0s

running (4m43.0s), 24/50 VUs, 308 complete and 0 interrupted iterations
concurrency   [  63% ] 24/50 VUs  4m43.0s/7m30.0s

running (4m44.0s), 24/50 VUs, 313 complete and 0 interrupted iterations
concurrency   [  63% ] 24/50 VUs  4m44.0s/7m30.0s

running (4m45.0s), 24/50 VUs, 314 complete and 0 interrupted iterations
concurrency   [  63% ] 24/50 VUs  4m45.0s/7m30.0s

running (4m46.0s), 25/50 VUs, 317 complete and 0 interrupted iterations
concurrency   [  64% ] 25/50 VUs  4m46.0s/7m30.0s

running (4m47.0s), 25/50 VUs, 320 complete and 0 interrupted iterations
concurrency   [  64% ] 25/50 VUs  4m47.0s/7m30.0s

running (4m48.0s), 25/50 VUs, 320 complete and 0 interrupted iterations
concurrency   [  64% ] 25/50 VUs  4m48.0s/7m30.0s

running (4m49.0s), 26/50 VUs, 325 complete and 0 interrupted iterations
concurrency   [  64% ] 26/50 VUs  4m49.0s/7m30.0s

running (4m50.0s), 26/50 VUs, 328 complete and 0 interrupted iterations
concurrency   [  64% ] 26/50 VUs  4m50.0s/7m30.0s

running (4m51.0s), 26/50 VUs, 328 complete and 0 interrupted iterations
concurrency   [  65% ] 26/50 VUs  4m51.0s/7m30.0s

running (4m52.0s), 27/50 VUs, 329 complete and 0 interrupted iterations
concurrency   [  65% ] 27/50 VUs  4m52.0s/7m30.0s

running (4m53.0s), 27/50 VUs, 332 complete and 0 interrupted iterations
concurrency   [  65% ] 27/50 VUs  4m53.0s/7m30.0s

running (4m54.0s), 27/50 VUs, 332 complete and 0 interrupted iterations
concurrency   [  65% ] 27/50 VUs  4m54.0s/7m30.0s

running (4m55.0s), 28/50 VUs, 334 complete and 0 interrupted iterations
concurrency   [  66% ] 28/50 VUs  4m55.0s/7m30.0s

running (4m56.0s), 28/50 VUs, 340 complete and 0 interrupted iterations
concurrency   [  66% ] 28/50 VUs  4m56.0s/7m30.0s

running (4m57.0s), 28/50 VUs, 340 complete and 0 interrupted iterations
concurrency   [  66% ] 28/50 VUs  4m57.0s/7m30.0s

running (4m58.0s), 29/50 VUs, 340 complete and 0 interrupted iterations
concurrency   [  66% ] 29/50 VUs  4m58.0s/7m30.0s

running (4m59.0s), 29/50 VUs, 340 complete and 0 interrupted iterations
concurrency   [  66% ] 29/50 VUs  4m59.0s/7m30.0s

running (5m00.0s), 29/50 VUs, 343 complete and 0 interrupted iterations
concurrency   [  67% ] 29/50 VUs  5m00.0s/7m30.0s

running (5m01.0s), 30/50 VUs, 351 complete and 0 interrupted iterations
concurrency   [  67% ] 30/50 VUs  5m01.0s/7m30.0s

running (5m02.0s), 30/50 VUs, 355 complete and 0 interrupted iterations
concurrency   [  67% ] 30/50 VUs  5m02.0s/7m30.0s

running (5m03.0s), 30/50 VUs, 359 complete and 0 interrupted iterations
concurrency   [  67% ] 30/50 VUs  5m03.0s/7m30.0s

running (5m04.0s), 31/50 VUs, 359 complete and 0 interrupted iterations
concurrency   [  68% ] 31/50 VUs  5m04.0s/7m30.0s

running (5m05.0s), 31/50 VUs, 360 complete and 0 interrupted iterations
concurrency   [  68% ] 31/50 VUs  5m05.0s/7m30.0s

running (5m06.0s), 31/50 VUs, 361 complete and 0 interrupted iterations
concurrency   [  68% ] 31/50 VUs  5m06.0s/7m30.0s

running (5m07.0s), 32/50 VUs, 366 complete and 0 interrupted iterations
concurrency   [  68% ] 32/50 VUs  5m07.0s/7m30.0s

running (5m08.0s), 32/50 VUs, 367 complete and 0 interrupted iterations
concurrency   [  68% ] 32/50 VUs  5m08.0s/7m30.0s

running (5m09.0s), 32/50 VUs, 369 complete and 0 interrupted iterations
concurrency   [  69% ] 32/50 VUs  5m09.0s/7m30.0s

running (5m10.0s), 33/50 VUs, 369 complete and 0 interrupted iterations
concurrency   [  69% ] 33/50 VUs  5m10.0s/7m30.0s

running (5m11.0s), 33/50 VUs, 369 complete and 0 interrupted iterations
concurrency   [  69% ] 33/50 VUs  5m11.0s/7m30.0s

running (5m12.0s), 33/50 VUs, 369 complete and 0 interrupted iterations
concurrency   [  69% ] 33/50 VUs  5m12.0s/7m30.0s

running (5m13.0s), 34/50 VUs, 371 complete and 0 interrupted iterations
concurrency   [  70% ] 34/50 VUs  5m13.0s/7m30.0s

running (5m14.0s), 34/50 VUs, 375 complete and 0 interrupted iterations
concurrency   [  70% ] 34/50 VUs  5m14.0s/7m30.0s

running (5m15.0s), 34/50 VUs, 377 complete and 0 interrupted iterations
concurrency   [  70% ] 34/50 VUs  5m15.0s/7m30.0s

running (5m16.0s), 35/50 VUs, 378 complete and 0 interrupted iterations
concurrency   [  70% ] 35/50 VUs  5m16.0s/7m30.0s

running (5m17.0s), 35/50 VUs, 385 complete and 0 interrupted iterations
concurrency   [  70% ] 35/50 VUs  5m17.0s/7m30.0s

running (5m18.0s), 35/50 VUs, 385 complete and 0 interrupted iterations
concurrency   [  71% ] 35/50 VUs  5m18.0s/7m30.0s

running (5m19.0s), 36/50 VUs, 385 complete and 0 interrupted iterations
concurrency   [  71% ] 36/50 VUs  5m19.0s/7m30.0s

running (5m20.0s), 36/50 VUs, 385 complete and 0 interrupted iterations
concurrency   [  71% ] 36/50 VUs  5m20.0s/7m30.0s

running (5m21.0s), 36/50 VUs, 394 complete and 0 interrupted iterations
concurrency   [  71% ] 36/50 VUs  5m21.0s/7m30.0s

running (5m22.0s), 37/50 VUs, 396 complete and 0 interrupted iterations
concurrency   [  72% ] 37/50 VUs  5m22.0s/7m30.0s

running (5m23.0s), 37/50 VUs, 398 complete and 0 interrupted iterations
concurrency   [  72% ] 37/50 VUs  5m23.0s/7m30.0s

running (5m24.0s), 37/50 VUs, 402 complete and 0 interrupted iterations
concurrency   [  72% ] 37/50 VUs  5m24.0s/7m30.0s

running (5m25.0s), 38/50 VUs, 402 complete and 0 interrupted iterations
concurrency   [  72% ] 38/50 VUs  5m25.0s/7m30.0s

running (5m26.0s), 38/50 VUs, 402 complete and 0 interrupted iterations
concurrency   [  72% ] 38/50 VUs  5m26.0s/7m30.0s

running (5m27.0s), 38/50 VUs, 402 complete and 0 interrupted iterations
concurrency   [  73% ] 38/50 VUs  5m27.0s/7m30.0s

running (5m28.0s), 39/50 VUs, 407 complete and 0 interrupted iterations
concurrency   [  73% ] 39/50 VUs  5m28.0s/7m30.0s

running (5m29.0s), 39/50 VUs, 414 complete and 0 interrupted iterations
concurrency   [  73% ] 39/50 VUs  5m29.0s/7m30.0s

running (5m30.0s), 39/50 VUs, 415 complete and 0 interrupted iterations
concurrency   [  73% ] 39/50 VUs  5m30.0s/7m30.0s

running (5m31.0s), 40/50 VUs, 415 complete and 0 interrupted iterations
concurrency   [  74% ] 40/50 VUs  5m31.0s/7m30.0s

running (5m32.0s), 40/50 VUs, 419 complete and 0 interrupted iterations
concurrency   [  74% ] 40/50 VUs  5m32.0s/7m30.0s

running (5m33.0s), 40/50 VUs, 421 complete and 0 interrupted iterations
concurrency   [  74% ] 40/50 VUs  5m33.0s/7m30.0s

running (5m34.0s), 41/50 VUs, 424 complete and 0 interrupted iterations
concurrency   [  74% ] 41/50 VUs  5m34.0s/7m30.0s

running (5m35.0s), 41/50 VUs, 426 complete and 0 interrupted iterations
concurrency   [  74% ] 41/50 VUs  5m35.0s/7m30.0s

running (5m36.0s), 41/50 VUs, 426 complete and 0 interrupted iterations
concurrency   [  75% ] 41/50 VUs  5m36.0s/7m30.0s

running (5m37.0s), 42/50 VUs, 430 complete and 0 interrupted iterations
concurrency   [  75% ] 42/50 VUs  5m37.0s/7m30.0s

running (5m38.0s), 42/50 VUs, 436 complete and 0 interrupted iterations
concurrency   [  75% ] 42/50 VUs  5m38.0s/7m30.0s

running (5m39.0s), 42/50 VUs, 436 complete and 0 interrupted iterations
concurrency   [  75% ] 42/50 VUs  5m39.0s/7m30.0s

running (5m40.0s), 43/50 VUs, 440 complete and 0 interrupted iterations
concurrency   [  76% ] 43/50 VUs  5m40.0s/7m30.0s

running (5m41.0s), 43/50 VUs, 443 complete and 0 interrupted iterations
concurrency   [  76% ] 43/50 VUs  5m41.0s/7m30.0s

running (5m42.0s), 43/50 VUs, 447 complete and 0 interrupted iterations
concurrency   [  76% ] 43/50 VUs  5m42.0s/7m30.0s

running (5m43.0s), 44/50 VUs, 447 complete and 0 interrupted iterations
concurrency   [  76% ] 44/50 VUs  5m43.0s/7m30.0s

running (5m44.0s), 44/50 VUs, 448 complete and 0 interrupted iterations
concurrency   [  76% ] 44/50 VUs  5m44.0s/7m30.0s

running (5m45.0s), 44/50 VUs, 452 complete and 0 interrupted iterations
concurrency   [  77% ] 44/50 VUs  5m45.0s/7m30.0s

running (5m46.0s), 45/50 VUs, 456 complete and 0 interrupted iterations
concurrency   [  77% ] 45/50 VUs  5m46.0s/7m30.0s

running (5m47.0s), 45/50 VUs, 456 complete and 0 interrupted iterations
concurrency   [  77% ] 45/50 VUs  5m47.0s/7m30.0s

running (5m48.0s), 45/50 VUs, 456 complete and 0 interrupted iterations
concurrency   [  77% ] 45/50 VUs  5m48.0s/7m30.0s

running (5m49.0s), 46/50 VUs, 460 complete and 0 interrupted iterations
concurrency   [  78% ] 46/50 VUs  5m49.0s/7m30.0s

running (5m50.0s), 46/50 VUs, 462 complete and 0 interrupted iterations
concurrency   [  78% ] 46/50 VUs  5m50.0s/7m30.0s

running (5m51.0s), 46/50 VUs, 464 complete and 0 interrupted iterations
concurrency   [  78% ] 46/50 VUs  5m51.0s/7m30.0s

running (5m52.0s), 47/50 VUs, 464 complete and 0 interrupted iterations
concurrency   [  78% ] 47/50 VUs  5m52.0s/7m30.0s

running (5m53.0s), 47/50 VUs, 470 complete and 0 interrupted iterations
concurrency   [  78% ] 47/50 VUs  5m53.0s/7m30.0s

running (5m54.0s), 47/50 VUs, 470 complete and 0 interrupted iterations
concurrency   [  79% ] 47/50 VUs  5m54.0s/7m30.0s

running (5m55.0s), 48/50 VUs, 472 complete and 0 interrupted iterations
concurrency   [  79% ] 48/50 VUs  5m55.0s/7m30.0s

running (5m56.0s), 48/50 VUs, 476 complete and 0 interrupted iterations
concurrency   [  79% ] 48/50 VUs  5m56.0s/7m30.0s

running (5m57.0s), 48/50 VUs, 477 complete and 0 interrupted iterations
concurrency   [  79% ] 48/50 VUs  5m57.0s/7m30.0s

running (5m58.0s), 49/50 VUs, 480 complete and 0 interrupted iterations
concurrency   [  80% ] 49/50 VUs  5m58.0s/7m30.0s

running (5m59.0s), 49/50 VUs, 484 complete and 0 interrupted iterations
concurrency   [  80% ] 49/50 VUs  5m59.0s/7m30.0s

running (6m00.0s), 49/50 VUs, 486 complete and 0 interrupted iterations
concurrency   [  80% ] 49/50 VUs  6m00.0s/7m30.0s

running (6m01.0s), 50/50 VUs, 486 complete and 0 interrupted iterations
concurrency   [  80% ] 50/50 VUs  6m01.0s/7m30.0s

running (6m02.0s), 50/50 VUs, 486 complete and 0 interrupted iterations
concurrency   [  80% ] 50/50 VUs  6m02.0s/7m30.0s

running (6m03.0s), 50/50 VUs, 491 complete and 0 interrupted iterations
concurrency   [  81% ] 50/50 VUs  6m03.0s/7m30.0s

running (6m04.0s), 50/50 VUs, 497 complete and 0 interrupted iterations
concurrency   [  81% ] 50/50 VUs  6m04.0s/7m30.0s

running (6m05.0s), 50/50 VUs, 497 complete and 0 interrupted iterations
concurrency   [  81% ] 50/50 VUs  6m05.0s/7m30.0s

running (6m06.0s), 50/50 VUs, 497 complete and 0 interrupted iterations
concurrency   [  81% ] 50/50 VUs  6m06.0s/7m30.0s

running (6m07.0s), 50/50 VUs, 501 complete and 0 interrupted iterations
concurrency   [  82% ] 50/50 VUs  6m07.0s/7m30.0s

running (6m08.0s), 50/50 VUs, 509 complete and 0 interrupted iterations
concurrency   [  82% ] 50/50 VUs  6m08.0s/7m30.0s

running (6m09.0s), 50/50 VUs, 511 complete and 0 interrupted iterations
concurrency   [  82% ] 50/50 VUs  6m09.0s/7m30.0s

running (6m10.0s), 50/50 VUs, 511 complete and 0 interrupted iterations
concurrency   [  82% ] 50/50 VUs  6m10.0s/7m30.0s

running (6m11.0s), 50/50 VUs, 511 complete and 0 interrupted iterations
concurrency   [  82% ] 50/50 VUs  6m11.0s/7m30.0s

running (6m12.0s), 50/50 VUs, 514 complete and 0 interrupted iterations
concurrency   [  83% ] 50/50 VUs  6m12.0s/7m30.0s

running (6m13.0s), 50/50 VUs, 521 complete and 0 interrupted iterations
concurrency   [  83% ] 50/50 VUs  6m13.0s/7m30.0s

running (6m14.0s), 50/50 VUs, 525 complete and 0 interrupted iterations
concurrency   [  83% ] 50/50 VUs  6m14.0s/7m30.0s

running (6m15.0s), 50/50 VUs, 525 complete and 0 interrupted iterations
concurrency   [  83% ] 50/50 VUs  6m15.0s/7m30.0s

running (6m16.0s), 50/50 VUs, 525 complete and 0 interrupted iterations
concurrency   [  84% ] 50/50 VUs  6m16.0s/7m30.0s

running (6m17.0s), 50/50 VUs, 530 complete and 0 interrupted iterations
concurrency   [  84% ] 50/50 VUs  6m17.0s/7m30.0s

running (6m18.0s), 50/50 VUs, 532 complete and 0 interrupted iterations
concurrency   [  84% ] 50/50 VUs  6m18.0s/7m30.0s

running (6m19.0s), 50/50 VUs, 533 complete and 0 interrupted iterations
concurrency   [  84% ] 50/50 VUs  6m19.0s/7m30.0s

running (6m20.0s), 50/50 VUs, 533 complete and 0 interrupted iterations
concurrency   [  84% ] 50/50 VUs  6m20.0s/7m30.0s

running (6m21.0s), 50/50 VUs, 533 complete and 0 interrupted iterations
concurrency   [  85% ] 50/50 VUs  6m21.0s/7m30.0s

running (6m22.0s), 50/50 VUs, 533 complete and 0 interrupted iterations
concurrency   [  85% ] 50/50 VUs  6m22.0s/7m30.0s

running (6m23.0s), 50/50 VUs, 540 complete and 0 interrupted iterations
concurrency   [  85% ] 50/50 VUs  6m23.0s/7m30.0s

running (6m24.0s), 50/50 VUs, 546 complete and 0 interrupted iterations
concurrency   [  85% ] 50/50 VUs  6m24.0s/7m30.0s

running (6m25.0s), 50/50 VUs, 546 complete and 0 interrupted iterations
concurrency   [  86% ] 50/50 VUs  6m25.0s/7m30.0s

running (6m26.0s), 50/50 VUs, 546 complete and 0 interrupted iterations
concurrency   [  86% ] 50/50 VUs  6m26.0s/7m30.0s

running (6m27.0s), 50/50 VUs, 548 complete and 0 interrupted iterations
concurrency   [  86% ] 50/50 VUs  6m27.0s/7m30.0s

running (6m28.0s), 50/50 VUs, 555 complete and 0 interrupted iterations
concurrency   [  86% ] 50/50 VUs  6m28.0s/7m30.0s

running (6m29.0s), 50/50 VUs, 558 complete and 0 interrupted iterations
concurrency   [  86% ] 50/50 VUs  6m29.0s/7m30.0s

running (6m30.0s), 50/50 VUs, 558 complete and 0 interrupted iterations
concurrency   [  87% ] 50/50 VUs  6m30.0s/7m30.0s

running (6m31.0s), 50/50 VUs, 558 complete and 0 interrupted iterations
concurrency   [  87% ] 50/50 VUs  6m31.0s/7m30.0s

running (6m32.0s), 50/50 VUs, 564 complete and 0 interrupted iterations
concurrency   [  87% ] 50/50 VUs  6m32.0s/7m30.0s

running (6m33.0s), 50/50 VUs, 570 complete and 0 interrupted iterations
concurrency   [  87% ] 50/50 VUs  6m33.0s/7m30.0s

running (6m34.0s), 50/50 VUs, 571 complete and 0 interrupted iterations
concurrency   [  88% ] 50/50 VUs  6m34.0s/7m30.0s

running (6m35.0s), 50/50 VUs, 572 complete and 0 interrupted iterations
concurrency   [  88% ] 50/50 VUs  6m35.0s/7m30.0s

running (6m36.0s), 50/50 VUs, 572 complete and 0 interrupted iterations
concurrency   [  88% ] 50/50 VUs  6m36.0s/7m30.0s

running (6m37.0s), 50/50 VUs, 574 complete and 0 interrupted iterations
concurrency   [  88% ] 50/50 VUs  6m37.0s/7m30.0s

running (6m38.0s), 50/50 VUs, 581 complete and 0 interrupted iterations
concurrency   [  88% ] 50/50 VUs  6m38.0s/7m30.0s

running (6m39.0s), 50/50 VUs, 584 complete and 0 interrupted iterations
concurrency   [  89% ] 50/50 VUs  6m39.0s/7m30.0s

running (6m40.0s), 50/50 VUs, 584 complete and 0 interrupted iterations
concurrency   [  89% ] 50/50 VUs  6m40.0s/7m30.0s

running (6m41.0s), 50/50 VUs, 584 complete and 0 interrupted iterations
concurrency   [  89% ] 50/50 VUs  6m41.0s/7m30.0s

running (6m42.0s), 50/50 VUs, 585 complete and 0 interrupted iterations
concurrency   [  89% ] 50/50 VUs  6m42.0s/7m30.0s

running (6m43.0s), 50/50 VUs, 595 complete and 0 interrupted iterations
concurrency   [  90% ] 50/50 VUs  6m43.0s/7m30.0s

running (6m44.0s), 50/50 VUs, 600 complete and 0 interrupted iterations
concurrency   [  90% ] 50/50 VUs  6m44.0s/7m30.0s

running (6m45.0s), 50/50 VUs, 600 complete and 0 interrupted iterations
concurrency   [  90% ] 50/50 VUs  6m45.0s/7m30.0s

running (6m46.0s), 50/50 VUs, 605 complete and 0 interrupted iterations
concurrency   [  90% ] 50/50 VUs  6m46.0s/7m30.0s

running (6m47.0s), 50/50 VUs, 608 complete and 0 interrupted iterations
concurrency   [  90% ] 50/50 VUs  6m47.0s/7m30.0s

running (6m48.0s), 50/50 VUs, 611 complete and 0 interrupted iterations
concurrency   [  91% ] 50/50 VUs  6m48.0s/7m30.0s

running (6m49.0s), 50/50 VUs, 611 complete and 0 interrupted iterations
concurrency   [  91% ] 50/50 VUs  6m49.0s/7m30.0s

running (6m50.0s), 50/50 VUs, 612 complete and 0 interrupted iterations
concurrency   [  91% ] 50/50 VUs  6m50.0s/7m30.0s

running (6m51.0s), 50/50 VUs, 613 complete and 0 interrupted iterations
concurrency   [  91% ] 50/50 VUs  6m51.0s/7m30.0s

running (6m52.0s), 50/50 VUs, 619 complete and 0 interrupted iterations
concurrency   [  92% ] 50/50 VUs  6m52.0s/7m30.0s

running (6m53.0s), 50/50 VUs, 619 complete and 0 interrupted iterations
concurrency   [  92% ] 50/50 VUs  6m53.0s/7m30.0s

running (6m54.0s), 50/50 VUs, 623 complete and 0 interrupted iterations
concurrency   [  92% ] 50/50 VUs  6m54.0s/7m30.0s

running (6m55.0s), 50/50 VUs, 627 complete and 0 interrupted iterations
concurrency   [  92% ] 50/50 VUs  6m55.0s/7m30.0s

running (6m56.0s), 50/50 VUs, 628 complete and 0 interrupted iterations
concurrency   [  92% ] 50/50 VUs  6m56.0s/7m30.0s

running (6m57.0s), 50/50 VUs, 635 complete and 0 interrupted iterations
concurrency   [  93% ] 50/50 VUs  6m57.0s/7m30.0s

running (6m58.0s), 50/50 VUs, 635 complete and 0 interrupted iterations
concurrency   [  93% ] 50/50 VUs  6m58.0s/7m30.0s

running (6m59.0s), 50/50 VUs, 637 complete and 0 interrupted iterations
concurrency   [  93% ] 50/50 VUs  6m59.0s/7m30.0s

running (7m00.0s), 50/50 VUs, 643 complete and 0 interrupted iterations
concurrency   [  93% ] 50/50 VUs  7m00.0s/7m30.0s

running (7m01.0s), 50/50 VUs, 643 complete and 0 interrupted iterations
concurrency   [  94% ] 50/50 VUs  7m01.0s/7m30.0s

running (7m02.0s), 50/50 VUs, 643 complete and 0 interrupted iterations
concurrency   [  94% ] 50/50 VUs  7m02.0s/7m30.0s

running (7m03.0s), 50/50 VUs, 643 complete and 0 interrupted iterations
concurrency   [  94% ] 50/50 VUs  7m03.0s/7m30.0s

running (7m04.0s), 50/50 VUs, 643 complete and 0 interrupted iterations
concurrency   [  94% ] 50/50 VUs  7m04.0s/7m30.0s

running (7m05.0s), 50/50 VUs, 645 complete and 0 interrupted iterations
concurrency   [  94% ] 50/50 VUs  7m05.0s/7m30.0s

running (7m06.0s), 50/50 VUs, 653 complete and 0 interrupted iterations
concurrency   [  95% ] 50/50 VUs  7m06.0s/7m30.0s

running (7m07.0s), 50/50 VUs, 659 complete and 0 interrupted iterations
concurrency   [  95% ] 50/50 VUs  7m07.0s/7m30.0s

running (7m08.0s), 50/50 VUs, 659 complete and 0 interrupted iterations
concurrency   [  95% ] 50/50 VUs  7m08.0s/7m30.0s

running (7m09.0s), 50/50 VUs, 659 complete and 0 interrupted iterations
concurrency   [  95% ] 50/50 VUs  7m09.0s/7m30.0s

running (7m10.0s), 50/50 VUs, 661 complete and 0 interrupted iterations
concurrency   [  96% ] 50/50 VUs  7m10.0s/7m30.0s

running (7m11.0s), 50/50 VUs, 670 complete and 0 interrupted iterations
concurrency   [  96% ] 50/50 VUs  7m11.0s/7m30.0s

running (7m12.0s), 50/50 VUs, 673 complete and 0 interrupted iterations
concurrency   [  96% ] 50/50 VUs  7m12.0s/7m30.0s

running (7m13.0s), 50/50 VUs, 673 complete and 0 interrupted iterations
concurrency   [  96% ] 50/50 VUs  7m13.0s/7m30.0s

running (7m14.0s), 50/50 VUs, 674 complete and 0 interrupted iterations
concurrency   [  96% ] 50/50 VUs  7m14.0s/7m30.0s

running (7m15.0s), 50/50 VUs, 681 complete and 0 interrupted iterations
concurrency   [  97% ] 50/50 VUs  7m15.0s/7m30.0s

running (7m16.0s), 50/50 VUs, 685 complete and 0 interrupted iterations
concurrency   [  97% ] 50/50 VUs  7m16.0s/7m30.0s

running (7m17.0s), 50/50 VUs, 685 complete and 0 interrupted iterations
concurrency   [  97% ] 50/50 VUs  7m17.0s/7m30.0s

running (7m18.0s), 50/50 VUs, 686 complete and 0 interrupted iterations
concurrency   [  97% ] 50/50 VUs  7m18.0s/7m30.0s

running (7m19.0s), 50/50 VUs, 693 complete and 0 interrupted iterations
concurrency   [  98% ] 50/50 VUs  7m19.0s/7m30.0s

running (7m20.0s), 50/50 VUs, 695 complete and 0 interrupted iterations
concurrency   [  98% ] 50/50 VUs  7m20.0s/7m30.0s

running (7m21.0s), 50/50 VUs, 698 complete and 0 interrupted iterations
concurrency   [  98% ] 50/50 VUs  7m21.0s/7m30.0s

running (7m22.0s), 50/50 VUs, 700 complete and 0 interrupted iterations
concurrency   [  98% ] 50/50 VUs  7m22.0s/7m30.0s

running (7m23.0s), 50/50 VUs, 700 complete and 0 interrupted iterations
concurrency   [  98% ] 50/50 VUs  7m23.0s/7m30.0s

running (7m24.0s), 50/50 VUs, 702 complete and 0 interrupted iterations
concurrency   [  99% ] 50/50 VUs  7m24.0s/7m30.0s

running (7m25.0s), 50/50 VUs, 702 complete and 0 interrupted iterations
concurrency   [  99% ] 50/50 VUs  7m25.0s/7m30.0s

running (7m26.0s), 50/50 VUs, 708 complete and 0 interrupted iterations
concurrency   [  99% ] 50/50 VUs  7m26.0s/7m30.0s

running (7m27.0s), 50/50 VUs, 711 complete and 0 interrupted iterations
concurrency   [  99% ] 50/50 VUs  7m27.0s/7m30.0s

running (7m28.0s), 50/50 VUs, 713 complete and 0 interrupted iterations
concurrency   [ 100% ] 50/50 VUs  7m28.0s/7m30.0s

running (7m29.0s), 50/50 VUs, 716 complete and 0 interrupted iterations
concurrency   [ 100% ] 50/50 VUs  7m29.0s/7m30.0s

running (7m30.0s), 50/50 VUs, 718 complete and 0 interrupted iterations
concurrency   [ 100% ] 50/50 VUs  7m30.0s/7m30.0s

running (7m31.0s), 50/50 VUs, 718 complete and 0 interrupted iterations
concurrency ↓ [ 100% ] 50/50 VUs  7m30s

running (7m32.0s), 48/50 VUs, 720 complete and 0 interrupted iterations
concurrency ↓ [ 100% ] 50/50 VUs  7m30s

running (7m33.0s), 46/50 VUs, 722 complete and 0 interrupted iterations
concurrency ↓ [ 100% ] 50/50 VUs  7m30s

running (7m34.0s), 40/50 VUs, 728 complete and 0 interrupted iterations
concurrency ↓ [ 100% ] 50/50 VUs  7m30s

running (7m35.0s), 36/50 VUs, 732 complete and 0 interrupted iterations
concurrency ↓ [ 100% ] 50/50 VUs  7m30s

running (7m36.0s), 36/50 VUs, 732 complete and 0 interrupted iterations
concurrency ↓ [ 100% ] 50/50 VUs  7m30s

running (7m37.0s), 27/50 VUs, 741 complete and 0 interrupted iterations
concurrency ↓ [ 100% ] 50/50 VUs  7m30s

running (7m38.0s), 26/50 VUs, 742 complete and 0 interrupted iterations
concurrency ↓ [ 100% ] 50/50 VUs  7m30s

running (7m39.0s), 23/50 VUs, 745 complete and 0 interrupted iterations
concurrency ↓ [ 100% ] 50/50 VUs  7m30s

running (7m40.0s), 15/50 VUs, 753 complete and 0 interrupted iterations
concurrency ↓ [ 100% ] 50/50 VUs  7m30s

running (7m41.0s), 08/50 VUs, 760 complete and 0 interrupted iterations
concurrency ↓ [ 100% ] 50/50 VUs  7m30s

running (7m42.0s), 02/50 VUs, 766 complete and 0 interrupted iterations
concurrency ↓ [ 100% ] 50/50 VUs  7m30s

================ DSP benchmark summary ================
-- per-phase latency --
  catalog                    p50=1816.7 ms  p95=3918.6 ms  p99=4439.3 ms  max=4778.7 ms  n=768
  negotiation init (POST)    p50=45.4 ms  p95=103.8 ms  p99=160.4 ms  max=484.4 ms  n=768
  time-to-AGREED (async)     p50=5350.5 ms  p95=9825.6 ms  p99=11022.5 ms  max=12376.0 ms  n=768
  transfer init (POST)       p50=48.3 ms  p95=107.4 ms  p99=138.8 ms  max=190.1 ms  n=768
  time-to-EDR (async)        p50=5328.0 ms  p95=9613.5 ms  p99=10634.0 ms  max=11169.0 ms  n=768
  data pull                  p50=25.5 ms  p95=45.0 ms  p99=49.1 ms  max=65.3 ms  n=768
-- end-to-end + throughput --
  e2e transaction            p50=13636.0 ms  p95=20771.0 ms  p99=22969.6 ms  max=24124.0 ms  n=768
  data throughput (MB/s)     p50=0.2  p95=0.2  p99=0.2  max=0.2  n=768
-- outcomes --
  transactions succeeded     count=768  rate=1.662/s
  transactions failed        (no data)
  failed rate                rate=0.00%  (pass=0 fail=768)
    of which TERMINATED      (no data)
    of which TIMED OUT       (no data)
    of which HTTP-FAILED     (no data)
  failure accounting       (no failures)
-- observer effect (poll load) --
  negotiation polls          count=17515  rate=37.901/s
  edr polls                  count=16948  rate=36.674/s
  polls per transaction     negotiation=22.8  edr=22.1  (timeout ceiling=120)
=======================================================
(full summary -> /home/rohitj/edc/benchmarking-factoryx-edc/resources/local-fx-mvd/k6-scripts/results/factoryx/on/concurrency-closed/2026-08-10T11-57-11Z/k6-summary.json; POLL_INTERVAL_MS=250; IDENTITY_MODE=on)

running (7m42.1s), 00/50 VUs, 768 complete and 0 interrupted iterations
concurrency ✓ [ 100% ] 00/50 VUs  7m30s
Prometheus snapshot [1786363115..1786363592] svc=(provider-controlplane|provider-dataplane|consumer-controlplane|consumer-dataplane) win=1m -> /home/rohitj/edc/benchmarking-factoryx-edc/resources/local-fx-mvd/k6-scripts/results/factoryx/on/concurrency-closed/2026-08-10T11-57-11Z
  jvm-heap.csv (384 rows)
  jvm-gc-rate.csv (384 rows)
  jvm-threads.csv (384 rows)
  http-throughput.csv (384 rows)
  http-p95.csv (384 rows)
  http-errors.csv (192 rows)
  http-errors-5xx.csv (0 rows)
  http-status.csv (192 rows)
  host-cpu-busy.csv (96 rows)
  host-mem-used.csv (96 rows)
  5xx: no 5xx in window (confirmed: http-status has 192 samples, so the status label IS scraped)
  logs -> /home/rohitj/edc/benchmarking-factoryx-edc/resources/local-fx-mvd/k6-scripts/results/factoryx/on/concurrency-closed/2026-08-10T11-57-11Z/logs (4 files)
    consumer-controlplane.log:0
    consumer-dataplane.log:0
    provider-controlplane.log:0
    provider-dataplane.log:0
Settling 60s (this run stressed the connector; the next one must not inherit its backlog)
VALIDITY  ok=768  failed=0  failed_rate=0%  dropped_iterations=0
>>> done: /home/rohitj/edc/benchmarking-factoryx-edc/resources/local-fx-mvd/k6-scripts/results/factoryx/on/concurrency-closed/2026-08-10T11-57-11Z  (k6 exit 0)
Matrix done. Index: /home/rohitj/edc/benchmarking-factoryx-edc/resources/local-fx-mvd/k6-scripts/results/factoryx/matrix-2026-08-10T11-57-11Z.log
TIP: aggregate the per-run k6-summary.json across reps into median+IQR before plotting.
12:07:33 |     done (exit 0)
12:07:33 |   … settling 120s before the next scenario
12:09:33 | --> saturation-open x3
Matrix: connector=factoryx reps=3 scenarios=[saturation-open]
===== repetition 1/3 =====
----- factoryx / saturation-open (rep 1) -----
>>> factoryx / saturation-open  ->  /home/rohitj/edc/benchmarking-factoryx-edc/resources/local-fx-mvd/k6-scripts/results/factoryx/on/saturation-open/2026-08-10T12-09-33Z
parity OK: lib/ + scenarios/ + orchestration/ + tools/ identical to /home/rohitj/edc/benchmarking-factoryx-edc/resources/local-fx-mvd/k6-scripts
Health: http://localhost:29010/management + prometheus  OK
Warmup 60s @ 1/s (discarded)
  draining 20s before the measured window opens
k6 -> Prometheus remote-write: http://localhost:9090/api/v1/write

         /\      Grafana   /‾‾/  
    /\  /  \     |\  __   /  /   
   /  \/    \    | |/ /  /   ‾‾\ 
  /          \   |   (  |  (‾)  |
 / __________ \  |_|\_\  \_____/ 


     execution: local
        script: /home/rohitj/edc/benchmarking-factoryx-edc/resources/local-fx-mvd/k6-scripts/scenarios/saturation-open.js
        output: Prometheus remote write (http://localhost:9090/api/v1/write)

     scenarios: (100.00%) 1 scenario, 800 max VUs, 11m0s max duration (incl. graceful stop):
              * saturation: Up to 6.00 iterations/s for 10m30s over 7 stages (maxVUs: 600-800, gracefulStop: 30s)


running (00m00.9s), 000/600 VUs, 0 complete and 0 interrupted iterations
saturation   [   0% ] 000/600 VUs  00m00.9s/10m30s  1.00 iters/s

running (00m01.9s), 001/600 VUs, 0 complete and 0 interrupted iterations
saturation   [   0% ] 001/600 VUs  00m01.9s/10m30s  1.00 iters/s

running (00m02.9s), 002/600 VUs, 0 complete and 0 interrupted iterations
saturation   [   0% ] 002/600 VUs  00m02.9s/10m30s  1.00 iters/s

running (00m03.9s), 003/600 VUs, 0 complete and 0 interrupted iterations
saturation   [   1% ] 003/600 VUs  00m03.9s/10m30s  1.00 iters/s

running (00m04.9s), 004/600 VUs, 0 complete and 0 interrupted iterations
saturation   [   1% ] 004/600 VUs  00m04.9s/10m30s  1.00 iters/s

running (00m05.9s), 004/600 VUs, 1 complete and 0 interrupted iterations
saturation   [   1% ] 004/600 VUs  00m05.9s/10m30s  1.00 iters/s

running (00m06.9s), 004/600 VUs, 2 complete and 0 interrupted iterations
saturation   [   1% ] 004/600 VUs  00m06.9s/10m30s  1.00 iters/s

running (00m07.9s), 005/600 VUs, 2 complete and 0 interrupted iterations
saturation   [   1% ] 005/600 VUs  00m07.9s/10m30s  1.00 iters/s

running (00m08.9s), 005/600 VUs, 3 complete and 0 interrupted iterations
saturation   [   1% ] 005/600 VUs  00m08.9s/10m30s  1.00 iters/s

running (00m09.9s), 005/600 VUs, 4 complete and 0 interrupted iterations
saturation   [   2% ] 005/600 VUs  00m09.9s/10m30s  1.00 iters/s

running (00m10.9s), 004/600 VUs, 6 complete and 0 interrupted iterations
saturation   [   2% ] 004/600 VUs  00m10.9s/10m30s  1.00 iters/s

running (00m11.9s), 005/600 VUs, 6 complete and 0 interrupted iterations
saturation   [   2% ] 005/600 VUs  00m11.9s/10m30s  1.00 iters/s

running (00m12.9s), 005/600 VUs, 7 complete and 0 interrupted iterations
saturation   [   2% ] 005/600 VUs  00m12.9s/10m30s  1.00 iters/s

running (00m13.9s), 005/600 VUs, 8 complete and 0 interrupted iterations
saturation   [   2% ] 005/600 VUs  00m13.9s/10m30s  1.00 iters/s

running (00m14.9s), 005/600 VUs, 9 complete and 0 interrupted iterations
saturation   [   2% ] 005/600 VUs  00m14.9s/10m30s  1.00 iters/s

running (00m15.9s), 006/600 VUs, 9 complete and 0 interrupted iterations
saturation   [   3% ] 006/600 VUs  00m15.9s/10m30s  1.00 iters/s

running (00m16.9s), 004/600 VUs, 12 complete and 0 interrupted iterations
saturation   [   3% ] 004/600 VUs  00m16.9s/10m30s  1.00 iters/s

running (00m17.9s), 005/600 VUs, 12 complete and 0 interrupted iterations
saturation   [   3% ] 005/600 VUs  00m17.9s/10m30s  1.00 iters/s

running (00m18.9s), 005/600 VUs, 13 complete and 0 interrupted iterations
saturation   [   3% ] 005/600 VUs  00m18.9s/10m30s  1.00 iters/s

running (00m19.9s), 005/600 VUs, 14 complete and 0 interrupted iterations
saturation   [   3% ] 005/600 VUs  00m19.9s/10m30s  1.00 iters/s

running (00m20.9s), 005/600 VUs, 15 complete and 0 interrupted iterations
saturation   [   3% ] 005/600 VUs  00m20.9s/10m30s  1.00 iters/s

running (00m21.9s), 006/600 VUs, 15 complete and 0 interrupted iterations
saturation   [   3% ] 006/600 VUs  00m21.9s/10m30s  1.00 iters/s

running (00m22.9s), 004/600 VUs, 18 complete and 0 interrupted iterations
saturation   [   4% ] 004/600 VUs  00m22.9s/10m30s  1.00 iters/s

running (00m23.9s), 005/600 VUs, 18 complete and 0 interrupted iterations
saturation   [   4% ] 005/600 VUs  00m23.9s/10m30s  1.00 iters/s

running (00m24.9s), 005/600 VUs, 19 complete and 0 interrupted iterations
saturation   [   4% ] 005/600 VUs  00m24.9s/10m30s  1.00 iters/s

running (00m25.9s), 005/600 VUs, 20 complete and 0 interrupted iterations
saturation   [   4% ] 005/600 VUs  00m25.9s/10m30s  1.00 iters/s

running (00m26.9s), 005/600 VUs, 21 complete and 0 interrupted iterations
saturation   [   4% ] 005/600 VUs  00m26.9s/10m30s  1.00 iters/s

running (00m27.9s), 006/600 VUs, 21 complete and 0 interrupted iterations
saturation   [   4% ] 006/600 VUs  00m27.9s/10m30s  1.00 iters/s

running (00m28.9s), 005/600 VUs, 23 complete and 0 interrupted iterations
saturation   [   5% ] 005/600 VUs  00m28.9s/10m30s  1.00 iters/s

running (00m29.9s), 005/600 VUs, 24 complete and 0 interrupted iterations
saturation   [   5% ] 005/600 VUs  00m29.9s/10m30s  1.00 iters/s

running (00m30.9s), 005/600 VUs, 25 complete and 0 interrupted iterations
saturation   [   5% ] 005/600 VUs  00m30.9s/10m30s  1.00 iters/s

running (00m31.9s), 006/600 VUs, 25 complete and 0 interrupted iterations
saturation   [   5% ] 006/600 VUs  00m31.9s/10m30s  1.00 iters/s

running (00m32.9s), 004/600 VUs, 28 complete and 0 interrupted iterations
saturation   [   5% ] 004/600 VUs  00m32.9s/10m30s  1.00 iters/s

running (00m33.9s), 005/600 VUs, 28 complete and 0 interrupted iterations
saturation   [   5% ] 005/600 VUs  00m33.9s/10m30s  1.00 iters/s

running (00m34.9s), 005/600 VUs, 29 complete and 0 interrupted iterations
saturation   [   6% ] 005/600 VUs  00m34.9s/10m30s  1.00 iters/s

running (00m35.9s), 005/600 VUs, 30 complete and 0 interrupted iterations
saturation   [   6% ] 005/600 VUs  00m35.9s/10m30s  1.00 iters/s

running (00m36.9s), 005/600 VUs, 31 complete and 0 interrupted iterations
saturation   [   6% ] 005/600 VUs  00m36.9s/10m30s  1.00 iters/s

running (00m37.9s), 006/600 VUs, 31 complete and 0 interrupted iterations
saturation   [   6% ] 006/600 VUs  00m37.9s/10m30s  1.00 iters/s

running (00m38.9s), 006/600 VUs, 32 complete and 0 interrupted iterations
saturation   [   6% ] 006/600 VUs  00m38.9s/10m30s  1.00 iters/s

running (00m39.9s), 005/600 VUs, 34 complete and 0 interrupted iterations
saturation   [   6% ] 005/600 VUs  00m39.9s/10m30s  1.00 iters/s

running (00m40.9s), 005/600 VUs, 35 complete and 0 interrupted iterations
saturation   [   6% ] 005/600 VUs  00m40.9s/10m30s  1.00 iters/s

running (00m41.9s), 005/600 VUs, 36 complete and 0 interrupted iterations
saturation   [   7% ] 005/600 VUs  00m41.9s/10m30s  1.00 iters/s

running (00m42.9s), 005/600 VUs, 37 complete and 0 interrupted iterations
saturation   [   7% ] 005/600 VUs  00m42.9s/10m30s  1.00 iters/s

running (00m43.9s), 006/600 VUs, 37 complete and 0 interrupted iterations
saturation   [   7% ] 006/600 VUs  00m43.9s/10m30s  1.00 iters/s

running (00m44.9s), 006/600 VUs, 38 complete and 0 interrupted iterations
saturation   [   7% ] 006/600 VUs  00m44.9s/10m30s  1.00 iters/s

running (00m45.9s), 006/600 VUs, 39 complete and 0 interrupted iterations
saturation   [   7% ] 006/600 VUs  00m45.9s/10m30s  1.00 iters/s

running (00m46.9s), 005/600 VUs, 41 complete and 0 interrupted iterations
saturation   [   7% ] 005/600 VUs  00m46.9s/10m30s  1.00 iters/s

running (00m47.9s), 005/600 VUs, 42 complete and 0 interrupted iterations
saturation   [   8% ] 005/600 VUs  00m47.9s/10m30s  1.00 iters/s

running (00m48.9s), 005/600 VUs, 43 complete and 0 interrupted iterations
saturation   [   8% ] 005/600 VUs  00m48.9s/10m30s  1.00 iters/s

running (00m49.9s), 005/600 VUs, 44 complete and 0 interrupted iterations
saturation   [   8% ] 005/600 VUs  00m49.9s/10m30s  1.00 iters/s

running (00m50.9s), 006/600 VUs, 44 complete and 0 interrupted iterations
saturation   [   8% ] 006/600 VUs  00m50.9s/10m30s  1.00 iters/s

running (00m51.9s), 005/600 VUs, 46 complete and 0 interrupted iterations
saturation   [   8% ] 005/600 VUs  00m51.9s/10m30s  1.00 iters/s

running (00m52.9s), 005/600 VUs, 47 complete and 0 interrupted iterations
saturation   [   8% ] 005/600 VUs  00m52.9s/10m30s  1.00 iters/s

running (00m53.9s), 005/600 VUs, 48 complete and 0 interrupted iterations
saturation   [   9% ] 005/600 VUs  00m53.9s/10m30s  1.00 iters/s

running (00m54.9s), 006/600 VUs, 48 complete and 0 interrupted iterations
saturation   [   9% ] 006/600 VUs  00m54.9s/10m30s  1.00 iters/s

running (00m55.9s), 007/600 VUs, 48 complete and 0 interrupted iterations
saturation   [   9% ] 007/600 VUs  00m55.9s/10m30s  1.00 iters/s

running (00m56.9s), 005/600 VUs, 51 complete and 0 interrupted iterations
saturation   [   9% ] 005/600 VUs  00m56.9s/10m30s  1.00 iters/s

running (00m57.9s), 005/600 VUs, 52 complete and 0 interrupted iterations
saturation   [   9% ] 005/600 VUs  00m57.9s/10m30s  1.00 iters/s

running (00m58.9s), 006/600 VUs, 52 complete and 0 interrupted iterations
saturation   [   9% ] 006/600 VUs  00m58.9s/10m30s  1.00 iters/s

running (00m59.9s), 005/600 VUs, 54 complete and 0 interrupted iterations
saturation   [  10% ] 005/600 VUs  00m59.9s/10m30s  1.00 iters/s

running (01m00.9s), 006/600 VUs, 54 complete and 0 interrupted iterations
saturation   [  10% ] 006/600 VUs  01m00.9s/10m30s  1.00 iters/s

running (01m01.9s), 005/600 VUs, 56 complete and 0 interrupted iterations
saturation   [  10% ] 005/600 VUs  01m01.9s/10m30s  1.00 iters/s

running (01m02.9s), 006/600 VUs, 56 complete and 0 interrupted iterations
saturation   [  10% ] 006/600 VUs  01m02.9s/10m30s  1.00 iters/s

running (01m03.9s), 005/600 VUs, 58 complete and 0 interrupted iterations
saturation   [  10% ] 005/600 VUs  01m03.9s/10m30s  1.00 iters/s

running (01m04.9s), 005/600 VUs, 59 complete and 0 interrupted iterations
saturation   [  10% ] 005/600 VUs  01m04.9s/10m30s  1.00 iters/s

running (01m05.9s), 005/600 VUs, 60 complete and 0 interrupted iterations
saturation   [  10% ] 005/600 VUs  01m05.9s/10m30s  1.00 iters/s

running (01m06.9s), 006/600 VUs, 60 complete and 0 interrupted iterations
saturation   [  11% ] 006/600 VUs  01m06.9s/10m30s  1.00 iters/s

running (01m07.9s), 005/600 VUs, 62 complete and 0 interrupted iterations
saturation   [  11% ] 005/600 VUs  01m07.9s/10m30s  1.00 iters/s

running (01m08.9s), 005/600 VUs, 63 complete and 0 interrupted iterations
saturation   [  11% ] 005/600 VUs  01m08.9s/10m30s  1.00 iters/s

running (01m09.9s), 006/600 VUs, 63 complete and 0 interrupted iterations
saturation   [  11% ] 006/600 VUs  01m09.9s/10m30s  1.00 iters/s

running (01m10.9s), 005/600 VUs, 65 complete and 0 interrupted iterations
saturation   [  11% ] 005/600 VUs  01m10.9s/10m30s  1.00 iters/s

running (01m11.9s), 005/600 VUs, 66 complete and 0 interrupted iterations
saturation   [  11% ] 005/600 VUs  01m11.9s/10m30s  1.00 iters/s

running (01m12.9s), 005/600 VUs, 67 complete and 0 interrupted iterations
saturation   [  12% ] 005/600 VUs  01m12.9s/10m30s  1.00 iters/s

running (01m13.9s), 006/600 VUs, 67 complete and 0 interrupted iterations
saturation   [  12% ] 006/600 VUs  01m13.9s/10m30s  1.00 iters/s

running (01m14.9s), 005/600 VUs, 69 complete and 0 interrupted iterations
saturation   [  12% ] 005/600 VUs  01m14.9s/10m30s  1.00 iters/s

running (01m15.9s), 005/600 VUs, 70 complete and 0 interrupted iterations
saturation   [  12% ] 005/600 VUs  01m15.9s/10m30s  1.00 iters/s

running (01m16.9s), 005/600 VUs, 71 complete and 0 interrupted iterations
saturation   [  12% ] 005/600 VUs  01m16.9s/10m30s  1.00 iters/s

running (01m17.9s), 005/600 VUs, 72 complete and 0 interrupted iterations
saturation   [  12% ] 005/600 VUs  01m17.9s/10m30s  1.00 iters/s

running (01m18.9s), 005/600 VUs, 73 complete and 0 interrupted iterations
saturation   [  13% ] 005/600 VUs  01m18.9s/10m30s  1.00 iters/s

running (01m19.9s), 006/600 VUs, 73 complete and 0 interrupted iterations
saturation   [  13% ] 006/600 VUs  01m19.9s/10m30s  1.00 iters/s

running (01m20.9s), 005/600 VUs, 75 complete and 0 interrupted iterations
saturation   [  13% ] 005/600 VUs  01m20.9s/10m30s  1.00 iters/s

running (01m21.9s), 005/600 VUs, 76 complete and 0 interrupted iterations
saturation   [  13% ] 005/600 VUs  01m21.9s/10m30s  1.00 iters/s

running (01m22.9s), 005/600 VUs, 77 complete and 0 interrupted iterations
saturation   [  13% ] 005/600 VUs  01m22.9s/10m30s  1.00 iters/s

running (01m23.9s), 005/600 VUs, 78 complete and 0 interrupted iterations
saturation   [  13% ] 005/600 VUs  01m23.9s/10m30s  1.00 iters/s

running (01m24.9s), 006/600 VUs, 78 complete and 0 interrupted iterations
saturation   [  13% ] 006/600 VUs  01m24.9s/10m30s  1.00 iters/s

running (01m25.9s), 005/600 VUs, 80 complete and 0 interrupted iterations
saturation   [  14% ] 005/600 VUs  01m25.9s/10m30s  1.00 iters/s

running (01m26.9s), 006/600 VUs, 80 complete and 0 interrupted iterations
saturation   [  14% ] 006/600 VUs  01m26.9s/10m30s  1.00 iters/s

running (01m27.9s), 007/600 VUs, 80 complete and 0 interrupted iterations
saturation   [  14% ] 007/600 VUs  01m27.9s/10m30s  1.00 iters/s

running (01m28.9s), 005/600 VUs, 83 complete and 0 interrupted iterations
saturation   [  14% ] 005/600 VUs  01m28.9s/10m30s  1.00 iters/s

running (01m29.9s), 005/600 VUs, 84 complete and 0 interrupted iterations
saturation   [  14% ] 005/600 VUs  01m29.9s/10m30s  1.00 iters/s

running (01m30.9s), 006/600 VUs, 84 complete and 0 interrupted iterations
saturation   [  14% ] 006/600 VUs  01m30.9s/10m30s  1.01 iters/s

running (01m31.9s), 006/600 VUs, 85 complete and 0 interrupted iterations
saturation   [  15% ] 006/600 VUs  01m31.9s/10m30s  1.02 iters/s

running (01m32.9s), 005/600 VUs, 87 complete and 0 interrupted iterations
saturation   [  15% ] 005/600 VUs  01m32.9s/10m30s  1.03 iters/s

running (01m33.9s), 005/600 VUs, 88 complete and 0 interrupted iterations
saturation   [  15% ] 005/600 VUs  01m33.9s/10m30s  1.04 iters/s

running (01m34.9s), 005/600 VUs, 89 complete and 0 interrupted iterations
saturation   [  15% ] 005/600 VUs  01m34.9s/10m30s  1.05 iters/s

running (01m35.9s), 007/600 VUs, 89 complete and 0 interrupted iterations
saturation   [  15% ] 007/600 VUs  01m35.9s/10m30s  1.07 iters/s

running (01m36.9s), 007/600 VUs, 90 complete and 0 interrupted iterations
saturation   [  15% ] 007/600 VUs  01m36.9s/10m30s  1.08 iters/s

running (01m37.9s), 007/600 VUs, 91 complete and 0 interrupted iterations
saturation   [  16% ] 007/600 VUs  01m37.9s/10m30s  1.09 iters/s

running (01m38.9s), 006/600 VUs, 93 complete and 0 interrupted iterations
saturation   [  16% ] 006/600 VUs  01m38.9s/10m30s  1.10 iters/s

running (01m39.9s), 006/600 VUs, 94 complete and 0 interrupted iterations
saturation   [  16% ] 006/600 VUs  01m39.9s/10m30s  1.11 iters/s

running (01m40.9s), 006/600 VUs, 95 complete and 0 interrupted iterations
saturation   [  16% ] 006/600 VUs  01m40.9s/10m30s  1.12 iters/s

running (01m41.9s), 007/600 VUs, 95 complete and 0 interrupted iterations
saturation   [  16% ] 007/600 VUs  01m41.9s/10m30s  1.13 iters/s

running (01m42.9s), 006/600 VUs, 97 complete and 0 interrupted iterations
saturation   [  16% ] 006/600 VUs  01m42.9s/10m30s  1.14 iters/s

running (01m43.9s), 007/600 VUs, 97 complete and 0 interrupted iterations
saturation   [  16% ] 007/600 VUs  01m43.9s/10m30s  1.15 iters/s

running (01m44.9s), 007/600 VUs, 99 complete and 0 interrupted iterations
saturation   [  17% ] 007/600 VUs  01m44.9s/10m30s  1.17 iters/s

running (01m45.9s), 008/600 VUs, 99 complete and 0 interrupted iterations
saturation   [  17% ] 008/600 VUs  01m45.9s/10m30s  1.18 iters/s

running (01m46.9s), 006/600 VUs, 102 complete and 0 interrupted iterations
saturation   [  17% ] 006/600 VUs  01m46.9s/10m30s  1.19 iters/s

running (01m47.9s), 006/600 VUs, 103 complete and 0 interrupted iterations
saturation   [  17% ] 006/600 VUs  01m47.9s/10m30s  1.20 iters/s

running (01m48.9s), 006/600 VUs, 104 complete and 0 interrupted iterations
saturation   [  17% ] 006/600 VUs  01m48.9s/10m30s  1.21 iters/s

running (01m49.9s), 007/600 VUs, 105 complete and 0 interrupted iterations
saturation   [  17% ] 007/600 VUs  01m49.9s/10m30s  1.22 iters/s

running (01m50.9s), 008/600 VUs, 105 complete and 0 interrupted iterations
saturation   [  18% ] 008/600 VUs  01m50.9s/10m30s  1.23 iters/s

running (01m51.9s), 008/600 VUs, 106 complete and 0 interrupted iterations
saturation   [  18% ] 008/600 VUs  01m51.9s/10m30s  1.24 iters/s

running (01m52.9s), 009/600 VUs, 106 complete and 0 interrupted iterations
saturation   [  18% ] 009/600 VUs  01m52.9s/10m30s  1.25 iters/s

running (01m53.9s), 007/600 VUs, 109 complete and 0 interrupted iterations
saturation   [  18% ] 007/600 VUs  01m53.9s/10m30s  1.26 iters/s

running (01m54.9s), 007/600 VUs, 111 complete and 0 interrupted iterations
saturation   [  18% ] 007/600 VUs  01m54.9s/10m30s  1.28 iters/s

running (01m55.9s), 007/600 VUs, 112 complete and 0 interrupted iterations
saturation   [  18% ] 007/600 VUs  01m55.9s/10m30s  1.29 iters/s

running (01m56.9s), 008/600 VUs, 112 complete and 0 interrupted iterations
saturation   [  19% ] 008/600 VUs  01m56.9s/10m30s  1.30 iters/s

running (01m57.9s), 006/600 VUs, 116 complete and 0 interrupted iterations
saturation   [  19% ] 006/600 VUs  01m57.9s/10m30s  1.31 iters/s

running (01m58.9s), 007/600 VUs, 116 complete and 0 interrupted iterations
saturation   [  19% ] 007/600 VUs  01m58.9s/10m30s  1.32 iters/s

running (01m59.9s), 007/600 VUs, 117 complete and 0 interrupted iterations
saturation   [  19% ] 007/600 VUs  01m59.9s/10m30s  1.33 iters/s

running (02m00.9s), 007/600 VUs, 119 complete and 0 interrupted iterations
saturation   [  19% ] 007/600 VUs  02m00.9s/10m30s  1.35 iters/s

running (02m01.9s), 008/600 VUs, 119 complete and 0 interrupted iterations
saturation   [  19% ] 008/600 VUs  02m01.9s/10m30s  1.35 iters/s

running (02m02.9s), 006/600 VUs, 122 complete and 0 interrupted iterations
saturation   [  20% ] 006/600 VUs  02m02.9s/10m30s  1.36 iters/s

running (02m03.9s), 008/600 VUs, 122 complete and 0 interrupted iterations
saturation   [  20% ] 008/600 VUs  02m03.9s/10m30s  1.38 iters/s

running (02m04.9s), 009/600 VUs, 122 complete and 0 interrupted iterations
saturation   [  20% ] 009/600 VUs  02m04.9s/10m30s  1.39 iters/s

running (02m05.9s), 006/600 VUs, 126 complete and 0 interrupted iterations
saturation   [  20% ] 006/600 VUs  02m05.9s/10m30s  1.39 iters/s

running (02m06.9s), 008/600 VUs, 126 complete and 0 interrupted iterations
saturation   [  20% ] 008/600 VUs  02m06.9s/10m30s  1.41 iters/s

running (02m07.9s), 008/600 VUs, 127 complete and 0 interrupted iterations
saturation   [  20% ] 008/600 VUs  02m07.9s/10m30s  1.42 iters/s

running (02m08.9s), 008/600 VUs, 129 complete and 0 interrupted iterations
saturation   [  20% ] 008/600 VUs  02m08.9s/10m30s  1.43 iters/s

running (02m09.9s), 009/600 VUs, 129 complete and 0 interrupted iterations
saturation   [  21% ] 009/600 VUs  02m09.9s/10m30s  1.44 iters/s

running (02m10.9s), 009/600 VUs, 131 complete and 0 interrupted iterations
saturation   [  21% ] 009/600 VUs  02m10.9s/10m30s  1.46 iters/s

running (02m11.9s), 010/600 VUs, 131 complete and 0 interrupted iterations
saturation   [  21% ] 010/600 VUs  02m11.9s/10m30s  1.46 iters/s

running (02m12.9s), 010/600 VUs, 133 complete and 0 interrupted iterations
saturation   [  21% ] 010/600 VUs  02m12.9s/10m30s  1.48 iters/s

running (02m13.9s), 011/600 VUs, 133 complete and 0 interrupted iterations
saturation   [  21% ] 011/600 VUs  02m13.9s/10m30s  1.49 iters/s

running (02m14.9s), 010/600 VUs, 136 complete and 0 interrupted iterations
saturation   [  21% ] 010/600 VUs  02m14.9s/10m30s  1.50 iters/s

running (02m15.9s), 009/600 VUs, 138 complete and 0 interrupted iterations
saturation   [  22% ] 009/600 VUs  02m15.9s/10m30s  1.51 iters/s

running (02m16.9s), 011/600 VUs, 138 complete and 0 interrupted iterations
saturation   [  22% ] 011/600 VUs  02m16.9s/10m30s  1.52 iters/s

running (02m17.9s), 010/600 VUs, 140 complete and 0 interrupted iterations
saturation   [  22% ] 010/600 VUs  02m17.9s/10m30s  1.53 iters/s

running (02m18.9s), 011/600 VUs, 141 complete and 0 interrupted iterations
saturation   [  22% ] 011/600 VUs  02m18.9s/10m30s  1.55 iters/s

running (02m19.9s), 012/600 VUs, 141 complete and 0 interrupted iterations
saturation   [  22% ] 012/600 VUs  02m19.9s/10m30s  1.55 iters/s

running (02m20.9s), 014/600 VUs, 141 complete and 0 interrupted iterations
saturation   [  22% ] 014/600 VUs  02m20.9s/10m30s  1.57 iters/s

running (02m21.9s), 009/600 VUs, 147 complete and 0 interrupted iterations
saturation   [  23% ] 009/600 VUs  02m21.9s/10m30s  1.57 iters/s

running (02m22.9s), 011/600 VUs, 147 complete and 0 interrupted iterations
saturation   [  23% ] 011/600 VUs  02m22.9s/10m30s  1.59 iters/s

running (02m23.9s), 008/600 VUs, 151 complete and 0 interrupted iterations
saturation   [  23% ] 008/600 VUs  02m23.9s/10m30s  1.60 iters/s

running (02m24.9s), 010/600 VUs, 151 complete and 0 interrupted iterations
saturation   [  23% ] 010/600 VUs  02m24.9s/10m30s  1.61 iters/s

running (02m25.9s), 012/600 VUs, 151 complete and 0 interrupted iterations
saturation   [  23% ] 012/600 VUs  02m25.9s/10m30s  1.62 iters/s

running (02m26.9s), 009/600 VUs, 155 complete and 0 interrupted iterations
saturation   [  23% ] 009/600 VUs  02m26.9s/10m30s  1.63 iters/s

running (02m27.9s), 011/600 VUs, 155 complete and 0 interrupted iterations
saturation   [  23% ] 011/600 VUs  02m27.9s/10m30s  1.64 iters/s

running (02m28.9s), 010/600 VUs, 158 complete and 0 interrupted iterations
saturation   [  24% ] 010/600 VUs  02m28.9s/10m30s  1.66 iters/s

running (02m29.9s), 010/600 VUs, 159 complete and 0 interrupted iterations
saturation   [  24% ] 010/600 VUs  02m29.9s/10m30s  1.66 iters/s

running (02m30.9s), 011/600 VUs, 160 complete and 0 interrupted iterations
saturation   [  24% ] 011/600 VUs  02m30.9s/10m30s  1.68 iters/s

running (02m31.9s), 009/600 VUs, 164 complete and 0 interrupted iterations
saturation   [  24% ] 009/600 VUs  02m31.9s/10m30s  1.69 iters/s

running (02m32.9s), 009/600 VUs, 165 complete and 0 interrupted iterations
saturation   [  24% ] 009/600 VUs  02m32.9s/10m30s  1.70 iters/s

running (02m33.9s), 009/600 VUs, 167 complete and 0 interrupted iterations
saturation   [  24% ] 009/600 VUs  02m33.9s/10m30s  1.71 iters/s

running (02m34.9s), 011/600 VUs, 167 complete and 0 interrupted iterations
saturation   [  25% ] 011/600 VUs  02m34.9s/10m30s  1.72 iters/s

running (02m35.9s), 012/600 VUs, 167 complete and 0 interrupted iterations
saturation   [  25% ] 012/600 VUs  02m35.9s/10m30s  1.73 iters/s

running (02m36.9s), 012/600 VUs, 169 complete and 0 interrupted iterations
saturation   [  25% ] 012/600 VUs  02m36.9s/10m30s  1.74 iters/s

running (02m37.9s), 014/600 VUs, 169 complete and 0 interrupted iterations
saturation   [  25% ] 014/600 VUs  02m37.9s/10m30s  1.75 iters/s

running (02m38.9s), 011/600 VUs, 174 complete and 0 interrupted iterations
saturation   [  25% ] 011/600 VUs  02m38.9s/10m30s  1.77 iters/s

running (02m39.9s), 010/600 VUs, 176 complete and 0 interrupted iterations
saturation   [  25% ] 010/600 VUs  02m39.9s/10m30s  1.77 iters/s

running (02m40.9s), 012/600 VUs, 176 complete and 0 interrupted iterations
saturation   [  26% ] 012/600 VUs  02m40.9s/10m30s  1.79 iters/s

running (02m41.9s), 011/600 VUs, 179 complete and 0 interrupted iterations
saturation   [  26% ] 011/600 VUs  02m41.9s/10m30s  1.80 iters/s

running (02m42.9s), 011/600 VUs, 181 complete and 0 interrupted iterations
saturation   [  26% ] 011/600 VUs  02m42.9s/10m30s  1.81 iters/s

running (02m43.9s), 013/600 VUs, 181 complete and 0 interrupted iterations
saturation   [  26% ] 013/600 VUs  02m43.9s/10m30s  1.82 iters/s

running (02m44.9s), 011/600 VUs, 184 complete and 0 interrupted iterations
saturation   [  26% ] 011/600 VUs  02m44.9s/10m30s  1.83 iters/s

running (02m45.9s), 011/600 VUs, 186 complete and 0 interrupted iterations
saturation   [  26% ] 011/600 VUs  02m45.9s/10m30s  1.84 iters/s

running (02m46.9s), 011/600 VUs, 188 complete and 0 interrupted iterations
saturation   [  26% ] 011/600 VUs  02m46.9s/10m30s  1.85 iters/s

running (02m47.9s), 011/600 VUs, 190 complete and 0 interrupted iterations
saturation   [  27% ] 011/600 VUs  02m47.9s/10m30s  1.86 iters/s

running (02m48.9s), 013/600 VUs, 190 complete and 0 interrupted iterations
saturation   [  27% ] 013/600 VUs  02m48.9s/10m30s  1.88 iters/s

running (02m49.9s), 012/600 VUs, 193 complete and 0 interrupted iterations
saturation   [  27% ] 012/600 VUs  02m49.9s/10m30s  1.89 iters/s

running (02m50.9s), 014/600 VUs, 193 complete and 0 interrupted iterations
saturation   [  27% ] 014/600 VUs  02m50.9s/10m30s  1.90 iters/s

running (02m51.9s), 012/600 VUs, 197 complete and 0 interrupted iterations
saturation   [  27% ] 012/600 VUs  02m51.9s/10m30s  1.91 iters/s

running (02m52.9s), 013/600 VUs, 197 complete and 0 interrupted iterations
saturation   [  27% ] 013/600 VUs  02m52.9s/10m30s  1.92 iters/s

running (02m53.9s), 012/600 VUs, 200 complete and 0 interrupted iterations
saturation   [  28% ] 012/600 VUs  02m53.9s/10m30s  1.93 iters/s

running (02m54.9s), 014/600 VUs, 200 complete and 0 interrupted iterations
saturation   [  28% ] 014/600 VUs  02m54.9s/10m30s  1.94 iters/s

running (02m55.9s), 013/600 VUs, 203 complete and 0 interrupted iterations
saturation   [  28% ] 013/600 VUs  02m55.9s/10m30s  1.95 iters/s

running (02m56.9s), 013/600 VUs, 205 complete and 0 interrupted iterations
saturation   [  28% ] 013/600 VUs  02m56.9s/10m30s  1.96 iters/s

running (02m57.9s), 013/600 VUs, 207 complete and 0 interrupted iterations
saturation   [  28% ] 013/600 VUs  02m57.9s/10m30s  1.97 iters/s

running (02m58.9s), 014/600 VUs, 208 complete and 0 interrupted iterations
saturation   [  28% ] 014/600 VUs  02m58.9s/10m30s  1.99 iters/s

running (02m59.9s), 015/600 VUs, 209 complete and 0 interrupted iterations
saturation   [  29% ] 015/600 VUs  02m59.9s/10m30s  2.00 iters/s

running (03m00.9s), 013/600 VUs, 213 complete and 0 interrupted iterations
saturation   [  29% ] 013/600 VUs  03m00.9s/10m30s  2.01 iters/s

running (03m01.9s), 012/600 VUs, 216 complete and 0 interrupted iterations
saturation   [  29% ] 012/600 VUs  03m01.9s/10m30s  2.02 iters/s

running (03m02.9s), 014/600 VUs, 216 complete and 0 interrupted iterations
saturation   [  29% ] 014/600 VUs  03m02.9s/10m30s  2.03 iters/s

running (03m03.9s), 016/600 VUs, 216 complete and 0 interrupted iterations
saturation   [  29% ] 016/600 VUs  03m03.9s/10m30s  2.04 iters/s

running (03m04.9s), 012/600 VUs, 222 complete and 0 interrupted iterations
saturation   [  29% ] 012/600 VUs  03m04.9s/10m30s  2.05 iters/s

running (03m05.9s), 012/600 VUs, 224 complete and 0 interrupted iterations
saturation   [  30% ] 012/600 VUs  03m05.9s/10m30s  2.06 iters/s

running (03m06.9s), 011/600 VUs, 227 complete and 0 interrupted iterations
saturation   [  30% ] 011/600 VUs  03m06.9s/10m30s  2.07 iters/s

running (03m07.9s), 014/600 VUs, 227 complete and 0 interrupted iterations
saturation   [  30% ] 014/600 VUs  03m07.9s/10m30s  2.09 iters/s

running (03m08.9s), 013/600 VUs, 230 complete and 0 interrupted iterations
saturation   [  30% ] 013/600 VUs  03m08.9s/10m30s  2.10 iters/s

running (03m09.9s), 012/600 VUs, 233 complete and 0 interrupted iterations
saturation   [  30% ] 012/600 VUs  03m09.9s/10m30s  2.11 iters/s

running (03m10.9s), 014/600 VUs, 233 complete and 0 interrupted iterations
saturation   [  30% ] 014/600 VUs  03m10.9s/10m30s  2.12 iters/s

running (03m11.9s), 013/600 VUs, 236 complete and 0 interrupted iterations
saturation   [  30% ] 013/600 VUs  03m11.9s/10m30s  2.13 iters/s

running (03m12.9s), 012/600 VUs, 239 complete and 0 interrupted iterations
saturation   [  31% ] 012/600 VUs  03m12.9s/10m30s  2.14 iters/s

running (03m13.9s), 014/600 VUs, 239 complete and 0 interrupted iterations
saturation   [  31% ] 014/600 VUs  03m13.9s/10m30s  2.15 iters/s

running (03m14.9s), 013/600 VUs, 242 complete and 0 interrupted iterations
saturation   [  31% ] 013/600 VUs  03m14.9s/10m30s  2.16 iters/s

running (03m15.9s), 016/600 VUs, 242 complete and 0 interrupted iterations
saturation   [  31% ] 016/600 VUs  03m15.9s/10m30s  2.18 iters/s

running (03m16.9s), 015/600 VUs, 245 complete and 0 interrupted iterations
saturation   [  31% ] 015/600 VUs  03m16.9s/10m30s  2.19 iters/s

running (03m17.9s), 017/600 VUs, 245 complete and 0 interrupted iterations
saturation   [  31% ] 017/600 VUs  03m17.9s/10m30s  2.20 iters/s

running (03m18.9s), 016/600 VUs, 248 complete and 0 interrupted iterations
saturation   [  32% ] 016/600 VUs  03m18.9s/10m30s  2.21 iters/s

running (03m19.9s), 014/600 VUs, 252 complete and 0 interrupted iterations
saturation   [  32% ] 014/600 VUs  03m19.9s/10m30s  2.22 iters/s

running (03m20.9s), 014/600 VUs, 255 complete and 0 interrupted iterations
saturation   [  32% ] 014/600 VUs  03m20.9s/10m30s  2.23 iters/s

running (03m21.9s), 013/600 VUs, 258 complete and 0 interrupted iterations
saturation   [  32% ] 013/600 VUs  03m21.9s/10m30s  2.24 iters/s

running (03m22.9s), 015/600 VUs, 258 complete and 0 interrupted iterations
saturation   [  32% ] 015/600 VUs  03m22.9s/10m30s  2.25 iters/s

running (03m23.9s), 017/600 VUs, 258 complete and 0 interrupted iterations
saturation   [  32% ] 017/600 VUs  03m23.9s/10m30s  2.26 iters/s

running (03m24.9s), 018/600 VUs, 260 complete and 0 interrupted iterations
saturation   [  33% ] 018/600 VUs  03m24.9s/10m30s  2.28 iters/s

running (03m25.9s), 017/600 VUs, 263 complete and 0 interrupted iterations
saturation   [  33% ] 017/600 VUs  03m25.9s/10m30s  2.29 iters/s

running (03m26.9s), 015/600 VUs, 267 complete and 0 interrupted iterations
saturation   [  33% ] 015/600 VUs  03m26.9s/10m30s  2.30 iters/s

running (03m27.9s), 014/600 VUs, 270 complete and 0 interrupted iterations
saturation   [  33% ] 014/600 VUs  03m27.9s/10m30s  2.31 iters/s

running (03m28.9s), 014/600 VUs, 273 complete and 0 interrupted iterations
saturation   [  33% ] 014/600 VUs  03m28.9s/10m30s  2.32 iters/s

running (03m29.9s), 014/600 VUs, 275 complete and 0 interrupted iterations
saturation   [  33% ] 014/600 VUs  03m29.9s/10m30s  2.33 iters/s

running (03m30.9s), 015/600 VUs, 276 complete and 0 interrupted iterations
saturation   [  33% ] 015/600 VUs  03m30.9s/10m30s  2.34 iters/s

running (03m31.9s), 018/600 VUs, 276 complete and 0 interrupted iterations
saturation   [  34% ] 018/600 VUs  03m31.9s/10m30s  2.35 iters/s

running (03m32.9s), 016/600 VUs, 280 complete and 0 interrupted iterations
saturation   [  34% ] 016/600 VUs  03m32.9s/10m30s  2.36 iters/s

running (03m33.9s), 017/600 VUs, 282 complete and 0 interrupted iterations
saturation   [  34% ] 017/600 VUs  03m33.9s/10m30s  2.38 iters/s

running (03m34.9s), 016/600 VUs, 285 complete and 0 interrupted iterations
saturation   [  34% ] 016/600 VUs  03m34.9s/10m30s  2.39 iters/s

running (03m35.9s), 015/600 VUs, 288 complete and 0 interrupted iterations
saturation   [  34% ] 015/600 VUs  03m35.9s/10m30s  2.40 iters/s

running (03m36.9s), 018/600 VUs, 288 complete and 0 interrupted iterations
saturation   [  34% ] 018/600 VUs  03m36.9s/10m30s  2.41 iters/s

running (03m37.9s), 018/600 VUs, 290 complete and 0 interrupted iterations
saturation   [  35% ] 018/600 VUs  03m37.9s/10m30s  2.42 iters/s

running (03m38.9s), 021/600 VUs, 290 complete and 0 interrupted iterations
saturation   [  35% ] 021/600 VUs  03m38.9s/10m30s  2.43 iters/s

running (03m39.9s), 018/600 VUs, 295 complete and 0 interrupted iterations
saturation   [  35% ] 018/600 VUs  03m39.9s/10m30s  2.44 iters/s

running (03m40.9s), 017/600 VUs, 298 complete and 0 interrupted iterations
saturation   [  35% ] 017/600 VUs  03m40.9s/10m30s  2.45 iters/s

running (03m41.9s), 020/600 VUs, 298 complete and 0 interrupted iterations
saturation   [  35% ] 020/600 VUs  03m41.9s/10m30s  2.47 iters/s

running (03m42.9s), 016/600 VUs, 304 complete and 0 interrupted iterations
saturation   [  35% ] 016/600 VUs  03m42.9s/10m30s  2.47 iters/s

running (03m43.9s), 017/600 VUs, 306 complete and 0 interrupted iterations
saturation   [  36% ] 017/600 VUs  03m43.9s/10m30s  2.49 iters/s

running (03m44.9s), 019/600 VUs, 306 complete and 0 interrupted iterations
saturation   [  36% ] 019/600 VUs  03m44.9s/10m30s  2.50 iters/s

running (03m45.9s), 020/600 VUs, 308 complete and 0 interrupted iterations
saturation   [  36% ] 020/600 VUs  03m45.9s/10m30s  2.51 iters/s

running (03m46.9s), 019/600 VUs, 311 complete and 0 interrupted iterations
saturation   [  36% ] 019/600 VUs  03m46.9s/10m30s  2.52 iters/s

running (03m47.9s), 019/600 VUs, 314 complete and 0 interrupted iterations
saturation   [  36% ] 019/600 VUs  03m47.9s/10m30s  2.53 iters/s

running (03m48.9s), 018/600 VUs, 317 complete and 0 interrupted iterations
saturation   [  36% ] 018/600 VUs  03m48.9s/10m30s  2.54 iters/s

running (03m49.9s), 020/600 VUs, 318 complete and 0 interrupted iterations
saturation   [  36% ] 020/600 VUs  03m49.9s/10m30s  2.55 iters/s

running (03m50.9s), 020/600 VUs, 321 complete and 0 interrupted iterations
saturation   [  37% ] 020/600 VUs  03m50.9s/10m30s  2.57 iters/s

running (03m51.9s), 022/600 VUs, 321 complete and 0 interrupted iterations
saturation   [  37% ] 022/600 VUs  03m51.9s/10m30s  2.58 iters/s

running (03m52.9s), 025/600 VUs, 321 complete and 0 interrupted iterations
saturation   [  37% ] 025/600 VUs  03m52.9s/10m30s  2.59 iters/s

running (03m53.9s), 022/600 VUs, 326 complete and 0 interrupted iterations
saturation   [  37% ] 022/600 VUs  03m53.9s/10m30s  2.60 iters/s

running (03m54.9s), 025/600 VUs, 326 complete and 0 interrupted iterations
saturation   [  37% ] 025/600 VUs  03m54.9s/10m30s  2.61 iters/s

running (03m55.9s), 025/600 VUs, 329 complete and 0 interrupted iterations
saturation   [  37% ] 025/600 VUs  03m55.9s/10m30s  2.62 iters/s

running (03m56.9s), 023/600 VUs, 333 complete and 0 interrupted iterations
saturation   [  38% ] 023/600 VUs  03m56.9s/10m30s  2.63 iters/s

running (03m57.9s), 025/600 VUs, 334 complete and 0 interrupted iterations
saturation   [  38% ] 025/600 VUs  03m57.9s/10m30s  2.64 iters/s

running (03m58.9s), 023/600 VUs, 338 complete and 0 interrupted iterations
saturation   [  38% ] 023/600 VUs  03m58.9s/10m30s  2.65 iters/s

running (03m59.9s), 025/600 VUs, 339 complete and 0 interrupted iterations
saturation   [  38% ] 025/600 VUs  03m59.9s/10m30s  2.66 iters/s

running (04m00.9s), 024/600 VUs, 343 complete and 0 interrupted iterations
saturation   [  38% ] 024/600 VUs  04m00.9s/10m30s  2.68 iters/s

running (04m01.9s), 024/600 VUs, 345 complete and 0 interrupted iterations
saturation   [  38% ] 024/600 VUs  04m01.9s/10m30s  2.69 iters/s

running (04m02.9s), 024/600 VUs, 348 complete and 0 interrupted iterations
saturation   [  39% ] 024/600 VUs  04m02.9s/10m30s  2.70 iters/s

running (04m03.9s), 026/600 VUs, 349 complete and 0 interrupted iterations
saturation   [  39% ] 026/600 VUs  04m03.9s/10m30s  2.71 iters/s

running (04m04.9s), 025/600 VUs, 353 complete and 0 interrupted iterations
saturation   [  39% ] 025/600 VUs  04m04.9s/10m30s  2.72 iters/s

running (04m05.9s), 027/600 VUs, 353 complete and 0 interrupted iterations
saturation   [  39% ] 027/600 VUs  04m05.9s/10m30s  2.73 iters/s

running (04m06.9s), 026/600 VUs, 357 complete and 0 interrupted iterations
saturation   [  39% ] 026/600 VUs  04m06.9s/10m30s  2.74 iters/s

running (04m07.9s), 026/600 VUs, 360 complete and 0 interrupted iterations
saturation   [  39% ] 026/600 VUs  04m07.9s/10m30s  2.75 iters/s

running (04m08.9s), 027/600 VUs, 362 complete and 0 interrupted iterations
saturation   [  40% ] 027/600 VUs  04m08.9s/10m30s  2.77 iters/s

running (04m09.9s), 026/600 VUs, 365 complete and 0 interrupted iterations
saturation   [  40% ] 026/600 VUs  04m09.9s/10m30s  2.77 iters/s

running (04m10.9s), 029/600 VUs, 365 complete and 0 interrupted iterations
saturation   [  40% ] 029/600 VUs  04m10.9s/10m30s  2.79 iters/s

running (04m11.9s), 030/600 VUs, 367 complete and 0 interrupted iterations
saturation   [  40% ] 030/600 VUs  04m11.9s/10m30s  2.80 iters/s

running (04m12.9s), 033/600 VUs, 367 complete and 0 interrupted iterations
saturation   [  40% ] 033/600 VUs  04m12.9s/10m30s  2.81 iters/s

running (04m13.9s), 029/600 VUs, 373 complete and 0 interrupted iterations
saturation   [  40% ] 029/600 VUs  04m13.9s/10m30s  2.82 iters/s

running (04m14.9s), 029/600 VUs, 376 complete and 0 interrupted iterations
saturation   [  40% ] 029/600 VUs  04m14.9s/10m30s  2.83 iters/s

running (04m15.9s), 032/600 VUs, 376 complete and 0 interrupted iterations
saturation   [  41% ] 032/600 VUs  04m15.9s/10m30s  2.84 iters/s

running (04m16.9s), 035/600 VUs, 376 complete and 0 interrupted iterations
saturation   [  41% ] 035/600 VUs  04m16.9s/10m30s  2.85 iters/s

running (04m17.9s), 031/600 VUs, 383 complete and 0 interrupted iterations
saturation   [  41% ] 031/600 VUs  04m17.9s/10m30s  2.87 iters/s

running (04m18.9s), 031/600 VUs, 386 complete and 0 interrupted iterations
saturation   [  41% ] 031/600 VUs  04m18.9s/10m30s  2.88 iters/s

running (04m19.9s), 033/600 VUs, 387 complete and 0 interrupted iterations
saturation   [  41% ] 033/600 VUs  04m19.9s/10m30s  2.89 iters/s

running (04m20.9s), 032/600 VUs, 390 complete and 0 interrupted iterations
saturation   [  41% ] 032/600 VUs  04m20.9s/10m30s  2.90 iters/s

running (04m21.9s), 035/600 VUs, 390 complete and 0 interrupted iterations
saturation   [  42% ] 035/600 VUs  04m21.9s/10m30s  2.91 iters/s

running (04m22.9s), 038/600 VUs, 390 complete and 0 interrupted iterations
saturation   [  42% ] 038/600 VUs  04m22.9s/10m30s  2.92 iters/s

running (04m23.9s), 037/600 VUs, 394 complete and 0 interrupted iterations
saturation   [  42% ] 037/600 VUs  04m23.9s/10m30s  2.93 iters/s

running (04m24.9s), 037/600 VUs, 397 complete and 0 interrupted iterations
saturation   [  42% ] 037/600 VUs  04m24.9s/10m30s  2.94 iters/s

running (04m25.9s), 040/600 VUs, 397 complete and 0 interrupted iterations
saturation   [  42% ] 040/600 VUs  04m25.9s/10m30s  2.95 iters/s

running (04m26.9s), 039/600 VUs, 401 complete and 0 interrupted iterations
saturation   [  42% ] 039/600 VUs  04m26.9s/10m30s  2.96 iters/s

running (04m27.9s), 037/600 VUs, 406 complete and 0 interrupted iterations
saturation   [  43% ] 037/600 VUs  04m27.9s/10m30s  2.98 iters/s

running (04m28.9s), 037/600 VUs, 409 complete and 0 interrupted iterations
saturation   [  43% ] 037/600 VUs  04m28.9s/10m30s  2.99 iters/s

running (04m29.9s), 039/600 VUs, 410 complete and 0 interrupted iterations
saturation   [  43% ] 039/600 VUs  04m29.9s/10m30s  3.00 iters/s

running (04m30.9s), 042/600 VUs, 410 complete and 0 interrupted iterations
saturation   [  43% ] 042/600 VUs  04m30.9s/10m30s  3.01 iters/s

running (04m31.9s), 041/600 VUs, 414 complete and 0 interrupted iterations
saturation   [  43% ] 041/600 VUs  04m31.9s/10m30s  3.02 iters/s

running (04m32.9s), 039/600 VUs, 419 complete and 0 interrupted iterations
saturation   [  43% ] 039/600 VUs  04m32.9s/10m30s  3.03 iters/s

running (04m33.9s), 041/600 VUs, 420 complete and 0 interrupted iterations
saturation   [  43% ] 041/600 VUs  04m33.9s/10m30s  3.04 iters/s

running (04m34.9s), 042/600 VUs, 422 complete and 0 interrupted iterations
saturation   [  44% ] 042/600 VUs  04m34.9s/10m30s  3.05 iters/s

running (04m35.9s), 043/600 VUs, 424 complete and 0 interrupted iterations
saturation   [  44% ] 043/600 VUs  04m35.9s/10m30s  3.06 iters/s

running (04m36.9s), 044/600 VUs, 426 complete and 0 interrupted iterations
saturation   [  44% ] 044/600 VUs  04m36.9s/10m30s  3.07 iters/s

running (04m37.9s), 042/600 VUs, 431 complete and 0 interrupted iterations
saturation   [  44% ] 042/600 VUs  04m37.9s/10m30s  3.09 iters/s

running (04m38.9s), 044/600 VUs, 432 complete and 0 interrupted iterations
saturation   [  44% ] 044/600 VUs  04m38.9s/10m30s  3.10 iters/s

running (04m39.9s), 048/600 VUs, 432 complete and 0 interrupted iterations
saturation   [  44% ] 048/600 VUs  04m39.9s/10m30s  3.11 iters/s

running (04m40.9s), 043/600 VUs, 440 complete and 0 interrupted iterations
saturation   [  45% ] 043/600 VUs  04m40.9s/10m30s  3.12 iters/s

running (04m41.9s), 046/600 VUs, 440 complete and 0 interrupted iterations
saturation   [  45% ] 046/600 VUs  04m41.9s/10m30s  3.13 iters/s

running (04m42.9s), 045/600 VUs, 444 complete and 0 interrupted iterations
saturation   [  45% ] 045/600 VUs  04m42.9s/10m30s  3.14 iters/s

running (04m43.9s), 046/600 VUs, 446 complete and 0 interrupted iterations
saturation   [  45% ] 046/600 VUs  04m43.9s/10m30s  3.15 iters/s

running (04m44.9s), 049/600 VUs, 446 complete and 0 interrupted iterations
saturation   [  45% ] 049/600 VUs  04m44.9s/10m30s  3.16 iters/s

running (04m45.9s), 052/600 VUs, 446 complete and 0 interrupted iterations
saturation   [  45% ] 052/600 VUs  04m45.9s/10m30s  3.17 iters/s

running (04m46.9s), 052/600 VUs, 450 complete and 0 interrupted iterations
saturation   [  46% ] 052/600 VUs  04m46.9s/10m30s  3.19 iters/s

running (04m47.9s), 053/600 VUs, 452 complete and 0 interrupted iterations
saturation   [  46% ] 053/600 VUs  04m47.9s/10m30s  3.20 iters/s

running (04m48.9s), 053/600 VUs, 455 complete and 0 interrupted iterations
saturation   [  46% ] 053/600 VUs  04m48.9s/10m30s  3.21 iters/s

running (04m49.9s), 055/600 VUs, 456 complete and 0 interrupted iterations
saturation   [  46% ] 055/600 VUs  04m49.9s/10m30s  3.22 iters/s

running (04m50.9s), 058/600 VUs, 456 complete and 0 interrupted iterations
saturation   [  46% ] 058/600 VUs  04m50.9s/10m30s  3.23 iters/s

running (04m51.9s), 056/600 VUs, 462 complete and 0 interrupted iterations
saturation   [  46% ] 056/600 VUs  04m51.9s/10m30s  3.24 iters/s

running (04m52.9s), 059/600 VUs, 462 complete and 0 interrupted iterations
saturation   [  46% ] 059/600 VUs  04m52.9s/10m30s  3.25 iters/s

running (04m53.9s), 059/600 VUs, 465 complete and 0 interrupted iterations
saturation   [  47% ] 059/600 VUs  04m53.9s/10m30s  3.26 iters/s

running (04m54.9s), 062/600 VUs, 465 complete and 0 interrupted iterations
saturation   [  47% ] 062/600 VUs  04m54.9s/10m30s  3.27 iters/s

running (04m55.9s), 063/600 VUs, 468 complete and 0 interrupted iterations
saturation   [  47% ] 063/600 VUs  04m55.9s/10m30s  3.29 iters/s

running (04m56.9s), 062/600 VUs, 472 complete and 0 interrupted iterations
saturation   [  47% ] 062/600 VUs  04m56.9s/10m30s  3.30 iters/s

running (04m57.9s), 064/600 VUs, 473 complete and 0 interrupted iterations
saturation   [  47% ] 064/600 VUs  04m57.9s/10m30s  3.31 iters/s

running (04m58.9s), 066/600 VUs, 475 complete and 0 interrupted iterations
saturation   [  47% ] 066/600 VUs  04m58.9s/10m30s  3.32 iters/s

running (04m59.9s), 066/600 VUs, 478 complete and 0 interrupted iterations
saturation   [  48% ] 066/600 VUs  04m59.9s/10m30s  3.33 iters/s

running (05m00.9s), 068/600 VUs, 479 complete and 0 interrupted iterations
saturation   [  48% ] 068/600 VUs  05m00.9s/10m30s  3.34 iters/s

running (05m01.9s), 069/600 VUs, 482 complete and 0 interrupted iterations
saturation   [  48% ] 069/600 VUs  05m01.9s/10m30s  3.35 iters/s

running (05m02.9s), 070/600 VUs, 484 complete and 0 interrupted iterations
saturation   [  48% ] 070/600 VUs  05m02.9s/10m30s  3.36 iters/s

running (05m03.9s), 070/600 VUs, 487 complete and 0 interrupted iterations
saturation   [  48% ] 070/600 VUs  05m03.9s/10m30s  3.37 iters/s

running (05m04.9s), 073/600 VUs, 488 complete and 0 interrupted iterations
saturation   [  48% ] 073/600 VUs  05m04.9s/10m30s  3.39 iters/s

running (05m05.9s), 076/600 VUs, 488 complete and 0 interrupted iterations
saturation   [  49% ] 076/600 VUs  05m05.9s/10m30s  3.40 iters/s

running (05m06.9s), 080/600 VUs, 488 complete and 0 interrupted iterations
saturation   [  49% ] 080/600 VUs  05m06.9s/10m30s  3.41 iters/s

running (05m07.9s), 081/600 VUs, 490 complete and 0 interrupted iterations
saturation   [  49% ] 081/600 VUs  05m07.9s/10m30s  3.42 iters/s

running (05m08.9s), 083/600 VUs, 491 complete and 0 interrupted iterations
saturation   [  49% ] 083/600 VUs  05m08.9s/10m30s  3.43 iters/s

running (05m09.9s), 082/600 VUs, 496 complete and 0 interrupted iterations
saturation   [  49% ] 082/600 VUs  05m09.9s/10m30s  3.44 iters/s

running (05m10.9s), 084/600 VUs, 497 complete and 0 interrupted iterations
saturation   [  49% ] 084/600 VUs  05m10.9s/10m30s  3.45 iters/s

running (05m11.9s), 087/600 VUs, 498 complete and 0 interrupted iterations
saturation   [  50% ] 087/600 VUs  05m11.9s/10m30s  3.47 iters/s

running (05m12.9s), 087/600 VUs, 501 complete and 0 interrupted iterations
saturation   [  50% ] 087/600 VUs  05m12.9s/10m30s  3.48 iters/s

running (05m13.9s), 088/600 VUs, 504 complete and 0 interrupted iterations
saturation   [  50% ] 088/600 VUs  05m13.9s/10m30s  3.49 iters/s

running (05m14.9s), 091/600 VUs, 504 complete and 0 interrupted iterations
saturation   [  50% ] 091/600 VUs  05m14.9s/10m30s  3.50 iters/s

running (05m15.9s), 095/600 VUs, 504 complete and 0 interrupted iterations
saturation   [  50% ] 095/600 VUs  05m15.9s/10m30s  3.51 iters/s

running (05m16.9s), 098/600 VUs, 504 complete and 0 interrupted iterations
saturation   [  50% ] 098/600 VUs  05m16.9s/10m30s  3.52 iters/s

running (05m17.9s), 097/600 VUs, 509 complete and 0 interrupted iterations
saturation   [  50% ] 097/600 VUs  05m17.9s/10m30s  3.53 iters/s

running (05m18.9s), 100/600 VUs, 509 complete and 0 interrupted iterations
saturation   [  51% ] 100/600 VUs  05m18.9s/10m30s  3.54 iters/s

running (05m19.9s), 104/600 VUs, 509 complete and 0 interrupted iterations
saturation   [  51% ] 104/600 VUs  05m19.9s/10m30s  3.55 iters/s

running (05m20.9s), 104/600 VUs, 512 complete and 0 interrupted iterations
saturation   [  51% ] 104/600 VUs  05m20.9s/10m30s  3.56 iters/s

running (05m21.9s), 108/600 VUs, 512 complete and 0 interrupted iterations
saturation   [  51% ] 108/600 VUs  05m21.9s/10m30s  3.58 iters/s

running (05m22.9s), 110/600 VUs, 514 complete and 0 interrupted iterations
saturation   [  51% ] 110/600 VUs  05m22.9s/10m30s  3.59 iters/s

running (05m23.9s), 111/600 VUs, 516 complete and 0 interrupted iterations
saturation   [  51% ] 111/600 VUs  05m23.9s/10m30s  3.60 iters/s

running (05m24.9s), 115/600 VUs, 516 complete and 0 interrupted iterations
saturation   [  52% ] 115/600 VUs  05m24.9s/10m30s  3.61 iters/s

running (05m25.9s), 118/600 VUs, 516 complete and 0 interrupted iterations
saturation   [  52% ] 118/600 VUs  05m25.9s/10m30s  3.62 iters/s

running (05m26.9s), 122/600 VUs, 516 complete and 0 interrupted iterations
saturation   [  52% ] 122/600 VUs  05m26.9s/10m30s  3.63 iters/s

running (05m27.9s), 122/600 VUs, 520 complete and 0 interrupted iterations
saturation   [  52% ] 122/600 VUs  05m27.9s/10m30s  3.64 iters/s

running (05m28.9s), 124/600 VUs, 521 complete and 0 interrupted iterations
saturation   [  52% ] 124/600 VUs  05m28.9s/10m30s  3.65 iters/s

running (05m29.9s), 127/600 VUs, 522 complete and 0 interrupted iterations
saturation   [  52% ] 127/600 VUs  05m29.9s/10m30s  3.67 iters/s

running (05m30.9s), 131/600 VUs, 522 complete and 0 interrupted iterations
saturation   [  53% ] 131/600 VUs  05m30.9s/10m30s  3.68 iters/s

running (05m31.9s), 128/600 VUs, 528 complete and 0 interrupted iterations
saturation   [  53% ] 128/600 VUs  05m31.9s/10m30s  3.69 iters/s

running (05m32.9s), 129/600 VUs, 531 complete and 0 interrupted iterations
saturation   [  53% ] 129/600 VUs  05m32.9s/10m30s  3.70 iters/s

running (05m33.9s), 130/600 VUs, 534 complete and 0 interrupted iterations
saturation   [  53% ] 130/600 VUs  05m33.9s/10m30s  3.71 iters/s

running (05m34.9s), 133/600 VUs, 534 complete and 0 interrupted iterations
saturation   [  53% ] 133/600 VUs  05m34.9s/10m30s  3.72 iters/s

running (05m35.9s), 134/600 VUs, 537 complete and 0 interrupted iterations
saturation   [  53% ] 134/600 VUs  05m35.9s/10m30s  3.73 iters/s

running (05m36.9s), 138/600 VUs, 537 complete and 0 interrupted iterations
saturation   [  53% ] 138/600 VUs  05m36.9s/10m30s  3.74 iters/s

running (05m37.9s), 142/600 VUs, 537 complete and 0 interrupted iterations
saturation   [  54% ] 142/600 VUs  05m37.9s/10m30s  3.75 iters/s

running (05m38.9s), 145/600 VUs, 537 complete and 0 interrupted iterations
saturation   [  54% ] 145/600 VUs  05m38.9s/10m30s  3.76 iters/s

running (05m39.9s), 149/600 VUs, 537 complete and 0 interrupted iterations
saturation   [  54% ] 149/600 VUs  05m39.9s/10m30s  3.78 iters/s

running (05m40.9s), 148/600 VUs, 542 complete and 0 interrupted iterations
saturation   [  54% ] 148/600 VUs  05m40.9s/10m30s  3.79 iters/s

running (05m41.9s), 151/600 VUs, 543 complete and 0 interrupted iterations
saturation   [  54% ] 151/600 VUs  05m41.9s/10m30s  3.80 iters/s

running (05m42.9s), 155/600 VUs, 543 complete and 0 interrupted iterations
saturation   [  54% ] 155/600 VUs  05m42.9s/10m30s  3.81 iters/s

running (05m43.9s), 154/600 VUs, 547 complete and 0 interrupted iterations
saturation   [  55% ] 154/600 VUs  05m43.9s/10m30s  3.82 iters/s

running (05m44.9s), 158/600 VUs, 547 complete and 0 interrupted iterations
saturation   [  55% ] 158/600 VUs  05m44.9s/10m30s  3.83 iters/s

running (05m45.9s), 159/600 VUs, 550 complete and 0 interrupted iterations
saturation   [  55% ] 159/600 VUs  05m45.9s/10m30s  3.84 iters/s

running (05m46.9s), 162/600 VUs, 551 complete and 0 interrupted iterations
saturation   [  55% ] 162/600 VUs  05m46.9s/10m30s  3.85 iters/s

running (05m47.9s), 166/600 VUs, 551 complete and 0 interrupted iterations
saturation   [  55% ] 166/600 VUs  05m47.9s/10m30s  3.87 iters/s

running (05m48.9s), 170/600 VUs, 551 complete and 0 interrupted iterations
saturation   [  55% ] 170/600 VUs  05m48.9s/10m30s  3.88 iters/s

running (05m49.9s), 172/600 VUs, 552 complete and 0 interrupted iterations
saturation   [  56% ] 172/600 VUs  05m49.9s/10m30s  3.89 iters/s

running (05m50.9s), 167/600 VUs, 561 complete and 0 interrupted iterations
saturation   [  56% ] 167/600 VUs  05m50.9s/10m30s  3.90 iters/s

running (05m51.9s), 170/600 VUs, 562 complete and 0 interrupted iterations
saturation   [  56% ] 170/600 VUs  05m51.9s/10m30s  3.91 iters/s

running (05m52.9s), 170/600 VUs, 566 complete and 0 interrupted iterations
saturation   [  56% ] 170/600 VUs  05m52.9s/10m30s  3.92 iters/s

running (05m53.9s), 171/600 VUs, 569 complete and 0 interrupted iterations
saturation   [  56% ] 171/600 VUs  05m53.9s/10m30s  3.93 iters/s

running (05m54.9s), 169/600 VUs, 575 complete and 0 interrupted iterations
saturation   [  56% ] 169/600 VUs  05m54.9s/10m30s  3.94 iters/s

running (05m55.9s), 170/600 VUs, 578 complete and 0 interrupted iterations
saturation   [  56% ] 170/600 VUs  05m55.9s/10m30s  3.95 iters/s

running (05m56.9s), 171/600 VUs, 581 complete and 0 interrupted iterations
saturation   [  57% ] 171/600 VUs  05m56.9s/10m30s  3.97 iters/s

running (05m57.9s), 172/600 VUs, 584 complete and 0 interrupted iterations
saturation   [  57% ] 172/600 VUs  05m57.9s/10m30s  3.98 iters/s

running (05m58.9s), 173/600 VUs, 587 complete and 0 interrupted iterations
saturation   [  57% ] 173/600 VUs  05m58.9s/10m30s  3.99 iters/s

running (05m59.9s), 174/600 VUs, 590 complete and 0 interrupted iterations
saturation   [  57% ] 174/600 VUs  05m59.9s/10m30s  4.00 iters/s

running (06m00.9s), 176/600 VUs, 592 complete and 0 interrupted iterations
saturation   [  57% ] 176/600 VUs  06m00.9s/10m30s  4.01 iters/s

running (06m01.9s), 177/600 VUs, 595 complete and 0 interrupted iterations
saturation   [  57% ] 177/600 VUs  06m01.9s/10m30s  4.02 iters/s

running (06m02.9s), 178/600 VUs, 598 complete and 0 interrupted iterations
saturation   [  58% ] 178/600 VUs  06m02.9s/10m30s  4.03 iters/s

running (06m03.9s), 176/600 VUs, 604 complete and 0 interrupted iterations
saturation   [  58% ] 176/600 VUs  06m03.9s/10m30s  4.04 iters/s

running (06m04.9s), 176/600 VUs, 608 complete and 0 interrupted iterations
saturation   [  58% ] 176/600 VUs  06m04.9s/10m30s  4.05 iters/s

running (06m05.9s), 174/600 VUs, 614 complete and 0 interrupted iterations
saturation   [  58% ] 174/600 VUs  06m05.9s/10m30s  4.06 iters/s

running (06m06.9s), 171/600 VUs, 621 complete and 0 interrupted iterations
saturation   [  58% ] 171/600 VUs  06m06.9s/10m30s  4.08 iters/s

running (06m07.9s), 172/600 VUs, 624 complete and 0 interrupted iterations
saturation   [  58% ] 172/600 VUs  06m07.9s/10m30s  4.09 iters/s

running (06m08.9s), 169/600 VUs, 631 complete and 0 interrupted iterations
saturation   [  59% ] 169/600 VUs  06m08.9s/10m30s  4.10 iters/s

running (06m09.9s), 171/600 VUs, 633 complete and 0 interrupted iterations
saturation   [  59% ] 171/600 VUs  06m09.9s/10m30s  4.11 iters/s

running (06m10.9s), 173/600 VUs, 636 complete and 0 interrupted iterations
saturation   [  59% ] 173/600 VUs  06m10.9s/10m30s  4.12 iters/s

running (06m11.9s), 173/600 VUs, 640 complete and 0 interrupted iterations
saturation   [  59% ] 173/600 VUs  06m11.9s/10m30s  4.13 iters/s

running (06m12.9s), 173/600 VUs, 644 complete and 0 interrupted iterations
saturation   [  59% ] 173/600 VUs  06m12.9s/10m30s  4.14 iters/s

running (06m13.9s), 174/600 VUs, 647 complete and 0 interrupted iterations
saturation   [  59% ] 174/600 VUs  06m13.9s/10m30s  4.15 iters/s

running (06m14.9s), 177/600 VUs, 648 complete and 0 interrupted iterations
saturation   [  60% ] 177/600 VUs  06m14.9s/10m30s  4.16 iters/s

running (06m15.9s), 178/600 VUs, 651 complete and 0 interrupted iterations
saturation   [  60% ] 178/600 VUs  06m15.9s/10m30s  4.18 iters/s

running (06m16.9s), 179/600 VUs, 654 complete and 0 interrupted iterations
saturation   [  60% ] 179/600 VUs  06m16.9s/10m30s  4.19 iters/s

running (06m17.9s), 180/600 VUs, 658 complete and 0 interrupted iterations
saturation   [  60% ] 180/600 VUs  06m17.9s/10m30s  4.20 iters/s

running (06m18.9s), 183/600 VUs, 659 complete and 0 interrupted iterations
saturation   [  60% ] 183/600 VUs  06m18.9s/10m30s  4.21 iters/s

running (06m19.9s), 184/600 VUs, 662 complete and 0 interrupted iterations
saturation   [  60% ] 184/600 VUs  06m19.9s/10m30s  4.22 iters/s

running (06m20.9s), 184/600 VUs, 666 complete and 0 interrupted iterations
saturation   [  60% ] 184/600 VUs  06m20.9s/10m30s  4.23 iters/s

running (06m21.9s), 186/600 VUs, 669 complete and 0 interrupted iterations
saturation   [  61% ] 186/600 VUs  06m21.9s/10m30s  4.24 iters/s

running (06m22.9s), 188/600 VUs, 671 complete and 0 interrupted iterations
saturation   [  61% ] 188/600 VUs  06m22.9s/10m30s  4.25 iters/s

running (06m23.9s), 188/600 VUs, 675 complete and 0 interrupted iterations
saturation   [  61% ] 188/600 VUs  06m23.9s/10m30s  4.26 iters/s

running (06m24.9s), 191/600 VUs, 676 complete and 0 interrupted iterations
saturation   [  61% ] 191/600 VUs  06m24.9s/10m30s  4.28 iters/s

running (06m25.9s), 192/600 VUs, 680 complete and 0 interrupted iterations
saturation   [  61% ] 192/600 VUs  06m25.9s/10m30s  4.29 iters/s

running (06m26.9s), 193/600 VUs, 683 complete and 0 interrupted iterations
saturation   [  61% ] 193/600 VUs  06m26.9s/10m30s  4.30 iters/s

running (06m27.9s), 195/600 VUs, 685 complete and 0 interrupted iterations
saturation   [  62% ] 195/600 VUs  06m27.9s/10m30s  4.31 iters/s

running (06m28.9s), 195/600 VUs, 689 complete and 0 interrupted iterations
saturation   [  62% ] 195/600 VUs  06m28.9s/10m30s  4.32 iters/s

running (06m29.9s), 199/600 VUs, 690 complete and 0 interrupted iterations
saturation   [  62% ] 199/600 VUs  06m29.9s/10m30s  4.33 iters/s

running (06m30.9s), 199/600 VUs, 694 complete and 0 interrupted iterations
saturation   [  62% ] 199/600 VUs  06m30.9s/10m30s  4.34 iters/s

running (06m31.9s), 201/600 VUs, 697 complete and 0 interrupted iterations
saturation   [  62% ] 201/600 VUs  06m31.9s/10m30s  4.36 iters/s

running (06m32.9s), 202/600 VUs, 700 complete and 0 interrupted iterations
saturation   [  62% ] 202/600 VUs  06m32.9s/10m30s  4.37 iters/s

running (06m33.9s), 205/600 VUs, 701 complete and 0 interrupted iterations
saturation   [  63% ] 205/600 VUs  06m33.9s/10m30s  4.38 iters/s

running (06m34.9s), 206/600 VUs, 705 complete and 0 interrupted iterations
saturation   [  63% ] 206/600 VUs  06m34.9s/10m30s  4.39 iters/s

running (06m35.9s), 209/600 VUs, 706 complete and 0 interrupted iterations
saturation   [  63% ] 209/600 VUs  06m35.9s/10m30s  4.40 iters/s

running (06m36.9s), 208/600 VUs, 711 complete and 0 interrupted iterations
saturation   [  63% ] 208/600 VUs  06m36.9s/10m30s  4.41 iters/s

running (06m37.9s), 211/600 VUs, 713 complete and 0 interrupted iterations
saturation   [  63% ] 211/600 VUs  06m37.9s/10m30s  4.42 iters/s

running (06m38.9s), 212/600 VUs, 716 complete and 0 interrupted iterations
saturation   [  63% ] 212/600 VUs  06m38.9s/10m30s  4.43 iters/s

running (06m39.9s), 215/600 VUs, 718 complete and 0 interrupted iterations
saturation   [  63% ] 215/600 VUs  06m39.9s/10m30s  4.44 iters/s

running (06m40.9s), 216/600 VUs, 721 complete and 0 interrupted iterations
saturation   [  64% ] 216/600 VUs  06m40.9s/10m30s  4.45 iters/s

running (06m41.9s), 218/600 VUs, 724 complete and 0 interrupted iterations
saturation   [  64% ] 218/600 VUs  06m41.9s/10m30s  4.47 iters/s

running (06m42.9s), 218/600 VUs, 728 complete and 0 interrupted iterations
saturation   [  64% ] 218/600 VUs  06m42.9s/10m30s  4.48 iters/s

running (06m43.9s), 220/600 VUs, 731 complete and 0 interrupted iterations
saturation   [  64% ] 220/600 VUs  06m43.9s/10m30s  4.49 iters/s

running (06m44.9s), 221/600 VUs, 734 complete and 0 interrupted iterations
saturation   [  64% ] 221/600 VUs  06m44.9s/10m30s  4.50 iters/s

running (06m45.9s), 223/600 VUs, 737 complete and 0 interrupted iterations
saturation   [  64% ] 223/600 VUs  06m45.9s/10m30s  4.51 iters/s

running (06m46.9s), 224/600 VUs, 740 complete and 0 interrupted iterations
saturation   [  65% ] 224/600 VUs  06m46.9s/10m30s  4.52 iters/s

running (06m47.9s), 226/600 VUs, 743 complete and 0 interrupted iterations
saturation   [  65% ] 226/600 VUs  06m47.9s/10m30s  4.53 iters/s

running (06m48.9s), 228/600 VUs, 745 complete and 0 interrupted iterations
saturation   [  65% ] 228/600 VUs  06m48.9s/10m30s  4.54 iters/s

running (06m49.9s), 228/600 VUs, 750 complete and 0 interrupted iterations
saturation   [  65% ] 228/600 VUs  06m49.9s/10m30s  4.55 iters/s

running (06m50.9s), 231/600 VUs, 751 complete and 0 interrupted iterations
saturation   [  65% ] 231/600 VUs  06m50.9s/10m30s  4.56 iters/s

running (06m51.9s), 233/600 VUs, 754 complete and 0 interrupted iterations
saturation   [  65% ] 233/600 VUs  06m51.9s/10m30s  4.58 iters/s

running (06m52.9s), 234/600 VUs, 757 complete and 0 interrupted iterations
saturation   [  66% ] 234/600 VUs  06m52.9s/10m30s  4.59 iters/s

running (06m53.9s), 235/600 VUs, 761 complete and 0 interrupted iterations
saturation   [  66% ] 235/600 VUs  06m53.9s/10m30s  4.60 iters/s

running (06m54.9s), 239/600 VUs, 762 complete and 0 interrupted iterations
saturation   [  66% ] 239/600 VUs  06m54.9s/10m30s  4.61 iters/s

running (06m55.9s), 239/600 VUs, 766 complete and 0 interrupted iterations
saturation   [  66% ] 239/600 VUs  06m55.9s/10m30s  4.62 iters/s

running (06m56.9s), 242/600 VUs, 768 complete and 0 interrupted iterations
saturation   [  66% ] 242/600 VUs  06m56.9s/10m30s  4.63 iters/s

running (06m57.9s), 243/600 VUs, 771 complete and 0 interrupted iterations
saturation   [  66% ] 243/600 VUs  06m57.9s/10m30s  4.64 iters/s

running (06m58.9s), 245/600 VUs, 774 complete and 0 interrupted iterations
saturation   [  66% ] 245/600 VUs  06m58.9s/10m30s  4.65 iters/s

running (06m59.9s), 246/600 VUs, 778 complete and 0 interrupted iterations
saturation   [  67% ] 246/600 VUs  06m59.9s/10m30s  4.67 iters/s

running (07m00.9s), 248/600 VUs, 780 complete and 0 interrupted iterations
saturation   [  67% ] 248/600 VUs  07m00.9s/10m30s  4.67 iters/s

running (07m01.9s), 252/600 VUs, 781 complete and 0 interrupted iterations
saturation   [  67% ] 252/600 VUs  07m01.9s/10m30s  4.69 iters/s

running (07m02.9s), 253/600 VUs, 785 complete and 0 interrupted iterations
saturation   [  67% ] 253/600 VUs  07m02.9s/10m30s  4.70 iters/s

running (07m03.9s), 255/600 VUs, 788 complete and 0 interrupted iterations
saturation   [  67% ] 255/600 VUs  07m03.9s/10m30s  4.71 iters/s

running (07m04.9s), 256/600 VUs, 791 complete and 0 interrupted iterations
saturation   [  67% ] 256/600 VUs  07m04.9s/10m30s  4.72 iters/s

running (07m05.9s), 258/600 VUs, 794 complete and 0 interrupted iterations
saturation   [  68% ] 258/600 VUs  07m05.9s/10m30s  4.73 iters/s

running (07m06.9s), 259/600 VUs, 798 complete and 0 interrupted iterations
saturation   [  68% ] 259/600 VUs  07m06.9s/10m30s  4.74 iters/s

running (07m07.9s), 262/600 VUs, 799 complete and 0 interrupted iterations
saturation   [  68% ] 262/600 VUs  07m07.9s/10m30s  4.75 iters/s

running (07m08.9s), 263/600 VUs, 803 complete and 0 interrupted iterations
saturation   [  68% ] 263/600 VUs  07m08.9s/10m30s  4.76 iters/s

running (07m09.9s), 266/600 VUs, 805 complete and 0 interrupted iterations
saturation   [  68% ] 266/600 VUs  07m09.9s/10m30s  4.78 iters/s

running (07m10.9s), 267/600 VUs, 809 complete and 0 interrupted iterations
saturation   [  68% ] 267/600 VUs  07m10.9s/10m30s  4.79 iters/s

running (07m11.9s), 270/600 VUs, 811 complete and 0 interrupted iterations
saturation   [  69% ] 270/600 VUs  07m11.9s/10m30s  4.80 iters/s

running (07m12.9s), 270/600 VUs, 815 complete and 0 interrupted iterations
saturation   [  69% ] 270/600 VUs  07m12.9s/10m30s  4.81 iters/s

running (07m13.9s), 273/600 VUs, 817 complete and 0 interrupted iterations
saturation   [  69% ] 273/600 VUs  07m13.9s/10m30s  4.82 iters/s

running (07m14.9s), 273/600 VUs, 822 complete and 0 interrupted iterations
saturation   [  69% ] 273/600 VUs  07m14.9s/10m30s  4.83 iters/s

running (07m15.9s), 277/600 VUs, 823 complete and 0 interrupted iterations
saturation   [  69% ] 277/600 VUs  07m15.9s/10m30s  4.84 iters/s

running (07m16.9s), 278/600 VUs, 827 complete and 0 interrupted iterations
saturation   [  69% ] 278/600 VUs  07m16.9s/10m30s  4.85 iters/s

running (07m17.9s), 281/600 VUs, 829 complete and 0 interrupted iterations
saturation   [  70% ] 281/600 VUs  07m17.9s/10m30s  4.87 iters/s

running (07m18.9s), 281/600 VUs, 833 complete and 0 interrupted iterations
saturation   [  70% ] 281/600 VUs  07m18.9s/10m30s  4.88 iters/s

running (07m19.9s), 284/600 VUs, 835 complete and 0 interrupted iterations
saturation   [  70% ] 284/600 VUs  07m19.9s/10m30s  4.89 iters/s

running (07m20.9s), 285/600 VUs, 839 complete and 0 interrupted iterations
saturation   [  70% ] 285/600 VUs  07m20.9s/10m30s  4.90 iters/s

running (07m21.9s), 287/600 VUs, 842 complete and 0 interrupted iterations
saturation   [  70% ] 287/600 VUs  07m21.9s/10m30s  4.91 iters/s

running (07m22.9s), 289/600 VUs, 845 complete and 0 interrupted iterations
saturation   [  70% ] 289/600 VUs  07m22.9s/10m30s  4.92 iters/s

running (07m23.9s), 293/600 VUs, 846 complete and 0 interrupted iterations
saturation   [  70% ] 293/600 VUs  07m23.9s/10m30s  4.93 iters/s

running (07m24.9s), 293/600 VUs, 851 complete and 0 interrupted iterations
saturation   [  71% ] 293/600 VUs  07m24.9s/10m30s  4.94 iters/s

running (07m25.9s), 296/600 VUs, 853 complete and 0 interrupted iterations
saturation   [  71% ] 296/600 VUs  07m25.9s/10m30s  4.95 iters/s

running (07m26.9s), 297/600 VUs, 857 complete and 0 interrupted iterations
saturation   [  71% ] 297/600 VUs  07m26.9s/10m30s  4.97 iters/s

running (07m27.9s), 300/600 VUs, 859 complete and 0 interrupted iterations
saturation   [  71% ] 300/600 VUs  07m27.9s/10m30s  4.98 iters/s

running (07m28.9s), 301/600 VUs, 863 complete and 0 interrupted iterations
saturation   [  71% ] 301/600 VUs  07m28.9s/10m30s  4.99 iters/s

running (07m29.9s), 304/600 VUs, 865 complete and 0 interrupted iterations
saturation   [  71% ] 304/600 VUs  07m29.9s/10m30s  5.00 iters/s

running (07m30.9s), 307/600 VUs, 867 complete and 0 interrupted iterations
saturation   [  72% ] 307/600 VUs  07m30.9s/10m30s  5.01 iters/s

running (07m31.9s), 307/600 VUs, 872 complete and 0 interrupted iterations
saturation   [  72% ] 307/600 VUs  07m31.9s/10m30s  5.02 iters/s

running (07m32.9s), 311/600 VUs, 873 complete and 0 interrupted iterations
saturation   [  72% ] 311/600 VUs  07m32.9s/10m30s  5.03 iters/s

running (07m33.9s), 312/600 VUs, 877 complete and 0 interrupted iterations
saturation   [  72% ] 312/600 VUs  07m33.9s/10m30s  5.04 iters/s

running (07m34.9s), 315/600 VUs, 879 complete and 0 interrupted iterations
saturation   [  72% ] 315/600 VUs  07m34.9s/10m30s  5.05 iters/s

running (07m35.9s), 315/600 VUs, 884 complete and 0 interrupted iterations
saturation   [  72% ] 315/600 VUs  07m35.9s/10m30s  5.07 iters/s

running (07m36.9s), 319/600 VUs, 885 complete and 0 interrupted iterations
saturation   [  73% ] 319/600 VUs  07m36.9s/10m30s  5.08 iters/s

running (07m37.9s), 320/600 VUs, 889 complete and 0 interrupted iterations
saturation   [  73% ] 320/600 VUs  07m37.9s/10m30s  5.09 iters/s

running (07m38.9s), 322/600 VUs, 892 complete and 0 interrupted iterations
saturation   [  73% ] 322/600 VUs  07m38.9s/10m30s  5.10 iters/s

running (07m39.9s), 326/600 VUs, 893 complete and 0 interrupted iterations
saturation   [  73% ] 326/600 VUs  07m39.9s/10m30s  5.11 iters/s

running (07m40.9s), 327/600 VUs, 897 complete and 0 interrupted iterations
saturation   [  73% ] 327/600 VUs  07m40.9s/10m30s  5.12 iters/s

running (07m41.9s), 327/600 VUs, 902 complete and 0 interrupted iterations
saturation   [  73% ] 327/600 VUs  07m41.9s/10m30s  5.13 iters/s

running (07m42.9s), 331/600 VUs, 904 complete and 0 interrupted iterations
saturation   [  73% ] 331/600 VUs  07m42.9s/10m30s  5.14 iters/s

running (07m43.9s), 334/600 VUs, 906 complete and 0 interrupted iterations
saturation   [  74% ] 334/600 VUs  07m43.9s/10m30s  5.15 iters/s

running (07m44.9s), 336/600 VUs, 909 complete and 0 interrupted iterations
saturation   [  74% ] 336/600 VUs  07m44.9s/10m30s  5.17 iters/s

running (07m45.9s), 339/600 VUs, 911 complete and 0 interrupted iterations
saturation   [  74% ] 339/600 VUs  07m45.9s/10m30s  5.18 iters/s

running (07m46.9s), 340/600 VUs, 915 complete and 0 interrupted iterations
saturation   [  74% ] 340/600 VUs  07m46.9s/10m30s  5.19 iters/s

running (07m47.9s), 342/600 VUs, 918 complete and 0 interrupted iterations
saturation   [  74% ] 342/600 VUs  07m47.9s/10m30s  5.20 iters/s

running (07m48.9s), 345/600 VUs, 921 complete and 0 interrupted iterations
saturation   [  74% ] 345/600 VUs  07m48.9s/10m30s  5.21 iters/s

running (07m49.9s), 346/600 VUs, 925 complete and 0 interrupted iterations
saturation   [  75% ] 346/600 VUs  07m49.9s/10m30s  5.22 iters/s

running (07m50.9s), 348/600 VUs, 928 complete and 0 interrupted iterations
saturation   [  75% ] 348/600 VUs  07m50.9s/10m30s  5.23 iters/s

running (07m51.9s), 351/600 VUs, 930 complete and 0 interrupted iterations
saturation   [  75% ] 351/600 VUs  07m51.9s/10m30s  5.24 iters/s

running (07m52.9s), 352/600 VUs, 935 complete and 0 interrupted iterations
saturation   [  75% ] 352/600 VUs  07m52.9s/10m30s  5.25 iters/s

running (07m53.9s), 357/600 VUs, 935 complete and 0 interrupted iterations
saturation   [  75% ] 357/600 VUs  07m53.9s/10m30s  5.27 iters/s

running (07m54.9s), 359/600 VUs, 938 complete and 0 interrupted iterations
saturation   [  75% ] 359/600 VUs  07m54.9s/10m30s  5.28 iters/s

running (07m55.9s), 359/600 VUs, 943 complete and 0 interrupted iterations
saturation   [  76% ] 359/600 VUs  07m55.9s/10m30s  5.29 iters/s

running (07m56.9s), 363/600 VUs, 945 complete and 0 interrupted iterations
saturation   [  76% ] 363/600 VUs  07m56.9s/10m30s  5.30 iters/s

running (07m57.9s), 366/600 VUs, 947 complete and 0 interrupted iterations
saturation   [  76% ] 366/600 VUs  07m57.9s/10m30s  5.31 iters/s

running (07m58.9s), 368/600 VUs, 950 complete and 0 interrupted iterations
saturation   [  76% ] 368/600 VUs  07m58.9s/10m30s  5.32 iters/s

running (07m59.9s), 372/600 VUs, 952 complete and 0 interrupted iterations
saturation   [  76% ] 372/600 VUs  07m59.9s/10m30s  5.33 iters/s

running (08m00.9s), 372/600 VUs, 957 complete and 0 interrupted iterations
saturation   [  76% ] 372/600 VUs  08m00.9s/10m30s  5.34 iters/s

running (08m01.9s), 376/600 VUs, 958 complete and 0 interrupted iterations
saturation   [  76% ] 376/600 VUs  08m01.9s/10m30s  5.35 iters/s

running (08m02.9s), 377/600 VUs, 963 complete and 0 interrupted iterations
saturation   [  77% ] 377/600 VUs  08m02.9s/10m30s  5.37 iters/s

running (08m03.9s), 380/600 VUs, 965 complete and 0 interrupted iterations
saturation   [  77% ] 380/600 VUs  08m03.9s/10m30s  5.38 iters/s

running (08m04.9s), 384/600 VUs, 966 complete and 0 interrupted iterations
saturation   [  77% ] 384/600 VUs  08m04.9s/10m30s  5.39 iters/s

running (08m05.9s), 385/600 VUs, 971 complete and 0 interrupted iterations
saturation   [  77% ] 385/600 VUs  08m05.9s/10m30s  5.40 iters/s

running (08m06.9s), 387/600 VUs, 974 complete and 0 interrupted iterations
saturation   [  77% ] 387/600 VUs  08m06.9s/10m30s  5.41 iters/s

running (08m07.9s), 392/600 VUs, 975 complete and 0 interrupted iterations
saturation   [  77% ] 392/600 VUs  08m07.9s/10m30s  5.42 iters/s

running (08m08.9s), 392/600 VUs, 980 complete and 0 interrupted iterations
saturation   [  78% ] 392/600 VUs  08m08.9s/10m30s  5.43 iters/s
time="2026-08-10T12:19:07Z" level=warning msg="Request Failed" error="Post \"http://localhost:29010/management/v3/catalog/request\": request timeout"
time="2026-08-10T12:19:07Z" level=warning msg="Request Failed" error="Post \"http://localhost:29010/management/v3/catalog/request\": request timeout"
time="2026-08-10T12:19:07Z" level=warning msg="Request Failed" error="Post \"http://localhost:29010/management/v3/catalog/request\": request timeout"
time="2026-08-10T12:19:08Z" level=warning msg="Request Failed" error="Post \"http://localhost:29010/management/v3/catalog/request\": request timeout"

running (08m09.9s), 392/600 VUs, 986 complete and 0 interrupted iterations
saturation   [  78% ] 392/600 VUs  08m09.9s/10m30s  5.44 iters/s
time="2026-08-10T12:19:08Z" level=warning msg="Request Failed" error="Post \"http://localhost:29010/management/v3/catalog/request\": request timeout"
time="2026-08-10T12:19:08Z" level=warning msg="Request Failed" error="Post \"http://localhost:29010/management/v3/catalog/request\": request timeout"
time="2026-08-10T12:19:08Z" level=warning msg="Request Failed" error="Post \"http://localhost:29010/management/v3/catalog/request\": request timeout"
time="2026-08-10T12:19:09Z" level=warning msg="Request Failed" error="Post \"http://localhost:29010/management/v3/catalog/request\": request timeout"
time="2026-08-10T12:19:09Z" level=warning msg="Request Failed" error="Post \"http://localhost:29010/management/v3/catalog/request\": request timeout"

running (08m10.9s), 389/600 VUs, 994 complete and 0 interrupted iterations
saturation   [  78% ] 389/600 VUs  08m10.9s/10m30s  5.45 iters/s
time="2026-08-10T12:19:09Z" level=warning msg="Request Failed" error="Post \"http://localhost:29010/management/v3/catalog/request\": request timeout"
time="2026-08-10T12:19:09Z" level=warning msg="Request Failed" error="Post \"http://localhost:29010/management/v3/catalog/request\": request timeout"
time="2026-08-10T12:19:09Z" level=warning msg="Request Failed" error="Post \"http://localhost:29010/management/v3/catalog/request\": request timeout"
time="2026-08-10T12:19:10Z" level=warning msg="Request Failed" error="Post \"http://localhost:29010/management/v3/catalog/request\": request timeout"
time="2026-08-10T12:19:10Z" level=warning msg="Request Failed" error="Post \"http://localhost:29010/management/v3/catalog/request\": request timeout"

running (08m11.9s), 385/600 VUs, 1003 complete and 0 interrupted iterations
saturation   [  78% ] 385/600 VUs  08m11.9s/10m30s  5.46 iters/s
time="2026-08-10T12:19:10Z" level=warning msg="Request Failed" error="Post \"http://localhost:29010/management/v3/catalog/request\": request timeout"
time="2026-08-10T12:19:10Z" level=warning msg="Request Failed" error="Post \"http://localhost:29010/management/v3/catalog/request\": request timeout"
time="2026-08-10T12:19:10Z" level=warning msg="Request Failed" error="Post \"http://localhost:29010/management/v3/catalog/request\": request timeout"
time="2026-08-10T12:19:11Z" level=warning msg="Request Failed" error="Post \"http://localhost:29010/management/v3/catalog/request\": request timeout"

running (08m12.9s), 384/600 VUs, 1010 complete and 0 interrupted iterations
saturation   [  78% ] 384/600 VUs  08m12.9s/10m30s  5.48 iters/s
time="2026-08-10T12:19:11Z" level=warning msg="Request Failed" error="Post \"http://localhost:29010/management/v3/catalog/request\": request timeout"
time="2026-08-10T12:19:11Z" level=warning msg="Request Failed" error="Post \"http://localhost:29010/management/v3/catalog/request\": request timeout"
time="2026-08-10T12:19:11Z" level=warning msg="Request Failed" error="Post \"http://localhost:29010/management/v3/catalog/request\": request timeout"
time="2026-08-10T12:19:11Z" level=warning msg="Request Failed" error="Post \"http://localhost:29010/management/v3/catalog/request\": request timeout"
time="2026-08-10T12:19:12Z" level=warning msg="Request Failed" error="Post \"http://localhost:29010/management/v3/catalog/request\": request timeout"

running (08m13.9s), 382/600 VUs, 1017 complete and 0 interrupted iterations
saturation   [  78% ] 382/600 VUs  08m13.9s/10m30s  5.49 iters/s
time="2026-08-10T12:19:12Z" level=warning msg="Request Failed" error="Post \"http://localhost:29010/management/v3/catalog/request\": request timeout"
time="2026-08-10T12:19:12Z" level=warning msg="Request Failed" error="Post \"http://localhost:29010/management/v3/catalog/request\": request timeout"
time="2026-08-10T12:19:12Z" level=warning msg="Request Failed" error="Post \"http://localhost:29010/management/v3/catalog/request\": request timeout"
time="2026-08-10T12:19:12Z" level=warning msg="Request Failed" error="Post \"http://localhost:29010/management/v3/catalog/request\": request timeout"
time="2026-08-10T12:19:13Z" level=warning msg="Request Failed" error="Post \"http://localhost:29010/management/v3/catalog/request\": request timeout"

running (08m14.9s), 379/600 VUs, 1026 complete and 0 interrupted iterations
saturation   [  79% ] 379/600 VUs  08m14.9s/10m30s  5.50 iters/s
time="2026-08-10T12:19:13Z" level=warning msg="Request Failed" error="Post \"http://localhost:29010/management/v3/catalog/request\": request timeout"
time="2026-08-10T12:19:13Z" level=warning msg="Request Failed" error="Post \"http://localhost:29010/management/v3/catalog/request\": request timeout"
time="2026-08-10T12:19:13Z" level=warning msg="Request Failed" error="Post \"http://localhost:29010/management/v3/catalog/request\": request timeout"
time="2026-08-10T12:19:14Z" level=warning msg="Request Failed" error="Post \"http://localhost:29010/management/v3/catalog/request\": request timeout"
time="2026-08-10T12:19:14Z" level=warning msg="Request Failed" error="Post \"http://localhost:29010/management/v3/catalog/request\": request timeout"

running (08m15.9s), 377/600 VUs, 1033 complete and 0 interrupted iterations
saturation   [  79% ] 377/600 VUs  08m15.9s/10m30s  5.51 iters/s
time="2026-08-10T12:19:14Z" level=warning msg="Request Failed" error="Post \"http://localhost:29010/management/v3/catalog/request\": request timeout"
time="2026-08-10T12:19:14Z" level=warning msg="Request Failed" error="Post \"http://localhost:29010/management/v3/catalog/request\": request timeout"
time="2026-08-10T12:19:14Z" level=warning msg="Request Failed" error="Post \"http://localhost:29010/management/v3/catalog/request\": request timeout"
time="2026-08-10T12:19:15Z" level=warning msg="Request Failed" error="Post \"http://localhost:29010/management/v3/catalog/request\": request timeout"
time="2026-08-10T12:19:15Z" level=warning msg="Request Failed" error="Post \"http://localhost:29010/management/v3/catalog/request\": request timeout"

running (08m16.9s), 375/600 VUs, 1041 complete and 0 interrupted iterations
saturation   [  79% ] 375/600 VUs  08m16.9s/10m30s  5.52 iters/s
time="2026-08-10T12:19:15Z" level=warning msg="Request Failed" error="Post \"http://localhost:29010/management/v3/catalog/request\": request timeout"
time="2026-08-10T12:19:15Z" level=warning msg="Request Failed" error="Post \"http://localhost:29010/management/v3/catalog/request\": request timeout"
time="2026-08-10T12:19:15Z" level=warning msg="Request Failed" error="Post \"http://localhost:29010/management/v3/catalog/request\": request timeout"
time="2026-08-10T12:19:16Z" level=warning msg="Request Failed" error="Post \"http://localhost:29010/management/v3/catalog/request\": request timeout"
time="2026-08-10T12:19:16Z" level=warning msg="Request Failed" error="Post \"http://localhost:29010/management/v3/catalog/request\": request timeout"

running (08m17.9s), 371/600 VUs, 1050 complete and 0 interrupted iterations
saturation   [  79% ] 371/600 VUs  08m17.9s/10m30s  5.53 iters/s
time="2026-08-10T12:19:16Z" level=warning msg="Request Failed" error="Post \"http://localhost:29010/management/v3/catalog/request\": request timeout"
time="2026-08-10T12:19:16Z" level=warning msg="Request Failed" error="Post \"http://localhost:29010/management/v3/catalog/request\": request timeout"
time="2026-08-10T12:19:16Z" level=warning msg="Request Failed" error="Post \"http://localhost:29010/management/v3/catalog/request\": request timeout"
time="2026-08-10T12:19:17Z" level=warning msg="Request Failed" error="Post \"http://localhost:29010/management/v3/catalog/request\": request timeout"

running (08m18.9s), 370/600 VUs, 1057 complete and 0 interrupted iterations
saturation   [  79% ] 370/600 VUs  08m18.9s/10m30s  5.54 iters/s
time="2026-08-10T12:19:17Z" level=warning msg="Request Failed" error="Post \"http://localhost:29010/management/v3/catalog/request\": request timeout"
time="2026-08-10T12:19:17Z" level=warning msg="Request Failed" error="Post \"http://localhost:29010/management/v3/catalog/request\": request timeout"
time="2026-08-10T12:19:17Z" level=warning msg="Request Failed" error="Post \"http://localhost:29010/management/v3/catalog/request\": request timeout"
time="2026-08-10T12:19:17Z" level=warning msg="Request Failed" error="Post \"http://localhost:29010/management/v3/catalog/request\": request timeout"
time="2026-08-10T12:19:18Z" level=warning msg="Request Failed" error="Post \"http://localhost:29010/management/v3/catalog/request\": request timeout"

running (08m19.9s), 371/600 VUs, 1062 complete and 0 interrupted iterations
saturation   [  79% ] 371/600 VUs  08m19.9s/10m30s  5.55 iters/s
time="2026-08-10T12:19:18Z" level=warning msg="Request Failed" error="Post \"http://localhost:29010/management/v3/catalog/request\": request timeout"
time="2026-08-10T12:19:18Z" level=warning msg="Request Failed" error="Post \"http://localhost:29010/management/v3/catalog/request\": request timeout"
time="2026-08-10T12:19:18Z" level=warning msg="Request Failed" error="Post \"http://localhost:29010/management/v3/catalog/request\": request timeout"
time="2026-08-10T12:19:18Z" level=warning msg="Request Failed" error="Post \"http://localhost:29010/management/v3/catalog/request\": request timeout"
time="2026-08-10T12:19:19Z" level=warning msg="Request Failed" error="Post \"http://localhost:29010/management/v3/catalog/request\": request timeout"

running (08m20.9s), 366/600 VUs, 1072 complete and 0 interrupted iterations
saturation   [  80% ] 366/600 VUs  08m20.9s/10m30s  5.56 iters/s
time="2026-08-10T12:19:19Z" level=warning msg="Request Failed" error="Post \"http://localhost:29010/management/v3/catalog/request\": request timeout"
time="2026-08-10T12:19:19Z" level=warning msg="Request Failed" error="Post \"http://localhost:29010/management/v3/catalog/request\": request timeout"
time="2026-08-10T12:19:19Z" level=warning msg="Request Failed" error="Post \"http://localhost:29010/management/v3/catalog/request\": request timeout"
time="2026-08-10T12:19:19Z" level=warning msg="Request Failed" error="Post \"http://localhost:29010/management/v3/catalog/request\": request timeout"
time="2026-08-10T12:19:20Z" level=warning msg="Request Failed" error="Post \"http://localhost:29010/management/v3/catalog/request\": request timeout"

running (08m21.9s), 364/600 VUs, 1080 complete and 0 interrupted iterations
saturation   [  80% ] 364/600 VUs  08m21.9s/10m30s  5.58 iters/s
time="2026-08-10T12:19:20Z" level=warning msg="Request Failed" error="Post \"http://localhost:29010/management/v3/catalog/request\": request timeout"
time="2026-08-10T12:19:20Z" level=warning msg="Request Failed" error="Post \"http://localhost:29010/management/v3/catalog/request\": request timeout"
time="2026-08-10T12:19:20Z" level=warning msg="Request Failed" error="Post \"http://localhost:29010/management/v3/catalog/request\": request timeout"
time="2026-08-10T12:19:20Z" level=warning msg="Request Failed" error="Post \"http://localhost:29010/management/v3/catalog/request\": request timeout"
time="2026-08-10T12:19:21Z" level=warning msg="Request Failed" error="Post \"http://localhost:29010/management/v3/catalog/request\": request timeout"

running (08m22.9s), 363/600 VUs, 1086 complete and 0 interrupted iterations
saturation   [  80% ] 363/600 VUs  08m22.9s/10m30s  5.59 iters/s
time="2026-08-10T12:19:21Z" level=warning msg="Request Failed" error="Post \"http://localhost:29010/management/v3/catalog/request\": request timeout"
time="2026-08-10T12:19:21Z" level=warning msg="Request Failed" error="Post \"http://localhost:29010/management/v3/catalog/request\": request timeout"
time="2026-08-10T12:19:21Z" level=warning msg="Request Failed" error="Post \"http://localhost:29010/management/v3/catalog/request\": request timeout"
time="2026-08-10T12:19:22Z" level=warning msg="Request Failed" error="Post \"http://localhost:29010/management/v3/catalog/request\": request timeout"
time="2026-08-10T12:19:22Z" level=warning msg="Request Failed" error="Post \"http://localhost:29010/management/v3/catalog/request\": request timeout"

running (08m23.9s), 359/600 VUs, 1096 complete and 0 interrupted iterations
saturation   [  80% ] 359/600 VUs  08m23.9s/10m30s  5.60 iters/s
time="2026-08-10T12:19:22Z" level=warning msg="Request Failed" error="Post \"http://localhost:29010/management/v3/catalog/request\": request timeout"
time="2026-08-10T12:19:22Z" level=warning msg="Request Failed" error="Post \"http://localhost:29010/management/v3/catalog/request\": request timeout"
time="2026-08-10T12:19:22Z" level=warning msg="Request Failed" error="Post \"http://localhost:29010/management/v3/catalog/request\": request timeout"
time="2026-08-10T12:19:23Z" level=warning msg="Request Failed" error="Post \"http://localhost:29010/management/v3/catalog/request\": request timeout"
time="2026-08-10T12:19:23Z" level=warning msg="Request Failed" error="Post \"http://localhost:29010/management/v3/catalog/request\": request timeout"

running (08m24.9s), 357/600 VUs, 1103 complete and 0 interrupted iterations
saturation   [  80% ] 357/600 VUs  08m24.9s/10m30s  5.61 iters/s
time="2026-08-10T12:19:23Z" level=warning msg="Request Failed" error="Post \"http://localhost:29010/management/v3/catalog/request\": request timeout"
time="2026-08-10T12:19:23Z" level=warning msg="Request Failed" error="Post \"http://localhost:29010/management/v3/catalog/request\": request timeout"
time="2026-08-10T12:19:23Z" level=warning msg="Request Failed" error="Post \"http://localhost:29010/management/v3/catalog/request\": request timeout"
time="2026-08-10T12:19:24Z" level=warning msg="Request Failed" error="Post \"http://localhost:29010/management/v3/catalog/request\": request timeout"
time="2026-08-10T12:19:24Z" level=warning msg="Request Failed" error="Post \"http://localhost:29010/management/v3/catalog/request\": request timeout"

running (08m25.9s), 355/600 VUs, 1111 complete and 0 interrupted iterations
saturation   [  80% ] 355/600 VUs  08m25.9s/10m30s  5.62 iters/s
time="2026-08-10T12:19:24Z" level=warning msg="Request Failed" error="Post \"http://localhost:29010/management/v3/catalog/request\": request timeout"
time="2026-08-10T12:19:24Z" level=warning msg="Request Failed" error="Post \"http://localhost:29010/management/v3/catalog/request\": request timeout"
time="2026-08-10T12:19:24Z" level=warning msg="Request Failed" error="Post \"http://localhost:29010/management/v3/catalog/request\": request timeout"
time="2026-08-10T12:19:25Z" level=warning msg="Request Failed" error="Post \"http://localhost:29010/management/v3/catalog/request\": request timeout"
time="2026-08-10T12:19:25Z" level=warning msg="Request Failed" error="Post \"http://localhost:29010/management/v3/catalog/request\": request timeout"

running (08m26.9s), 352/600 VUs, 1120 complete and 0 interrupted iterations
saturation   [  80% ] 352/600 VUs  08m26.9s/10m30s  5.63 iters/s
time="2026-08-10T12:19:25Z" level=warning msg="Request Failed" error="Post \"http://localhost:29010/management/v3/catalog/request\": request timeout"
time="2026-08-10T12:19:25Z" level=warning msg="Request Failed" error="Post \"http://localhost:29010/management/v3/catalog/request\": request timeout"
time="2026-08-10T12:19:25Z" level=warning msg="Request Failed" error="Post \"http://localhost:29010/management/v3/catalog/request\": request timeout"
time="2026-08-10T12:19:26Z" level=warning msg="Request Failed" error="Post \"http://localhost:29010/management/v3/catalog/request\": request timeout"
time="2026-08-10T12:19:26Z" level=warning msg="Request Failed" error="Post \"http://localhost:29010/management/v3/catalog/request\": request timeout"

running (08m27.9s), 350/600 VUs, 1127 complete and 0 interrupted iterations
saturation   [  81% ] 350/600 VUs  08m27.9s/10m30s  5.64 iters/s
time="2026-08-10T12:19:26Z" level=warning msg="Request Failed" error="Post \"http://localhost:29010/management/v3/catalog/request\": request timeout"
time="2026-08-10T12:19:26Z" level=warning msg="Request Failed" error="Post \"http://localhost:29010/management/v3/catalog/request\": request timeout"
time="2026-08-10T12:19:26Z" level=warning msg="Request Failed" error="Post \"http://localhost:29010/management/v3/catalog/request\": request timeout"
time="2026-08-10T12:19:27Z" level=warning msg="Request Failed" error="Post \"http://localhost:29010/management/v3/catalog/request\": request timeout"
time="2026-08-10T12:19:27Z" level=warning msg="Request Failed" error="Post \"http://localhost:29010/management/v3/catalog/request\": request timeout"

running (08m28.9s), 348/600 VUs, 1135 complete and 0 interrupted iterations
saturation   [  81% ] 348/600 VUs  08m28.9s/10m30s  5.65 iters/s
time="2026-08-10T12:19:27Z" level=warning msg="Request Failed" error="Post \"http://localhost:29010/management/v3/catalog/request\": request timeout"
time="2026-08-10T12:19:27Z" level=warning msg="Request Failed" error="Post \"http://localhost:29010/management/v3/catalog/request\": request timeout"
time="2026-08-10T12:19:27Z" level=warning msg="Request Failed" error="Post \"http://localhost:29010/management/v3/catalog/request\": request timeout"
time="2026-08-10T12:19:28Z" level=warning msg="Request Failed" error="Post \"http://localhost:29010/management/v3/catalog/request\": request timeout"
time="2026-08-10T12:19:28Z" level=warning msg="Request Failed" error="Post \"http://localhost:29010/management/v3/catalog/request\": request timeout"

running (08m29.9s), 347/600 VUs, 1142 complete and 0 interrupted iterations
saturation   [  81% ] 347/600 VUs  08m29.9s/10m30s  5.67 iters/s
time="2026-08-10T12:19:28Z" level=warning msg="Request Failed" error="Post \"http://localhost:29010/management/v3/catalog/request\": request timeout"
time="2026-08-10T12:19:28Z" level=warning msg="Request Failed" error="Post \"http://localhost:29010/management/v3/catalog/request\": request timeout"
time="2026-08-10T12:19:28Z" level=warning msg="Request Failed" error="Post \"http://localhost:29010/management/v3/catalog/request\": request timeout"
time="2026-08-10T12:19:29Z" level=warning msg="Request Failed" error="Post \"http://localhost:29010/management/v3/catalog/request\": request timeout"
time="2026-08-10T12:19:29Z" level=warning msg="Request Failed" error="Post \"http://localhost:29010/management/v3/catalog/request\": request timeout"

running (08m30.9s), 344/600 VUs, 1150 complete and 0 interrupted iterations
saturation   [  81% ] 344/600 VUs  08m30.9s/10m30s  5.68 iters/s
time="2026-08-10T12:19:29Z" level=warning msg="Request Failed" error="Post \"http://localhost:29010/management/v3/catalog/request\": request timeout"
time="2026-08-10T12:19:29Z" level=warning msg="Request Failed" error="Post \"http://localhost:29010/management/v3/catalog/request\": request timeout"
time="2026-08-10T12:19:29Z" level=warning msg="Request Failed" error="Post \"http://localhost:29010/management/v3/catalog/request\": request timeout"
time="2026-08-10T12:19:30Z" level=warning msg="Request Failed" error="Post \"http://localhost:29010/management/v3/catalog/request\": request timeout"
time="2026-08-10T12:19:30Z" level=warning msg="Request Failed" error="Post \"http://localhost:29010/management/v3/catalog/request\": request timeout"

running (08m31.9s), 341/600 VUs, 1159 complete and 0 interrupted iterations
saturation   [  81% ] 341/600 VUs  08m31.9s/10m30s  5.69 iters/s
time="2026-08-10T12:19:30Z" level=warning msg="Request Failed" error="Post \"http://localhost:29010/management/v3/catalog/request\": request timeout"
time="2026-08-10T12:19:30Z" level=warning msg="Request Failed" error="Post \"http://localhost:29010/management/v3/catalog/request\": request timeout"
time="2026-08-10T12:19:30Z" level=warning msg="Request Failed" error="Post \"http://localhost:29010/management/v3/catalog/request\": request timeout"
time="2026-08-10T12:19:31Z" level=warning msg="Request Failed" error="Post \"http://localhost:29010/management/v3/catalog/request\": request timeout"
time="2026-08-10T12:19:31Z" level=warning msg="Request Failed" error="Post \"http://localhost:29010/management/v3/catalog/request\": request timeout"

running (08m32.9s), 342/600 VUs, 1164 complete and 0 interrupted iterations
saturation   [  81% ] 342/600 VUs  08m32.9s/10m30s  5.70 iters/s
time="2026-08-10T12:19:31Z" level=warning msg="Request Failed" error="Post \"http://localhost:29010/management/v3/catalog/request\": request timeout"
time="2026-08-10T12:19:31Z" level=warning msg="Request Failed" error="Post \"http://localhost:29010/management/v3/catalog/request\": request timeout"
time="2026-08-10T12:19:31Z" level=warning msg="Request Failed" error="Post \"http://localhost:29010/management/v3/catalog/request\": request timeout"
time="2026-08-10T12:19:32Z" level=warning msg="Request Failed" error="Post \"http://localhost:29010/management/v3/catalog/request\": request timeout"
time="2026-08-10T12:19:32Z" level=warning msg="Request Failed" error="Post \"http://localhost:29010/management/v3/catalog/request\": request timeout"

running (08m33.9s), 337/600 VUs, 1174 complete and 0 interrupted iterations
saturation   [  82% ] 337/600 VUs  08m33.9s/10m30s  5.71 iters/s

================ DSP benchmark summary ================
-- per-phase latency --
  catalog                    p50=10838.5 ms  p95=60000.3 ms  p99=60000.8 ms  max=60001.1 ms  n=1189
  negotiation init (POST)    p50=42.8 ms  p95=98.2 ms  p99=149.1 ms  max=383.6 ms  n=1067
  time-to-AGREED (async)     p50=3613.0 ms  p95=20990.6 ms  p99=27918.3 ms  max=29159.0 ms  n=579
  transfer init (POST)       p50=47.3 ms  p95=106.2 ms  p99=139.1 ms  max=157.4 ms  n=579
  time-to-EDR (async)        p50=3041.0 ms  p95=17427.4 ms  p99=23248.9 ms  max=23532.0 ms  n=579
  data pull                  p50=25.6 ms  p95=44.4 ms  p99=46.5 ms  max=61.3 ms  n=579
-- end-to-end + throughput --
  e2e transaction            p50=7729.0 ms  p95=44926.0 ms  p99=58832.8 ms  max=61864.0 ms  n=579
  data throughput (MB/s)     p50=0.2  p95=0.2  p99=0.2  max=0.2  n=579
-- outcomes --
  transactions succeeded     count=579  rate=1.127/s
  transactions failed        count=595  rate=1.158/s
  failed rate                rate=50.68%  (pass=595 fail=579)
    of which TERMINATED      (no data)
    of which TIMED OUT       count=473  rate=0.920/s
    of which HTTP-FAILED     count=122  rate=0.237/s
  failure accounting       595/595 classified  (complete)
-- observer effect (poll load) --
  negotiation polls          count=72708  rate=141.469/s
  edr polls                  count=12617  rate=24.549/s
  polls per transaction     negotiation=61.9  edr=10.7  (timeout ceiling=120)
=======================================================
(full summary -> /home/rohitj/edc/benchmarking-factoryx-edc/resources/local-fx-mvd/k6-scripts/results/factoryx/on/saturation-open/2026-08-10T12-09-33Z/k6-summary.json; POLL_INTERVAL_MS=250; IDENTITY_MODE=on)

running (08m34.0s), 000/600 VUs, 1174 complete and 337 interrupted iterations
saturation ✗ [  82% ] 170/600 VUs  08m33.9s/10m30s  5.71 iters/s
time="2026-08-10T12:19:32Z" level=error msg="thresholds on metrics 'dsp_transaction_failed_rate' were crossed; at least one has abortOnFail enabled, stopping test prematurely"
Prometheus snapshot [1786363858..1786364387] svc=(provider-controlplane|provider-dataplane|consumer-controlplane|consumer-dataplane) win=1m -> /home/rohitj/edc/benchmarking-factoryx-edc/resources/local-fx-mvd/k6-scripts/results/factoryx/on/saturation-open/2026-08-10T12-09-33Z
  jvm-heap.csv (424 rows)
  jvm-gc-rate.csv (424 rows)
  jvm-threads.csv (424 rows)
  http-throughput.csv (424 rows)
  http-p95.csv (424 rows)
  http-errors.csv (212 rows)
  http-errors-5xx.csv (0 rows)
  http-status.csv (212 rows)
  host-cpu-busy.csv (106 rows)
  host-mem-used.csv (106 rows)
  5xx: no 5xx in window (confirmed: http-status has 212 samples, so the status label IS scraped)
  logs -> /home/rohitj/edc/benchmarking-factoryx-edc/resources/local-fx-mvd/k6-scripts/results/factoryx/on/saturation-open/2026-08-10T12-09-33Z/logs (4 files)
    consumer-controlplane.log:1397
    consumer-dataplane.log:0
    provider-controlplane.log:0
    provider-dataplane.log:0
Settling 60s (this run stressed the connector; the next one must not inherit its backlog)
VALIDITY  ok=579  failed=595  failed_rate=50%  dropped_iterations=0  <-- >5% FAILURES: past the knee, not a valid operating point
>>> done: /home/rohitj/edc/benchmarking-factoryx-edc/resources/local-fx-mvd/k6-scripts/results/factoryx/on/saturation-open/2026-08-10T12-09-33Z  (k6 exit 99)
  (saturation-open rep 1 exited non-zero)
===== repetition 2/3 =====
----- factoryx / saturation-open (rep 2) -----
>>> factoryx / saturation-open  ->  /home/rohitj/edc/benchmarking-factoryx-edc/resources/local-fx-mvd/k6-scripts/results/factoryx/on/saturation-open/2026-08-10T12-20-48Z
parity OK: lib/ + scenarios/ + orchestration/ + tools/ identical to /home/rohitj/edc/benchmarking-factoryx-edc/resources/local-fx-mvd/k6-scripts
Health: http://localhost:29010/management + prometheus  OK
Warmup 60s @ 1/s (discarded)
  (warmup non-zero exit ignored)
  draining 20s before the measured window opens
k6 -> Prometheus remote-write: http://localhost:9090/api/v1/write

         /\      Grafana   /‾‾/  
    /\  /  \     |\  __   /  /   
   /  \/    \    | |/ /  /   ‾‾\ 
  /          \   |   (  |  (‾)  |
 / __________ \  |_|\_\  \_____/ 


     execution: local
        script: /home/rohitj/edc/benchmarking-factoryx-edc/resources/local-fx-mvd/k6-scripts/scenarios/saturation-open.js
        output: Prometheus remote write (http://localhost:9090/api/v1/write)

     scenarios: (100.00%) 1 scenario, 800 max VUs, 11m0s max duration (incl. graceful stop):
              * saturation: Up to 6.00 iterations/s for 10m30s over 7 stages (maxVUs: 600-800, gracefulStop: 30s)


running (00m00.9s), 000/600 VUs, 0 complete and 0 interrupted iterations
saturation   [   0% ] 000/600 VUs  00m00.9s/10m30s  1.00 iters/s

running (00m01.9s), 001/600 VUs, 0 complete and 0 interrupted iterations
saturation   [   0% ] 001/600 VUs  00m01.9s/10m30s  1.00 iters/s

running (00m02.9s), 002/600 VUs, 0 complete and 0 interrupted iterations
saturation   [   0% ] 002/600 VUs  00m02.9s/10m30s  1.00 iters/s

running (00m03.9s), 003/600 VUs, 0 complete and 0 interrupted iterations
saturation   [   1% ] 003/600 VUs  00m03.9s/10m30s  1.00 iters/s

running (00m04.9s), 004/600 VUs, 0 complete and 0 interrupted iterations
saturation   [   1% ] 004/600 VUs  00m04.9s/10m30s  1.00 iters/s

running (00m05.9s), 005/600 VUs, 0 complete and 0 interrupted iterations
saturation   [   1% ] 005/600 VUs  00m05.9s/10m30s  1.00 iters/s

running (00m06.9s), 005/600 VUs, 1 complete and 0 interrupted iterations
saturation   [   1% ] 005/600 VUs  00m06.9s/10m30s  1.00 iters/s

running (00m07.9s), 005/600 VUs, 2 complete and 0 interrupted iterations
saturation   [   1% ] 005/600 VUs  00m07.9s/10m30s  1.00 iters/s

running (00m08.9s), 005/600 VUs, 3 complete and 0 interrupted iterations
saturation   [   1% ] 005/600 VUs  00m08.9s/10m30s  1.00 iters/s

running (00m09.9s), 005/600 VUs, 4 complete and 0 interrupted iterations
saturation   [   2% ] 005/600 VUs  00m09.9s/10m30s  1.00 iters/s

running (00m10.9s), 005/600 VUs, 5 complete and 0 interrupted iterations
saturation   [   2% ] 005/600 VUs  00m10.9s/10m30s  1.00 iters/s

running (00m11.9s), 006/600 VUs, 5 complete and 0 interrupted iterations
saturation   [   2% ] 006/600 VUs  00m11.9s/10m30s  1.00 iters/s

running (00m12.9s), 005/600 VUs, 7 complete and 0 interrupted iterations
saturation   [   2% ] 005/600 VUs  00m12.9s/10m30s  1.00 iters/s

running (00m13.9s), 005/600 VUs, 8 complete and 0 interrupted iterations
saturation   [   2% ] 005/600 VUs  00m13.9s/10m30s  1.00 iters/s

running (00m14.9s), 005/600 VUs, 9 complete and 0 interrupted iterations
saturation   [   2% ] 005/600 VUs  00m14.9s/10m30s  1.00 iters/s

running (00m15.9s), 006/600 VUs, 9 complete and 0 interrupted iterations
saturation   [   3% ] 006/600 VUs  00m15.9s/10m30s  1.00 iters/s

running (00m16.9s), 004/600 VUs, 12 complete and 0 interrupted iterations
saturation   [   3% ] 004/600 VUs  00m16.9s/10m30s  1.00 iters/s

running (00m17.9s), 005/600 VUs, 12 complete and 0 interrupted iterations
saturation   [   3% ] 005/600 VUs  00m17.9s/10m30s  1.00 iters/s

running (00m18.9s), 005/600 VUs, 13 complete and 0 interrupted iterations
saturation   [   3% ] 005/600 VUs  00m18.9s/10m30s  1.00 iters/s

running (00m19.9s), 005/600 VUs, 14 complete and 0 interrupted iterations
saturation   [   3% ] 005/600 VUs  00m19.9s/10m30s  1.00 iters/s

running (00m20.9s), 006/600 VUs, 14 complete and 0 interrupted iterations
saturation   [   3% ] 006/600 VUs  00m20.9s/10m30s  1.00 iters/s

running (00m21.9s), 006/600 VUs, 15 complete and 0 interrupted iterations
saturation   [   3% ] 006/600 VUs  00m21.9s/10m30s  1.00 iters/s

running (00m22.9s), 007/600 VUs, 15 complete and 0 interrupted iterations
saturation   [   4% ] 007/600 VUs  00m22.9s/10m30s  1.00 iters/s

running (00m23.9s), 005/600 VUs, 18 complete and 0 interrupted iterations
saturation   [   4% ] 005/600 VUs  00m23.9s/10m30s  1.00 iters/s

running (00m24.9s), 005/600 VUs, 19 complete and 0 interrupted iterations
saturation   [   4% ] 005/600 VUs  00m24.9s/10m30s  1.00 iters/s

running (00m25.9s), 005/600 VUs, 20 complete and 0 interrupted iterations
saturation   [   4% ] 005/600 VUs  00m25.9s/10m30s  1.00 iters/s

running (00m26.9s), 006/600 VUs, 20 complete and 0 interrupted iterations
saturation   [   4% ] 006/600 VUs  00m26.9s/10m30s  1.00 iters/s

running (00m27.9s), 005/600 VUs, 22 complete and 0 interrupted iterations
saturation   [   4% ] 005/600 VUs  00m27.9s/10m30s  1.00 iters/s

running (00m28.9s), 005/600 VUs, 23 complete and 0 interrupted iterations
saturation   [   5% ] 005/600 VUs  00m28.9s/10m30s  1.00 iters/s

running (00m29.9s), 005/600 VUs, 24 complete and 0 interrupted iterations
saturation   [   5% ] 005/600 VUs  00m29.9s/10m30s  1.00 iters/s

running (00m30.9s), 005/600 VUs, 25 complete and 0 interrupted iterations
saturation   [   5% ] 005/600 VUs  00m30.9s/10m30s  1.00 iters/s

running (00m31.9s), 006/600 VUs, 25 complete and 0 interrupted iterations
saturation   [   5% ] 006/600 VUs  00m31.9s/10m30s  1.00 iters/s

running (00m32.9s), 006/600 VUs, 26 complete and 0 interrupted iterations
saturation   [   5% ] 006/600 VUs  00m32.9s/10m30s  1.00 iters/s

running (00m33.9s), 005/600 VUs, 28 complete and 0 interrupted iterations
saturation   [   5% ] 005/600 VUs  00m33.9s/10m30s  1.00 iters/s

running (00m34.9s), 005/600 VUs, 29 complete and 0 interrupted iterations
saturation   [   6% ] 005/600 VUs  00m34.9s/10m30s  1.00 iters/s

running (00m35.9s), 006/600 VUs, 29 complete and 0 interrupted iterations
saturation   [   6% ] 006/600 VUs  00m35.9s/10m30s  1.00 iters/s

running (00m36.9s), 005/600 VUs, 31 complete and 0 interrupted iterations
saturation   [   6% ] 005/600 VUs  00m36.9s/10m30s  1.00 iters/s

running (00m37.9s), 005/600 VUs, 32 complete and 0 interrupted iterations
saturation   [   6% ] 005/600 VUs  00m37.9s/10m30s  1.00 iters/s

running (00m38.9s), 005/600 VUs, 33 complete and 0 interrupted iterations
saturation   [   6% ] 005/600 VUs  00m38.9s/10m30s  1.00 iters/s

running (00m39.9s), 006/600 VUs, 33 complete and 0 interrupted iterations
saturation   [   6% ] 006/600 VUs  00m39.9s/10m30s  1.00 iters/s

running (00m40.9s), 006/600 VUs, 34 complete and 0 interrupted iterations
saturation   [   6% ] 006/600 VUs  00m40.9s/10m30s  1.00 iters/s

running (00m41.9s), 006/600 VUs, 35 complete and 0 interrupted iterations
saturation   [   7% ] 006/600 VUs  00m41.9s/10m30s  1.00 iters/s

running (00m42.9s), 007/600 VUs, 35 complete and 0 interrupted iterations
saturation   [   7% ] 007/600 VUs  00m42.9s/10m30s  1.00 iters/s

running (00m43.9s), 005/600 VUs, 38 complete and 0 interrupted iterations
saturation   [   7% ] 005/600 VUs  00m43.9s/10m30s  1.00 iters/s

running (00m44.9s), 006/600 VUs, 38 complete and 0 interrupted iterations
saturation   [   7% ] 006/600 VUs  00m44.9s/10m30s  1.00 iters/s

running (00m45.9s), 006/600 VUs, 39 complete and 0 interrupted iterations
saturation   [   7% ] 006/600 VUs  00m45.9s/10m30s  1.00 iters/s

running (00m46.9s), 005/600 VUs, 41 complete and 0 interrupted iterations
saturation   [   7% ] 005/600 VUs  00m46.9s/10m30s  1.00 iters/s

running (00m47.9s), 005/600 VUs, 42 complete and 0 interrupted iterations
saturation   [   8% ] 005/600 VUs  00m47.9s/10m30s  1.00 iters/s

running (00m48.9s), 006/600 VUs, 42 complete and 0 interrupted iterations
saturation   [   8% ] 006/600 VUs  00m48.9s/10m30s  1.00 iters/s

running (00m49.9s), 006/600 VUs, 43 complete and 0 interrupted iterations
saturation   [   8% ] 006/600 VUs  00m49.9s/10m30s  1.00 iters/s

running (00m50.9s), 006/600 VUs, 44 complete and 0 interrupted iterations
saturation   [   8% ] 006/600 VUs  00m50.9s/10m30s  1.00 iters/s

running (00m51.9s), 007/600 VUs, 44 complete and 0 interrupted iterations
saturation   [   8% ] 007/600 VUs  00m51.9s/10m30s  1.00 iters/s

running (00m52.9s), 004/600 VUs, 48 complete and 0 interrupted iterations
saturation   [   8% ] 004/600 VUs  00m52.9s/10m30s  1.00 iters/s

running (00m53.9s), 005/600 VUs, 48 complete and 0 interrupted iterations
saturation   [   9% ] 005/600 VUs  00m53.9s/10m30s  1.00 iters/s

running (00m54.9s), 005/600 VUs, 49 complete and 0 interrupted iterations
saturation   [   9% ] 005/600 VUs  00m54.9s/10m30s  1.00 iters/s

running (00m55.9s), 005/600 VUs, 50 complete and 0 interrupted iterations
saturation   [   9% ] 005/600 VUs  00m55.9s/10m30s  1.00 iters/s

running (00m56.9s), 006/600 VUs, 50 complete and 0 interrupted iterations
saturation   [   9% ] 006/600 VUs  00m56.9s/10m30s  1.00 iters/s

running (00m57.9s), 006/600 VUs, 51 complete and 0 interrupted iterations
saturation   [   9% ] 006/600 VUs  00m57.9s/10m30s  1.00 iters/s

running (00m58.9s), 005/600 VUs, 53 complete and 0 interrupted iterations
saturation   [   9% ] 005/600 VUs  00m58.9s/10m30s  1.00 iters/s

running (00m59.9s), 005/600 VUs, 54 complete and 0 interrupted iterations
saturation   [  10% ] 005/600 VUs  00m59.9s/10m30s  1.00 iters/s

running (01m00.9s), 005/600 VUs, 55 complete and 0 interrupted iterations
saturation   [  10% ] 005/600 VUs  01m00.9s/10m30s  1.00 iters/s

running (01m01.9s), 005/600 VUs, 56 complete and 0 interrupted iterations
saturation   [  10% ] 005/600 VUs  01m01.9s/10m30s  1.00 iters/s

running (01m02.9s), 006/600 VUs, 56 complete and 0 interrupted iterations
saturation   [  10% ] 006/600 VUs  01m02.9s/10m30s  1.00 iters/s

running (01m03.9s), 006/600 VUs, 57 complete and 0 interrupted iterations
saturation   [  10% ] 006/600 VUs  01m03.9s/10m30s  1.00 iters/s

running (01m04.9s), 004/600 VUs, 60 complete and 0 interrupted iterations
saturation   [  10% ] 004/600 VUs  01m04.9s/10m30s  1.00 iters/s

running (01m05.9s), 005/600 VUs, 60 complete and 0 interrupted iterations
saturation   [  10% ] 005/600 VUs  01m05.9s/10m30s  1.00 iters/s

running (01m06.9s), 006/600 VUs, 60 complete and 0 interrupted iterations
saturation   [  11% ] 006/600 VUs  01m06.9s/10m30s  1.00 iters/s

running (01m07.9s), 005/600 VUs, 62 complete and 0 interrupted iterations
saturation   [  11% ] 005/600 VUs  01m07.9s/10m30s  1.00 iters/s

running (01m08.9s), 004/600 VUs, 64 complete and 0 interrupted iterations
saturation   [  11% ] 004/600 VUs  01m08.9s/10m30s  1.00 iters/s

running (01m09.9s), 005/600 VUs, 64 complete and 0 interrupted iterations
saturation   [  11% ] 005/600 VUs  01m09.9s/10m30s  1.00 iters/s

running (01m10.9s), 005/600 VUs, 65 complete and 0 interrupted iterations
saturation   [  11% ] 005/600 VUs  01m10.9s/10m30s  1.00 iters/s

running (01m11.9s), 005/600 VUs, 66 complete and 0 interrupted iterations
saturation   [  11% ] 005/600 VUs  01m11.9s/10m30s  1.00 iters/s

running (01m12.9s), 006/600 VUs, 66 complete and 0 interrupted iterations
saturation   [  12% ] 006/600 VUs  01m12.9s/10m30s  1.00 iters/s

running (01m13.9s), 004/600 VUs, 69 complete and 0 interrupted iterations
saturation   [  12% ] 004/600 VUs  01m13.9s/10m30s  1.00 iters/s

running (01m14.9s), 004/600 VUs, 70 complete and 0 interrupted iterations
saturation   [  12% ] 004/600 VUs  01m14.9s/10m30s  1.00 iters/s

running (01m15.9s), 005/600 VUs, 70 complete and 0 interrupted iterations
saturation   [  12% ] 005/600 VUs  01m15.9s/10m30s  1.00 iters/s

running (01m16.9s), 005/600 VUs, 71 complete and 0 interrupted iterations
saturation   [  12% ] 005/600 VUs  01m16.9s/10m30s  1.00 iters/s

running (01m17.9s), 005/600 VUs, 72 complete and 0 interrupted iterations
saturation   [  12% ] 005/600 VUs  01m17.9s/10m30s  1.00 iters/s

running (01m18.9s), 005/600 VUs, 73 complete and 0 interrupted iterations
saturation   [  13% ] 005/600 VUs  01m18.9s/10m30s  1.00 iters/s

running (01m19.9s), 006/600 VUs, 73 complete and 0 interrupted iterations
saturation   [  13% ] 006/600 VUs  01m19.9s/10m30s  1.00 iters/s

running (01m20.9s), 005/600 VUs, 75 complete and 0 interrupted iterations
saturation   [  13% ] 005/600 VUs  01m20.9s/10m30s  1.00 iters/s

running (01m21.9s), 005/600 VUs, 76 complete and 0 interrupted iterations
saturation   [  13% ] 005/600 VUs  01m21.9s/10m30s  1.00 iters/s

running (01m22.9s), 005/600 VUs, 77 complete and 0 interrupted iterations
saturation   [  13% ] 005/600 VUs  01m22.9s/10m30s  1.00 iters/s

running (01m23.9s), 005/600 VUs, 78 complete and 0 interrupted iterations
saturation   [  13% ] 005/600 VUs  01m23.9s/10m30s  1.00 iters/s

running (01m24.9s), 006/600 VUs, 78 complete and 0 interrupted iterations
saturation   [  13% ] 006/600 VUs  01m24.9s/10m30s  1.00 iters/s

running (01m25.9s), 005/600 VUs, 80 complete and 0 interrupted iterations
saturation   [  14% ] 005/600 VUs  01m25.9s/10m30s  1.00 iters/s

running (01m26.9s), 005/600 VUs, 81 complete and 0 interrupted iterations
saturation   [  14% ] 005/600 VUs  01m26.9s/10m30s  1.00 iters/s

running (01m27.9s), 005/600 VUs, 82 complete and 0 interrupted iterations
saturation   [  14% ] 005/600 VUs  01m27.9s/10m30s  1.00 iters/s

running (01m28.9s), 005/600 VUs, 83 complete and 0 interrupted iterations
saturation   [  14% ] 005/600 VUs  01m28.9s/10m30s  1.00 iters/s

running (01m29.9s), 005/600 VUs, 84 complete and 0 interrupted iterations
saturation   [  14% ] 005/600 VUs  01m29.9s/10m30s  1.00 iters/s

running (01m30.9s), 006/600 VUs, 84 complete and 0 interrupted iterations
saturation   [  14% ] 006/600 VUs  01m30.9s/10m30s  1.01 iters/s

running (01m31.9s), 005/600 VUs, 86 complete and 0 interrupted iterations
saturation   [  15% ] 005/600 VUs  01m31.9s/10m30s  1.02 iters/s

running (01m32.9s), 005/600 VUs, 87 complete and 0 interrupted iterations
saturation   [  15% ] 005/600 VUs  01m32.9s/10m30s  1.03 iters/s

running (01m33.9s), 005/600 VUs, 88 complete and 0 interrupted iterations
saturation   [  15% ] 005/600 VUs  01m33.9s/10m30s  1.04 iters/s

running (01m34.9s), 006/600 VUs, 88 complete and 0 interrupted iterations
saturation   [  15% ] 006/600 VUs  01m34.9s/10m30s  1.05 iters/s

running (01m35.9s), 005/600 VUs, 91 complete and 0 interrupted iterations
saturation   [  15% ] 005/600 VUs  01m35.9s/10m30s  1.07 iters/s

running (01m36.9s), 006/600 VUs, 91 complete and 0 interrupted iterations
saturation   [  15% ] 006/600 VUs  01m36.9s/10m30s  1.08 iters/s

running (01m37.9s), 006/600 VUs, 92 complete and 0 interrupted iterations
saturation   [  16% ] 006/600 VUs  01m37.9s/10m30s  1.09 iters/s

running (01m38.9s), 007/600 VUs, 92 complete and 0 interrupted iterations
saturation   [  16% ] 007/600 VUs  01m38.9s/10m30s  1.10 iters/s

running (01m39.9s), 007/600 VUs, 93 complete and 0 interrupted iterations
saturation   [  16% ] 007/600 VUs  01m39.9s/10m30s  1.11 iters/s

running (01m40.9s), 008/600 VUs, 93 complete and 0 interrupted iterations
saturation   [  16% ] 008/600 VUs  01m40.9s/10m30s  1.12 iters/s

running (01m41.9s), 009/600 VUs, 93 complete and 0 interrupted iterations
saturation   [  16% ] 009/600 VUs  01m41.9s/10m30s  1.13 iters/s

running (01m42.9s), 006/600 VUs, 97 complete and 0 interrupted iterations
saturation   [  16% ] 006/600 VUs  01m42.9s/10m30s  1.14 iters/s

running (01m43.9s), 005/600 VUs, 99 complete and 0 interrupted iterations
saturation   [  16% ] 005/600 VUs  01m43.9s/10m30s  1.15 iters/s

running (01m44.9s), 006/600 VUs, 100 complete and 0 interrupted iterations
saturation   [  17% ] 006/600 VUs  01m44.9s/10m30s  1.17 iters/s

running (01m45.9s), 006/600 VUs, 101 complete and 0 interrupted iterations
saturation   [  17% ] 006/600 VUs  01m45.9s/10m30s  1.18 iters/s

running (01m46.9s), 005/600 VUs, 103 complete and 0 interrupted iterations
saturation   [  17% ] 005/600 VUs  01m46.9s/10m30s  1.19 iters/s

running (01m47.9s), 006/600 VUs, 103 complete and 0 interrupted iterations
saturation   [  17% ] 006/600 VUs  01m47.9s/10m30s  1.20 iters/s

running (01m48.9s), 006/600 VUs, 104 complete and 0 interrupted iterations
saturation   [  17% ] 006/600 VUs  01m48.9s/10m30s  1.21 iters/s

running (01m49.9s), 007/600 VUs, 105 complete and 0 interrupted iterations
saturation   [  17% ] 007/600 VUs  01m49.9s/10m30s  1.22 iters/s

running (01m50.9s), 007/600 VUs, 106 complete and 0 interrupted iterations
saturation   [  18% ] 007/600 VUs  01m50.9s/10m30s  1.23 iters/s

running (01m51.9s), 007/600 VUs, 107 complete and 0 interrupted iterations
saturation   [  18% ] 007/600 VUs  01m51.9s/10m30s  1.24 iters/s

running (01m52.9s), 006/600 VUs, 109 complete and 0 interrupted iterations
saturation   [  18% ] 006/600 VUs  01m52.9s/10m30s  1.25 iters/s

running (01m53.9s), 007/600 VUs, 110 complete and 0 interrupted iterations
saturation   [  18% ] 007/600 VUs  01m53.9s/10m30s  1.27 iters/s

running (01m54.9s), 007/600 VUs, 111 complete and 0 interrupted iterations
saturation   [  18% ] 007/600 VUs  01m54.9s/10m30s  1.28 iters/s

running (01m55.9s), 007/600 VUs, 112 complete and 0 interrupted iterations
saturation   [  18% ] 007/600 VUs  01m55.9s/10m30s  1.29 iters/s

running (01m56.9s), 008/600 VUs, 112 complete and 0 interrupted iterations
saturation   [  19% ] 008/600 VUs  01m56.9s/10m30s  1.30 iters/s

running (01m57.9s), 008/600 VUs, 114 complete and 0 interrupted iterations
saturation   [  19% ] 008/600 VUs  01m57.9s/10m30s  1.31 iters/s

running (01m58.9s), 008/600 VUs, 115 complete and 0 interrupted iterations
saturation   [  19% ] 008/600 VUs  01m58.9s/10m30s  1.32 iters/s

running (01m59.9s), 007/600 VUs, 117 complete and 0 interrupted iterations
saturation   [  19% ] 007/600 VUs  01m59.9s/10m30s  1.33 iters/s

running (02m00.9s), 008/600 VUs, 118 complete and 0 interrupted iterations
saturation   [  19% ] 008/600 VUs  02m00.9s/10m30s  1.35 iters/s

running (02m01.9s), 008/600 VUs, 119 complete and 0 interrupted iterations
saturation   [  19% ] 008/600 VUs  02m01.9s/10m30s  1.35 iters/s

running (02m02.9s), 006/600 VUs, 122 complete and 0 interrupted iterations
saturation   [  20% ] 006/600 VUs  02m02.9s/10m30s  1.36 iters/s

running (02m03.9s), 008/600 VUs, 122 complete and 0 interrupted iterations
saturation   [  20% ] 008/600 VUs  02m03.9s/10m30s  1.38 iters/s

running (02m04.9s), 007/600 VUs, 124 complete and 0 interrupted iterations
saturation   [  20% ] 007/600 VUs  02m04.9s/10m30s  1.39 iters/s

running (02m05.9s), 006/600 VUs, 126 complete and 0 interrupted iterations
saturation   [  20% ] 006/600 VUs  02m05.9s/10m30s  1.39 iters/s

running (02m06.9s), 008/600 VUs, 126 complete and 0 interrupted iterations
saturation   [  20% ] 008/600 VUs  02m06.9s/10m30s  1.41 iters/s

running (02m07.9s), 008/600 VUs, 127 complete and 0 interrupted iterations
saturation   [  20% ] 008/600 VUs  02m07.9s/10m30s  1.42 iters/s

running (02m08.9s), 008/600 VUs, 129 complete and 0 interrupted iterations
saturation   [  20% ] 008/600 VUs  02m08.9s/10m30s  1.43 iters/s

running (02m09.9s), 009/600 VUs, 129 complete and 0 interrupted iterations
saturation   [  21% ] 009/600 VUs  02m09.9s/10m30s  1.44 iters/s

running (02m10.9s), 008/600 VUs, 132 complete and 0 interrupted iterations
saturation   [  21% ] 008/600 VUs  02m10.9s/10m30s  1.46 iters/s

running (02m11.9s), 009/600 VUs, 132 complete and 0 interrupted iterations
saturation   [  21% ] 009/600 VUs  02m11.9s/10m30s  1.46 iters/s

running (02m12.9s), 011/600 VUs, 132 complete and 0 interrupted iterations
saturation   [  21% ] 011/600 VUs  02m12.9s/10m30s  1.48 iters/s

running (02m13.9s), 008/600 VUs, 136 complete and 0 interrupted iterations
saturation   [  21% ] 008/600 VUs  02m13.9s/10m30s  1.49 iters/s

running (02m14.9s), 010/600 VUs, 136 complete and 0 interrupted iterations
saturation   [  21% ] 010/600 VUs  02m14.9s/10m30s  1.50 iters/s

running (02m15.9s), 009/600 VUs, 138 complete and 0 interrupted iterations
saturation   [  22% ] 009/600 VUs  02m15.9s/10m30s  1.51 iters/s

running (02m16.9s), 010/600 VUs, 139 complete and 0 interrupted iterations
saturation   [  22% ] 010/600 VUs  02m16.9s/10m30s  1.52 iters/s

running (02m17.9s), 010/600 VUs, 140 complete and 0 interrupted iterations
saturation   [  22% ] 010/600 VUs  02m17.9s/10m30s  1.53 iters/s

running (02m18.9s), 010/600 VUs, 142 complete and 0 interrupted iterations
saturation   [  22% ] 010/600 VUs  02m18.9s/10m30s  1.55 iters/s

running (02m19.9s), 009/600 VUs, 144 complete and 0 interrupted iterations
saturation   [  22% ] 009/600 VUs  02m19.9s/10m30s  1.55 iters/s

running (02m20.9s), 009/600 VUs, 146 complete and 0 interrupted iterations
saturation   [  22% ] 009/600 VUs  02m20.9s/10m30s  1.57 iters/s

running (02m21.9s), 009/600 VUs, 147 complete and 0 interrupted iterations
saturation   [  23% ] 009/600 VUs  02m21.9s/10m30s  1.57 iters/s

running (02m22.9s), 010/600 VUs, 148 complete and 0 interrupted iterations
saturation   [  23% ] 010/600 VUs  02m22.9s/10m30s  1.59 iters/s

running (02m23.9s), 009/600 VUs, 150 complete and 0 interrupted iterations
saturation   [  23% ] 009/600 VUs  02m23.9s/10m30s  1.60 iters/s

running (02m24.9s), 009/600 VUs, 152 complete and 0 interrupted iterations
saturation   [  23% ] 009/600 VUs  02m24.9s/10m30s  1.61 iters/s

running (02m25.9s), 009/600 VUs, 154 complete and 0 interrupted iterations
saturation   [  23% ] 009/600 VUs  02m25.9s/10m30s  1.62 iters/s

running (02m26.9s), 010/600 VUs, 154 complete and 0 interrupted iterations
saturation   [  23% ] 010/600 VUs  02m26.9s/10m30s  1.63 iters/s

running (02m27.9s), 008/600 VUs, 158 complete and 0 interrupted iterations
saturation   [  23% ] 008/600 VUs  02m27.9s/10m30s  1.64 iters/s

running (02m28.9s), 010/600 VUs, 158 complete and 0 interrupted iterations
saturation   [  24% ] 010/600 VUs  02m28.9s/10m30s  1.66 iters/s

running (02m29.9s), 011/600 VUs, 158 complete and 0 interrupted iterations
saturation   [  24% ] 011/600 VUs  02m29.9s/10m30s  1.66 iters/s

running (02m30.9s), 011/600 VUs, 160 complete and 0 interrupted iterations
saturation   [  24% ] 011/600 VUs  02m30.9s/10m30s  1.68 iters/s

running (02m31.9s), 011/600 VUs, 162 complete and 0 interrupted iterations
saturation   [  24% ] 011/600 VUs  02m31.9s/10m30s  1.69 iters/s

running (02m32.9s), 012/600 VUs, 162 complete and 0 interrupted iterations
saturation   [  24% ] 012/600 VUs  02m32.9s/10m30s  1.70 iters/s

running (02m33.9s), 014/600 VUs, 162 complete and 0 interrupted iterations
saturation   [  24% ] 014/600 VUs  02m33.9s/10m30s  1.71 iters/s

running (02m34.9s), 011/600 VUs, 167 complete and 0 interrupted iterations
saturation   [  25% ] 011/600 VUs  02m34.9s/10m30s  1.72 iters/s

running (02m35.9s), 009/600 VUs, 170 complete and 0 interrupted iterations
saturation   [  25% ] 009/600 VUs  02m35.9s/10m30s  1.73 iters/s

running (02m36.9s), 009/600 VUs, 172 complete and 0 interrupted iterations
saturation   [  25% ] 009/600 VUs  02m36.9s/10m30s  1.74 iters/s

running (02m37.9s), 010/600 VUs, 173 complete and 0 interrupted iterations
saturation   [  25% ] 010/600 VUs  02m37.9s/10m30s  1.75 iters/s

running (02m38.9s), 011/600 VUs, 174 complete and 0 interrupted iterations
saturation   [  25% ] 011/600 VUs  02m38.9s/10m30s  1.77 iters/s

running (02m39.9s), 009/600 VUs, 177 complete and 0 interrupted iterations
saturation   [  25% ] 009/600 VUs  02m39.9s/10m30s  1.77 iters/s

running (02m40.9s), 011/600 VUs, 177 complete and 0 interrupted iterations
saturation   [  26% ] 011/600 VUs  02m40.9s/10m30s  1.79 iters/s

running (02m41.9s), 011/600 VUs, 179 complete and 0 interrupted iterations
saturation   [  26% ] 011/600 VUs  02m41.9s/10m30s  1.80 iters/s

running (02m42.9s), 013/600 VUs, 179 complete and 0 interrupted iterations
saturation   [  26% ] 013/600 VUs  02m42.9s/10m30s  1.81 iters/s

running (02m43.9s), 011/600 VUs, 183 complete and 0 interrupted iterations
saturation   [  26% ] 011/600 VUs  02m43.9s/10m30s  1.82 iters/s

running (02m44.9s), 010/600 VUs, 185 complete and 0 interrupted iterations
saturation   [  26% ] 010/600 VUs  02m44.9s/10m30s  1.83 iters/s

running (02m45.9s), 011/600 VUs, 186 complete and 0 interrupted iterations
saturation   [  26% ] 011/600 VUs  02m45.9s/10m30s  1.84 iters/s

running (02m46.9s), 010/600 VUs, 189 complete and 0 interrupted iterations
saturation   [  26% ] 010/600 VUs  02m46.9s/10m30s  1.85 iters/s

running (02m47.9s), 012/600 VUs, 189 complete and 0 interrupted iterations
saturation   [  27% ] 012/600 VUs  02m47.9s/10m30s  1.86 iters/s

running (02m48.9s), 011/600 VUs, 192 complete and 0 interrupted iterations
saturation   [  27% ] 011/600 VUs  02m48.9s/10m30s  1.88 iters/s

running (02m49.9s), 013/600 VUs, 192 complete and 0 interrupted iterations
saturation   [  27% ] 013/600 VUs  02m49.9s/10m30s  1.89 iters/s

running (02m50.9s), 011/600 VUs, 196 complete and 0 interrupted iterations
saturation   [  27% ] 011/600 VUs  02m50.9s/10m30s  1.90 iters/s

running (02m51.9s), 013/600 VUs, 196 complete and 0 interrupted iterations
saturation   [  27% ] 013/600 VUs  02m51.9s/10m30s  1.91 iters/s

running (02m52.9s), 013/600 VUs, 197 complete and 0 interrupted iterations
saturation   [  27% ] 013/600 VUs  02m52.9s/10m30s  1.92 iters/s

running (02m53.9s), 015/600 VUs, 197 complete and 0 interrupted iterations
saturation   [  28% ] 015/600 VUs  02m53.9s/10m30s  1.93 iters/s

running (02m54.9s), 012/600 VUs, 202 complete and 0 interrupted iterations
saturation   [  28% ] 012/600 VUs  02m54.9s/10m30s  1.94 iters/s

running (02m55.9s), 013/600 VUs, 203 complete and 0 interrupted iterations
saturation   [  28% ] 013/600 VUs  02m55.9s/10m30s  1.95 iters/s

running (02m56.9s), 015/600 VUs, 203 complete and 0 interrupted iterations
saturation   [  28% ] 015/600 VUs  02m56.9s/10m30s  1.96 iters/s

running (02m57.9s), 013/600 VUs, 207 complete and 0 interrupted iterations
saturation   [  28% ] 013/600 VUs  02m57.9s/10m30s  1.97 iters/s

running (02m58.9s), 012/600 VUs, 210 complete and 0 interrupted iterations
saturation   [  28% ] 012/600 VUs  02m58.9s/10m30s  1.99 iters/s

running (02m59.9s), 011/600 VUs, 213 complete and 0 interrupted iterations
saturation   [  29% ] 011/600 VUs  02m59.9s/10m30s  2.00 iters/s

running (03m00.9s), 013/600 VUs, 213 complete and 0 interrupted iterations
saturation   [  29% ] 013/600 VUs  03m00.9s/10m30s  2.01 iters/s

running (03m01.9s), 012/600 VUs, 216 complete and 0 interrupted iterations
saturation   [  29% ] 012/600 VUs  03m01.9s/10m30s  2.02 iters/s

running (03m02.9s), 011/600 VUs, 219 complete and 0 interrupted iterations
saturation   [  29% ] 011/600 VUs  03m02.9s/10m30s  2.03 iters/s

running (03m03.9s), 013/600 VUs, 219 complete and 0 interrupted iterations
saturation   [  29% ] 013/600 VUs  03m03.9s/10m30s  2.04 iters/s

running (03m04.9s), 012/600 VUs, 222 complete and 0 interrupted iterations
saturation   [  29% ] 012/600 VUs  03m04.9s/10m30s  2.05 iters/s

running (03m05.9s), 011/600 VUs, 225 complete and 0 interrupted iterations
saturation   [  30% ] 011/600 VUs  03m05.9s/10m30s  2.06 iters/s

running (03m06.9s), 013/600 VUs, 225 complete and 0 interrupted iterations
saturation   [  30% ] 013/600 VUs  03m06.9s/10m30s  2.07 iters/s

running (03m07.9s), 016/600 VUs, 225 complete and 0 interrupted iterations
saturation   [  30% ] 016/600 VUs  03m07.9s/10m30s  2.09 iters/s

running (03m08.9s), 018/600 VUs, 225 complete and 0 interrupted iterations
saturation   [  30% ] 018/600 VUs  03m08.9s/10m30s  2.10 iters/s

running (03m09.9s), 015/600 VUs, 230 complete and 0 interrupted iterations
saturation   [  30% ] 015/600 VUs  03m09.9s/10m30s  2.11 iters/s

running (03m10.9s), 014/600 VUs, 233 complete and 0 interrupted iterations
saturation   [  30% ] 014/600 VUs  03m10.9s/10m30s  2.12 iters/s

running (03m11.9s), 016/600 VUs, 233 complete and 0 interrupted iterations
saturation   [  30% ] 016/600 VUs  03m11.9s/10m30s  2.13 iters/s

running (03m12.9s), 015/600 VUs, 236 complete and 0 interrupted iterations
saturation   [  31% ] 015/600 VUs  03m12.9s/10m30s  2.14 iters/s

running (03m13.9s), 016/600 VUs, 237 complete and 0 interrupted iterations
saturation   [  31% ] 016/600 VUs  03m13.9s/10m30s  2.15 iters/s

running (03m14.9s), 016/600 VUs, 239 complete and 0 interrupted iterations
saturation   [  31% ] 016/600 VUs  03m14.9s/10m30s  2.16 iters/s

running (03m15.9s), 019/600 VUs, 239 complete and 0 interrupted iterations
saturation   [  31% ] 019/600 VUs  03m15.9s/10m30s  2.18 iters/s

running (03m16.9s), 017/600 VUs, 243 complete and 0 interrupted iterations
saturation   [  31% ] 017/600 VUs  03m16.9s/10m30s  2.19 iters/s

running (03m17.9s), 015/600 VUs, 247 complete and 0 interrupted iterations
saturation   [  31% ] 015/600 VUs  03m17.9s/10m30s  2.20 iters/s

running (03m18.9s), 014/600 VUs, 250 complete and 0 interrupted iterations
saturation   [  32% ] 014/600 VUs  03m18.9s/10m30s  2.21 iters/s

running (03m19.9s), 014/600 VUs, 252 complete and 0 interrupted iterations
saturation   [  32% ] 014/600 VUs  03m19.9s/10m30s  2.22 iters/s

running (03m20.9s), 016/600 VUs, 253 complete and 0 interrupted iterations
saturation   [  32% ] 016/600 VUs  03m20.9s/10m30s  2.23 iters/s

running (03m21.9s), 016/600 VUs, 255 complete and 0 interrupted iterations
saturation   [  32% ] 016/600 VUs  03m21.9s/10m30s  2.24 iters/s

running (03m22.9s), 018/600 VUs, 255 complete and 0 interrupted iterations
saturation   [  32% ] 018/600 VUs  03m22.9s/10m30s  2.25 iters/s

running (03m23.9s), 016/600 VUs, 259 complete and 0 interrupted iterations
saturation   [  32% ] 016/600 VUs  03m23.9s/10m30s  2.26 iters/s

running (03m24.9s), 018/600 VUs, 260 complete and 0 interrupted iterations
saturation   [  33% ] 018/600 VUs  03m24.9s/10m30s  2.28 iters/s

running (03m25.9s), 016/600 VUs, 264 complete and 0 interrupted iterations
saturation   [  33% ] 016/600 VUs  03m25.9s/10m30s  2.29 iters/s

running (03m26.9s), 015/600 VUs, 267 complete and 0 interrupted iterations
saturation   [  33% ] 015/600 VUs  03m26.9s/10m30s  2.30 iters/s

running (03m27.9s), 017/600 VUs, 267 complete and 0 interrupted iterations
saturation   [  33% ] 017/600 VUs  03m27.9s/10m30s  2.31 iters/s

running (03m28.9s), 017/600 VUs, 270 complete and 0 interrupted iterations
saturation   [  33% ] 017/600 VUs  03m28.9s/10m30s  2.32 iters/s

running (03m29.9s), 017/600 VUs, 272 complete and 0 interrupted iterations
saturation   [  33% ] 017/600 VUs  03m29.9s/10m30s  2.33 iters/s

running (03m30.9s), 019/600 VUs, 272 complete and 0 interrupted iterations
saturation   [  33% ] 019/600 VUs  03m30.9s/10m30s  2.34 iters/s

running (03m31.9s), 022/600 VUs, 272 complete and 0 interrupted iterations
saturation   [  34% ] 022/600 VUs  03m31.9s/10m30s  2.35 iters/s

running (03m32.9s), 022/600 VUs, 274 complete and 0 interrupted iterations
saturation   [  34% ] 022/600 VUs  03m32.9s/10m30s  2.36 iters/s

running (03m33.9s), 020/600 VUs, 279 complete and 0 interrupted iterations
saturation   [  34% ] 020/600 VUs  03m33.9s/10m30s  2.38 iters/s

running (03m34.9s), 018/600 VUs, 283 complete and 0 interrupted iterations
saturation   [  34% ] 018/600 VUs  03m34.9s/10m30s  2.39 iters/s

running (03m35.9s), 017/600 VUs, 286 complete and 0 interrupted iterations
saturation   [  34% ] 017/600 VUs  03m35.9s/10m30s  2.40 iters/s

running (03m36.9s), 017/600 VUs, 289 complete and 0 interrupted iterations
saturation   [  34% ] 017/600 VUs  03m36.9s/10m30s  2.41 iters/s

running (03m37.9s), 018/600 VUs, 290 complete and 0 interrupted iterations
saturation   [  35% ] 018/600 VUs  03m37.9s/10m30s  2.42 iters/s

running (03m38.9s), 017/600 VUs, 294 complete and 0 interrupted iterations
saturation   [  35% ] 017/600 VUs  03m38.9s/10m30s  2.43 iters/s

running (03m39.9s), 019/600 VUs, 294 complete and 0 interrupted iterations
saturation   [  35% ] 019/600 VUs  03m39.9s/10m30s  2.44 iters/s

running (03m40.9s), 021/600 VUs, 294 complete and 0 interrupted iterations
saturation   [  35% ] 021/600 VUs  03m40.9s/10m30s  2.45 iters/s

running (03m41.9s), 017/600 VUs, 301 complete and 0 interrupted iterations
saturation   [  35% ] 017/600 VUs  03m41.9s/10m30s  2.47 iters/s

running (03m42.9s), 018/600 VUs, 302 complete and 0 interrupted iterations
saturation   [  35% ] 018/600 VUs  03m42.9s/10m30s  2.47 iters/s

running (03m43.9s), 019/600 VUs, 304 complete and 0 interrupted iterations
saturation   [  36% ] 019/600 VUs  03m43.9s/10m30s  2.49 iters/s

running (03m44.9s), 018/600 VUs, 307 complete and 0 interrupted iterations
saturation   [  36% ] 018/600 VUs  03m44.9s/10m30s  2.50 iters/s

running (03m45.9s), 017/600 VUs, 311 complete and 0 interrupted iterations
saturation   [  36% ] 017/600 VUs  03m45.9s/10m30s  2.51 iters/s

running (03m46.9s), 016/600 VUs, 314 complete and 0 interrupted iterations
saturation   [  36% ] 016/600 VUs  03m46.9s/10m30s  2.52 iters/s

running (03m47.9s), 019/600 VUs, 314 complete and 0 interrupted iterations
saturation   [  36% ] 019/600 VUs  03m47.9s/10m30s  2.53 iters/s

running (03m48.9s), 021/600 VUs, 314 complete and 0 interrupted iterations
saturation   [  36% ] 021/600 VUs  03m48.9s/10m30s  2.54 iters/s

running (03m49.9s), 022/600 VUs, 316 complete and 0 interrupted iterations
saturation   [  36% ] 022/600 VUs  03m49.9s/10m30s  2.55 iters/s

running (03m50.9s), 024/600 VUs, 317 complete and 0 interrupted iterations
saturation   [  37% ] 024/600 VUs  03m50.9s/10m30s  2.57 iters/s

running (03m51.9s), 021/600 VUs, 322 complete and 0 interrupted iterations
saturation   [  37% ] 021/600 VUs  03m51.9s/10m30s  2.58 iters/s

running (03m52.9s), 024/600 VUs, 322 complete and 0 interrupted iterations
saturation   [  37% ] 024/600 VUs  03m52.9s/10m30s  2.59 iters/s

running (03m53.9s), 023/600 VUs, 325 complete and 0 interrupted iterations
saturation   [  37% ] 023/600 VUs  03m53.9s/10m30s  2.60 iters/s

running (03m54.9s), 023/600 VUs, 328 complete and 0 interrupted iterations
saturation   [  37% ] 023/600 VUs  03m54.9s/10m30s  2.61 iters/s

running (03m55.9s), 023/600 VUs, 331 complete and 0 interrupted iterations
saturation   [  37% ] 023/600 VUs  03m55.9s/10m30s  2.62 iters/s

running (03m56.9s), 021/600 VUs, 335 complete and 0 interrupted iterations
saturation   [  38% ] 021/600 VUs  03m56.9s/10m30s  2.63 iters/s

running (03m57.9s), 022/600 VUs, 337 complete and 0 interrupted iterations
saturation   [  38% ] 022/600 VUs  03m57.9s/10m30s  2.64 iters/s

running (03m58.9s), 024/600 VUs, 337 complete and 0 interrupted iterations
saturation   [  38% ] 024/600 VUs  03m58.9s/10m30s  2.65 iters/s

running (03m59.9s), 027/600 VUs, 337 complete and 0 interrupted iterations
saturation   [  38% ] 027/600 VUs  03m59.9s/10m30s  2.66 iters/s

running (04m00.9s), 029/600 VUs, 338 complete and 0 interrupted iterations
saturation   [  38% ] 029/600 VUs  04m00.9s/10m30s  2.68 iters/s

running (04m01.9s), 028/600 VUs, 341 complete and 0 interrupted iterations
saturation   [  38% ] 028/600 VUs  04m01.9s/10m30s  2.69 iters/s

running (04m02.9s), 026/600 VUs, 346 complete and 0 interrupted iterations
saturation   [  39% ] 026/600 VUs  04m02.9s/10m30s  2.70 iters/s

running (04m03.9s), 029/600 VUs, 346 complete and 0 interrupted iterations
saturation   [  39% ] 029/600 VUs  04m03.9s/10m30s  2.71 iters/s

running (04m04.9s), 026/600 VUs, 352 complete and 0 interrupted iterations
saturation   [  39% ] 026/600 VUs  04m04.9s/10m30s  2.72 iters/s

running (04m05.9s), 028/600 VUs, 352 complete and 0 interrupted iterations
saturation   [  39% ] 028/600 VUs  04m05.9s/10m30s  2.73 iters/s

running (04m06.9s), 030/600 VUs, 353 complete and 0 interrupted iterations
saturation   [  39% ] 030/600 VUs  04m06.9s/10m30s  2.74 iters/s

running (04m07.9s), 025/600 VUs, 361 complete and 0 interrupted iterations
saturation   [  39% ] 025/600 VUs  04m07.9s/10m30s  2.75 iters/s

running (04m08.9s), 027/600 VUs, 362 complete and 0 interrupted iterations
saturation   [  40% ] 027/600 VUs  04m08.9s/10m30s  2.77 iters/s

running (04m09.9s), 024/600 VUs, 367 complete and 0 interrupted iterations
saturation   [  40% ] 024/600 VUs  04m09.9s/10m30s  2.77 iters/s

running (04m10.9s), 026/600 VUs, 368 complete and 0 interrupted iterations
saturation   [  40% ] 026/600 VUs  04m10.9s/10m30s  2.79 iters/s

running (04m11.9s), 029/600 VUs, 368 complete and 0 interrupted iterations
saturation   [  40% ] 029/600 VUs  04m11.9s/10m30s  2.80 iters/s

running (04m12.9s), 029/600 VUs, 371 complete and 0 interrupted iterations
saturation   [  40% ] 029/600 VUs  04m12.9s/10m30s  2.81 iters/s

running (04m13.9s), 030/600 VUs, 372 complete and 0 interrupted iterations
saturation   [  40% ] 030/600 VUs  04m13.9s/10m30s  2.82 iters/s

running (04m14.9s), 029/600 VUs, 376 complete and 0 interrupted iterations
saturation   [  40% ] 029/600 VUs  04m14.9s/10m30s  2.83 iters/s

running (04m15.9s), 031/600 VUs, 377 complete and 0 interrupted iterations
saturation   [  41% ] 031/600 VUs  04m15.9s/10m30s  2.84 iters/s

running (04m16.9s), 034/600 VUs, 377 complete and 0 interrupted iterations
saturation   [  41% ] 034/600 VUs  04m16.9s/10m30s  2.85 iters/s

running (04m17.9s), 033/600 VUs, 381 complete and 0 interrupted iterations
saturation   [  41% ] 033/600 VUs  04m17.9s/10m30s  2.87 iters/s

running (04m18.9s), 036/600 VUs, 381 complete and 0 interrupted iterations
saturation   [  41% ] 036/600 VUs  04m18.9s/10m30s  2.88 iters/s

running (04m19.9s), 039/600 VUs, 381 complete and 0 interrupted iterations
saturation   [  41% ] 039/600 VUs  04m19.9s/10m30s  2.89 iters/s

running (04m20.9s), 036/600 VUs, 386 complete and 0 interrupted iterations
saturation   [  41% ] 036/600 VUs  04m20.9s/10m30s  2.90 iters/s

running (04m21.9s), 035/600 VUs, 390 complete and 0 interrupted iterations
saturation   [  42% ] 035/600 VUs  04m21.9s/10m30s  2.91 iters/s

running (04m22.9s), 038/600 VUs, 390 complete and 0 interrupted iterations
saturation   [  42% ] 038/600 VUs  04m22.9s/10m30s  2.92 iters/s

running (04m23.9s), 037/600 VUs, 394 complete and 0 interrupted iterations
saturation   [  42% ] 037/600 VUs  04m23.9s/10m30s  2.93 iters/s

running (04m24.9s), 035/600 VUs, 399 complete and 0 interrupted iterations
saturation   [  42% ] 035/600 VUs  04m24.9s/10m30s  2.94 iters/s

running (04m25.9s), 038/600 VUs, 399 complete and 0 interrupted iterations
saturation   [  42% ] 038/600 VUs  04m25.9s/10m30s  2.95 iters/s

running (04m26.9s), 039/600 VUs, 401 complete and 0 interrupted iterations
saturation   [  42% ] 039/600 VUs  04m26.9s/10m30s  2.96 iters/s

running (04m27.9s), 037/600 VUs, 406 complete and 0 interrupted iterations
saturation   [  43% ] 037/600 VUs  04m27.9s/10m30s  2.98 iters/s

running (04m28.9s), 040/600 VUs, 406 complete and 0 interrupted iterations
saturation   [  43% ] 040/600 VUs  04m28.9s/10m30s  2.99 iters/s

running (04m29.9s), 038/600 VUs, 411 complete and 0 interrupted iterations
saturation   [  43% ] 038/600 VUs  04m29.9s/10m30s  3.00 iters/s

running (04m30.9s), 041/600 VUs, 411 complete and 0 interrupted iterations
saturation   [  43% ] 041/600 VUs  04m30.9s/10m30s  3.01 iters/s

running (04m31.9s), 039/600 VUs, 416 complete and 0 interrupted iterations
saturation   [  43% ] 039/600 VUs  04m31.9s/10m30s  3.02 iters/s

running (04m32.9s), 040/600 VUs, 418 complete and 0 interrupted iterations
saturation   [  43% ] 040/600 VUs  04m32.9s/10m30s  3.03 iters/s

running (04m33.9s), 042/600 VUs, 419 complete and 0 interrupted iterations
saturation   [  43% ] 042/600 VUs  04m33.9s/10m30s  3.04 iters/s

running (04m34.9s), 042/600 VUs, 422 complete and 0 interrupted iterations
saturation   [  44% ] 042/600 VUs  04m34.9s/10m30s  3.05 iters/s

running (04m35.9s), 043/600 VUs, 424 complete and 0 interrupted iterations
saturation   [  44% ] 043/600 VUs  04m35.9s/10m30s  3.06 iters/s

running (04m36.9s), 042/600 VUs, 428 complete and 0 interrupted iterations
saturation   [  44% ] 042/600 VUs  04m36.9s/10m30s  3.07 iters/s

running (04m37.9s), 045/600 VUs, 428 complete and 0 interrupted iterations
saturation   [  44% ] 045/600 VUs  04m37.9s/10m30s  3.09 iters/s

running (04m38.9s), 042/600 VUs, 434 complete and 0 interrupted iterations
saturation   [  44% ] 042/600 VUs  04m38.9s/10m30s  3.10 iters/s

running (04m39.9s), 045/600 VUs, 435 complete and 0 interrupted iterations
saturation   [  44% ] 045/600 VUs  04m39.9s/10m30s  3.11 iters/s

running (04m40.9s), 047/600 VUs, 436 complete and 0 interrupted iterations
saturation   [  45% ] 047/600 VUs  04m40.9s/10m30s  3.12 iters/s

running (04m41.9s), 045/600 VUs, 441 complete and 0 interrupted iterations
saturation   [  45% ] 045/600 VUs  04m41.9s/10m30s  3.13 iters/s

running (04m42.9s), 048/600 VUs, 441 complete and 0 interrupted iterations
saturation   [  45% ] 048/600 VUs  04m42.9s/10m30s  3.14 iters/s

running (04m43.9s), 051/600 VUs, 441 complete and 0 interrupted iterations
saturation   [  45% ] 051/600 VUs  04m43.9s/10m30s  3.15 iters/s

running (04m44.9s), 054/600 VUs, 441 complete and 0 interrupted iterations
saturation   [  45% ] 054/600 VUs  04m44.9s/10m30s  3.16 iters/s

running (04m45.9s), 053/600 VUs, 445 complete and 0 interrupted iterations
saturation   [  45% ] 053/600 VUs  04m45.9s/10m30s  3.17 iters/s

running (04m46.9s), 055/600 VUs, 447 complete and 0 interrupted iterations
saturation   [  46% ] 055/600 VUs  04m46.9s/10m30s  3.19 iters/s

running (04m47.9s), 057/600 VUs, 448 complete and 0 interrupted iterations
saturation   [  46% ] 057/600 VUs  04m47.9s/10m30s  3.20 iters/s

running (04m48.9s), 059/600 VUs, 449 complete and 0 interrupted iterations
saturation   [  46% ] 059/600 VUs  04m48.9s/10m30s  3.21 iters/s

running (04m49.9s), 056/600 VUs, 455 complete and 0 interrupted iterations
saturation   [  46% ] 056/600 VUs  04m49.9s/10m30s  3.22 iters/s

running (04m50.9s), 059/600 VUs, 455 complete and 0 interrupted iterations
saturation   [  46% ] 059/600 VUs  04m50.9s/10m30s  3.23 iters/s

running (04m51.9s), 062/600 VUs, 456 complete and 0 interrupted iterations
saturation   [  46% ] 062/600 VUs  04m51.9s/10m30s  3.24 iters/s

running (04m52.9s), 063/600 VUs, 458 complete and 0 interrupted iterations
saturation   [  46% ] 063/600 VUs  04m52.9s/10m30s  3.25 iters/s

running (04m53.9s), 062/600 VUs, 462 complete and 0 interrupted iterations
saturation   [  47% ] 062/600 VUs  04m53.9s/10m30s  3.26 iters/s

running (04m54.9s), 063/600 VUs, 464 complete and 0 interrupted iterations
saturation   [  47% ] 063/600 VUs  04m54.9s/10m30s  3.27 iters/s

running (04m55.9s), 065/600 VUs, 466 complete and 0 interrupted iterations
saturation   [  47% ] 065/600 VUs  04m55.9s/10m30s  3.29 iters/s

running (04m56.9s), 065/600 VUs, 469 complete and 0 interrupted iterations
saturation   [  47% ] 065/600 VUs  04m56.9s/10m30s  3.30 iters/s

running (04m57.9s), 063/600 VUs, 474 complete and 0 interrupted iterations
saturation   [  47% ] 063/600 VUs  04m57.9s/10m30s  3.31 iters/s

running (04m58.9s), 066/600 VUs, 475 complete and 0 interrupted iterations
saturation   [  47% ] 066/600 VUs  04m58.9s/10m30s  3.32 iters/s

running (04m59.9s), 065/600 VUs, 479 complete and 0 interrupted iterations
saturation   [  48% ] 065/600 VUs  04m59.9s/10m30s  3.33 iters/s

running (05m00.9s), 068/600 VUs, 479 complete and 0 interrupted iterations
saturation   [  48% ] 068/600 VUs  05m00.9s/10m30s  3.34 iters/s

running (05m01.9s), 072/600 VUs, 479 complete and 0 interrupted iterations
saturation   [  48% ] 072/600 VUs  05m01.9s/10m30s  3.35 iters/s

running (05m02.9s), 073/600 VUs, 481 complete and 0 interrupted iterations
saturation   [  48% ] 073/600 VUs  05m02.9s/10m30s  3.36 iters/s

running (05m03.9s), 072/600 VUs, 485 complete and 0 interrupted iterations
saturation   [  48% ] 072/600 VUs  05m03.9s/10m30s  3.37 iters/s

running (05m04.9s), 073/600 VUs, 488 complete and 0 interrupted iterations
saturation   [  48% ] 073/600 VUs  05m04.9s/10m30s  3.39 iters/s

running (05m05.9s), 076/600 VUs, 488 complete and 0 interrupted iterations
saturation   [  49% ] 076/600 VUs  05m05.9s/10m30s  3.40 iters/s

running (05m06.9s), 077/600 VUs, 491 complete and 0 interrupted iterations
saturation   [  49% ] 077/600 VUs  05m06.9s/10m30s  3.41 iters/s

running (05m07.9s), 080/600 VUs, 491 complete and 0 interrupted iterations
saturation   [  49% ] 080/600 VUs  05m07.9s/10m30s  3.42 iters/s

running (05m08.9s), 080/600 VUs, 494 complete and 0 interrupted iterations
saturation   [  49% ] 080/600 VUs  05m08.9s/10m30s  3.43 iters/s

running (05m09.9s), 082/600 VUs, 496 complete and 0 interrupted iterations
saturation   [  49% ] 082/600 VUs  05m09.9s/10m30s  3.44 iters/s

running (05m10.9s), 083/600 VUs, 498 complete and 0 interrupted iterations
saturation   [  49% ] 083/600 VUs  05m10.9s/10m30s  3.45 iters/s

running (05m11.9s), 085/600 VUs, 500 complete and 0 interrupted iterations
saturation   [  50% ] 085/600 VUs  05m11.9s/10m30s  3.47 iters/s

running (05m12.9s), 087/600 VUs, 501 complete and 0 interrupted iterations
saturation   [  50% ] 087/600 VUs  05m12.9s/10m30s  3.48 iters/s

running (05m13.9s), 090/600 VUs, 502 complete and 0 interrupted iterations
saturation   [  50% ] 090/600 VUs  05m13.9s/10m30s  3.49 iters/s

running (05m14.9s), 093/600 VUs, 502 complete and 0 interrupted iterations
saturation   [  50% ] 093/600 VUs  05m14.9s/10m30s  3.50 iters/s

running (05m15.9s), 097/600 VUs, 502 complete and 0 interrupted iterations
saturation   [  50% ] 097/600 VUs  05m15.9s/10m30s  3.51 iters/s

running (05m16.9s), 096/600 VUs, 506 complete and 0 interrupted iterations
saturation   [  50% ] 096/600 VUs  05m16.9s/10m30s  3.52 iters/s

running (05m17.9s), 097/600 VUs, 509 complete and 0 interrupted iterations
saturation   [  50% ] 097/600 VUs  05m17.9s/10m30s  3.53 iters/s

running (05m18.9s), 099/600 VUs, 510 complete and 0 interrupted iterations
saturation   [  51% ] 099/600 VUs  05m18.9s/10m30s  3.54 iters/s

running (05m19.9s), 101/600 VUs, 512 complete and 0 interrupted iterations
saturation   [  51% ] 101/600 VUs  05m19.9s/10m30s  3.55 iters/s

running (05m20.9s), 103/600 VUs, 513 complete and 0 interrupted iterations
saturation   [  51% ] 103/600 VUs  05m20.9s/10m30s  3.56 iters/s

running (05m21.9s), 107/600 VUs, 513 complete and 0 interrupted iterations
saturation   [  51% ] 107/600 VUs  05m21.9s/10m30s  3.58 iters/s

running (05m22.9s), 108/600 VUs, 516 complete and 0 interrupted iterations
saturation   [  51% ] 108/600 VUs  05m22.9s/10m30s  3.59 iters/s

running (05m23.9s), 111/600 VUs, 516 complete and 0 interrupted iterations
saturation   [  51% ] 111/600 VUs  05m23.9s/10m30s  3.60 iters/s

running (05m24.9s), 115/600 VUs, 516 complete and 0 interrupted iterations
saturation   [  52% ] 115/600 VUs  05m24.9s/10m30s  3.61 iters/s

running (05m25.9s), 118/600 VUs, 516 complete and 0 interrupted iterations
saturation   [  52% ] 118/600 VUs  05m25.9s/10m30s  3.62 iters/s

running (05m26.9s), 120/600 VUs, 518 complete and 0 interrupted iterations
saturation   [  52% ] 120/600 VUs  05m26.9s/10m30s  3.63 iters/s

running (05m27.9s), 118/600 VUs, 524 complete and 0 interrupted iterations
saturation   [  52% ] 118/600 VUs  05m27.9s/10m30s  3.64 iters/s

running (05m28.9s), 121/600 VUs, 524 complete and 0 interrupted iterations
saturation   [  52% ] 121/600 VUs  05m28.9s/10m30s  3.65 iters/s

running (05m29.9s), 122/600 VUs, 527 complete and 0 interrupted iterations
saturation   [  52% ] 122/600 VUs  05m29.9s/10m30s  3.67 iters/s

running (05m30.9s), 126/600 VUs, 527 complete and 0 interrupted iterations
saturation   [  53% ] 126/600 VUs  05m30.9s/10m30s  3.68 iters/s

running (05m31.9s), 127/600 VUs, 529 complete and 0 interrupted iterations
saturation   [  53% ] 127/600 VUs  05m31.9s/10m30s  3.69 iters/s

running (05m32.9s), 131/600 VUs, 529 complete and 0 interrupted iterations
saturation   [  53% ] 131/600 VUs  05m32.9s/10m30s  3.70 iters/s

running (05m33.9s), 131/600 VUs, 533 complete and 0 interrupted iterations
saturation   [  53% ] 131/600 VUs  05m33.9s/10m30s  3.71 iters/s

running (05m34.9s), 134/600 VUs, 533 complete and 0 interrupted iterations
saturation   [  53% ] 134/600 VUs  05m34.9s/10m30s  3.72 iters/s

running (05m35.9s), 135/600 VUs, 536 complete and 0 interrupted iterations
saturation   [  53% ] 135/600 VUs  05m35.9s/10m30s  3.73 iters/s

running (05m36.9s), 137/600 VUs, 538 complete and 0 interrupted iterations
saturation   [  53% ] 137/600 VUs  05m36.9s/10m30s  3.74 iters/s

running (05m37.9s), 141/600 VUs, 538 complete and 0 interrupted iterations
saturation   [  54% ] 141/600 VUs  05m37.9s/10m30s  3.75 iters/s

running (05m38.9s), 140/600 VUs, 542 complete and 0 interrupted iterations
saturation   [  54% ] 140/600 VUs  05m38.9s/10m30s  3.76 iters/s

running (05m39.9s), 144/600 VUs, 542 complete and 0 interrupted iterations
saturation   [  54% ] 144/600 VUs  05m39.9s/10m30s  3.78 iters/s

running (05m40.9s), 148/600 VUs, 542 complete and 0 interrupted iterations
saturation   [  54% ] 148/600 VUs  05m40.9s/10m30s  3.79 iters/s

running (05m41.9s), 152/600 VUs, 542 complete and 0 interrupted iterations
saturation   [  54% ] 152/600 VUs  05m41.9s/10m30s  3.80 iters/s

running (05m42.9s), 156/600 VUs, 542 complete and 0 interrupted iterations
saturation   [  54% ] 156/600 VUs  05m42.9s/10m30s  3.81 iters/s

running (05m43.9s), 159/600 VUs, 542 complete and 0 interrupted iterations
saturation   [  55% ] 159/600 VUs  05m43.9s/10m30s  3.82 iters/s

running (05m44.9s), 159/600 VUs, 546 complete and 0 interrupted iterations
saturation   [  55% ] 159/600 VUs  05m44.9s/10m30s  3.83 iters/s

running (05m45.9s), 163/600 VUs, 546 complete and 0 interrupted iterations
saturation   [  55% ] 163/600 VUs  05m45.9s/10m30s  3.84 iters/s

running (05m46.9s), 166/600 VUs, 547 complete and 0 interrupted iterations
saturation   [  55% ] 166/600 VUs  05m46.9s/10m30s  3.85 iters/s

running (05m47.9s), 166/600 VUs, 551 complete and 0 interrupted iterations
saturation   [  55% ] 166/600 VUs  05m47.9s/10m30s  3.87 iters/s

running (05m48.9s), 168/600 VUs, 553 complete and 0 interrupted iterations
saturation   [  55% ] 168/600 VUs  05m48.9s/10m30s  3.88 iters/s

running (05m49.9s), 170/600 VUs, 554 complete and 0 interrupted iterations
saturation   [  56% ] 170/600 VUs  05m49.9s/10m30s  3.89 iters/s

running (05m50.9s), 174/600 VUs, 554 complete and 0 interrupted iterations
saturation   [  56% ] 174/600 VUs  05m50.9s/10m30s  3.90 iters/s

running (05m51.9s), 177/600 VUs, 555 complete and 0 interrupted iterations
saturation   [  56% ] 177/600 VUs  05m51.9s/10m30s  3.91 iters/s

running (05m52.9s), 178/600 VUs, 558 complete and 0 interrupted iterations
saturation   [  56% ] 178/600 VUs  05m52.9s/10m30s  3.92 iters/s

running (05m53.9s), 177/600 VUs, 563 complete and 0 interrupted iterations
saturation   [  56% ] 177/600 VUs  05m53.9s/10m30s  3.93 iters/s

running (05m54.9s), 180/600 VUs, 564 complete and 0 interrupted iterations
saturation   [  56% ] 180/600 VUs  05m54.9s/10m30s  3.94 iters/s

running (05m55.9s), 180/600 VUs, 568 complete and 0 interrupted iterations
saturation   [  56% ] 180/600 VUs  05m55.9s/10m30s  3.95 iters/s

running (05m56.9s), 178/600 VUs, 574 complete and 0 interrupted iterations
saturation   [  57% ] 178/600 VUs  05m56.9s/10m30s  3.97 iters/s

running (05m57.9s), 178/600 VUs, 578 complete and 0 interrupted iterations
saturation   [  57% ] 178/600 VUs  05m57.9s/10m30s  3.98 iters/s

running (05m58.9s), 177/600 VUs, 583 complete and 0 interrupted iterations
saturation   [  57% ] 177/600 VUs  05m58.9s/10m30s  3.99 iters/s

running (05m59.9s), 178/600 VUs, 586 complete and 0 interrupted iterations
saturation   [  57% ] 178/600 VUs  05m59.9s/10m30s  4.00 iters/s

running (06m00.9s), 178/600 VUs, 590 complete and 0 interrupted iterations
saturation   [  57% ] 178/600 VUs  06m00.9s/10m30s  4.01 iters/s

running (06m01.9s), 180/600 VUs, 592 complete and 0 interrupted iterations
saturation   [  57% ] 180/600 VUs  06m01.9s/10m30s  4.02 iters/s

running (06m02.9s), 178/600 VUs, 598 complete and 0 interrupted iterations
saturation   [  58% ] 178/600 VUs  06m02.9s/10m30s  4.03 iters/s

running (06m03.9s), 177/600 VUs, 603 complete and 0 interrupted iterations
saturation   [  58% ] 177/600 VUs  06m03.9s/10m30s  4.04 iters/s

running (06m04.9s), 179/600 VUs, 605 complete and 0 interrupted iterations
saturation   [  58% ] 179/600 VUs  06m04.9s/10m30s  4.05 iters/s

running (06m05.9s), 182/600 VUs, 606 complete and 0 interrupted iterations
saturation   [  58% ] 182/600 VUs  06m05.9s/10m30s  4.06 iters/s

running (06m06.9s), 182/600 VUs, 610 complete and 0 interrupted iterations
saturation   [  58% ] 182/600 VUs  06m06.9s/10m30s  4.08 iters/s

running (06m07.9s), 183/600 VUs, 613 complete and 0 interrupted iterations
saturation   [  58% ] 183/600 VUs  06m07.9s/10m30s  4.09 iters/s

running (06m08.9s), 181/600 VUs, 619 complete and 0 interrupted iterations
saturation   [  59% ] 181/600 VUs  06m08.9s/10m30s  4.10 iters/s

running (06m09.9s), 185/600 VUs, 619 complete and 0 interrupted iterations
saturation   [  59% ] 185/600 VUs  06m09.9s/10m30s  4.11 iters/s

running (06m10.9s), 182/600 VUs, 627 complete and 0 interrupted iterations
saturation   [  59% ] 182/600 VUs  06m10.9s/10m30s  4.12 iters/s

running (06m11.9s), 184/600 VUs, 629 complete and 0 interrupted iterations
saturation   [  59% ] 184/600 VUs  06m11.9s/10m30s  4.13 iters/s

running (06m12.9s), 183/600 VUs, 634 complete and 0 interrupted iterations
saturation   [  59% ] 183/600 VUs  06m12.9s/10m30s  4.14 iters/s

running (06m13.9s), 185/600 VUs, 636 complete and 0 interrupted iterations
saturation   [  59% ] 185/600 VUs  06m13.9s/10m30s  4.15 iters/s

running (06m14.9s), 184/600 VUs, 641 complete and 0 interrupted iterations
saturation   [  60% ] 184/600 VUs  06m14.9s/10m30s  4.16 iters/s

running (06m15.9s), 183/600 VUs, 646 complete and 0 interrupted iterations
saturation   [  60% ] 183/600 VUs  06m15.9s/10m30s  4.18 iters/s

running (06m16.9s), 185/600 VUs, 648 complete and 0 interrupted iterations
saturation   [  60% ] 185/600 VUs  06m16.9s/10m30s  4.19 iters/s

running (06m17.9s), 183/600 VUs, 655 complete and 0 interrupted iterations
saturation   [  60% ] 183/600 VUs  06m17.9s/10m30s  4.20 iters/s

running (06m18.9s), 182/600 VUs, 660 complete and 0 interrupted iterations
saturation   [  60% ] 182/600 VUs  06m18.9s/10m30s  4.21 iters/s

running (06m19.9s), 186/600 VUs, 660 complete and 0 interrupted iterations
saturation   [  60% ] 186/600 VUs  06m19.9s/10m30s  4.22 iters/s

running (06m20.9s), 186/600 VUs, 664 complete and 0 interrupted iterations
saturation   [  60% ] 186/600 VUs  06m20.9s/10m30s  4.23 iters/s

running (06m21.9s), 187/600 VUs, 668 complete and 0 interrupted iterations
saturation   [  61% ] 187/600 VUs  06m21.9s/10m30s  4.24 iters/s

running (06m22.9s), 189/600 VUs, 670 complete and 0 interrupted iterations
saturation   [  61% ] 189/600 VUs  06m22.9s/10m30s  4.25 iters/s

running (06m23.9s), 190/600 VUs, 673 complete and 0 interrupted iterations
saturation   [  61% ] 190/600 VUs  06m23.9s/10m30s  4.26 iters/s

running (06m24.9s), 191/600 VUs, 676 complete and 0 interrupted iterations
saturation   [  61% ] 191/600 VUs  06m24.9s/10m30s  4.28 iters/s

running (06m25.9s), 192/600 VUs, 680 complete and 0 interrupted iterations
saturation   [  61% ] 192/600 VUs  06m25.9s/10m30s  4.29 iters/s

running (06m26.9s), 196/600 VUs, 680 complete and 0 interrupted iterations
saturation   [  61% ] 196/600 VUs  06m26.9s/10m30s  4.30 iters/s

running (06m27.9s), 197/600 VUs, 683 complete and 0 interrupted iterations
saturation   [  62% ] 197/600 VUs  06m27.9s/10m30s  4.31 iters/s

running (06m28.9s), 197/600 VUs, 688 complete and 0 interrupted iterations
saturation   [  62% ] 197/600 VUs  06m28.9s/10m30s  4.32 iters/s

running (06m29.9s), 198/600 VUs, 691 complete and 0 interrupted iterations
saturation   [  62% ] 198/600 VUs  06m29.9s/10m30s  4.33 iters/s

running (06m30.9s), 199/600 VUs, 694 complete and 0 interrupted iterations
saturation   [  62% ] 199/600 VUs  06m30.9s/10m30s  4.34 iters/s

running (06m31.9s), 203/600 VUs, 695 complete and 0 interrupted iterations
saturation   [  62% ] 203/600 VUs  06m31.9s/10m30s  4.36 iters/s

running (06m32.9s), 204/600 VUs, 698 complete and 0 interrupted iterations
saturation   [  62% ] 204/600 VUs  06m32.9s/10m30s  4.37 iters/s

running (06m33.9s), 204/600 VUs, 702 complete and 0 interrupted iterations
saturation   [  63% ] 204/600 VUs  06m33.9s/10m30s  4.38 iters/s

running (06m34.9s), 207/600 VUs, 704 complete and 0 interrupted iterations
saturation   [  63% ] 207/600 VUs  06m34.9s/10m30s  4.39 iters/s

running (06m35.9s), 208/600 VUs, 707 complete and 0 interrupted iterations
saturation   [  63% ] 208/600 VUs  06m35.9s/10m30s  4.40 iters/s

running (06m36.9s), 208/600 VUs, 711 complete and 0 interrupted iterations
saturation   [  63% ] 208/600 VUs  06m36.9s/10m30s  4.41 iters/s

running (06m37.9s), 210/600 VUs, 714 complete and 0 interrupted iterations
saturation   [  63% ] 210/600 VUs  06m37.9s/10m30s  4.42 iters/s

running (06m38.9s), 213/600 VUs, 715 complete and 0 interrupted iterations
saturation   [  63% ] 213/600 VUs  06m38.9s/10m30s  4.43 iters/s

running (06m39.9s), 214/600 VUs, 719 complete and 0 interrupted iterations
saturation   [  63% ] 214/600 VUs  06m39.9s/10m30s  4.44 iters/s

running (06m40.9s), 214/600 VUs, 723 complete and 0 interrupted iterations
saturation   [  64% ] 214/600 VUs  06m40.9s/10m30s  4.45 iters/s

running (06m41.9s), 218/600 VUs, 724 complete and 0 interrupted iterations
saturation   [  64% ] 218/600 VUs  06m41.9s/10m30s  4.47 iters/s

running (06m42.9s), 218/600 VUs, 728 complete and 0 interrupted iterations
saturation   [  64% ] 218/600 VUs  06m42.9s/10m30s  4.48 iters/s

running (06m43.9s), 221/600 VUs, 730 complete and 0 interrupted iterations
saturation   [  64% ] 221/600 VUs  06m43.9s/10m30s  4.49 iters/s

running (06m44.9s), 220/600 VUs, 735 complete and 0 interrupted iterations
saturation   [  64% ] 220/600 VUs  06m44.9s/10m30s  4.50 iters/s

running (06m45.9s), 224/600 VUs, 736 complete and 0 interrupted iterations
saturation   [  64% ] 224/600 VUs  06m45.9s/10m30s  4.51 iters/s

running (06m46.9s), 224/600 VUs, 740 complete and 0 interrupted iterations
saturation   [  65% ] 224/600 VUs  06m46.9s/10m30s  4.52 iters/s

running (06m47.9s), 227/600 VUs, 742 complete and 0 interrupted iterations
saturation   [  65% ] 227/600 VUs  06m47.9s/10m30s  4.53 iters/s

running (06m48.9s), 227/600 VUs, 746 complete and 0 interrupted iterations
saturation   [  65% ] 227/600 VUs  06m48.9s/10m30s  4.54 iters/s

running (06m49.9s), 231/600 VUs, 747 complete and 0 interrupted iterations
saturation   [  65% ] 231/600 VUs  06m49.9s/10m30s  4.55 iters/s

running (06m50.9s), 230/600 VUs, 752 complete and 0 interrupted iterations
saturation   [  65% ] 230/600 VUs  06m50.9s/10m30s  4.56 iters/s

running (06m51.9s), 232/600 VUs, 755 complete and 0 interrupted iterations
saturation   [  65% ] 232/600 VUs  06m51.9s/10m30s  4.58 iters/s

running (06m52.9s), 234/600 VUs, 757 complete and 0 interrupted iterations
saturation   [  66% ] 234/600 VUs  06m52.9s/10m30s  4.59 iters/s

running (06m53.9s), 236/600 VUs, 760 complete and 0 interrupted iterations
saturation   [  66% ] 236/600 VUs  06m53.9s/10m30s  4.60 iters/s

running (06m54.9s), 236/600 VUs, 765 complete and 0 interrupted iterations
saturation   [  66% ] 236/600 VUs  06m54.9s/10m30s  4.61 iters/s

running (06m55.9s), 239/600 VUs, 766 complete and 0 interrupted iterations
saturation   [  66% ] 239/600 VUs  06m55.9s/10m30s  4.62 iters/s

running (06m56.9s), 240/600 VUs, 770 complete and 0 interrupted iterations
saturation   [  66% ] 240/600 VUs  06m56.9s/10m30s  4.63 iters/s

running (06m57.9s), 242/600 VUs, 772 complete and 0 interrupted iterations
saturation   [  66% ] 242/600 VUs  06m57.9s/10m30s  4.64 iters/s

running (06m58.9s), 246/600 VUs, 773 complete and 0 interrupted iterations
saturation   [  66% ] 246/600 VUs  06m58.9s/10m30s  4.65 iters/s

running (06m59.9s), 246/600 VUs, 778 complete and 0 interrupted iterations
saturation   [  67% ] 246/600 VUs  06m59.9s/10m30s  4.67 iters/s

running (07m00.9s), 247/600 VUs, 781 complete and 0 interrupted iterations
saturation   [  67% ] 247/600 VUs  07m00.9s/10m30s  4.67 iters/s

running (07m01.9s), 249/600 VUs, 784 complete and 0 interrupted iterations
saturation   [  67% ] 249/600 VUs  07m01.9s/10m30s  4.69 iters/s

running (07m02.9s), 252/600 VUs, 786 complete and 0 interrupted iterations
saturation   [  67% ] 252/600 VUs  07m02.9s/10m30s  4.70 iters/s

running (07m03.9s), 256/600 VUs, 787 complete and 0 interrupted iterations
saturation   [  67% ] 256/600 VUs  07m03.9s/10m30s  4.71 iters/s

running (07m04.9s), 255/600 VUs, 792 complete and 0 interrupted iterations
saturation   [  67% ] 255/600 VUs  07m04.9s/10m30s  4.72 iters/s

running (07m05.9s), 256/600 VUs, 796 complete and 0 interrupted iterations
saturation   [  68% ] 256/600 VUs  07m05.9s/10m30s  4.73 iters/s

running (07m06.9s), 259/600 VUs, 798 complete and 0 interrupted iterations
saturation   [  68% ] 259/600 VUs  07m06.9s/10m30s  4.74 iters/s

running (07m07.9s), 259/600 VUs, 802 complete and 0 interrupted iterations
saturation   [  68% ] 259/600 VUs  07m07.9s/10m30s  4.75 iters/s

running (07m08.9s), 262/600 VUs, 804 complete and 0 interrupted iterations
saturation   [  68% ] 262/600 VUs  07m08.9s/10m30s  4.76 iters/s

running (07m09.9s), 263/600 VUs, 808 complete and 0 interrupted iterations
saturation   [  68% ] 263/600 VUs  07m09.9s/10m30s  4.78 iters/s

running (07m10.9s), 266/600 VUs, 810 complete and 0 interrupted iterations
saturation   [  68% ] 266/600 VUs  07m10.9s/10m30s  4.79 iters/s

running (07m11.9s), 268/600 VUs, 813 complete and 0 interrupted iterations
saturation   [  69% ] 268/600 VUs  07m11.9s/10m30s  4.80 iters/s

running (07m12.9s), 269/600 VUs, 816 complete and 0 interrupted iterations
saturation   [  69% ] 269/600 VUs  07m12.9s/10m30s  4.81 iters/s

running (07m13.9s), 273/600 VUs, 817 complete and 0 interrupted iterations
saturation   [  69% ] 273/600 VUs  07m13.9s/10m30s  4.82 iters/s

running (07m14.9s), 274/600 VUs, 821 complete and 0 interrupted iterations
saturation   [  69% ] 274/600 VUs  07m14.9s/10m30s  4.83 iters/s

running (07m15.9s), 276/600 VUs, 824 complete and 0 interrupted iterations
saturation   [  69% ] 276/600 VUs  07m15.9s/10m30s  4.84 iters/s

running (07m16.9s), 277/600 VUs, 828 complete and 0 interrupted iterations
saturation   [  69% ] 277/600 VUs  07m16.9s/10m30s  4.85 iters/s

running (07m17.9s), 281/600 VUs, 829 complete and 0 interrupted iterations
saturation   [  70% ] 281/600 VUs  07m17.9s/10m30s  4.87 iters/s

running (07m18.9s), 281/600 VUs, 833 complete and 0 interrupted iterations
saturation   [  70% ] 281/600 VUs  07m18.9s/10m30s  4.88 iters/s

running (07m19.9s), 281/600 VUs, 838 complete and 0 interrupted iterations
saturation   [  70% ] 281/600 VUs  07m19.9s/10m30s  4.89 iters/s

running (07m20.9s), 286/600 VUs, 838 complete and 0 interrupted iterations
saturation   [  70% ] 286/600 VUs  07m20.9s/10m30s  4.90 iters/s

running (07m21.9s), 286/600 VUs, 843 complete and 0 interrupted iterations
saturation   [  70% ] 286/600 VUs  07m21.9s/10m30s  4.91 iters/s

running (07m22.9s), 290/600 VUs, 844 complete and 0 interrupted iterations
saturation   [  70% ] 290/600 VUs  07m22.9s/10m30s  4.92 iters/s

running (07m23.9s), 291/600 VUs, 848 complete and 0 interrupted iterations
saturation   [  70% ] 291/600 VUs  07m23.9s/10m30s  4.93 iters/s

running (07m24.9s), 293/600 VUs, 851 complete and 0 interrupted iterations
saturation   [  71% ] 293/600 VUs  07m24.9s/10m30s  4.94 iters/s

running (07m25.9s), 297/600 VUs, 852 complete and 0 interrupted iterations
saturation   [  71% ] 297/600 VUs  07m25.9s/10m30s  4.95 iters/s

running (07m26.9s), 297/600 VUs, 857 complete and 0 interrupted iterations
saturation   [  71% ] 297/600 VUs  07m26.9s/10m30s  4.97 iters/s

running (07m27.9s), 301/600 VUs, 858 complete and 0 interrupted iterations
saturation   [  71% ] 301/600 VUs  07m27.9s/10m30s  4.98 iters/s

running (07m28.9s), 302/600 VUs, 862 complete and 0 interrupted iterations
saturation   [  71% ] 302/600 VUs  07m28.9s/10m30s  4.99 iters/s

running (07m29.9s), 304/600 VUs, 865 complete and 0 interrupted iterations
saturation   [  71% ] 304/600 VUs  07m29.9s/10m30s  5.00 iters/s

running (07m30.9s), 307/600 VUs, 867 complete and 0 interrupted iterations
saturation   [  72% ] 307/600 VUs  07m30.9s/10m30s  5.01 iters/s

running (07m31.9s), 308/600 VUs, 871 complete and 0 interrupted iterations
saturation   [  72% ] 308/600 VUs  07m31.9s/10m30s  5.02 iters/s

running (07m32.9s), 309/600 VUs, 875 complete and 0 interrupted iterations
saturation   [  72% ] 309/600 VUs  07m32.9s/10m30s  5.03 iters/s

running (07m33.9s), 311/600 VUs, 878 complete and 0 interrupted iterations
saturation   [  72% ] 311/600 VUs  07m33.9s/10m30s  5.04 iters/s

running (07m34.9s), 314/600 VUs, 880 complete and 0 interrupted iterations
saturation   [  72% ] 314/600 VUs  07m34.9s/10m30s  5.05 iters/s

running (07m35.9s), 316/600 VUs, 883 complete and 0 interrupted iterations
saturation   [  72% ] 316/600 VUs  07m35.9s/10m30s  5.07 iters/s

running (07m36.9s), 318/600 VUs, 886 complete and 0 interrupted iterations
saturation   [  73% ] 318/600 VUs  07m36.9s/10m30s  5.08 iters/s

running (07m37.9s), 319/600 VUs, 890 complete and 0 interrupted iterations
saturation   [  73% ] 319/600 VUs  07m37.9s/10m30s  5.09 iters/s

running (07m38.9s), 323/600 VUs, 891 complete and 0 interrupted iterations
saturation   [  73% ] 323/600 VUs  07m38.9s/10m30s  5.10 iters/s

running (07m39.9s), 324/600 VUs, 895 complete and 0 interrupted iterations
saturation   [  73% ] 324/600 VUs  07m39.9s/10m30s  5.11 iters/s

running (07m40.9s), 326/600 VUs, 898 complete and 0 interrupted iterations
saturation   [  73% ] 326/600 VUs  07m40.9s/10m30s  5.12 iters/s

running (07m41.9s), 329/600 VUs, 900 complete and 0 interrupted iterations
saturation   [  73% ] 329/600 VUs  07m41.9s/10m30s  5.13 iters/s

running (07m42.9s), 331/600 VUs, 904 complete and 0 interrupted iterations
saturation   [  73% ] 331/600 VUs  07m42.9s/10m30s  5.14 iters/s

running (07m43.9s), 335/600 VUs, 905 complete and 0 interrupted iterations
saturation   [  74% ] 335/600 VUs  07m43.9s/10m30s  5.15 iters/s

running (07m44.9s), 336/600 VUs, 909 complete and 0 interrupted iterations
saturation   [  74% ] 336/600 VUs  07m44.9s/10m30s  5.17 iters/s

running (07m45.9s), 338/600 VUs, 912 complete and 0 interrupted iterations
saturation   [  74% ] 338/600 VUs  07m45.9s/10m30s  5.18 iters/s

running (07m46.9s), 339/600 VUs, 916 complete and 0 interrupted iterations
saturation   [  74% ] 339/600 VUs  07m46.9s/10m30s  5.19 iters/s

running (07m47.9s), 343/600 VUs, 917 complete and 0 interrupted iterations
saturation   [  74% ] 343/600 VUs  07m47.9s/10m30s  5.20 iters/s

running (07m48.9s), 345/600 VUs, 921 complete and 0 interrupted iterations
saturation   [  74% ] 345/600 VUs  07m48.9s/10m30s  5.21 iters/s

running (07m49.9s), 347/600 VUs, 924 complete and 0 interrupted iterations
saturation   [  75% ] 347/600 VUs  07m49.9s/10m30s  5.22 iters/s

running (07m50.9s), 349/600 VUs, 927 complete and 0 interrupted iterations
saturation   [  75% ] 349/600 VUs  07m50.9s/10m30s  5.23 iters/s

running (07m51.9s), 352/600 VUs, 929 complete and 0 interrupted iterations
saturation   [  75% ] 352/600 VUs  07m51.9s/10m30s  5.24 iters/s

running (07m52.9s), 355/600 VUs, 932 complete and 0 interrupted iterations
saturation   [  75% ] 355/600 VUs  07m52.9s/10m30s  5.25 iters/s

running (07m53.9s), 355/600 VUs, 937 complete and 0 interrupted iterations
saturation   [  75% ] 355/600 VUs  07m53.9s/10m30s  5.27 iters/s

running (07m54.9s), 359/600 VUs, 938 complete and 0 interrupted iterations
saturation   [  75% ] 359/600 VUs  07m54.9s/10m30s  5.28 iters/s

running (07m55.9s), 359/600 VUs, 943 complete and 0 interrupted iterations
saturation   [  76% ] 359/600 VUs  07m55.9s/10m30s  5.29 iters/s

running (07m56.9s), 363/600 VUs, 945 complete and 0 interrupted iterations
saturation   [  76% ] 363/600 VUs  07m56.9s/10m30s  5.30 iters/s

running (07m57.9s), 365/600 VUs, 948 complete and 0 interrupted iterations
saturation   [  76% ] 365/600 VUs  07m57.9s/10m30s  5.31 iters/s

running (07m58.9s), 367/600 VUs, 951 complete and 0 interrupted iterations
saturation   [  76% ] 367/600 VUs  07m58.9s/10m30s  5.32 iters/s

running (07m59.9s), 370/600 VUs, 954 complete and 0 interrupted iterations
saturation   [  76% ] 370/600 VUs  07m59.9s/10m30s  5.33 iters/s

running (08m00.9s), 371/600 VUs, 958 complete and 0 interrupted iterations
saturation   [  76% ] 371/600 VUs  08m00.9s/10m30s  5.34 iters/s

running (08m01.9s), 374/600 VUs, 960 complete and 0 interrupted iterations
saturation   [  76% ] 374/600 VUs  08m01.9s/10m30s  5.35 iters/s

running (08m02.9s), 379/600 VUs, 961 complete and 0 interrupted iterations
saturation   [  77% ] 379/600 VUs  08m02.9s/10m30s  5.37 iters/s

running (08m03.9s), 379/600 VUs, 966 complete and 0 interrupted iterations
saturation   [  77% ] 379/600 VUs  08m03.9s/10m30s  5.38 iters/s

running (08m04.9s), 384/600 VUs, 966 complete and 0 interrupted iterations
saturation   [  77% ] 384/600 VUs  08m04.9s/10m30s  5.39 iters/s

running (08m05.9s), 385/600 VUs, 971 complete and 0 interrupted iterations
saturation   [  77% ] 385/600 VUs  08m05.9s/10m30s  5.40 iters/s

running (08m06.9s), 388/600 VUs, 973 complete and 0 interrupted iterations
saturation   [  77% ] 388/600 VUs  08m06.9s/10m30s  5.41 iters/s

running (08m07.9s), 393/600 VUs, 974 complete and 0 interrupted iterations
saturation   [  77% ] 393/600 VUs  08m07.9s/10m30s  5.42 iters/s
time="2026-08-10T12:30:46Z" level=warning msg="Request Failed" error="Post \"http://localhost:29010/management/v3/catalog/request\": request timeout"
time="2026-08-10T12:30:46Z" level=warning msg="Request Failed" error="Post \"http://localhost:29010/management/v3/catalog/request\": request timeout"

running (08m08.9s), 392/600 VUs, 980 complete and 0 interrupted iterations
saturation   [  78% ] 392/600 VUs  08m08.9s/10m30s  5.43 iters/s
time="2026-08-10T12:30:46Z" level=warning msg="Request Failed" error="Post \"http://localhost:29010/management/v3/catalog/request\": request timeout"
time="2026-08-10T12:30:46Z" level=warning msg="Request Failed" error="Post \"http://localhost:29010/management/v3/catalog/request\": request timeout"
time="2026-08-10T12:30:47Z" level=warning msg="Request Failed" error="Post \"http://localhost:29010/management/v3/catalog/request\": request timeout"
time="2026-08-10T12:30:47Z" level=warning msg="Request Failed" error="Post \"http://localhost:29010/management/v3/catalog/request\": request timeout"
time="2026-08-10T12:30:47Z" level=warning msg="Request Failed" error="Post \"http://localhost:29010/management/v3/catalog/request\": request timeout"

running (08m09.9s), 388/600 VUs, 990 complete and 0 interrupted iterations
saturation   [  78% ] 388/600 VUs  08m09.9s/10m30s  5.44 iters/s
time="2026-08-10T12:30:47Z" level=warning msg="Request Failed" error="Post \"http://localhost:29010/management/v3/catalog/request\": request timeout"
time="2026-08-10T12:30:47Z" level=warning msg="Request Failed" error="Post \"http://localhost:29010/management/v3/catalog/request\": request timeout"
time="2026-08-10T12:30:48Z" level=warning msg="Request Failed" error="Post \"http://localhost:29010/management/v3/catalog/request\": request timeout"
time="2026-08-10T12:30:48Z" level=warning msg="Request Failed" error="Post \"http://localhost:29010/management/v3/catalog/request\": request timeout"
time="2026-08-10T12:30:48Z" level=warning msg="Request Failed" error="Post \"http://localhost:29010/management/v3/catalog/request\": request timeout"

running (08m10.9s), 387/600 VUs, 996 complete and 0 interrupted iterations
saturation   [  78% ] 387/600 VUs  08m10.9s/10m30s  5.45 iters/s
time="2026-08-10T12:30:48Z" level=warning msg="Request Failed" error="Post \"http://localhost:29010/management/v3/catalog/request\": request timeout"
time="2026-08-10T12:30:49Z" level=warning msg="Request Failed" error="Post \"http://localhost:29010/management/v3/catalog/request\": request timeout"
time="2026-08-10T12:30:49Z" level=warning msg="Request Failed" error="Post \"http://localhost:29010/management/v3/catalog/request\": request timeout"
time="2026-08-10T12:30:49Z" level=warning msg="Request Failed" error="Post \"http://localhost:29010/management/v3/catalog/request\": request timeout"

running (08m11.9s), 386/600 VUs, 1002 complete and 0 interrupted iterations
saturation   [  78% ] 386/600 VUs  08m11.9s/10m30s  5.46 iters/s
time="2026-08-10T12:30:49Z" level=warning msg="Request Failed" error="Post \"http://localhost:29010/management/v3/catalog/request\": request timeout"
time="2026-08-10T12:30:50Z" level=warning msg="Request Failed" error="Post \"http://localhost:29010/management/v3/catalog/request\": request timeout"
time="2026-08-10T12:30:50Z" level=warning msg="Request Failed" error="Post \"http://localhost:29010/management/v3/catalog/request\": request timeout"
time="2026-08-10T12:30:50Z" level=warning msg="Request Failed" error="Post \"http://localhost:29010/management/v3/catalog/request\": request timeout"

running (08m12.9s), 383/600 VUs, 1011 complete and 0 interrupted iterations
saturation   [  78% ] 383/600 VUs  08m12.9s/10m30s  5.48 iters/s
time="2026-08-10T12:30:50Z" level=warning msg="Request Failed" error="Post \"http://localhost:29010/management/v3/catalog/request\": request timeout"
time="2026-08-10T12:30:50Z" level=warning msg="Request Failed" error="Post \"http://localhost:29010/management/v3/catalog/request\": request timeout"
time="2026-08-10T12:30:51Z" level=warning msg="Request Failed" error="Post \"http://localhost:29010/management/v3/catalog/request\": request timeout"
time="2026-08-10T12:30:51Z" level=warning msg="Request Failed" error="Post \"http://localhost:29010/management/v3/catalog/request\": request timeout"
time="2026-08-10T12:30:51Z" level=warning msg="Request Failed" error="Post \"http://localhost:29010/management/v3/catalog/request\": request timeout"

running (08m13.9s), 380/600 VUs, 1019 complete and 0 interrupted iterations
saturation   [  78% ] 380/600 VUs  08m13.9s/10m30s  5.49 iters/s
time="2026-08-10T12:30:51Z" level=warning msg="Request Failed" error="Post \"http://localhost:29010/management/v3/catalog/request\": request timeout"
time="2026-08-10T12:30:51Z" level=warning msg="Request Failed" error="Post \"http://localhost:29010/management/v3/catalog/request\": request timeout"
time="2026-08-10T12:30:52Z" level=warning msg="Request Failed" error="Post \"http://localhost:29010/management/v3/catalog/request\": request timeout"
time="2026-08-10T12:30:52Z" level=warning msg="Request Failed" error="Post \"http://localhost:29010/management/v3/catalog/request\": request timeout"
time="2026-08-10T12:30:52Z" level=warning msg="Request Failed" error="Post \"http://localhost:29010/management/v3/catalog/request\": request timeout"

running (08m14.9s), 380/600 VUs, 1025 complete and 0 interrupted iterations
saturation   [  79% ] 380/600 VUs  08m14.9s/10m30s  5.50 iters/s
time="2026-08-10T12:30:52Z" level=warning msg="Request Failed" error="Post \"http://localhost:29010/management/v3/catalog/request\": request timeout"
time="2026-08-10T12:30:52Z" level=warning msg="Request Failed" error="Post \"http://localhost:29010/management/v3/catalog/request\": request timeout"
time="2026-08-10T12:30:53Z" level=warning msg="Request Failed" error="Post \"http://localhost:29010/management/v3/catalog/request\": request timeout"
time="2026-08-10T12:30:53Z" level=warning msg="Request Failed" error="Post \"http://localhost:29010/management/v3/catalog/request\": request timeout"
time="2026-08-10T12:30:53Z" level=warning msg="Request Failed" error="Post \"http://localhost:29010/management/v3/catalog/request\": request timeout"

running (08m15.9s), 375/600 VUs, 1035 complete and 0 interrupted iterations
saturation   [  79% ] 375/600 VUs  08m15.9s/10m30s  5.51 iters/s
time="2026-08-10T12:30:53Z" level=warning msg="Request Failed" error="Post \"http://localhost:29010/management/v3/catalog/request\": request timeout"
time="2026-08-10T12:30:53Z" level=warning msg="Request Failed" error="Post \"http://localhost:29010/management/v3/catalog/request\": request timeout"
time="2026-08-10T12:30:54Z" level=warning msg="Request Failed" error="Post \"http://localhost:29010/management/v3/catalog/request\": request timeout"
time="2026-08-10T12:30:54Z" level=warning msg="Request Failed" error="Post \"http://localhost:29010/management/v3/catalog/request\": request timeout"
time="2026-08-10T12:30:54Z" level=warning msg="Request Failed" error="Post \"http://localhost:29010/management/v3/catalog/request\": request timeout"

running (08m16.9s), 374/600 VUs, 1042 complete and 0 interrupted iterations
saturation   [  79% ] 374/600 VUs  08m16.9s/10m30s  5.52 iters/s
time="2026-08-10T12:30:54Z" level=warning msg="Request Failed" error="Post \"http://localhost:29010/management/v3/catalog/request\": request timeout"
time="2026-08-10T12:30:55Z" level=warning msg="Request Failed" error="Post \"http://localhost:29010/management/v3/catalog/request\": request timeout"
time="2026-08-10T12:30:55Z" level=warning msg="Request Failed" error="Post \"http://localhost:29010/management/v3/catalog/request\": request timeout"
time="2026-08-10T12:30:55Z" level=warning msg="Request Failed" error="Post \"http://localhost:29010/management/v3/catalog/request\": request timeout"
time="2026-08-10T12:30:55Z" level=warning msg="Request Failed" error="Post \"http://localhost:29010/management/v3/catalog/request\": request timeout"

running (08m17.9s), 372/600 VUs, 1049 complete and 0 interrupted iterations
saturation   [  79% ] 372/600 VUs  08m17.9s/10m30s  5.53 iters/s
time="2026-08-10T12:30:55Z" level=warning msg="Request Failed" error="Post \"http://localhost:29010/management/v3/catalog/request\": request timeout"
time="2026-08-10T12:30:56Z" level=warning msg="Request Failed" error="Post \"http://localhost:29010/management/v3/catalog/request\": request timeout"
time="2026-08-10T12:30:56Z" level=warning msg="Request Failed" error="Post \"http://localhost:29010/management/v3/catalog/request\": request timeout"
time="2026-08-10T12:30:56Z" level=warning msg="Request Failed" error="Post \"http://localhost:29010/management/v3/catalog/request\": request timeout"

running (08m18.9s), 370/600 VUs, 1057 complete and 0 interrupted iterations
saturation   [  79% ] 370/600 VUs  08m18.9s/10m30s  5.54 iters/s
time="2026-08-10T12:30:56Z" level=warning msg="Request Failed" error="Post \"http://localhost:29010/management/v3/catalog/request\": request timeout"
time="2026-08-10T12:30:56Z" level=warning msg="Request Failed" error="Post \"http://localhost:29010/management/v3/catalog/request\": request timeout"
time="2026-08-10T12:30:57Z" level=warning msg="Request Failed" error="Post \"http://localhost:29010/management/v3/catalog/request\": request timeout"
time="2026-08-10T12:30:57Z" level=warning msg="Request Failed" error="Post \"http://localhost:29010/management/v3/catalog/request\": request timeout"
time="2026-08-10T12:30:57Z" level=warning msg="Request Failed" error="Post \"http://localhost:29010/management/v3/catalog/request\": request timeout"

running (08m19.9s), 369/600 VUs, 1064 complete and 0 interrupted iterations
saturation   [  79% ] 369/600 VUs  08m19.9s/10m30s  5.55 iters/s
time="2026-08-10T12:30:57Z" level=warning msg="Request Failed" error="Post \"http://localhost:29010/management/v3/catalog/request\": request timeout"
time="2026-08-10T12:30:57Z" level=warning msg="Request Failed" error="Post \"http://localhost:29010/management/v3/catalog/request\": request timeout"
time="2026-08-10T12:30:58Z" level=warning msg="Request Failed" error="Post \"http://localhost:29010/management/v3/catalog/request\": request timeout"
time="2026-08-10T12:30:58Z" level=warning msg="Request Failed" error="Post \"http://localhost:29010/management/v3/catalog/request\": request timeout"
time="2026-08-10T12:30:58Z" level=warning msg="Request Failed" error="Post \"http://localhost:29010/management/v3/catalog/request\": request timeout"

running (08m20.9s), 365/600 VUs, 1073 complete and 0 interrupted iterations
saturation   [  80% ] 365/600 VUs  08m20.9s/10m30s  5.56 iters/s
time="2026-08-10T12:30:58Z" level=warning msg="Request Failed" error="Post \"http://localhost:29010/management/v3/catalog/request\": request timeout"
time="2026-08-10T12:30:58Z" level=warning msg="Request Failed" error="Post \"http://localhost:29010/management/v3/catalog/request\": request timeout"
time="2026-08-10T12:30:59Z" level=warning msg="Request Failed" error="Post \"http://localhost:29010/management/v3/catalog/request\": request timeout"
time="2026-08-10T12:30:59Z" level=warning msg="Request Failed" error="Post \"http://localhost:29010/management/v3/catalog/request\": request timeout"
time="2026-08-10T12:30:59Z" level=warning msg="Request Failed" error="Post \"http://localhost:29010/management/v3/catalog/request\": request timeout"

running (08m21.9s), 364/600 VUs, 1080 complete and 0 interrupted iterations
saturation   [  80% ] 364/600 VUs  08m21.9s/10m30s  5.58 iters/s
time="2026-08-10T12:30:59Z" level=warning msg="Request Failed" error="Post \"http://localhost:29010/management/v3/catalog/request\": request timeout"
time="2026-08-10T12:30:59Z" level=warning msg="Request Failed" error="Post \"http://localhost:29010/management/v3/catalog/request\": request timeout"
time="2026-08-10T12:31:00Z" level=warning msg="Request Failed" error="Post \"http://localhost:29010/management/v3/catalog/request\": request timeout"
time="2026-08-10T12:31:00Z" level=warning msg="Request Failed" error="Post \"http://localhost:29010/management/v3/catalog/request\": request timeout"
time="2026-08-10T12:31:00Z" level=warning msg="Request Failed" error="Post \"http://localhost:29010/management/v3/catalog/request\": request timeout"

running (08m22.9s), 359/600 VUs, 1090 complete and 0 interrupted iterations
saturation   [  80% ] 359/600 VUs  08m22.9s/10m30s  5.59 iters/s
time="2026-08-10T12:31:00Z" level=warning msg="Request Failed" error="Post \"http://localhost:29010/management/v3/catalog/request\": request timeout"
time="2026-08-10T12:31:00Z" level=warning msg="Request Failed" error="Post \"http://localhost:29010/management/v3/catalog/request\": request timeout"
time="2026-08-10T12:31:01Z" level=warning msg="Request Failed" error="Post \"http://localhost:29010/management/v3/catalog/request\": request timeout"
time="2026-08-10T12:31:01Z" level=warning msg="Request Failed" error="Post \"http://localhost:29010/management/v3/catalog/request\": request timeout"
time="2026-08-10T12:31:01Z" level=warning msg="Request Failed" error="Post \"http://localhost:29010/management/v3/catalog/request\": request timeout"

running (08m23.9s), 357/600 VUs, 1098 complete and 0 interrupted iterations
saturation   [  80% ] 357/600 VUs  08m23.9s/10m30s  5.60 iters/s
time="2026-08-10T12:31:01Z" level=warning msg="Request Failed" error="Post \"http://localhost:29010/management/v3/catalog/request\": request timeout"
time="2026-08-10T12:31:01Z" level=warning msg="Request Failed" error="Post \"http://localhost:29010/management/v3/catalog/request\": request timeout"
time="2026-08-10T12:31:02Z" level=warning msg="Request Failed" error="Post \"http://localhost:29010/management/v3/catalog/request\": request timeout"
time="2026-08-10T12:31:02Z" level=warning msg="Request Failed" error="Post \"http://localhost:29010/management/v3/catalog/request\": request timeout"
time="2026-08-10T12:31:02Z" level=warning msg="Request Failed" error="Post \"http://localhost:29010/management/v3/catalog/request\": request timeout"

running (08m24.9s), 355/600 VUs, 1105 complete and 0 interrupted iterations
saturation   [  80% ] 355/600 VUs  08m24.9s/10m30s  5.61 iters/s
time="2026-08-10T12:31:02Z" level=warning msg="Request Failed" error="Post \"http://localhost:29010/management/v3/catalog/request\": request timeout"
time="2026-08-10T12:31:02Z" level=warning msg="Request Failed" error="Post \"http://localhost:29010/management/v3/catalog/request\": request timeout"
time="2026-08-10T12:31:03Z" level=warning msg="Request Failed" error="Post \"http://localhost:29010/management/v3/catalog/request\": request timeout"
time="2026-08-10T12:31:03Z" level=warning msg="Request Failed" error="Post \"http://localhost:29010/management/v3/catalog/request\": request timeout"
time="2026-08-10T12:31:03Z" level=warning msg="Request Failed" error="Post \"http://localhost:29010/management/v3/catalog/request\": request timeout"

running (08m25.9s), 354/600 VUs, 1112 complete and 0 interrupted iterations
saturation   [  80% ] 354/600 VUs  08m25.9s/10m30s  5.62 iters/s
time="2026-08-10T12:31:03Z" level=warning msg="Request Failed" error="Post \"http://localhost:29010/management/v3/catalog/request\": request timeout"
time="2026-08-10T12:31:03Z" level=warning msg="Request Failed" error="Post \"http://localhost:29010/management/v3/catalog/request\": request timeout"
time="2026-08-10T12:31:04Z" level=warning msg="Request Failed" error="Post \"http://localhost:29010/management/v3/catalog/request\": request timeout"
time="2026-08-10T12:31:04Z" level=warning msg="Request Failed" error="Post \"http://localhost:29010/management/v3/catalog/request\": request timeout"
time="2026-08-10T12:31:04Z" level=warning msg="Request Failed" error="Post \"http://localhost:29010/management/v3/catalog/request\": request timeout"

running (08m26.9s), 351/600 VUs, 1121 complete and 0 interrupted iterations
saturation   [  80% ] 351/600 VUs  08m26.9s/10m30s  5.63 iters/s
time="2026-08-10T12:31:04Z" level=warning msg="Request Failed" error="Post \"http://localhost:29010/management/v3/catalog/request\": request timeout"
time="2026-08-10T12:31:04Z" level=warning msg="Request Failed" error="Post \"http://localhost:29010/management/v3/catalog/request\": request timeout"
time="2026-08-10T12:31:05Z" level=warning msg="Request Failed" error="Post \"http://localhost:29010/management/v3/catalog/request\": request timeout"
time="2026-08-10T12:31:05Z" level=warning msg="Request Failed" error="Post \"http://localhost:29010/management/v3/catalog/request\": request timeout"
time="2026-08-10T12:31:05Z" level=warning msg="Request Failed" error="Post \"http://localhost:29010/management/v3/catalog/request\": request timeout"

running (08m27.9s), 350/600 VUs, 1127 complete and 0 interrupted iterations
saturation   [  81% ] 350/600 VUs  08m27.9s/10m30s  5.64 iters/s
time="2026-08-10T12:31:05Z" level=warning msg="Request Failed" error="Post \"http://localhost:29010/management/v3/catalog/request\": request timeout"
time="2026-08-10T12:31:05Z" level=warning msg="Request Failed" error="Post \"http://localhost:29010/management/v3/catalog/request\": request timeout"
time="2026-08-10T12:31:06Z" level=warning msg="Request Failed" error="Post \"http://localhost:29010/management/v3/catalog/request\": request timeout"
time="2026-08-10T12:31:06Z" level=warning msg="Request Failed" error="Post \"http://localhost:29010/management/v3/catalog/request\": request timeout"
time="2026-08-10T12:31:06Z" level=warning msg="Request Failed" error="Post \"http://localhost:29010/management/v3/catalog/request\": request timeout"

running (08m28.9s), 347/600 VUs, 1136 complete and 0 interrupted iterations
saturation   [  81% ] 347/600 VUs  08m28.9s/10m30s  5.65 iters/s
time="2026-08-10T12:31:06Z" level=warning msg="Request Failed" error="Post \"http://localhost:29010/management/v3/catalog/request\": request timeout"
time="2026-08-10T12:31:06Z" level=warning msg="Request Failed" error="Post \"http://localhost:29010/management/v3/catalog/request\": request timeout"
time="2026-08-10T12:31:07Z" level=warning msg="Request Failed" error="Post \"http://localhost:29010/management/v3/catalog/request\": request timeout"
time="2026-08-10T12:31:07Z" level=warning msg="Request Failed" error="Post \"http://localhost:29010/management/v3/catalog/request\": request timeout"
time="2026-08-10T12:31:07Z" level=warning msg="Request Failed" error="Post \"http://localhost:29010/management/v3/catalog/request\": request timeout"

running (08m29.9s), 346/600 VUs, 1143 complete and 0 interrupted iterations
saturation   [  81% ] 346/600 VUs  08m29.9s/10m30s  5.67 iters/s
time="2026-08-10T12:31:07Z" level=warning msg="Request Failed" error="Post \"http://localhost:29010/management/v3/catalog/request\": request timeout"
time="2026-08-10T12:31:07Z" level=warning msg="Request Failed" error="Post \"http://localhost:29010/management/v3/catalog/request\": request timeout"
time="2026-08-10T12:31:08Z" level=warning msg="Request Failed" error="Post \"http://localhost:29010/management/v3/catalog/request\": request timeout"
time="2026-08-10T12:31:08Z" level=warning msg="Request Failed" error="Post \"http://localhost:29010/management/v3/catalog/request\": request timeout"
time="2026-08-10T12:31:08Z" level=warning msg="Request Failed" error="Post \"http://localhost:29010/management/v3/catalog/request\": request timeout"

running (08m30.9s), 343/600 VUs, 1151 complete and 0 interrupted iterations
saturation   [  81% ] 343/600 VUs  08m30.9s/10m30s  5.68 iters/s
time="2026-08-10T12:31:08Z" level=warning msg="Request Failed" error="Post \"http://localhost:29010/management/v3/catalog/request\": request timeout"
time="2026-08-10T12:31:08Z" level=warning msg="Request Failed" error="Post \"http://localhost:29010/management/v3/catalog/request\": request timeout"
time="2026-08-10T12:31:09Z" level=warning msg="Request Failed" error="Post \"http://localhost:29010/management/v3/catalog/request\": request timeout"
time="2026-08-10T12:31:09Z" level=warning msg="Request Failed" error="Post \"http://localhost:29010/management/v3/catalog/request\": request timeout"
time="2026-08-10T12:31:09Z" level=warning msg="Request Failed" error="Post \"http://localhost:29010/management/v3/catalog/request\": request timeout"

running (08m31.9s), 341/600 VUs, 1159 complete and 0 interrupted iterations
saturation   [  81% ] 341/600 VUs  08m31.9s/10m30s  5.69 iters/s
time="2026-08-10T12:31:09Z" level=warning msg="Request Failed" error="Post \"http://localhost:29010/management/v3/catalog/request\": request timeout"
time="2026-08-10T12:31:09Z" level=warning msg="Request Failed" error="Post \"http://localhost:29010/management/v3/catalog/request\": request timeout"
time="2026-08-10T12:31:10Z" level=warning msg="Request Failed" error="Post \"http://localhost:29010/management/v3/catalog/request\": request timeout"
time="2026-08-10T12:31:10Z" level=warning msg="Request Failed" error="Post \"http://localhost:29010/management/v3/catalog/request\": request timeout"
time="2026-08-10T12:31:10Z" level=warning msg="Request Failed" error="Post \"http://localhost:29010/management/v3/catalog/request\": request timeout"

running (08m32.9s), 339/600 VUs, 1167 complete and 0 interrupted iterations
saturation   [  81% ] 339/600 VUs  08m32.9s/10m30s  5.70 iters/s
time="2026-08-10T12:31:10Z" level=warning msg="Request Failed" error="Post \"http://localhost:29010/management/v3/catalog/request\": request timeout"
time="2026-08-10T12:31:10Z" level=warning msg="Request Failed" error="Post \"http://localhost:29010/management/v3/catalog/request\": request timeout"
time="2026-08-10T12:31:11Z" level=warning msg="Request Failed" error="Post \"http://localhost:29010/management/v3/catalog/request\": request timeout"
time="2026-08-10T12:31:11Z" level=warning msg="Request Failed" error="Post \"http://localhost:29010/management/v3/catalog/request\": request timeout"
time="2026-08-10T12:31:11Z" level=warning msg="Request Failed" error="Post \"http://localhost:29010/management/v3/catalog/request\": request timeout"

running (08m33.9s), 335/600 VUs, 1176 complete and 0 interrupted iterations
saturation   [  82% ] 335/600 VUs  08m33.9s/10m30s  5.71 iters/s
time="2026-08-10T12:31:11Z" level=warning msg="Request Failed" error="Post \"http://localhost:29010/management/v3/catalog/request\": request timeout"
time="2026-08-10T12:31:11Z" level=warning msg="Request Failed" error="Post \"http://localhost:29010/management/v3/catalog/request\": request timeout"
time="2026-08-10T12:31:12Z" level=warning msg="Request Failed" error="Post \"http://localhost:29010/management/v3/catalog/request\": request timeout"
time="2026-08-10T12:31:12Z" level=warning msg="Request Failed" error="Post \"http://localhost:29010/management/v3/catalog/request\": request timeout"
time="2026-08-10T12:31:12Z" level=warning msg="Request Failed" error="Post \"http://localhost:29010/management/v3/catalog/request\": request timeout"

running (08m34.9s), 334/600 VUs, 1183 complete and 0 interrupted iterations
saturation   [  82% ] 334/600 VUs  08m34.9s/10m30s  5.72 iters/s
time="2026-08-10T12:31:12Z" level=warning msg="Request Failed" error="Post \"http://localhost:29010/management/v3/catalog/request\": request timeout"
time="2026-08-10T12:31:12Z" level=warning msg="Request Failed" error="Post \"http://localhost:29010/management/v3/catalog/request\": request timeout"
time="2026-08-10T12:31:13Z" level=warning msg="Request Failed" error="Post \"http://localhost:29010/management/v3/catalog/request\": request timeout"
time="2026-08-10T12:31:13Z" level=warning msg="Request Failed" error="Post \"http://localhost:29010/management/v3/catalog/request\": request timeout"
time="2026-08-10T12:31:13Z" level=warning msg="Request Failed" error="Post \"http://localhost:29010/management/v3/catalog/request\": request timeout"

running (08m35.9s), 332/600 VUs, 1191 complete and 0 interrupted iterations
saturation   [  82% ] 332/600 VUs  08m35.9s/10m30s  5.73 iters/s

================ DSP benchmark summary ================
-- per-phase latency --
  catalog                    p50=10310.8 ms  p95=60000.5 ms  p99=60000.9 ms  max=60003.0 ms  n=1200
  negotiation init (POST)    p50=42.1 ms  p95=99.4 ms  p99=129.2 ms  max=213.3 ms  n=1066
  time-to-AGREED (async)     p50=3818.0 ms  p95=24011.0 ms  p99=29908.7 ms  max=30228.0 ms  n=590
  transfer init (POST)       p50=50.7 ms  p95=104.5 ms  p99=122.2 ms  max=155.9 ms  n=590
  time-to-EDR (async)        p50=3296.0 ms  p95=19213.2 ms  p99=24999.0 ms  max=27595.0 ms  n=590
  data pull                  p50=25.5 ms  p95=45.0 ms  p99=59.9 ms  max=271.3 ms  n=590
-- end-to-end + throughput --
  e2e transaction            p50=8179.5 ms  p95=51278.6 ms  p99=64190.1 ms  max=65814.0 ms  n=590
  data throughput (MB/s)     p50=0.2  p95=0.2  p99=0.2  max=0.2  n=590
-- outcomes --
  transactions succeeded     count=590  rate=1.144/s
  transactions failed        count=601  rate=1.165/s
  failed rate                rate=50.46%  (pass=601 fail=590)
    of which TERMINATED      (no data)
    of which TIMED OUT       count=467  rate=0.905/s
    of which HTTP-FAILED     count=134  rate=0.260/s
  failure accounting       601/601 classified  (complete)
-- observer effect (poll load) --
  negotiation polls          count=72715  rate=140.938/s
  edr polls                  count=13800  rate=26.748/s
  polls per transaction     negotiation=61.1  edr=11.6  (timeout ceiling=120)
=======================================================
(full summary -> /home/rohitj/edc/benchmarking-factoryx-edc/resources/local-fx-mvd/k6-scripts/results/factoryx/on/saturation-open/2026-08-10T12-20-48Z/k6-summary.json; POLL_INTERVAL_MS=250; IDENTITY_MODE=on)

running (08m35.9s), 000/600 VUs, 1191 complete and 332 interrupted iterations
saturation ✗ [  82% ] 332/600 VUs  08m35.9s/10m30s  5.73 iters/s
time="2026-08-10T12:31:13Z" level=error msg="thresholds on metrics 'dsp_transaction_failed_rate' were crossed; at least one has abortOnFail enabled, stopping test prematurely"
Prometheus snapshot [1786364557..1786365088] svc=(provider-controlplane|provider-dataplane|consumer-controlplane|consumer-dataplane) win=1m -> /home/rohitj/edc/benchmarking-factoryx-edc/resources/local-fx-mvd/k6-scripts/results/factoryx/on/saturation-open/2026-08-10T12-20-48Z
  jvm-heap.csv (428 rows)
  jvm-gc-rate.csv (428 rows)
  jvm-threads.csv (428 rows)
  http-throughput.csv (428 rows)
  http-p95.csv (428 rows)
  http-errors.csv (214 rows)
  http-errors-5xx.csv (107 rows)
  http-status.csv (428 rows)
  host-cpu-busy.csv (107 rows)
  host-mem-used.csv (107 rows)
  5xx: 5xx PRESENT (107 samples) — connector-side faults, see http-errors-5xx.csv
  logs -> /home/rohitj/edc/benchmarking-factoryx-edc/resources/local-fx-mvd/k6-scripts/results/factoryx/on/saturation-open/2026-08-10T12-20-48Z/logs (4 files)
    consumer-controlplane.log:1430
    consumer-dataplane.log:0
    provider-controlplane.log:0
    provider-dataplane.log:0
Settling 60s (this run stressed the connector; the next one must not inherit its backlog)
VALIDITY  ok=590  failed=601  failed_rate=50%  dropped_iterations=0  <-- >5% FAILURES: past the knee, not a valid operating point
>>> done: /home/rohitj/edc/benchmarking-factoryx-edc/resources/local-fx-mvd/k6-scripts/results/factoryx/on/saturation-open/2026-08-10T12-20-48Z  (k6 exit 99)
  (saturation-open rep 2 exited non-zero)
===== repetition 3/3 =====
----- factoryx / saturation-open (rep 3) -----
>>> factoryx / saturation-open  ->  /home/rohitj/edc/benchmarking-factoryx-edc/resources/local-fx-mvd/k6-scripts/results/factoryx/on/saturation-open/2026-08-10T12-32-29Z
parity OK: lib/ + scenarios/ + orchestration/ + tools/ identical to /home/rohitj/edc/benchmarking-factoryx-edc/resources/local-fx-mvd/k6-scripts
Health: http://localhost:29010/management + prometheus  OK
Warmup 60s @ 1/s (discarded)
  (warmup non-zero exit ignored)
  draining 20s before the measured window opens
k6 -> Prometheus remote-write: http://localhost:9090/api/v1/write

         /\      Grafana   /‾‾/  
    /\  /  \     |\  __   /  /   
   /  \/    \    | |/ /  /   ‾‾\ 
  /          \   |   (  |  (‾)  |
 / __________ \  |_|\_\  \_____/ 


     execution: local
        script: /home/rohitj/edc/benchmarking-factoryx-edc/resources/local-fx-mvd/k6-scripts/scenarios/saturation-open.js
        output: Prometheus remote write (http://localhost:9090/api/v1/write)

     scenarios: (100.00%) 1 scenario, 800 max VUs, 11m0s max duration (incl. graceful stop):
              * saturation: Up to 6.00 iterations/s for 10m30s over 7 stages (maxVUs: 600-800, gracefulStop: 30s)


running (00m00.9s), 000/600 VUs, 0 complete and 0 interrupted iterations
saturation   [   0% ] 000/600 VUs  00m00.9s/10m30s  1.00 iters/s

running (00m01.9s), 001/600 VUs, 0 complete and 0 interrupted iterations
saturation   [   0% ] 001/600 VUs  00m01.9s/10m30s  1.00 iters/s

running (00m02.9s), 002/600 VUs, 0 complete and 0 interrupted iterations
saturation   [   0% ] 002/600 VUs  00m02.9s/10m30s  1.00 iters/s

running (00m03.9s), 003/600 VUs, 0 complete and 0 interrupted iterations
saturation   [   1% ] 003/600 VUs  00m03.9s/10m30s  1.00 iters/s

running (00m04.9s), 004/600 VUs, 0 complete and 0 interrupted iterations
saturation   [   1% ] 004/600 VUs  00m04.9s/10m30s  1.00 iters/s

running (00m05.9s), 005/600 VUs, 0 complete and 0 interrupted iterations
saturation   [   1% ] 005/600 VUs  00m05.9s/10m30s  1.00 iters/s

running (00m06.9s), 006/600 VUs, 0 complete and 0 interrupted iterations
saturation   [   1% ] 006/600 VUs  00m06.9s/10m30s  1.00 iters/s

running (00m07.9s), 004/600 VUs, 3 complete and 0 interrupted iterations
saturation   [   1% ] 004/600 VUs  00m07.9s/10m30s  1.00 iters/s

running (00m08.9s), 005/600 VUs, 3 complete and 0 interrupted iterations
saturation   [   1% ] 005/600 VUs  00m08.9s/10m30s  1.00 iters/s

running (00m09.9s), 005/600 VUs, 4 complete and 0 interrupted iterations
saturation   [   2% ] 005/600 VUs  00m09.9s/10m30s  1.00 iters/s

running (00m10.9s), 004/600 VUs, 6 complete and 0 interrupted iterations
saturation   [   2% ] 004/600 VUs  00m10.9s/10m30s  1.00 iters/s

running (00m11.9s), 004/600 VUs, 7 complete and 0 interrupted iterations
saturation   [   2% ] 004/600 VUs  00m11.9s/10m30s  1.00 iters/s

running (00m12.9s), 004/600 VUs, 8 complete and 0 interrupted iterations
saturation   [   2% ] 004/600 VUs  00m12.9s/10m30s  1.00 iters/s

running (00m13.9s), 005/600 VUs, 8 complete and 0 interrupted iterations
saturation   [   2% ] 005/600 VUs  00m13.9s/10m30s  1.00 iters/s

running (00m14.9s), 005/600 VUs, 9 complete and 0 interrupted iterations
saturation   [   2% ] 005/600 VUs  00m14.9s/10m30s  1.00 iters/s

running (00m15.9s), 006/600 VUs, 9 complete and 0 interrupted iterations
saturation   [   3% ] 006/600 VUs  00m15.9s/10m30s  1.00 iters/s

running (00m16.9s), 005/600 VUs, 11 complete and 0 interrupted iterations
saturation   [   3% ] 005/600 VUs  00m16.9s/10m30s  1.00 iters/s

running (00m17.9s), 006/600 VUs, 11 complete and 0 interrupted iterations
saturation   [   3% ] 006/600 VUs  00m17.9s/10m30s  1.00 iters/s

running (00m18.9s), 005/600 VUs, 13 complete and 0 interrupted iterations
saturation   [   3% ] 005/600 VUs  00m18.9s/10m30s  1.00 iters/s

running (00m19.9s), 005/600 VUs, 14 complete and 0 interrupted iterations
saturation   [   3% ] 005/600 VUs  00m19.9s/10m30s  1.00 iters/s

running (00m20.9s), 006/600 VUs, 14 complete and 0 interrupted iterations
saturation   [   3% ] 006/600 VUs  00m20.9s/10m30s  1.00 iters/s

running (00m21.9s), 006/600 VUs, 15 complete and 0 interrupted iterations
saturation   [   3% ] 006/600 VUs  00m21.9s/10m30s  1.00 iters/s

running (00m22.9s), 007/600 VUs, 15 complete and 0 interrupted iterations
saturation   [   4% ] 007/600 VUs  00m22.9s/10m30s  1.00 iters/s

running (00m23.9s), 005/600 VUs, 18 complete and 0 interrupted iterations
saturation   [   4% ] 005/600 VUs  00m23.9s/10m30s  1.00 iters/s

running (00m24.9s), 005/600 VUs, 19 complete and 0 interrupted iterations
saturation   [   4% ] 005/600 VUs  00m24.9s/10m30s  1.00 iters/s

running (00m25.9s), 004/600 VUs, 21 complete and 0 interrupted iterations
saturation   [   4% ] 004/600 VUs  00m25.9s/10m30s  1.00 iters/s

running (00m26.9s), 005/600 VUs, 21 complete and 0 interrupted iterations
saturation   [   4% ] 005/600 VUs  00m26.9s/10m30s  1.00 iters/s

running (00m27.9s), 004/600 VUs, 23 complete and 0 interrupted iterations
saturation   [   4% ] 004/600 VUs  00m27.9s/10m30s  1.00 iters/s

running (00m28.9s), 004/600 VUs, 24 complete and 0 interrupted iterations
saturation   [   5% ] 004/600 VUs  00m28.9s/10m30s  1.00 iters/s

running (00m29.9s), 005/600 VUs, 24 complete and 0 interrupted iterations
saturation   [   5% ] 005/600 VUs  00m29.9s/10m30s  1.00 iters/s

running (00m30.9s), 005/600 VUs, 25 complete and 0 interrupted iterations
saturation   [   5% ] 005/600 VUs  00m30.9s/10m30s  1.00 iters/s

running (00m31.9s), 005/600 VUs, 26 complete and 0 interrupted iterations
saturation   [   5% ] 005/600 VUs  00m31.9s/10m30s  1.00 iters/s

running (00m32.9s), 005/600 VUs, 27 complete and 0 interrupted iterations
saturation   [   5% ] 005/600 VUs  00m32.9s/10m30s  1.00 iters/s

running (00m33.9s), 006/600 VUs, 27 complete and 0 interrupted iterations
saturation   [   5% ] 006/600 VUs  00m33.9s/10m30s  1.00 iters/s

running (00m34.9s), 004/600 VUs, 30 complete and 0 interrupted iterations
saturation   [   6% ] 004/600 VUs  00m34.9s/10m30s  1.00 iters/s

running (00m35.9s), 004/600 VUs, 31 complete and 0 interrupted iterations
saturation   [   6% ] 004/600 VUs  00m35.9s/10m30s  1.00 iters/s

running (00m36.9s), 005/600 VUs, 31 complete and 0 interrupted iterations
saturation   [   6% ] 005/600 VUs  00m36.9s/10m30s  1.00 iters/s

running (00m37.9s), 005/600 VUs, 32 complete and 0 interrupted iterations
saturation   [   6% ] 005/600 VUs  00m37.9s/10m30s  1.00 iters/s

running (00m38.9s), 005/600 VUs, 33 complete and 0 interrupted iterations
saturation   [   6% ] 005/600 VUs  00m38.9s/10m30s  1.00 iters/s

running (00m39.9s), 004/600 VUs, 35 complete and 0 interrupted iterations
saturation   [   6% ] 004/600 VUs  00m39.9s/10m30s  1.00 iters/s

running (00m40.9s), 005/600 VUs, 35 complete and 0 interrupted iterations
saturation   [   6% ] 005/600 VUs  00m40.9s/10m30s  1.00 iters/s

running (00m41.9s), 005/600 VUs, 36 complete and 0 interrupted iterations
saturation   [   7% ] 005/600 VUs  00m41.9s/10m30s  1.00 iters/s

running (00m42.9s), 005/600 VUs, 37 complete and 0 interrupted iterations
saturation   [   7% ] 005/600 VUs  00m42.9s/10m30s  1.00 iters/s

running (00m43.9s), 005/600 VUs, 38 complete and 0 interrupted iterations
saturation   [   7% ] 005/600 VUs  00m43.9s/10m30s  1.00 iters/s

running (00m44.9s), 006/600 VUs, 38 complete and 0 interrupted iterations
saturation   [   7% ] 006/600 VUs  00m44.9s/10m30s  1.00 iters/s

running (00m45.9s), 007/600 VUs, 38 complete and 0 interrupted iterations
saturation   [   7% ] 007/600 VUs  00m45.9s/10m30s  1.00 iters/s

running (00m46.9s), 005/600 VUs, 41 complete and 0 interrupted iterations
saturation   [   7% ] 005/600 VUs  00m46.9s/10m30s  1.00 iters/s

running (00m47.9s), 005/600 VUs, 42 complete and 0 interrupted iterations
saturation   [   8% ] 005/600 VUs  00m47.9s/10m30s  1.00 iters/s

running (00m48.9s), 006/600 VUs, 42 complete and 0 interrupted iterations
saturation   [   8% ] 006/600 VUs  00m48.9s/10m30s  1.00 iters/s

running (00m49.9s), 006/600 VUs, 43 complete and 0 interrupted iterations
saturation   [   8% ] 006/600 VUs  00m49.9s/10m30s  1.00 iters/s

running (00m50.9s), 006/600 VUs, 44 complete and 0 interrupted iterations
saturation   [   8% ] 006/600 VUs  00m50.9s/10m30s  1.00 iters/s

running (00m51.9s), 006/600 VUs, 45 complete and 0 interrupted iterations
saturation   [   8% ] 006/600 VUs  00m51.9s/10m30s  1.00 iters/s

running (00m52.9s), 006/600 VUs, 46 complete and 0 interrupted iterations
saturation   [   8% ] 006/600 VUs  00m52.9s/10m30s  1.00 iters/s

running (00m53.9s), 006/600 VUs, 47 complete and 0 interrupted iterations
saturation   [   9% ] 006/600 VUs  00m53.9s/10m30s  1.00 iters/s

running (00m54.9s), 006/600 VUs, 48 complete and 0 interrupted iterations
saturation   [   9% ] 006/600 VUs  00m54.9s/10m30s  1.00 iters/s

running (00m55.9s), 005/600 VUs, 50 complete and 0 interrupted iterations
saturation   [   9% ] 005/600 VUs  00m55.9s/10m30s  1.00 iters/s

running (00m56.9s), 006/600 VUs, 50 complete and 0 interrupted iterations
saturation   [   9% ] 006/600 VUs  00m56.9s/10m30s  1.00 iters/s

running (00m57.9s), 005/600 VUs, 52 complete and 0 interrupted iterations
saturation   [   9% ] 005/600 VUs  00m57.9s/10m30s  1.00 iters/s

running (00m58.9s), 005/600 VUs, 53 complete and 0 interrupted iterations
saturation   [   9% ] 005/600 VUs  00m58.9s/10m30s  1.00 iters/s

running (00m59.9s), 006/600 VUs, 53 complete and 0 interrupted iterations
saturation   [  10% ] 006/600 VUs  00m59.9s/10m30s  1.00 iters/s

running (01m00.9s), 005/600 VUs, 55 complete and 0 interrupted iterations
saturation   [  10% ] 005/600 VUs  01m00.9s/10m30s  1.00 iters/s

running (01m01.9s), 006/600 VUs, 55 complete and 0 interrupted iterations
saturation   [  10% ] 006/600 VUs  01m01.9s/10m30s  1.00 iters/s

running (01m02.9s), 005/600 VUs, 57 complete and 0 interrupted iterations
saturation   [  10% ] 005/600 VUs  01m02.9s/10m30s  1.00 iters/s

running (01m03.9s), 005/600 VUs, 58 complete and 0 interrupted iterations
saturation   [  10% ] 005/600 VUs  01m03.9s/10m30s  1.00 iters/s

running (01m04.9s), 005/600 VUs, 59 complete and 0 interrupted iterations
saturation   [  10% ] 005/600 VUs  01m04.9s/10m30s  1.00 iters/s

running (01m05.9s), 005/600 VUs, 60 complete and 0 interrupted iterations
saturation   [  10% ] 005/600 VUs  01m05.9s/10m30s  1.00 iters/s

running (01m06.9s), 006/600 VUs, 60 complete and 0 interrupted iterations
saturation   [  11% ] 006/600 VUs  01m06.9s/10m30s  1.00 iters/s

running (01m07.9s), 005/600 VUs, 62 complete and 0 interrupted iterations
saturation   [  11% ] 005/600 VUs  01m07.9s/10m30s  1.00 iters/s

running (01m08.9s), 005/600 VUs, 63 complete and 0 interrupted iterations
saturation   [  11% ] 005/600 VUs  01m08.9s/10m30s  1.00 iters/s

running (01m09.9s), 005/600 VUs, 64 complete and 0 interrupted iterations
saturation   [  11% ] 005/600 VUs  01m09.9s/10m30s  1.00 iters/s

running (01m10.9s), 005/600 VUs, 65 complete and 0 interrupted iterations
saturation   [  11% ] 005/600 VUs  01m10.9s/10m30s  1.00 iters/s

running (01m11.9s), 005/600 VUs, 66 complete and 0 interrupted iterations
saturation   [  11% ] 005/600 VUs  01m11.9s/10m30s  1.00 iters/s

running (01m12.9s), 006/600 VUs, 66 complete and 0 interrupted iterations
saturation   [  12% ] 006/600 VUs  01m12.9s/10m30s  1.00 iters/s

running (01m13.9s), 005/600 VUs, 68 complete and 0 interrupted iterations
saturation   [  12% ] 005/600 VUs  01m13.9s/10m30s  1.00 iters/s

running (01m14.9s), 006/600 VUs, 68 complete and 0 interrupted iterations
saturation   [  12% ] 006/600 VUs  01m14.9s/10m30s  1.00 iters/s

running (01m15.9s), 005/600 VUs, 70 complete and 0 interrupted iterations
saturation   [  12% ] 005/600 VUs  01m15.9s/10m30s  1.00 iters/s

running (01m16.9s), 006/600 VUs, 70 complete and 0 interrupted iterations
saturation   [  12% ] 006/600 VUs  01m16.9s/10m30s  1.00 iters/s

running (01m17.9s), 006/600 VUs, 71 complete and 0 interrupted iterations
saturation   [  12% ] 006/600 VUs  01m17.9s/10m30s  1.00 iters/s

running (01m18.9s), 006/600 VUs, 72 complete and 0 interrupted iterations
saturation   [  13% ] 006/600 VUs  01m18.9s/10m30s  1.00 iters/s

running (01m19.9s), 005/600 VUs, 74 complete and 0 interrupted iterations
saturation   [  13% ] 005/600 VUs  01m19.9s/10m30s  1.00 iters/s

running (01m20.9s), 005/600 VUs, 75 complete and 0 interrupted iterations
saturation   [  13% ] 005/600 VUs  01m20.9s/10m30s  1.00 iters/s

running (01m21.9s), 005/600 VUs, 76 complete and 0 interrupted iterations
saturation   [  13% ] 005/600 VUs  01m21.9s/10m30s  1.00 iters/s

running (01m22.9s), 006/600 VUs, 76 complete and 0 interrupted iterations
saturation   [  13% ] 006/600 VUs  01m22.9s/10m30s  1.00 iters/s

running (01m23.9s), 005/600 VUs, 78 complete and 0 interrupted iterations
saturation   [  13% ] 005/600 VUs  01m23.9s/10m30s  1.00 iters/s

running (01m24.9s), 005/600 VUs, 79 complete and 0 interrupted iterations
saturation   [  13% ] 005/600 VUs  01m24.9s/10m30s  1.00 iters/s

running (01m25.9s), 005/600 VUs, 80 complete and 0 interrupted iterations
saturation   [  14% ] 005/600 VUs  01m25.9s/10m30s  1.00 iters/s

running (01m26.9s), 004/600 VUs, 82 complete and 0 interrupted iterations
saturation   [  14% ] 004/600 VUs  01m26.9s/10m30s  1.00 iters/s

running (01m27.9s), 005/600 VUs, 82 complete and 0 interrupted iterations
saturation   [  14% ] 005/600 VUs  01m27.9s/10m30s  1.00 iters/s

running (01m28.9s), 005/600 VUs, 83 complete and 0 interrupted iterations
saturation   [  14% ] 005/600 VUs  01m28.9s/10m30s  1.00 iters/s

running (01m29.9s), 005/600 VUs, 84 complete and 0 interrupted iterations
saturation   [  14% ] 005/600 VUs  01m29.9s/10m30s  1.00 iters/s

running (01m30.9s), 005/600 VUs, 85 complete and 0 interrupted iterations
saturation   [  14% ] 005/600 VUs  01m30.9s/10m30s  1.01 iters/s

running (01m31.9s), 006/600 VUs, 85 complete and 0 interrupted iterations
saturation   [  15% ] 006/600 VUs  01m31.9s/10m30s  1.02 iters/s

running (01m32.9s), 007/600 VUs, 85 complete and 0 interrupted iterations
saturation   [  15% ] 007/600 VUs  01m32.9s/10m30s  1.03 iters/s

running (01m33.9s), 005/600 VUs, 88 complete and 0 interrupted iterations
saturation   [  15% ] 005/600 VUs  01m33.9s/10m30s  1.04 iters/s

running (01m34.9s), 005/600 VUs, 89 complete and 0 interrupted iterations
saturation   [  15% ] 005/600 VUs  01m34.9s/10m30s  1.05 iters/s

running (01m35.9s), 005/600 VUs, 91 complete and 0 interrupted iterations
saturation   [  15% ] 005/600 VUs  01m35.9s/10m30s  1.07 iters/s

running (01m36.9s), 006/600 VUs, 91 complete and 0 interrupted iterations
saturation   [  15% ] 006/600 VUs  01m36.9s/10m30s  1.08 iters/s

running (01m37.9s), 006/600 VUs, 92 complete and 0 interrupted iterations
saturation   [  16% ] 006/600 VUs  01m37.9s/10m30s  1.09 iters/s

running (01m38.9s), 006/600 VUs, 93 complete and 0 interrupted iterations
saturation   [  16% ] 006/600 VUs  01m38.9s/10m30s  1.10 iters/s

running (01m39.9s), 005/600 VUs, 95 complete and 0 interrupted iterations
saturation   [  16% ] 005/600 VUs  01m39.9s/10m30s  1.11 iters/s

running (01m40.9s), 005/600 VUs, 96 complete and 0 interrupted iterations
saturation   [  16% ] 005/600 VUs  01m40.9s/10m30s  1.12 iters/s

running (01m41.9s), 005/600 VUs, 97 complete and 0 interrupted iterations
saturation   [  16% ] 005/600 VUs  01m41.9s/10m30s  1.13 iters/s

running (01m42.9s), 005/600 VUs, 98 complete and 0 interrupted iterations
saturation   [  16% ] 005/600 VUs  01m42.9s/10m30s  1.14 iters/s

running (01m43.9s), 006/600 VUs, 98 complete and 0 interrupted iterations
saturation   [  16% ] 006/600 VUs  01m43.9s/10m30s  1.15 iters/s

running (01m44.9s), 006/600 VUs, 100 complete and 0 interrupted iterations
saturation   [  17% ] 006/600 VUs  01m44.9s/10m30s  1.17 iters/s

running (01m45.9s), 006/600 VUs, 101 complete and 0 interrupted iterations
saturation   [  17% ] 006/600 VUs  01m45.9s/10m30s  1.18 iters/s

running (01m46.9s), 007/600 VUs, 101 complete and 0 interrupted iterations
saturation   [  17% ] 007/600 VUs  01m46.9s/10m30s  1.19 iters/s

running (01m47.9s), 005/600 VUs, 104 complete and 0 interrupted iterations
saturation   [  17% ] 005/600 VUs  01m47.9s/10m30s  1.20 iters/s

running (01m48.9s), 006/600 VUs, 104 complete and 0 interrupted iterations
saturation   [  17% ] 006/600 VUs  01m48.9s/10m30s  1.21 iters/s

running (01m49.9s), 008/600 VUs, 104 complete and 0 interrupted iterations
saturation   [  17% ] 008/600 VUs  01m49.9s/10m30s  1.22 iters/s

running (01m50.9s), 007/600 VUs, 106 complete and 0 interrupted iterations
saturation   [  18% ] 007/600 VUs  01m50.9s/10m30s  1.23 iters/s

running (01m51.9s), 007/600 VUs, 107 complete and 0 interrupted iterations
saturation   [  18% ] 007/600 VUs  01m51.9s/10m30s  1.24 iters/s

running (01m52.9s), 008/600 VUs, 107 complete and 0 interrupted iterations
saturation   [  18% ] 008/600 VUs  01m52.9s/10m30s  1.25 iters/s

running (01m53.9s), 008/600 VUs, 109 complete and 0 interrupted iterations
saturation   [  18% ] 008/600 VUs  01m53.9s/10m30s  1.27 iters/s

running (01m54.9s), 008/600 VUs, 110 complete and 0 interrupted iterations
saturation   [  18% ] 008/600 VUs  01m54.9s/10m30s  1.28 iters/s

running (01m55.9s), 007/600 VUs, 112 complete and 0 interrupted iterations
saturation   [  18% ] 007/600 VUs  01m55.9s/10m30s  1.29 iters/s

running (01m56.9s), 008/600 VUs, 112 complete and 0 interrupted iterations
saturation   [  19% ] 008/600 VUs  01m56.9s/10m30s  1.30 iters/s

running (01m57.9s), 008/600 VUs, 114 complete and 0 interrupted iterations
saturation   [  19% ] 008/600 VUs  01m57.9s/10m30s  1.31 iters/s

running (01m58.9s), 007/600 VUs, 116 complete and 0 interrupted iterations
saturation   [  19% ] 007/600 VUs  01m58.9s/10m30s  1.32 iters/s

running (01m59.9s), 007/600 VUs, 117 complete and 0 interrupted iterations
saturation   [  19% ] 007/600 VUs  01m59.9s/10m30s  1.33 iters/s

running (02m00.9s), 008/600 VUs, 118 complete and 0 interrupted iterations
saturation   [  19% ] 008/600 VUs  02m00.9s/10m30s  1.35 iters/s

running (02m01.9s), 007/600 VUs, 120 complete and 0 interrupted iterations
saturation   [  19% ] 007/600 VUs  02m01.9s/10m30s  1.35 iters/s

running (02m02.9s), 008/600 VUs, 120 complete and 0 interrupted iterations
saturation   [  20% ] 008/600 VUs  02m02.9s/10m30s  1.36 iters/s

running (02m03.9s), 009/600 VUs, 121 complete and 0 interrupted iterations
saturation   [  20% ] 009/600 VUs  02m03.9s/10m30s  1.38 iters/s

running (02m04.9s), 008/600 VUs, 123 complete and 0 interrupted iterations
saturation   [  20% ] 008/600 VUs  02m04.9s/10m30s  1.39 iters/s

running (02m05.9s), 006/600 VUs, 126 complete and 0 interrupted iterations
saturation   [  20% ] 006/600 VUs  02m05.9s/10m30s  1.39 iters/s

running (02m06.9s), 008/600 VUs, 126 complete and 0 interrupted iterations
saturation   [  20% ] 008/600 VUs  02m06.9s/10m30s  1.41 iters/s

running (02m07.9s), 007/600 VUs, 128 complete and 0 interrupted iterations
saturation   [  20% ] 007/600 VUs  02m07.9s/10m30s  1.42 iters/s

running (02m08.9s), 009/600 VUs, 128 complete and 0 interrupted iterations
saturation   [  20% ] 009/600 VUs  02m08.9s/10m30s  1.43 iters/s

running (02m09.9s), 009/600 VUs, 129 complete and 0 interrupted iterations
saturation   [  21% ] 009/600 VUs  02m09.9s/10m30s  1.44 iters/s

running (02m10.9s), 008/600 VUs, 132 complete and 0 interrupted iterations
saturation   [  21% ] 008/600 VUs  02m10.9s/10m30s  1.46 iters/s

running (02m11.9s), 009/600 VUs, 132 complete and 0 interrupted iterations
saturation   [  21% ] 009/600 VUs  02m11.9s/10m30s  1.46 iters/s

running (02m12.9s), 009/600 VUs, 134 complete and 0 interrupted iterations
saturation   [  21% ] 009/600 VUs  02m12.9s/10m30s  1.48 iters/s

running (02m13.9s), 008/600 VUs, 136 complete and 0 interrupted iterations
saturation   [  21% ] 008/600 VUs  02m13.9s/10m30s  1.49 iters/s

running (02m14.9s), 010/600 VUs, 136 complete and 0 interrupted iterations
saturation   [  21% ] 010/600 VUs  02m14.9s/10m30s  1.50 iters/s

running (02m15.9s), 007/600 VUs, 140 complete and 0 interrupted iterations
saturation   [  22% ] 007/600 VUs  02m15.9s/10m30s  1.51 iters/s

running (02m16.9s), 009/600 VUs, 140 complete and 0 interrupted iterations
saturation   [  22% ] 009/600 VUs  02m16.9s/10m30s  1.52 iters/s

running (02m17.9s), 008/600 VUs, 142 complete and 0 interrupted iterations
saturation   [  22% ] 008/600 VUs  02m17.9s/10m30s  1.53 iters/s

running (02m18.9s), 009/600 VUs, 143 complete and 0 interrupted iterations
saturation   [  22% ] 009/600 VUs  02m18.9s/10m30s  1.55 iters/s

running (02m19.9s), 010/600 VUs, 143 complete and 0 interrupted iterations
saturation   [  22% ] 010/600 VUs  02m19.9s/10m30s  1.55 iters/s

running (02m20.9s), 010/600 VUs, 145 complete and 0 interrupted iterations
saturation   [  22% ] 010/600 VUs  02m20.9s/10m30s  1.57 iters/s

running (02m21.9s), 009/600 VUs, 147 complete and 0 interrupted iterations
saturation   [  23% ] 009/600 VUs  02m21.9s/10m30s  1.57 iters/s

running (02m22.9s), 011/600 VUs, 147 complete and 0 interrupted iterations
saturation   [  23% ] 011/600 VUs  02m22.9s/10m30s  1.59 iters/s

running (02m23.9s), 010/600 VUs, 149 complete and 0 interrupted iterations
saturation   [  23% ] 010/600 VUs  02m23.9s/10m30s  1.60 iters/s

running (02m24.9s), 010/600 VUs, 151 complete and 0 interrupted iterations
saturation   [  23% ] 010/600 VUs  02m24.9s/10m30s  1.61 iters/s

running (02m25.9s), 010/600 VUs, 153 complete and 0 interrupted iterations
saturation   [  23% ] 010/600 VUs  02m25.9s/10m30s  1.62 iters/s

running (02m26.9s), 009/600 VUs, 155 complete and 0 interrupted iterations
saturation   [  23% ] 009/600 VUs  02m26.9s/10m30s  1.63 iters/s

running (02m27.9s), 011/600 VUs, 155 complete and 0 interrupted iterations
saturation   [  23% ] 011/600 VUs  02m27.9s/10m30s  1.64 iters/s

running (02m28.9s), 011/600 VUs, 157 complete and 0 interrupted iterations
saturation   [  24% ] 011/600 VUs  02m28.9s/10m30s  1.66 iters/s

running (02m29.9s), 012/600 VUs, 157 complete and 0 interrupted iterations
saturation   [  24% ] 012/600 VUs  02m29.9s/10m30s  1.66 iters/s

running (02m30.9s), 009/600 VUs, 162 complete and 0 interrupted iterations
saturation   [  24% ] 009/600 VUs  02m30.9s/10m30s  1.68 iters/s

running (02m31.9s), 010/600 VUs, 163 complete and 0 interrupted iterations
saturation   [  24% ] 010/600 VUs  02m31.9s/10m30s  1.69 iters/s

running (02m32.9s), 011/600 VUs, 163 complete and 0 interrupted iterations
saturation   [  24% ] 011/600 VUs  02m32.9s/10m30s  1.70 iters/s

running (02m33.9s), 010/600 VUs, 166 complete and 0 interrupted iterations
saturation   [  24% ] 010/600 VUs  02m33.9s/10m30s  1.71 iters/s

running (02m34.9s), 012/600 VUs, 166 complete and 0 interrupted iterations
saturation   [  25% ] 012/600 VUs  02m34.9s/10m30s  1.72 iters/s

running (02m35.9s), 011/600 VUs, 168 complete and 0 interrupted iterations
saturation   [  25% ] 011/600 VUs  02m35.9s/10m30s  1.73 iters/s

running (02m36.9s), 013/600 VUs, 168 complete and 0 interrupted iterations
saturation   [  25% ] 013/600 VUs  02m36.9s/10m30s  1.74 iters/s

running (02m37.9s), 011/600 VUs, 172 complete and 0 interrupted iterations
saturation   [  25% ] 011/600 VUs  02m37.9s/10m30s  1.75 iters/s

running (02m38.9s), 011/600 VUs, 174 complete and 0 interrupted iterations
saturation   [  25% ] 011/600 VUs  02m38.9s/10m30s  1.77 iters/s

running (02m39.9s), 012/600 VUs, 174 complete and 0 interrupted iterations
saturation   [  25% ] 012/600 VUs  02m39.9s/10m30s  1.77 iters/s

running (02m40.9s), 010/600 VUs, 178 complete and 0 interrupted iterations
saturation   [  26% ] 010/600 VUs  02m40.9s/10m30s  1.79 iters/s

running (02m41.9s), 011/600 VUs, 179 complete and 0 interrupted iterations
saturation   [  26% ] 011/600 VUs  02m41.9s/10m30s  1.80 iters/s

running (02m42.9s), 010/600 VUs, 182 complete and 0 interrupted iterations
saturation   [  26% ] 010/600 VUs  02m42.9s/10m30s  1.81 iters/s

running (02m43.9s), 012/600 VUs, 182 complete and 0 interrupted iterations
saturation   [  26% ] 012/600 VUs  02m43.9s/10m30s  1.82 iters/s

running (02m44.9s), 011/600 VUs, 184 complete and 0 interrupted iterations
saturation   [  26% ] 011/600 VUs  02m44.9s/10m30s  1.83 iters/s

running (02m45.9s), 010/600 VUs, 187 complete and 0 interrupted iterations
saturation   [  26% ] 010/600 VUs  02m45.9s/10m30s  1.84 iters/s

running (02m46.9s), 011/600 VUs, 188 complete and 0 interrupted iterations
saturation   [  26% ] 011/600 VUs  02m46.9s/10m30s  1.85 iters/s

running (02m47.9s), 012/600 VUs, 189 complete and 0 interrupted iterations
saturation   [  27% ] 012/600 VUs  02m47.9s/10m30s  1.86 iters/s

running (02m48.9s), 012/600 VUs, 191 complete and 0 interrupted iterations
saturation   [  27% ] 012/600 VUs  02m48.9s/10m30s  1.88 iters/s

running (02m49.9s), 011/600 VUs, 194 complete and 0 interrupted iterations
saturation   [  27% ] 011/600 VUs  02m49.9s/10m30s  1.89 iters/s

running (02m50.9s), 013/600 VUs, 194 complete and 0 interrupted iterations
saturation   [  27% ] 013/600 VUs  02m50.9s/10m30s  1.90 iters/s

running (02m51.9s), 012/600 VUs, 197 complete and 0 interrupted iterations
saturation   [  27% ] 012/600 VUs  02m51.9s/10m30s  1.91 iters/s

running (02m52.9s), 011/600 VUs, 199 complete and 0 interrupted iterations
saturation   [  27% ] 011/600 VUs  02m52.9s/10m30s  1.92 iters/s

running (02m53.9s), 013/600 VUs, 199 complete and 0 interrupted iterations
saturation   [  28% ] 013/600 VUs  02m53.9s/10m30s  1.93 iters/s

running (02m54.9s), 013/600 VUs, 201 complete and 0 interrupted iterations
saturation   [  28% ] 013/600 VUs  02m54.9s/10m30s  1.94 iters/s

running (02m55.9s), 013/600 VUs, 203 complete and 0 interrupted iterations
saturation   [  28% ] 013/600 VUs  02m55.9s/10m30s  1.95 iters/s

running (02m56.9s), 013/600 VUs, 205 complete and 0 interrupted iterations
saturation   [  28% ] 013/600 VUs  02m56.9s/10m30s  1.96 iters/s

running (02m57.9s), 011/600 VUs, 209 complete and 0 interrupted iterations
saturation   [  28% ] 011/600 VUs  02m57.9s/10m30s  1.97 iters/s

running (02m58.9s), 013/600 VUs, 209 complete and 0 interrupted iterations
saturation   [  28% ] 013/600 VUs  02m58.9s/10m30s  1.99 iters/s

running (02m59.9s), 015/600 VUs, 209 complete and 0 interrupted iterations
saturation   [  29% ] 015/600 VUs  02m59.9s/10m30s  2.00 iters/s

running (03m00.9s), 012/600 VUs, 214 complete and 0 interrupted iterations
saturation   [  29% ] 012/600 VUs  03m00.9s/10m30s  2.01 iters/s

running (03m01.9s), 011/600 VUs, 217 complete and 0 interrupted iterations
saturation   [  29% ] 011/600 VUs  03m01.9s/10m30s  2.02 iters/s

running (03m02.9s), 011/600 VUs, 219 complete and 0 interrupted iterations
saturation   [  29% ] 011/600 VUs  03m02.9s/10m30s  2.03 iters/s

running (03m03.9s), 013/600 VUs, 219 complete and 0 interrupted iterations
saturation   [  29% ] 013/600 VUs  03m03.9s/10m30s  2.04 iters/s

running (03m04.9s), 012/600 VUs, 222 complete and 0 interrupted iterations
saturation   [  29% ] 012/600 VUs  03m04.9s/10m30s  2.05 iters/s

running (03m05.9s), 014/600 VUs, 222 complete and 0 interrupted iterations
saturation   [  30% ] 014/600 VUs  03m05.9s/10m30s  2.06 iters/s

running (03m06.9s), 016/600 VUs, 222 complete and 0 interrupted iterations
saturation   [  30% ] 016/600 VUs  03m06.9s/10m30s  2.07 iters/s

running (03m07.9s), 015/600 VUs, 226 complete and 0 interrupted iterations
saturation   [  30% ] 015/600 VUs  03m07.9s/10m30s  2.09 iters/s

running (03m08.9s), 015/600 VUs, 228 complete and 0 interrupted iterations
saturation   [  30% ] 015/600 VUs  03m08.9s/10m30s  2.10 iters/s

running (03m09.9s), 015/600 VUs, 230 complete and 0 interrupted iterations
saturation   [  30% ] 015/600 VUs  03m09.9s/10m30s  2.11 iters/s

running (03m10.9s), 017/600 VUs, 230 complete and 0 interrupted iterations
saturation   [  30% ] 017/600 VUs  03m10.9s/10m30s  2.12 iters/s

running (03m11.9s), 018/600 VUs, 231 complete and 0 interrupted iterations
saturation   [  30% ] 018/600 VUs  03m11.9s/10m30s  2.13 iters/s

running (03m12.9s), 015/600 VUs, 236 complete and 0 interrupted iterations
saturation   [  31% ] 015/600 VUs  03m12.9s/10m30s  2.14 iters/s

running (03m13.9s), 014/600 VUs, 239 complete and 0 interrupted iterations
saturation   [  31% ] 014/600 VUs  03m13.9s/10m30s  2.15 iters/s

running (03m14.9s), 012/600 VUs, 243 complete and 0 interrupted iterations
saturation   [  31% ] 012/600 VUs  03m14.9s/10m30s  2.16 iters/s

running (03m15.9s), 015/600 VUs, 243 complete and 0 interrupted iterations
saturation   [  31% ] 015/600 VUs  03m15.9s/10m30s  2.18 iters/s

running (03m16.9s), 014/600 VUs, 246 complete and 0 interrupted iterations
saturation   [  31% ] 014/600 VUs  03m16.9s/10m30s  2.19 iters/s

running (03m17.9s), 016/600 VUs, 246 complete and 0 interrupted iterations
saturation   [  31% ] 016/600 VUs  03m17.9s/10m30s  2.20 iters/s

running (03m18.9s), 016/600 VUs, 248 complete and 0 interrupted iterations
saturation   [  32% ] 016/600 VUs  03m18.9s/10m30s  2.21 iters/s

running (03m19.9s), 018/600 VUs, 248 complete and 0 interrupted iterations
saturation   [  32% ] 018/600 VUs  03m19.9s/10m30s  2.22 iters/s

running (03m20.9s), 016/600 VUs, 253 complete and 0 interrupted iterations
saturation   [  32% ] 016/600 VUs  03m20.9s/10m30s  2.23 iters/s

running (03m21.9s), 015/600 VUs, 256 complete and 0 interrupted iterations
saturation   [  32% ] 015/600 VUs  03m21.9s/10m30s  2.24 iters/s

running (03m22.9s), 016/600 VUs, 257 complete and 0 interrupted iterations
saturation   [  32% ] 016/600 VUs  03m22.9s/10m30s  2.25 iters/s

running (03m23.9s), 016/600 VUs, 259 complete and 0 interrupted iterations
saturation   [  32% ] 016/600 VUs  03m23.9s/10m30s  2.26 iters/s

running (03m24.9s), 019/600 VUs, 259 complete and 0 interrupted iterations
saturation   [  33% ] 019/600 VUs  03m24.9s/10m30s  2.28 iters/s

running (03m25.9s), 017/600 VUs, 263 complete and 0 interrupted iterations
saturation   [  33% ] 017/600 VUs  03m25.9s/10m30s  2.29 iters/s

running (03m26.9s), 015/600 VUs, 267 complete and 0 interrupted iterations
saturation   [  33% ] 015/600 VUs  03m26.9s/10m30s  2.30 iters/s

running (03m27.9s), 016/600 VUs, 269 complete and 0 interrupted iterations
saturation   [  33% ] 016/600 VUs  03m27.9s/10m30s  2.31 iters/s

running (03m28.9s), 017/600 VUs, 270 complete and 0 interrupted iterations
saturation   [  33% ] 017/600 VUs  03m28.9s/10m30s  2.32 iters/s

running (03m29.9s), 019/600 VUs, 270 complete and 0 interrupted iterations
saturation   [  33% ] 019/600 VUs  03m29.9s/10m30s  2.33 iters/s

running (03m30.9s), 016/600 VUs, 276 complete and 0 interrupted iterations
saturation   [  33% ] 016/600 VUs  03m30.9s/10m30s  2.35 iters/s

running (03m31.9s), 018/600 VUs, 276 complete and 0 interrupted iterations
saturation   [  34% ] 018/600 VUs  03m31.9s/10m30s  2.35 iters/s

running (03m32.9s), 018/600 VUs, 278 complete and 0 interrupted iterations
saturation   [  34% ] 018/600 VUs  03m32.9s/10m30s  2.36 iters/s

running (03m33.9s), 019/600 VUs, 280 complete and 0 interrupted iterations
saturation   [  34% ] 019/600 VUs  03m33.9s/10m30s  2.38 iters/s

running (03m34.9s), 017/600 VUs, 284 complete and 0 interrupted iterations
saturation   [  34% ] 017/600 VUs  03m34.9s/10m30s  2.39 iters/s

running (03m35.9s), 019/600 VUs, 284 complete and 0 interrupted iterations
saturation   [  34% ] 019/600 VUs  03m35.9s/10m30s  2.40 iters/s

running (03m36.9s), 019/600 VUs, 287 complete and 0 interrupted iterations
saturation   [  34% ] 019/600 VUs  03m36.9s/10m30s  2.41 iters/s

running (03m37.9s), 018/600 VUs, 290 complete and 0 interrupted iterations
saturation   [  35% ] 018/600 VUs  03m37.9s/10m30s  2.42 iters/s

running (03m38.9s), 021/600 VUs, 290 complete and 0 interrupted iterations
saturation   [  35% ] 021/600 VUs  03m38.9s/10m30s  2.43 iters/s

running (03m39.9s), 019/600 VUs, 294 complete and 0 interrupted iterations
saturation   [  35% ] 019/600 VUs  03m39.9s/10m30s  2.44 iters/s

running (03m40.9s), 020/600 VUs, 295 complete and 0 interrupted iterations
saturation   [  35% ] 020/600 VUs  03m40.9s/10m30s  2.45 iters/s

running (03m41.9s), 020/600 VUs, 298 complete and 0 interrupted iterations
saturation   [  35% ] 020/600 VUs  03m41.9s/10m30s  2.47 iters/s

running (03m42.9s), 018/600 VUs, 302 complete and 0 interrupted iterations
saturation   [  35% ] 018/600 VUs  03m42.9s/10m30s  2.47 iters/s

running (03m43.9s), 017/600 VUs, 306 complete and 0 interrupted iterations
saturation   [  36% ] 017/600 VUs  03m43.9s/10m30s  2.49 iters/s

running (03m44.9s), 019/600 VUs, 306 complete and 0 interrupted iterations
saturation   [  36% ] 019/600 VUs  03m44.9s/10m30s  2.50 iters/s

running (03m45.9s), 022/600 VUs, 306 complete and 0 interrupted iterations
saturation   [  36% ] 022/600 VUs  03m45.9s/10m30s  2.51 iters/s

running (03m46.9s), 023/600 VUs, 307 complete and 0 interrupted iterations
saturation   [  36% ] 023/600 VUs  03m46.9s/10m30s  2.52 iters/s

running (03m47.9s), 021/600 VUs, 312 complete and 0 interrupted iterations
saturation   [  36% ] 021/600 VUs  03m47.9s/10m30s  2.53 iters/s

running (03m48.9s), 021/600 VUs, 314 complete and 0 interrupted iterations
saturation   [  36% ] 021/600 VUs  03m48.9s/10m30s  2.54 iters/s

running (03m49.9s), 022/600 VUs, 316 complete and 0 interrupted iterations
saturation   [  36% ] 022/600 VUs  03m49.9s/10m30s  2.55 iters/s

running (03m50.9s), 021/600 VUs, 320 complete and 0 interrupted iterations
saturation   [  37% ] 021/600 VUs  03m50.9s/10m30s  2.57 iters/s

running (03m51.9s), 023/600 VUs, 320 complete and 0 interrupted iterations
saturation   [  37% ] 023/600 VUs  03m51.9s/10m30s  2.58 iters/s

running (03m52.9s), 023/600 VUs, 323 complete and 0 interrupted iterations
saturation   [  37% ] 023/600 VUs  03m52.9s/10m30s  2.59 iters/s

running (03m53.9s), 022/600 VUs, 326 complete and 0 interrupted iterations
saturation   [  37% ] 022/600 VUs  03m53.9s/10m30s  2.60 iters/s

running (03m54.9s), 024/600 VUs, 327 complete and 0 interrupted iterations
saturation   [  37% ] 024/600 VUs  03m54.9s/10m30s  2.61 iters/s

running (03m55.9s), 022/600 VUs, 332 complete and 0 interrupted iterations
saturation   [  37% ] 022/600 VUs  03m55.9s/10m30s  2.62 iters/s

running (03m56.9s), 024/600 VUs, 332 complete and 0 interrupted iterations
saturation   [  38% ] 024/600 VUs  03m56.9s/10m30s  2.63 iters/s

running (03m57.9s), 023/600 VUs, 336 complete and 0 interrupted iterations
saturation   [  38% ] 023/600 VUs  03m57.9s/10m30s  2.64 iters/s

running (03m58.9s), 023/600 VUs, 338 complete and 0 interrupted iterations
saturation   [  38% ] 023/600 VUs  03m58.9s/10m30s  2.65 iters/s

running (03m59.9s), 023/600 VUs, 341 complete and 0 interrupted iterations
saturation   [  38% ] 023/600 VUs  03m59.9s/10m30s  2.66 iters/s

running (04m00.9s), 023/600 VUs, 344 complete and 0 interrupted iterations
saturation   [  38% ] 023/600 VUs  04m00.9s/10m30s  2.68 iters/s

running (04m01.9s), 021/600 VUs, 348 complete and 0 interrupted iterations
saturation   [  38% ] 021/600 VUs  04m01.9s/10m30s  2.69 iters/s

running (04m02.9s), 022/600 VUs, 350 complete and 0 interrupted iterations
saturation   [  39% ] 022/600 VUs  04m02.9s/10m30s  2.70 iters/s

running (04m03.9s), 024/600 VUs, 351 complete and 0 interrupted iterations
saturation   [  39% ] 024/600 VUs  04m03.9s/10m30s  2.71 iters/s

running (04m04.9s), 027/600 VUs, 351 complete and 0 interrupted iterations
saturation   [  39% ] 027/600 VUs  04m04.9s/10m30s  2.72 iters/s

running (04m05.9s), 029/600 VUs, 351 complete and 0 interrupted iterations
saturation   [  39% ] 029/600 VUs  04m05.9s/10m30s  2.73 iters/s

running (04m06.9s), 028/600 VUs, 355 complete and 0 interrupted iterations
saturation   [  39% ] 028/600 VUs  04m06.9s/10m30s  2.74 iters/s

running (04m07.9s), 028/600 VUs, 358 complete and 0 interrupted iterations
saturation   [  39% ] 028/600 VUs  04m07.9s/10m30s  2.75 iters/s

running (04m08.9s), 031/600 VUs, 358 complete and 0 interrupted iterations
saturation   [  40% ] 031/600 VUs  04m08.9s/10m30s  2.77 iters/s

running (04m09.9s), 028/600 VUs, 363 complete and 0 interrupted iterations
saturation   [  40% ] 028/600 VUs  04m09.9s/10m30s  2.77 iters/s

running (04m10.9s), 028/600 VUs, 366 complete and 0 interrupted iterations
saturation   [  40% ] 028/600 VUs  04m10.9s/10m30s  2.79 iters/s

running (04m11.9s), 027/600 VUs, 370 complete and 0 interrupted iterations
saturation   [  40% ] 027/600 VUs  04m11.9s/10m30s  2.80 iters/s

running (04m12.9s), 030/600 VUs, 370 complete and 0 interrupted iterations
saturation   [  40% ] 030/600 VUs  04m12.9s/10m30s  2.81 iters/s

running (04m13.9s), 029/600 VUs, 374 complete and 0 interrupted iterations
saturation   [  40% ] 029/600 VUs  04m13.9s/10m30s  2.82 iters/s

running (04m14.9s), 028/600 VUs, 377 complete and 0 interrupted iterations
saturation   [  40% ] 028/600 VUs  04m14.9s/10m30s  2.83 iters/s

running (04m15.9s), 031/600 VUs, 377 complete and 0 interrupted iterations
saturation   [  41% ] 031/600 VUs  04m15.9s/10m30s  2.84 iters/s

running (04m16.9s), 029/600 VUs, 382 complete and 0 interrupted iterations
saturation   [  41% ] 029/600 VUs  04m16.9s/10m30s  2.85 iters/s

running (04m17.9s), 028/600 VUs, 386 complete and 0 interrupted iterations
saturation   [  41% ] 028/600 VUs  04m17.9s/10m30s  2.87 iters/s

running (04m18.9s), 028/600 VUs, 389 complete and 0 interrupted iterations
saturation   [  41% ] 028/600 VUs  04m18.9s/10m30s  2.88 iters/s

running (04m19.9s), 031/600 VUs, 389 complete and 0 interrupted iterations
saturation   [  41% ] 031/600 VUs  04m19.9s/10m30s  2.89 iters/s

running (04m20.9s), 034/600 VUs, 389 complete and 0 interrupted iterations
saturation   [  41% ] 034/600 VUs  04m20.9s/10m30s  2.90 iters/s

running (04m21.9s), 033/600 VUs, 392 complete and 0 interrupted iterations
saturation   [  42% ] 033/600 VUs  04m21.9s/10m30s  2.91 iters/s

running (04m22.9s), 033/600 VUs, 395 complete and 0 interrupted iterations
saturation   [  42% ] 033/600 VUs  04m22.9s/10m30s  2.92 iters/s

running (04m23.9s), 036/600 VUs, 395 complete and 0 interrupted iterations
saturation   [  42% ] 036/600 VUs  04m23.9s/10m30s  2.93 iters/s

running (04m24.9s), 032/600 VUs, 402 complete and 0 interrupted iterations
saturation   [  42% ] 032/600 VUs  04m24.9s/10m30s  2.94 iters/s

running (04m25.9s), 033/600 VUs, 404 complete and 0 interrupted iterations
saturation   [  42% ] 033/600 VUs  04m25.9s/10m30s  2.95 iters/s

running (04m26.9s), 033/600 VUs, 407 complete and 0 interrupted iterations
saturation   [  42% ] 033/600 VUs  04m26.9s/10m30s  2.96 iters/s

running (04m27.9s), 036/600 VUs, 407 complete and 0 interrupted iterations
saturation   [  43% ] 036/600 VUs  04m27.9s/10m30s  2.98 iters/s

running (04m28.9s), 037/600 VUs, 409 complete and 0 interrupted iterations
saturation   [  43% ] 037/600 VUs  04m28.9s/10m30s  2.99 iters/s

running (04m29.9s), 036/600 VUs, 413 complete and 0 interrupted iterations
saturation   [  43% ] 036/600 VUs  04m29.9s/10m30s  3.00 iters/s

running (04m30.9s), 037/600 VUs, 415 complete and 0 interrupted iterations
saturation   [  43% ] 037/600 VUs  04m30.9s/10m30s  3.01 iters/s

running (04m31.9s), 037/600 VUs, 418 complete and 0 interrupted iterations
saturation   [  43% ] 037/600 VUs  04m31.9s/10m30s  3.02 iters/s

running (04m32.9s), 039/600 VUs, 419 complete and 0 interrupted iterations
saturation   [  43% ] 039/600 VUs  04m32.9s/10m30s  3.03 iters/s

running (04m33.9s), 037/600 VUs, 424 complete and 0 interrupted iterations
saturation   [  43% ] 037/600 VUs  04m33.9s/10m30s  3.04 iters/s

running (04m34.9s), 038/600 VUs, 426 complete and 0 interrupted iterations
saturation   [  44% ] 038/600 VUs  04m34.9s/10m30s  3.05 iters/s

running (04m35.9s), 038/600 VUs, 429 complete and 0 interrupted iterations
saturation   [  44% ] 038/600 VUs  04m35.9s/10m30s  3.06 iters/s

running (04m36.9s), 039/600 VUs, 431 complete and 0 interrupted iterations
saturation   [  44% ] 039/600 VUs  04m36.9s/10m30s  3.07 iters/s

running (04m37.9s), 041/600 VUs, 432 complete and 0 interrupted iterations
saturation   [  44% ] 041/600 VUs  04m37.9s/10m30s  3.09 iters/s

running (04m38.9s), 043/600 VUs, 434 complete and 0 interrupted iterations
saturation   [  44% ] 043/600 VUs  04m38.9s/10m30s  3.10 iters/s

running (04m39.9s), 044/600 VUs, 436 complete and 0 interrupted iterations
saturation   [  44% ] 044/600 VUs  04m39.9s/10m30s  3.11 iters/s

running (04m40.9s), 047/600 VUs, 436 complete and 0 interrupted iterations
saturation   [  45% ] 047/600 VUs  04m40.9s/10m30s  3.12 iters/s

running (04m41.9s), 047/600 VUs, 439 complete and 0 interrupted iterations
saturation   [  45% ] 047/600 VUs  04m41.9s/10m30s  3.13 iters/s

running (04m42.9s), 047/600 VUs, 442 complete and 0 interrupted iterations
saturation   [  45% ] 047/600 VUs  04m42.9s/10m30s  3.14 iters/s

running (04m43.9s), 050/600 VUs, 442 complete and 0 interrupted iterations
saturation   [  45% ] 050/600 VUs  04m43.9s/10m30s  3.15 iters/s

running (04m44.9s), 049/600 VUs, 446 complete and 0 interrupted iterations
saturation   [  45% ] 049/600 VUs  04m44.9s/10m30s  3.16 iters/s

running (04m45.9s), 050/600 VUs, 448 complete and 0 interrupted iterations
saturation   [  45% ] 050/600 VUs  04m45.9s/10m30s  3.17 iters/s

running (04m46.9s), 052/600 VUs, 450 complete and 0 interrupted iterations
saturation   [  46% ] 052/600 VUs  04m46.9s/10m30s  3.19 iters/s

running (04m47.9s), 052/600 VUs, 453 complete and 0 interrupted iterations
saturation   [  46% ] 052/600 VUs  04m47.9s/10m30s  3.20 iters/s

running (04m48.9s), 053/600 VUs, 455 complete and 0 interrupted iterations
saturation   [  46% ] 053/600 VUs  04m48.9s/10m30s  3.21 iters/s

running (04m49.9s), 054/600 VUs, 457 complete and 0 interrupted iterations
saturation   [  46% ] 054/600 VUs  04m49.9s/10m30s  3.22 iters/s

running (04m50.9s), 054/600 VUs, 460 complete and 0 interrupted iterations
saturation   [  46% ] 054/600 VUs  04m50.9s/10m30s  3.23 iters/s

running (04m51.9s), 056/600 VUs, 462 complete and 0 interrupted iterations
saturation   [  46% ] 056/600 VUs  04m51.9s/10m30s  3.24 iters/s

running (04m52.9s), 056/600 VUs, 465 complete and 0 interrupted iterations
saturation   [  46% ] 056/600 VUs  04m52.9s/10m30s  3.25 iters/s

running (04m53.9s), 058/600 VUs, 466 complete and 0 interrupted iterations
saturation   [  47% ] 058/600 VUs  04m53.9s/10m30s  3.26 iters/s

running (04m54.9s), 060/600 VUs, 467 complete and 0 interrupted iterations
saturation   [  47% ] 060/600 VUs  04m54.9s/10m30s  3.27 iters/s

running (04m55.9s), 060/600 VUs, 471 complete and 0 interrupted iterations
saturation   [  47% ] 060/600 VUs  04m55.9s/10m30s  3.29 iters/s

running (04m56.9s), 063/600 VUs, 471 complete and 0 interrupted iterations
saturation   [  47% ] 063/600 VUs  04m56.9s/10m30s  3.30 iters/s

running (04m57.9s), 066/600 VUs, 471 complete and 0 interrupted iterations
saturation   [  47% ] 066/600 VUs  04m57.9s/10m30s  3.31 iters/s

running (04m58.9s), 068/600 VUs, 473 complete and 0 interrupted iterations
saturation   [  47% ] 068/600 VUs  04m58.9s/10m30s  3.32 iters/s

running (04m59.9s), 070/600 VUs, 474 complete and 0 interrupted iterations
saturation   [  48% ] 070/600 VUs  04m59.9s/10m30s  3.33 iters/s

running (05m00.9s), 069/600 VUs, 478 complete and 0 interrupted iterations
saturation   [  48% ] 069/600 VUs  05m00.9s/10m30s  3.34 iters/s

running (05m01.9s), 071/600 VUs, 480 complete and 0 interrupted iterations
saturation   [  48% ] 071/600 VUs  05m01.9s/10m30s  3.35 iters/s

running (05m02.9s), 074/600 VUs, 480 complete and 0 interrupted iterations
saturation   [  48% ] 074/600 VUs  05m02.9s/10m30s  3.36 iters/s

running (05m03.9s), 075/600 VUs, 482 complete and 0 interrupted iterations
saturation   [  48% ] 075/600 VUs  05m03.9s/10m30s  3.37 iters/s

running (05m04.9s), 077/600 VUs, 484 complete and 0 interrupted iterations
saturation   [  48% ] 077/600 VUs  05m04.9s/10m30s  3.39 iters/s

running (05m05.9s), 078/600 VUs, 486 complete and 0 interrupted iterations
saturation   [  49% ] 078/600 VUs  05m05.9s/10m30s  3.40 iters/s

running (05m06.9s), 080/600 VUs, 488 complete and 0 interrupted iterations
saturation   [  49% ] 080/600 VUs  05m06.9s/10m30s  3.41 iters/s

running (05m07.9s), 081/600 VUs, 490 complete and 0 interrupted iterations
saturation   [  49% ] 081/600 VUs  05m07.9s/10m30s  3.42 iters/s

running (05m08.9s), 084/600 VUs, 490 complete and 0 interrupted iterations
saturation   [  49% ] 084/600 VUs  05m08.9s/10m30s  3.43 iters/s

running (05m09.9s), 088/600 VUs, 490 complete and 0 interrupted iterations
saturation   [  49% ] 088/600 VUs  05m09.9s/10m30s  3.44 iters/s

running (05m10.9s), 088/600 VUs, 493 complete and 0 interrupted iterations
saturation   [  49% ] 088/600 VUs  05m10.9s/10m30s  3.45 iters/s

running (05m11.9s), 092/600 VUs, 493 complete and 0 interrupted iterations
saturation   [  50% ] 092/600 VUs  05m11.9s/10m30s  3.47 iters/s

running (05m12.9s), 090/600 VUs, 498 complete and 0 interrupted iterations
saturation   [  50% ] 090/600 VUs  05m12.9s/10m30s  3.48 iters/s

running (05m13.9s), 094/600 VUs, 498 complete and 0 interrupted iterations
saturation   [  50% ] 094/600 VUs  05m13.9s/10m30s  3.49 iters/s

running (05m14.9s), 094/600 VUs, 501 complete and 0 interrupted iterations
saturation   [  50% ] 094/600 VUs  05m14.9s/10m30s  3.50 iters/s

running (05m15.9s), 097/600 VUs, 502 complete and 0 interrupted iterations
saturation   [  50% ] 097/600 VUs  05m15.9s/10m30s  3.51 iters/s

running (05m16.9s), 098/600 VUs, 504 complete and 0 interrupted iterations
saturation   [  50% ] 098/600 VUs  05m16.9s/10m30s  3.52 iters/s

running (05m17.9s), 102/600 VUs, 504 complete and 0 interrupted iterations
saturation   [  50% ] 102/600 VUs  05m17.9s/10m30s  3.53 iters/s

running (05m18.9s), 102/600 VUs, 507 complete and 0 interrupted iterations
saturation   [  51% ] 102/600 VUs  05m18.9s/10m30s  3.54 iters/s

running (05m19.9s), 104/600 VUs, 509 complete and 0 interrupted iterations
saturation   [  51% ] 104/600 VUs  05m19.9s/10m30s  3.55 iters/s

running (05m20.9s), 107/600 VUs, 509 complete and 0 interrupted iterations
saturation   [  51% ] 107/600 VUs  05m20.9s/10m30s  3.56 iters/s

running (05m21.9s), 106/600 VUs, 514 complete and 0 interrupted iterations
saturation   [  51% ] 106/600 VUs  05m21.9s/10m30s  3.58 iters/s

running (05m22.9s), 107/600 VUs, 517 complete and 0 interrupted iterations
saturation   [  51% ] 107/600 VUs  05m22.9s/10m30s  3.59 iters/s

running (05m23.9s), 109/600 VUs, 518 complete and 0 interrupted iterations
saturation   [  51% ] 109/600 VUs  05m23.9s/10m30s  3.60 iters/s

running (05m24.9s), 112/600 VUs, 519 complete and 0 interrupted iterations
saturation   [  52% ] 112/600 VUs  05m24.9s/10m30s  3.61 iters/s

running (05m25.9s), 112/600 VUs, 522 complete and 0 interrupted iterations
saturation   [  52% ] 112/600 VUs  05m25.9s/10m30s  3.62 iters/s

running (05m26.9s), 116/600 VUs, 522 complete and 0 interrupted iterations
saturation   [  52% ] 116/600 VUs  05m26.9s/10m30s  3.63 iters/s

running (05m27.9s), 120/600 VUs, 522 complete and 0 interrupted iterations
saturation   [  52% ] 120/600 VUs  05m27.9s/10m30s  3.64 iters/s

running (05m28.9s), 120/600 VUs, 525 complete and 0 interrupted iterations
saturation   [  52% ] 120/600 VUs  05m28.9s/10m30s  3.65 iters/s

running (05m29.9s), 124/600 VUs, 525 complete and 0 interrupted iterations
saturation   [  52% ] 124/600 VUs  05m29.9s/10m30s  3.67 iters/s

running (05m30.9s), 128/600 VUs, 525 complete and 0 interrupted iterations
saturation   [  53% ] 128/600 VUs  05m30.9s/10m30s  3.68 iters/s

running (05m31.9s), 130/600 VUs, 526 complete and 0 interrupted iterations
saturation   [  53% ] 130/600 VUs  05m31.9s/10m30s  3.69 iters/s

running (05m32.9s), 129/600 VUs, 531 complete and 0 interrupted iterations
saturation   [  53% ] 129/600 VUs  05m32.9s/10m30s  3.70 iters/s

running (05m33.9s), 132/600 VUs, 532 complete and 0 interrupted iterations
saturation   [  53% ] 132/600 VUs  05m33.9s/10m30s  3.71 iters/s

running (05m34.9s), 131/600 VUs, 536 complete and 0 interrupted iterations
saturation   [  53% ] 131/600 VUs  05m34.9s/10m30s  3.72 iters/s

running (05m35.9s), 135/600 VUs, 536 complete and 0 interrupted iterations
saturation   [  53% ] 135/600 VUs  05m35.9s/10m30s  3.73 iters/s

running (05m36.9s), 139/600 VUs, 536 complete and 0 interrupted iterations
saturation   [  53% ] 139/600 VUs  05m36.9s/10m30s  3.74 iters/s

running (05m37.9s), 143/600 VUs, 536 complete and 0 interrupted iterations
saturation   [  54% ] 143/600 VUs  05m37.9s/10m30s  3.75 iters/s

running (05m38.9s), 141/600 VUs, 541 complete and 0 interrupted iterations
saturation   [  54% ] 141/600 VUs  05m38.9s/10m30s  3.76 iters/s

running (05m39.9s), 142/600 VUs, 544 complete and 0 interrupted iterations
saturation   [  54% ] 142/600 VUs  05m39.9s/10m30s  3.78 iters/s

running (05m40.9s), 144/600 VUs, 546 complete and 0 interrupted iterations
saturation   [  54% ] 144/600 VUs  05m40.9s/10m30s  3.79 iters/s

running (05m41.9s), 146/600 VUs, 548 complete and 0 interrupted iterations
saturation   [  54% ] 146/600 VUs  05m41.9s/10m30s  3.80 iters/s

running (05m42.9s), 148/600 VUs, 550 complete and 0 interrupted iterations
saturation   [  54% ] 148/600 VUs  05m42.9s/10m30s  3.81 iters/s

running (05m43.9s), 149/600 VUs, 552 complete and 0 interrupted iterations
saturation   [  55% ] 149/600 VUs  05m43.9s/10m30s  3.82 iters/s

running (05m44.9s), 153/600 VUs, 552 complete and 0 interrupted iterations
saturation   [  55% ] 153/600 VUs  05m44.9s/10m30s  3.83 iters/s

running (05m45.9s), 155/600 VUs, 554 complete and 0 interrupted iterations
saturation   [  55% ] 155/600 VUs  05m45.9s/10m30s  3.84 iters/s

running (05m46.9s), 158/600 VUs, 555 complete and 0 interrupted iterations
saturation   [  55% ] 158/600 VUs  05m46.9s/10m30s  3.85 iters/s

running (05m47.9s), 161/600 VUs, 556 complete and 0 interrupted iterations
saturation   [  55% ] 161/600 VUs  05m47.9s/10m30s  3.87 iters/s

running (05m48.9s), 165/600 VUs, 556 complete and 0 interrupted iterations
saturation   [  55% ] 165/600 VUs  05m48.9s/10m30s  3.88 iters/s

running (05m49.9s), 168/600 VUs, 556 complete and 0 interrupted iterations
saturation   [  56% ] 168/600 VUs  05m49.9s/10m30s  3.89 iters/s

running (05m50.9s), 168/600 VUs, 560 complete and 0 interrupted iterations
saturation   [  56% ] 168/600 VUs  05m50.9s/10m30s  3.90 iters/s

running (05m51.9s), 170/600 VUs, 562 complete and 0 interrupted iterations
saturation   [  56% ] 170/600 VUs  05m51.9s/10m30s  3.91 iters/s

running (05m52.9s), 174/600 VUs, 562 complete and 0 interrupted iterations
saturation   [  56% ] 174/600 VUs  05m52.9s/10m30s  3.92 iters/s

running (05m53.9s), 177/600 VUs, 563 complete and 0 interrupted iterations
saturation   [  56% ] 177/600 VUs  05m53.9s/10m30s  3.93 iters/s

running (05m54.9s), 181/600 VUs, 563 complete and 0 interrupted iterations
saturation   [  56% ] 181/600 VUs  05m54.9s/10m30s  3.94 iters/s

running (05m55.9s), 179/600 VUs, 569 complete and 0 interrupted iterations
saturation   [  56% ] 179/600 VUs  05m55.9s/10m30s  3.95 iters/s

running (05m56.9s), 182/600 VUs, 570 complete and 0 interrupted iterations
saturation   [  57% ] 182/600 VUs  05m56.9s/10m30s  3.97 iters/s

running (05m57.9s), 180/600 VUs, 576 complete and 0 interrupted iterations
saturation   [  57% ] 180/600 VUs  05m57.9s/10m30s  3.98 iters/s

running (05m58.9s), 179/600 VUs, 581 complete and 0 interrupted iterations
saturation   [  57% ] 179/600 VUs  05m58.9s/10m30s  3.99 iters/s

running (05m59.9s), 176/600 VUs, 588 complete and 0 interrupted iterations
saturation   [  57% ] 176/600 VUs  05m59.9s/10m30s  4.00 iters/s

running (06m00.9s), 177/600 VUs, 591 complete and 0 interrupted iterations
saturation   [  57% ] 177/600 VUs  06m00.9s/10m30s  4.01 iters/s

running (06m01.9s), 178/600 VUs, 594 complete and 0 interrupted iterations
saturation   [  57% ] 178/600 VUs  06m01.9s/10m30s  4.02 iters/s

running (06m02.9s), 179/600 VUs, 597 complete and 0 interrupted iterations
saturation   [  58% ] 179/600 VUs  06m02.9s/10m30s  4.03 iters/s

running (06m03.9s), 179/600 VUs, 601 complete and 0 interrupted iterations
saturation   [  58% ] 179/600 VUs  06m03.9s/10m30s  4.04 iters/s

running (06m04.9s), 177/600 VUs, 607 complete and 0 interrupted iterations
saturation   [  58% ] 177/600 VUs  06m04.9s/10m30s  4.05 iters/s

running (06m05.9s), 178/600 VUs, 610 complete and 0 interrupted iterations
saturation   [  58% ] 178/600 VUs  06m05.9s/10m30s  4.06 iters/s

running (06m06.9s), 180/600 VUs, 612 complete and 0 interrupted iterations
saturation   [  58% ] 180/600 VUs  06m06.9s/10m30s  4.08 iters/s

running (06m07.9s), 177/600 VUs, 619 complete and 0 interrupted iterations
saturation   [  58% ] 177/600 VUs  06m07.9s/10m30s  4.09 iters/s

running (06m08.9s), 179/600 VUs, 621 complete and 0 interrupted iterations
saturation   [  59% ] 179/600 VUs  06m08.9s/10m30s  4.10 iters/s

running (06m09.9s), 182/600 VUs, 622 complete and 0 interrupted iterations
saturation   [  59% ] 182/600 VUs  06m09.9s/10m30s  4.11 iters/s

running (06m10.9s), 182/600 VUs, 627 complete and 0 interrupted iterations
saturation   [  59% ] 182/600 VUs  06m10.9s/10m30s  4.12 iters/s

running (06m11.9s), 183/600 VUs, 630 complete and 0 interrupted iterations
saturation   [  59% ] 183/600 VUs  06m11.9s/10m30s  4.13 iters/s

running (06m12.9s), 180/600 VUs, 637 complete and 0 interrupted iterations
saturation   [  59% ] 180/600 VUs  06m12.9s/10m30s  4.14 iters/s

running (06m13.9s), 183/600 VUs, 638 complete and 0 interrupted iterations
saturation   [  59% ] 183/600 VUs  06m13.9s/10m30s  4.15 iters/s

running (06m14.9s), 179/600 VUs, 646 complete and 0 interrupted iterations
saturation   [  60% ] 179/600 VUs  06m14.9s/10m30s  4.16 iters/s

running (06m15.9s), 178/600 VUs, 651 complete and 0 interrupted iterations
saturation   [  60% ] 178/600 VUs  06m15.9s/10m30s  4.18 iters/s

running (06m16.9s), 180/600 VUs, 653 complete and 0 interrupted iterations
saturation   [  60% ] 180/600 VUs  06m16.9s/10m30s  4.19 iters/s

running (06m17.9s), 180/600 VUs, 658 complete and 0 interrupted iterations
saturation   [  60% ] 180/600 VUs  06m17.9s/10m30s  4.20 iters/s

running (06m18.9s), 178/600 VUs, 664 complete and 0 interrupted iterations
saturation   [  60% ] 178/600 VUs  06m18.9s/10m30s  4.21 iters/s

running (06m19.9s), 180/600 VUs, 666 complete and 0 interrupted iterations
saturation   [  60% ] 180/600 VUs  06m19.9s/10m30s  4.22 iters/s

running (06m20.9s), 181/600 VUs, 669 complete and 0 interrupted iterations
saturation   [  60% ] 181/600 VUs  06m20.9s/10m30s  4.23 iters/s

running (06m21.9s), 183/600 VUs, 672 complete and 0 interrupted iterations
saturation   [  61% ] 183/600 VUs  06m21.9s/10m30s  4.24 iters/s

running (06m22.9s), 183/600 VUs, 676 complete and 0 interrupted iterations
saturation   [  61% ] 183/600 VUs  06m22.9s/10m30s  4.25 iters/s

running (06m23.9s), 185/600 VUs, 678 complete and 0 interrupted iterations
saturation   [  61% ] 185/600 VUs  06m23.9s/10m30s  4.26 iters/s

running (06m24.9s), 189/600 VUs, 678 complete and 0 interrupted iterations
saturation   [  61% ] 189/600 VUs  06m24.9s/10m30s  4.28 iters/s

running (06m25.9s), 189/600 VUs, 683 complete and 0 interrupted iterations
saturation   [  61% ] 189/600 VUs  06m25.9s/10m30s  4.29 iters/s

running (06m26.9s), 190/600 VUs, 686 complete and 0 interrupted iterations
saturation   [  61% ] 190/600 VUs  06m26.9s/10m30s  4.30 iters/s

running (06m27.9s), 191/600 VUs, 689 complete and 0 interrupted iterations
saturation   [  62% ] 191/600 VUs  06m27.9s/10m30s  4.31 iters/s

running (06m28.9s), 196/600 VUs, 689 complete and 0 interrupted iterations
saturation   [  62% ] 196/600 VUs  06m28.9s/10m30s  4.32 iters/s

running (06m29.9s), 195/600 VUs, 694 complete and 0 interrupted iterations
saturation   [  62% ] 195/600 VUs  06m29.9s/10m30s  4.33 iters/s

running (06m30.9s), 197/600 VUs, 696 complete and 0 interrupted iterations
saturation   [  62% ] 197/600 VUs  06m30.9s/10m30s  4.34 iters/s

running (06m31.9s), 198/600 VUs, 700 complete and 0 interrupted iterations
saturation   [  62% ] 198/600 VUs  06m31.9s/10m30s  4.36 iters/s

running (06m32.9s), 200/600 VUs, 702 complete and 0 interrupted iterations
saturation   [  62% ] 200/600 VUs  06m32.9s/10m30s  4.37 iters/s

running (06m33.9s), 199/600 VUs, 707 complete and 0 interrupted iterations
saturation   [  63% ] 199/600 VUs  06m33.9s/10m30s  4.38 iters/s

running (06m34.9s), 203/600 VUs, 708 complete and 0 interrupted iterations
saturation   [  63% ] 203/600 VUs  06m34.9s/10m30s  4.39 iters/s

running (06m35.9s), 204/600 VUs, 711 complete and 0 interrupted iterations
saturation   [  63% ] 204/600 VUs  06m35.9s/10m30s  4.40 iters/s

running (06m36.9s), 204/600 VUs, 715 complete and 0 interrupted iterations
saturation   [  63% ] 204/600 VUs  06m36.9s/10m30s  4.41 iters/s

running (06m37.9s), 208/600 VUs, 716 complete and 0 interrupted iterations
saturation   [  63% ] 208/600 VUs  06m37.9s/10m30s  4.42 iters/s

running (06m38.9s), 207/600 VUs, 721 complete and 0 interrupted iterations
saturation   [  63% ] 207/600 VUs  06m38.9s/10m30s  4.43 iters/s

running (06m39.9s), 209/600 VUs, 724 complete and 0 interrupted iterations
saturation   [  63% ] 209/600 VUs  06m39.9s/10m30s  4.44 iters/s

running (06m40.9s), 212/600 VUs, 725 complete and 0 interrupted iterations
saturation   [  64% ] 212/600 VUs  06m40.9s/10m30s  4.45 iters/s

running (06m41.9s), 212/600 VUs, 730 complete and 0 interrupted iterations
saturation   [  64% ] 212/600 VUs  06m41.9s/10m30s  4.47 iters/s

running (06m42.9s), 215/600 VUs, 731 complete and 0 interrupted iterations
saturation   [  64% ] 215/600 VUs  06m42.9s/10m30s  4.48 iters/s

running (06m43.9s), 216/600 VUs, 735 complete and 0 interrupted iterations
saturation   [  64% ] 216/600 VUs  06m43.9s/10m30s  4.49 iters/s

running (06m44.9s), 220/600 VUs, 735 complete and 0 interrupted iterations
saturation   [  64% ] 220/600 VUs  06m44.9s/10m30s  4.50 iters/s

running (06m45.9s), 220/600 VUs, 740 complete and 0 interrupted iterations
saturation   [  64% ] 220/600 VUs  06m45.9s/10m30s  4.51 iters/s

running (06m46.9s), 222/600 VUs, 742 complete and 0 interrupted iterations
saturation   [  65% ] 222/600 VUs  06m46.9s/10m30s  4.52 iters/s

running (06m47.9s), 225/600 VUs, 744 complete and 0 interrupted iterations
saturation   [  65% ] 225/600 VUs  06m47.9s/10m30s  4.53 iters/s

running (06m48.9s), 225/600 VUs, 748 complete and 0 interrupted iterations
saturation   [  65% ] 225/600 VUs  06m48.9s/10m30s  4.54 iters/s

running (06m49.9s), 227/600 VUs, 751 complete and 0 interrupted iterations
saturation   [  65% ] 227/600 VUs  06m49.9s/10m30s  4.55 iters/s

running (06m50.9s), 229/600 VUs, 753 complete and 0 interrupted iterations
saturation   [  65% ] 229/600 VUs  06m50.9s/10m30s  4.56 iters/s

running (06m51.9s), 231/600 VUs, 756 complete and 0 interrupted iterations
saturation   [  65% ] 231/600 VUs  06m51.9s/10m30s  4.58 iters/s

running (06m52.9s), 231/600 VUs, 760 complete and 0 interrupted iterations
saturation   [  66% ] 231/600 VUs  06m52.9s/10m30s  4.59 iters/s

running (06m53.9s), 236/600 VUs, 760 complete and 0 interrupted iterations
saturation   [  66% ] 236/600 VUs  06m53.9s/10m30s  4.60 iters/s

running (06m54.9s), 236/600 VUs, 765 complete and 0 interrupted iterations
saturation   [  66% ] 236/600 VUs  06m54.9s/10m30s  4.61 iters/s

running (06m55.9s), 237/600 VUs, 768 complete and 0 interrupted iterations
saturation   [  66% ] 237/600 VUs  06m55.9s/10m30s  4.62 iters/s

running (06m56.9s), 240/600 VUs, 770 complete and 0 interrupted iterations
saturation   [  66% ] 240/600 VUs  06m56.9s/10m30s  4.63 iters/s

running (06m57.9s), 242/600 VUs, 773 complete and 0 interrupted iterations
saturation   [  66% ] 242/600 VUs  06m57.9s/10m30s  4.64 iters/s

running (06m58.9s), 244/600 VUs, 775 complete and 0 interrupted iterations
saturation   [  66% ] 244/600 VUs  06m58.9s/10m30s  4.65 iters/s

running (06m59.9s), 245/600 VUs, 779 complete and 0 interrupted iterations
saturation   [  67% ] 245/600 VUs  06m59.9s/10m30s  4.67 iters/s

running (07m00.9s), 247/600 VUs, 781 complete and 0 interrupted iterations
saturation   [  67% ] 247/600 VUs  07m00.9s/10m30s  4.67 iters/s

running (07m01.9s), 248/600 VUs, 785 complete and 0 interrupted iterations
saturation   [  67% ] 248/600 VUs  07m01.9s/10m30s  4.69 iters/s

running (07m02.9s), 251/600 VUs, 787 complete and 0 interrupted iterations
saturation   [  67% ] 251/600 VUs  07m02.9s/10m30s  4.70 iters/s

running (07m03.9s), 252/600 VUs, 791 complete and 0 interrupted iterations
saturation   [  67% ] 252/600 VUs  07m03.9s/10m30s  4.71 iters/s

running (07m04.9s), 254/600 VUs, 793 complete and 0 interrupted iterations
saturation   [  67% ] 254/600 VUs  07m04.9s/10m30s  4.72 iters/s

running (07m05.9s), 254/600 VUs, 798 complete and 0 interrupted iterations
saturation   [  68% ] 254/600 VUs  07m05.9s/10m30s  4.73 iters/s

running (07m06.9s), 256/600 VUs, 801 complete and 0 interrupted iterations
saturation   [  68% ] 256/600 VUs  07m06.9s/10m30s  4.74 iters/s

running (07m07.9s), 257/600 VUs, 804 complete and 0 interrupted iterations
saturation   [  68% ] 257/600 VUs  07m07.9s/10m30s  4.75 iters/s

running (07m08.9s), 260/600 VUs, 806 complete and 0 interrupted iterations
saturation   [  68% ] 260/600 VUs  07m08.9s/10m30s  4.76 iters/s

running (07m09.9s), 261/600 VUs, 810 complete and 0 interrupted iterations
saturation   [  68% ] 261/600 VUs  07m09.9s/10m30s  4.78 iters/s

running (07m10.9s), 261/600 VUs, 815 complete and 0 interrupted iterations
saturation   [  68% ] 261/600 VUs  07m10.9s/10m30s  4.79 iters/s

running (07m11.9s), 266/600 VUs, 815 complete and 0 interrupted iterations
saturation   [  69% ] 266/600 VUs  07m11.9s/10m30s  4.80 iters/s

running (07m12.9s), 265/600 VUs, 820 complete and 0 interrupted iterations
saturation   [  69% ] 265/600 VUs  07m12.9s/10m30s  4.81 iters/s

running (07m13.9s), 267/600 VUs, 823 complete and 0 interrupted iterations
saturation   [  69% ] 267/600 VUs  07m13.9s/10m30s  4.82 iters/s

running (07m14.9s), 269/600 VUs, 826 complete and 0 interrupted iterations
saturation   [  69% ] 269/600 VUs  07m14.9s/10m30s  4.83 iters/s

running (07m15.9s), 272/600 VUs, 828 complete and 0 interrupted iterations
saturation   [  69% ] 272/600 VUs  07m15.9s/10m30s  4.84 iters/s

running (07m16.9s), 274/600 VUs, 831 complete and 0 interrupted iterations
saturation   [  69% ] 274/600 VUs  07m16.9s/10m30s  4.85 iters/s

running (07m17.9s), 276/600 VUs, 834 complete and 0 interrupted iterations
saturation   [  70% ] 276/600 VUs  07m17.9s/10m30s  4.87 iters/s

running (07m18.9s), 279/600 VUs, 835 complete and 0 interrupted iterations
saturation   [  70% ] 279/600 VUs  07m18.9s/10m30s  4.88 iters/s

running (07m19.9s), 280/600 VUs, 839 complete and 0 interrupted iterations
saturation   [  70% ] 280/600 VUs  07m19.9s/10m30s  4.89 iters/s

running (07m20.9s), 283/600 VUs, 841 complete and 0 interrupted iterations
saturation   [  70% ] 283/600 VUs  07m20.9s/10m30s  4.90 iters/s

running (07m21.9s), 284/600 VUs, 845 complete and 0 interrupted iterations
saturation   [  70% ] 284/600 VUs  07m21.9s/10m30s  4.91 iters/s

running (07m22.9s), 287/600 VUs, 847 complete and 0 interrupted iterations
saturation   [  70% ] 287/600 VUs  07m22.9s/10m30s  4.92 iters/s

running (07m23.9s), 288/600 VUs, 851 complete and 0 interrupted iterations
saturation   [  70% ] 288/600 VUs  07m23.9s/10m30s  4.93 iters/s

running (07m24.9s), 292/600 VUs, 852 complete and 0 interrupted iterations
saturation   [  71% ] 292/600 VUs  07m24.9s/10m30s  4.94 iters/s

running (07m25.9s), 292/600 VUs, 857 complete and 0 interrupted iterations
saturation   [  71% ] 292/600 VUs  07m25.9s/10m30s  4.95 iters/s

running (07m26.9s), 295/600 VUs, 859 complete and 0 interrupted iterations
saturation   [  71% ] 295/600 VUs  07m26.9s/10m30s  4.97 iters/s

running (07m27.9s), 296/600 VUs, 863 complete and 0 interrupted iterations
saturation   [  71% ] 296/600 VUs  07m27.9s/10m30s  4.98 iters/s

running (07m28.9s), 300/600 VUs, 864 complete and 0 interrupted iterations
saturation   [  71% ] 300/600 VUs  07m28.9s/10m30s  4.99 iters/s

running (07m29.9s), 300/600 VUs, 869 complete and 0 interrupted iterations
saturation   [  71% ] 300/600 VUs  07m29.9s/10m30s  5.00 iters/s

running (07m30.9s), 303/600 VUs, 871 complete and 0 interrupted iterations
saturation   [  72% ] 303/600 VUs  07m30.9s/10m30s  5.01 iters/s

running (07m31.9s), 304/600 VUs, 875 complete and 0 interrupted iterations
saturation   [  72% ] 304/600 VUs  07m31.9s/10m30s  5.02 iters/s

running (07m32.9s), 306/600 VUs, 878 complete and 0 interrupted iterations
saturation   [  72% ] 306/600 VUs  07m32.9s/10m30s  5.03 iters/s

running (07m33.9s), 310/600 VUs, 879 complete and 0 interrupted iterations
saturation   [  72% ] 310/600 VUs  07m33.9s/10m30s  5.04 iters/s

running (07m34.9s), 311/600 VUs, 883 complete and 0 interrupted iterations
saturation   [  72% ] 311/600 VUs  07m34.9s/10m30s  5.05 iters/s

running (07m35.9s), 313/600 VUs, 886 complete and 0 interrupted iterations
saturation   [  72% ] 313/600 VUs  07m35.9s/10m30s  5.07 iters/s

running (07m36.9s), 315/600 VUs, 889 complete and 0 interrupted iterations
saturation   [  73% ] 315/600 VUs  07m36.9s/10m30s  5.08 iters/s

running (07m37.9s), 318/600 VUs, 891 complete and 0 interrupted iterations
saturation   [  73% ] 318/600 VUs  07m37.9s/10m30s  5.09 iters/s

running (07m38.9s), 321/600 VUs, 893 complete and 0 interrupted iterations
saturation   [  73% ] 321/600 VUs  07m38.9s/10m30s  5.10 iters/s

running (07m39.9s), 321/600 VUs, 898 complete and 0 interrupted iterations
saturation   [  73% ] 321/600 VUs  07m39.9s/10m30s  5.11 iters/s

running (07m40.9s), 325/600 VUs, 899 complete and 0 interrupted iterations
saturation   [  73% ] 325/600 VUs  07m40.9s/10m30s  5.12 iters/s

running (07m41.9s), 326/600 VUs, 904 complete and 0 interrupted iterations
saturation   [  73% ] 326/600 VUs  07m41.9s/10m30s  5.13 iters/s

running (07m42.9s), 330/600 VUs, 905 complete and 0 interrupted iterations
saturation   [  73% ] 330/600 VUs  07m42.9s/10m30s  5.14 iters/s

running (07m43.9s), 331/600 VUs, 909 complete and 0 interrupted iterations
saturation   [  74% ] 331/600 VUs  07m43.9s/10m30s  5.15 iters/s

running (07m44.9s), 332/600 VUs, 913 complete and 0 interrupted iterations
saturation   [  74% ] 332/600 VUs  07m44.9s/10m30s  5.17 iters/s

running (07m45.9s), 336/600 VUs, 914 complete and 0 interrupted iterations
saturation   [  74% ] 336/600 VUs  07m45.9s/10m30s  5.18 iters/s

running (07m46.9s), 336/600 VUs, 919 complete and 0 interrupted iterations
saturation   [  74% ] 336/600 VUs  07m46.9s/10m30s  5.19 iters/s

running (07m47.9s), 340/600 VUs, 921 complete and 0 interrupted iterations
saturation   [  74% ] 340/600 VUs  07m47.9s/10m30s  5.20 iters/s

running (07m48.9s), 342/600 VUs, 924 complete and 0 interrupted iterations
saturation   [  74% ] 342/600 VUs  07m48.9s/10m30s  5.21 iters/s

running (07m49.9s), 343/600 VUs, 928 complete and 0 interrupted iterations
saturation   [  75% ] 343/600 VUs  07m49.9s/10m30s  5.22 iters/s

running (07m50.9s), 348/600 VUs, 928 complete and 0 interrupted iterations
saturation   [  75% ] 348/600 VUs  07m50.9s/10m30s  5.23 iters/s

running (07m51.9s), 349/600 VUs, 932 complete and 0 interrupted iterations
saturation   [  75% ] 349/600 VUs  07m51.9s/10m30s  5.24 iters/s

running (07m52.9s), 353/600 VUs, 934 complete and 0 interrupted iterations
saturation   [  75% ] 353/600 VUs  07m52.9s/10m30s  5.25 iters/s

running (07m53.9s), 354/600 VUs, 938 complete and 0 interrupted iterations
saturation   [  75% ] 354/600 VUs  07m53.9s/10m30s  5.27 iters/s

running (07m54.9s), 358/600 VUs, 939 complete and 0 interrupted iterations
saturation   [  75% ] 358/600 VUs  07m54.9s/10m30s  5.28 iters/s

running (07m55.9s), 358/600 VUs, 944 complete and 0 interrupted iterations
saturation   [  76% ] 358/600 VUs  07m55.9s/10m30s  5.29 iters/s

running (07m56.9s), 363/600 VUs, 945 complete and 0 interrupted iterations
saturation   [  76% ] 363/600 VUs  07m56.9s/10m30s  5.30 iters/s

running (07m57.9s), 363/600 VUs, 950 complete and 0 interrupted iterations
saturation   [  76% ] 363/600 VUs  07m57.9s/10m30s  5.31 iters/s

running (07m58.9s), 366/600 VUs, 952 complete and 0 interrupted iterations
saturation   [  76% ] 366/600 VUs  07m58.9s/10m30s  5.32 iters/s

running (07m59.9s), 369/600 VUs, 955 complete and 0 interrupted iterations
saturation   [  76% ] 369/600 VUs  07m59.9s/10m30s  5.33 iters/s

running (08m00.9s), 371/600 VUs, 958 complete and 0 interrupted iterations
saturation   [  76% ] 371/600 VUs  08m00.9s/10m30s  5.34 iters/s

running (08m01.9s), 373/600 VUs, 961 complete and 0 interrupted iterations
saturation   [  76% ] 373/600 VUs  08m01.9s/10m30s  5.35 iters/s

running (08m02.9s), 375/600 VUs, 965 complete and 0 interrupted iterations
saturation   [  77% ] 375/600 VUs  08m02.9s/10m30s  5.37 iters/s

running (08m03.9s), 379/600 VUs, 966 complete and 0 interrupted iterations
saturation   [  77% ] 379/600 VUs  08m03.9s/10m30s  5.38 iters/s

running (08m04.9s), 382/600 VUs, 969 complete and 0 interrupted iterations
saturation   [  77% ] 382/600 VUs  08m04.9s/10m30s  5.39 iters/s

running (08m05.9s), 384/600 VUs, 972 complete and 0 interrupted iterations
saturation   [  77% ] 384/600 VUs  08m05.9s/10m30s  5.40 iters/s

running (08m06.9s), 386/600 VUs, 975 complete and 0 interrupted iterations
saturation   [  77% ] 386/600 VUs  08m06.9s/10m30s  5.41 iters/s
time="2026-08-10T12:42:27Z" level=warning msg="Request Failed" error="Post \"http://localhost:29010/management/v3/catalog/request\": request timeout"
time="2026-08-10T12:42:27Z" level=warning msg="Request Failed" error="Post \"http://localhost:29010/management/v3/catalog/request\": request timeout"

running (08m07.9s), 386/600 VUs, 981 complete and 0 interrupted iterations
saturation   [  77% ] 386/600 VUs  08m07.9s/10m30s  5.42 iters/s
time="2026-08-10T12:42:28Z" level=warning msg="Request Failed" error="Post \"http://localhost:29010/management/v3/catalog/request\": request timeout"
time="2026-08-10T12:42:28Z" level=warning msg="Request Failed" error="Post \"http://localhost:29010/management/v3/catalog/request\": request timeout"
time="2026-08-10T12:42:28Z" level=warning msg="Request Failed" error="Post \"http://localhost:29010/management/v3/catalog/request\": request timeout"
time="2026-08-10T12:42:28Z" level=warning msg="Request Failed" error="Post \"http://localhost:29010/management/v3/catalog/request\": request timeout"
time="2026-08-10T12:42:29Z" level=warning msg="Request Failed" error="Post \"http://localhost:29010/management/v3/catalog/request\": request timeout"

running (08m08.9s), 384/600 VUs, 988 complete and 0 interrupted iterations
saturation   [  78% ] 384/600 VUs  08m08.9s/10m30s  5.43 iters/s
time="2026-08-10T12:42:29Z" level=warning msg="Request Failed" error="Post \"http://localhost:29010/management/v3/catalog/request\": request timeout"
time="2026-08-10T12:42:29Z" level=warning msg="Request Failed" error="Post \"http://localhost:29010/management/v3/catalog/request\": request timeout"
time="2026-08-10T12:42:29Z" level=warning msg="Request Failed" error="Post \"http://localhost:29010/management/v3/catalog/request\": request timeout"
time="2026-08-10T12:42:29Z" level=warning msg="Request Failed" error="Post \"http://localhost:29010/management/v3/catalog/request\": request timeout"
time="2026-08-10T12:42:30Z" level=warning msg="Request Failed" error="Post \"http://localhost:29010/management/v3/catalog/request\": request timeout"

running (08m09.9s), 382/600 VUs, 996 complete and 0 interrupted iterations
saturation   [  78% ] 382/600 VUs  08m09.9s/10m30s  5.44 iters/s
time="2026-08-10T12:42:30Z" level=warning msg="Request Failed" error="Post \"http://localhost:29010/management/v3/catalog/request\": request timeout"
time="2026-08-10T12:42:30Z" level=warning msg="Request Failed" error="Post \"http://localhost:29010/management/v3/catalog/request\": request timeout"
time="2026-08-10T12:42:30Z" level=warning msg="Request Failed" error="Post \"http://localhost:29010/management/v3/catalog/request\": request timeout"
time="2026-08-10T12:42:31Z" level=warning msg="Request Failed" error="Post \"http://localhost:29010/management/v3/catalog/request\": request timeout"

running (08m10.9s), 381/600 VUs, 1002 complete and 0 interrupted iterations
saturation   [  78% ] 381/600 VUs  08m10.9s/10m30s  5.45 iters/s
time="2026-08-10T12:42:31Z" level=warning msg="Request Failed" error="Post \"http://localhost:29010/management/v3/catalog/request\": request timeout"
time="2026-08-10T12:42:31Z" level=warning msg="Request Failed" error="Post \"http://localhost:29010/management/v3/catalog/request\": request timeout"
time="2026-08-10T12:42:31Z" level=warning msg="Request Failed" error="Post \"http://localhost:29010/management/v3/catalog/request\": request timeout"
time="2026-08-10T12:42:31Z" level=warning msg="Request Failed" error="Post \"http://localhost:29010/management/v3/catalog/request\": request timeout"
time="2026-08-10T12:42:32Z" level=warning msg="Request Failed" error="Post \"http://localhost:29010/management/v3/catalog/request\": request timeout"

running (08m11.9s), 378/600 VUs, 1011 complete and 0 interrupted iterations
saturation   [  78% ] 378/600 VUs  08m11.9s/10m30s  5.47 iters/s
time="2026-08-10T12:42:32Z" level=warning msg="Request Failed" error="Post \"http://localhost:29010/management/v3/catalog/request\": request timeout"
time="2026-08-10T12:42:32Z" level=warning msg="Request Failed" error="Post \"http://localhost:29010/management/v3/catalog/request\": request timeout"
time="2026-08-10T12:42:32Z" level=warning msg="Request Failed" error="Post \"http://localhost:29010/management/v3/catalog/request\": request timeout"
time="2026-08-10T12:42:32Z" level=warning msg="Request Failed" error="Post \"http://localhost:29010/management/v3/catalog/request\": request timeout"

running (08m12.9s), 379/600 VUs, 1015 complete and 0 interrupted iterations
saturation   [  78% ] 379/600 VUs  08m12.9s/10m30s  5.48 iters/s
time="2026-08-10T12:42:33Z" level=warning msg="Request Failed" error="Post \"http://localhost:29010/management/v3/catalog/request\": request timeout"
time="2026-08-10T12:42:33Z" level=warning msg="Request Failed" error="Post \"http://localhost:29010/management/v3/catalog/request\": request timeout"
time="2026-08-10T12:42:33Z" level=warning msg="Request Failed" error="Post \"http://localhost:29010/management/v3/catalog/request\": request timeout"
time="2026-08-10T12:42:33Z" level=warning msg="Request Failed" error="Post \"http://localhost:29010/management/v3/catalog/request\": request timeout"
time="2026-08-10T12:42:34Z" level=warning msg="Request Failed" error="Post \"http://localhost:29010/management/v3/catalog/request\": request timeout"

running (08m13.9s), 374/600 VUs, 1025 complete and 0 interrupted iterations
saturation   [  78% ] 374/600 VUs  08m13.9s/10m30s  5.49 iters/s
time="2026-08-10T12:42:34Z" level=warning msg="Request Failed" error="Post \"http://localhost:29010/management/v3/catalog/request\": request timeout"
time="2026-08-10T12:42:34Z" level=warning msg="Request Failed" error="Post \"http://localhost:29010/management/v3/catalog/request\": request timeout"
time="2026-08-10T12:42:34Z" level=warning msg="Request Failed" error="Post \"http://localhost:29010/management/v3/catalog/request\": request timeout"
time="2026-08-10T12:42:34Z" level=warning msg="Request Failed" error="Post \"http://localhost:29010/management/v3/catalog/request\": request timeout"
time="2026-08-10T12:42:35Z" level=warning msg="Request Failed" error="Post \"http://localhost:29010/management/v3/catalog/request\": request timeout"

running (08m14.9s), 372/600 VUs, 1033 complete and 0 interrupted iterations
saturation   [  79% ] 372/600 VUs  08m14.9s/10m30s  5.50 iters/s
time="2026-08-10T12:42:35Z" level=warning msg="Request Failed" error="Post \"http://localhost:29010/management/v3/catalog/request\": request timeout"
time="2026-08-10T12:42:35Z" level=warning msg="Request Failed" error="Post \"http://localhost:29010/management/v3/catalog/request\": request timeout"
time="2026-08-10T12:42:35Z" level=warning msg="Request Failed" error="Post \"http://localhost:29010/management/v3/catalog/request\": request timeout"
time="2026-08-10T12:42:36Z" level=warning msg="Request Failed" error="Post \"http://localhost:29010/management/v3/catalog/request\": request timeout"

running (08m15.9s), 372/600 VUs, 1038 complete and 0 interrupted iterations
saturation   [  79% ] 372/600 VUs  08m15.9s/10m30s  5.51 iters/s
time="2026-08-10T12:42:36Z" level=warning msg="Request Failed" error="Post \"http://localhost:29010/management/v3/catalog/request\": request timeout"
time="2026-08-10T12:42:36Z" level=warning msg="Request Failed" error="Post \"http://localhost:29010/management/v3/catalog/request\": request timeout"
time="2026-08-10T12:42:36Z" level=warning msg="Request Failed" error="Post \"http://localhost:29010/management/v3/catalog/request\": request timeout"
time="2026-08-10T12:42:36Z" level=warning msg="Request Failed" error="Post \"http://localhost:29010/management/v3/catalog/request\": request timeout"
time="2026-08-10T12:42:37Z" level=warning msg="Request Failed" error="Post \"http://localhost:29010/management/v3/catalog/request\": request timeout"

running (08m16.9s), 369/600 VUs, 1047 complete and 0 interrupted iterations
saturation   [  79% ] 369/600 VUs  08m16.9s/10m30s  5.52 iters/s
time="2026-08-10T12:42:37Z" level=warning msg="Request Failed" error="Post \"http://localhost:29010/management/v3/catalog/request\": request timeout"
time="2026-08-10T12:42:37Z" level=warning msg="Request Failed" error="Post \"http://localhost:29010/management/v3/catalog/request\": request timeout"
time="2026-08-10T12:42:37Z" level=warning msg="Request Failed" error="Post \"http://localhost:29010/management/v3/catalog/request\": request timeout"
time="2026-08-10T12:42:37Z" level=warning msg="Request Failed" error="Post \"http://localhost:29010/management/v3/catalog/request\": request timeout"
time="2026-08-10T12:42:38Z" level=warning msg="Request Failed" error="Post \"http://localhost:29010/management/v3/catalog/request\": request timeout"

running (08m17.9s), 366/600 VUs, 1055 complete and 0 interrupted iterations
saturation   [  79% ] 366/600 VUs  08m17.9s/10m30s  5.53 iters/s
time="2026-08-10T12:42:38Z" level=warning msg="Request Failed" error="Post \"http://localhost:29010/management/v3/catalog/request\": request timeout"
time="2026-08-10T12:42:38Z" level=warning msg="Request Failed" error="Post \"http://localhost:29010/management/v3/catalog/request\": request timeout"
time="2026-08-10T12:42:38Z" level=warning msg="Request Failed" error="Post \"http://localhost:29010/management/v3/catalog/request\": request timeout"
time="2026-08-10T12:42:38Z" level=warning msg="Request Failed" error="Post \"http://localhost:29010/management/v3/catalog/request\": request timeout"

running (08m18.9s), 365/600 VUs, 1062 complete and 0 interrupted iterations
saturation   [  79% ] 365/600 VUs  08m18.9s/10m30s  5.54 iters/s
time="2026-08-10T12:42:39Z" level=warning msg="Request Failed" error="Post \"http://localhost:29010/management/v3/catalog/request\": request timeout"
time="2026-08-10T12:42:39Z" level=warning msg="Request Failed" error="Post \"http://localhost:29010/management/v3/catalog/request\": request timeout"
time="2026-08-10T12:42:39Z" level=warning msg="Request Failed" error="Post \"http://localhost:29010/management/v3/catalog/request\": request timeout"
time="2026-08-10T12:42:39Z" level=warning msg="Request Failed" error="Post \"http://localhost:29010/management/v3/catalog/request\": request timeout"
time="2026-08-10T12:42:39Z" level=warning msg="Request Failed" error="Post \"http://localhost:29010/management/v3/catalog/request\": request timeout"

running (08m19.9s), 363/600 VUs, 1070 complete and 0 interrupted iterations
saturation   [  79% ] 363/600 VUs  08m19.9s/10m30s  5.55 iters/s
time="2026-08-10T12:42:40Z" level=warning msg="Request Failed" error="Post \"http://localhost:29010/management/v3/catalog/request\": request timeout"
time="2026-08-10T12:42:40Z" level=warning msg="Request Failed" error="Post \"http://localhost:29010/management/v3/catalog/request\": request timeout"
time="2026-08-10T12:42:40Z" level=warning msg="Request Failed" error="Post \"http://localhost:29010/management/v3/catalog/request\": request timeout"
time="2026-08-10T12:42:40Z" level=warning msg="Request Failed" error="Post \"http://localhost:29010/management/v3/catalog/request\": request timeout"
time="2026-08-10T12:42:41Z" level=warning msg="Request Failed" error="Post \"http://localhost:29010/management/v3/catalog/request\": request timeout"

running (08m20.9s), 361/600 VUs, 1077 complete and 0 interrupted iterations
saturation   [  80% ] 361/600 VUs  08m20.9s/10m30s  5.56 iters/s
time="2026-08-10T12:42:41Z" level=warning msg="Request Failed" error="Post \"http://localhost:29010/management/v3/catalog/request\": request timeout"
time="2026-08-10T12:42:41Z" level=warning msg="Request Failed" error="Post \"http://localhost:29010/management/v3/catalog/request\": request timeout"
time="2026-08-10T12:42:41Z" level=warning msg="Request Failed" error="Post \"http://localhost:29010/management/v3/catalog/request\": request timeout"
time="2026-08-10T12:42:41Z" level=warning msg="Request Failed" error="Post \"http://localhost:29010/management/v3/catalog/request\": request timeout"
time="2026-08-10T12:42:42Z" level=warning msg="Request Failed" error="Post \"http://localhost:29010/management/v3/catalog/request\": request timeout"

running (08m21.9s), 357/600 VUs, 1087 complete and 0 interrupted iterations
saturation   [  80% ] 357/600 VUs  08m21.9s/10m30s  5.58 iters/s
time="2026-08-10T12:42:42Z" level=warning msg="Request Failed" error="Post \"http://localhost:29010/management/v3/catalog/request\": request timeout"
time="2026-08-10T12:42:42Z" level=warning msg="Request Failed" error="Post \"http://localhost:29010/management/v3/catalog/request\": request timeout"
time="2026-08-10T12:42:42Z" level=warning msg="Request Failed" error="Post \"http://localhost:29010/management/v3/catalog/request\": request timeout"
time="2026-08-10T12:42:42Z" level=warning msg="Request Failed" error="Post \"http://localhost:29010/management/v3/catalog/request\": request timeout"
time="2026-08-10T12:42:43Z" level=warning msg="Request Failed" error="Post \"http://localhost:29010/management/v3/catalog/request\": request timeout"

running (08m22.9s), 355/600 VUs, 1094 complete and 0 interrupted iterations
saturation   [  80% ] 355/600 VUs  08m22.9s/10m30s  5.59 iters/s
time="2026-08-10T12:42:43Z" level=warning msg="Request Failed" error="Post \"http://localhost:29010/management/v3/catalog/request\": request timeout"
time="2026-08-10T12:42:43Z" level=warning msg="Request Failed" error="Post \"http://localhost:29010/management/v3/catalog/request\": request timeout"
time="2026-08-10T12:42:43Z" level=warning msg="Request Failed" error="Post \"http://localhost:29010/management/v3/catalog/request\": request timeout"
time="2026-08-10T12:42:43Z" level=warning msg="Request Failed" error="Post \"http://localhost:29010/management/v3/catalog/request\": request timeout"
time="2026-08-10T12:42:44Z" level=warning msg="Request Failed" error="Post \"http://localhost:29010/management/v3/catalog/request\": request timeout"

running (08m23.9s), 351/600 VUs, 1104 complete and 0 interrupted iterations
saturation   [  80% ] 351/600 VUs  08m23.9s/10m30s  5.60 iters/s
time="2026-08-10T12:42:44Z" level=warning msg="Request Failed" error="Post \"http://localhost:29010/management/v3/catalog/request\": request timeout"
time="2026-08-10T12:42:44Z" level=warning msg="Request Failed" error="Post \"http://localhost:29010/management/v3/catalog/request\": request timeout"
time="2026-08-10T12:42:44Z" level=warning msg="Request Failed" error="Post \"http://localhost:29010/management/v3/catalog/request\": request timeout"
time="2026-08-10T12:42:44Z" level=warning msg="Request Failed" error="Post \"http://localhost:29010/management/v3/catalog/request\": request timeout"
time="2026-08-10T12:42:45Z" level=warning msg="Request Failed" error="Post \"http://localhost:29010/management/v3/catalog/request\": request timeout"

running (08m24.9s), 350/600 VUs, 1110 complete and 0 interrupted iterations
saturation   [  80% ] 350/600 VUs  08m24.9s/10m30s  5.61 iters/s
time="2026-08-10T12:42:45Z" level=warning msg="Request Failed" error="Post \"http://localhost:29010/management/v3/catalog/request\": request timeout"
time="2026-08-10T12:42:45Z" level=warning msg="Request Failed" error="Post \"http://localhost:29010/management/v3/catalog/request\": request timeout"
time="2026-08-10T12:42:45Z" level=warning msg="Request Failed" error="Post \"http://localhost:29010/management/v3/catalog/request\": request timeout"
time="2026-08-10T12:42:45Z" level=warning msg="Request Failed" error="Post \"http://localhost:29010/management/v3/catalog/request\": request timeout"
time="2026-08-10T12:42:46Z" level=warning msg="Request Failed" error="Post \"http://localhost:29010/management/v3/catalog/request\": request timeout"

running (08m25.9s), 347/600 VUs, 1119 complete and 0 interrupted iterations
saturation   [  80% ] 347/600 VUs  08m25.9s/10m30s  5.62 iters/s
time="2026-08-10T12:42:46Z" level=warning msg="Request Failed" error="Post \"http://localhost:29010/management/v3/catalog/request\": request timeout"
time="2026-08-10T12:42:46Z" level=warning msg="Request Failed" error="Post \"http://localhost:29010/management/v3/catalog/request\": request timeout"
time="2026-08-10T12:42:46Z" level=warning msg="Request Failed" error="Post \"http://localhost:29010/management/v3/catalog/request\": request timeout"
time="2026-08-10T12:42:46Z" level=warning msg="Request Failed" error="Post \"http://localhost:29010/management/v3/catalog/request\": request timeout"
time="2026-08-10T12:42:47Z" level=warning msg="Request Failed" error="Post \"http://localhost:29010/management/v3/catalog/request\": request timeout"

running (08m26.9s), 347/600 VUs, 1125 complete and 0 interrupted iterations
saturation   [  80% ] 347/600 VUs  08m26.9s/10m30s  5.63 iters/s
time="2026-08-10T12:42:47Z" level=warning msg="Request Failed" error="Post \"http://localhost:29010/management/v3/catalog/request\": request timeout"
time="2026-08-10T12:42:47Z" level=warning msg="Request Failed" error="Post \"http://localhost:29010/management/v3/catalog/request\": request timeout"
time="2026-08-10T12:42:47Z" level=warning msg="Request Failed" error="Post \"http://localhost:29010/management/v3/catalog/request\": request timeout"
time="2026-08-10T12:42:47Z" level=warning msg="Request Failed" error="Post \"http://localhost:29010/management/v3/catalog/request\": request timeout"
time="2026-08-10T12:42:48Z" level=warning msg="Request Failed" error="Post \"http://localhost:29010/management/v3/catalog/request\": request timeout"

running (08m27.9s), 345/600 VUs, 1132 complete and 0 interrupted iterations
saturation   [  81% ] 345/600 VUs  08m27.9s/10m30s  5.64 iters/s
time="2026-08-10T12:42:48Z" level=warning msg="Request Failed" error="Post \"http://localhost:29010/management/v3/catalog/request\": request timeout"
time="2026-08-10T12:42:48Z" level=warning msg="Request Failed" error="Post \"http://localhost:29010/management/v3/catalog/request\": request timeout"
time="2026-08-10T12:42:48Z" level=warning msg="Request Failed" error="Post \"http://localhost:29010/management/v3/catalog/request\": request timeout"
time="2026-08-10T12:42:48Z" level=warning msg="Request Failed" error="Post \"http://localhost:29010/management/v3/catalog/request\": request timeout"
time="2026-08-10T12:42:49Z" level=warning msg="Request Failed" error="Post \"http://localhost:29010/management/v3/catalog/request\": request timeout"

running (08m28.9s), 341/600 VUs, 1142 complete and 0 interrupted iterations
saturation   [  81% ] 341/600 VUs  08m28.9s/10m30s  5.65 iters/s
time="2026-08-10T12:42:49Z" level=warning msg="Request Failed" error="Post \"http://localhost:29010/management/v3/catalog/request\": request timeout"
time="2026-08-10T12:42:49Z" level=warning msg="Request Failed" error="Post \"http://localhost:29010/management/v3/catalog/request\": request timeout"
time="2026-08-10T12:42:49Z" level=warning msg="Request Failed" error="Post \"http://localhost:29010/management/v3/catalog/request\": request timeout"
time="2026-08-10T12:42:49Z" level=warning msg="Request Failed" error="Post \"http://localhost:29010/management/v3/catalog/request\": request timeout"
time="2026-08-10T12:42:50Z" level=warning msg="Request Failed" error="Post \"http://localhost:29010/management/v3/catalog/request\": request timeout"

running (08m29.9s), 341/600 VUs, 1148 complete and 0 interrupted iterations
saturation   [  81% ] 341/600 VUs  08m29.9s/10m30s  5.67 iters/s
time="2026-08-10T12:42:50Z" level=warning msg="Request Failed" error="Post \"http://localhost:29010/management/v3/catalog/request\": request timeout"
time="2026-08-10T12:42:50Z" level=warning msg="Request Failed" error="Post \"http://localhost:29010/management/v3/catalog/request\": request timeout"
time="2026-08-10T12:42:50Z" level=warning msg="Request Failed" error="Post \"http://localhost:29010/management/v3/catalog/request\": request timeout"
time="2026-08-10T12:42:50Z" level=warning msg="Request Failed" error="Post \"http://localhost:29010/management/v3/catalog/request\": request timeout"
time="2026-08-10T12:42:51Z" level=warning msg="Request Failed" error="Post \"http://localhost:29010/management/v3/catalog/request\": request timeout"

running (08m30.9s), 339/600 VUs, 1155 complete and 0 interrupted iterations
saturation   [  81% ] 339/600 VUs  08m30.9s/10m30s  5.68 iters/s
time="2026-08-10T12:42:51Z" level=warning msg="Request Failed" error="Post \"http://localhost:29010/management/v3/catalog/request\": request timeout"
time="2026-08-10T12:42:51Z" level=warning msg="Request Failed" error="Post \"http://localhost:29010/management/v3/catalog/request\": request timeout"
time="2026-08-10T12:42:51Z" level=warning msg="Request Failed" error="Post \"http://localhost:29010/management/v3/catalog/request\": request timeout"
time="2026-08-10T12:42:51Z" level=warning msg="Request Failed" error="Post \"http://localhost:29010/management/v3/catalog/request\": request timeout"
time="2026-08-10T12:42:52Z" level=warning msg="Request Failed" error="Post \"http://localhost:29010/management/v3/catalog/request\": request timeout"

running (08m31.9s), 338/600 VUs, 1162 complete and 0 interrupted iterations
saturation   [  81% ] 338/600 VUs  08m31.9s/10m30s  5.69 iters/s
time="2026-08-10T12:42:52Z" level=warning msg="Request Failed" error="Post \"http://localhost:29010/management/v3/catalog/request\": request timeout"
time="2026-08-10T12:42:52Z" level=warning msg="Request Failed" error="Post \"http://localhost:29010/management/v3/catalog/request\": request timeout"
time="2026-08-10T12:42:52Z" level=warning msg="Request Failed" error="Post \"http://localhost:29010/management/v3/catalog/request\": request timeout"
time="2026-08-10T12:42:52Z" level=warning msg="Request Failed" error="Post \"http://localhost:29010/management/v3/catalog/request\": request timeout"
time="2026-08-10T12:42:53Z" level=warning msg="Request Failed" error="Post \"http://localhost:29010/management/v3/catalog/request\": request timeout"

running (08m32.9s), 335/600 VUs, 1171 complete and 0 interrupted iterations
saturation   [  81% ] 335/600 VUs  08m32.9s/10m30s  5.70 iters/s
time="2026-08-10T12:42:53Z" level=warning msg="Request Failed" error="Post \"http://localhost:29010/management/v3/catalog/request\": request timeout"
time="2026-08-10T12:42:53Z" level=warning msg="Request Failed" error="Post \"http://localhost:29010/management/v3/catalog/request\": request timeout"
time="2026-08-10T12:42:53Z" level=warning msg="Request Failed" error="Post \"http://localhost:29010/management/v3/catalog/request\": request timeout"
time="2026-08-10T12:42:53Z" level=warning msg="Request Failed" error="Post \"http://localhost:29010/management/v3/catalog/request\": request timeout"
time="2026-08-10T12:42:54Z" level=warning msg="Request Failed" error="Post \"http://localhost:29010/management/v3/catalog/request\": request timeout"

running (08m33.9s), 331/600 VUs, 1180 complete and 0 interrupted iterations
saturation   [  82% ] 331/600 VUs  08m33.9s/10m30s  5.71 iters/s
time="2026-08-10T12:42:54Z" level=warning msg="Request Failed" error="Post \"http://localhost:29010/management/v3/catalog/request\": request timeout"
time="2026-08-10T12:42:54Z" level=warning msg="Request Failed" error="Post \"http://localhost:29010/management/v3/catalog/request\": request timeout"
time="2026-08-10T12:42:54Z" level=warning msg="Request Failed" error="Post \"http://localhost:29010/management/v3/catalog/request\": request timeout"
time="2026-08-10T12:42:54Z" level=warning msg="Request Failed" error="Post \"http://localhost:29010/management/v3/catalog/request\": request timeout"
time="2026-08-10T12:42:55Z" level=warning msg="Request Failed" error="Post \"http://localhost:29010/management/v3/catalog/request\": request timeout"

running (08m34.9s), 330/600 VUs, 1187 complete and 0 interrupted iterations
saturation   [  82% ] 330/600 VUs  08m34.9s/10m30s  5.72 iters/s
time="2026-08-10T12:42:55Z" level=warning msg="Request Failed" error="Post \"http://localhost:29010/management/v3/catalog/request\": request timeout"
time="2026-08-10T12:42:55Z" level=warning msg="Request Failed" error="Post \"http://localhost:29010/management/v3/catalog/request\": request timeout"
time="2026-08-10T12:42:55Z" level=warning msg="Request Failed" error="Post \"http://localhost:29010/management/v3/catalog/request\": request timeout"
time="2026-08-10T12:42:55Z" level=warning msg="Request Failed" error="Post \"http://localhost:29010/management/v3/catalog/request\": request timeout"
time="2026-08-10T12:42:56Z" level=warning msg="Request Failed" error="Post \"http://localhost:29010/management/v3/catalog/request\": request timeout"

running (08m35.9s), 329/600 VUs, 1194 complete and 0 interrupted iterations
saturation   [  82% ] 329/600 VUs  08m35.9s/10m30s  5.73 iters/s

================ DSP benchmark summary ================
-- per-phase latency --
  catalog                    p50=9877.5 ms  p95=60000.4 ms  p99=60000.8 ms  max=60001.2 ms  n=1202
  negotiation init (POST)    p50=44.3 ms  p95=107.3 ms  p99=168.0 ms  max=281.6 ms  n=1064
  time-to-AGREED (async)     p50=3858.0 ms  p95=23018.4 ms  p99=29230.6 ms  max=30160.0 ms  n=595
  transfer init (POST)       p50=47.8 ms  p95=102.7 ms  p99=125.5 ms  max=149.1 ms  n=595
  time-to-EDR (async)        p50=3294.0 ms  p95=18723.7 ms  p99=24558.5 ms  max=25309.0 ms  n=595
  data pull                  p50=25.5 ms  p95=44.0 ms  p99=46.5 ms  max=48.6 ms  n=595
-- end-to-end + throughput --
  e2e transaction            p50=8163.0 ms  p95=50047.0 ms  p99=62772.6 ms  max=64586.0 ms  n=595
  data throughput (MB/s)     p50=0.2  p95=0.2  p99=0.2  max=0.2  n=595
-- outcomes --
  transactions succeeded     count=595  rate=1.153/s
  transactions failed        count=599  rate=1.161/s
  failed rate                rate=50.17%  (pass=599 fail=595)
    of which TERMINATED      (no data)
    of which TIMED OUT       count=461  rate=0.893/s
    of which HTTP-FAILED     count=138  rate=0.267/s
  failure accounting       599/599 classified  (complete)
-- observer effect (poll load) --
  negotiation polls          count=72232  rate=139.997/s
  edr polls                  count=13370  rate=25.913/s
  polls per transaction     negotiation=60.5  edr=11.2  (timeout ceiling=120)
=======================================================
(full summary -> /home/rohitj/edc/benchmarking-factoryx-edc/resources/local-fx-mvd/k6-scripts/results/factoryx/on/saturation-open/2026-08-10T12-32-29Z/k6-summary.json; POLL_INTERVAL_MS=250; IDENTITY_MODE=on)

running (08m36.0s), 000/600 VUs, 1194 complete and 329 interrupted iterations
saturation ✗ [  82% ] 251/600 VUs  08m35.9s/10m30s  5.73 iters/s
time="2026-08-10T12:42:56Z" level=error msg="thresholds on metrics 'dsp_transaction_failed_rate' were crossed; at least one has abortOnFail enabled, stopping test prematurely"
Prometheus snapshot [1786365260..1786365791] svc=(provider-controlplane|provider-dataplane|consumer-controlplane|consumer-dataplane) win=1m -> /home/rohitj/edc/benchmarking-factoryx-edc/resources/local-fx-mvd/k6-scripts/results/factoryx/on/saturation-open/2026-08-10T12-32-29Z
  jvm-heap.csv (428 rows)
  jvm-gc-rate.csv (428 rows)
  jvm-threads.csv (428 rows)
  http-throughput.csv (428 rows)
  http-p95.csv (428 rows)
  http-errors.csv (214 rows)
  http-errors-5xx.csv (214 rows)
  http-status.csv (535 rows)
  host-cpu-busy.csv (107 rows)
  host-mem-used.csv (107 rows)
  5xx: 5xx PRESENT (214 samples) — connector-side faults, see http-errors-5xx.csv
  logs -> /home/rohitj/edc/benchmarking-factoryx-edc/resources/local-fx-mvd/k6-scripts/results/factoryx/on/saturation-open/2026-08-10T12-32-29Z/logs (4 files)
    consumer-controlplane.log:1507
    consumer-dataplane.log:0
    provider-controlplane.log:0
    provider-dataplane.log:0
Settling 60s (this run stressed the connector; the next one must not inherit its backlog)
VALIDITY  ok=595  failed=599  failed_rate=50%  dropped_iterations=0  <-- >5% FAILURES: past the knee, not a valid operating point
>>> done: /home/rohitj/edc/benchmarking-factoryx-edc/resources/local-fx-mvd/k6-scripts/results/factoryx/on/saturation-open/2026-08-10T12-32-29Z  (k6 exit 99)
  (saturation-open rep 3 exited non-zero)
Matrix done. Index: /home/rohitj/edc/benchmarking-factoryx-edc/resources/local-fx-mvd/k6-scripts/results/factoryx/matrix-2026-08-10T12-09-33Z.log
TIP: aggregate the per-run k6-summary.json across reps into median+IQR before plotting.
12:44:12 |     done (exit 0)
12:44:12 |   … settling 120s before the next scenario
12:46:12 | --> export figures
renderer OK -> /home/rohitj/edc/benchmarking-factoryx-edc/resources/local-fx-mvd/k6-scripts/figures (profile=thesis theme=dark 1200x450)
  WARNING: factoryx_on_catalog-sweep-cat1000_rq5-catalog-latency-per-route.png is only 8780 B — probably an EMPTY panel.
           Check: is the run window still inside Prometheus retention,
           and does the panel's query return anything for it? (see §7)
  figures/factoryx_on_catalog-sweep-cat1000_rq5-catalog-latency-per-route.png
  figures/factoryx_on_concurrency-closed_rq2-closed-tx-outcome.png
  WARNING: factoryx_on_concurrency-closed_rq2-closed-api-latency.png is only 9432 B — probably an EMPTY panel.
           Check: is the run window still inside Prometheus retention,
           and does the panel's query return anything for it? (see §7)
  figures/factoryx_on_concurrency-closed_rq2-closed-api-latency.png
  WARNING: factoryx_on_poll-sensitivity_ctl-request-rate.png is only 8483 B — probably an EMPTY panel.
           Check: is the run window still inside Prometheus retention,
           and does the panel's query return anything for it? (see §7)
  figures/factoryx_on_poll-sensitivity_ctl-request-rate.png
  figures/factoryx_on_saturation-open_rq2-tx-outcome.png
  WARNING: factoryx_on_saturation-open_rq2-api-latency.png is only 9432 B — probably an EMPTY panel.
           Check: is the run window still inside Prometheus retention,
           and does the panel's query return anything for it? (see §7)
  figures/factoryx_on_saturation-open_rq2-api-latency.png
  figures/factoryx_on_saturation-open_rq2-failures-by-reason.png
  figures/factoryx_on_saturation-open_rq2-host-cpu.png
  WARNING: factoryx_on_soak_rq3-jvm-heap.png is only 5884 B — probably an EMPTY panel.
           Check: is the run window still inside Prometheus retention,
           and does the panel's query return anything for it? (see §7)
  figures/factoryx_on_soak_rq3-jvm-heap.png
  WARNING: factoryx_on_soak_rq3-jvm-gc.png is only 7095 B — probably an EMPTY panel.
           Check: is the run window still inside Prometheus retention,
           and does the panel's query return anything for it? (see §7)
  figures/factoryx_on_soak_rq3-jvm-gc.png
  WARNING: factoryx_on_soak_rq3-jvm-threads.png is only 5837 B — probably an EMPTY panel.
           Check: is the run window still inside Prometheus retention,
           and does the panel's query return anything for it? (see §7)
  figures/factoryx_on_soak_rq3-jvm-threads.png
  figures/factoryx_on_soak_rq3-host-mem.png
  figures/factoryx_on_steady_rq1-tx-outcome.png
  figures/factoryx_on_steady_rq1-async-latency.png
  WARNING: factoryx_on_steady_rq1-api-latency.png is only 9432 B — probably an EMPTY panel.
           Check: is the run window still inside Prometheus retention,
           and does the panel's query return anything for it? (see §7)
  figures/factoryx_on_steady_rq1-api-latency.png
  WARNING: factoryx_on_steady_rq4-polls-per-tx.png is only 9512 B — probably an EMPTY panel.
           Check: is the run window still inside Prometheus retention,
           and does the panel's query return anything for it? (see §7)
  figures/factoryx_on_steady_rq4-polls-per-tx.png

exported 16 panel(s) to /home/rohitj/edc/benchmarking-factoryx-edc/resources/local-fx-mvd/k6-scripts/figures, 0 failed, 12 run(s) skipped as gates
WARNING: 9 image(s) look empty — do NOT put those in the thesis until checked

Use in LaTeX:
  \includegraphics[width=\textwidth]{figures/factoryx_on_steady_tx-outcome}
Export one connector/scenario only:   /home/rohitj/edc/benchmarking-factoryx-edc/resources/local-fx-mvd/k6-scripts/orchestration/export-panels.sh factoryx steady
Every repetition, not just the first: ALL_RUNS=1 /home/rohitj/edc/benchmarking-factoryx-edc/resources/local-fx-mvd/k6-scripts/orchestration/export-panels.sh
Every panel for every run:            PROFILE=all /home/rohitj/edc/benchmarking-factoryx-edc/resources/local-fx-mvd/k6-scripts/orchestration/export-panels.sh
A specific panel set:                 PANELS="edc-api-red:200:tx-outcome" /home/rohitj/edc/benchmarking-factoryx-edc/resources/local-fx-mvd/k6-scripts/orchestration/export-panels.sh
A light-theme variant instead:        THEME=light /home/rohitj/edc/benchmarking-factoryx-edc/resources/local-fx-mvd/k6-scripts/orchestration/export-panels.sh
12:47:45 |     done (exit 0)
12:47:45 | 
12:47:45 | === campaign done: factoryx / identity-on in 153 min ===
12:47:45 | --- validity of every run (exit code is NOT the signal) ---
  catalog-sweep       VALIDITY  ok=3276  failed=0  failed_rate=0%  dropped_iterations=0
  catalog-sweep       VALIDITY  ok=3071  failed=0  failed_rate=0%  dropped_iterations=0
  catalog-sweep       VALIDITY  ok=1971  failed=0  failed_rate=0%  dropped_iterations=0
  catalog-sweep       VALIDITY  ok=276  failed=0  failed_rate=0%  dropped_iterations=0
  catalog-sweep       VALIDITY  ok=280  failed=0  failed_rate=0%  dropped_iterations=0
  catalog-sweep       VALIDITY  ok=276  failed=0  failed_rate=0%  dropped_iterations=0
  catalog-sweep       VALIDITY  ok=280  failed=0  failed_rate=0%  dropped_iterations=0
  catalog-sweep       VALIDITY  ok=282  failed=0  failed_rate=0%  dropped_iterations=0
  concurrency-closed  VALIDITY  ok=768  failed=0  failed_rate=0%  dropped_iterations=0
  payload-sweep       VALIDITY  ok=0  failed=0  failed_rate=0%  dropped_iterations=0
  payload-sweep       VALIDITY  ok=0  failed=0  failed_rate=0%  dropped_iterations=0
  payload-sweep       VALIDITY  ok=0  failed=0  failed_rate=0%  dropped_iterations=0
  payload-sweep       VALIDITY  ok=0  failed=0  failed_rate=0%  dropped_iterations=0
  payload-sweep       VALIDITY  ok=0  failed=0  failed_rate=0%  dropped_iterations=0
  poll-sensitivity    VALIDITY  ok=301  failed=0  failed_rate=0%  dropped_iterations=0
  poll-sensitivity    VALIDITY  ok=301  failed=0  failed_rate=0%  dropped_iterations=0
  saturation-open     VALIDITY  ok=579  failed=595  failed_rate=50%  dropped_iterations=0  <-- >5% FAILURES: past the knee, not a valid operating point
  saturation-open     VALIDITY  ok=590  failed=601  failed_rate=50%  dropped_iterations=0  <-- >5% FAILURES: past the knee, not a valid operating point
  saturation-open     VALIDITY  ok=595  failed=599  failed_rate=50%  dropped_iterations=0  <-- >5% FAILURES: past the knee, not a valid operating point
  smoke               VALIDITY  ok=5  failed=0  failed_rate=0%  dropped_iterations=0
  steady              VALIDITY  ok=301  failed=0  failed_rate=0%  dropped_iterations=0
  steady              VALIDITY  ok=301  failed=0  failed_rate=0%  dropped_iterations=0
  steady              VALIDITY  ok=300  failed=0  failed_rate=0%  dropped_iterations=0
  steady              VALIDITY  ok=300  failed=0  failed_rate=0%  dropped_iterations=0
  steady              VALIDITY  ok=300  failed=0  failed_rate=0%  dropped_iterations=0
12:47:45 | 
12:47:45 | runs flagged by the validity check: 6 (ramps are EXPECTED to flag — they overload by design)
12:47:45 | campaign log: /home/rohitj/edc/benchmarking-factoryx-edc/resources/local-fx-mvd/k6-scripts/results/factoryx/campaign-on-2026-08-10T10-14-25Z.log
12:47:45 | 
12:47:45 | Next: take the arm down (./cleanup.sh on) — it wipes Prometheus, so export first.
