----- factoryx / saturation-open (rep 1) -----
>>> factoryx / saturation-open  ->  /home/rohitj/edc/benchmarking-factoryx-edc/resources/local-fx-mvd/k6-scripts/results/factoryx/on/saturation-open/2026-08-10T12-09-33Z
parity OK: lib/ + scenarios/ + orchestration/ + tools/ identical to /home/rohitj/edc/benchmarking-factoryx-edc/resources/local-fx-mvd/k6-scripts
Health: http://localhost:29010/management + prometheus  OK
Warmup 60s @ 1/s (discarded)
  draining 20s before the measured window opens
k6 -> Prometheus remote-write: http://localhost:9090/api/v1/write

         /\      Grafana   /‾‾/  
    /\  /  \     |\  __   /  /   
   /  \/    \    | |/ /  /   ‾‾\ 
  /          \   |   (  |  (‾)  |
 / __________ \  |_|\_\  \_____/ 


     execution: local
        script: /home/rohitj/edc/benchmarking-factoryx-edc/resources/local-fx-mvd/k6-scripts/scenarios/saturation-open.js
        output: Prometheus remote write (http://localhost:9090/api/v1/write)

     scenarios: (100.00%) 1 scenario, 800 max VUs, 11m0s max duration (incl. graceful stop):
              * saturation: Up to 6.00 iterations/s for 10m30s over 7 stages (maxVUs: 600-800, gracefulStop: 30s)


running (00m00.9s), 000/600 VUs, 0 complete and 0 interrupted iterations
saturation   [   0% ] 000/600 VUs  00m00.9s/10m30s  1.00 iters/s

running (00m01.9s), 001/600 VUs, 0 complete and 0 interrupted iterations
saturation   [   0% ] 001/600 VUs  00m01.9s/10m30s  1.00 iters/s

running (00m02.9s), 002/600 VUs, 0 complete and 0 interrupted iterations
saturation   [   0% ] 002/600 VUs  00m02.9s/10m30s  1.00 iters/s

running (00m03.9s), 003/600 VUs, 0 complete and 0 interrupted iterations
saturation   [   1% ] 003/600 VUs  00m03.9s/10m30s  1.00 iters/s

running (00m04.9s), 004/600 VUs, 0 complete and 0 interrupted iterations
saturation   [   1% ] 004/600 VUs  00m04.9s/10m30s  1.00 iters/s

running (00m05.9s), 004/600 VUs, 1 complete and 0 interrupted iterations
saturation   [   1% ] 004/600 VUs  00m05.9s/10m30s  1.00 iters/s

running (00m06.9s), 004/600 VUs, 2 complete and 0 interrupted iterations
saturation   [   1% ] 004/600 VUs  00m06.9s/10m30s  1.00 iters/s

running (00m07.9s), 005/600 VUs, 2 complete and 0 interrupted iterations
saturation   [   1% ] 005/600 VUs  00m07.9s/10m30s  1.00 iters/s

running (00m08.9s), 005/600 VUs, 3 complete and 0 interrupted iterations
saturation   [   1% ] 005/600 VUs  00m08.9s/10m30s  1.00 iters/s

running (00m09.9s), 005/600 VUs, 4 complete and 0 interrupted iterations
saturation   [   2% ] 005/600 VUs  00m09.9s/10m30s  1.00 iters/s

running (00m10.9s), 004/600 VUs, 6 complete and 0 interrupted iterations
saturation   [   2% ] 004/600 VUs  00m10.9s/10m30s  1.00 iters/s

running (00m11.9s), 005/600 VUs, 6 complete and 0 interrupted iterations
saturation   [   2% ] 005/600 VUs  00m11.9s/10m30s  1.00 iters/s

running (00m12.9s), 005/600 VUs, 7 complete and 0 interrupted iterations
saturation   [   2% ] 005/600 VUs  00m12.9s/10m30s  1.00 iters/s

running (00m13.9s), 005/600 VUs, 8 complete and 0 interrupted iterations
saturation   [   2% ] 005/600 VUs  00m13.9s/10m30s  1.00 iters/s

running (00m14.9s), 005/600 VUs, 9 complete and 0 interrupted iterations
saturation   [   2% ] 005/600 VUs  00m14.9s/10m30s  1.00 iters/s

running (00m15.9s), 006/600 VUs, 9 complete and 0 interrupted iterations
saturation   [   3% ] 006/600 VUs  00m15.9s/10m30s  1.00 iters/s

running (00m16.9s), 004/600 VUs, 12 complete and 0 interrupted iterations
saturation   [   3% ] 004/600 VUs  00m16.9s/10m30s  1.00 iters/s

running (00m17.9s), 005/600 VUs, 12 complete and 0 interrupted iterations
saturation   [   3% ] 005/600 VUs  00m17.9s/10m30s  1.00 iters/s

running (00m18.9s), 005/600 VUs, 13 complete and 0 interrupted iterations
saturation   [   3% ] 005/600 VUs  00m18.9s/10m30s  1.00 iters/s

running (00m19.9s), 005/600 VUs, 14 complete and 0 interrupted iterations
saturation   [   3% ] 005/600 VUs  00m19.9s/10m30s  1.00 iters/s

running (00m20.9s), 005/600 VUs, 15 complete and 0 interrupted iterations
saturation   [   3% ] 005/600 VUs  00m20.9s/10m30s  1.00 iters/s

running (00m21.9s), 006/600 VUs, 15 complete and 0 interrupted iterations
saturation   [   3% ] 006/600 VUs  00m21.9s/10m30s  1.00 iters/s

running (00m22.9s), 004/600 VUs, 18 complete and 0 interrupted iterations
saturation   [   4% ] 004/600 VUs  00m22.9s/10m30s  1.00 iters/s

running (00m23.9s), 005/600 VUs, 18 complete and 0 interrupted iterations
saturation   [   4% ] 005/600 VUs  00m23.9s/10m30s  1.00 iters/s

running (00m24.9s), 005/600 VUs, 19 complete and 0 interrupted iterations
saturation   [   4% ] 005/600 VUs  00m24.9s/10m30s  1.00 iters/s

running (00m25.9s), 005/600 VUs, 20 complete and 0 interrupted iterations
saturation   [   4% ] 005/600 VUs  00m25.9s/10m30s  1.00 iters/s

running (00m26.9s), 005/600 VUs, 21 complete and 0 interrupted iterations
saturation   [   4% ] 005/600 VUs  00m26.9s/10m30s  1.00 iters/s

running (00m27.9s), 006/600 VUs, 21 complete and 0 interrupted iterations
saturation   [   4% ] 006/600 VUs  00m27.9s/10m30s  1.00 iters/s

running (00m28.9s), 005/600 VUs, 23 complete and 0 interrupted iterations
saturation   [   5% ] 005/600 VUs  00m28.9s/10m30s  1.00 iters/s

running (00m29.9s), 005/600 VUs, 24 complete and 0 interrupted iterations
saturation   [   5% ] 005/600 VUs  00m29.9s/10m30s  1.00 iters/s

running (00m30.9s), 005/600 VUs, 25 complete and 0 interrupted iterations
saturation   [   5% ] 005/600 VUs  00m30.9s/10m30s  1.00 iters/s

running (00m31.9s), 006/600 VUs, 25 complete and 0 interrupted iterations
saturation   [   5% ] 006/600 VUs  00m31.9s/10m30s  1.00 iters/s

running (00m32.9s), 004/600 VUs, 28 complete and 0 interrupted iterations
saturation   [   5% ] 004/600 VUs  00m32.9s/10m30s  1.00 iters/s

running (00m33.9s), 005/600 VUs, 28 complete and 0 interrupted iterations
saturation   [   5% ] 005/600 VUs  00m33.9s/10m30s  1.00 iters/s

running (00m34.9s), 005/600 VUs, 29 complete and 0 interrupted iterations
saturation   [   6% ] 005/600 VUs  00m34.9s/10m30s  1.00 iters/s

running (00m35.9s), 005/600 VUs, 30 complete and 0 interrupted iterations
saturation   [   6% ] 005/600 VUs  00m35.9s/10m30s  1.00 iters/s

running (00m36.9s), 005/600 VUs, 31 complete and 0 interrupted iterations
saturation   [   6% ] 005/600 VUs  00m36.9s/10m30s  1.00 iters/s

running (00m37.9s), 006/600 VUs, 31 complete and 0 interrupted iterations
saturation   [   6% ] 006/600 VUs  00m37.9s/10m30s  1.00 iters/s

running (00m38.9s), 006/600 VUs, 32 complete and 0 interrupted iterations
saturation   [   6% ] 006/600 VUs  00m38.9s/10m30s  1.00 iters/s

running (00m39.9s), 005/600 VUs, 34 complete and 0 interrupted iterations
saturation   [   6% ] 005/600 VUs  00m39.9s/10m30s  1.00 iters/s

running (00m40.9s), 005/600 VUs, 35 complete and 0 interrupted iterations
saturation   [   6% ] 005/600 VUs  00m40.9s/10m30s  1.00 iters/s

running (00m41.9s), 005/600 VUs, 36 complete and 0 interrupted iterations
saturation   [   7% ] 005/600 VUs  00m41.9s/10m30s  1.00 iters/s

running (00m42.9s), 005/600 VUs, 37 complete and 0 interrupted iterations
saturation   [   7% ] 005/600 VUs  00m42.9s/10m30s  1.00 iters/s

running (00m43.9s), 006/600 VUs, 37 complete and 0 interrupted iterations
saturation   [   7% ] 006/600 VUs  00m43.9s/10m30s  1.00 iters/s

running (00m44.9s), 006/600 VUs, 38 complete and 0 interrupted iterations
saturation   [   7% ] 006/600 VUs  00m44.9s/10m30s  1.00 iters/s

running (00m45.9s), 006/600 VUs, 39 complete and 0 interrupted iterations
saturation   [   7% ] 006/600 VUs  00m45.9s/10m30s  1.00 iters/s

running (00m46.9s), 005/600 VUs, 41 complete and 0 interrupted iterations
saturation   [   7% ] 005/600 VUs  00m46.9s/10m30s  1.00 iters/s

running (00m47.9s), 005/600 VUs, 42 complete and 0 interrupted iterations
saturation   [   8% ] 005/600 VUs  00m47.9s/10m30s  1.00 iters/s

running (00m48.9s), 005/600 VUs, 43 complete and 0 interrupted iterations
saturation   [   8% ] 005/600 VUs  00m48.9s/10m30s  1.00 iters/s

running (00m49.9s), 005/600 VUs, 44 complete and 0 interrupted iterations
saturation   [   8% ] 005/600 VUs  00m49.9s/10m30s  1.00 iters/s

running (00m50.9s), 006/600 VUs, 44 complete and 0 interrupted iterations
saturation   [   8% ] 006/600 VUs  00m50.9s/10m30s  1.00 iters/s

running (00m51.9s), 005/600 VUs, 46 complete and 0 interrupted iterations
saturation   [   8% ] 005/600 VUs  00m51.9s/10m30s  1.00 iters/s

running (00m52.9s), 005/600 VUs, 47 complete and 0 interrupted iterations
saturation   [   8% ] 005/600 VUs  00m52.9s/10m30s  1.00 iters/s

running (00m53.9s), 005/600 VUs, 48 complete and 0 interrupted iterations
saturation   [   9% ] 005/600 VUs  00m53.9s/10m30s  1.00 iters/s

running (00m54.9s), 006/600 VUs, 48 complete and 0 interrupted iterations
saturation   [   9% ] 006/600 VUs  00m54.9s/10m30s  1.00 iters/s

running (00m55.9s), 007/600 VUs, 48 complete and 0 interrupted iterations
saturation   [   9% ] 007/600 VUs  00m55.9s/10m30s  1.00 iters/s

running (00m56.9s), 005/600 VUs, 51 complete and 0 interrupted iterations
saturation   [   9% ] 005/600 VUs  00m56.9s/10m30s  1.00 iters/s

running (00m57.9s), 005/600 VUs, 52 complete and 0 interrupted iterations
saturation   [   9% ] 005/600 VUs  00m57.9s/10m30s  1.00 iters/s

running (00m58.9s), 006/600 VUs, 52 complete and 0 interrupted iterations
saturation   [   9% ] 006/600 VUs  00m58.9s/10m30s  1.00 iters/s

running (00m59.9s), 005/600 VUs, 54 complete and 0 interrupted iterations
saturation   [  10% ] 005/600 VUs  00m59.9s/10m30s  1.00 iters/s

running (01m00.9s), 006/600 VUs, 54 complete and 0 interrupted iterations
saturation   [  10% ] 006/600 VUs  01m00.9s/10m30s  1.00 iters/s

running (01m01.9s), 005/600 VUs, 56 complete and 0 interrupted iterations
saturation   [  10% ] 005/600 VUs  01m01.9s/10m30s  1.00 iters/s

running (01m02.9s), 006/600 VUs, 56 complete and 0 interrupted iterations
saturation   [  10% ] 006/600 VUs  01m02.9s/10m30s  1.00 iters/s

running (01m03.9s), 005/600 VUs, 58 complete and 0 interrupted iterations
saturation   [  10% ] 005/600 VUs  01m03.9s/10m30s  1.00 iters/s

running (01m04.9s), 005/600 VUs, 59 complete and 0 interrupted iterations
saturation   [  10% ] 005/600 VUs  01m04.9s/10m30s  1.00 iters/s

running (01m05.9s), 005/600 VUs, 60 complete and 0 interrupted iterations
saturation   [  10% ] 005/600 VUs  01m05.9s/10m30s  1.00 iters/s

running (01m06.9s), 006/600 VUs, 60 complete and 0 interrupted iterations
saturation   [  11% ] 006/600 VUs  01m06.9s/10m30s  1.00 iters/s

running (01m07.9s), 005/600 VUs, 62 complete and 0 interrupted iterations
saturation   [  11% ] 005/600 VUs  01m07.9s/10m30s  1.00 iters/s

running (01m08.9s), 005/600 VUs, 63 complete and 0 interrupted iterations
saturation   [  11% ] 005/600 VUs  01m08.9s/10m30s  1.00 iters/s

running (01m09.9s), 006/600 VUs, 63 complete and 0 interrupted iterations
saturation   [  11% ] 006/600 VUs  01m09.9s/10m30s  1.00 iters/s

running (01m10.9s), 005/600 VUs, 65 complete and 0 interrupted iterations
saturation   [  11% ] 005/600 VUs  01m10.9s/10m30s  1.00 iters/s

running (01m11.9s), 005/600 VUs, 66 complete and 0 interrupted iterations
saturation   [  11% ] 005/600 VUs  01m11.9s/10m30s  1.00 iters/s

running (01m12.9s), 005/600 VUs, 67 complete and 0 interrupted iterations
saturation   [  12% ] 005/600 VUs  01m12.9s/10m30s  1.00 iters/s

running (01m13.9s), 006/600 VUs, 67 complete and 0 interrupted iterations
saturation   [  12% ] 006/600 VUs  01m13.9s/10m30s  1.00 iters/s

running (01m14.9s), 005/600 VUs, 69 complete and 0 interrupted iterations
saturation   [  12% ] 005/600 VUs  01m14.9s/10m30s  1.00 iters/s

running (01m15.9s), 005/600 VUs, 70 complete and 0 interrupted iterations
saturation   [  12% ] 005/600 VUs  01m15.9s/10m30s  1.00 iters/s

running (01m16.9s), 005/600 VUs, 71 complete and 0 interrupted iterations
saturation   [  12% ] 005/600 VUs  01m16.9s/10m30s  1.00 iters/s

running (01m17.9s), 005/600 VUs, 72 complete and 0 interrupted iterations
saturation   [  12% ] 005/600 VUs  01m17.9s/10m30s  1.00 iters/s

running (01m18.9s), 005/600 VUs, 73 complete and 0 interrupted iterations
saturation   [  13% ] 005/600 VUs  01m18.9s/10m30s  1.00 iters/s

running (01m19.9s), 006/600 VUs, 73 complete and 0 interrupted iterations
saturation   [  13% ] 006/600 VUs  01m19.9s/10m30s  1.00 iters/s

running (01m20.9s), 005/600 VUs, 75 complete and 0 interrupted iterations
saturation   [  13% ] 005/600 VUs  01m20.9s/10m30s  1.00 iters/s

running (01m21.9s), 005/600 VUs, 76 complete and 0 interrupted iterations
saturation   [  13% ] 005/600 VUs  01m21.9s/10m30s  1.00 iters/s

running (01m22.9s), 005/600 VUs, 77 complete and 0 interrupted iterations
saturation   [  13% ] 005/600 VUs  01m22.9s/10m30s  1.00 iters/s

running (01m23.9s), 005/600 VUs, 78 complete and 0 interrupted iterations
saturation   [  13% ] 005/600 VUs  01m23.9s/10m30s  1.00 iters/s

running (01m24.9s), 006/600 VUs, 78 complete and 0 interrupted iterations
saturation   [  13% ] 006/600 VUs  01m24.9s/10m30s  1.00 iters/s

running (01m25.9s), 005/600 VUs, 80 complete and 0 interrupted iterations
saturation   [  14% ] 005/600 VUs  01m25.9s/10m30s  1.00 iters/s

running (01m26.9s), 006/600 VUs, 80 complete and 0 interrupted iterations
saturation   [  14% ] 006/600 VUs  01m26.9s/10m30s  1.00 iters/s

running (01m27.9s), 007/600 VUs, 80 complete and 0 interrupted iterations
saturation   [  14% ] 007/600 VUs  01m27.9s/10m30s  1.00 iters/s

running (01m28.9s), 005/600 VUs, 83 complete and 0 interrupted iterations
saturation   [  14% ] 005/600 VUs  01m28.9s/10m30s  1.00 iters/s

running (01m29.9s), 005/600 VUs, 84 complete and 0 interrupted iterations
saturation   [  14% ] 005/600 VUs  01m29.9s/10m30s  1.00 iters/s

running (01m30.9s), 006/600 VUs, 84 complete and 0 interrupted iterations
saturation   [  14% ] 006/600 VUs  01m30.9s/10m30s  1.01 iters/s

running (01m31.9s), 006/600 VUs, 85 complete and 0 interrupted iterations
saturation   [  15% ] 006/600 VUs  01m31.9s/10m30s  1.02 iters/s

running (01m32.9s), 005/600 VUs, 87 complete and 0 interrupted iterations
saturation   [  15% ] 005/600 VUs  01m32.9s/10m30s  1.03 iters/s

running (01m33.9s), 005/600 VUs, 88 complete and 0 interrupted iterations
saturation   [  15% ] 005/600 VUs  01m33.9s/10m30s  1.04 iters/s

running (01m34.9s), 005/600 VUs, 89 complete and 0 interrupted iterations
saturation   [  15% ] 005/600 VUs  01m34.9s/10m30s  1.05 iters/s

running (01m35.9s), 007/600 VUs, 89 complete and 0 interrupted iterations
saturation   [  15% ] 007/600 VUs  01m35.9s/10m30s  1.07 iters/s

running (01m36.9s), 007/600 VUs, 90 complete and 0 interrupted iterations
saturation   [  15% ] 007/600 VUs  01m36.9s/10m30s  1.08 iters/s

running (01m37.9s), 007/600 VUs, 91 complete and 0 interrupted iterations
saturation   [  16% ] 007/600 VUs  01m37.9s/10m30s  1.09 iters/s

running (01m38.9s), 006/600 VUs, 93 complete and 0 interrupted iterations
saturation   [  16% ] 006/600 VUs  01m38.9s/10m30s  1.10 iters/s

running (01m39.9s), 006/600 VUs, 94 complete and 0 interrupted iterations
saturation   [  16% ] 006/600 VUs  01m39.9s/10m30s  1.11 iters/s

running (01m40.9s), 006/600 VUs, 95 complete and 0 interrupted iterations
saturation   [  16% ] 006/600 VUs  01m40.9s/10m30s  1.12 iters/s

running (01m41.9s), 007/600 VUs, 95 complete and 0 interrupted iterations
saturation   [  16% ] 007/600 VUs  01m41.9s/10m30s  1.13 iters/s

running (01m42.9s), 006/600 VUs, 97 complete and 0 interrupted iterations
saturation   [  16% ] 006/600 VUs  01m42.9s/10m30s  1.14 iters/s

running (01m43.9s), 007/600 VUs, 97 complete and 0 interrupted iterations
saturation   [  16% ] 007/600 VUs  01m43.9s/10m30s  1.15 iters/s

running (01m44.9s), 007/600 VUs, 99 complete and 0 interrupted iterations
saturation   [  17% ] 007/600 VUs  01m44.9s/10m30s  1.17 iters/s

running (01m45.9s), 008/600 VUs, 99 complete and 0 interrupted iterations
saturation   [  17% ] 008/600 VUs  01m45.9s/10m30s  1.18 iters/s

running (01m46.9s), 006/600 VUs, 102 complete and 0 interrupted iterations
saturation   [  17% ] 006/600 VUs  01m46.9s/10m30s  1.19 iters/s

running (01m47.9s), 006/600 VUs, 103 complete and 0 interrupted iterations
saturation   [  17% ] 006/600 VUs  01m47.9s/10m30s  1.20 iters/s

running (01m48.9s), 006/600 VUs, 104 complete and 0 interrupted iterations
saturation   [  17% ] 006/600 VUs  01m48.9s/10m30s  1.21 iters/s

running (01m49.9s), 007/600 VUs, 105 complete and 0 interrupted iterations
saturation   [  17% ] 007/600 VUs  01m49.9s/10m30s  1.22 iters/s

running (01m50.9s), 008/600 VUs, 105 complete and 0 interrupted iterations
saturation   [  18% ] 008/600 VUs  01m50.9s/10m30s  1.23 iters/s

running (01m51.9s), 008/600 VUs, 106 complete and 0 interrupted iterations
saturation   [  18% ] 008/600 VUs  01m51.9s/10m30s  1.24 iters/s

running (01m52.9s), 009/600 VUs, 106 complete and 0 interrupted iterations
saturation   [  18% ] 009/600 VUs  01m52.9s/10m30s  1.25 iters/s

running (01m53.9s), 007/600 VUs, 109 complete and 0 interrupted iterations
saturation   [  18% ] 007/600 VUs  01m53.9s/10m30s  1.26 iters/s

running (01m54.9s), 007/600 VUs, 111 complete and 0 interrupted iterations
saturation   [  18% ] 007/600 VUs  01m54.9s/10m30s  1.28 iters/s

running (01m55.9s), 007/600 VUs, 112 complete and 0 interrupted iterations
saturation   [  18% ] 007/600 VUs  01m55.9s/10m30s  1.29 iters/s

running (01m56.9s), 008/600 VUs, 112 complete and 0 interrupted iterations
saturation   [  19% ] 008/600 VUs  01m56.9s/10m30s  1.30 iters/s

running (01m57.9s), 006/600 VUs, 116 complete and 0 interrupted iterations
saturation   [  19% ] 006/600 VUs  01m57.9s/10m30s  1.31 iters/s

running (01m58.9s), 007/600 VUs, 116 complete and 0 interrupted iterations
saturation   [  19% ] 007/600 VUs  01m58.9s/10m30s  1.32 iters/s

running (01m59.9s), 007/600 VUs, 117 complete and 0 interrupted iterations
saturation   [  19% ] 007/600 VUs  01m59.9s/10m30s  1.33 iters/s

running (02m00.9s), 007/600 VUs, 119 complete and 0 interrupted iterations
saturation   [  19% ] 007/600 VUs  02m00.9s/10m30s  1.35 iters/s

running (02m01.9s), 008/600 VUs, 119 complete and 0 interrupted iterations
saturation   [  19% ] 008/600 VUs  02m01.9s/10m30s  1.35 iters/s

running (02m02.9s), 006/600 VUs, 122 complete and 0 interrupted iterations
saturation   [  20% ] 006/600 VUs  02m02.9s/10m30s  1.36 iters/s

running (02m03.9s), 008/600 VUs, 122 complete and 0 interrupted iterations
saturation   [  20% ] 008/600 VUs  02m03.9s/10m30s  1.38 iters/s

running (02m04.9s), 009/600 VUs, 122 complete and 0 interrupted iterations
saturation   [  20% ] 009/600 VUs  02m04.9s/10m30s  1.39 iters/s

running (02m05.9s), 006/600 VUs, 126 complete and 0 interrupted iterations
saturation   [  20% ] 006/600 VUs  02m05.9s/10m30s  1.39 iters/s

running (02m06.9s), 008/600 VUs, 126 complete and 0 interrupted iterations
saturation   [  20% ] 008/600 VUs  02m06.9s/10m30s  1.41 iters/s

running (02m07.9s), 008/600 VUs, 127 complete and 0 interrupted iterations
saturation   [  20% ] 008/600 VUs  02m07.9s/10m30s  1.42 iters/s

running (02m08.9s), 008/600 VUs, 129 complete and 0 interrupted iterations
saturation   [  20% ] 008/600 VUs  02m08.9s/10m30s  1.43 iters/s

running (02m09.9s), 009/600 VUs, 129 complete and 0 interrupted iterations
saturation   [  21% ] 009/600 VUs  02m09.9s/10m30s  1.44 iters/s

running (02m10.9s), 009/600 VUs, 131 complete and 0 interrupted iterations
saturation   [  21% ] 009/600 VUs  02m10.9s/10m30s  1.46 iters/s

running (02m11.9s), 010/600 VUs, 131 complete and 0 interrupted iterations
saturation   [  21% ] 010/600 VUs  02m11.9s/10m30s  1.46 iters/s

running (02m12.9s), 010/600 VUs, 133 complete and 0 interrupted iterations
saturation   [  21% ] 010/600 VUs  02m12.9s/10m30s  1.48 iters/s

running (02m13.9s), 011/600 VUs, 133 complete and 0 interrupted iterations
saturation   [  21% ] 011/600 VUs  02m13.9s/10m30s  1.49 iters/s

running (02m14.9s), 010/600 VUs, 136 complete and 0 interrupted iterations
saturation   [  21% ] 010/600 VUs  02m14.9s/10m30s  1.50 iters/s

running (02m15.9s), 009/600 VUs, 138 complete and 0 interrupted iterations
saturation   [  22% ] 009/600 VUs  02m15.9s/10m30s  1.51 iters/s

running (02m16.9s), 011/600 VUs, 138 complete and 0 interrupted iterations
saturation   [  22% ] 011/600 VUs  02m16.9s/10m30s  1.52 iters/s

running (02m17.9s), 010/600 VUs, 140 complete and 0 interrupted iterations
saturation   [  22% ] 010/600 VUs  02m17.9s/10m30s  1.53 iters/s

running (02m18.9s), 011/600 VUs, 141 complete and 0 interrupted iterations
saturation   [  22% ] 011/600 VUs  02m18.9s/10m30s  1.55 iters/s

running (02m19.9s), 012/600 VUs, 141 complete and 0 interrupted iterations
saturation   [  22% ] 012/600 VUs  02m19.9s/10m30s  1.55 iters/s

running (02m20.9s), 014/600 VUs, 141 complete and 0 interrupted iterations
saturation   [  22% ] 014/600 VUs  02m20.9s/10m30s  1.57 iters/s

running (02m21.9s), 009/600 VUs, 147 complete and 0 interrupted iterations
saturation   [  23% ] 009/600 VUs  02m21.9s/10m30s  1.57 iters/s

running (02m22.9s), 011/600 VUs, 147 complete and 0 interrupted iterations
saturation   [  23% ] 011/600 VUs  02m22.9s/10m30s  1.59 iters/s

running (02m23.9s), 008/600 VUs, 151 complete and 0 interrupted iterations
saturation   [  23% ] 008/600 VUs  02m23.9s/10m30s  1.60 iters/s

running (02m24.9s), 010/600 VUs, 151 complete and 0 interrupted iterations
saturation   [  23% ] 010/600 VUs  02m24.9s/10m30s  1.61 iters/s

running (02m25.9s), 012/600 VUs, 151 complete and 0 interrupted iterations
saturation   [  23% ] 012/600 VUs  02m25.9s/10m30s  1.62 iters/s

running (02m26.9s), 009/600 VUs, 155 complete and 0 interrupted iterations
saturation   [  23% ] 009/600 VUs  02m26.9s/10m30s  1.63 iters/s

running (02m27.9s), 011/600 VUs, 155 complete and 0 interrupted iterations
saturation   [  23% ] 011/600 VUs  02m27.9s/10m30s  1.64 iters/s

running (02m28.9s), 010/600 VUs, 158 complete and 0 interrupted iterations
saturation   [  24% ] 010/600 VUs  02m28.9s/10m30s  1.66 iters/s

running (02m29.9s), 010/600 VUs, 159 complete and 0 interrupted iterations
saturation   [  24% ] 010/600 VUs  02m29.9s/10m30s  1.66 iters/s

running (02m30.9s), 011/600 VUs, 160 complete and 0 interrupted iterations
saturation   [  24% ] 011/600 VUs  02m30.9s/10m30s  1.68 iters/s

running (02m31.9s), 009/600 VUs, 164 complete and 0 interrupted iterations
saturation   [  24% ] 009/600 VUs  02m31.9s/10m30s  1.69 iters/s

running (02m32.9s), 009/600 VUs, 165 complete and 0 interrupted iterations
saturation   [  24% ] 009/600 VUs  02m32.9s/10m30s  1.70 iters/s

running (02m33.9s), 009/600 VUs, 167 complete and 0 interrupted iterations
saturation   [  24% ] 009/600 VUs  02m33.9s/10m30s  1.71 iters/s

running (02m34.9s), 011/600 VUs, 167 complete and 0 interrupted iterations
saturation   [  25% ] 011/600 VUs  02m34.9s/10m30s  1.72 iters/s

running (02m35.9s), 012/600 VUs, 167 complete and 0 interrupted iterations
saturation   [  25% ] 012/600 VUs  02m35.9s/10m30s  1.73 iters/s

running (02m36.9s), 012/600 VUs, 169 complete and 0 interrupted iterations
saturation   [  25% ] 012/600 VUs  02m36.9s/10m30s  1.74 iters/s

running (02m37.9s), 014/600 VUs, 169 complete and 0 interrupted iterations
saturation   [  25% ] 014/600 VUs  02m37.9s/10m30s  1.75 iters/s

running (02m38.9s), 011/600 VUs, 174 complete and 0 interrupted iterations
saturation   [  25% ] 011/600 VUs  02m38.9s/10m30s  1.77 iters/s

running (02m39.9s), 010/600 VUs, 176 complete and 0 interrupted iterations
saturation   [  25% ] 010/600 VUs  02m39.9s/10m30s  1.77 iters/s

running (02m40.9s), 012/600 VUs, 176 complete and 0 interrupted iterations
saturation   [  26% ] 012/600 VUs  02m40.9s/10m30s  1.79 iters/s

running (02m41.9s), 011/600 VUs, 179 complete and 0 interrupted iterations
saturation   [  26% ] 011/600 VUs  02m41.9s/10m30s  1.80 iters/s

running (02m42.9s), 011/600 VUs, 181 complete and 0 interrupted iterations
saturation   [  26% ] 011/600 VUs  02m42.9s/10m30s  1.81 iters/s

running (02m43.9s), 013/600 VUs, 181 complete and 0 interrupted iterations
saturation   [  26% ] 013/600 VUs  02m43.9s/10m30s  1.82 iters/s

running (02m44.9s), 011/600 VUs, 184 complete and 0 interrupted iterations
saturation   [  26% ] 011/600 VUs  02m44.9s/10m30s  1.83 iters/s

running (02m45.9s), 011/600 VUs, 186 complete and 0 interrupted iterations
saturation   [  26% ] 011/600 VUs  02m45.9s/10m30s  1.84 iters/s

running (02m46.9s), 011/600 VUs, 188 complete and 0 interrupted iterations
saturation   [  26% ] 011/600 VUs  02m46.9s/10m30s  1.85 iters/s

running (02m47.9s), 011/600 VUs, 190 complete and 0 interrupted iterations
saturation   [  27% ] 011/600 VUs  02m47.9s/10m30s  1.86 iters/s

running (02m48.9s), 013/600 VUs, 190 complete and 0 interrupted iterations
saturation   [  27% ] 013/600 VUs  02m48.9s/10m30s  1.88 iters/s

running (02m49.9s), 012/600 VUs, 193 complete and 0 interrupted iterations
saturation   [  27% ] 012/600 VUs  02m49.9s/10m30s  1.89 iters/s

running (02m50.9s), 014/600 VUs, 193 complete and 0 interrupted iterations
saturation   [  27% ] 014/600 VUs  02m50.9s/10m30s  1.90 iters/s

running (02m51.9s), 012/600 VUs, 197 complete and 0 interrupted iterations
saturation   [  27% ] 012/600 VUs  02m51.9s/10m30s  1.91 iters/s

running (02m52.9s), 013/600 VUs, 197 complete and 0 interrupted iterations
saturation   [  27% ] 013/600 VUs  02m52.9s/10m30s  1.92 iters/s

running (02m53.9s), 012/600 VUs, 200 complete and 0 interrupted iterations
saturation   [  28% ] 012/600 VUs  02m53.9s/10m30s  1.93 iters/s

running (02m54.9s), 014/600 VUs, 200 complete and 0 interrupted iterations
saturation   [  28% ] 014/600 VUs  02m54.9s/10m30s  1.94 iters/s

running (02m55.9s), 013/600 VUs, 203 complete and 0 interrupted iterations
saturation   [  28% ] 013/600 VUs  02m55.9s/10m30s  1.95 iters/s

running (02m56.9s), 013/600 VUs, 205 complete and 0 interrupted iterations
saturation   [  28% ] 013/600 VUs  02m56.9s/10m30s  1.96 iters/s

running (02m57.9s), 013/600 VUs, 207 complete and 0 interrupted iterations
saturation   [  28% ] 013/600 VUs  02m57.9s/10m30s  1.97 iters/s

running (02m58.9s), 014/600 VUs, 208 complete and 0 interrupted iterations
saturation   [  28% ] 014/600 VUs  02m58.9s/10m30s  1.99 iters/s

running (02m59.9s), 015/600 VUs, 209 complete and 0 interrupted iterations
saturation   [  29% ] 015/600 VUs  02m59.9s/10m30s  2.00 iters/s

running (03m00.9s), 013/600 VUs, 213 complete and 0 interrupted iterations
saturation   [  29% ] 013/600 VUs  03m00.9s/10m30s  2.01 iters/s

running (03m01.9s), 012/600 VUs, 216 complete and 0 interrupted iterations
saturation   [  29% ] 012/600 VUs  03m01.9s/10m30s  2.02 iters/s

running (03m02.9s), 014/600 VUs, 216 complete and 0 interrupted iterations
saturation   [  29% ] 014/600 VUs  03m02.9s/10m30s  2.03 iters/s

running (03m03.9s), 016/600 VUs, 216 complete and 0 interrupted iterations
saturation   [  29% ] 016/600 VUs  03m03.9s/10m30s  2.04 iters/s

running (03m04.9s), 012/600 VUs, 222 complete and 0 interrupted iterations
saturation   [  29% ] 012/600 VUs  03m04.9s/10m30s  2.05 iters/s

running (03m05.9s), 012/600 VUs, 224 complete and 0 interrupted iterations
saturation   [  30% ] 012/600 VUs  03m05.9s/10m30s  2.06 iters/s

running (03m06.9s), 011/600 VUs, 227 complete and 0 interrupted iterations
saturation   [  30% ] 011/600 VUs  03m06.9s/10m30s  2.07 iters/s

running (03m07.9s), 014/600 VUs, 227 complete and 0 interrupted iterations
saturation   [  30% ] 014/600 VUs  03m07.9s/10m30s  2.09 iters/s

running (03m08.9s), 013/600 VUs, 230 complete and 0 interrupted iterations
saturation   [  30% ] 013/600 VUs  03m08.9s/10m30s  2.10 iters/s

running (03m09.9s), 012/600 VUs, 233 complete and 0 interrupted iterations
saturation   [  30% ] 012/600 VUs  03m09.9s/10m30s  2.11 iters/s

running (03m10.9s), 014/600 VUs, 233 complete and 0 interrupted iterations
saturation   [  30% ] 014/600 VUs  03m10.9s/10m30s  2.12 iters/s

running (03m11.9s), 013/600 VUs, 236 complete and 0 interrupted iterations
saturation   [  30% ] 013/600 VUs  03m11.9s/10m30s  2.13 iters/s

running (03m12.9s), 012/600 VUs, 239 complete and 0 interrupted iterations
saturation   [  31% ] 012/600 VUs  03m12.9s/10m30s  2.14 iters/s

running (03m13.9s), 014/600 VUs, 239 complete and 0 interrupted iterations
saturation   [  31% ] 014/600 VUs  03m13.9s/10m30s  2.15 iters/s

running (03m14.9s), 013/600 VUs, 242 complete and 0 interrupted iterations
saturation   [  31% ] 013/600 VUs  03m14.9s/10m30s  2.16 iters/s

running (03m15.9s), 016/600 VUs, 242 complete and 0 interrupted iterations
saturation   [  31% ] 016/600 VUs  03m15.9s/10m30s  2.18 iters/s

running (03m16.9s), 015/600 VUs, 245 complete and 0 interrupted iterations
saturation   [  31% ] 015/600 VUs  03m16.9s/10m30s  2.19 iters/s

running (03m17.9s), 017/600 VUs, 245 complete and 0 interrupted iterations
saturation   [  31% ] 017/600 VUs  03m17.9s/10m30s  2.20 iters/s

running (03m18.9s), 016/600 VUs, 248 complete and 0 interrupted iterations
saturation   [  32% ] 016/600 VUs  03m18.9s/10m30s  2.21 iters/s

running (03m19.9s), 014/600 VUs, 252 complete and 0 interrupted iterations
saturation   [  32% ] 014/600 VUs  03m19.9s/10m30s  2.22 iters/s

running (03m20.9s), 014/600 VUs, 255 complete and 0 interrupted iterations
saturation   [  32% ] 014/600 VUs  03m20.9s/10m30s  2.23 iters/s

running (03m21.9s), 013/600 VUs, 258 complete and 0 interrupted iterations
saturation   [  32% ] 013/600 VUs  03m21.9s/10m30s  2.24 iters/s

running (03m22.9s), 015/600 VUs, 258 complete and 0 interrupted iterations
saturation   [  32% ] 015/600 VUs  03m22.9s/10m30s  2.25 iters/s

running (03m23.9s), 017/600 VUs, 258 complete and 0 interrupted iterations
saturation   [  32% ] 017/600 VUs  03m23.9s/10m30s  2.26 iters/s

running (03m24.9s), 018/600 VUs, 260 complete and 0 interrupted iterations
saturation   [  33% ] 018/600 VUs  03m24.9s/10m30s  2.28 iters/s

running (03m25.9s), 017/600 VUs, 263 complete and 0 interrupted iterations
saturation   [  33% ] 017/600 VUs  03m25.9s/10m30s  2.29 iters/s

running (03m26.9s), 015/600 VUs, 267 complete and 0 interrupted iterations
saturation   [  33% ] 015/600 VUs  03m26.9s/10m30s  2.30 iters/s

running (03m27.9s), 014/600 VUs, 270 complete and 0 interrupted iterations
saturation   [  33% ] 014/600 VUs  03m27.9s/10m30s  2.31 iters/s

running (03m28.9s), 014/600 VUs, 273 complete and 0 interrupted iterations
saturation   [  33% ] 014/600 VUs  03m28.9s/10m30s  2.32 iters/s

running (03m29.9s), 014/600 VUs, 275 complete and 0 interrupted iterations
saturation   [  33% ] 014/600 VUs  03m29.9s/10m30s  2.33 iters/s

running (03m30.9s), 015/600 VUs, 276 complete and 0 interrupted iterations
saturation   [  33% ] 015/600 VUs  03m30.9s/10m30s  2.34 iters/s

running (03m31.9s), 018/600 VUs, 276 complete and 0 interrupted iterations
saturation   [  34% ] 018/600 VUs  03m31.9s/10m30s  2.35 iters/s

running (03m32.9s), 016/600 VUs, 280 complete and 0 interrupted iterations
saturation   [  34% ] 016/600 VUs  03m32.9s/10m30s  2.36 iters/s

running (03m33.9s), 017/600 VUs, 282 complete and 0 interrupted iterations
saturation   [  34% ] 017/600 VUs  03m33.9s/10m30s  2.38 iters/s

running (03m34.9s), 016/600 VUs, 285 complete and 0 interrupted iterations
saturation   [  34% ] 016/600 VUs  03m34.9s/10m30s  2.39 iters/s

running (03m35.9s), 015/600 VUs, 288 complete and 0 interrupted iterations
saturation   [  34% ] 015/600 VUs  03m35.9s/10m30s  2.40 iters/s

running (03m36.9s), 018/600 VUs, 288 complete and 0 interrupted iterations
saturation   [  34% ] 018/600 VUs  03m36.9s/10m30s  2.41 iters/s

running (03m37.9s), 018/600 VUs, 290 complete and 0 interrupted iterations
saturation   [  35% ] 018/600 VUs  03m37.9s/10m30s  2.42 iters/s

running (03m38.9s), 021/600 VUs, 290 complete and 0 interrupted iterations
saturation   [  35% ] 021/600 VUs  03m38.9s/10m30s  2.43 iters/s

running (03m39.9s), 018/600 VUs, 295 complete and 0 interrupted iterations
saturation   [  35% ] 018/600 VUs  03m39.9s/10m30s  2.44 iters/s

running (03m40.9s), 017/600 VUs, 298 complete and 0 interrupted iterations
saturation   [  35% ] 017/600 VUs  03m40.9s/10m30s  2.45 iters/s

running (03m41.9s), 020/600 VUs, 298 complete and 0 interrupted iterations
saturation   [  35% ] 020/600 VUs  03m41.9s/10m30s  2.47 iters/s

running (03m42.9s), 016/600 VUs, 304 complete and 0 interrupted iterations
saturation   [  35% ] 016/600 VUs  03m42.9s/10m30s  2.47 iters/s

running (03m43.9s), 017/600 VUs, 306 complete and 0 interrupted iterations
saturation   [  36% ] 017/600 VUs  03m43.9s/10m30s  2.49 iters/s

running (03m44.9s), 019/600 VUs, 306 complete and 0 interrupted iterations
saturation   [  36% ] 019/600 VUs  03m44.9s/10m30s  2.50 iters/s

running (03m45.9s), 020/600 VUs, 308 complete and 0 interrupted iterations
saturation   [  36% ] 020/600 VUs  03m45.9s/10m30s  2.51 iters/s

running (03m46.9s), 019/600 VUs, 311 complete and 0 interrupted iterations
saturation   [  36% ] 019/600 VUs  03m46.9s/10m30s  2.52 iters/s

running (03m47.9s), 019/600 VUs, 314 complete and 0 interrupted iterations
saturation   [  36% ] 019/600 VUs  03m47.9s/10m30s  2.53 iters/s

running (03m48.9s), 018/600 VUs, 317 complete and 0 interrupted iterations
saturation   [  36% ] 018/600 VUs  03m48.9s/10m30s  2.54 iters/s

running (03m49.9s), 020/600 VUs, 318 complete and 0 interrupted iterations
saturation   [  36% ] 020/600 VUs  03m49.9s/10m30s  2.55 iters/s

running (03m50.9s), 020/600 VUs, 321 complete and 0 interrupted iterations
saturation   [  37% ] 020/600 VUs  03m50.9s/10m30s  2.57 iters/s

running (03m51.9s), 022/600 VUs, 321 complete and 0 interrupted iterations
saturation   [  37% ] 022/600 VUs  03m51.9s/10m30s  2.58 iters/s

running (03m52.9s), 025/600 VUs, 321 complete and 0 interrupted iterations
saturation   [  37% ] 025/600 VUs  03m52.9s/10m30s  2.59 iters/s

running (03m53.9s), 022/600 VUs, 326 complete and 0 interrupted iterations
saturation   [  37% ] 022/600 VUs  03m53.9s/10m30s  2.60 iters/s

running (03m54.9s), 025/600 VUs, 326 complete and 0 interrupted iterations
saturation   [  37% ] 025/600 VUs  03m54.9s/10m30s  2.61 iters/s

running (03m55.9s), 025/600 VUs, 329 complete and 0 interrupted iterations
saturation   [  37% ] 025/600 VUs  03m55.9s/10m30s  2.62 iters/s

running (03m56.9s), 023/600 VUs, 333 complete and 0 interrupted iterations
saturation   [  38% ] 023/600 VUs  03m56.9s/10m30s  2.63 iters/s

running (03m57.9s), 025/600 VUs, 334 complete and 0 interrupted iterations
saturation   [  38% ] 025/600 VUs  03m57.9s/10m30s  2.64 iters/s

running (03m58.9s), 023/600 VUs, 338 complete and 0 interrupted iterations
saturation   [  38% ] 023/600 VUs  03m58.9s/10m30s  2.65 iters/s

running (03m59.9s), 025/600 VUs, 339 complete and 0 interrupted iterations
saturation   [  38% ] 025/600 VUs  03m59.9s/10m30s  2.66 iters/s

running (04m00.9s), 024/600 VUs, 343 complete and 0 interrupted iterations
saturation   [  38% ] 024/600 VUs  04m00.9s/10m30s  2.68 iters/s

running (04m01.9s), 024/600 VUs, 345 complete and 0 interrupted iterations
saturation   [  38% ] 024/600 VUs  04m01.9s/10m30s  2.69 iters/s

running (04m02.9s), 024/600 VUs, 348 complete and 0 interrupted iterations
saturation   [  39% ] 024/600 VUs  04m02.9s/10m30s  2.70 iters/s

running (04m03.9s), 026/600 VUs, 349 complete and 0 interrupted iterations
saturation   [  39% ] 026/600 VUs  04m03.9s/10m30s  2.71 iters/s

running (04m04.9s), 025/600 VUs, 353 complete and 0 interrupted iterations
saturation   [  39% ] 025/600 VUs  04m04.9s/10m30s  2.72 iters/s

running (04m05.9s), 027/600 VUs, 353 complete and 0 interrupted iterations
saturation   [  39% ] 027/600 VUs  04m05.9s/10m30s  2.73 iters/s

running (04m06.9s), 026/600 VUs, 357 complete and 0 interrupted iterations
saturation   [  39% ] 026/600 VUs  04m06.9s/10m30s  2.74 iters/s

running (04m07.9s), 026/600 VUs, 360 complete and 0 interrupted iterations
saturation   [  39% ] 026/600 VUs  04m07.9s/10m30s  2.75 iters/s

running (04m08.9s), 027/600 VUs, 362 complete and 0 interrupted iterations
saturation   [  40% ] 027/600 VUs  04m08.9s/10m30s  2.77 iters/s

running (04m09.9s), 026/600 VUs, 365 complete and 0 interrupted iterations
saturation   [  40% ] 026/600 VUs  04m09.9s/10m30s  2.77 iters/s

running (04m10.9s), 029/600 VUs, 365 complete and 0 interrupted iterations
saturation   [  40% ] 029/600 VUs  04m10.9s/10m30s  2.79 iters/s

running (04m11.9s), 030/600 VUs, 367 complete and 0 interrupted iterations
saturation   [  40% ] 030/600 VUs  04m11.9s/10m30s  2.80 iters/s

running (04m12.9s), 033/600 VUs, 367 complete and 0 interrupted iterations
saturation   [  40% ] 033/600 VUs  04m12.9s/10m30s  2.81 iters/s

running (04m13.9s), 029/600 VUs, 373 complete and 0 interrupted iterations
saturation   [  40% ] 029/600 VUs  04m13.9s/10m30s  2.82 iters/s

running (04m14.9s), 029/600 VUs, 376 complete and 0 interrupted iterations
saturation   [  40% ] 029/600 VUs  04m14.9s/10m30s  2.83 iters/s

running (04m15.9s), 032/600 VUs, 376 complete and 0 interrupted iterations
saturation   [  41% ] 032/600 VUs  04m15.9s/10m30s  2.84 iters/s

running (04m16.9s), 035/600 VUs, 376 complete and 0 interrupted iterations
saturation   [  41% ] 035/600 VUs  04m16.9s/10m30s  2.85 iters/s

running (04m17.9s), 031/600 VUs, 383 complete and 0 interrupted iterations
saturation   [  41% ] 031/600 VUs  04m17.9s/10m30s  2.87 iters/s

running (04m18.9s), 031/600 VUs, 386 complete and 0 interrupted iterations
saturation   [  41% ] 031/600 VUs  04m18.9s/10m30s  2.88 iters/s

running (04m19.9s), 033/600 VUs, 387 complete and 0 interrupted iterations
saturation   [  41% ] 033/600 VUs  04m19.9s/10m30s  2.89 iters/s

running (04m20.9s), 032/600 VUs, 390 complete and 0 interrupted iterations
saturation   [  41% ] 032/600 VUs  04m20.9s/10m30s  2.90 iters/s

running (04m21.9s), 035/600 VUs, 390 complete and 0 interrupted iterations
saturation   [  42% ] 035/600 VUs  04m21.9s/10m30s  2.91 iters/s

running (04m22.9s), 038/600 VUs, 390 complete and 0 interrupted iterations
saturation   [  42% ] 038/600 VUs  04m22.9s/10m30s  2.92 iters/s

running (04m23.9s), 037/600 VUs, 394 complete and 0 interrupted iterations
saturation   [  42% ] 037/600 VUs  04m23.9s/10m30s  2.93 iters/s

running (04m24.9s), 037/600 VUs, 397 complete and 0 interrupted iterations
saturation   [  42% ] 037/600 VUs  04m24.9s/10m30s  2.94 iters/s

running (04m25.9s), 040/600 VUs, 397 complete and 0 interrupted iterations
saturation   [  42% ] 040/600 VUs  04m25.9s/10m30s  2.95 iters/s

running (04m26.9s), 039/600 VUs, 401 complete and 0 interrupted iterations
saturation   [  42% ] 039/600 VUs  04m26.9s/10m30s  2.96 iters/s

running (04m27.9s), 037/600 VUs, 406 complete and 0 interrupted iterations
saturation   [  43% ] 037/600 VUs  04m27.9s/10m30s  2.98 iters/s

running (04m28.9s), 037/600 VUs, 409 complete and 0 interrupted iterations
saturation   [  43% ] 037/600 VUs  04m28.9s/10m30s  2.99 iters/s

running (04m29.9s), 039/600 VUs, 410 complete and 0 interrupted iterations
saturation   [  43% ] 039/600 VUs  04m29.9s/10m30s  3.00 iters/s

running (04m30.9s), 042/600 VUs, 410 complete and 0 interrupted iterations
saturation   [  43% ] 042/600 VUs  04m30.9s/10m30s  3.01 iters/s

running (04m31.9s), 041/600 VUs, 414 complete and 0 interrupted iterations
saturation   [  43% ] 041/600 VUs  04m31.9s/10m30s  3.02 iters/s

running (04m32.9s), 039/600 VUs, 419 complete and 0 interrupted iterations
saturation   [  43% ] 039/600 VUs  04m32.9s/10m30s  3.03 iters/s

running (04m33.9s), 041/600 VUs, 420 complete and 0 interrupted iterations
saturation   [  43% ] 041/600 VUs  04m33.9s/10m30s  3.04 iters/s

running (04m34.9s), 042/600 VUs, 422 complete and 0 interrupted iterations
saturation   [  44% ] 042/600 VUs  04m34.9s/10m30s  3.05 iters/s

running (04m35.9s), 043/600 VUs, 424 complete and 0 interrupted iterations
saturation   [  44% ] 043/600 VUs  04m35.9s/10m30s  3.06 iters/s

running (04m36.9s), 044/600 VUs, 426 complete and 0 interrupted iterations
saturation   [  44% ] 044/600 VUs  04m36.9s/10m30s  3.07 iters/s

running (04m37.9s), 042/600 VUs, 431 complete and 0 interrupted iterations
saturation   [  44% ] 042/600 VUs  04m37.9s/10m30s  3.09 iters/s

running (04m38.9s), 044/600 VUs, 432 complete and 0 interrupted iterations
saturation   [  44% ] 044/600 VUs  04m38.9s/10m30s  3.10 iters/s

running (04m39.9s), 048/600 VUs, 432 complete and 0 interrupted iterations
saturation   [  44% ] 048/600 VUs  04m39.9s/10m30s  3.11 iters/s

running (04m40.9s), 043/600 VUs, 440 complete and 0 interrupted iterations
saturation   [  45% ] 043/600 VUs  04m40.9s/10m30s  3.12 iters/s

running (04m41.9s), 046/600 VUs, 440 complete and 0 interrupted iterations
saturation   [  45% ] 046/600 VUs  04m41.9s/10m30s  3.13 iters/s

running (04m42.9s), 045/600 VUs, 444 complete and 0 interrupted iterations
saturation   [  45% ] 045/600 VUs  04m42.9s/10m30s  3.14 iters/s

running (04m43.9s), 046/600 VUs, 446 complete and 0 interrupted iterations
saturation   [  45% ] 046/600 VUs  04m43.9s/10m30s  3.15 iters/s

running (04m44.9s), 049/600 VUs, 446 complete and 0 interrupted iterations
saturation   [  45% ] 049/600 VUs  04m44.9s/10m30s  3.16 iters/s

running (04m45.9s), 052/600 VUs, 446 complete and 0 interrupted iterations
saturation   [  45% ] 052/600 VUs  04m45.9s/10m30s  3.17 iters/s

running (04m46.9s), 052/600 VUs, 450 complete and 0 interrupted iterations
saturation   [  46% ] 052/600 VUs  04m46.9s/10m30s  3.19 iters/s

running (04m47.9s), 053/600 VUs, 452 complete and 0 interrupted iterations
saturation   [  46% ] 053/600 VUs  04m47.9s/10m30s  3.20 iters/s

running (04m48.9s), 053/600 VUs, 455 complete and 0 interrupted iterations
saturation   [  46% ] 053/600 VUs  04m48.9s/10m30s  3.21 iters/s

running (04m49.9s), 055/600 VUs, 456 complete and 0 interrupted iterations
saturation   [  46% ] 055/600 VUs  04m49.9s/10m30s  3.22 iters/s

running (04m50.9s), 058/600 VUs, 456 complete and 0 interrupted iterations
saturation   [  46% ] 058/600 VUs  04m50.9s/10m30s  3.23 iters/s

running (04m51.9s), 056/600 VUs, 462 complete and 0 interrupted iterations
saturation   [  46% ] 056/600 VUs  04m51.9s/10m30s  3.24 iters/s

running (04m52.9s), 059/600 VUs, 462 complete and 0 interrupted iterations
saturation   [  46% ] 059/600 VUs  04m52.9s/10m30s  3.25 iters/s

running (04m53.9s), 059/600 VUs, 465 complete and 0 interrupted iterations
saturation   [  47% ] 059/600 VUs  04m53.9s/10m30s  3.26 iters/s

running (04m54.9s), 062/600 VUs, 465 complete and 0 interrupted iterations
saturation   [  47% ] 062/600 VUs  04m54.9s/10m30s  3.27 iters/s

running (04m55.9s), 063/600 VUs, 468 complete and 0 interrupted iterations
saturation   [  47% ] 063/600 VUs  04m55.9s/10m30s  3.29 iters/s

running (04m56.9s), 062/600 VUs, 472 complete and 0 interrupted iterations
saturation   [  47% ] 062/600 VUs  04m56.9s/10m30s  3.30 iters/s

running (04m57.9s), 064/600 VUs, 473 complete and 0 interrupted iterations
saturation   [  47% ] 064/600 VUs  04m57.9s/10m30s  3.31 iters/s

running (04m58.9s), 066/600 VUs, 475 complete and 0 interrupted iterations
saturation   [  47% ] 066/600 VUs  04m58.9s/10m30s  3.32 iters/s

running (04m59.9s), 066/600 VUs, 478 complete and 0 interrupted iterations
saturation   [  48% ] 066/600 VUs  04m59.9s/10m30s  3.33 iters/s

running (05m00.9s), 068/600 VUs, 479 complete and 0 interrupted iterations
saturation   [  48% ] 068/600 VUs  05m00.9s/10m30s  3.34 iters/s

running (05m01.9s), 069/600 VUs, 482 complete and 0 interrupted iterations
saturation   [  48% ] 069/600 VUs  05m01.9s/10m30s  3.35 iters/s

running (05m02.9s), 070/600 VUs, 484 complete and 0 interrupted iterations
saturation   [  48% ] 070/600 VUs  05m02.9s/10m30s  3.36 iters/s

running (05m03.9s), 070/600 VUs, 487 complete and 0 interrupted iterations
saturation   [  48% ] 070/600 VUs  05m03.9s/10m30s  3.37 iters/s

running (05m04.9s), 073/600 VUs, 488 complete and 0 interrupted iterations
saturation   [  48% ] 073/600 VUs  05m04.9s/10m30s  3.39 iters/s

running (05m05.9s), 076/600 VUs, 488 complete and 0 interrupted iterations
saturation   [  49% ] 076/600 VUs  05m05.9s/10m30s  3.40 iters/s

running (05m06.9s), 080/600 VUs, 488 complete and 0 interrupted iterations
saturation   [  49% ] 080/600 VUs  05m06.9s/10m30s  3.41 iters/s

running (05m07.9s), 081/600 VUs, 490 complete and 0 interrupted iterations
saturation   [  49% ] 081/600 VUs  05m07.9s/10m30s  3.42 iters/s

running (05m08.9s), 083/600 VUs, 491 complete and 0 interrupted iterations
saturation   [  49% ] 083/600 VUs  05m08.9s/10m30s  3.43 iters/s

running (05m09.9s), 082/600 VUs, 496 complete and 0 interrupted iterations
saturation   [  49% ] 082/600 VUs  05m09.9s/10m30s  3.44 iters/s

running (05m10.9s), 084/600 VUs, 497 complete and 0 interrupted iterations
saturation   [  49% ] 084/600 VUs  05m10.9s/10m30s  3.45 iters/s

running (05m11.9s), 087/600 VUs, 498 complete and 0 interrupted iterations
saturation   [  50% ] 087/600 VUs  05m11.9s/10m30s  3.47 iters/s

running (05m12.9s), 087/600 VUs, 501 complete and 0 interrupted iterations
saturation   [  50% ] 087/600 VUs  05m12.9s/10m30s  3.48 iters/s

running (05m13.9s), 088/600 VUs, 504 complete and 0 interrupted iterations
saturation   [  50% ] 088/600 VUs  05m13.9s/10m30s  3.49 iters/s

running (05m14.9s), 091/600 VUs, 504 complete and 0 interrupted iterations
saturation   [  50% ] 091/600 VUs  05m14.9s/10m30s  3.50 iters/s

running (05m15.9s), 095/600 VUs, 504 complete and 0 interrupted iterations
saturation   [  50% ] 095/600 VUs  05m15.9s/10m30s  3.51 iters/s

running (05m16.9s), 098/600 VUs, 504 complete and 0 interrupted iterations
saturation   [  50% ] 098/600 VUs  05m16.9s/10m30s  3.52 iters/s

running (05m17.9s), 097/600 VUs, 509 complete and 0 interrupted iterations
saturation   [  50% ] 097/600 VUs  05m17.9s/10m30s  3.53 iters/s

running (05m18.9s), 100/600 VUs, 509 complete and 0 interrupted iterations
saturation   [  51% ] 100/600 VUs  05m18.9s/10m30s  3.54 iters/s

running (05m19.9s), 104/600 VUs, 509 complete and 0 interrupted iterations
saturation   [  51% ] 104/600 VUs  05m19.9s/10m30s  3.55 iters/s

running (05m20.9s), 104/600 VUs, 512 complete and 0 interrupted iterations
saturation   [  51% ] 104/600 VUs  05m20.9s/10m30s  3.56 iters/s

running (05m21.9s), 108/600 VUs, 512 complete and 0 interrupted iterations
saturation   [  51% ] 108/600 VUs  05m21.9s/10m30s  3.58 iters/s

running (05m22.9s), 110/600 VUs, 514 complete and 0 interrupted iterations
saturation   [  51% ] 110/600 VUs  05m22.9s/10m30s  3.59 iters/s

running (05m23.9s), 111/600 VUs, 516 complete and 0 interrupted iterations
saturation   [  51% ] 111/600 VUs  05m23.9s/10m30s  3.60 iters/s

running (05m24.9s), 115/600 VUs, 516 complete and 0 interrupted iterations
saturation   [  52% ] 115/600 VUs  05m24.9s/10m30s  3.61 iters/s

running (05m25.9s), 118/600 VUs, 516 complete and 0 interrupted iterations
saturation   [  52% ] 118/600 VUs  05m25.9s/10m30s  3.62 iters/s

running (05m26.9s), 122/600 VUs, 516 complete and 0 interrupted iterations
saturation   [  52% ] 122/600 VUs  05m26.9s/10m30s  3.63 iters/s

running (05m27.9s), 122/600 VUs, 520 complete and 0 interrupted iterations
saturation   [  52% ] 122/600 VUs  05m27.9s/10m30s  3.64 iters/s

running (05m28.9s), 124/600 VUs, 521 complete and 0 interrupted iterations
saturation   [  52% ] 124/600 VUs  05m28.9s/10m30s  3.65 iters/s

running (05m29.9s), 127/600 VUs, 522 complete and 0 interrupted iterations
saturation   [  52% ] 127/600 VUs  05m29.9s/10m30s  3.67 iters/s

running (05m30.9s), 131/600 VUs, 522 complete and 0 interrupted iterations
saturation   [  53% ] 131/600 VUs  05m30.9s/10m30s  3.68 iters/s

running (05m31.9s), 128/600 VUs, 528 complete and 0 interrupted iterations
saturation   [  53% ] 128/600 VUs  05m31.9s/10m30s  3.69 iters/s

running (05m32.9s), 129/600 VUs, 531 complete and 0 interrupted iterations
saturation   [  53% ] 129/600 VUs  05m32.9s/10m30s  3.70 iters/s

running (05m33.9s), 130/600 VUs, 534 complete and 0 interrupted iterations
saturation   [  53% ] 130/600 VUs  05m33.9s/10m30s  3.71 iters/s

running (05m34.9s), 133/600 VUs, 534 complete and 0 interrupted iterations
saturation   [  53% ] 133/600 VUs  05m34.9s/10m30s  3.72 iters/s

running (05m35.9s), 134/600 VUs, 537 complete and 0 interrupted iterations
saturation   [  53% ] 134/600 VUs  05m35.9s/10m30s  3.73 iters/s

running (05m36.9s), 138/600 VUs, 537 complete and 0 interrupted iterations
saturation   [  53% ] 138/600 VUs  05m36.9s/10m30s  3.74 iters/s

running (05m37.9s), 142/600 VUs, 537 complete and 0 interrupted iterations
saturation   [  54% ] 142/600 VUs  05m37.9s/10m30s  3.75 iters/s

running (05m38.9s), 145/600 VUs, 537 complete and 0 interrupted iterations
saturation   [  54% ] 145/600 VUs  05m38.9s/10m30s  3.76 iters/s

running (05m39.9s), 149/600 VUs, 537 complete and 0 interrupted iterations
saturation   [  54% ] 149/600 VUs  05m39.9s/10m30s  3.78 iters/s

running (05m40.9s), 148/600 VUs, 542 complete and 0 interrupted iterations
saturation   [  54% ] 148/600 VUs  05m40.9s/10m30s  3.79 iters/s

running (05m41.9s), 151/600 VUs, 543 complete and 0 interrupted iterations
saturation   [  54% ] 151/600 VUs  05m41.9s/10m30s  3.80 iters/s

running (05m42.9s), 155/600 VUs, 543 complete and 0 interrupted iterations
saturation   [  54% ] 155/600 VUs  05m42.9s/10m30s  3.81 iters/s

running (05m43.9s), 154/600 VUs, 547 complete and 0 interrupted iterations
saturation   [  55% ] 154/600 VUs  05m43.9s/10m30s  3.82 iters/s

running (05m44.9s), 158/600 VUs, 547 complete and 0 interrupted iterations
saturation   [  55% ] 158/600 VUs  05m44.9s/10m30s  3.83 iters/s

running (05m45.9s), 159/600 VUs, 550 complete and 0 interrupted iterations
saturation   [  55% ] 159/600 VUs  05m45.9s/10m30s  3.84 iters/s

running (05m46.9s), 162/600 VUs, 551 complete and 0 interrupted iterations
saturation   [  55% ] 162/600 VUs  05m46.9s/10m30s  3.85 iters/s

running (05m47.9s), 166/600 VUs, 551 complete and 0 interrupted iterations
saturation   [  55% ] 166/600 VUs  05m47.9s/10m30s  3.87 iters/s

running (05m48.9s), 170/600 VUs, 551 complete and 0 interrupted iterations
saturation   [  55% ] 170/600 VUs  05m48.9s/10m30s  3.88 iters/s

running (05m49.9s), 172/600 VUs, 552 complete and 0 interrupted iterations
saturation   [  56% ] 172/600 VUs  05m49.9s/10m30s  3.89 iters/s

running (05m50.9s), 167/600 VUs, 561 complete and 0 interrupted iterations
saturation   [  56% ] 167/600 VUs  05m50.9s/10m30s  3.90 iters/s

running (05m51.9s), 170/600 VUs, 562 complete and 0 interrupted iterations
saturation   [  56% ] 170/600 VUs  05m51.9s/10m30s  3.91 iters/s

running (05m52.9s), 170/600 VUs, 566 complete and 0 interrupted iterations
saturation   [  56% ] 170/600 VUs  05m52.9s/10m30s  3.92 iters/s

running (05m53.9s), 171/600 VUs, 569 complete and 0 interrupted iterations
saturation   [  56% ] 171/600 VUs  05m53.9s/10m30s  3.93 iters/s

running (05m54.9s), 169/600 VUs, 575 complete and 0 interrupted iterations
saturation   [  56% ] 169/600 VUs  05m54.9s/10m30s  3.94 iters/s

running (05m55.9s), 170/600 VUs, 578 complete and 0 interrupted iterations
saturation   [  56% ] 170/600 VUs  05m55.9s/10m30s  3.95 iters/s

running (05m56.9s), 171/600 VUs, 581 complete and 0 interrupted iterations
saturation   [  57% ] 171/600 VUs  05m56.9s/10m30s  3.97 iters/s

running (05m57.9s), 172/600 VUs, 584 complete and 0 interrupted iterations
saturation   [  57% ] 172/600 VUs  05m57.9s/10m30s  3.98 iters/s

running (05m58.9s), 173/600 VUs, 587 complete and 0 interrupted iterations
saturation   [  57% ] 173/600 VUs  05m58.9s/10m30s  3.99 iters/s

running (05m59.9s), 174/600 VUs, 590 complete and 0 interrupted iterations
saturation   [  57% ] 174/600 VUs  05m59.9s/10m30s  4.00 iters/s

running (06m00.9s), 176/600 VUs, 592 complete and 0 interrupted iterations
saturation   [  57% ] 176/600 VUs  06m00.9s/10m30s  4.01 iters/s

running (06m01.9s), 177/600 VUs, 595 complete and 0 interrupted iterations
saturation   [  57% ] 177/600 VUs  06m01.9s/10m30s  4.02 iters/s

running (06m02.9s), 178/600 VUs, 598 complete and 0 interrupted iterations
saturation   [  58% ] 178/600 VUs  06m02.9s/10m30s  4.03 iters/s

running (06m03.9s), 176/600 VUs, 604 complete and 0 interrupted iterations
saturation   [  58% ] 176/600 VUs  06m03.9s/10m30s  4.04 iters/s

running (06m04.9s), 176/600 VUs, 608 complete and 0 interrupted iterations
saturation   [  58% ] 176/600 VUs  06m04.9s/10m30s  4.05 iters/s

running (06m05.9s), 174/600 VUs, 614 complete and 0 interrupted iterations
saturation   [  58% ] 174/600 VUs  06m05.9s/10m30s  4.06 iters/s

running (06m06.9s), 171/600 VUs, 621 complete and 0 interrupted iterations
saturation   [  58% ] 171/600 VUs  06m06.9s/10m30s  4.08 iters/s

running (06m07.9s), 172/600 VUs, 624 complete and 0 interrupted iterations
saturation   [  58% ] 172/600 VUs  06m07.9s/10m30s  4.09 iters/s

running (06m08.9s), 169/600 VUs, 631 complete and 0 interrupted iterations
saturation   [  59% ] 169/600 VUs  06m08.9s/10m30s  4.10 iters/s

running (06m09.9s), 171/600 VUs, 633 complete and 0 interrupted iterations
saturation   [  59% ] 171/600 VUs  06m09.9s/10m30s  4.11 iters/s

running (06m10.9s), 173/600 VUs, 636 complete and 0 interrupted iterations
saturation   [  59% ] 173/600 VUs  06m10.9s/10m30s  4.12 iters/s

running (06m11.9s), 173/600 VUs, 640 complete and 0 interrupted iterations
saturation   [  59% ] 173/600 VUs  06m11.9s/10m30s  4.13 iters/s

running (06m12.9s), 173/600 VUs, 644 complete and 0 interrupted iterations
saturation   [  59% ] 173/600 VUs  06m12.9s/10m30s  4.14 iters/s

running (06m13.9s), 174/600 VUs, 647 complete and 0 interrupted iterations
saturation   [  59% ] 174/600 VUs  06m13.9s/10m30s  4.15 iters/s

running (06m14.9s), 177/600 VUs, 648 complete and 0 interrupted iterations
saturation   [  60% ] 177/600 VUs  06m14.9s/10m30s  4.16 iters/s

running (06m15.9s), 178/600 VUs, 651 complete and 0 interrupted iterations
saturation   [  60% ] 178/600 VUs  06m15.9s/10m30s  4.18 iters/s

running (06m16.9s), 179/600 VUs, 654 complete and 0 interrupted iterations
saturation   [  60% ] 179/600 VUs  06m16.9s/10m30s  4.19 iters/s

running (06m17.9s), 180/600 VUs, 658 complete and 0 interrupted iterations
saturation   [  60% ] 180/600 VUs  06m17.9s/10m30s  4.20 iters/s

running (06m18.9s), 183/600 VUs, 659 complete and 0 interrupted iterations
saturation   [  60% ] 183/600 VUs  06m18.9s/10m30s  4.21 iters/s

running (06m19.9s), 184/600 VUs, 662 complete and 0 interrupted iterations
saturation   [  60% ] 184/600 VUs  06m19.9s/10m30s  4.22 iters/s

running (06m20.9s), 184/600 VUs, 666 complete and 0 interrupted iterations
saturation   [  60% ] 184/600 VUs  06m20.9s/10m30s  4.23 iters/s

running (06m21.9s), 186/600 VUs, 669 complete and 0 interrupted iterations
saturation   [  61% ] 186/600 VUs  06m21.9s/10m30s  4.24 iters/s

running (06m22.9s), 188/600 VUs, 671 complete and 0 interrupted iterations
saturation   [  61% ] 188/600 VUs  06m22.9s/10m30s  4.25 iters/s

running (06m23.9s), 188/600 VUs, 675 complete and 0 interrupted iterations
saturation   [  61% ] 188/600 VUs  06m23.9s/10m30s  4.26 iters/s

running (06m24.9s), 191/600 VUs, 676 complete and 0 interrupted iterations
saturation   [  61% ] 191/600 VUs  06m24.9s/10m30s  4.28 iters/s

running (06m25.9s), 192/600 VUs, 680 complete and 0 interrupted iterations
saturation   [  61% ] 192/600 VUs  06m25.9s/10m30s  4.29 iters/s

running (06m26.9s), 193/600 VUs, 683 complete and 0 interrupted iterations
saturation   [  61% ] 193/600 VUs  06m26.9s/10m30s  4.30 iters/s

running (06m27.9s), 195/600 VUs, 685 complete and 0 interrupted iterations
saturation   [  62% ] 195/600 VUs  06m27.9s/10m30s  4.31 iters/s

running (06m28.9s), 195/600 VUs, 689 complete and 0 interrupted iterations
saturation   [  62% ] 195/600 VUs  06m28.9s/10m30s  4.32 iters/s

running (06m29.9s), 199/600 VUs, 690 complete and 0 interrupted iterations
saturation   [  62% ] 199/600 VUs  06m29.9s/10m30s  4.33 iters/s

running (06m30.9s), 199/600 VUs, 694 complete and 0 interrupted iterations
saturation   [  62% ] 199/600 VUs  06m30.9s/10m30s  4.34 iters/s

running (06m31.9s), 201/600 VUs, 697 complete and 0 interrupted iterations
saturation   [  62% ] 201/600 VUs  06m31.9s/10m30s  4.36 iters/s

running (06m32.9s), 202/600 VUs, 700 complete and 0 interrupted iterations
saturation   [  62% ] 202/600 VUs  06m32.9s/10m30s  4.37 iters/s

running (06m33.9s), 205/600 VUs, 701 complete and 0 interrupted iterations
saturation   [  63% ] 205/600 VUs  06m33.9s/10m30s  4.38 iters/s

running (06m34.9s), 206/600 VUs, 705 complete and 0 interrupted iterations
saturation   [  63% ] 206/600 VUs  06m34.9s/10m30s  4.39 iters/s

running (06m35.9s), 209/600 VUs, 706 complete and 0 interrupted iterations
saturation   [  63% ] 209/600 VUs  06m35.9s/10m30s  4.40 iters/s

running (06m36.9s), 208/600 VUs, 711 complete and 0 interrupted iterations
saturation   [  63% ] 208/600 VUs  06m36.9s/10m30s  4.41 iters/s

running (06m37.9s), 211/600 VUs, 713 complete and 0 interrupted iterations
saturation   [  63% ] 211/600 VUs  06m37.9s/10m30s  4.42 iters/s

running (06m38.9s), 212/600 VUs, 716 complete and 0 interrupted iterations
saturation   [  63% ] 212/600 VUs  06m38.9s/10m30s  4.43 iters/s

running (06m39.9s), 215/600 VUs, 718 complete and 0 interrupted iterations
saturation   [  63% ] 215/600 VUs  06m39.9s/10m30s  4.44 iters/s

running (06m40.9s), 216/600 VUs, 721 complete and 0 interrupted iterations
saturation   [  64% ] 216/600 VUs  06m40.9s/10m30s  4.45 iters/s

running (06m41.9s), 218/600 VUs, 724 complete and 0 interrupted iterations
saturation   [  64% ] 218/600 VUs  06m41.9s/10m30s  4.47 iters/s

running (06m42.9s), 218/600 VUs, 728 complete and 0 interrupted iterations
saturation   [  64% ] 218/600 VUs  06m42.9s/10m30s  4.48 iters/s

running (06m43.9s), 220/600 VUs, 731 complete and 0 interrupted iterations
saturation   [  64% ] 220/600 VUs  06m43.9s/10m30s  4.49 iters/s

running (06m44.9s), 221/600 VUs, 734 complete and 0 interrupted iterations
saturation   [  64% ] 221/600 VUs  06m44.9s/10m30s  4.50 iters/s

running (06m45.9s), 223/600 VUs, 737 complete and 0 interrupted iterations
saturation   [  64% ] 223/600 VUs  06m45.9s/10m30s  4.51 iters/s

running (06m46.9s), 224/600 VUs, 740 complete and 0 interrupted iterations
saturation   [  65% ] 224/600 VUs  06m46.9s/10m30s  4.52 iters/s

running (06m47.9s), 226/600 VUs, 743 complete and 0 interrupted iterations
saturation   [  65% ] 226/600 VUs  06m47.9s/10m30s  4.53 iters/s

running (06m48.9s), 228/600 VUs, 745 complete and 0 interrupted iterations
saturation   [  65% ] 228/600 VUs  06m48.9s/10m30s  4.54 iters/s

running (06m49.9s), 228/600 VUs, 750 complete and 0 interrupted iterations
saturation   [  65% ] 228/600 VUs  06m49.9s/10m30s  4.55 iters/s

running (06m50.9s), 231/600 VUs, 751 complete and 0 interrupted iterations
saturation   [  65% ] 231/600 VUs  06m50.9s/10m30s  4.56 iters/s

running (06m51.9s), 233/600 VUs, 754 complete and 0 interrupted iterations
saturation   [  65% ] 233/600 VUs  06m51.9s/10m30s  4.58 iters/s

running (06m52.9s), 234/600 VUs, 757 complete and 0 interrupted iterations
saturation   [  66% ] 234/600 VUs  06m52.9s/10m30s  4.59 iters/s

running (06m53.9s), 235/600 VUs, 761 complete and 0 interrupted iterations
saturation   [  66% ] 235/600 VUs  06m53.9s/10m30s  4.60 iters/s

running (06m54.9s), 239/600 VUs, 762 complete and 0 interrupted iterations
saturation   [  66% ] 239/600 VUs  06m54.9s/10m30s  4.61 iters/s

running (06m55.9s), 239/600 VUs, 766 complete and 0 interrupted iterations
saturation   [  66% ] 239/600 VUs  06m55.9s/10m30s  4.62 iters/s

running (06m56.9s), 242/600 VUs, 768 complete and 0 interrupted iterations
saturation   [  66% ] 242/600 VUs  06m56.9s/10m30s  4.63 iters/s

running (06m57.9s), 243/600 VUs, 771 complete and 0 interrupted iterations
saturation   [  66% ] 243/600 VUs  06m57.9s/10m30s  4.64 iters/s

running (06m58.9s), 245/600 VUs, 774 complete and 0 interrupted iterations
saturation   [  66% ] 245/600 VUs  06m58.9s/10m30s  4.65 iters/s

running (06m59.9s), 246/600 VUs, 778 complete and 0 interrupted iterations
saturation   [  67% ] 246/600 VUs  06m59.9s/10m30s  4.67 iters/s

running (07m00.9s), 248/600 VUs, 780 complete and 0 interrupted iterations
saturation   [  67% ] 248/600 VUs  07m00.9s/10m30s  4.67 iters/s

running (07m01.9s), 252/600 VUs, 781 complete and 0 interrupted iterations
saturation   [  67% ] 252/600 VUs  07m01.9s/10m30s  4.69 iters/s

running (07m02.9s), 253/600 VUs, 785 complete and 0 interrupted iterations
saturation   [  67% ] 253/600 VUs  07m02.9s/10m30s  4.70 iters/s

running (07m03.9s), 255/600 VUs, 788 complete and 0 interrupted iterations
saturation   [  67% ] 255/600 VUs  07m03.9s/10m30s  4.71 iters/s

running (07m04.9s), 256/600 VUs, 791 complete and 0 interrupted iterations
saturation   [  67% ] 256/600 VUs  07m04.9s/10m30s  4.72 iters/s

running (07m05.9s), 258/600 VUs, 794 complete and 0 interrupted iterations
saturation   [  68% ] 258/600 VUs  07m05.9s/10m30s  4.73 iters/s

running (07m06.9s), 259/600 VUs, 798 complete and 0 interrupted iterations
saturation   [  68% ] 259/600 VUs  07m06.9s/10m30s  4.74 iters/s

running (07m07.9s), 262/600 VUs, 799 complete and 0 interrupted iterations
saturation   [  68% ] 262/600 VUs  07m07.9s/10m30s  4.75 iters/s

running (07m08.9s), 263/600 VUs, 803 complete and 0 interrupted iterations
saturation   [  68% ] 263/600 VUs  07m08.9s/10m30s  4.76 iters/s

running (07m09.9s), 266/600 VUs, 805 complete and 0 interrupted iterations
saturation   [  68% ] 266/600 VUs  07m09.9s/10m30s  4.78 iters/s

running (07m10.9s), 267/600 VUs, 809 complete and 0 interrupted iterations
saturation   [  68% ] 267/600 VUs  07m10.9s/10m30s  4.79 iters/s

running (07m11.9s), 270/600 VUs, 811 complete and 0 interrupted iterations
saturation   [  69% ] 270/600 VUs  07m11.9s/10m30s  4.80 iters/s

running (07m12.9s), 270/600 VUs, 815 complete and 0 interrupted iterations
saturation   [  69% ] 270/600 VUs  07m12.9s/10m30s  4.81 iters/s

running (07m13.9s), 273/600 VUs, 817 complete and 0 interrupted iterations
saturation   [  69% ] 273/600 VUs  07m13.9s/10m30s  4.82 iters/s

running (07m14.9s), 273/600 VUs, 822 complete and 0 interrupted iterations
saturation   [  69% ] 273/600 VUs  07m14.9s/10m30s  4.83 iters/s

running (07m15.9s), 277/600 VUs, 823 complete and 0 interrupted iterations
saturation   [  69% ] 277/600 VUs  07m15.9s/10m30s  4.84 iters/s

running (07m16.9s), 278/600 VUs, 827 complete and 0 interrupted iterations
saturation   [  69% ] 278/600 VUs  07m16.9s/10m30s  4.85 iters/s

running (07m17.9s), 281/600 VUs, 829 complete and 0 interrupted iterations
saturation   [  70% ] 281/600 VUs  07m17.9s/10m30s  4.87 iters/s

running (07m18.9s), 281/600 VUs, 833 complete and 0 interrupted iterations
saturation   [  70% ] 281/600 VUs  07m18.9s/10m30s  4.88 iters/s

running (07m19.9s), 284/600 VUs, 835 complete and 0 interrupted iterations
saturation   [  70% ] 284/600 VUs  07m19.9s/10m30s  4.89 iters/s

running (07m20.9s), 285/600 VUs, 839 complete and 0 interrupted iterations
saturation   [  70% ] 285/600 VUs  07m20.9s/10m30s  4.90 iters/s

running (07m21.9s), 287/600 VUs, 842 complete and 0 interrupted iterations
saturation   [  70% ] 287/600 VUs  07m21.9s/10m30s  4.91 iters/s

running (07m22.9s), 289/600 VUs, 845 complete and 0 interrupted iterations
saturation   [  70% ] 289/600 VUs  07m22.9s/10m30s  4.92 iters/s

running (07m23.9s), 293/600 VUs, 846 complete and 0 interrupted iterations
saturation   [  70% ] 293/600 VUs  07m23.9s/10m30s  4.93 iters/s

running (07m24.9s), 293/600 VUs, 851 complete and 0 interrupted iterations
saturation   [  71% ] 293/600 VUs  07m24.9s/10m30s  4.94 iters/s

running (07m25.9s), 296/600 VUs, 853 complete and 0 interrupted iterations
saturation   [  71% ] 296/600 VUs  07m25.9s/10m30s  4.95 iters/s

running (07m26.9s), 297/600 VUs, 857 complete and 0 interrupted iterations
saturation   [  71% ] 297/600 VUs  07m26.9s/10m30s  4.97 iters/s

running (07m27.9s), 300/600 VUs, 859 complete and 0 interrupted iterations
saturation   [  71% ] 300/600 VUs  07m27.9s/10m30s  4.98 iters/s

running (07m28.9s), 301/600 VUs, 863 complete and 0 interrupted iterations
saturation   [  71% ] 301/600 VUs  07m28.9s/10m30s  4.99 iters/s

running (07m29.9s), 304/600 VUs, 865 complete and 0 interrupted iterations
saturation   [  71% ] 304/600 VUs  07m29.9s/10m30s  5.00 iters/s

running (07m30.9s), 307/600 VUs, 867 complete and 0 interrupted iterations
saturation   [  72% ] 307/600 VUs  07m30.9s/10m30s  5.01 iters/s

running (07m31.9s), 307/600 VUs, 872 complete and 0 interrupted iterations
saturation   [  72% ] 307/600 VUs  07m31.9s/10m30s  5.02 iters/s

running (07m32.9s), 311/600 VUs, 873 complete and 0 interrupted iterations
saturation   [  72% ] 311/600 VUs  07m32.9s/10m30s  5.03 iters/s

running (07m33.9s), 312/600 VUs, 877 complete and 0 interrupted iterations
saturation   [  72% ] 312/600 VUs  07m33.9s/10m30s  5.04 iters/s

running (07m34.9s), 315/600 VUs, 879 complete and 0 interrupted iterations
saturation   [  72% ] 315/600 VUs  07m34.9s/10m30s  5.05 iters/s

running (07m35.9s), 315/600 VUs, 884 complete and 0 interrupted iterations
saturation   [  72% ] 315/600 VUs  07m35.9s/10m30s  5.07 iters/s

running (07m36.9s), 319/600 VUs, 885 complete and 0 interrupted iterations
saturation   [  73% ] 319/600 VUs  07m36.9s/10m30s  5.08 iters/s

running (07m37.9s), 320/600 VUs, 889 complete and 0 interrupted iterations
saturation   [  73% ] 320/600 VUs  07m37.9s/10m30s  5.09 iters/s

running (07m38.9s), 322/600 VUs, 892 complete and 0 interrupted iterations
saturation   [  73% ] 322/600 VUs  07m38.9s/10m30s  5.10 iters/s

running (07m39.9s), 326/600 VUs, 893 complete and 0 interrupted iterations
saturation   [  73% ] 326/600 VUs  07m39.9s/10m30s  5.11 iters/s

running (07m40.9s), 327/600 VUs, 897 complete and 0 interrupted iterations
saturation   [  73% ] 327/600 VUs  07m40.9s/10m30s  5.12 iters/s

running (07m41.9s), 327/600 VUs, 902 complete and 0 interrupted iterations
saturation   [  73% ] 327/600 VUs  07m41.9s/10m30s  5.13 iters/s

running (07m42.9s), 331/600 VUs, 904 complete and 0 interrupted iterations
saturation   [  73% ] 331/600 VUs  07m42.9s/10m30s  5.14 iters/s

running (07m43.9s), 334/600 VUs, 906 complete and 0 interrupted iterations
saturation   [  74% ] 334/600 VUs  07m43.9s/10m30s  5.15 iters/s

running (07m44.9s), 336/600 VUs, 909 complete and 0 interrupted iterations
saturation   [  74% ] 336/600 VUs  07m44.9s/10m30s  5.17 iters/s

running (07m45.9s), 339/600 VUs, 911 complete and 0 interrupted iterations
saturation   [  74% ] 339/600 VUs  07m45.9s/10m30s  5.18 iters/s

running (07m46.9s), 340/600 VUs, 915 complete and 0 interrupted iterations
saturation   [  74% ] 340/600 VUs  07m46.9s/10m30s  5.19 iters/s

running (07m47.9s), 342/600 VUs, 918 complete and 0 interrupted iterations
saturation   [  74% ] 342/600 VUs  07m47.9s/10m30s  5.20 iters/s

running (07m48.9s), 345/600 VUs, 921 complete and 0 interrupted iterations
saturation   [  74% ] 345/600 VUs  07m48.9s/10m30s  5.21 iters/s

running (07m49.9s), 346/600 VUs, 925 complete and 0 interrupted iterations
saturation   [  75% ] 346/600 VUs  07m49.9s/10m30s  5.22 iters/s

running (07m50.9s), 348/600 VUs, 928 complete and 0 interrupted iterations
saturation   [  75% ] 348/600 VUs  07m50.9s/10m30s  5.23 iters/s

running (07m51.9s), 351/600 VUs, 930 complete and 0 interrupted iterations
saturation   [  75% ] 351/600 VUs  07m51.9s/10m30s  5.24 iters/s

running (07m52.9s), 352/600 VUs, 935 complete and 0 interrupted iterations
saturation   [  75% ] 352/600 VUs  07m52.9s/10m30s  5.25 iters/s

running (07m53.9s), 357/600 VUs, 935 complete and 0 interrupted iterations
saturation   [  75% ] 357/600 VUs  07m53.9s/10m30s  5.27 iters/s

running (07m54.9s), 359/600 VUs, 938 complete and 0 interrupted iterations
saturation   [  75% ] 359/600 VUs  07m54.9s/10m30s  5.28 iters/s

running (07m55.9s), 359/600 VUs, 943 complete and 0 interrupted iterations
saturation   [  76% ] 359/600 VUs  07m55.9s/10m30s  5.29 iters/s

running (07m56.9s), 363/600 VUs, 945 complete and 0 interrupted iterations
saturation   [  76% ] 363/600 VUs  07m56.9s/10m30s  5.30 iters/s

running (07m57.9s), 366/600 VUs, 947 complete and 0 interrupted iterations
saturation   [  76% ] 366/600 VUs  07m57.9s/10m30s  5.31 iters/s

running (07m58.9s), 368/600 VUs, 950 complete and 0 interrupted iterations
saturation   [  76% ] 368/600 VUs  07m58.9s/10m30s  5.32 iters/s

running (07m59.9s), 372/600 VUs, 952 complete and 0 interrupted iterations
saturation   [  76% ] 372/600 VUs  07m59.9s/10m30s  5.33 iters/s

running (08m00.9s), 372/600 VUs, 957 complete and 0 interrupted iterations
saturation   [  76% ] 372/600 VUs  08m00.9s/10m30s  5.34 iters/s

running (08m01.9s), 376/600 VUs, 958 complete and 0 interrupted iterations
saturation   [  76% ] 376/600 VUs  08m01.9s/10m30s  5.35 iters/s

running (08m02.9s), 377/600 VUs, 963 complete and 0 interrupted iterations
saturation   [  77% ] 377/600 VUs  08m02.9s/10m30s  5.37 iters/s

running (08m03.9s), 380/600 VUs, 965 complete and 0 interrupted iterations
saturation   [  77% ] 380/600 VUs  08m03.9s/10m30s  5.38 iters/s

running (08m04.9s), 384/600 VUs, 966 complete and 0 interrupted iterations
saturation   [  77% ] 384/600 VUs  08m04.9s/10m30s  5.39 iters/s

running (08m05.9s), 385/600 VUs, 971 complete and 0 interrupted iterations
saturation   [  77% ] 385/600 VUs  08m05.9s/10m30s  5.40 iters/s

running (08m06.9s), 387/600 VUs, 974 complete and 0 interrupted iterations
saturation   [  77% ] 387/600 VUs  08m06.9s/10m30s  5.41 iters/s

running (08m07.9s), 392/600 VUs, 975 complete and 0 interrupted iterations
saturation   [  77% ] 392/600 VUs  08m07.9s/10m30s  5.42 iters/s

running (08m08.9s), 392/600 VUs, 980 complete and 0 interrupted iterations
saturation   [  78% ] 392/600 VUs  08m08.9s/10m30s  5.43 iters/s
time="2026-08-10T12:19:07Z" level=warning msg="Request Failed" error="Post \"http://localhost:29010/management/v3/catalog/request\": request timeout"
time="2026-08-10T12:19:07Z" level=warning msg="Request Failed" error="Post \"http://localhost:29010/management/v3/catalog/request\": request timeout"
time="2026-08-10T12:19:07Z" level=warning msg="Request Failed" error="Post \"http://localhost:29010/management/v3/catalog/request\": request timeout"
time="2026-08-10T12:19:08Z" level=warning msg="Request Failed" error="Post \"http://localhost:29010/management/v3/catalog/request\": request timeout"

running (08m09.9s), 392/600 VUs, 986 complete and 0 interrupted iterations
saturation   [  78% ] 392/600 VUs  08m09.9s/10m30s  5.44 iters/s
time="2026-08-10T12:19:08Z" level=warning msg="Request Failed" error="Post \"http://localhost:29010/management/v3/catalog/request\": request timeout"
time="2026-08-10T12:19:08Z" level=warning msg="Request Failed" error="Post \"http://localhost:29010/management/v3/catalog/request\": request timeout"
time="2026-08-10T12:19:08Z" level=warning msg="Request Failed" error="Post \"http://localhost:29010/management/v3/catalog/request\": request timeout"
time="2026-08-10T12:19:09Z" level=warning msg="Request Failed" error="Post \"http://localhost:29010/management/v3/catalog/request\": request timeout"
time="2026-08-10T12:19:09Z" level=warning msg="Request Failed" error="Post \"http://localhost:29010/management/v3/catalog/request\": request timeout"

running (08m10.9s), 389/600 VUs, 994 complete and 0 interrupted iterations
saturation   [  78% ] 389/600 VUs  08m10.9s/10m30s  5.45 iters/s
time="2026-08-10T12:19:09Z" level=warning msg="Request Failed" error="Post \"http://localhost:29010/management/v3/catalog/request\": request timeout"
time="2026-08-10T12:19:09Z" level=warning msg="Request Failed" error="Post \"http://localhost:29010/management/v3/catalog/request\": request timeout"
time="2026-08-10T12:19:09Z" level=warning msg="Request Failed" error="Post \"http://localhost:29010/management/v3/catalog/request\": request timeout"
time="2026-08-10T12:19:10Z" level=warning msg="Request Failed" error="Post \"http://localhost:29010/management/v3/catalog/request\": request timeout"
time="2026-08-10T12:19:10Z" level=warning msg="Request Failed" error="Post \"http://localhost:29010/management/v3/catalog/request\": request timeout"

running (08m11.9s), 385/600 VUs, 1003 complete and 0 interrupted iterations
saturation   [  78% ] 385/600 VUs  08m11.9s/10m30s  5.46 iters/s
time="2026-08-10T12:19:10Z" level=warning msg="Request Failed" error="Post \"http://localhost:29010/management/v3/catalog/request\": request timeout"
time="2026-08-10T12:19:10Z" level=warning msg="Request Failed" error="Post \"http://localhost:29010/management/v3/catalog/request\": request timeout"
time="2026-08-10T12:19:10Z" level=warning msg="Request Failed" error="Post \"http://localhost:29010/management/v3/catalog/request\": request timeout"
time="2026-08-10T12:19:11Z" level=warning msg="Request Failed" error="Post \"http://localhost:29010/management/v3/catalog/request\": request timeout"

running (08m12.9s), 384/600 VUs, 1010 complete and 0 interrupted iterations
saturation   [  78% ] 384/600 VUs  08m12.9s/10m30s  5.48 iters/s
time="2026-08-10T12:19:11Z" level=warning msg="Request Failed" error="Post \"http://localhost:29010/management/v3/catalog/request\": request timeout"
time="2026-08-10T12:19:11Z" level=warning msg="Request Failed" error="Post \"http://localhost:29010/management/v3/catalog/request\": request timeout"
time="2026-08-10T12:19:11Z" level=warning msg="Request Failed" error="Post \"http://localhost:29010/management/v3/catalog/request\": request timeout"
time="2026-08-10T12:19:11Z" level=warning msg="Request Failed" error="Post \"http://localhost:29010/management/v3/catalog/request\": request timeout"
time="2026-08-10T12:19:12Z" level=warning msg="Request Failed" error="Post \"http://localhost:29010/management/v3/catalog/request\": request timeout"

running (08m13.9s), 382/600 VUs, 1017 complete and 0 interrupted iterations
saturation   [  78% ] 382/600 VUs  08m13.9s/10m30s  5.49 iters/s
time="2026-08-10T12:19:12Z" level=warning msg="Request Failed" error="Post \"http://localhost:29010/management/v3/catalog/request\": request timeout"
time="2026-08-10T12:19:12Z" level=warning msg="Request Failed" error="Post \"http://localhost:29010/management/v3/catalog/request\": request timeout"
time="2026-08-10T12:19:12Z" level=warning msg="Request Failed" error="Post \"http://localhost:29010/management/v3/catalog/request\": request timeout"
time="2026-08-10T12:19:12Z" level=warning msg="Request Failed" error="Post \"http://localhost:29010/management/v3/catalog/request\": request timeout"
time="2026-08-10T12:19:13Z" level=warning msg="Request Failed" error="Post \"http://localhost:29010/management/v3/catalog/request\": request timeout"

running (08m14.9s), 379/600 VUs, 1026 complete and 0 interrupted iterations
saturation   [  79% ] 379/600 VUs  08m14.9s/10m30s  5.50 iters/s
time="2026-08-10T12:19:13Z" level=warning msg="Request Failed" error="Post \"http://localhost:29010/management/v3/catalog/request\": request timeout"
time="2026-08-10T12:19:13Z" level=warning msg="Request Failed" error="Post \"http://localhost:29010/management/v3/catalog/request\": request timeout"
time="2026-08-10T12:19:13Z" level=warning msg="Request Failed" error="Post \"http://localhost:29010/management/v3/catalog/request\": request timeout"
time="2026-08-10T12:19:14Z" level=warning msg="Request Failed" error="Post \"http://localhost:29010/management/v3/catalog/request\": request timeout"
time="2026-08-10T12:19:14Z" level=warning msg="Request Failed" error="Post \"http://localhost:29010/management/v3/catalog/request\": request timeout"

running (08m15.9s), 377/600 VUs, 1033 complete and 0 interrupted iterations
saturation   [  79% ] 377/600 VUs  08m15.9s/10m30s  5.51 iters/s
time="2026-08-10T12:19:14Z" level=warning msg="Request Failed" error="Post \"http://localhost:29010/management/v3/catalog/request\": request timeout"
time="2026-08-10T12:19:14Z" level=warning msg="Request Failed" error="Post \"http://localhost:29010/management/v3/catalog/request\": request timeout"
time="2026-08-10T12:19:14Z" level=warning msg="Request Failed" error="Post \"http://localhost:29010/management/v3/catalog/request\": request timeout"
time="2026-08-10T12:19:15Z" level=warning msg="Request Failed" error="Post \"http://localhost:29010/management/v3/catalog/request\": request timeout"
time="2026-08-10T12:19:15Z" level=warning msg="Request Failed" error="Post \"http://localhost:29010/management/v3/catalog/request\": request timeout"

running (08m16.9s), 375/600 VUs, 1041 complete and 0 interrupted iterations
saturation   [  79% ] 375/600 VUs  08m16.9s/10m30s  5.52 iters/s
time="2026-08-10T12:19:15Z" level=warning msg="Request Failed" error="Post \"http://localhost:29010/management/v3/catalog/request\": request timeout"
time="2026-08-10T12:19:15Z" level=warning msg="Request Failed" error="Post \"http://localhost:29010/management/v3/catalog/request\": request timeout"
time="2026-08-10T12:19:15Z" level=warning msg="Request Failed" error="Post \"http://localhost:29010/management/v3/catalog/request\": request timeout"
time="2026-08-10T12:19:16Z" level=warning msg="Request Failed" error="Post \"http://localhost:29010/management/v3/catalog/request\": request timeout"
time="2026-08-10T12:19:16Z" level=warning msg="Request Failed" error="Post \"http://localhost:29010/management/v3/catalog/request\": request timeout"

running (08m17.9s), 371/600 VUs, 1050 complete and 0 interrupted iterations
saturation   [  79% ] 371/600 VUs  08m17.9s/10m30s  5.53 iters/s
time="2026-08-10T12:19:16Z" level=warning msg="Request Failed" error="Post \"http://localhost:29010/management/v3/catalog/request\": request timeout"
time="2026-08-10T12:19:16Z" level=warning msg="Request Failed" error="Post \"http://localhost:29010/management/v3/catalog/request\": request timeout"
time="2026-08-10T12:19:16Z" level=warning msg="Request Failed" error="Post \"http://localhost:29010/management/v3/catalog/request\": request timeout"
time="2026-08-10T12:19:17Z" level=warning msg="Request Failed" error="Post \"http://localhost:29010/management/v3/catalog/request\": request timeout"

running (08m18.9s), 370/600 VUs, 1057 complete and 0 interrupted iterations
saturation   [  79% ] 370/600 VUs  08m18.9s/10m30s  5.54 iters/s
time="2026-08-10T12:19:17Z" level=warning msg="Request Failed" error="Post \"http://localhost:29010/management/v3/catalog/request\": request timeout"
time="2026-08-10T12:19:17Z" level=warning msg="Request Failed" error="Post \"http://localhost:29010/management/v3/catalog/request\": request timeout"
time="2026-08-10T12:19:17Z" level=warning msg="Request Failed" error="Post \"http://localhost:29010/management/v3/catalog/request\": request timeout"
time="2026-08-10T12:19:17Z" level=warning msg="Request Failed" error="Post \"http://localhost:29010/management/v3/catalog/request\": request timeout"
time="2026-08-10T12:19:18Z" level=warning msg="Request Failed" error="Post \"http://localhost:29010/management/v3/catalog/request\": request timeout"

running (08m19.9s), 371/600 VUs, 1062 complete and 0 interrupted iterations
saturation   [  79% ] 371/600 VUs  08m19.9s/10m30s  5.55 iters/s
time="2026-08-10T12:19:18Z" level=warning msg="Request Failed" error="Post \"http://localhost:29010/management/v3/catalog/request\": request timeout"
time="2026-08-10T12:19:18Z" level=warning msg="Request Failed" error="Post \"http://localhost:29010/management/v3/catalog/request\": request timeout"
time="2026-08-10T12:19:18Z" level=warning msg="Request Failed" error="Post \"http://localhost:29010/management/v3/catalog/request\": request timeout"
time="2026-08-10T12:19:18Z" level=warning msg="Request Failed" error="Post \"http://localhost:29010/management/v3/catalog/request\": request timeout"
time="2026-08-10T12:19:19Z" level=warning msg="Request Failed" error="Post \"http://localhost:29010/management/v3/catalog/request\": request timeout"

running (08m20.9s), 366/600 VUs, 1072 complete and 0 interrupted iterations
saturation   [  80% ] 366/600 VUs  08m20.9s/10m30s  5.56 iters/s
time="2026-08-10T12:19:19Z" level=warning msg="Request Failed" error="Post \"http://localhost:29010/management/v3/catalog/request\": request timeout"
time="2026-08-10T12:19:19Z" level=warning msg="Request Failed" error="Post \"http://localhost:29010/management/v3/catalog/request\": request timeout"
time="2026-08-10T12:19:19Z" level=warning msg="Request Failed" error="Post \"http://localhost:29010/management/v3/catalog/request\": request timeout"
time="2026-08-10T12:19:19Z" level=warning msg="Request Failed" error="Post \"http://localhost:29010/management/v3/catalog/request\": request timeout"
time="2026-08-10T12:19:20Z" level=warning msg="Request Failed" error="Post \"http://localhost:29010/management/v3/catalog/request\": request timeout"

running (08m21.9s), 364/600 VUs, 1080 complete and 0 interrupted iterations
saturation   [  80% ] 364/600 VUs  08m21.9s/10m30s  5.58 iters/s
time="2026-08-10T12:19:20Z" level=warning msg="Request Failed" error="Post \"http://localhost:29010/management/v3/catalog/request\": request timeout"
time="2026-08-10T12:19:20Z" level=warning msg="Request Failed" error="Post \"http://localhost:29010/management/v3/catalog/request\": request timeout"
time="2026-08-10T12:19:20Z" level=warning msg="Request Failed" error="Post \"http://localhost:29010/management/v3/catalog/request\": request timeout"
time="2026-08-10T12:19:20Z" level=warning msg="Request Failed" error="Post \"http://localhost:29010/management/v3/catalog/request\": request timeout"
time="2026-08-10T12:19:21Z" level=warning msg="Request Failed" error="Post \"http://localhost:29010/management/v3/catalog/request\": request timeout"

running (08m22.9s), 363/600 VUs, 1086 complete and 0 interrupted iterations
saturation   [  80% ] 363/600 VUs  08m22.9s/10m30s  5.59 iters/s
time="2026-08-10T12:19:21Z" level=warning msg="Request Failed" error="Post \"http://localhost:29010/management/v3/catalog/request\": request timeout"
time="2026-08-10T12:19:21Z" level=warning msg="Request Failed" error="Post \"http://localhost:29010/management/v3/catalog/request\": request timeout"
time="2026-08-10T12:19:21Z" level=warning msg="Request Failed" error="Post \"http://localhost:29010/management/v3/catalog/request\": request timeout"
time="2026-08-10T12:19:22Z" level=warning msg="Request Failed" error="Post \"http://localhost:29010/management/v3/catalog/request\": request timeout"
time="2026-08-10T12:19:22Z" level=warning msg="Request Failed" error="Post \"http://localhost:29010/management/v3/catalog/request\": request timeout"

running (08m23.9s), 359/600 VUs, 1096 complete and 0 interrupted iterations
saturation   [  80% ] 359/600 VUs  08m23.9s/10m30s  5.60 iters/s
time="2026-08-10T12:19:22Z" level=warning msg="Request Failed" error="Post \"http://localhost:29010/management/v3/catalog/request\": request timeout"
time="2026-08-10T12:19:22Z" level=warning msg="Request Failed" error="Post \"http://localhost:29010/management/v3/catalog/request\": request timeout"
time="2026-08-10T12:19:22Z" level=warning msg="Request Failed" error="Post \"http://localhost:29010/management/v3/catalog/request\": request timeout"
time="2026-08-10T12:19:23Z" level=warning msg="Request Failed" error="Post \"http://localhost:29010/management/v3/catalog/request\": request timeout"
time="2026-08-10T12:19:23Z" level=warning msg="Request Failed" error="Post \"http://localhost:29010/management/v3/catalog/request\": request timeout"

running (08m24.9s), 357/600 VUs, 1103 complete and 0 interrupted iterations
saturation   [  80% ] 357/600 VUs  08m24.9s/10m30s  5.61 iters/s
time="2026-08-10T12:19:23Z" level=warning msg="Request Failed" error="Post \"http://localhost:29010/management/v3/catalog/request\": request timeout"
time="2026-08-10T12:19:23Z" level=warning msg="Request Failed" error="Post \"http://localhost:29010/management/v3/catalog/request\": request timeout"
time="2026-08-10T12:19:23Z" level=warning msg="Request Failed" error="Post \"http://localhost:29010/management/v3/catalog/request\": request timeout"
time="2026-08-10T12:19:24Z" level=warning msg="Request Failed" error="Post \"http://localhost:29010/management/v3/catalog/request\": request timeout"
time="2026-08-10T12:19:24Z" level=warning msg="Request Failed" error="Post \"http://localhost:29010/management/v3/catalog/request\": request timeout"

running (08m25.9s), 355/600 VUs, 1111 complete and 0 interrupted iterations
saturation   [  80% ] 355/600 VUs  08m25.9s/10m30s  5.62 iters/s
time="2026-08-10T12:19:24Z" level=warning msg="Request Failed" error="Post \"http://localhost:29010/management/v3/catalog/request\": request timeout"
time="2026-08-10T12:19:24Z" level=warning msg="Request Failed" error="Post \"http://localhost:29010/management/v3/catalog/request\": request timeout"
time="2026-08-10T12:19:24Z" level=warning msg="Request Failed" error="Post \"http://localhost:29010/management/v3/catalog/request\": request timeout"
time="2026-08-10T12:19:25Z" level=warning msg="Request Failed" error="Post \"http://localhost:29010/management/v3/catalog/request\": request timeout"
time="2026-08-10T12:19:25Z" level=warning msg="Request Failed" error="Post \"http://localhost:29010/management/v3/catalog/request\": request timeout"

running (08m26.9s), 352/600 VUs, 1120 complete and 0 interrupted iterations
saturation   [  80% ] 352/600 VUs  08m26.9s/10m30s  5.63 iters/s
time="2026-08-10T12:19:25Z" level=warning msg="Request Failed" error="Post \"http://localhost:29010/management/v3/catalog/request\": request timeout"
time="2026-08-10T12:19:25Z" level=warning msg="Request Failed" error="Post \"http://localhost:29010/management/v3/catalog/request\": request timeout"
time="2026-08-10T12:19:25Z" level=warning msg="Request Failed" error="Post \"http://localhost:29010/management/v3/catalog/request\": request timeout"
time="2026-08-10T12:19:26Z" level=warning msg="Request Failed" error="Post \"http://localhost:29010/management/v3/catalog/request\": request timeout"
time="2026-08-10T12:19:26Z" level=warning msg="Request Failed" error="Post \"http://localhost:29010/management/v3/catalog/request\": request timeout"

running (08m27.9s), 350/600 VUs, 1127 complete and 0 interrupted iterations
saturation   [  81% ] 350/600 VUs  08m27.9s/10m30s  5.64 iters/s
time="2026-08-10T12:19:26Z" level=warning msg="Request Failed" error="Post \"http://localhost:29010/management/v3/catalog/request\": request timeout"
time="2026-08-10T12:19:26Z" level=warning msg="Request Failed" error="Post \"http://localhost:29010/management/v3/catalog/request\": request timeout"
time="2026-08-10T12:19:26Z" level=warning msg="Request Failed" error="Post \"http://localhost:29010/management/v3/catalog/request\": request timeout"
time="2026-08-10T12:19:27Z" level=warning msg="Request Failed" error="Post \"http://localhost:29010/management/v3/catalog/request\": request timeout"
time="2026-08-10T12:19:27Z" level=warning msg="Request Failed" error="Post \"http://localhost:29010/management/v3/catalog/request\": request timeout"

running (08m28.9s), 348/600 VUs, 1135 complete and 0 interrupted iterations
saturation   [  81% ] 348/600 VUs  08m28.9s/10m30s  5.65 iters/s
time="2026-08-10T12:19:27Z" level=warning msg="Request Failed" error="Post \"http://localhost:29010/management/v3/catalog/request\": request timeout"
time="2026-08-10T12:19:27Z" level=warning msg="Request Failed" error="Post \"http://localhost:29010/management/v3/catalog/request\": request timeout"
time="2026-08-10T12:19:27Z" level=warning msg="Request Failed" error="Post \"http://localhost:29010/management/v3/catalog/request\": request timeout"
time="2026-08-10T12:19:28Z" level=warning msg="Request Failed" error="Post \"http://localhost:29010/management/v3/catalog/request\": request timeout"
time="2026-08-10T12:19:28Z" level=warning msg="Request Failed" error="Post \"http://localhost:29010/management/v3/catalog/request\": request timeout"

running (08m29.9s), 347/600 VUs, 1142 complete and 0 interrupted iterations
saturation   [  81% ] 347/600 VUs  08m29.9s/10m30s  5.67 iters/s
time="2026-08-10T12:19:28Z" level=warning msg="Request Failed" error="Post \"http://localhost:29010/management/v3/catalog/request\": request timeout"
time="2026-08-10T12:19:28Z" level=warning msg="Request Failed" error="Post \"http://localhost:29010/management/v3/catalog/request\": request timeout"
time="2026-08-10T12:19:28Z" level=warning msg="Request Failed" error="Post \"http://localhost:29010/management/v3/catalog/request\": request timeout"
time="2026-08-10T12:19:29Z" level=warning msg="Request Failed" error="Post \"http://localhost:29010/management/v3/catalog/request\": request timeout"
time="2026-08-10T12:19:29Z" level=warning msg="Request Failed" error="Post \"http://localhost:29010/management/v3/catalog/request\": request timeout"

running (08m30.9s), 344/600 VUs, 1150 complete and 0 interrupted iterations
saturation   [  81% ] 344/600 VUs  08m30.9s/10m30s  5.68 iters/s
time="2026-08-10T12:19:29Z" level=warning msg="Request Failed" error="Post \"http://localhost:29010/management/v3/catalog/request\": request timeout"
time="2026-08-10T12:19:29Z" level=warning msg="Request Failed" error="Post \"http://localhost:29010/management/v3/catalog/request\": request timeout"
time="2026-08-10T12:19:29Z" level=warning msg="Request Failed" error="Post \"http://localhost:29010/management/v3/catalog/request\": request timeout"
time="2026-08-10T12:19:30Z" level=warning msg="Request Failed" error="Post \"http://localhost:29010/management/v3/catalog/request\": request timeout"
time="2026-08-10T12:19:30Z" level=warning msg="Request Failed" error="Post \"http://localhost:29010/management/v3/catalog/request\": request timeout"

running (08m31.9s), 341/600 VUs, 1159 complete and 0 interrupted iterations
saturation   [  81% ] 341/600 VUs  08m31.9s/10m30s  5.69 iters/s
time="2026-08-10T12:19:30Z" level=warning msg="Request Failed" error="Post \"http://localhost:29010/management/v3/catalog/request\": request timeout"
time="2026-08-10T12:19:30Z" level=warning msg="Request Failed" error="Post \"http://localhost:29010/management/v3/catalog/request\": request timeout"
time="2026-08-10T12:19:30Z" level=warning msg="Request Failed" error="Post \"http://localhost:29010/management/v3/catalog/request\": request timeout"
time="2026-08-10T12:19:31Z" level=warning msg="Request Failed" error="Post \"http://localhost:29010/management/v3/catalog/request\": request timeout"
time="2026-08-10T12:19:31Z" level=warning msg="Request Failed" error="Post \"http://localhost:29010/management/v3/catalog/request\": request timeout"

running (08m32.9s), 342/600 VUs, 1164 complete and 0 interrupted iterations
saturation   [  81% ] 342/600 VUs  08m32.9s/10m30s  5.70 iters/s
time="2026-08-10T12:19:31Z" level=warning msg="Request Failed" error="Post \"http://localhost:29010/management/v3/catalog/request\": request timeout"
time="2026-08-10T12:19:31Z" level=warning msg="Request Failed" error="Post \"http://localhost:29010/management/v3/catalog/request\": request timeout"
time="2026-08-10T12:19:31Z" level=warning msg="Request Failed" error="Post \"http://localhost:29010/management/v3/catalog/request\": request timeout"
time="2026-08-10T12:19:32Z" level=warning msg="Request Failed" error="Post \"http://localhost:29010/management/v3/catalog/request\": request timeout"
time="2026-08-10T12:19:32Z" level=warning msg="Request Failed" error="Post \"http://localhost:29010/management/v3/catalog/request\": request timeout"

running (08m33.9s), 337/600 VUs, 1174 complete and 0 interrupted iterations
saturation   [  82% ] 337/600 VUs  08m33.9s/10m30s  5.71 iters/s

================ DSP benchmark summary ================
-- per-phase latency --
  catalog                    p50=10838.5 ms  p95=60000.3 ms  p99=60000.8 ms  max=60001.1 ms  n=1189
  negotiation init (POST)    p50=42.8 ms  p95=98.2 ms  p99=149.1 ms  max=383.6 ms  n=1067
  time-to-AGREED (async)     p50=3613.0 ms  p95=20990.6 ms  p99=27918.3 ms  max=29159.0 ms  n=579
  transfer init (POST)       p50=47.3 ms  p95=106.2 ms  p99=139.1 ms  max=157.4 ms  n=579
  time-to-EDR (async)        p50=3041.0 ms  p95=17427.4 ms  p99=23248.9 ms  max=23532.0 ms  n=579
  data pull                  p50=25.6 ms  p95=44.4 ms  p99=46.5 ms  max=61.3 ms  n=579
-- end-to-end + throughput --
  e2e transaction            p50=7729.0 ms  p95=44926.0 ms  p99=58832.8 ms  max=61864.0 ms  n=579
  data throughput (MB/s)     p50=0.2  p95=0.2  p99=0.2  max=0.2  n=579
-- outcomes --
  transactions succeeded     count=579  rate=1.127/s
  transactions failed        count=595  rate=1.158/s
  failed rate                rate=50.68%  (pass=595 fail=579)
    of which TERMINATED      (no data)
    of which TIMED OUT       count=473  rate=0.920/s
    of which HTTP-FAILED     count=122  rate=0.237/s
  failure accounting       595/595 classified  (complete)
-- observer effect (poll load) --
  negotiation polls          count=72708  rate=141.469/s
  edr polls                  count=12617  rate=24.549/s
  polls per transaction     negotiation=61.9  edr=10.7  (timeout ceiling=120)
=======================================================
(full summary -> /home/rohitj/edc/benchmarking-factoryx-edc/resources/local-fx-mvd/k6-scripts/results/factoryx/on/saturation-open/2026-08-10T12-09-33Z/k6-summary.json; POLL_INTERVAL_MS=250; IDENTITY_MODE=on)

running (08m34.0s), 000/600 VUs, 1174 complete and 337 interrupted iterations
saturation ✗ [  82% ] 170/600 VUs  08m33.9s/10m30s  5.71 iters/s
time="2026-08-10T12:19:32Z" level=error msg="thresholds on metrics 'dsp_transaction_failed_rate' were crossed; at least one has abortOnFail enabled, stopping test prematurely"
Prometheus snapshot [1786363858..1786364387] svc=(provider-controlplane|provider-dataplane|consumer-controlplane|consumer-dataplane) win=1m -> /home/rohitj/edc/benchmarking-factoryx-edc/resources/local-fx-mvd/k6-scripts/results/factoryx/on/saturation-open/2026-08-10T12-09-33Z
  jvm-heap.csv (424 rows)
  jvm-gc-rate.csv (424 rows)
  jvm-threads.csv (424 rows)
  http-throughput.csv (424 rows)
  http-p95.csv (424 rows)
  http-errors.csv (212 rows)
  http-errors-5xx.csv (0 rows)
  http-status.csv (212 rows)
  host-cpu-busy.csv (106 rows)
  host-mem-used.csv (106 rows)
  5xx: no 5xx in window (confirmed: http-status has 212 samples, so the status label IS scraped)
  logs -> /home/rohitj/edc/benchmarking-factoryx-edc/resources/local-fx-mvd/k6-scripts/results/factoryx/on/saturation-open/2026-08-10T12-09-33Z/logs (4 files)
    consumer-controlplane.log:1397
    consumer-dataplane.log:0
    provider-controlplane.log:0
    provider-dataplane.log:0
Settling 60s (this run stressed the connector; the next one must not inherit its backlog)
VALIDITY  ok=579  failed=595  failed_rate=50%  dropped_iterations=0  <-- >5% FAILURES: past the knee, not a valid operating point
>>> done: /home/rohitj/edc/benchmarking-factoryx-edc/resources/local-fx-mvd/k6-scripts/results/factoryx/on/saturation-open/2026-08-10T12-09-33Z  (k6 exit 99)
  (saturation-open rep 1 exited non-zero)
----- factoryx / saturation-open (rep 2) -----
>>> factoryx / saturation-open  ->  /home/rohitj/edc/benchmarking-factoryx-edc/resources/local-fx-mvd/k6-scripts/results/factoryx/on/saturation-open/2026-08-10T12-20-48Z
parity OK: lib/ + scenarios/ + orchestration/ + tools/ identical to /home/rohitj/edc/benchmarking-factoryx-edc/resources/local-fx-mvd/k6-scripts
Health: http://localhost:29010/management + prometheus  OK
Warmup 60s @ 1/s (discarded)
  (warmup non-zero exit ignored)
  draining 20s before the measured window opens
k6 -> Prometheus remote-write: http://localhost:9090/api/v1/write

         /\      Grafana   /‾‾/  
    /\  /  \     |\  __   /  /   
   /  \/    \    | |/ /  /   ‾‾\ 
  /          \   |   (  |  (‾)  |
 / __________ \  |_|\_\  \_____/ 


     execution: local
        script: /home/rohitj/edc/benchmarking-factoryx-edc/resources/local-fx-mvd/k6-scripts/scenarios/saturation-open.js
        output: Prometheus remote write (http://localhost:9090/api/v1/write)

     scenarios: (100.00%) 1 scenario, 800 max VUs, 11m0s max duration (incl. graceful stop):
              * saturation: Up to 6.00 iterations/s for 10m30s over 7 stages (maxVUs: 600-800, gracefulStop: 30s)


running (00m00.9s), 000/600 VUs, 0 complete and 0 interrupted iterations
saturation   [   0% ] 000/600 VUs  00m00.9s/10m30s  1.00 iters/s

running (00m01.9s), 001/600 VUs, 0 complete and 0 interrupted iterations
saturation   [   0% ] 001/600 VUs  00m01.9s/10m30s  1.00 iters/s

running (00m02.9s), 002/600 VUs, 0 complete and 0 interrupted iterations
saturation   [   0% ] 002/600 VUs  00m02.9s/10m30s  1.00 iters/s

running (00m03.9s), 003/600 VUs, 0 complete and 0 interrupted iterations
saturation   [   1% ] 003/600 VUs  00m03.9s/10m30s  1.00 iters/s

running (00m04.9s), 004/600 VUs, 0 complete and 0 interrupted iterations
saturation   [   1% ] 004/600 VUs  00m04.9s/10m30s  1.00 iters/s

running (00m05.9s), 005/600 VUs, 0 complete and 0 interrupted iterations
saturation   [   1% ] 005/600 VUs  00m05.9s/10m30s  1.00 iters/s

running (00m06.9s), 005/600 VUs, 1 complete and 0 interrupted iterations
saturation   [   1% ] 005/600 VUs  00m06.9s/10m30s  1.00 iters/s

running (00m07.9s), 005/600 VUs, 2 complete and 0 interrupted iterations
saturation   [   1% ] 005/600 VUs  00m07.9s/10m30s  1.00 iters/s

running (00m08.9s), 005/600 VUs, 3 complete and 0 interrupted iterations
saturation   [   1% ] 005/600 VUs  00m08.9s/10m30s  1.00 iters/s

running (00m09.9s), 005/600 VUs, 4 complete and 0 interrupted iterations
saturation   [   2% ] 005/600 VUs  00m09.9s/10m30s  1.00 iters/s

running (00m10.9s), 005/600 VUs, 5 complete and 0 interrupted iterations
saturation   [   2% ] 005/600 VUs  00m10.9s/10m30s  1.00 iters/s

running (00m11.9s), 006/600 VUs, 5 complete and 0 interrupted iterations
saturation   [   2% ] 006/600 VUs  00m11.9s/10m30s  1.00 iters/s

running (00m12.9s), 005/600 VUs, 7 complete and 0 interrupted iterations
saturation   [   2% ] 005/600 VUs  00m12.9s/10m30s  1.00 iters/s

running (00m13.9s), 005/600 VUs, 8 complete and 0 interrupted iterations
saturation   [   2% ] 005/600 VUs  00m13.9s/10m30s  1.00 iters/s

running (00m14.9s), 005/600 VUs, 9 complete and 0 interrupted iterations
saturation   [   2% ] 005/600 VUs  00m14.9s/10m30s  1.00 iters/s

running (00m15.9s), 006/600 VUs, 9 complete and 0 interrupted iterations
saturation   [   3% ] 006/600 VUs  00m15.9s/10m30s  1.00 iters/s

running (00m16.9s), 004/600 VUs, 12 complete and 0 interrupted iterations
saturation   [   3% ] 004/600 VUs  00m16.9s/10m30s  1.00 iters/s

running (00m17.9s), 005/600 VUs, 12 complete and 0 interrupted iterations
saturation   [   3% ] 005/600 VUs  00m17.9s/10m30s  1.00 iters/s

running (00m18.9s), 005/600 VUs, 13 complete and 0 interrupted iterations
saturation   [   3% ] 005/600 VUs  00m18.9s/10m30s  1.00 iters/s

running (00m19.9s), 005/600 VUs, 14 complete and 0 interrupted iterations
saturation   [   3% ] 005/600 VUs  00m19.9s/10m30s  1.00 iters/s

running (00m20.9s), 006/600 VUs, 14 complete and 0 interrupted iterations
saturation   [   3% ] 006/600 VUs  00m20.9s/10m30s  1.00 iters/s

running (00m21.9s), 006/600 VUs, 15 complete and 0 interrupted iterations
saturation   [   3% ] 006/600 VUs  00m21.9s/10m30s  1.00 iters/s

running (00m22.9s), 007/600 VUs, 15 complete and 0 interrupted iterations
saturation   [   4% ] 007/600 VUs  00m22.9s/10m30s  1.00 iters/s

running (00m23.9s), 005/600 VUs, 18 complete and 0 interrupted iterations
saturation   [   4% ] 005/600 VUs  00m23.9s/10m30s  1.00 iters/s

running (00m24.9s), 005/600 VUs, 19 complete and 0 interrupted iterations
saturation   [   4% ] 005/600 VUs  00m24.9s/10m30s  1.00 iters/s

running (00m25.9s), 005/600 VUs, 20 complete and 0 interrupted iterations
saturation   [   4% ] 005/600 VUs  00m25.9s/10m30s  1.00 iters/s

running (00m26.9s), 006/600 VUs, 20 complete and 0 interrupted iterations
saturation   [   4% ] 006/600 VUs  00m26.9s/10m30s  1.00 iters/s

running (00m27.9s), 005/600 VUs, 22 complete and 0 interrupted iterations
saturation   [   4% ] 005/600 VUs  00m27.9s/10m30s  1.00 iters/s

running (00m28.9s), 005/600 VUs, 23 complete and 0 interrupted iterations
saturation   [   5% ] 005/600 VUs  00m28.9s/10m30s  1.00 iters/s

running (00m29.9s), 005/600 VUs, 24 complete and 0 interrupted iterations
saturation   [   5% ] 005/600 VUs  00m29.9s/10m30s  1.00 iters/s

running (00m30.9s), 005/600 VUs, 25 complete and 0 interrupted iterations
saturation   [   5% ] 005/600 VUs  00m30.9s/10m30s  1.00 iters/s

running (00m31.9s), 006/600 VUs, 25 complete and 0 interrupted iterations
saturation   [   5% ] 006/600 VUs  00m31.9s/10m30s  1.00 iters/s

running (00m32.9s), 006/600 VUs, 26 complete and 0 interrupted iterations
saturation   [   5% ] 006/600 VUs  00m32.9s/10m30s  1.00 iters/s

running (00m33.9s), 005/600 VUs, 28 complete and 0 interrupted iterations
saturation   [   5% ] 005/600 VUs  00m33.9s/10m30s  1.00 iters/s

running (00m34.9s), 005/600 VUs, 29 complete and 0 interrupted iterations
saturation   [   6% ] 005/600 VUs  00m34.9s/10m30s  1.00 iters/s

running (00m35.9s), 006/600 VUs, 29 complete and 0 interrupted iterations
saturation   [   6% ] 006/600 VUs  00m35.9s/10m30s  1.00 iters/s

running (00m36.9s), 005/600 VUs, 31 complete and 0 interrupted iterations
saturation   [   6% ] 005/600 VUs  00m36.9s/10m30s  1.00 iters/s

running (00m37.9s), 005/600 VUs, 32 complete and 0 interrupted iterations
saturation   [   6% ] 005/600 VUs  00m37.9s/10m30s  1.00 iters/s

running (00m38.9s), 005/600 VUs, 33 complete and 0 interrupted iterations
saturation   [   6% ] 005/600 VUs  00m38.9s/10m30s  1.00 iters/s

running (00m39.9s), 006/600 VUs, 33 complete and 0 interrupted iterations
saturation   [   6% ] 006/600 VUs  00m39.9s/10m30s  1.00 iters/s

running (00m40.9s), 006/600 VUs, 34 complete and 0 interrupted iterations
saturation   [   6% ] 006/600 VUs  00m40.9s/10m30s  1.00 iters/s

running (00m41.9s), 006/600 VUs, 35 complete and 0 interrupted iterations
saturation   [   7% ] 006/600 VUs  00m41.9s/10m30s  1.00 iters/s

running (00m42.9s), 007/600 VUs, 35 complete and 0 interrupted iterations
saturation   [   7% ] 007/600 VUs  00m42.9s/10m30s  1.00 iters/s

running (00m43.9s), 005/600 VUs, 38 complete and 0 interrupted iterations
saturation   [   7% ] 005/600 VUs  00m43.9s/10m30s  1.00 iters/s

running (00m44.9s), 006/600 VUs, 38 complete and 0 interrupted iterations
saturation   [   7% ] 006/600 VUs  00m44.9s/10m30s  1.00 iters/s

running (00m45.9s), 006/600 VUs, 39 complete and 0 interrupted iterations
saturation   [   7% ] 006/600 VUs  00m45.9s/10m30s  1.00 iters/s

running (00m46.9s), 005/600 VUs, 41 complete and 0 interrupted iterations
saturation   [   7% ] 005/600 VUs  00m46.9s/10m30s  1.00 iters/s

running (00m47.9s), 005/600 VUs, 42 complete and 0 interrupted iterations
saturation   [   8% ] 005/600 VUs  00m47.9s/10m30s  1.00 iters/s

running (00m48.9s), 006/600 VUs, 42 complete and 0 interrupted iterations
saturation   [   8% ] 006/600 VUs  00m48.9s/10m30s  1.00 iters/s

running (00m49.9s), 006/600 VUs, 43 complete and 0 interrupted iterations
saturation   [   8% ] 006/600 VUs  00m49.9s/10m30s  1.00 iters/s

running (00m50.9s), 006/600 VUs, 44 complete and 0 interrupted iterations
saturation   [   8% ] 006/600 VUs  00m50.9s/10m30s  1.00 iters/s

running (00m51.9s), 007/600 VUs, 44 complete and 0 interrupted iterations
saturation   [   8% ] 007/600 VUs  00m51.9s/10m30s  1.00 iters/s

running (00m52.9s), 004/600 VUs, 48 complete and 0 interrupted iterations
saturation   [   8% ] 004/600 VUs  00m52.9s/10m30s  1.00 iters/s

running (00m53.9s), 005/600 VUs, 48 complete and 0 interrupted iterations
saturation   [   9% ] 005/600 VUs  00m53.9s/10m30s  1.00 iters/s

running (00m54.9s), 005/600 VUs, 49 complete and 0 interrupted iterations
saturation   [   9% ] 005/600 VUs  00m54.9s/10m30s  1.00 iters/s

running (00m55.9s), 005/600 VUs, 50 complete and 0 interrupted iterations
saturation   [   9% ] 005/600 VUs  00m55.9s/10m30s  1.00 iters/s

running (00m56.9s), 006/600 VUs, 50 complete and 0 interrupted iterations
saturation   [   9% ] 006/600 VUs  00m56.9s/10m30s  1.00 iters/s

running (00m57.9s), 006/600 VUs, 51 complete and 0 interrupted iterations
saturation   [   9% ] 006/600 VUs  00m57.9s/10m30s  1.00 iters/s

running (00m58.9s), 005/600 VUs, 53 complete and 0 interrupted iterations
saturation   [   9% ] 005/600 VUs  00m58.9s/10m30s  1.00 iters/s

running (00m59.9s), 005/600 VUs, 54 complete and 0 interrupted iterations
saturation   [  10% ] 005/600 VUs  00m59.9s/10m30s  1.00 iters/s

running (01m00.9s), 005/600 VUs, 55 complete and 0 interrupted iterations
saturation   [  10% ] 005/600 VUs  01m00.9s/10m30s  1.00 iters/s

running (01m01.9s), 005/600 VUs, 56 complete and 0 interrupted iterations
saturation   [  10% ] 005/600 VUs  01m01.9s/10m30s  1.00 iters/s

running (01m02.9s), 006/600 VUs, 56 complete and 0 interrupted iterations
saturation   [  10% ] 006/600 VUs  01m02.9s/10m30s  1.00 iters/s

running (01m03.9s), 006/600 VUs, 57 complete and 0 interrupted iterations
saturation   [  10% ] 006/600 VUs  01m03.9s/10m30s  1.00 iters/s

running (01m04.9s), 004/600 VUs, 60 complete and 0 interrupted iterations
saturation   [  10% ] 004/600 VUs  01m04.9s/10m30s  1.00 iters/s

running (01m05.9s), 005/600 VUs, 60 complete and 0 interrupted iterations
saturation   [  10% ] 005/600 VUs  01m05.9s/10m30s  1.00 iters/s

running (01m06.9s), 006/600 VUs, 60 complete and 0 interrupted iterations
saturation   [  11% ] 006/600 VUs  01m06.9s/10m30s  1.00 iters/s

running (01m07.9s), 005/600 VUs, 62 complete and 0 interrupted iterations
saturation   [  11% ] 005/600 VUs  01m07.9s/10m30s  1.00 iters/s

running (01m08.9s), 004/600 VUs, 64 complete and 0 interrupted iterations
saturation   [  11% ] 004/600 VUs  01m08.9s/10m30s  1.00 iters/s

running (01m09.9s), 005/600 VUs, 64 complete and 0 interrupted iterations
saturation   [  11% ] 005/600 VUs  01m09.9s/10m30s  1.00 iters/s

running (01m10.9s), 005/600 VUs, 65 complete and 0 interrupted iterations
saturation   [  11% ] 005/600 VUs  01m10.9s/10m30s  1.00 iters/s

running (01m11.9s), 005/600 VUs, 66 complete and 0 interrupted iterations
saturation   [  11% ] 005/600 VUs  01m11.9s/10m30s  1.00 iters/s

running (01m12.9s), 006/600 VUs, 66 complete and 0 interrupted iterations
saturation   [  12% ] 006/600 VUs  01m12.9s/10m30s  1.00 iters/s

running (01m13.9s), 004/600 VUs, 69 complete and 0 interrupted iterations
saturation   [  12% ] 004/600 VUs  01m13.9s/10m30s  1.00 iters/s

running (01m14.9s), 004/600 VUs, 70 complete and 0 interrupted iterations
saturation   [  12% ] 004/600 VUs  01m14.9s/10m30s  1.00 iters/s

running (01m15.9s), 005/600 VUs, 70 complete and 0 interrupted iterations
saturation   [  12% ] 005/600 VUs  01m15.9s/10m30s  1.00 iters/s

running (01m16.9s), 005/600 VUs, 71 complete and 0 interrupted iterations
saturation   [  12% ] 005/600 VUs  01m16.9s/10m30s  1.00 iters/s

running (01m17.9s), 005/600 VUs, 72 complete and 0 interrupted iterations
saturation   [  12% ] 005/600 VUs  01m17.9s/10m30s  1.00 iters/s

running (01m18.9s), 005/600 VUs, 73 complete and 0 interrupted iterations
saturation   [  13% ] 005/600 VUs  01m18.9s/10m30s  1.00 iters/s

running (01m19.9s), 006/600 VUs, 73 complete and 0 interrupted iterations
saturation   [  13% ] 006/600 VUs  01m19.9s/10m30s  1.00 iters/s

running (01m20.9s), 005/600 VUs, 75 complete and 0 interrupted iterations
saturation   [  13% ] 005/600 VUs  01m20.9s/10m30s  1.00 iters/s

running (01m21.9s), 005/600 VUs, 76 complete and 0 interrupted iterations
saturation   [  13% ] 005/600 VUs  01m21.9s/10m30s  1.00 iters/s

running (01m22.9s), 005/600 VUs, 77 complete and 0 interrupted iterations
saturation   [  13% ] 005/600 VUs  01m22.9s/10m30s  1.00 iters/s

running (01m23.9s), 005/600 VUs, 78 complete and 0 interrupted iterations
saturation   [  13% ] 005/600 VUs  01m23.9s/10m30s  1.00 iters/s

running (01m24.9s), 006/600 VUs, 78 complete and 0 interrupted iterations
saturation   [  13% ] 006/600 VUs  01m24.9s/10m30s  1.00 iters/s

running (01m25.9s), 005/600 VUs, 80 complete and 0 interrupted iterations
saturation   [  14% ] 005/600 VUs  01m25.9s/10m30s  1.00 iters/s

running (01m26.9s), 005/600 VUs, 81 complete and 0 interrupted iterations
saturation   [  14% ] 005/600 VUs  01m26.9s/10m30s  1.00 iters/s

running (01m27.9s), 005/600 VUs, 82 complete and 0 interrupted iterations
saturation   [  14% ] 005/600 VUs  01m27.9s/10m30s  1.00 iters/s

running (01m28.9s), 005/600 VUs, 83 complete and 0 interrupted iterations
saturation   [  14% ] 005/600 VUs  01m28.9s/10m30s  1.00 iters/s

running (01m29.9s), 005/600 VUs, 84 complete and 0 interrupted iterations
saturation   [  14% ] 005/600 VUs  01m29.9s/10m30s  1.00 iters/s

running (01m30.9s), 006/600 VUs, 84 complete and 0 interrupted iterations
saturation   [  14% ] 006/600 VUs  01m30.9s/10m30s  1.01 iters/s

running (01m31.9s), 005/600 VUs, 86 complete and 0 interrupted iterations
saturation   [  15% ] 005/600 VUs  01m31.9s/10m30s  1.02 iters/s

running (01m32.9s), 005/600 VUs, 87 complete and 0 interrupted iterations
saturation   [  15% ] 005/600 VUs  01m32.9s/10m30s  1.03 iters/s

running (01m33.9s), 005/600 VUs, 88 complete and 0 interrupted iterations
saturation   [  15% ] 005/600 VUs  01m33.9s/10m30s  1.04 iters/s

running (01m34.9s), 006/600 VUs, 88 complete and 0 interrupted iterations
saturation   [  15% ] 006/600 VUs  01m34.9s/10m30s  1.05 iters/s

running (01m35.9s), 005/600 VUs, 91 complete and 0 interrupted iterations
saturation   [  15% ] 005/600 VUs  01m35.9s/10m30s  1.07 iters/s

running (01m36.9s), 006/600 VUs, 91 complete and 0 interrupted iterations
saturation   [  15% ] 006/600 VUs  01m36.9s/10m30s  1.08 iters/s

running (01m37.9s), 006/600 VUs, 92 complete and 0 interrupted iterations
saturation   [  16% ] 006/600 VUs  01m37.9s/10m30s  1.09 iters/s

running (01m38.9s), 007/600 VUs, 92 complete and 0 interrupted iterations
saturation   [  16% ] 007/600 VUs  01m38.9s/10m30s  1.10 iters/s

running (01m39.9s), 007/600 VUs, 93 complete and 0 interrupted iterations
saturation   [  16% ] 007/600 VUs  01m39.9s/10m30s  1.11 iters/s

running (01m40.9s), 008/600 VUs, 93 complete and 0 interrupted iterations
saturation   [  16% ] 008/600 VUs  01m40.9s/10m30s  1.12 iters/s

running (01m41.9s), 009/600 VUs, 93 complete and 0 interrupted iterations
saturation   [  16% ] 009/600 VUs  01m41.9s/10m30s  1.13 iters/s

running (01m42.9s), 006/600 VUs, 97 complete and 0 interrupted iterations
saturation   [  16% ] 006/600 VUs  01m42.9s/10m30s  1.14 iters/s

running (01m43.9s), 005/600 VUs, 99 complete and 0 interrupted iterations
saturation   [  16% ] 005/600 VUs  01m43.9s/10m30s  1.15 iters/s

running (01m44.9s), 006/600 VUs, 100 complete and 0 interrupted iterations
saturation   [  17% ] 006/600 VUs  01m44.9s/10m30s  1.17 iters/s

running (01m45.9s), 006/600 VUs, 101 complete and 0 interrupted iterations
saturation   [  17% ] 006/600 VUs  01m45.9s/10m30s  1.18 iters/s

running (01m46.9s), 005/600 VUs, 103 complete and 0 interrupted iterations
saturation   [  17% ] 005/600 VUs  01m46.9s/10m30s  1.19 iters/s

running (01m47.9s), 006/600 VUs, 103 complete and 0 interrupted iterations
saturation   [  17% ] 006/600 VUs  01m47.9s/10m30s  1.20 iters/s

running (01m48.9s), 006/600 VUs, 104 complete and 0 interrupted iterations
saturation   [  17% ] 006/600 VUs  01m48.9s/10m30s  1.21 iters/s

running (01m49.9s), 007/600 VUs, 105 complete and 0 interrupted iterations
saturation   [  17% ] 007/600 VUs  01m49.9s/10m30s  1.22 iters/s

running (01m50.9s), 007/600 VUs, 106 complete and 0 interrupted iterations
saturation   [  18% ] 007/600 VUs  01m50.9s/10m30s  1.23 iters/s

running (01m51.9s), 007/600 VUs, 107 complete and 0 interrupted iterations
saturation   [  18% ] 007/600 VUs  01m51.9s/10m30s  1.24 iters/s

running (01m52.9s), 006/600 VUs, 109 complete and 0 interrupted iterations
saturation   [  18% ] 006/600 VUs  01m52.9s/10m30s  1.25 iters/s

running (01m53.9s), 007/600 VUs, 110 complete and 0 interrupted iterations
saturation   [  18% ] 007/600 VUs  01m53.9s/10m30s  1.27 iters/s

running (01m54.9s), 007/600 VUs, 111 complete and 0 interrupted iterations
saturation   [  18% ] 007/600 VUs  01m54.9s/10m30s  1.28 iters/s

running (01m55.9s), 007/600 VUs, 112 complete and 0 interrupted iterations
saturation   [  18% ] 007/600 VUs  01m55.9s/10m30s  1.29 iters/s

running (01m56.9s), 008/600 VUs, 112 complete and 0 interrupted iterations
saturation   [  19% ] 008/600 VUs  01m56.9s/10m30s  1.30 iters/s

running (01m57.9s), 008/600 VUs, 114 complete and 0 interrupted iterations
saturation   [  19% ] 008/600 VUs  01m57.9s/10m30s  1.31 iters/s

running (01m58.9s), 008/600 VUs, 115 complete and 0 interrupted iterations
saturation   [  19% ] 008/600 VUs  01m58.9s/10m30s  1.32 iters/s

running (01m59.9s), 007/600 VUs, 117 complete and 0 interrupted iterations
saturation   [  19% ] 007/600 VUs  01m59.9s/10m30s  1.33 iters/s

running (02m00.9s), 008/600 VUs, 118 complete and 0 interrupted iterations
saturation   [  19% ] 008/600 VUs  02m00.9s/10m30s  1.35 iters/s

running (02m01.9s), 008/600 VUs, 119 complete and 0 interrupted iterations
saturation   [  19% ] 008/600 VUs  02m01.9s/10m30s  1.35 iters/s

running (02m02.9s), 006/600 VUs, 122 complete and 0 interrupted iterations
saturation   [  20% ] 006/600 VUs  02m02.9s/10m30s  1.36 iters/s

running (02m03.9s), 008/600 VUs, 122 complete and 0 interrupted iterations
saturation   [  20% ] 008/600 VUs  02m03.9s/10m30s  1.38 iters/s

running (02m04.9s), 007/600 VUs, 124 complete and 0 interrupted iterations
saturation   [  20% ] 007/600 VUs  02m04.9s/10m30s  1.39 iters/s

running (02m05.9s), 006/600 VUs, 126 complete and 0 interrupted iterations
saturation   [  20% ] 006/600 VUs  02m05.9s/10m30s  1.39 iters/s

running (02m06.9s), 008/600 VUs, 126 complete and 0 interrupted iterations
saturation   [  20% ] 008/600 VUs  02m06.9s/10m30s  1.41 iters/s

running (02m07.9s), 008/600 VUs, 127 complete and 0 interrupted iterations
saturation   [  20% ] 008/600 VUs  02m07.9s/10m30s  1.42 iters/s

running (02m08.9s), 008/600 VUs, 129 complete and 0 interrupted iterations
saturation   [  20% ] 008/600 VUs  02m08.9s/10m30s  1.43 iters/s

running (02m09.9s), 009/600 VUs, 129 complete and 0 interrupted iterations
saturation   [  21% ] 009/600 VUs  02m09.9s/10m30s  1.44 iters/s

running (02m10.9s), 008/600 VUs, 132 complete and 0 interrupted iterations
saturation   [  21% ] 008/600 VUs  02m10.9s/10m30s  1.46 iters/s

running (02m11.9s), 009/600 VUs, 132 complete and 0 interrupted iterations
saturation   [  21% ] 009/600 VUs  02m11.9s/10m30s  1.46 iters/s

running (02m12.9s), 011/600 VUs, 132 complete and 0 interrupted iterations
saturation   [  21% ] 011/600 VUs  02m12.9s/10m30s  1.48 iters/s

running (02m13.9s), 008/600 VUs, 136 complete and 0 interrupted iterations
saturation   [  21% ] 008/600 VUs  02m13.9s/10m30s  1.49 iters/s

running (02m14.9s), 010/600 VUs, 136 complete and 0 interrupted iterations
saturation   [  21% ] 010/600 VUs  02m14.9s/10m30s  1.50 iters/s

running (02m15.9s), 009/600 VUs, 138 complete and 0 interrupted iterations
saturation   [  22% ] 009/600 VUs  02m15.9s/10m30s  1.51 iters/s

running (02m16.9s), 010/600 VUs, 139 complete and 0 interrupted iterations
saturation   [  22% ] 010/600 VUs  02m16.9s/10m30s  1.52 iters/s

running (02m17.9s), 010/600 VUs, 140 complete and 0 interrupted iterations
saturation   [  22% ] 010/600 VUs  02m17.9s/10m30s  1.53 iters/s

running (02m18.9s), 010/600 VUs, 142 complete and 0 interrupted iterations
saturation   [  22% ] 010/600 VUs  02m18.9s/10m30s  1.55 iters/s

running (02m19.9s), 009/600 VUs, 144 complete and 0 interrupted iterations
saturation   [  22% ] 009/600 VUs  02m19.9s/10m30s  1.55 iters/s

running (02m20.9s), 009/600 VUs, 146 complete and 0 interrupted iterations
saturation   [  22% ] 009/600 VUs  02m20.9s/10m30s  1.57 iters/s

running (02m21.9s), 009/600 VUs, 147 complete and 0 interrupted iterations
saturation   [  23% ] 009/600 VUs  02m21.9s/10m30s  1.57 iters/s

running (02m22.9s), 010/600 VUs, 148 complete and 0 interrupted iterations
saturation   [  23% ] 010/600 VUs  02m22.9s/10m30s  1.59 iters/s

running (02m23.9s), 009/600 VUs, 150 complete and 0 interrupted iterations
saturation   [  23% ] 009/600 VUs  02m23.9s/10m30s  1.60 iters/s

running (02m24.9s), 009/600 VUs, 152 complete and 0 interrupted iterations
saturation   [  23% ] 009/600 VUs  02m24.9s/10m30s  1.61 iters/s

running (02m25.9s), 009/600 VUs, 154 complete and 0 interrupted iterations
saturation   [  23% ] 009/600 VUs  02m25.9s/10m30s  1.62 iters/s

running (02m26.9s), 010/600 VUs, 154 complete and 0 interrupted iterations
saturation   [  23% ] 010/600 VUs  02m26.9s/10m30s  1.63 iters/s

running (02m27.9s), 008/600 VUs, 158 complete and 0 interrupted iterations
saturation   [  23% ] 008/600 VUs  02m27.9s/10m30s  1.64 iters/s

running (02m28.9s), 010/600 VUs, 158 complete and 0 interrupted iterations
saturation   [  24% ] 010/600 VUs  02m28.9s/10m30s  1.66 iters/s

running (02m29.9s), 011/600 VUs, 158 complete and 0 interrupted iterations
saturation   [  24% ] 011/600 VUs  02m29.9s/10m30s  1.66 iters/s

running (02m30.9s), 011/600 VUs, 160 complete and 0 interrupted iterations
saturation   [  24% ] 011/600 VUs  02m30.9s/10m30s  1.68 iters/s

running (02m31.9s), 011/600 VUs, 162 complete and 0 interrupted iterations
saturation   [  24% ] 011/600 VUs  02m31.9s/10m30s  1.69 iters/s

running (02m32.9s), 012/600 VUs, 162 complete and 0 interrupted iterations
saturation   [  24% ] 012/600 VUs  02m32.9s/10m30s  1.70 iters/s

running (02m33.9s), 014/600 VUs, 162 complete and 0 interrupted iterations
saturation   [  24% ] 014/600 VUs  02m33.9s/10m30s  1.71 iters/s

running (02m34.9s), 011/600 VUs, 167 complete and 0 interrupted iterations
saturation   [  25% ] 011/600 VUs  02m34.9s/10m30s  1.72 iters/s

running (02m35.9s), 009/600 VUs, 170 complete and 0 interrupted iterations
saturation   [  25% ] 009/600 VUs  02m35.9s/10m30s  1.73 iters/s

running (02m36.9s), 009/600 VUs, 172 complete and 0 interrupted iterations
saturation   [  25% ] 009/600 VUs  02m36.9s/10m30s  1.74 iters/s

running (02m37.9s), 010/600 VUs, 173 complete and 0 interrupted iterations
saturation   [  25% ] 010/600 VUs  02m37.9s/10m30s  1.75 iters/s

running (02m38.9s), 011/600 VUs, 174 complete and 0 interrupted iterations
saturation   [  25% ] 011/600 VUs  02m38.9s/10m30s  1.77 iters/s

running (02m39.9s), 009/600 VUs, 177 complete and 0 interrupted iterations
saturation   [  25% ] 009/600 VUs  02m39.9s/10m30s  1.77 iters/s

running (02m40.9s), 011/600 VUs, 177 complete and 0 interrupted iterations
saturation   [  26% ] 011/600 VUs  02m40.9s/10m30s  1.79 iters/s

running (02m41.9s), 011/600 VUs, 179 complete and 0 interrupted iterations
saturation   [  26% ] 011/600 VUs  02m41.9s/10m30s  1.80 iters/s

running (02m42.9s), 013/600 VUs, 179 complete and 0 interrupted iterations
saturation   [  26% ] 013/600 VUs  02m42.9s/10m30s  1.81 iters/s

running (02m43.9s), 011/600 VUs, 183 complete and 0 interrupted iterations
saturation   [  26% ] 011/600 VUs  02m43.9s/10m30s  1.82 iters/s

running (02m44.9s), 010/600 VUs, 185 complete and 0 interrupted iterations
saturation   [  26% ] 010/600 VUs  02m44.9s/10m30s  1.83 iters/s

running (02m45.9s), 011/600 VUs, 186 complete and 0 interrupted iterations
saturation   [  26% ] 011/600 VUs  02m45.9s/10m30s  1.84 iters/s

running (02m46.9s), 010/600 VUs, 189 complete and 0 interrupted iterations
saturation   [  26% ] 010/600 VUs  02m46.9s/10m30s  1.85 iters/s

running (02m47.9s), 012/600 VUs, 189 complete and 0 interrupted iterations
saturation   [  27% ] 012/600 VUs  02m47.9s/10m30s  1.86 iters/s

running (02m48.9s), 011/600 VUs, 192 complete and 0 interrupted iterations
saturation   [  27% ] 011/600 VUs  02m48.9s/10m30s  1.88 iters/s

running (02m49.9s), 013/600 VUs, 192 complete and 0 interrupted iterations
saturation   [  27% ] 013/600 VUs  02m49.9s/10m30s  1.89 iters/s

running (02m50.9s), 011/600 VUs, 196 complete and 0 interrupted iterations
saturation   [  27% ] 011/600 VUs  02m50.9s/10m30s  1.90 iters/s

running (02m51.9s), 013/600 VUs, 196 complete and 0 interrupted iterations
saturation   [  27% ] 013/600 VUs  02m51.9s/10m30s  1.91 iters/s

running (02m52.9s), 013/600 VUs, 197 complete and 0 interrupted iterations
saturation   [  27% ] 013/600 VUs  02m52.9s/10m30s  1.92 iters/s

running (02m53.9s), 015/600 VUs, 197 complete and 0 interrupted iterations
saturation   [  28% ] 015/600 VUs  02m53.9s/10m30s  1.93 iters/s

running (02m54.9s), 012/600 VUs, 202 complete and 0 interrupted iterations
saturation   [  28% ] 012/600 VUs  02m54.9s/10m30s  1.94 iters/s

running (02m55.9s), 013/600 VUs, 203 complete and 0 interrupted iterations
saturation   [  28% ] 013/600 VUs  02m55.9s/10m30s  1.95 iters/s

running (02m56.9s), 015/600 VUs, 203 complete and 0 interrupted iterations
saturation   [  28% ] 015/600 VUs  02m56.9s/10m30s  1.96 iters/s

running (02m57.9s), 013/600 VUs, 207 complete and 0 interrupted iterations
saturation   [  28% ] 013/600 VUs  02m57.9s/10m30s  1.97 iters/s

running (02m58.9s), 012/600 VUs, 210 complete and 0 interrupted iterations
saturation   [  28% ] 012/600 VUs  02m58.9s/10m30s  1.99 iters/s

running (02m59.9s), 011/600 VUs, 213 complete and 0 interrupted iterations
saturation   [  29% ] 011/600 VUs  02m59.9s/10m30s  2.00 iters/s

running (03m00.9s), 013/600 VUs, 213 complete and 0 interrupted iterations
saturation   [  29% ] 013/600 VUs  03m00.9s/10m30s  2.01 iters/s

running (03m01.9s), 012/600 VUs, 216 complete and 0 interrupted iterations
saturation   [  29% ] 012/600 VUs  03m01.9s/10m30s  2.02 iters/s

running (03m02.9s), 011/600 VUs, 219 complete and 0 interrupted iterations
saturation   [  29% ] 011/600 VUs  03m02.9s/10m30s  2.03 iters/s

running (03m03.9s), 013/600 VUs, 219 complete and 0 interrupted iterations
saturation   [  29% ] 013/600 VUs  03m03.9s/10m30s  2.04 iters/s

running (03m04.9s), 012/600 VUs, 222 complete and 0 interrupted iterations
saturation   [  29% ] 012/600 VUs  03m04.9s/10m30s  2.05 iters/s

running (03m05.9s), 011/600 VUs, 225 complete and 0 interrupted iterations
saturation   [  30% ] 011/600 VUs  03m05.9s/10m30s  2.06 iters/s

running (03m06.9s), 013/600 VUs, 225 complete and 0 interrupted iterations
saturation   [  30% ] 013/600 VUs  03m06.9s/10m30s  2.07 iters/s

running (03m07.9s), 016/600 VUs, 225 complete and 0 interrupted iterations
saturation   [  30% ] 016/600 VUs  03m07.9s/10m30s  2.09 iters/s

running (03m08.9s), 018/600 VUs, 225 complete and 0 interrupted iterations
saturation   [  30% ] 018/600 VUs  03m08.9s/10m30s  2.10 iters/s

running (03m09.9s), 015/600 VUs, 230 complete and 0 interrupted iterations
saturation   [  30% ] 015/600 VUs  03m09.9s/10m30s  2.11 iters/s

running (03m10.9s), 014/600 VUs, 233 complete and 0 interrupted iterations
saturation   [  30% ] 014/600 VUs  03m10.9s/10m30s  2.12 iters/s

running (03m11.9s), 016/600 VUs, 233 complete and 0 interrupted iterations
saturation   [  30% ] 016/600 VUs  03m11.9s/10m30s  2.13 iters/s

running (03m12.9s), 015/600 VUs, 236 complete and 0 interrupted iterations
saturation   [  31% ] 015/600 VUs  03m12.9s/10m30s  2.14 iters/s

running (03m13.9s), 016/600 VUs, 237 complete and 0 interrupted iterations
saturation   [  31% ] 016/600 VUs  03m13.9s/10m30s  2.15 iters/s

running (03m14.9s), 016/600 VUs, 239 complete and 0 interrupted iterations
saturation   [  31% ] 016/600 VUs  03m14.9s/10m30s  2.16 iters/s

running (03m15.9s), 019/600 VUs, 239 complete and 0 interrupted iterations
saturation   [  31% ] 019/600 VUs  03m15.9s/10m30s  2.18 iters/s

running (03m16.9s), 017/600 VUs, 243 complete and 0 interrupted iterations
saturation   [  31% ] 017/600 VUs  03m16.9s/10m30s  2.19 iters/s

running (03m17.9s), 015/600 VUs, 247 complete and 0 interrupted iterations
saturation   [  31% ] 015/600 VUs  03m17.9s/10m30s  2.20 iters/s

running (03m18.9s), 014/600 VUs, 250 complete and 0 interrupted iterations
saturation   [  32% ] 014/600 VUs  03m18.9s/10m30s  2.21 iters/s

running (03m19.9s), 014/600 VUs, 252 complete and 0 interrupted iterations
saturation   [  32% ] 014/600 VUs  03m19.9s/10m30s  2.22 iters/s

running (03m20.9s), 016/600 VUs, 253 complete and 0 interrupted iterations
saturation   [  32% ] 016/600 VUs  03m20.9s/10m30s  2.23 iters/s

running (03m21.9s), 016/600 VUs, 255 complete and 0 interrupted iterations
saturation   [  32% ] 016/600 VUs  03m21.9s/10m30s  2.24 iters/s

running (03m22.9s), 018/600 VUs, 255 complete and 0 interrupted iterations
saturation   [  32% ] 018/600 VUs  03m22.9s/10m30s  2.25 iters/s

running (03m23.9s), 016/600 VUs, 259 complete and 0 interrupted iterations
saturation   [  32% ] 016/600 VUs  03m23.9s/10m30s  2.26 iters/s

running (03m24.9s), 018/600 VUs, 260 complete and 0 interrupted iterations
saturation   [  33% ] 018/600 VUs  03m24.9s/10m30s  2.28 iters/s

running (03m25.9s), 016/600 VUs, 264 complete and 0 interrupted iterations
saturation   [  33% ] 016/600 VUs  03m25.9s/10m30s  2.29 iters/s

running (03m26.9s), 015/600 VUs, 267 complete and 0 interrupted iterations
saturation   [  33% ] 015/600 VUs  03m26.9s/10m30s  2.30 iters/s

running (03m27.9s), 017/600 VUs, 267 complete and 0 interrupted iterations
saturation   [  33% ] 017/600 VUs  03m27.9s/10m30s  2.31 iters/s

running (03m28.9s), 017/600 VUs, 270 complete and 0 interrupted iterations
saturation   [  33% ] 017/600 VUs  03m28.9s/10m30s  2.32 iters/s

running (03m29.9s), 017/600 VUs, 272 complete and 0 interrupted iterations
saturation   [  33% ] 017/600 VUs  03m29.9s/10m30s  2.33 iters/s

running (03m30.9s), 019/600 VUs, 272 complete and 0 interrupted iterations
saturation   [  33% ] 019/600 VUs  03m30.9s/10m30s  2.34 iters/s

running (03m31.9s), 022/600 VUs, 272 complete and 0 interrupted iterations
saturation   [  34% ] 022/600 VUs  03m31.9s/10m30s  2.35 iters/s

running (03m32.9s), 022/600 VUs, 274 complete and 0 interrupted iterations
saturation   [  34% ] 022/600 VUs  03m32.9s/10m30s  2.36 iters/s

running (03m33.9s), 020/600 VUs, 279 complete and 0 interrupted iterations
saturation   [  34% ] 020/600 VUs  03m33.9s/10m30s  2.38 iters/s

running (03m34.9s), 018/600 VUs, 283 complete and 0 interrupted iterations
saturation   [  34% ] 018/600 VUs  03m34.9s/10m30s  2.39 iters/s

running (03m35.9s), 017/600 VUs, 286 complete and 0 interrupted iterations
saturation   [  34% ] 017/600 VUs  03m35.9s/10m30s  2.40 iters/s

running (03m36.9s), 017/600 VUs, 289 complete and 0 interrupted iterations
saturation   [  34% ] 017/600 VUs  03m36.9s/10m30s  2.41 iters/s

running (03m37.9s), 018/600 VUs, 290 complete and 0 interrupted iterations
saturation   [  35% ] 018/600 VUs  03m37.9s/10m30s  2.42 iters/s

running (03m38.9s), 017/600 VUs, 294 complete and 0 interrupted iterations
saturation   [  35% ] 017/600 VUs  03m38.9s/10m30s  2.43 iters/s

running (03m39.9s), 019/600 VUs, 294 complete and 0 interrupted iterations
saturation   [  35% ] 019/600 VUs  03m39.9s/10m30s  2.44 iters/s

running (03m40.9s), 021/600 VUs, 294 complete and 0 interrupted iterations
saturation   [  35% ] 021/600 VUs  03m40.9s/10m30s  2.45 iters/s

running (03m41.9s), 017/600 VUs, 301 complete and 0 interrupted iterations
saturation   [  35% ] 017/600 VUs  03m41.9s/10m30s  2.47 iters/s

running (03m42.9s), 018/600 VUs, 302 complete and 0 interrupted iterations
saturation   [  35% ] 018/600 VUs  03m42.9s/10m30s  2.47 iters/s

running (03m43.9s), 019/600 VUs, 304 complete and 0 interrupted iterations
saturation   [  36% ] 019/600 VUs  03m43.9s/10m30s  2.49 iters/s

running (03m44.9s), 018/600 VUs, 307 complete and 0 interrupted iterations
saturation   [  36% ] 018/600 VUs  03m44.9s/10m30s  2.50 iters/s

running (03m45.9s), 017/600 VUs, 311 complete and 0 interrupted iterations
saturation   [  36% ] 017/600 VUs  03m45.9s/10m30s  2.51 iters/s

running (03m46.9s), 016/600 VUs, 314 complete and 0 interrupted iterations
saturation   [  36% ] 016/600 VUs  03m46.9s/10m30s  2.52 iters/s

running (03m47.9s), 019/600 VUs, 314 complete and 0 interrupted iterations
saturation   [  36% ] 019/600 VUs  03m47.9s/10m30s  2.53 iters/s

running (03m48.9s), 021/600 VUs, 314 complete and 0 interrupted iterations
saturation   [  36% ] 021/600 VUs  03m48.9s/10m30s  2.54 iters/s

running (03m49.9s), 022/600 VUs, 316 complete and 0 interrupted iterations
saturation   [  36% ] 022/600 VUs  03m49.9s/10m30s  2.55 iters/s

running (03m50.9s), 024/600 VUs, 317 complete and 0 interrupted iterations
saturation   [  37% ] 024/600 VUs  03m50.9s/10m30s  2.57 iters/s

running (03m51.9s), 021/600 VUs, 322 complete and 0 interrupted iterations
saturation   [  37% ] 021/600 VUs  03m51.9s/10m30s  2.58 iters/s

running (03m52.9s), 024/600 VUs, 322 complete and 0 interrupted iterations
saturation   [  37% ] 024/600 VUs  03m52.9s/10m30s  2.59 iters/s

running (03m53.9s), 023/600 VUs, 325 complete and 0 interrupted iterations
saturation   [  37% ] 023/600 VUs  03m53.9s/10m30s  2.60 iters/s

running (03m54.9s), 023/600 VUs, 328 complete and 0 interrupted iterations
saturation   [  37% ] 023/600 VUs  03m54.9s/10m30s  2.61 iters/s

running (03m55.9s), 023/600 VUs, 331 complete and 0 interrupted iterations
saturation   [  37% ] 023/600 VUs  03m55.9s/10m30s  2.62 iters/s

running (03m56.9s), 021/600 VUs, 335 complete and 0 interrupted iterations
saturation   [  38% ] 021/600 VUs  03m56.9s/10m30s  2.63 iters/s

running (03m57.9s), 022/600 VUs, 337 complete and 0 interrupted iterations
saturation   [  38% ] 022/600 VUs  03m57.9s/10m30s  2.64 iters/s

running (03m58.9s), 024/600 VUs, 337 complete and 0 interrupted iterations
saturation   [  38% ] 024/600 VUs  03m58.9s/10m30s  2.65 iters/s

running (03m59.9s), 027/600 VUs, 337 complete and 0 interrupted iterations
saturation   [  38% ] 027/600 VUs  03m59.9s/10m30s  2.66 iters/s

running (04m00.9s), 029/600 VUs, 338 complete and 0 interrupted iterations
saturation   [  38% ] 029/600 VUs  04m00.9s/10m30s  2.68 iters/s

running (04m01.9s), 028/600 VUs, 341 complete and 0 interrupted iterations
saturation   [  38% ] 028/600 VUs  04m01.9s/10m30s  2.69 iters/s

running (04m02.9s), 026/600 VUs, 346 complete and 0 interrupted iterations
saturation   [  39% ] 026/600 VUs  04m02.9s/10m30s  2.70 iters/s

running (04m03.9s), 029/600 VUs, 346 complete and 0 interrupted iterations
saturation   [  39% ] 029/600 VUs  04m03.9s/10m30s  2.71 iters/s

running (04m04.9s), 026/600 VUs, 352 complete and 0 interrupted iterations
saturation   [  39% ] 026/600 VUs  04m04.9s/10m30s  2.72 iters/s

running (04m05.9s), 028/600 VUs, 352 complete and 0 interrupted iterations
saturation   [  39% ] 028/600 VUs  04m05.9s/10m30s  2.73 iters/s

running (04m06.9s), 030/600 VUs, 353 complete and 0 interrupted iterations
saturation   [  39% ] 030/600 VUs  04m06.9s/10m30s  2.74 iters/s

running (04m07.9s), 025/600 VUs, 361 complete and 0 interrupted iterations
saturation   [  39% ] 025/600 VUs  04m07.9s/10m30s  2.75 iters/s

running (04m08.9s), 027/600 VUs, 362 complete and 0 interrupted iterations
saturation   [  40% ] 027/600 VUs  04m08.9s/10m30s  2.77 iters/s

running (04m09.9s), 024/600 VUs, 367 complete and 0 interrupted iterations
saturation   [  40% ] 024/600 VUs  04m09.9s/10m30s  2.77 iters/s

running (04m10.9s), 026/600 VUs, 368 complete and 0 interrupted iterations
saturation   [  40% ] 026/600 VUs  04m10.9s/10m30s  2.79 iters/s

running (04m11.9s), 029/600 VUs, 368 complete and 0 interrupted iterations
saturation   [  40% ] 029/600 VUs  04m11.9s/10m30s  2.80 iters/s

running (04m12.9s), 029/600 VUs, 371 complete and 0 interrupted iterations
saturation   [  40% ] 029/600 VUs  04m12.9s/10m30s  2.81 iters/s

running (04m13.9s), 030/600 VUs, 372 complete and 0 interrupted iterations
saturation   [  40% ] 030/600 VUs  04m13.9s/10m30s  2.82 iters/s

running (04m14.9s), 029/600 VUs, 376 complete and 0 interrupted iterations
saturation   [  40% ] 029/600 VUs  04m14.9s/10m30s  2.83 iters/s

running (04m15.9s), 031/600 VUs, 377 complete and 0 interrupted iterations
saturation   [  41% ] 031/600 VUs  04m15.9s/10m30s  2.84 iters/s

running (04m16.9s), 034/600 VUs, 377 complete and 0 interrupted iterations
saturation   [  41% ] 034/600 VUs  04m16.9s/10m30s  2.85 iters/s

running (04m17.9s), 033/600 VUs, 381 complete and 0 interrupted iterations
saturation   [  41% ] 033/600 VUs  04m17.9s/10m30s  2.87 iters/s

running (04m18.9s), 036/600 VUs, 381 complete and 0 interrupted iterations
saturation   [  41% ] 036/600 VUs  04m18.9s/10m30s  2.88 iters/s

running (04m19.9s), 039/600 VUs, 381 complete and 0 interrupted iterations
saturation   [  41% ] 039/600 VUs  04m19.9s/10m30s  2.89 iters/s

running (04m20.9s), 036/600 VUs, 386 complete and 0 interrupted iterations
saturation   [  41% ] 036/600 VUs  04m20.9s/10m30s  2.90 iters/s

running (04m21.9s), 035/600 VUs, 390 complete and 0 interrupted iterations
saturation   [  42% ] 035/600 VUs  04m21.9s/10m30s  2.91 iters/s

running (04m22.9s), 038/600 VUs, 390 complete and 0 interrupted iterations
saturation   [  42% ] 038/600 VUs  04m22.9s/10m30s  2.92 iters/s

running (04m23.9s), 037/600 VUs, 394 complete and 0 interrupted iterations
saturation   [  42% ] 037/600 VUs  04m23.9s/10m30s  2.93 iters/s

running (04m24.9s), 035/600 VUs, 399 complete and 0 interrupted iterations
saturation   [  42% ] 035/600 VUs  04m24.9s/10m30s  2.94 iters/s

running (04m25.9s), 038/600 VUs, 399 complete and 0 interrupted iterations
saturation   [  42% ] 038/600 VUs  04m25.9s/10m30s  2.95 iters/s

running (04m26.9s), 039/600 VUs, 401 complete and 0 interrupted iterations
saturation   [  42% ] 039/600 VUs  04m26.9s/10m30s  2.96 iters/s

running (04m27.9s), 037/600 VUs, 406 complete and 0 interrupted iterations
saturation   [  43% ] 037/600 VUs  04m27.9s/10m30s  2.98 iters/s

running (04m28.9s), 040/600 VUs, 406 complete and 0 interrupted iterations
saturation   [  43% ] 040/600 VUs  04m28.9s/10m30s  2.99 iters/s

running (04m29.9s), 038/600 VUs, 411 complete and 0 interrupted iterations
saturation   [  43% ] 038/600 VUs  04m29.9s/10m30s  3.00 iters/s

running (04m30.9s), 041/600 VUs, 411 complete and 0 interrupted iterations
saturation   [  43% ] 041/600 VUs  04m30.9s/10m30s  3.01 iters/s

running (04m31.9s), 039/600 VUs, 416 complete and 0 interrupted iterations
saturation   [  43% ] 039/600 VUs  04m31.9s/10m30s  3.02 iters/s

running (04m32.9s), 040/600 VUs, 418 complete and 0 interrupted iterations
saturation   [  43% ] 040/600 VUs  04m32.9s/10m30s  3.03 iters/s

running (04m33.9s), 042/600 VUs, 419 complete and 0 interrupted iterations
saturation   [  43% ] 042/600 VUs  04m33.9s/10m30s  3.04 iters/s

running (04m34.9s), 042/600 VUs, 422 complete and 0 interrupted iterations
saturation   [  44% ] 042/600 VUs  04m34.9s/10m30s  3.05 iters/s

running (04m35.9s), 043/600 VUs, 424 complete and 0 interrupted iterations
saturation   [  44% ] 043/600 VUs  04m35.9s/10m30s  3.06 iters/s

running (04m36.9s), 042/600 VUs, 428 complete and 0 interrupted iterations
saturation   [  44% ] 042/600 VUs  04m36.9s/10m30s  3.07 iters/s

running (04m37.9s), 045/600 VUs, 428 complete and 0 interrupted iterations
saturation   [  44% ] 045/600 VUs  04m37.9s/10m30s  3.09 iters/s

running (04m38.9s), 042/600 VUs, 434 complete and 0 interrupted iterations
saturation   [  44% ] 042/600 VUs  04m38.9s/10m30s  3.10 iters/s

running (04m39.9s), 045/600 VUs, 435 complete and 0 interrupted iterations
saturation   [  44% ] 045/600 VUs  04m39.9s/10m30s  3.11 iters/s

running (04m40.9s), 047/600 VUs, 436 complete and 0 interrupted iterations
saturation   [  45% ] 047/600 VUs  04m40.9s/10m30s  3.12 iters/s

running (04m41.9s), 045/600 VUs, 441 complete and 0 interrupted iterations
saturation   [  45% ] 045/600 VUs  04m41.9s/10m30s  3.13 iters/s

running (04m42.9s), 048/600 VUs, 441 complete and 0 interrupted iterations
saturation   [  45% ] 048/600 VUs  04m42.9s/10m30s  3.14 iters/s

running (04m43.9s), 051/600 VUs, 441 complete and 0 interrupted iterations
saturation   [  45% ] 051/600 VUs  04m43.9s/10m30s  3.15 iters/s

running (04m44.9s), 054/600 VUs, 441 complete and 0 interrupted iterations
saturation   [  45% ] 054/600 VUs  04m44.9s/10m30s  3.16 iters/s

running (04m45.9s), 053/600 VUs, 445 complete and 0 interrupted iterations
saturation   [  45% ] 053/600 VUs  04m45.9s/10m30s  3.17 iters/s

running (04m46.9s), 055/600 VUs, 447 complete and 0 interrupted iterations
saturation   [  46% ] 055/600 VUs  04m46.9s/10m30s  3.19 iters/s

running (04m47.9s), 057/600 VUs, 448 complete and 0 interrupted iterations
saturation   [  46% ] 057/600 VUs  04m47.9s/10m30s  3.20 iters/s

running (04m48.9s), 059/600 VUs, 449 complete and 0 interrupted iterations
saturation   [  46% ] 059/600 VUs  04m48.9s/10m30s  3.21 iters/s

running (04m49.9s), 056/600 VUs, 455 complete and 0 interrupted iterations
saturation   [  46% ] 056/600 VUs  04m49.9s/10m30s  3.22 iters/s

running (04m50.9s), 059/600 VUs, 455 complete and 0 interrupted iterations
saturation   [  46% ] 059/600 VUs  04m50.9s/10m30s  3.23 iters/s

running (04m51.9s), 062/600 VUs, 456 complete and 0 interrupted iterations
saturation   [  46% ] 062/600 VUs  04m51.9s/10m30s  3.24 iters/s

running (04m52.9s), 063/600 VUs, 458 complete and 0 interrupted iterations
saturation   [  46% ] 063/600 VUs  04m52.9s/10m30s  3.25 iters/s

running (04m53.9s), 062/600 VUs, 462 complete and 0 interrupted iterations
saturation   [  47% ] 062/600 VUs  04m53.9s/10m30s  3.26 iters/s

running (04m54.9s), 063/600 VUs, 464 complete and 0 interrupted iterations
saturation   [  47% ] 063/600 VUs  04m54.9s/10m30s  3.27 iters/s

running (04m55.9s), 065/600 VUs, 466 complete and 0 interrupted iterations
saturation   [  47% ] 065/600 VUs  04m55.9s/10m30s  3.29 iters/s

running (04m56.9s), 065/600 VUs, 469 complete and 0 interrupted iterations
saturation   [  47% ] 065/600 VUs  04m56.9s/10m30s  3.30 iters/s

running (04m57.9s), 063/600 VUs, 474 complete and 0 interrupted iterations
saturation   [  47% ] 063/600 VUs  04m57.9s/10m30s  3.31 iters/s

running (04m58.9s), 066/600 VUs, 475 complete and 0 interrupted iterations
saturation   [  47% ] 066/600 VUs  04m58.9s/10m30s  3.32 iters/s

running (04m59.9s), 065/600 VUs, 479 complete and 0 interrupted iterations
saturation   [  48% ] 065/600 VUs  04m59.9s/10m30s  3.33 iters/s

running (05m00.9s), 068/600 VUs, 479 complete and 0 interrupted iterations
saturation   [  48% ] 068/600 VUs  05m00.9s/10m30s  3.34 iters/s

running (05m01.9s), 072/600 VUs, 479 complete and 0 interrupted iterations
saturation   [  48% ] 072/600 VUs  05m01.9s/10m30s  3.35 iters/s

running (05m02.9s), 073/600 VUs, 481 complete and 0 interrupted iterations
saturation   [  48% ] 073/600 VUs  05m02.9s/10m30s  3.36 iters/s

running (05m03.9s), 072/600 VUs, 485 complete and 0 interrupted iterations
saturation   [  48% ] 072/600 VUs  05m03.9s/10m30s  3.37 iters/s

running (05m04.9s), 073/600 VUs, 488 complete and 0 interrupted iterations
saturation   [  48% ] 073/600 VUs  05m04.9s/10m30s  3.39 iters/s

running (05m05.9s), 076/600 VUs, 488 complete and 0 interrupted iterations
saturation   [  49% ] 076/600 VUs  05m05.9s/10m30s  3.40 iters/s

running (05m06.9s), 077/600 VUs, 491 complete and 0 interrupted iterations
saturation   [  49% ] 077/600 VUs  05m06.9s/10m30s  3.41 iters/s

running (05m07.9s), 080/600 VUs, 491 complete and 0 interrupted iterations
saturation   [  49% ] 080/600 VUs  05m07.9s/10m30s  3.42 iters/s

running (05m08.9s), 080/600 VUs, 494 complete and 0 interrupted iterations
saturation   [  49% ] 080/600 VUs  05m08.9s/10m30s  3.43 iters/s

running (05m09.9s), 082/600 VUs, 496 complete and 0 interrupted iterations
saturation   [  49% ] 082/600 VUs  05m09.9s/10m30s  3.44 iters/s

running (05m10.9s), 083/600 VUs, 498 complete and 0 interrupted iterations
saturation   [  49% ] 083/600 VUs  05m10.9s/10m30s  3.45 iters/s

running (05m11.9s), 085/600 VUs, 500 complete and 0 interrupted iterations
saturation   [  50% ] 085/600 VUs  05m11.9s/10m30s  3.47 iters/s

running (05m12.9s), 087/600 VUs, 501 complete and 0 interrupted iterations
saturation   [  50% ] 087/600 VUs  05m12.9s/10m30s  3.48 iters/s

running (05m13.9s), 090/600 VUs, 502 complete and 0 interrupted iterations
saturation   [  50% ] 090/600 VUs  05m13.9s/10m30s  3.49 iters/s

running (05m14.9s), 093/600 VUs, 502 complete and 0 interrupted iterations
saturation   [  50% ] 093/600 VUs  05m14.9s/10m30s  3.50 iters/s

running (05m15.9s), 097/600 VUs, 502 complete and 0 interrupted iterations
saturation   [  50% ] 097/600 VUs  05m15.9s/10m30s  3.51 iters/s

running (05m16.9s), 096/600 VUs, 506 complete and 0 interrupted iterations
saturation   [  50% ] 096/600 VUs  05m16.9s/10m30s  3.52 iters/s

running (05m17.9s), 097/600 VUs, 509 complete and 0 interrupted iterations
saturation   [  50% ] 097/600 VUs  05m17.9s/10m30s  3.53 iters/s

running (05m18.9s), 099/600 VUs, 510 complete and 0 interrupted iterations
saturation   [  51% ] 099/600 VUs  05m18.9s/10m30s  3.54 iters/s

running (05m19.9s), 101/600 VUs, 512 complete and 0 interrupted iterations
saturation   [  51% ] 101/600 VUs  05m19.9s/10m30s  3.55 iters/s

running (05m20.9s), 103/600 VUs, 513 complete and 0 interrupted iterations
saturation   [  51% ] 103/600 VUs  05m20.9s/10m30s  3.56 iters/s

running (05m21.9s), 107/600 VUs, 513 complete and 0 interrupted iterations
saturation   [  51% ] 107/600 VUs  05m21.9s/10m30s  3.58 iters/s

running (05m22.9s), 108/600 VUs, 516 complete and 0 interrupted iterations
saturation   [  51% ] 108/600 VUs  05m22.9s/10m30s  3.59 iters/s

running (05m23.9s), 111/600 VUs, 516 complete and 0 interrupted iterations
saturation   [  51% ] 111/600 VUs  05m23.9s/10m30s  3.60 iters/s

running (05m24.9s), 115/600 VUs, 516 complete and 0 interrupted iterations
saturation   [  52% ] 115/600 VUs  05m24.9s/10m30s  3.61 iters/s

running (05m25.9s), 118/600 VUs, 516 complete and 0 interrupted iterations
saturation   [  52% ] 118/600 VUs  05m25.9s/10m30s  3.62 iters/s

running (05m26.9s), 120/600 VUs, 518 complete and 0 interrupted iterations
saturation   [  52% ] 120/600 VUs  05m26.9s/10m30s  3.63 iters/s

running (05m27.9s), 118/600 VUs, 524 complete and 0 interrupted iterations
saturation   [  52% ] 118/600 VUs  05m27.9s/10m30s  3.64 iters/s

running (05m28.9s), 121/600 VUs, 524 complete and 0 interrupted iterations
saturation   [  52% ] 121/600 VUs  05m28.9s/10m30s  3.65 iters/s

running (05m29.9s), 122/600 VUs, 527 complete and 0 interrupted iterations
saturation   [  52% ] 122/600 VUs  05m29.9s/10m30s  3.67 iters/s

running (05m30.9s), 126/600 VUs, 527 complete and 0 interrupted iterations
saturation   [  53% ] 126/600 VUs  05m30.9s/10m30s  3.68 iters/s

running (05m31.9s), 127/600 VUs, 529 complete and 0 interrupted iterations
saturation   [  53% ] 127/600 VUs  05m31.9s/10m30s  3.69 iters/s

running (05m32.9s), 131/600 VUs, 529 complete and 0 interrupted iterations
saturation   [  53% ] 131/600 VUs  05m32.9s/10m30s  3.70 iters/s

running (05m33.9s), 131/600 VUs, 533 complete and 0 interrupted iterations
saturation   [  53% ] 131/600 VUs  05m33.9s/10m30s  3.71 iters/s

running (05m34.9s), 134/600 VUs, 533 complete and 0 interrupted iterations
saturation   [  53% ] 134/600 VUs  05m34.9s/10m30s  3.72 iters/s

running (05m35.9s), 135/600 VUs, 536 complete and 0 interrupted iterations
saturation   [  53% ] 135/600 VUs  05m35.9s/10m30s  3.73 iters/s

running (05m36.9s), 137/600 VUs, 538 complete and 0 interrupted iterations
saturation   [  53% ] 137/600 VUs  05m36.9s/10m30s  3.74 iters/s

running (05m37.9s), 141/600 VUs, 538 complete and 0 interrupted iterations
saturation   [  54% ] 141/600 VUs  05m37.9s/10m30s  3.75 iters/s

running (05m38.9s), 140/600 VUs, 542 complete and 0 interrupted iterations
saturation   [  54% ] 140/600 VUs  05m38.9s/10m30s  3.76 iters/s

running (05m39.9s), 144/600 VUs, 542 complete and 0 interrupted iterations
saturation   [  54% ] 144/600 VUs  05m39.9s/10m30s  3.78 iters/s

running (05m40.9s), 148/600 VUs, 542 complete and 0 interrupted iterations
saturation   [  54% ] 148/600 VUs  05m40.9s/10m30s  3.79 iters/s

running (05m41.9s), 152/600 VUs, 542 complete and 0 interrupted iterations
saturation   [  54% ] 152/600 VUs  05m41.9s/10m30s  3.80 iters/s

running (05m42.9s), 156/600 VUs, 542 complete and 0 interrupted iterations
saturation   [  54% ] 156/600 VUs  05m42.9s/10m30s  3.81 iters/s

running (05m43.9s), 159/600 VUs, 542 complete and 0 interrupted iterations
saturation   [  55% ] 159/600 VUs  05m43.9s/10m30s  3.82 iters/s

running (05m44.9s), 159/600 VUs, 546 complete and 0 interrupted iterations
saturation   [  55% ] 159/600 VUs  05m44.9s/10m30s  3.83 iters/s

running (05m45.9s), 163/600 VUs, 546 complete and 0 interrupted iterations
saturation   [  55% ] 163/600 VUs  05m45.9s/10m30s  3.84 iters/s

running (05m46.9s), 166/600 VUs, 547 complete and 0 interrupted iterations
saturation   [  55% ] 166/600 VUs  05m46.9s/10m30s  3.85 iters/s

running (05m47.9s), 166/600 VUs, 551 complete and 0 interrupted iterations
saturation   [  55% ] 166/600 VUs  05m47.9s/10m30s  3.87 iters/s

running (05m48.9s), 168/600 VUs, 553 complete and 0 interrupted iterations
saturation   [  55% ] 168/600 VUs  05m48.9s/10m30s  3.88 iters/s

running (05m49.9s), 170/600 VUs, 554 complete and 0 interrupted iterations
saturation   [  56% ] 170/600 VUs  05m49.9s/10m30s  3.89 iters/s

running (05m50.9s), 174/600 VUs, 554 complete and 0 interrupted iterations
saturation   [  56% ] 174/600 VUs  05m50.9s/10m30s  3.90 iters/s

running (05m51.9s), 177/600 VUs, 555 complete and 0 interrupted iterations
saturation   [  56% ] 177/600 VUs  05m51.9s/10m30s  3.91 iters/s

running (05m52.9s), 178/600 VUs, 558 complete and 0 interrupted iterations
saturation   [  56% ] 178/600 VUs  05m52.9s/10m30s  3.92 iters/s

running (05m53.9s), 177/600 VUs, 563 complete and 0 interrupted iterations
saturation   [  56% ] 177/600 VUs  05m53.9s/10m30s  3.93 iters/s

running (05m54.9s), 180/600 VUs, 564 complete and 0 interrupted iterations
saturation   [  56% ] 180/600 VUs  05m54.9s/10m30s  3.94 iters/s

running (05m55.9s), 180/600 VUs, 568 complete and 0 interrupted iterations
saturation   [  56% ] 180/600 VUs  05m55.9s/10m30s  3.95 iters/s

running (05m56.9s), 178/600 VUs, 574 complete and 0 interrupted iterations
saturation   [  57% ] 178/600 VUs  05m56.9s/10m30s  3.97 iters/s

running (05m57.9s), 178/600 VUs, 578 complete and 0 interrupted iterations
saturation   [  57% ] 178/600 VUs  05m57.9s/10m30s  3.98 iters/s

running (05m58.9s), 177/600 VUs, 583 complete and 0 interrupted iterations
saturation   [  57% ] 177/600 VUs  05m58.9s/10m30s  3.99 iters/s

running (05m59.9s), 178/600 VUs, 586 complete and 0 interrupted iterations
saturation   [  57% ] 178/600 VUs  05m59.9s/10m30s  4.00 iters/s

running (06m00.9s), 178/600 VUs, 590 complete and 0 interrupted iterations
saturation   [  57% ] 178/600 VUs  06m00.9s/10m30s  4.01 iters/s

running (06m01.9s), 180/600 VUs, 592 complete and 0 interrupted iterations
saturation   [  57% ] 180/600 VUs  06m01.9s/10m30s  4.02 iters/s

running (06m02.9s), 178/600 VUs, 598 complete and 0 interrupted iterations
saturation   [  58% ] 178/600 VUs  06m02.9s/10m30s  4.03 iters/s

running (06m03.9s), 177/600 VUs, 603 complete and 0 interrupted iterations
saturation   [  58% ] 177/600 VUs  06m03.9s/10m30s  4.04 iters/s

running (06m04.9s), 179/600 VUs, 605 complete and 0 interrupted iterations
saturation   [  58% ] 179/600 VUs  06m04.9s/10m30s  4.05 iters/s

running (06m05.9s), 182/600 VUs, 606 complete and 0 interrupted iterations
saturation   [  58% ] 182/600 VUs  06m05.9s/10m30s  4.06 iters/s

running (06m06.9s), 182/600 VUs, 610 complete and 0 interrupted iterations
saturation   [  58% ] 182/600 VUs  06m06.9s/10m30s  4.08 iters/s

running (06m07.9s), 183/600 VUs, 613 complete and 0 interrupted iterations
saturation   [  58% ] 183/600 VUs  06m07.9s/10m30s  4.09 iters/s

running (06m08.9s), 181/600 VUs, 619 complete and 0 interrupted iterations
saturation   [  59% ] 181/600 VUs  06m08.9s/10m30s  4.10 iters/s

running (06m09.9s), 185/600 VUs, 619 complete and 0 interrupted iterations
saturation   [  59% ] 185/600 VUs  06m09.9s/10m30s  4.11 iters/s

running (06m10.9s), 182/600 VUs, 627 complete and 0 interrupted iterations
saturation   [  59% ] 182/600 VUs  06m10.9s/10m30s  4.12 iters/s

running (06m11.9s), 184/600 VUs, 629 complete and 0 interrupted iterations
saturation   [  59% ] 184/600 VUs  06m11.9s/10m30s  4.13 iters/s

running (06m12.9s), 183/600 VUs, 634 complete and 0 interrupted iterations
saturation   [  59% ] 183/600 VUs  06m12.9s/10m30s  4.14 iters/s

running (06m13.9s), 185/600 VUs, 636 complete and 0 interrupted iterations
saturation   [  59% ] 185/600 VUs  06m13.9s/10m30s  4.15 iters/s

running (06m14.9s), 184/600 VUs, 641 complete and 0 interrupted iterations
saturation   [  60% ] 184/600 VUs  06m14.9s/10m30s  4.16 iters/s

running (06m15.9s), 183/600 VUs, 646 complete and 0 interrupted iterations
saturation   [  60% ] 183/600 VUs  06m15.9s/10m30s  4.18 iters/s

running (06m16.9s), 185/600 VUs, 648 complete and 0 interrupted iterations
saturation   [  60% ] 185/600 VUs  06m16.9s/10m30s  4.19 iters/s

running (06m17.9s), 183/600 VUs, 655 complete and 0 interrupted iterations
saturation   [  60% ] 183/600 VUs  06m17.9s/10m30s  4.20 iters/s

running (06m18.9s), 182/600 VUs, 660 complete and 0 interrupted iterations
saturation   [  60% ] 182/600 VUs  06m18.9s/10m30s  4.21 iters/s

running (06m19.9s), 186/600 VUs, 660 complete and 0 interrupted iterations
saturation   [  60% ] 186/600 VUs  06m19.9s/10m30s  4.22 iters/s

running (06m20.9s), 186/600 VUs, 664 complete and 0 interrupted iterations
saturation   [  60% ] 186/600 VUs  06m20.9s/10m30s  4.23 iters/s

running (06m21.9s), 187/600 VUs, 668 complete and 0 interrupted iterations
saturation   [  61% ] 187/600 VUs  06m21.9s/10m30s  4.24 iters/s

running (06m22.9s), 189/600 VUs, 670 complete and 0 interrupted iterations
saturation   [  61% ] 189/600 VUs  06m22.9s/10m30s  4.25 iters/s

running (06m23.9s), 190/600 VUs, 673 complete and 0 interrupted iterations
saturation   [  61% ] 190/600 VUs  06m23.9s/10m30s  4.26 iters/s

running (06m24.9s), 191/600 VUs, 676 complete and 0 interrupted iterations
saturation   [  61% ] 191/600 VUs  06m24.9s/10m30s  4.28 iters/s

running (06m25.9s), 192/600 VUs, 680 complete and 0 interrupted iterations
saturation   [  61% ] 192/600 VUs  06m25.9s/10m30s  4.29 iters/s

running (06m26.9s), 196/600 VUs, 680 complete and 0 interrupted iterations
saturation   [  61% ] 196/600 VUs  06m26.9s/10m30s  4.30 iters/s

running (06m27.9s), 197/600 VUs, 683 complete and 0 interrupted iterations
saturation   [  62% ] 197/600 VUs  06m27.9s/10m30s  4.31 iters/s

running (06m28.9s), 197/600 VUs, 688 complete and 0 interrupted iterations
saturation   [  62% ] 197/600 VUs  06m28.9s/10m30s  4.32 iters/s

running (06m29.9s), 198/600 VUs, 691 complete and 0 interrupted iterations
saturation   [  62% ] 198/600 VUs  06m29.9s/10m30s  4.33 iters/s

running (06m30.9s), 199/600 VUs, 694 complete and 0 interrupted iterations
saturation   [  62% ] 199/600 VUs  06m30.9s/10m30s  4.34 iters/s

running (06m31.9s), 203/600 VUs, 695 complete and 0 interrupted iterations
saturation   [  62% ] 203/600 VUs  06m31.9s/10m30s  4.36 iters/s

running (06m32.9s), 204/600 VUs, 698 complete and 0 interrupted iterations
saturation   [  62% ] 204/600 VUs  06m32.9s/10m30s  4.37 iters/s

running (06m33.9s), 204/600 VUs, 702 complete and 0 interrupted iterations
saturation   [  63% ] 204/600 VUs  06m33.9s/10m30s  4.38 iters/s

running (06m34.9s), 207/600 VUs, 704 complete and 0 interrupted iterations
saturation   [  63% ] 207/600 VUs  06m34.9s/10m30s  4.39 iters/s

running (06m35.9s), 208/600 VUs, 707 complete and 0 interrupted iterations
saturation   [  63% ] 208/600 VUs  06m35.9s/10m30s  4.40 iters/s

running (06m36.9s), 208/600 VUs, 711 complete and 0 interrupted iterations
saturation   [  63% ] 208/600 VUs  06m36.9s/10m30s  4.41 iters/s

running (06m37.9s), 210/600 VUs, 714 complete and 0 interrupted iterations
saturation   [  63% ] 210/600 VUs  06m37.9s/10m30s  4.42 iters/s

running (06m38.9s), 213/600 VUs, 715 complete and 0 interrupted iterations
saturation   [  63% ] 213/600 VUs  06m38.9s/10m30s  4.43 iters/s

running (06m39.9s), 214/600 VUs, 719 complete and 0 interrupted iterations
saturation   [  63% ] 214/600 VUs  06m39.9s/10m30s  4.44 iters/s

running (06m40.9s), 214/600 VUs, 723 complete and 0 interrupted iterations
saturation   [  64% ] 214/600 VUs  06m40.9s/10m30s  4.45 iters/s

running (06m41.9s), 218/600 VUs, 724 complete and 0 interrupted iterations
saturation   [  64% ] 218/600 VUs  06m41.9s/10m30s  4.47 iters/s

running (06m42.9s), 218/600 VUs, 728 complete and 0 interrupted iterations
saturation   [  64% ] 218/600 VUs  06m42.9s/10m30s  4.48 iters/s

running (06m43.9s), 221/600 VUs, 730 complete and 0 interrupted iterations
saturation   [  64% ] 221/600 VUs  06m43.9s/10m30s  4.49 iters/s

running (06m44.9s), 220/600 VUs, 735 complete and 0 interrupted iterations
saturation   [  64% ] 220/600 VUs  06m44.9s/10m30s  4.50 iters/s

running (06m45.9s), 224/600 VUs, 736 complete and 0 interrupted iterations
saturation   [  64% ] 224/600 VUs  06m45.9s/10m30s  4.51 iters/s

running (06m46.9s), 224/600 VUs, 740 complete and 0 interrupted iterations
saturation   [  65% ] 224/600 VUs  06m46.9s/10m30s  4.52 iters/s

running (06m47.9s), 227/600 VUs, 742 complete and 0 interrupted iterations
saturation   [  65% ] 227/600 VUs  06m47.9s/10m30s  4.53 iters/s

running (06m48.9s), 227/600 VUs, 746 complete and 0 interrupted iterations
saturation   [  65% ] 227/600 VUs  06m48.9s/10m30s  4.54 iters/s

running (06m49.9s), 231/600 VUs, 747 complete and 0 interrupted iterations
saturation   [  65% ] 231/600 VUs  06m49.9s/10m30s  4.55 iters/s

running (06m50.9s), 230/600 VUs, 752 complete and 0 interrupted iterations
saturation   [  65% ] 230/600 VUs  06m50.9s/10m30s  4.56 iters/s

running (06m51.9s), 232/600 VUs, 755 complete and 0 interrupted iterations
saturation   [  65% ] 232/600 VUs  06m51.9s/10m30s  4.58 iters/s

running (06m52.9s), 234/600 VUs, 757 complete and 0 interrupted iterations
saturation   [  66% ] 234/600 VUs  06m52.9s/10m30s  4.59 iters/s

running (06m53.9s), 236/600 VUs, 760 complete and 0 interrupted iterations
saturation   [  66% ] 236/600 VUs  06m53.9s/10m30s  4.60 iters/s

running (06m54.9s), 236/600 VUs, 765 complete and 0 interrupted iterations
saturation   [  66% ] 236/600 VUs  06m54.9s/10m30s  4.61 iters/s

running (06m55.9s), 239/600 VUs, 766 complete and 0 interrupted iterations
saturation   [  66% ] 239/600 VUs  06m55.9s/10m30s  4.62 iters/s

running (06m56.9s), 240/600 VUs, 770 complete and 0 interrupted iterations
saturation   [  66% ] 240/600 VUs  06m56.9s/10m30s  4.63 iters/s

running (06m57.9s), 242/600 VUs, 772 complete and 0 interrupted iterations
saturation   [  66% ] 242/600 VUs  06m57.9s/10m30s  4.64 iters/s

running (06m58.9s), 246/600 VUs, 773 complete and 0 interrupted iterations
saturation   [  66% ] 246/600 VUs  06m58.9s/10m30s  4.65 iters/s

running (06m59.9s), 246/600 VUs, 778 complete and 0 interrupted iterations
saturation   [  67% ] 246/600 VUs  06m59.9s/10m30s  4.67 iters/s

running (07m00.9s), 247/600 VUs, 781 complete and 0 interrupted iterations
saturation   [  67% ] 247/600 VUs  07m00.9s/10m30s  4.67 iters/s

running (07m01.9s), 249/600 VUs, 784 complete and 0 interrupted iterations
saturation   [  67% ] 249/600 VUs  07m01.9s/10m30s  4.69 iters/s

running (07m02.9s), 252/600 VUs, 786 complete and 0 interrupted iterations
saturation   [  67% ] 252/600 VUs  07m02.9s/10m30s  4.70 iters/s

running (07m03.9s), 256/600 VUs, 787 complete and 0 interrupted iterations
saturation   [  67% ] 256/600 VUs  07m03.9s/10m30s  4.71 iters/s

running (07m04.9s), 255/600 VUs, 792 complete and 0 interrupted iterations
saturation   [  67% ] 255/600 VUs  07m04.9s/10m30s  4.72 iters/s

running (07m05.9s), 256/600 VUs, 796 complete and 0 interrupted iterations
saturation   [  68% ] 256/600 VUs  07m05.9s/10m30s  4.73 iters/s

running (07m06.9s), 259/600 VUs, 798 complete and 0 interrupted iterations
saturation   [  68% ] 259/600 VUs  07m06.9s/10m30s  4.74 iters/s

running (07m07.9s), 259/600 VUs, 802 complete and 0 interrupted iterations
saturation   [  68% ] 259/600 VUs  07m07.9s/10m30s  4.75 iters/s

running (07m08.9s), 262/600 VUs, 804 complete and 0 interrupted iterations
saturation   [  68% ] 262/600 VUs  07m08.9s/10m30s  4.76 iters/s

running (07m09.9s), 263/600 VUs, 808 complete and 0 interrupted iterations
saturation   [  68% ] 263/600 VUs  07m09.9s/10m30s  4.78 iters/s

running (07m10.9s), 266/600 VUs, 810 complete and 0 interrupted iterations
saturation   [  68% ] 266/600 VUs  07m10.9s/10m30s  4.79 iters/s

running (07m11.9s), 268/600 VUs, 813 complete and 0 interrupted iterations
saturation   [  69% ] 268/600 VUs  07m11.9s/10m30s  4.80 iters/s

running (07m12.9s), 269/600 VUs, 816 complete and 0 interrupted iterations
saturation   [  69% ] 269/600 VUs  07m12.9s/10m30s  4.81 iters/s

running (07m13.9s), 273/600 VUs, 817 complete and 0 interrupted iterations
saturation   [  69% ] 273/600 VUs  07m13.9s/10m30s  4.82 iters/s

running (07m14.9s), 274/600 VUs, 821 complete and 0 interrupted iterations
saturation   [  69% ] 274/600 VUs  07m14.9s/10m30s  4.83 iters/s

running (07m15.9s), 276/600 VUs, 824 complete and 0 interrupted iterations
saturation   [  69% ] 276/600 VUs  07m15.9s/10m30s  4.84 iters/s

running (07m16.9s), 277/600 VUs, 828 complete and 0 interrupted iterations
saturation   [  69% ] 277/600 VUs  07m16.9s/10m30s  4.85 iters/s

running (07m17.9s), 281/600 VUs, 829 complete and 0 interrupted iterations
saturation   [  70% ] 281/600 VUs  07m17.9s/10m30s  4.87 iters/s

running (07m18.9s), 281/600 VUs, 833 complete and 0 interrupted iterations
saturation   [  70% ] 281/600 VUs  07m18.9s/10m30s  4.88 iters/s

running (07m19.9s), 281/600 VUs, 838 complete and 0 interrupted iterations
saturation   [  70% ] 281/600 VUs  07m19.9s/10m30s  4.89 iters/s

running (07m20.9s), 286/600 VUs, 838 complete and 0 interrupted iterations
saturation   [  70% ] 286/600 VUs  07m20.9s/10m30s  4.90 iters/s

running (07m21.9s), 286/600 VUs, 843 complete and 0 interrupted iterations
saturation   [  70% ] 286/600 VUs  07m21.9s/10m30s  4.91 iters/s

running (07m22.9s), 290/600 VUs, 844 complete and 0 interrupted iterations
saturation   [  70% ] 290/600 VUs  07m22.9s/10m30s  4.92 iters/s

running (07m23.9s), 291/600 VUs, 848 complete and 0 interrupted iterations
saturation   [  70% ] 291/600 VUs  07m23.9s/10m30s  4.93 iters/s

running (07m24.9s), 293/600 VUs, 851 complete and 0 interrupted iterations
saturation   [  71% ] 293/600 VUs  07m24.9s/10m30s  4.94 iters/s

running (07m25.9s), 297/600 VUs, 852 complete and 0 interrupted iterations
saturation   [  71% ] 297/600 VUs  07m25.9s/10m30s  4.95 iters/s

running (07m26.9s), 297/600 VUs, 857 complete and 0 interrupted iterations
saturation   [  71% ] 297/600 VUs  07m26.9s/10m30s  4.97 iters/s

running (07m27.9s), 301/600 VUs, 858 complete and 0 interrupted iterations
saturation   [  71% ] 301/600 VUs  07m27.9s/10m30s  4.98 iters/s

running (07m28.9s), 302/600 VUs, 862 complete and 0 interrupted iterations
saturation   [  71% ] 302/600 VUs  07m28.9s/10m30s  4.99 iters/s

running (07m29.9s), 304/600 VUs, 865 complete and 0 interrupted iterations
saturation   [  71% ] 304/600 VUs  07m29.9s/10m30s  5.00 iters/s

running (07m30.9s), 307/600 VUs, 867 complete and 0 interrupted iterations
saturation   [  72% ] 307/600 VUs  07m30.9s/10m30s  5.01 iters/s

running (07m31.9s), 308/600 VUs, 871 complete and 0 interrupted iterations
saturation   [  72% ] 308/600 VUs  07m31.9s/10m30s  5.02 iters/s

running (07m32.9s), 309/600 VUs, 875 complete and 0 interrupted iterations
saturation   [  72% ] 309/600 VUs  07m32.9s/10m30s  5.03 iters/s

running (07m33.9s), 311/600 VUs, 878 complete and 0 interrupted iterations
saturation   [  72% ] 311/600 VUs  07m33.9s/10m30s  5.04 iters/s

running (07m34.9s), 314/600 VUs, 880 complete and 0 interrupted iterations
saturation   [  72% ] 314/600 VUs  07m34.9s/10m30s  5.05 iters/s

running (07m35.9s), 316/600 VUs, 883 complete and 0 interrupted iterations
saturation   [  72% ] 316/600 VUs  07m35.9s/10m30s  5.07 iters/s

running (07m36.9s), 318/600 VUs, 886 complete and 0 interrupted iterations
saturation   [  73% ] 318/600 VUs  07m36.9s/10m30s  5.08 iters/s

running (07m37.9s), 319/600 VUs, 890 complete and 0 interrupted iterations
saturation   [  73% ] 319/600 VUs  07m37.9s/10m30s  5.09 iters/s

running (07m38.9s), 323/600 VUs, 891 complete and 0 interrupted iterations
saturation   [  73% ] 323/600 VUs  07m38.9s/10m30s  5.10 iters/s

running (07m39.9s), 324/600 VUs, 895 complete and 0 interrupted iterations
saturation   [  73% ] 324/600 VUs  07m39.9s/10m30s  5.11 iters/s

running (07m40.9s), 326/600 VUs, 898 complete and 0 interrupted iterations
saturation   [  73% ] 326/600 VUs  07m40.9s/10m30s  5.12 iters/s

running (07m41.9s), 329/600 VUs, 900 complete and 0 interrupted iterations
saturation   [  73% ] 329/600 VUs  07m41.9s/10m30s  5.13 iters/s

running (07m42.9s), 331/600 VUs, 904 complete and 0 interrupted iterations
saturation   [  73% ] 331/600 VUs  07m42.9s/10m30s  5.14 iters/s

running (07m43.9s), 335/600 VUs, 905 complete and 0 interrupted iterations
saturation   [  74% ] 335/600 VUs  07m43.9s/10m30s  5.15 iters/s

running (07m44.9s), 336/600 VUs, 909 complete and 0 interrupted iterations
saturation   [  74% ] 336/600 VUs  07m44.9s/10m30s  5.17 iters/s

running (07m45.9s), 338/600 VUs, 912 complete and 0 interrupted iterations
saturation   [  74% ] 338/600 VUs  07m45.9s/10m30s  5.18 iters/s

running (07m46.9s), 339/600 VUs, 916 complete and 0 interrupted iterations
saturation   [  74% ] 339/600 VUs  07m46.9s/10m30s  5.19 iters/s

running (07m47.9s), 343/600 VUs, 917 complete and 0 interrupted iterations
saturation   [  74% ] 343/600 VUs  07m47.9s/10m30s  5.20 iters/s

running (07m48.9s), 345/600 VUs, 921 complete and 0 interrupted iterations
saturation   [  74% ] 345/600 VUs  07m48.9s/10m30s  5.21 iters/s

running (07m49.9s), 347/600 VUs, 924 complete and 0 interrupted iterations
saturation   [  75% ] 347/600 VUs  07m49.9s/10m30s  5.22 iters/s

running (07m50.9s), 349/600 VUs, 927 complete and 0 interrupted iterations
saturation   [  75% ] 349/600 VUs  07m50.9s/10m30s  5.23 iters/s

running (07m51.9s), 352/600 VUs, 929 complete and 0 interrupted iterations
saturation   [  75% ] 352/600 VUs  07m51.9s/10m30s  5.24 iters/s

running (07m52.9s), 355/600 VUs, 932 complete and 0 interrupted iterations
saturation   [  75% ] 355/600 VUs  07m52.9s/10m30s  5.25 iters/s

running (07m53.9s), 355/600 VUs, 937 complete and 0 interrupted iterations
saturation   [  75% ] 355/600 VUs  07m53.9s/10m30s  5.27 iters/s

running (07m54.9s), 359/600 VUs, 938 complete and 0 interrupted iterations
saturation   [  75% ] 359/600 VUs  07m54.9s/10m30s  5.28 iters/s

running (07m55.9s), 359/600 VUs, 943 complete and 0 interrupted iterations
saturation   [  76% ] 359/600 VUs  07m55.9s/10m30s  5.29 iters/s

running (07m56.9s), 363/600 VUs, 945 complete and 0 interrupted iterations
saturation   [  76% ] 363/600 VUs  07m56.9s/10m30s  5.30 iters/s

running (07m57.9s), 365/600 VUs, 948 complete and 0 interrupted iterations
saturation   [  76% ] 365/600 VUs  07m57.9s/10m30s  5.31 iters/s

running (07m58.9s), 367/600 VUs, 951 complete and 0 interrupted iterations
saturation   [  76% ] 367/600 VUs  07m58.9s/10m30s  5.32 iters/s

running (07m59.9s), 370/600 VUs, 954 complete and 0 interrupted iterations
saturation   [  76% ] 370/600 VUs  07m59.9s/10m30s  5.33 iters/s

running (08m00.9s), 371/600 VUs, 958 complete and 0 interrupted iterations
saturation   [  76% ] 371/600 VUs  08m00.9s/10m30s  5.34 iters/s

running (08m01.9s), 374/600 VUs, 960 complete and 0 interrupted iterations
saturation   [  76% ] 374/600 VUs  08m01.9s/10m30s  5.35 iters/s

running (08m02.9s), 379/600 VUs, 961 complete and 0 interrupted iterations
saturation   [  77% ] 379/600 VUs  08m02.9s/10m30s  5.37 iters/s

running (08m03.9s), 379/600 VUs, 966 complete and 0 interrupted iterations
saturation   [  77% ] 379/600 VUs  08m03.9s/10m30s  5.38 iters/s

running (08m04.9s), 384/600 VUs, 966 complete and 0 interrupted iterations
saturation   [  77% ] 384/600 VUs  08m04.9s/10m30s  5.39 iters/s

running (08m05.9s), 385/600 VUs, 971 complete and 0 interrupted iterations
saturation   [  77% ] 385/600 VUs  08m05.9s/10m30s  5.40 iters/s

running (08m06.9s), 388/600 VUs, 973 complete and 0 interrupted iterations
saturation   [  77% ] 388/600 VUs  08m06.9s/10m30s  5.41 iters/s

running (08m07.9s), 393/600 VUs, 974 complete and 0 interrupted iterations
saturation   [  77% ] 393/600 VUs  08m07.9s/10m30s  5.42 iters/s
time="2026-08-10T12:30:46Z" level=warning msg="Request Failed" error="Post \"http://localhost:29010/management/v3/catalog/request\": request timeout"
time="2026-08-10T12:30:46Z" level=warning msg="Request Failed" error="Post \"http://localhost:29010/management/v3/catalog/request\": request timeout"

running (08m08.9s), 392/600 VUs, 980 complete and 0 interrupted iterations
saturation   [  78% ] 392/600 VUs  08m08.9s/10m30s  5.43 iters/s
time="2026-08-10T12:30:46Z" level=warning msg="Request Failed" error="Post \"http://localhost:29010/management/v3/catalog/request\": request timeout"
time="2026-08-10T12:30:46Z" level=warning msg="Request Failed" error="Post \"http://localhost:29010/management/v3/catalog/request\": request timeout"
time="2026-08-10T12:30:47Z" level=warning msg="Request Failed" error="Post \"http://localhost:29010/management/v3/catalog/request\": request timeout"
time="2026-08-10T12:30:47Z" level=warning msg="Request Failed" error="Post \"http://localhost:29010/management/v3/catalog/request\": request timeout"
time="2026-08-10T12:30:47Z" level=warning msg="Request Failed" error="Post \"http://localhost:29010/management/v3/catalog/request\": request timeout"

running (08m09.9s), 388/600 VUs, 990 complete and 0 interrupted iterations
saturation   [  78% ] 388/600 VUs  08m09.9s/10m30s  5.44 iters/s
time="2026-08-10T12:30:47Z" level=warning msg="Request Failed" error="Post \"http://localhost:29010/management/v3/catalog/request\": request timeout"
time="2026-08-10T12:30:47Z" level=warning msg="Request Failed" error="Post \"http://localhost:29010/management/v3/catalog/request\": request timeout"
time="2026-08-10T12:30:48Z" level=warning msg="Request Failed" error="Post \"http://localhost:29010/management/v3/catalog/request\": request timeout"
time="2026-08-10T12:30:48Z" level=warning msg="Request Failed" error="Post \"http://localhost:29010/management/v3/catalog/request\": request timeout"
time="2026-08-10T12:30:48Z" level=warning msg="Request Failed" error="Post \"http://localhost:29010/management/v3/catalog/request\": request timeout"

running (08m10.9s), 387/600 VUs, 996 complete and 0 interrupted iterations
saturation   [  78% ] 387/600 VUs  08m10.9s/10m30s  5.45 iters/s
time="2026-08-10T12:30:48Z" level=warning msg="Request Failed" error="Post \"http://localhost:29010/management/v3/catalog/request\": request timeout"
time="2026-08-10T12:30:49Z" level=warning msg="Request Failed" error="Post \"http://localhost:29010/management/v3/catalog/request\": request timeout"
time="2026-08-10T12:30:49Z" level=warning msg="Request Failed" error="Post \"http://localhost:29010/management/v3/catalog/request\": request timeout"
time="2026-08-10T12:30:49Z" level=warning msg="Request Failed" error="Post \"http://localhost:29010/management/v3/catalog/request\": request timeout"

running (08m11.9s), 386/600 VUs, 1002 complete and 0 interrupted iterations
saturation   [  78% ] 386/600 VUs  08m11.9s/10m30s  5.46 iters/s
time="2026-08-10T12:30:49Z" level=warning msg="Request Failed" error="Post \"http://localhost:29010/management/v3/catalog/request\": request timeout"
time="2026-08-10T12:30:50Z" level=warning msg="Request Failed" error="Post \"http://localhost:29010/management/v3/catalog/request\": request timeout"
time="2026-08-10T12:30:50Z" level=warning msg="Request Failed" error="Post \"http://localhost:29010/management/v3/catalog/request\": request timeout"
time="2026-08-10T12:30:50Z" level=warning msg="Request Failed" error="Post \"http://localhost:29010/management/v3/catalog/request\": request timeout"

running (08m12.9s), 383/600 VUs, 1011 complete and 0 interrupted iterations
saturation   [  78% ] 383/600 VUs  08m12.9s/10m30s  5.48 iters/s
time="2026-08-10T12:30:50Z" level=warning msg="Request Failed" error="Post \"http://localhost:29010/management/v3/catalog/request\": request timeout"
time="2026-08-10T12:30:50Z" level=warning msg="Request Failed" error="Post \"http://localhost:29010/management/v3/catalog/request\": request timeout"
time="2026-08-10T12:30:51Z" level=warning msg="Request Failed" error="Post \"http://localhost:29010/management/v3/catalog/request\": request timeout"
time="2026-08-10T12:30:51Z" level=warning msg="Request Failed" error="Post \"http://localhost:29010/management/v3/catalog/request\": request timeout"
time="2026-08-10T12:30:51Z" level=warning msg="Request Failed" error="Post \"http://localhost:29010/management/v3/catalog/request\": request timeout"

running (08m13.9s), 380/600 VUs, 1019 complete and 0 interrupted iterations
saturation   [  78% ] 380/600 VUs  08m13.9s/10m30s  5.49 iters/s
time="2026-08-10T12:30:51Z" level=warning msg="Request Failed" error="Post \"http://localhost:29010/management/v3/catalog/request\": request timeout"
time="2026-08-10T12:30:51Z" level=warning msg="Request Failed" error="Post \"http://localhost:29010/management/v3/catalog/request\": request timeout"
time="2026-08-10T12:30:52Z" level=warning msg="Request Failed" error="Post \"http://localhost:29010/management/v3/catalog/request\": request timeout"
time="2026-08-10T12:30:52Z" level=warning msg="Request Failed" error="Post \"http://localhost:29010/management/v3/catalog/request\": request timeout"
time="2026-08-10T12:30:52Z" level=warning msg="Request Failed" error="Post \"http://localhost:29010/management/v3/catalog/request\": request timeout"

running (08m14.9s), 380/600 VUs, 1025 complete and 0 interrupted iterations
saturation   [  79% ] 380/600 VUs  08m14.9s/10m30s  5.50 iters/s
time="2026-08-10T12:30:52Z" level=warning msg="Request Failed" error="Post \"http://localhost:29010/management/v3/catalog/request\": request timeout"
time="2026-08-10T12:30:52Z" level=warning msg="Request Failed" error="Post \"http://localhost:29010/management/v3/catalog/request\": request timeout"
time="2026-08-10T12:30:53Z" level=warning msg="Request Failed" error="Post \"http://localhost:29010/management/v3/catalog/request\": request timeout"
time="2026-08-10T12:30:53Z" level=warning msg="Request Failed" error="Post \"http://localhost:29010/management/v3/catalog/request\": request timeout"
time="2026-08-10T12:30:53Z" level=warning msg="Request Failed" error="Post \"http://localhost:29010/management/v3/catalog/request\": request timeout"

running (08m15.9s), 375/600 VUs, 1035 complete and 0 interrupted iterations
saturation   [  79% ] 375/600 VUs  08m15.9s/10m30s  5.51 iters/s
time="2026-08-10T12:30:53Z" level=warning msg="Request Failed" error="Post \"http://localhost:29010/management/v3/catalog/request\": request timeout"
time="2026-08-10T12:30:53Z" level=warning msg="Request Failed" error="Post \"http://localhost:29010/management/v3/catalog/request\": request timeout"
time="2026-08-10T12:30:54Z" level=warning msg="Request Failed" error="Post \"http://localhost:29010/management/v3/catalog/request\": request timeout"
time="2026-08-10T12:30:54Z" level=warning msg="Request Failed" error="Post \"http://localhost:29010/management/v3/catalog/request\": request timeout"
time="2026-08-10T12:30:54Z" level=warning msg="Request Failed" error="Post \"http://localhost:29010/management/v3/catalog/request\": request timeout"

running (08m16.9s), 374/600 VUs, 1042 complete and 0 interrupted iterations
saturation   [  79% ] 374/600 VUs  08m16.9s/10m30s  5.52 iters/s
time="2026-08-10T12:30:54Z" level=warning msg="Request Failed" error="Post \"http://localhost:29010/management/v3/catalog/request\": request timeout"
time="2026-08-10T12:30:55Z" level=warning msg="Request Failed" error="Post \"http://localhost:29010/management/v3/catalog/request\": request timeout"
time="2026-08-10T12:30:55Z" level=warning msg="Request Failed" error="Post \"http://localhost:29010/management/v3/catalog/request\": request timeout"
time="2026-08-10T12:30:55Z" level=warning msg="Request Failed" error="Post \"http://localhost:29010/management/v3/catalog/request\": request timeout"
time="2026-08-10T12:30:55Z" level=warning msg="Request Failed" error="Post \"http://localhost:29010/management/v3/catalog/request\": request timeout"

running (08m17.9s), 372/600 VUs, 1049 complete and 0 interrupted iterations
saturation   [  79% ] 372/600 VUs  08m17.9s/10m30s  5.53 iters/s
time="2026-08-10T12:30:55Z" level=warning msg="Request Failed" error="Post \"http://localhost:29010/management/v3/catalog/request\": request timeout"
time="2026-08-10T12:30:56Z" level=warning msg="Request Failed" error="Post \"http://localhost:29010/management/v3/catalog/request\": request timeout"
time="2026-08-10T12:30:56Z" level=warning msg="Request Failed" error="Post \"http://localhost:29010/management/v3/catalog/request\": request timeout"
time="2026-08-10T12:30:56Z" level=warning msg="Request Failed" error="Post \"http://localhost:29010/management/v3/catalog/request\": request timeout"

running (08m18.9s), 370/600 VUs, 1057 complete and 0 interrupted iterations
saturation   [  79% ] 370/600 VUs  08m18.9s/10m30s  5.54 iters/s
time="2026-08-10T12:30:56Z" level=warning msg="Request Failed" error="Post \"http://localhost:29010/management/v3/catalog/request\": request timeout"
time="2026-08-10T12:30:56Z" level=warning msg="Request Failed" error="Post \"http://localhost:29010/management/v3/catalog/request\": request timeout"
time="2026-08-10T12:30:57Z" level=warning msg="Request Failed" error="Post \"http://localhost:29010/management/v3/catalog/request\": request timeout"
time="2026-08-10T12:30:57Z" level=warning msg="Request Failed" error="Post \"http://localhost:29010/management/v3/catalog/request\": request timeout"
time="2026-08-10T12:30:57Z" level=warning msg="Request Failed" error="Post \"http://localhost:29010/management/v3/catalog/request\": request timeout"

running (08m19.9s), 369/600 VUs, 1064 complete and 0 interrupted iterations
saturation   [  79% ] 369/600 VUs  08m19.9s/10m30s  5.55 iters/s
time="2026-08-10T12:30:57Z" level=warning msg="Request Failed" error="Post \"http://localhost:29010/management/v3/catalog/request\": request timeout"
time="2026-08-10T12:30:57Z" level=warning msg="Request Failed" error="Post \"http://localhost:29010/management/v3/catalog/request\": request timeout"
time="2026-08-10T12:30:58Z" level=warning msg="Request Failed" error="Post \"http://localhost:29010/management/v3/catalog/request\": request timeout"
time="2026-08-10T12:30:58Z" level=warning msg="Request Failed" error="Post \"http://localhost:29010/management/v3/catalog/request\": request timeout"
time="2026-08-10T12:30:58Z" level=warning msg="Request Failed" error="Post \"http://localhost:29010/management/v3/catalog/request\": request timeout"

running (08m20.9s), 365/600 VUs, 1073 complete and 0 interrupted iterations
saturation   [  80% ] 365/600 VUs  08m20.9s/10m30s  5.56 iters/s
time="2026-08-10T12:30:58Z" level=warning msg="Request Failed" error="Post \"http://localhost:29010/management/v3/catalog/request\": request timeout"
time="2026-08-10T12:30:58Z" level=warning msg="Request Failed" error="Post \"http://localhost:29010/management/v3/catalog/request\": request timeout"
time="2026-08-10T12:30:59Z" level=warning msg="Request Failed" error="Post \"http://localhost:29010/management/v3/catalog/request\": request timeout"
time="2026-08-10T12:30:59Z" level=warning msg="Request Failed" error="Post \"http://localhost:29010/management/v3/catalog/request\": request timeout"
time="2026-08-10T12:30:59Z" level=warning msg="Request Failed" error="Post \"http://localhost:29010/management/v3/catalog/request\": request timeout"

running (08m21.9s), 364/600 VUs, 1080 complete and 0 interrupted iterations
saturation   [  80% ] 364/600 VUs  08m21.9s/10m30s  5.58 iters/s
time="2026-08-10T12:30:59Z" level=warning msg="Request Failed" error="Post \"http://localhost:29010/management/v3/catalog/request\": request timeout"
time="2026-08-10T12:30:59Z" level=warning msg="Request Failed" error="Post \"http://localhost:29010/management/v3/catalog/request\": request timeout"
time="2026-08-10T12:31:00Z" level=warning msg="Request Failed" error="Post \"http://localhost:29010/management/v3/catalog/request\": request timeout"
time="2026-08-10T12:31:00Z" level=warning msg="Request Failed" error="Post \"http://localhost:29010/management/v3/catalog/request\": request timeout"
time="2026-08-10T12:31:00Z" level=warning msg="Request Failed" error="Post \"http://localhost:29010/management/v3/catalog/request\": request timeout"

running (08m22.9s), 359/600 VUs, 1090 complete and 0 interrupted iterations
saturation   [  80% ] 359/600 VUs  08m22.9s/10m30s  5.59 iters/s
time="2026-08-10T12:31:00Z" level=warning msg="Request Failed" error="Post \"http://localhost:29010/management/v3/catalog/request\": request timeout"
time="2026-08-10T12:31:00Z" level=warning msg="Request Failed" error="Post \"http://localhost:29010/management/v3/catalog/request\": request timeout"
time="2026-08-10T12:31:01Z" level=warning msg="Request Failed" error="Post \"http://localhost:29010/management/v3/catalog/request\": request timeout"
time="2026-08-10T12:31:01Z" level=warning msg="Request Failed" error="Post \"http://localhost:29010/management/v3/catalog/request\": request timeout"
time="2026-08-10T12:31:01Z" level=warning msg="Request Failed" error="Post \"http://localhost:29010/management/v3/catalog/request\": request timeout"

running (08m23.9s), 357/600 VUs, 1098 complete and 0 interrupted iterations
saturation   [  80% ] 357/600 VUs  08m23.9s/10m30s  5.60 iters/s
time="2026-08-10T12:31:01Z" level=warning msg="Request Failed" error="Post \"http://localhost:29010/management/v3/catalog/request\": request timeout"
time="2026-08-10T12:31:01Z" level=warning msg="Request Failed" error="Post \"http://localhost:29010/management/v3/catalog/request\": request timeout"
time="2026-08-10T12:31:02Z" level=warning msg="Request Failed" error="Post \"http://localhost:29010/management/v3/catalog/request\": request timeout"
time="2026-08-10T12:31:02Z" level=warning msg="Request Failed" error="Post \"http://localhost:29010/management/v3/catalog/request\": request timeout"
time="2026-08-10T12:31:02Z" level=warning msg="Request Failed" error="Post \"http://localhost:29010/management/v3/catalog/request\": request timeout"

running (08m24.9s), 355/600 VUs, 1105 complete and 0 interrupted iterations
saturation   [  80% ] 355/600 VUs  08m24.9s/10m30s  5.61 iters/s
time="2026-08-10T12:31:02Z" level=warning msg="Request Failed" error="Post \"http://localhost:29010/management/v3/catalog/request\": request timeout"
time="2026-08-10T12:31:02Z" level=warning msg="Request Failed" error="Post \"http://localhost:29010/management/v3/catalog/request\": request timeout"
time="2026-08-10T12:31:03Z" level=warning msg="Request Failed" error="Post \"http://localhost:29010/management/v3/catalog/request\": request timeout"
time="2026-08-10T12:31:03Z" level=warning msg="Request Failed" error="Post \"http://localhost:29010/management/v3/catalog/request\": request timeout"
time="2026-08-10T12:31:03Z" level=warning msg="Request Failed" error="Post \"http://localhost:29010/management/v3/catalog/request\": request timeout"

running (08m25.9s), 354/600 VUs, 1112 complete and 0 interrupted iterations
saturation   [  80% ] 354/600 VUs  08m25.9s/10m30s  5.62 iters/s
time="2026-08-10T12:31:03Z" level=warning msg="Request Failed" error="Post \"http://localhost:29010/management/v3/catalog/request\": request timeout"
time="2026-08-10T12:31:03Z" level=warning msg="Request Failed" error="Post \"http://localhost:29010/management/v3/catalog/request\": request timeout"
time="2026-08-10T12:31:04Z" level=warning msg="Request Failed" error="Post \"http://localhost:29010/management/v3/catalog/request\": request timeout"
time="2026-08-10T12:31:04Z" level=warning msg="Request Failed" error="Post \"http://localhost:29010/management/v3/catalog/request\": request timeout"
time="2026-08-10T12:31:04Z" level=warning msg="Request Failed" error="Post \"http://localhost:29010/management/v3/catalog/request\": request timeout"

running (08m26.9s), 351/600 VUs, 1121 complete and 0 interrupted iterations
saturation   [  80% ] 351/600 VUs  08m26.9s/10m30s  5.63 iters/s
time="2026-08-10T12:31:04Z" level=warning msg="Request Failed" error="Post \"http://localhost:29010/management/v3/catalog/request\": request timeout"
time="2026-08-10T12:31:04Z" level=warning msg="Request Failed" error="Post \"http://localhost:29010/management/v3/catalog/request\": request timeout"
time="2026-08-10T12:31:05Z" level=warning msg="Request Failed" error="Post \"http://localhost:29010/management/v3/catalog/request\": request timeout"
time="2026-08-10T12:31:05Z" level=warning msg="Request Failed" error="Post \"http://localhost:29010/management/v3/catalog/request\": request timeout"
time="2026-08-10T12:31:05Z" level=warning msg="Request Failed" error="Post \"http://localhost:29010/management/v3/catalog/request\": request timeout"

running (08m27.9s), 350/600 VUs, 1127 complete and 0 interrupted iterations
saturation   [  81% ] 350/600 VUs  08m27.9s/10m30s  5.64 iters/s
time="2026-08-10T12:31:05Z" level=warning msg="Request Failed" error="Post \"http://localhost:29010/management/v3/catalog/request\": request timeout"
time="2026-08-10T12:31:05Z" level=warning msg="Request Failed" error="Post \"http://localhost:29010/management/v3/catalog/request\": request timeout"
time="2026-08-10T12:31:06Z" level=warning msg="Request Failed" error="Post \"http://localhost:29010/management/v3/catalog/request\": request timeout"
time="2026-08-10T12:31:06Z" level=warning msg="Request Failed" error="Post \"http://localhost:29010/management/v3/catalog/request\": request timeout"
time="2026-08-10T12:31:06Z" level=warning msg="Request Failed" error="Post \"http://localhost:29010/management/v3/catalog/request\": request timeout"

running (08m28.9s), 347/600 VUs, 1136 complete and 0 interrupted iterations
saturation   [  81% ] 347/600 VUs  08m28.9s/10m30s  5.65 iters/s
time="2026-08-10T12:31:06Z" level=warning msg="Request Failed" error="Post \"http://localhost:29010/management/v3/catalog/request\": request timeout"
time="2026-08-10T12:31:06Z" level=warning msg="Request Failed" error="Post \"http://localhost:29010/management/v3/catalog/request\": request timeout"
time="2026-08-10T12:31:07Z" level=warning msg="Request Failed" error="Post \"http://localhost:29010/management/v3/catalog/request\": request timeout"
time="2026-08-10T12:31:07Z" level=warning msg="Request Failed" error="Post \"http://localhost:29010/management/v3/catalog/request\": request timeout"
time="2026-08-10T12:31:07Z" level=warning msg="Request Failed" error="Post \"http://localhost:29010/management/v3/catalog/request\": request timeout"

running (08m29.9s), 346/600 VUs, 1143 complete and 0 interrupted iterations
saturation   [  81% ] 346/600 VUs  08m29.9s/10m30s  5.67 iters/s
time="2026-08-10T12:31:07Z" level=warning msg="Request Failed" error="Post \"http://localhost:29010/management/v3/catalog/request\": request timeout"
time="2026-08-10T12:31:07Z" level=warning msg="Request Failed" error="Post \"http://localhost:29010/management/v3/catalog/request\": request timeout"
time="2026-08-10T12:31:08Z" level=warning msg="Request Failed" error="Post \"http://localhost:29010/management/v3/catalog/request\": request timeout"
time="2026-08-10T12:31:08Z" level=warning msg="Request Failed" error="Post \"http://localhost:29010/management/v3/catalog/request\": request timeout"
time="2026-08-10T12:31:08Z" level=warning msg="Request Failed" error="Post \"http://localhost:29010/management/v3/catalog/request\": request timeout"

running (08m30.9s), 343/600 VUs, 1151 complete and 0 interrupted iterations
saturation   [  81% ] 343/600 VUs  08m30.9s/10m30s  5.68 iters/s
time="2026-08-10T12:31:08Z" level=warning msg="Request Failed" error="Post \"http://localhost:29010/management/v3/catalog/request\": request timeout"
time="2026-08-10T12:31:08Z" level=warning msg="Request Failed" error="Post \"http://localhost:29010/management/v3/catalog/request\": request timeout"
time="2026-08-10T12:31:09Z" level=warning msg="Request Failed" error="Post \"http://localhost:29010/management/v3/catalog/request\": request timeout"
time="2026-08-10T12:31:09Z" level=warning msg="Request Failed" error="Post \"http://localhost:29010/management/v3/catalog/request\": request timeout"
time="2026-08-10T12:31:09Z" level=warning msg="Request Failed" error="Post \"http://localhost:29010/management/v3/catalog/request\": request timeout"

running (08m31.9s), 341/600 VUs, 1159 complete and 0 interrupted iterations
saturation   [  81% ] 341/600 VUs  08m31.9s/10m30s  5.69 iters/s
time="2026-08-10T12:31:09Z" level=warning msg="Request Failed" error="Post \"http://localhost:29010/management/v3/catalog/request\": request timeout"
time="2026-08-10T12:31:09Z" level=warning msg="Request Failed" error="Post \"http://localhost:29010/management/v3/catalog/request\": request timeout"
time="2026-08-10T12:31:10Z" level=warning msg="Request Failed" error="Post \"http://localhost:29010/management/v3/catalog/request\": request timeout"
time="2026-08-10T12:31:10Z" level=warning msg="Request Failed" error="Post \"http://localhost:29010/management/v3/catalog/request\": request timeout"
time="2026-08-10T12:31:10Z" level=warning msg="Request Failed" error="Post \"http://localhost:29010/management/v3/catalog/request\": request timeout"

running (08m32.9s), 339/600 VUs, 1167 complete and 0 interrupted iterations
saturation   [  81% ] 339/600 VUs  08m32.9s/10m30s  5.70 iters/s
time="2026-08-10T12:31:10Z" level=warning msg="Request Failed" error="Post \"http://localhost:29010/management/v3/catalog/request\": request timeout"
time="2026-08-10T12:31:10Z" level=warning msg="Request Failed" error="Post \"http://localhost:29010/management/v3/catalog/request\": request timeout"
time="2026-08-10T12:31:11Z" level=warning msg="Request Failed" error="Post \"http://localhost:29010/management/v3/catalog/request\": request timeout"
time="2026-08-10T12:31:11Z" level=warning msg="Request Failed" error="Post \"http://localhost:29010/management/v3/catalog/request\": request timeout"
time="2026-08-10T12:31:11Z" level=warning msg="Request Failed" error="Post \"http://localhost:29010/management/v3/catalog/request\": request timeout"

running (08m33.9s), 335/600 VUs, 1176 complete and 0 interrupted iterations
saturation   [  82% ] 335/600 VUs  08m33.9s/10m30s  5.71 iters/s
time="2026-08-10T12:31:11Z" level=warning msg="Request Failed" error="Post \"http://localhost:29010/management/v3/catalog/request\": request timeout"
time="2026-08-10T12:31:11Z" level=warning msg="Request Failed" error="Post \"http://localhost:29010/management/v3/catalog/request\": request timeout"
time="2026-08-10T12:31:12Z" level=warning msg="Request Failed" error="Post \"http://localhost:29010/management/v3/catalog/request\": request timeout"
time="2026-08-10T12:31:12Z" level=warning msg="Request Failed" error="Post \"http://localhost:29010/management/v3/catalog/request\": request timeout"
time="2026-08-10T12:31:12Z" level=warning msg="Request Failed" error="Post \"http://localhost:29010/management/v3/catalog/request\": request timeout"

running (08m34.9s), 334/600 VUs, 1183 complete and 0 interrupted iterations
saturation   [  82% ] 334/600 VUs  08m34.9s/10m30s  5.72 iters/s
time="2026-08-10T12:31:12Z" level=warning msg="Request Failed" error="Post \"http://localhost:29010/management/v3/catalog/request\": request timeout"
time="2026-08-10T12:31:12Z" level=warning msg="Request Failed" error="Post \"http://localhost:29010/management/v3/catalog/request\": request timeout"
time="2026-08-10T12:31:13Z" level=warning msg="Request Failed" error="Post \"http://localhost:29010/management/v3/catalog/request\": request timeout"
time="2026-08-10T12:31:13Z" level=warning msg="Request Failed" error="Post \"http://localhost:29010/management/v3/catalog/request\": request timeout"
time="2026-08-10T12:31:13Z" level=warning msg="Request Failed" error="Post \"http://localhost:29010/management/v3/catalog/request\": request timeout"

running (08m35.9s), 332/600 VUs, 1191 complete and 0 interrupted iterations
saturation   [  82% ] 332/600 VUs  08m35.9s/10m30s  5.73 iters/s

================ DSP benchmark summary ================
-- per-phase latency --
  catalog                    p50=10310.8 ms  p95=60000.5 ms  p99=60000.9 ms  max=60003.0 ms  n=1200
  negotiation init (POST)    p50=42.1 ms  p95=99.4 ms  p99=129.2 ms  max=213.3 ms  n=1066
  time-to-AGREED (async)     p50=3818.0 ms  p95=24011.0 ms  p99=29908.7 ms  max=30228.0 ms  n=590
  transfer init (POST)       p50=50.7 ms  p95=104.5 ms  p99=122.2 ms  max=155.9 ms  n=590
  time-to-EDR (async)        p50=3296.0 ms  p95=19213.2 ms  p99=24999.0 ms  max=27595.0 ms  n=590
  data pull                  p50=25.5 ms  p95=45.0 ms  p99=59.9 ms  max=271.3 ms  n=590
-- end-to-end + throughput --
  e2e transaction            p50=8179.5 ms  p95=51278.6 ms  p99=64190.1 ms  max=65814.0 ms  n=590
  data throughput (MB/s)     p50=0.2  p95=0.2  p99=0.2  max=0.2  n=590
-- outcomes --
  transactions succeeded     count=590  rate=1.144/s
  transactions failed        count=601  rate=1.165/s
  failed rate                rate=50.46%  (pass=601 fail=590)
    of which TERMINATED      (no data)
    of which TIMED OUT       count=467  rate=0.905/s
    of which HTTP-FAILED     count=134  rate=0.260/s
  failure accounting       601/601 classified  (complete)
-- observer effect (poll load) --
  negotiation polls          count=72715  rate=140.938/s
  edr polls                  count=13800  rate=26.748/s
  polls per transaction     negotiation=61.1  edr=11.6  (timeout ceiling=120)
=======================================================
(full summary -> /home/rohitj/edc/benchmarking-factoryx-edc/resources/local-fx-mvd/k6-scripts/results/factoryx/on/saturation-open/2026-08-10T12-20-48Z/k6-summary.json; POLL_INTERVAL_MS=250; IDENTITY_MODE=on)

running (08m35.9s), 000/600 VUs, 1191 complete and 332 interrupted iterations
saturation ✗ [  82% ] 332/600 VUs  08m35.9s/10m30s  5.73 iters/s
time="2026-08-10T12:31:13Z" level=error msg="thresholds on metrics 'dsp_transaction_failed_rate' were crossed; at least one has abortOnFail enabled, stopping test prematurely"
Prometheus snapshot [1786364557..1786365088] svc=(provider-controlplane|provider-dataplane|consumer-controlplane|consumer-dataplane) win=1m -> /home/rohitj/edc/benchmarking-factoryx-edc/resources/local-fx-mvd/k6-scripts/results/factoryx/on/saturation-open/2026-08-10T12-20-48Z
  jvm-heap.csv (428 rows)
  jvm-gc-rate.csv (428 rows)
  jvm-threads.csv (428 rows)
  http-throughput.csv (428 rows)
  http-p95.csv (428 rows)
  http-errors.csv (214 rows)
  http-errors-5xx.csv (107 rows)
  http-status.csv (428 rows)
  host-cpu-busy.csv (107 rows)
  host-mem-used.csv (107 rows)
  5xx: 5xx PRESENT (107 samples) — connector-side faults, see http-errors-5xx.csv
  logs -> /home/rohitj/edc/benchmarking-factoryx-edc/resources/local-fx-mvd/k6-scripts/results/factoryx/on/saturation-open/2026-08-10T12-20-48Z/logs (4 files)
    consumer-controlplane.log:1430
    consumer-dataplane.log:0
    provider-controlplane.log:0
    provider-dataplane.log:0
Settling 60s (this run stressed the connector; the next one must not inherit its backlog)
VALIDITY  ok=590  failed=601  failed_rate=50%  dropped_iterations=0  <-- >5% FAILURES: past the knee, not a valid operating point
>>> done: /home/rohitj/edc/benchmarking-factoryx-edc/resources/local-fx-mvd/k6-scripts/results/factoryx/on/saturation-open/2026-08-10T12-20-48Z  (k6 exit 99)
  (saturation-open rep 2 exited non-zero)
----- factoryx / saturation-open (rep 3) -----
>>> factoryx / saturation-open  ->  /home/rohitj/edc/benchmarking-factoryx-edc/resources/local-fx-mvd/k6-scripts/results/factoryx/on/saturation-open/2026-08-10T12-32-29Z
parity OK: lib/ + scenarios/ + orchestration/ + tools/ identical to /home/rohitj/edc/benchmarking-factoryx-edc/resources/local-fx-mvd/k6-scripts
Health: http://localhost:29010/management + prometheus  OK
Warmup 60s @ 1/s (discarded)
  (warmup non-zero exit ignored)
  draining 20s before the measured window opens
k6 -> Prometheus remote-write: http://localhost:9090/api/v1/write

         /\      Grafana   /‾‾/  
    /\  /  \     |\  __   /  /   
   /  \/    \    | |/ /  /   ‾‾\ 
  /          \   |   (  |  (‾)  |
 / __________ \  |_|\_\  \_____/ 


     execution: local
        script: /home/rohitj/edc/benchmarking-factoryx-edc/resources/local-fx-mvd/k6-scripts/scenarios/saturation-open.js
        output: Prometheus remote write (http://localhost:9090/api/v1/write)

     scenarios: (100.00%) 1 scenario, 800 max VUs, 11m0s max duration (incl. graceful stop):
              * saturation: Up to 6.00 iterations/s for 10m30s over 7 stages (maxVUs: 600-800, gracefulStop: 30s)


running (00m00.9s), 000/600 VUs, 0 complete and 0 interrupted iterations
saturation   [   0% ] 000/600 VUs  00m00.9s/10m30s  1.00 iters/s

running (00m01.9s), 001/600 VUs, 0 complete and 0 interrupted iterations
saturation   [   0% ] 001/600 VUs  00m01.9s/10m30s  1.00 iters/s

running (00m02.9s), 002/600 VUs, 0 complete and 0 interrupted iterations
saturation   [   0% ] 002/600 VUs  00m02.9s/10m30s  1.00 iters/s

running (00m03.9s), 003/600 VUs, 0 complete and 0 interrupted iterations
saturation   [   1% ] 003/600 VUs  00m03.9s/10m30s  1.00 iters/s

running (00m04.9s), 004/600 VUs, 0 complete and 0 interrupted iterations
saturation   [   1% ] 004/600 VUs  00m04.9s/10m30s  1.00 iters/s

running (00m05.9s), 005/600 VUs, 0 complete and 0 interrupted iterations
saturation   [   1% ] 005/600 VUs  00m05.9s/10m30s  1.00 iters/s

running (00m06.9s), 006/600 VUs, 0 complete and 0 interrupted iterations
saturation   [   1% ] 006/600 VUs  00m06.9s/10m30s  1.00 iters/s

running (00m07.9s), 004/600 VUs, 3 complete and 0 interrupted iterations
saturation   [   1% ] 004/600 VUs  00m07.9s/10m30s  1.00 iters/s

running (00m08.9s), 005/600 VUs, 3 complete and 0 interrupted iterations
saturation   [   1% ] 005/600 VUs  00m08.9s/10m30s  1.00 iters/s

running (00m09.9s), 005/600 VUs, 4 complete and 0 interrupted iterations
saturation   [   2% ] 005/600 VUs  00m09.9s/10m30s  1.00 iters/s

running (00m10.9s), 004/600 VUs, 6 complete and 0 interrupted iterations
saturation   [   2% ] 004/600 VUs  00m10.9s/10m30s  1.00 iters/s

running (00m11.9s), 004/600 VUs, 7 complete and 0 interrupted iterations
saturation   [   2% ] 004/600 VUs  00m11.9s/10m30s  1.00 iters/s

running (00m12.9s), 004/600 VUs, 8 complete and 0 interrupted iterations
saturation   [   2% ] 004/600 VUs  00m12.9s/10m30s  1.00 iters/s

running (00m13.9s), 005/600 VUs, 8 complete and 0 interrupted iterations
saturation   [   2% ] 005/600 VUs  00m13.9s/10m30s  1.00 iters/s

running (00m14.9s), 005/600 VUs, 9 complete and 0 interrupted iterations
saturation   [   2% ] 005/600 VUs  00m14.9s/10m30s  1.00 iters/s

running (00m15.9s), 006/600 VUs, 9 complete and 0 interrupted iterations
saturation   [   3% ] 006/600 VUs  00m15.9s/10m30s  1.00 iters/s

running (00m16.9s), 005/600 VUs, 11 complete and 0 interrupted iterations
saturation   [   3% ] 005/600 VUs  00m16.9s/10m30s  1.00 iters/s

running (00m17.9s), 006/600 VUs, 11 complete and 0 interrupted iterations
saturation   [   3% ] 006/600 VUs  00m17.9s/10m30s  1.00 iters/s

running (00m18.9s), 005/600 VUs, 13 complete and 0 interrupted iterations
saturation   [   3% ] 005/600 VUs  00m18.9s/10m30s  1.00 iters/s

running (00m19.9s), 005/600 VUs, 14 complete and 0 interrupted iterations
saturation   [   3% ] 005/600 VUs  00m19.9s/10m30s  1.00 iters/s

running (00m20.9s), 006/600 VUs, 14 complete and 0 interrupted iterations
saturation   [   3% ] 006/600 VUs  00m20.9s/10m30s  1.00 iters/s

running (00m21.9s), 006/600 VUs, 15 complete and 0 interrupted iterations
saturation   [   3% ] 006/600 VUs  00m21.9s/10m30s  1.00 iters/s

running (00m22.9s), 007/600 VUs, 15 complete and 0 interrupted iterations
saturation   [   4% ] 007/600 VUs  00m22.9s/10m30s  1.00 iters/s

running (00m23.9s), 005/600 VUs, 18 complete and 0 interrupted iterations
saturation   [   4% ] 005/600 VUs  00m23.9s/10m30s  1.00 iters/s

running (00m24.9s), 005/600 VUs, 19 complete and 0 interrupted iterations
saturation   [   4% ] 005/600 VUs  00m24.9s/10m30s  1.00 iters/s

running (00m25.9s), 004/600 VUs, 21 complete and 0 interrupted iterations
saturation   [   4% ] 004/600 VUs  00m25.9s/10m30s  1.00 iters/s

running (00m26.9s), 005/600 VUs, 21 complete and 0 interrupted iterations
saturation   [   4% ] 005/600 VUs  00m26.9s/10m30s  1.00 iters/s

running (00m27.9s), 004/600 VUs, 23 complete and 0 interrupted iterations
saturation   [   4% ] 004/600 VUs  00m27.9s/10m30s  1.00 iters/s

running (00m28.9s), 004/600 VUs, 24 complete and 0 interrupted iterations
saturation   [   5% ] 004/600 VUs  00m28.9s/10m30s  1.00 iters/s

running (00m29.9s), 005/600 VUs, 24 complete and 0 interrupted iterations
saturation   [   5% ] 005/600 VUs  00m29.9s/10m30s  1.00 iters/s

running (00m30.9s), 005/600 VUs, 25 complete and 0 interrupted iterations
saturation   [   5% ] 005/600 VUs  00m30.9s/10m30s  1.00 iters/s

running (00m31.9s), 005/600 VUs, 26 complete and 0 interrupted iterations
saturation   [   5% ] 005/600 VUs  00m31.9s/10m30s  1.00 iters/s

running (00m32.9s), 005/600 VUs, 27 complete and 0 interrupted iterations
saturation   [   5% ] 005/600 VUs  00m32.9s/10m30s  1.00 iters/s

running (00m33.9s), 006/600 VUs, 27 complete and 0 interrupted iterations
saturation   [   5% ] 006/600 VUs  00m33.9s/10m30s  1.00 iters/s

running (00m34.9s), 004/600 VUs, 30 complete and 0 interrupted iterations
saturation   [   6% ] 004/600 VUs  00m34.9s/10m30s  1.00 iters/s

running (00m35.9s), 004/600 VUs, 31 complete and 0 interrupted iterations
saturation   [   6% ] 004/600 VUs  00m35.9s/10m30s  1.00 iters/s

running (00m36.9s), 005/600 VUs, 31 complete and 0 interrupted iterations
saturation   [   6% ] 005/600 VUs  00m36.9s/10m30s  1.00 iters/s

running (00m37.9s), 005/600 VUs, 32 complete and 0 interrupted iterations
saturation   [   6% ] 005/600 VUs  00m37.9s/10m30s  1.00 iters/s

running (00m38.9s), 005/600 VUs, 33 complete and 0 interrupted iterations
saturation   [   6% ] 005/600 VUs  00m38.9s/10m30s  1.00 iters/s

running (00m39.9s), 004/600 VUs, 35 complete and 0 interrupted iterations
saturation   [   6% ] 004/600 VUs  00m39.9s/10m30s  1.00 iters/s

running (00m40.9s), 005/600 VUs, 35 complete and 0 interrupted iterations
saturation   [   6% ] 005/600 VUs  00m40.9s/10m30s  1.00 iters/s

running (00m41.9s), 005/600 VUs, 36 complete and 0 interrupted iterations
saturation   [   7% ] 005/600 VUs  00m41.9s/10m30s  1.00 iters/s

running (00m42.9s), 005/600 VUs, 37 complete and 0 interrupted iterations
saturation   [   7% ] 005/600 VUs  00m42.9s/10m30s  1.00 iters/s

running (00m43.9s), 005/600 VUs, 38 complete and 0 interrupted iterations
saturation   [   7% ] 005/600 VUs  00m43.9s/10m30s  1.00 iters/s

running (00m44.9s), 006/600 VUs, 38 complete and 0 interrupted iterations
saturation   [   7% ] 006/600 VUs  00m44.9s/10m30s  1.00 iters/s

running (00m45.9s), 007/600 VUs, 38 complete and 0 interrupted iterations
saturation   [   7% ] 007/600 VUs  00m45.9s/10m30s  1.00 iters/s

running (00m46.9s), 005/600 VUs, 41 complete and 0 interrupted iterations
saturation   [   7% ] 005/600 VUs  00m46.9s/10m30s  1.00 iters/s

running (00m47.9s), 005/600 VUs, 42 complete and 0 interrupted iterations
saturation   [   8% ] 005/600 VUs  00m47.9s/10m30s  1.00 iters/s

running (00m48.9s), 006/600 VUs, 42 complete and 0 interrupted iterations
saturation   [   8% ] 006/600 VUs  00m48.9s/10m30s  1.00 iters/s

running (00m49.9s), 006/600 VUs, 43 complete and 0 interrupted iterations
saturation   [   8% ] 006/600 VUs  00m49.9s/10m30s  1.00 iters/s

running (00m50.9s), 006/600 VUs, 44 complete and 0 interrupted iterations
saturation   [   8% ] 006/600 VUs  00m50.9s/10m30s  1.00 iters/s

running (00m51.9s), 006/600 VUs, 45 complete and 0 interrupted iterations
saturation   [   8% ] 006/600 VUs  00m51.9s/10m30s  1.00 iters/s

running (00m52.9s), 006/600 VUs, 46 complete and 0 interrupted iterations
saturation   [   8% ] 006/600 VUs  00m52.9s/10m30s  1.00 iters/s

running (00m53.9s), 006/600 VUs, 47 complete and 0 interrupted iterations
saturation   [   9% ] 006/600 VUs  00m53.9s/10m30s  1.00 iters/s

running (00m54.9s), 006/600 VUs, 48 complete and 0 interrupted iterations
saturation   [   9% ] 006/600 VUs  00m54.9s/10m30s  1.00 iters/s

running (00m55.9s), 005/600 VUs, 50 complete and 0 interrupted iterations
saturation   [   9% ] 005/600 VUs  00m55.9s/10m30s  1.00 iters/s

running (00m56.9s), 006/600 VUs, 50 complete and 0 interrupted iterations
saturation   [   9% ] 006/600 VUs  00m56.9s/10m30s  1.00 iters/s

running (00m57.9s), 005/600 VUs, 52 complete and 0 interrupted iterations
saturation   [   9% ] 005/600 VUs  00m57.9s/10m30s  1.00 iters/s

running (00m58.9s), 005/600 VUs, 53 complete and 0 interrupted iterations
saturation   [   9% ] 005/600 VUs  00m58.9s/10m30s  1.00 iters/s

running (00m59.9s), 006/600 VUs, 53 complete and 0 interrupted iterations
saturation   [  10% ] 006/600 VUs  00m59.9s/10m30s  1.00 iters/s

running (01m00.9s), 005/600 VUs, 55 complete and 0 interrupted iterations
saturation   [  10% ] 005/600 VUs  01m00.9s/10m30s  1.00 iters/s

running (01m01.9s), 006/600 VUs, 55 complete and 0 interrupted iterations
saturation   [  10% ] 006/600 VUs  01m01.9s/10m30s  1.00 iters/s

running (01m02.9s), 005/600 VUs, 57 complete and 0 interrupted iterations
saturation   [  10% ] 005/600 VUs  01m02.9s/10m30s  1.00 iters/s

running (01m03.9s), 005/600 VUs, 58 complete and 0 interrupted iterations
saturation   [  10% ] 005/600 VUs  01m03.9s/10m30s  1.00 iters/s

running (01m04.9s), 005/600 VUs, 59 complete and 0 interrupted iterations
saturation   [  10% ] 005/600 VUs  01m04.9s/10m30s  1.00 iters/s

running (01m05.9s), 005/600 VUs, 60 complete and 0 interrupted iterations
saturation   [  10% ] 005/600 VUs  01m05.9s/10m30s  1.00 iters/s

running (01m06.9s), 006/600 VUs, 60 complete and 0 interrupted iterations
saturation   [  11% ] 006/600 VUs  01m06.9s/10m30s  1.00 iters/s

running (01m07.9s), 005/600 VUs, 62 complete and 0 interrupted iterations
saturation   [  11% ] 005/600 VUs  01m07.9s/10m30s  1.00 iters/s

running (01m08.9s), 005/600 VUs, 63 complete and 0 interrupted iterations
saturation   [  11% ] 005/600 VUs  01m08.9s/10m30s  1.00 iters/s

running (01m09.9s), 005/600 VUs, 64 complete and 0 interrupted iterations
saturation   [  11% ] 005/600 VUs  01m09.9s/10m30s  1.00 iters/s

running (01m10.9s), 005/600 VUs, 65 complete and 0 interrupted iterations
saturation   [  11% ] 005/600 VUs  01m10.9s/10m30s  1.00 iters/s

running (01m11.9s), 005/600 VUs, 66 complete and 0 interrupted iterations
saturation   [  11% ] 005/600 VUs  01m11.9s/10m30s  1.00 iters/s

running (01m12.9s), 006/600 VUs, 66 complete and 0 interrupted iterations
saturation   [  12% ] 006/600 VUs  01m12.9s/10m30s  1.00 iters/s

running (01m13.9s), 005/600 VUs, 68 complete and 0 interrupted iterations
saturation   [  12% ] 005/600 VUs  01m13.9s/10m30s  1.00 iters/s

running (01m14.9s), 006/600 VUs, 68 complete and 0 interrupted iterations
saturation   [  12% ] 006/600 VUs  01m14.9s/10m30s  1.00 iters/s

running (01m15.9s), 005/600 VUs, 70 complete and 0 interrupted iterations
saturation   [  12% ] 005/600 VUs  01m15.9s/10m30s  1.00 iters/s

running (01m16.9s), 006/600 VUs, 70 complete and 0 interrupted iterations
saturation   [  12% ] 006/600 VUs  01m16.9s/10m30s  1.00 iters/s

running (01m17.9s), 006/600 VUs, 71 complete and 0 interrupted iterations
saturation   [  12% ] 006/600 VUs  01m17.9s/10m30s  1.00 iters/s

running (01m18.9s), 006/600 VUs, 72 complete and 0 interrupted iterations
saturation   [  13% ] 006/600 VUs  01m18.9s/10m30s  1.00 iters/s

running (01m19.9s), 005/600 VUs, 74 complete and 0 interrupted iterations
saturation   [  13% ] 005/600 VUs  01m19.9s/10m30s  1.00 iters/s

running (01m20.9s), 005/600 VUs, 75 complete and 0 interrupted iterations
saturation   [  13% ] 005/600 VUs  01m20.9s/10m30s  1.00 iters/s

running (01m21.9s), 005/600 VUs, 76 complete and 0 interrupted iterations
saturation   [  13% ] 005/600 VUs  01m21.9s/10m30s  1.00 iters/s

running (01m22.9s), 006/600 VUs, 76 complete and 0 interrupted iterations
saturation   [  13% ] 006/600 VUs  01m22.9s/10m30s  1.00 iters/s

running (01m23.9s), 005/600 VUs, 78 complete and 0 interrupted iterations
saturation   [  13% ] 005/600 VUs  01m23.9s/10m30s  1.00 iters/s

running (01m24.9s), 005/600 VUs, 79 complete and 0 interrupted iterations
saturation   [  13% ] 005/600 VUs  01m24.9s/10m30s  1.00 iters/s

running (01m25.9s), 005/600 VUs, 80 complete and 0 interrupted iterations
saturation   [  14% ] 005/600 VUs  01m25.9s/10m30s  1.00 iters/s

running (01m26.9s), 004/600 VUs, 82 complete and 0 interrupted iterations
saturation   [  14% ] 004/600 VUs  01m26.9s/10m30s  1.00 iters/s

running (01m27.9s), 005/600 VUs, 82 complete and 0 interrupted iterations
saturation   [  14% ] 005/600 VUs  01m27.9s/10m30s  1.00 iters/s

running (01m28.9s), 005/600 VUs, 83 complete and 0 interrupted iterations
saturation   [  14% ] 005/600 VUs  01m28.9s/10m30s  1.00 iters/s

running (01m29.9s), 005/600 VUs, 84 complete and 0 interrupted iterations
saturation   [  14% ] 005/600 VUs  01m29.9s/10m30s  1.00 iters/s

running (01m30.9s), 005/600 VUs, 85 complete and 0 interrupted iterations
saturation   [  14% ] 005/600 VUs  01m30.9s/10m30s  1.01 iters/s

running (01m31.9s), 006/600 VUs, 85 complete and 0 interrupted iterations
saturation   [  15% ] 006/600 VUs  01m31.9s/10m30s  1.02 iters/s

running (01m32.9s), 007/600 VUs, 85 complete and 0 interrupted iterations
saturation   [  15% ] 007/600 VUs  01m32.9s/10m30s  1.03 iters/s

running (01m33.9s), 005/600 VUs, 88 complete and 0 interrupted iterations
saturation   [  15% ] 005/600 VUs  01m33.9s/10m30s  1.04 iters/s

running (01m34.9s), 005/600 VUs, 89 complete and 0 interrupted iterations
saturation   [  15% ] 005/600 VUs  01m34.9s/10m30s  1.05 iters/s

running (01m35.9s), 005/600 VUs, 91 complete and 0 interrupted iterations
saturation   [  15% ] 005/600 VUs  01m35.9s/10m30s  1.07 iters/s

running (01m36.9s), 006/600 VUs, 91 complete and 0 interrupted iterations
saturation   [  15% ] 006/600 VUs  01m36.9s/10m30s  1.08 iters/s

running (01m37.9s), 006/600 VUs, 92 complete and 0 interrupted iterations
saturation   [  16% ] 006/600 VUs  01m37.9s/10m30s  1.09 iters/s

running (01m38.9s), 006/600 VUs, 93 complete and 0 interrupted iterations
saturation   [  16% ] 006/600 VUs  01m38.9s/10m30s  1.10 iters/s

running (01m39.9s), 005/600 VUs, 95 complete and 0 interrupted iterations
saturation   [  16% ] 005/600 VUs  01m39.9s/10m30s  1.11 iters/s

running (01m40.9s), 005/600 VUs, 96 complete and 0 interrupted iterations
saturation   [  16% ] 005/600 VUs  01m40.9s/10m30s  1.12 iters/s

running (01m41.9s), 005/600 VUs, 97 complete and 0 interrupted iterations
saturation   [  16% ] 005/600 VUs  01m41.9s/10m30s  1.13 iters/s

running (01m42.9s), 005/600 VUs, 98 complete and 0 interrupted iterations
saturation   [  16% ] 005/600 VUs  01m42.9s/10m30s  1.14 iters/s

running (01m43.9s), 006/600 VUs, 98 complete and 0 interrupted iterations
saturation   [  16% ] 006/600 VUs  01m43.9s/10m30s  1.15 iters/s

running (01m44.9s), 006/600 VUs, 100 complete and 0 interrupted iterations
saturation   [  17% ] 006/600 VUs  01m44.9s/10m30s  1.17 iters/s

running (01m45.9s), 006/600 VUs, 101 complete and 0 interrupted iterations
saturation   [  17% ] 006/600 VUs  01m45.9s/10m30s  1.18 iters/s

running (01m46.9s), 007/600 VUs, 101 complete and 0 interrupted iterations
saturation   [  17% ] 007/600 VUs  01m46.9s/10m30s  1.19 iters/s

running (01m47.9s), 005/600 VUs, 104 complete and 0 interrupted iterations
saturation   [  17% ] 005/600 VUs  01m47.9s/10m30s  1.20 iters/s

running (01m48.9s), 006/600 VUs, 104 complete and 0 interrupted iterations
saturation   [  17% ] 006/600 VUs  01m48.9s/10m30s  1.21 iters/s

running (01m49.9s), 008/600 VUs, 104 complete and 0 interrupted iterations
saturation   [  17% ] 008/600 VUs  01m49.9s/10m30s  1.22 iters/s

running (01m50.9s), 007/600 VUs, 106 complete and 0 interrupted iterations
saturation   [  18% ] 007/600 VUs  01m50.9s/10m30s  1.23 iters/s

running (01m51.9s), 007/600 VUs, 107 complete and 0 interrupted iterations
saturation   [  18% ] 007/600 VUs  01m51.9s/10m30s  1.24 iters/s

running (01m52.9s), 008/600 VUs, 107 complete and 0 interrupted iterations
saturation   [  18% ] 008/600 VUs  01m52.9s/10m30s  1.25 iters/s

running (01m53.9s), 008/600 VUs, 109 complete and 0 interrupted iterations
saturation   [  18% ] 008/600 VUs  01m53.9s/10m30s  1.27 iters/s

running (01m54.9s), 008/600 VUs, 110 complete and 0 interrupted iterations
saturation   [  18% ] 008/600 VUs  01m54.9s/10m30s  1.28 iters/s

running (01m55.9s), 007/600 VUs, 112 complete and 0 interrupted iterations
saturation   [  18% ] 007/600 VUs  01m55.9s/10m30s  1.29 iters/s

running (01m56.9s), 008/600 VUs, 112 complete and 0 interrupted iterations
saturation   [  19% ] 008/600 VUs  01m56.9s/10m30s  1.30 iters/s

running (01m57.9s), 008/600 VUs, 114 complete and 0 interrupted iterations
saturation   [  19% ] 008/600 VUs  01m57.9s/10m30s  1.31 iters/s

running (01m58.9s), 007/600 VUs, 116 complete and 0 interrupted iterations
saturation   [  19% ] 007/600 VUs  01m58.9s/10m30s  1.32 iters/s

running (01m59.9s), 007/600 VUs, 117 complete and 0 interrupted iterations
saturation   [  19% ] 007/600 VUs  01m59.9s/10m30s  1.33 iters/s

running (02m00.9s), 008/600 VUs, 118 complete and 0 interrupted iterations
saturation   [  19% ] 008/600 VUs  02m00.9s/10m30s  1.35 iters/s

running (02m01.9s), 007/600 VUs, 120 complete and 0 interrupted iterations
saturation   [  19% ] 007/600 VUs  02m01.9s/10m30s  1.35 iters/s

running (02m02.9s), 008/600 VUs, 120 complete and 0 interrupted iterations
saturation   [  20% ] 008/600 VUs  02m02.9s/10m30s  1.36 iters/s

running (02m03.9s), 009/600 VUs, 121 complete and 0 interrupted iterations
saturation   [  20% ] 009/600 VUs  02m03.9s/10m30s  1.38 iters/s

running (02m04.9s), 008/600 VUs, 123 complete and 0 interrupted iterations
saturation   [  20% ] 008/600 VUs  02m04.9s/10m30s  1.39 iters/s

running (02m05.9s), 006/600 VUs, 126 complete and 0 interrupted iterations
saturation   [  20% ] 006/600 VUs  02m05.9s/10m30s  1.39 iters/s

running (02m06.9s), 008/600 VUs, 126 complete and 0 interrupted iterations
saturation   [  20% ] 008/600 VUs  02m06.9s/10m30s  1.41 iters/s

running (02m07.9s), 007/600 VUs, 128 complete and 0 interrupted iterations
saturation   [  20% ] 007/600 VUs  02m07.9s/10m30s  1.42 iters/s

running (02m08.9s), 009/600 VUs, 128 complete and 0 interrupted iterations
saturation   [  20% ] 009/600 VUs  02m08.9s/10m30s  1.43 iters/s

running (02m09.9s), 009/600 VUs, 129 complete and 0 interrupted iterations
saturation   [  21% ] 009/600 VUs  02m09.9s/10m30s  1.44 iters/s

running (02m10.9s), 008/600 VUs, 132 complete and 0 interrupted iterations
saturation   [  21% ] 008/600 VUs  02m10.9s/10m30s  1.46 iters/s

running (02m11.9s), 009/600 VUs, 132 complete and 0 interrupted iterations
saturation   [  21% ] 009/600 VUs  02m11.9s/10m30s  1.46 iters/s

running (02m12.9s), 009/600 VUs, 134 complete and 0 interrupted iterations
saturation   [  21% ] 009/600 VUs  02m12.9s/10m30s  1.48 iters/s

running (02m13.9s), 008/600 VUs, 136 complete and 0 interrupted iterations
saturation   [  21% ] 008/600 VUs  02m13.9s/10m30s  1.49 iters/s

running (02m14.9s), 010/600 VUs, 136 complete and 0 interrupted iterations
saturation   [  21% ] 010/600 VUs  02m14.9s/10m30s  1.50 iters/s

running (02m15.9s), 007/600 VUs, 140 complete and 0 interrupted iterations
saturation   [  22% ] 007/600 VUs  02m15.9s/10m30s  1.51 iters/s

running (02m16.9s), 009/600 VUs, 140 complete and 0 interrupted iterations
saturation   [  22% ] 009/600 VUs  02m16.9s/10m30s  1.52 iters/s

running (02m17.9s), 008/600 VUs, 142 complete and 0 interrupted iterations
saturation   [  22% ] 008/600 VUs  02m17.9s/10m30s  1.53 iters/s

running (02m18.9s), 009/600 VUs, 143 complete and 0 interrupted iterations
saturation   [  22% ] 009/600 VUs  02m18.9s/10m30s  1.55 iters/s

running (02m19.9s), 010/600 VUs, 143 complete and 0 interrupted iterations
saturation   [  22% ] 010/600 VUs  02m19.9s/10m30s  1.55 iters/s

running (02m20.9s), 010/600 VUs, 145 complete and 0 interrupted iterations
saturation   [  22% ] 010/600 VUs  02m20.9s/10m30s  1.57 iters/s

running (02m21.9s), 009/600 VUs, 147 complete and 0 interrupted iterations
saturation   [  23% ] 009/600 VUs  02m21.9s/10m30s  1.57 iters/s

running (02m22.9s), 011/600 VUs, 147 complete and 0 interrupted iterations
saturation   [  23% ] 011/600 VUs  02m22.9s/10m30s  1.59 iters/s

running (02m23.9s), 010/600 VUs, 149 complete and 0 interrupted iterations
saturation   [  23% ] 010/600 VUs  02m23.9s/10m30s  1.60 iters/s

running (02m24.9s), 010/600 VUs, 151 complete and 0 interrupted iterations
saturation   [  23% ] 010/600 VUs  02m24.9s/10m30s  1.61 iters/s

running (02m25.9s), 010/600 VUs, 153 complete and 0 interrupted iterations
saturation   [  23% ] 010/600 VUs  02m25.9s/10m30s  1.62 iters/s

running (02m26.9s), 009/600 VUs, 155 complete and 0 interrupted iterations
saturation   [  23% ] 009/600 VUs  02m26.9s/10m30s  1.63 iters/s

running (02m27.9s), 011/600 VUs, 155 complete and 0 interrupted iterations
saturation   [  23% ] 011/600 VUs  02m27.9s/10m30s  1.64 iters/s

running (02m28.9s), 011/600 VUs, 157 complete and 0 interrupted iterations
saturation   [  24% ] 011/600 VUs  02m28.9s/10m30s  1.66 iters/s

running (02m29.9s), 012/600 VUs, 157 complete and 0 interrupted iterations
saturation   [  24% ] 012/600 VUs  02m29.9s/10m30s  1.66 iters/s

running (02m30.9s), 009/600 VUs, 162 complete and 0 interrupted iterations
saturation   [  24% ] 009/600 VUs  02m30.9s/10m30s  1.68 iters/s

running (02m31.9s), 010/600 VUs, 163 complete and 0 interrupted iterations
saturation   [  24% ] 010/600 VUs  02m31.9s/10m30s  1.69 iters/s

running (02m32.9s), 011/600 VUs, 163 complete and 0 interrupted iterations
saturation   [  24% ] 011/600 VUs  02m32.9s/10m30s  1.70 iters/s

running (02m33.9s), 010/600 VUs, 166 complete and 0 interrupted iterations
saturation   [  24% ] 010/600 VUs  02m33.9s/10m30s  1.71 iters/s

running (02m34.9s), 012/600 VUs, 166 complete and 0 interrupted iterations
saturation   [  25% ] 012/600 VUs  02m34.9s/10m30s  1.72 iters/s

running (02m35.9s), 011/600 VUs, 168 complete and 0 interrupted iterations
saturation   [  25% ] 011/600 VUs  02m35.9s/10m30s  1.73 iters/s

running (02m36.9s), 013/600 VUs, 168 complete and 0 interrupted iterations
saturation   [  25% ] 013/600 VUs  02m36.9s/10m30s  1.74 iters/s

running (02m37.9s), 011/600 VUs, 172 complete and 0 interrupted iterations
saturation   [  25% ] 011/600 VUs  02m37.9s/10m30s  1.75 iters/s

running (02m38.9s), 011/600 VUs, 174 complete and 0 interrupted iterations
saturation   [  25% ] 011/600 VUs  02m38.9s/10m30s  1.77 iters/s

running (02m39.9s), 012/600 VUs, 174 complete and 0 interrupted iterations
saturation   [  25% ] 012/600 VUs  02m39.9s/10m30s  1.77 iters/s

running (02m40.9s), 010/600 VUs, 178 complete and 0 interrupted iterations
saturation   [  26% ] 010/600 VUs  02m40.9s/10m30s  1.79 iters/s

running (02m41.9s), 011/600 VUs, 179 complete and 0 interrupted iterations
saturation   [  26% ] 011/600 VUs  02m41.9s/10m30s  1.80 iters/s

running (02m42.9s), 010/600 VUs, 182 complete and 0 interrupted iterations
saturation   [  26% ] 010/600 VUs  02m42.9s/10m30s  1.81 iters/s

running (02m43.9s), 012/600 VUs, 182 complete and 0 interrupted iterations
saturation   [  26% ] 012/600 VUs  02m43.9s/10m30s  1.82 iters/s

running (02m44.9s), 011/600 VUs, 184 complete and 0 interrupted iterations
saturation   [  26% ] 011/600 VUs  02m44.9s/10m30s  1.83 iters/s

running (02m45.9s), 010/600 VUs, 187 complete and 0 interrupted iterations
saturation   [  26% ] 010/600 VUs  02m45.9s/10m30s  1.84 iters/s

running (02m46.9s), 011/600 VUs, 188 complete and 0 interrupted iterations
saturation   [  26% ] 011/600 VUs  02m46.9s/10m30s  1.85 iters/s

running (02m47.9s), 012/600 VUs, 189 complete and 0 interrupted iterations
saturation   [  27% ] 012/600 VUs  02m47.9s/10m30s  1.86 iters/s

running (02m48.9s), 012/600 VUs, 191 complete and 0 interrupted iterations
saturation   [  27% ] 012/600 VUs  02m48.9s/10m30s  1.88 iters/s

running (02m49.9s), 011/600 VUs, 194 complete and 0 interrupted iterations
saturation   [  27% ] 011/600 VUs  02m49.9s/10m30s  1.89 iters/s

running (02m50.9s), 013/600 VUs, 194 complete and 0 interrupted iterations
saturation   [  27% ] 013/600 VUs  02m50.9s/10m30s  1.90 iters/s

running (02m51.9s), 012/600 VUs, 197 complete and 0 interrupted iterations
saturation   [  27% ] 012/600 VUs  02m51.9s/10m30s  1.91 iters/s

running (02m52.9s), 011/600 VUs, 199 complete and 0 interrupted iterations
saturation   [  27% ] 011/600 VUs  02m52.9s/10m30s  1.92 iters/s

running (02m53.9s), 013/600 VUs, 199 complete and 0 interrupted iterations
saturation   [  28% ] 013/600 VUs  02m53.9s/10m30s  1.93 iters/s

running (02m54.9s), 013/600 VUs, 201 complete and 0 interrupted iterations
saturation   [  28% ] 013/600 VUs  02m54.9s/10m30s  1.94 iters/s

running (02m55.9s), 013/600 VUs, 203 complete and 0 interrupted iterations
saturation   [  28% ] 013/600 VUs  02m55.9s/10m30s  1.95 iters/s

running (02m56.9s), 013/600 VUs, 205 complete and 0 interrupted iterations
saturation   [  28% ] 013/600 VUs  02m56.9s/10m30s  1.96 iters/s

running (02m57.9s), 011/600 VUs, 209 complete and 0 interrupted iterations
saturation   [  28% ] 011/600 VUs  02m57.9s/10m30s  1.97 iters/s

running (02m58.9s), 013/600 VUs, 209 complete and 0 interrupted iterations
saturation   [  28% ] 013/600 VUs  02m58.9s/10m30s  1.99 iters/s

running (02m59.9s), 015/600 VUs, 209 complete and 0 interrupted iterations
saturation   [  29% ] 015/600 VUs  02m59.9s/10m30s  2.00 iters/s

running (03m00.9s), 012/600 VUs, 214 complete and 0 interrupted iterations
saturation   [  29% ] 012/600 VUs  03m00.9s/10m30s  2.01 iters/s

running (03m01.9s), 011/600 VUs, 217 complete and 0 interrupted iterations
saturation   [  29% ] 011/600 VUs  03m01.9s/10m30s  2.02 iters/s

running (03m02.9s), 011/600 VUs, 219 complete and 0 interrupted iterations
saturation   [  29% ] 011/600 VUs  03m02.9s/10m30s  2.03 iters/s

running (03m03.9s), 013/600 VUs, 219 complete and 0 interrupted iterations
saturation   [  29% ] 013/600 VUs  03m03.9s/10m30s  2.04 iters/s

running (03m04.9s), 012/600 VUs, 222 complete and 0 interrupted iterations
saturation   [  29% ] 012/600 VUs  03m04.9s/10m30s  2.05 iters/s

running (03m05.9s), 014/600 VUs, 222 complete and 0 interrupted iterations
saturation   [  30% ] 014/600 VUs  03m05.9s/10m30s  2.06 iters/s

running (03m06.9s), 016/600 VUs, 222 complete and 0 interrupted iterations
saturation   [  30% ] 016/600 VUs  03m06.9s/10m30s  2.07 iters/s

running (03m07.9s), 015/600 VUs, 226 complete and 0 interrupted iterations
saturation   [  30% ] 015/600 VUs  03m07.9s/10m30s  2.09 iters/s

running (03m08.9s), 015/600 VUs, 228 complete and 0 interrupted iterations
saturation   [  30% ] 015/600 VUs  03m08.9s/10m30s  2.10 iters/s

running (03m09.9s), 015/600 VUs, 230 complete and 0 interrupted iterations
saturation   [  30% ] 015/600 VUs  03m09.9s/10m30s  2.11 iters/s

running (03m10.9s), 017/600 VUs, 230 complete and 0 interrupted iterations
saturation   [  30% ] 017/600 VUs  03m10.9s/10m30s  2.12 iters/s

running (03m11.9s), 018/600 VUs, 231 complete and 0 interrupted iterations
saturation   [  30% ] 018/600 VUs  03m11.9s/10m30s  2.13 iters/s

running (03m12.9s), 015/600 VUs, 236 complete and 0 interrupted iterations
saturation   [  31% ] 015/600 VUs  03m12.9s/10m30s  2.14 iters/s

running (03m13.9s), 014/600 VUs, 239 complete and 0 interrupted iterations
saturation   [  31% ] 014/600 VUs  03m13.9s/10m30s  2.15 iters/s

running (03m14.9s), 012/600 VUs, 243 complete and 0 interrupted iterations
saturation   [  31% ] 012/600 VUs  03m14.9s/10m30s  2.16 iters/s

running (03m15.9s), 015/600 VUs, 243 complete and 0 interrupted iterations
saturation   [  31% ] 015/600 VUs  03m15.9s/10m30s  2.18 iters/s

running (03m16.9s), 014/600 VUs, 246 complete and 0 interrupted iterations
saturation   [  31% ] 014/600 VUs  03m16.9s/10m30s  2.19 iters/s

running (03m17.9s), 016/600 VUs, 246 complete and 0 interrupted iterations
saturation   [  31% ] 016/600 VUs  03m17.9s/10m30s  2.20 iters/s

running (03m18.9s), 016/600 VUs, 248 complete and 0 interrupted iterations
saturation   [  32% ] 016/600 VUs  03m18.9s/10m30s  2.21 iters/s

running (03m19.9s), 018/600 VUs, 248 complete and 0 interrupted iterations
saturation   [  32% ] 018/600 VUs  03m19.9s/10m30s  2.22 iters/s

running (03m20.9s), 016/600 VUs, 253 complete and 0 interrupted iterations
saturation   [  32% ] 016/600 VUs  03m20.9s/10m30s  2.23 iters/s

running (03m21.9s), 015/600 VUs, 256 complete and 0 interrupted iterations
saturation   [  32% ] 015/600 VUs  03m21.9s/10m30s  2.24 iters/s

running (03m22.9s), 016/600 VUs, 257 complete and 0 interrupted iterations
saturation   [  32% ] 016/600 VUs  03m22.9s/10m30s  2.25 iters/s

running (03m23.9s), 016/600 VUs, 259 complete and 0 interrupted iterations
saturation   [  32% ] 016/600 VUs  03m23.9s/10m30s  2.26 iters/s

running (03m24.9s), 019/600 VUs, 259 complete and 0 interrupted iterations
saturation   [  33% ] 019/600 VUs  03m24.9s/10m30s  2.28 iters/s

running (03m25.9s), 017/600 VUs, 263 complete and 0 interrupted iterations
saturation   [  33% ] 017/600 VUs  03m25.9s/10m30s  2.29 iters/s

running (03m26.9s), 015/600 VUs, 267 complete and 0 interrupted iterations
saturation   [  33% ] 015/600 VUs  03m26.9s/10m30s  2.30 iters/s

running (03m27.9s), 016/600 VUs, 269 complete and 0 interrupted iterations
saturation   [  33% ] 016/600 VUs  03m27.9s/10m30s  2.31 iters/s

running (03m28.9s), 017/600 VUs, 270 complete and 0 interrupted iterations
saturation   [  33% ] 017/600 VUs  03m28.9s/10m30s  2.32 iters/s

running (03m29.9s), 019/600 VUs, 270 complete and 0 interrupted iterations
saturation   [  33% ] 019/600 VUs  03m29.9s/10m30s  2.33 iters/s

running (03m30.9s), 016/600 VUs, 276 complete and 0 interrupted iterations
saturation   [  33% ] 016/600 VUs  03m30.9s/10m30s  2.35 iters/s

running (03m31.9s), 018/600 VUs, 276 complete and 0 interrupted iterations
saturation   [  34% ] 018/600 VUs  03m31.9s/10m30s  2.35 iters/s

running (03m32.9s), 018/600 VUs, 278 complete and 0 interrupted iterations
saturation   [  34% ] 018/600 VUs  03m32.9s/10m30s  2.36 iters/s

running (03m33.9s), 019/600 VUs, 280 complete and 0 interrupted iterations
saturation   [  34% ] 019/600 VUs  03m33.9s/10m30s  2.38 iters/s

running (03m34.9s), 017/600 VUs, 284 complete and 0 interrupted iterations
saturation   [  34% ] 017/600 VUs  03m34.9s/10m30s  2.39 iters/s

running (03m35.9s), 019/600 VUs, 284 complete and 0 interrupted iterations
saturation   [  34% ] 019/600 VUs  03m35.9s/10m30s  2.40 iters/s

running (03m36.9s), 019/600 VUs, 287 complete and 0 interrupted iterations
saturation   [  34% ] 019/600 VUs  03m36.9s/10m30s  2.41 iters/s

running (03m37.9s), 018/600 VUs, 290 complete and 0 interrupted iterations
saturation   [  35% ] 018/600 VUs  03m37.9s/10m30s  2.42 iters/s

running (03m38.9s), 021/600 VUs, 290 complete and 0 interrupted iterations
saturation   [  35% ] 021/600 VUs  03m38.9s/10m30s  2.43 iters/s

running (03m39.9s), 019/600 VUs, 294 complete and 0 interrupted iterations
saturation   [  35% ] 019/600 VUs  03m39.9s/10m30s  2.44 iters/s

running (03m40.9s), 020/600 VUs, 295 complete and 0 interrupted iterations
saturation   [  35% ] 020/600 VUs  03m40.9s/10m30s  2.45 iters/s

running (03m41.9s), 020/600 VUs, 298 complete and 0 interrupted iterations
saturation   [  35% ] 020/600 VUs  03m41.9s/10m30s  2.47 iters/s

running (03m42.9s), 018/600 VUs, 302 complete and 0 interrupted iterations
saturation   [  35% ] 018/600 VUs  03m42.9s/10m30s  2.47 iters/s

running (03m43.9s), 017/600 VUs, 306 complete and 0 interrupted iterations
saturation   [  36% ] 017/600 VUs  03m43.9s/10m30s  2.49 iters/s

running (03m44.9s), 019/600 VUs, 306 complete and 0 interrupted iterations
saturation   [  36% ] 019/600 VUs  03m44.9s/10m30s  2.50 iters/s

running (03m45.9s), 022/600 VUs, 306 complete and 0 interrupted iterations
saturation   [  36% ] 022/600 VUs  03m45.9s/10m30s  2.51 iters/s

running (03m46.9s), 023/600 VUs, 307 complete and 0 interrupted iterations
saturation   [  36% ] 023/600 VUs  03m46.9s/10m30s  2.52 iters/s

running (03m47.9s), 021/600 VUs, 312 complete and 0 interrupted iterations
saturation   [  36% ] 021/600 VUs  03m47.9s/10m30s  2.53 iters/s

running (03m48.9s), 021/600 VUs, 314 complete and 0 interrupted iterations
saturation   [  36% ] 021/600 VUs  03m48.9s/10m30s  2.54 iters/s

running (03m49.9s), 022/600 VUs, 316 complete and 0 interrupted iterations
saturation   [  36% ] 022/600 VUs  03m49.9s/10m30s  2.55 iters/s

running (03m50.9s), 021/600 VUs, 320 complete and 0 interrupted iterations
saturation   [  37% ] 021/600 VUs  03m50.9s/10m30s  2.57 iters/s

running (03m51.9s), 023/600 VUs, 320 complete and 0 interrupted iterations
saturation   [  37% ] 023/600 VUs  03m51.9s/10m30s  2.58 iters/s

running (03m52.9s), 023/600 VUs, 323 complete and 0 interrupted iterations
saturation   [  37% ] 023/600 VUs  03m52.9s/10m30s  2.59 iters/s

running (03m53.9s), 022/600 VUs, 326 complete and 0 interrupted iterations
saturation   [  37% ] 022/600 VUs  03m53.9s/10m30s  2.60 iters/s

running (03m54.9s), 024/600 VUs, 327 complete and 0 interrupted iterations
saturation   [  37% ] 024/600 VUs  03m54.9s/10m30s  2.61 iters/s

running (03m55.9s), 022/600 VUs, 332 complete and 0 interrupted iterations
saturation   [  37% ] 022/600 VUs  03m55.9s/10m30s  2.62 iters/s

running (03m56.9s), 024/600 VUs, 332 complete and 0 interrupted iterations
saturation   [  38% ] 024/600 VUs  03m56.9s/10m30s  2.63 iters/s

running (03m57.9s), 023/600 VUs, 336 complete and 0 interrupted iterations
saturation   [  38% ] 023/600 VUs  03m57.9s/10m30s  2.64 iters/s

running (03m58.9s), 023/600 VUs, 338 complete and 0 interrupted iterations
saturation   [  38% ] 023/600 VUs  03m58.9s/10m30s  2.65 iters/s

running (03m59.9s), 023/600 VUs, 341 complete and 0 interrupted iterations
saturation   [  38% ] 023/600 VUs  03m59.9s/10m30s  2.66 iters/s

running (04m00.9s), 023/600 VUs, 344 complete and 0 interrupted iterations
saturation   [  38% ] 023/600 VUs  04m00.9s/10m30s  2.68 iters/s

running (04m01.9s), 021/600 VUs, 348 complete and 0 interrupted iterations
saturation   [  38% ] 021/600 VUs  04m01.9s/10m30s  2.69 iters/s

running (04m02.9s), 022/600 VUs, 350 complete and 0 interrupted iterations
saturation   [  39% ] 022/600 VUs  04m02.9s/10m30s  2.70 iters/s

running (04m03.9s), 024/600 VUs, 351 complete and 0 interrupted iterations
saturation   [  39% ] 024/600 VUs  04m03.9s/10m30s  2.71 iters/s

running (04m04.9s), 027/600 VUs, 351 complete and 0 interrupted iterations
saturation   [  39% ] 027/600 VUs  04m04.9s/10m30s  2.72 iters/s

running (04m05.9s), 029/600 VUs, 351 complete and 0 interrupted iterations
saturation   [  39% ] 029/600 VUs  04m05.9s/10m30s  2.73 iters/s

running (04m06.9s), 028/600 VUs, 355 complete and 0 interrupted iterations
saturation   [  39% ] 028/600 VUs  04m06.9s/10m30s  2.74 iters/s

running (04m07.9s), 028/600 VUs, 358 complete and 0 interrupted iterations
saturation   [  39% ] 028/600 VUs  04m07.9s/10m30s  2.75 iters/s

running (04m08.9s), 031/600 VUs, 358 complete and 0 interrupted iterations
saturation   [  40% ] 031/600 VUs  04m08.9s/10m30s  2.77 iters/s

running (04m09.9s), 028/600 VUs, 363 complete and 0 interrupted iterations
saturation   [  40% ] 028/600 VUs  04m09.9s/10m30s  2.77 iters/s

running (04m10.9s), 028/600 VUs, 366 complete and 0 interrupted iterations
saturation   [  40% ] 028/600 VUs  04m10.9s/10m30s  2.79 iters/s

running (04m11.9s), 027/600 VUs, 370 complete and 0 interrupted iterations
saturation   [  40% ] 027/600 VUs  04m11.9s/10m30s  2.80 iters/s

running (04m12.9s), 030/600 VUs, 370 complete and 0 interrupted iterations
saturation   [  40% ] 030/600 VUs  04m12.9s/10m30s  2.81 iters/s

running (04m13.9s), 029/600 VUs, 374 complete and 0 interrupted iterations
saturation   [  40% ] 029/600 VUs  04m13.9s/10m30s  2.82 iters/s

running (04m14.9s), 028/600 VUs, 377 complete and 0 interrupted iterations
saturation   [  40% ] 028/600 VUs  04m14.9s/10m30s  2.83 iters/s

running (04m15.9s), 031/600 VUs, 377 complete and 0 interrupted iterations
saturation   [  41% ] 031/600 VUs  04m15.9s/10m30s  2.84 iters/s

running (04m16.9s), 029/600 VUs, 382 complete and 0 interrupted iterations
saturation   [  41% ] 029/600 VUs  04m16.9s/10m30s  2.85 iters/s

running (04m17.9s), 028/600 VUs, 386 complete and 0 interrupted iterations
saturation   [  41% ] 028/600 VUs  04m17.9s/10m30s  2.87 iters/s

running (04m18.9s), 028/600 VUs, 389 complete and 0 interrupted iterations
saturation   [  41% ] 028/600 VUs  04m18.9s/10m30s  2.88 iters/s

running (04m19.9s), 031/600 VUs, 389 complete and 0 interrupted iterations
saturation   [  41% ] 031/600 VUs  04m19.9s/10m30s  2.89 iters/s

running (04m20.9s), 034/600 VUs, 389 complete and 0 interrupted iterations
saturation   [  41% ] 034/600 VUs  04m20.9s/10m30s  2.90 iters/s

running (04m21.9s), 033/600 VUs, 392 complete and 0 interrupted iterations
saturation   [  42% ] 033/600 VUs  04m21.9s/10m30s  2.91 iters/s

running (04m22.9s), 033/600 VUs, 395 complete and 0 interrupted iterations
saturation   [  42% ] 033/600 VUs  04m22.9s/10m30s  2.92 iters/s

running (04m23.9s), 036/600 VUs, 395 complete and 0 interrupted iterations
saturation   [  42% ] 036/600 VUs  04m23.9s/10m30s  2.93 iters/s

running (04m24.9s), 032/600 VUs, 402 complete and 0 interrupted iterations
saturation   [  42% ] 032/600 VUs  04m24.9s/10m30s  2.94 iters/s

running (04m25.9s), 033/600 VUs, 404 complete and 0 interrupted iterations
saturation   [  42% ] 033/600 VUs  04m25.9s/10m30s  2.95 iters/s

running (04m26.9s), 033/600 VUs, 407 complete and 0 interrupted iterations
saturation   [  42% ] 033/600 VUs  04m26.9s/10m30s  2.96 iters/s

running (04m27.9s), 036/600 VUs, 407 complete and 0 interrupted iterations
saturation   [  43% ] 036/600 VUs  04m27.9s/10m30s  2.98 iters/s

running (04m28.9s), 037/600 VUs, 409 complete and 0 interrupted iterations
saturation   [  43% ] 037/600 VUs  04m28.9s/10m30s  2.99 iters/s

running (04m29.9s), 036/600 VUs, 413 complete and 0 interrupted iterations
saturation   [  43% ] 036/600 VUs  04m29.9s/10m30s  3.00 iters/s

running (04m30.9s), 037/600 VUs, 415 complete and 0 interrupted iterations
saturation   [  43% ] 037/600 VUs  04m30.9s/10m30s  3.01 iters/s

running (04m31.9s), 037/600 VUs, 418 complete and 0 interrupted iterations
saturation   [  43% ] 037/600 VUs  04m31.9s/10m30s  3.02 iters/s

running (04m32.9s), 039/600 VUs, 419 complete and 0 interrupted iterations
saturation   [  43% ] 039/600 VUs  04m32.9s/10m30s  3.03 iters/s

running (04m33.9s), 037/600 VUs, 424 complete and 0 interrupted iterations
saturation   [  43% ] 037/600 VUs  04m33.9s/10m30s  3.04 iters/s

running (04m34.9s), 038/600 VUs, 426 complete and 0 interrupted iterations
saturation   [  44% ] 038/600 VUs  04m34.9s/10m30s  3.05 iters/s

running (04m35.9s), 038/600 VUs, 429 complete and 0 interrupted iterations
saturation   [  44% ] 038/600 VUs  04m35.9s/10m30s  3.06 iters/s

running (04m36.9s), 039/600 VUs, 431 complete and 0 interrupted iterations
saturation   [  44% ] 039/600 VUs  04m36.9s/10m30s  3.07 iters/s

running (04m37.9s), 041/600 VUs, 432 complete and 0 interrupted iterations
saturation   [  44% ] 041/600 VUs  04m37.9s/10m30s  3.09 iters/s

running (04m38.9s), 043/600 VUs, 434 complete and 0 interrupted iterations
saturation   [  44% ] 043/600 VUs  04m38.9s/10m30s  3.10 iters/s

running (04m39.9s), 044/600 VUs, 436 complete and 0 interrupted iterations
saturation   [  44% ] 044/600 VUs  04m39.9s/10m30s  3.11 iters/s

running (04m40.9s), 047/600 VUs, 436 complete and 0 interrupted iterations
saturation   [  45% ] 047/600 VUs  04m40.9s/10m30s  3.12 iters/s

running (04m41.9s), 047/600 VUs, 439 complete and 0 interrupted iterations
saturation   [  45% ] 047/600 VUs  04m41.9s/10m30s  3.13 iters/s

running (04m42.9s), 047/600 VUs, 442 complete and 0 interrupted iterations
saturation   [  45% ] 047/600 VUs  04m42.9s/10m30s  3.14 iters/s

running (04m43.9s), 050/600 VUs, 442 complete and 0 interrupted iterations
saturation   [  45% ] 050/600 VUs  04m43.9s/10m30s  3.15 iters/s

running (04m44.9s), 049/600 VUs, 446 complete and 0 interrupted iterations
saturation   [  45% ] 049/600 VUs  04m44.9s/10m30s  3.16 iters/s

running (04m45.9s), 050/600 VUs, 448 complete and 0 interrupted iterations
saturation   [  45% ] 050/600 VUs  04m45.9s/10m30s  3.17 iters/s

running (04m46.9s), 052/600 VUs, 450 complete and 0 interrupted iterations
saturation   [  46% ] 052/600 VUs  04m46.9s/10m30s  3.19 iters/s

running (04m47.9s), 052/600 VUs, 453 complete and 0 interrupted iterations
saturation   [  46% ] 052/600 VUs  04m47.9s/10m30s  3.20 iters/s

running (04m48.9s), 053/600 VUs, 455 complete and 0 interrupted iterations
saturation   [  46% ] 053/600 VUs  04m48.9s/10m30s  3.21 iters/s

running (04m49.9s), 054/600 VUs, 457 complete and 0 interrupted iterations
saturation   [  46% ] 054/600 VUs  04m49.9s/10m30s  3.22 iters/s

running (04m50.9s), 054/600 VUs, 460 complete and 0 interrupted iterations
saturation   [  46% ] 054/600 VUs  04m50.9s/10m30s  3.23 iters/s

running (04m51.9s), 056/600 VUs, 462 complete and 0 interrupted iterations
saturation   [  46% ] 056/600 VUs  04m51.9s/10m30s  3.24 iters/s

running (04m52.9s), 056/600 VUs, 465 complete and 0 interrupted iterations
saturation   [  46% ] 056/600 VUs  04m52.9s/10m30s  3.25 iters/s

running (04m53.9s), 058/600 VUs, 466 complete and 0 interrupted iterations
saturation   [  47% ] 058/600 VUs  04m53.9s/10m30s  3.26 iters/s

running (04m54.9s), 060/600 VUs, 467 complete and 0 interrupted iterations
saturation   [  47% ] 060/600 VUs  04m54.9s/10m30s  3.27 iters/s

running (04m55.9s), 060/600 VUs, 471 complete and 0 interrupted iterations
saturation   [  47% ] 060/600 VUs  04m55.9s/10m30s  3.29 iters/s

running (04m56.9s), 063/600 VUs, 471 complete and 0 interrupted iterations
saturation   [  47% ] 063/600 VUs  04m56.9s/10m30s  3.30 iters/s

running (04m57.9s), 066/600 VUs, 471 complete and 0 interrupted iterations
saturation   [  47% ] 066/600 VUs  04m57.9s/10m30s  3.31 iters/s

running (04m58.9s), 068/600 VUs, 473 complete and 0 interrupted iterations
saturation   [  47% ] 068/600 VUs  04m58.9s/10m30s  3.32 iters/s

running (04m59.9s), 070/600 VUs, 474 complete and 0 interrupted iterations
saturation   [  48% ] 070/600 VUs  04m59.9s/10m30s  3.33 iters/s

running (05m00.9s), 069/600 VUs, 478 complete and 0 interrupted iterations
saturation   [  48% ] 069/600 VUs  05m00.9s/10m30s  3.34 iters/s

running (05m01.9s), 071/600 VUs, 480 complete and 0 interrupted iterations
saturation   [  48% ] 071/600 VUs  05m01.9s/10m30s  3.35 iters/s

running (05m02.9s), 074/600 VUs, 480 complete and 0 interrupted iterations
saturation   [  48% ] 074/600 VUs  05m02.9s/10m30s  3.36 iters/s

running (05m03.9s), 075/600 VUs, 482 complete and 0 interrupted iterations
saturation   [  48% ] 075/600 VUs  05m03.9s/10m30s  3.37 iters/s

running (05m04.9s), 077/600 VUs, 484 complete and 0 interrupted iterations
saturation   [  48% ] 077/600 VUs  05m04.9s/10m30s  3.39 iters/s

running (05m05.9s), 078/600 VUs, 486 complete and 0 interrupted iterations
saturation   [  49% ] 078/600 VUs  05m05.9s/10m30s  3.40 iters/s

running (05m06.9s), 080/600 VUs, 488 complete and 0 interrupted iterations
saturation   [  49% ] 080/600 VUs  05m06.9s/10m30s  3.41 iters/s

running (05m07.9s), 081/600 VUs, 490 complete and 0 interrupted iterations
saturation   [  49% ] 081/600 VUs  05m07.9s/10m30s  3.42 iters/s

running (05m08.9s), 084/600 VUs, 490 complete and 0 interrupted iterations
saturation   [  49% ] 084/600 VUs  05m08.9s/10m30s  3.43 iters/s

running (05m09.9s), 088/600 VUs, 490 complete and 0 interrupted iterations
saturation   [  49% ] 088/600 VUs  05m09.9s/10m30s  3.44 iters/s

running (05m10.9s), 088/600 VUs, 493 complete and 0 interrupted iterations
saturation   [  49% ] 088/600 VUs  05m10.9s/10m30s  3.45 iters/s

running (05m11.9s), 092/600 VUs, 493 complete and 0 interrupted iterations
saturation   [  50% ] 092/600 VUs  05m11.9s/10m30s  3.47 iters/s

running (05m12.9s), 090/600 VUs, 498 complete and 0 interrupted iterations
saturation   [  50% ] 090/600 VUs  05m12.9s/10m30s  3.48 iters/s

running (05m13.9s), 094/600 VUs, 498 complete and 0 interrupted iterations
saturation   [  50% ] 094/600 VUs  05m13.9s/10m30s  3.49 iters/s

running (05m14.9s), 094/600 VUs, 501 complete and 0 interrupted iterations
saturation   [  50% ] 094/600 VUs  05m14.9s/10m30s  3.50 iters/s

running (05m15.9s), 097/600 VUs, 502 complete and 0 interrupted iterations
saturation   [  50% ] 097/600 VUs  05m15.9s/10m30s  3.51 iters/s

running (05m16.9s), 098/600 VUs, 504 complete and 0 interrupted iterations
saturation   [  50% ] 098/600 VUs  05m16.9s/10m30s  3.52 iters/s

running (05m17.9s), 102/600 VUs, 504 complete and 0 interrupted iterations
saturation   [  50% ] 102/600 VUs  05m17.9s/10m30s  3.53 iters/s

running (05m18.9s), 102/600 VUs, 507 complete and 0 interrupted iterations
saturation   [  51% ] 102/600 VUs  05m18.9s/10m30s  3.54 iters/s

running (05m19.9s), 104/600 VUs, 509 complete and 0 interrupted iterations
saturation   [  51% ] 104/600 VUs  05m19.9s/10m30s  3.55 iters/s

running (05m20.9s), 107/600 VUs, 509 complete and 0 interrupted iterations
saturation   [  51% ] 107/600 VUs  05m20.9s/10m30s  3.56 iters/s

running (05m21.9s), 106/600 VUs, 514 complete and 0 interrupted iterations
saturation   [  51% ] 106/600 VUs  05m21.9s/10m30s  3.58 iters/s

running (05m22.9s), 107/600 VUs, 517 complete and 0 interrupted iterations
saturation   [  51% ] 107/600 VUs  05m22.9s/10m30s  3.59 iters/s

running (05m23.9s), 109/600 VUs, 518 complete and 0 interrupted iterations
saturation   [  51% ] 109/600 VUs  05m23.9s/10m30s  3.60 iters/s

running (05m24.9s), 112/600 VUs, 519 complete and 0 interrupted iterations
saturation   [  52% ] 112/600 VUs  05m24.9s/10m30s  3.61 iters/s

running (05m25.9s), 112/600 VUs, 522 complete and 0 interrupted iterations
saturation   [  52% ] 112/600 VUs  05m25.9s/10m30s  3.62 iters/s

running (05m26.9s), 116/600 VUs, 522 complete and 0 interrupted iterations
saturation   [  52% ] 116/600 VUs  05m26.9s/10m30s  3.63 iters/s

running (05m27.9s), 120/600 VUs, 522 complete and 0 interrupted iterations
saturation   [  52% ] 120/600 VUs  05m27.9s/10m30s  3.64 iters/s

running (05m28.9s), 120/600 VUs, 525 complete and 0 interrupted iterations
saturation   [  52% ] 120/600 VUs  05m28.9s/10m30s  3.65 iters/s

running (05m29.9s), 124/600 VUs, 525 complete and 0 interrupted iterations
saturation   [  52% ] 124/600 VUs  05m29.9s/10m30s  3.67 iters/s

running (05m30.9s), 128/600 VUs, 525 complete and 0 interrupted iterations
saturation   [  53% ] 128/600 VUs  05m30.9s/10m30s  3.68 iters/s

running (05m31.9s), 130/600 VUs, 526 complete and 0 interrupted iterations
saturation   [  53% ] 130/600 VUs  05m31.9s/10m30s  3.69 iters/s

running (05m32.9s), 129/600 VUs, 531 complete and 0 interrupted iterations
saturation   [  53% ] 129/600 VUs  05m32.9s/10m30s  3.70 iters/s

running (05m33.9s), 132/600 VUs, 532 complete and 0 interrupted iterations
saturation   [  53% ] 132/600 VUs  05m33.9s/10m30s  3.71 iters/s

running (05m34.9s), 131/600 VUs, 536 complete and 0 interrupted iterations
saturation   [  53% ] 131/600 VUs  05m34.9s/10m30s  3.72 iters/s

running (05m35.9s), 135/600 VUs, 536 complete and 0 interrupted iterations
saturation   [  53% ] 135/600 VUs  05m35.9s/10m30s  3.73 iters/s

running (05m36.9s), 139/600 VUs, 536 complete and 0 interrupted iterations
saturation   [  53% ] 139/600 VUs  05m36.9s/10m30s  3.74 iters/s

running (05m37.9s), 143/600 VUs, 536 complete and 0 interrupted iterations
saturation   [  54% ] 143/600 VUs  05m37.9s/10m30s  3.75 iters/s

running (05m38.9s), 141/600 VUs, 541 complete and 0 interrupted iterations
saturation   [  54% ] 141/600 VUs  05m38.9s/10m30s  3.76 iters/s

running (05m39.9s), 142/600 VUs, 544 complete and 0 interrupted iterations
saturation   [  54% ] 142/600 VUs  05m39.9s/10m30s  3.78 iters/s

running (05m40.9s), 144/600 VUs, 546 complete and 0 interrupted iterations
saturation   [  54% ] 144/600 VUs  05m40.9s/10m30s  3.79 iters/s

running (05m41.9s), 146/600 VUs, 548 complete and 0 interrupted iterations
saturation   [  54% ] 146/600 VUs  05m41.9s/10m30s  3.80 iters/s

running (05m42.9s), 148/600 VUs, 550 complete and 0 interrupted iterations
saturation   [  54% ] 148/600 VUs  05m42.9s/10m30s  3.81 iters/s

running (05m43.9s), 149/600 VUs, 552 complete and 0 interrupted iterations
saturation   [  55% ] 149/600 VUs  05m43.9s/10m30s  3.82 iters/s

running (05m44.9s), 153/600 VUs, 552 complete and 0 interrupted iterations
saturation   [  55% ] 153/600 VUs  05m44.9s/10m30s  3.83 iters/s

running (05m45.9s), 155/600 VUs, 554 complete and 0 interrupted iterations
saturation   [  55% ] 155/600 VUs  05m45.9s/10m30s  3.84 iters/s

running (05m46.9s), 158/600 VUs, 555 complete and 0 interrupted iterations
saturation   [  55% ] 158/600 VUs  05m46.9s/10m30s  3.85 iters/s

running (05m47.9s), 161/600 VUs, 556 complete and 0 interrupted iterations
saturation   [  55% ] 161/600 VUs  05m47.9s/10m30s  3.87 iters/s

running (05m48.9s), 165/600 VUs, 556 complete and 0 interrupted iterations
saturation   [  55% ] 165/600 VUs  05m48.9s/10m30s  3.88 iters/s

running (05m49.9s), 168/600 VUs, 556 complete and 0 interrupted iterations
saturation   [  56% ] 168/600 VUs  05m49.9s/10m30s  3.89 iters/s

running (05m50.9s), 168/600 VUs, 560 complete and 0 interrupted iterations
saturation   [  56% ] 168/600 VUs  05m50.9s/10m30s  3.90 iters/s

running (05m51.9s), 170/600 VUs, 562 complete and 0 interrupted iterations
saturation   [  56% ] 170/600 VUs  05m51.9s/10m30s  3.91 iters/s

running (05m52.9s), 174/600 VUs, 562 complete and 0 interrupted iterations
saturation   [  56% ] 174/600 VUs  05m52.9s/10m30s  3.92 iters/s

running (05m53.9s), 177/600 VUs, 563 complete and 0 interrupted iterations
saturation   [  56% ] 177/600 VUs  05m53.9s/10m30s  3.93 iters/s

running (05m54.9s), 181/600 VUs, 563 complete and 0 interrupted iterations
saturation   [  56% ] 181/600 VUs  05m54.9s/10m30s  3.94 iters/s

running (05m55.9s), 179/600 VUs, 569 complete and 0 interrupted iterations
saturation   [  56% ] 179/600 VUs  05m55.9s/10m30s  3.95 iters/s

running (05m56.9s), 182/600 VUs, 570 complete and 0 interrupted iterations
saturation   [  57% ] 182/600 VUs  05m56.9s/10m30s  3.97 iters/s

running (05m57.9s), 180/600 VUs, 576 complete and 0 interrupted iterations
saturation   [  57% ] 180/600 VUs  05m57.9s/10m30s  3.98 iters/s

running (05m58.9s), 179/600 VUs, 581 complete and 0 interrupted iterations
saturation   [  57% ] 179/600 VUs  05m58.9s/10m30s  3.99 iters/s

running (05m59.9s), 176/600 VUs, 588 complete and 0 interrupted iterations
saturation   [  57% ] 176/600 VUs  05m59.9s/10m30s  4.00 iters/s

running (06m00.9s), 177/600 VUs, 591 complete and 0 interrupted iterations
saturation   [  57% ] 177/600 VUs  06m00.9s/10m30s  4.01 iters/s

running (06m01.9s), 178/600 VUs, 594 complete and 0 interrupted iterations
saturation   [  57% ] 178/600 VUs  06m01.9s/10m30s  4.02 iters/s

running (06m02.9s), 179/600 VUs, 597 complete and 0 interrupted iterations
saturation   [  58% ] 179/600 VUs  06m02.9s/10m30s  4.03 iters/s

running (06m03.9s), 179/600 VUs, 601 complete and 0 interrupted iterations
saturation   [  58% ] 179/600 VUs  06m03.9s/10m30s  4.04 iters/s

running (06m04.9s), 177/600 VUs, 607 complete and 0 interrupted iterations
saturation   [  58% ] 177/600 VUs  06m04.9s/10m30s  4.05 iters/s

running (06m05.9s), 178/600 VUs, 610 complete and 0 interrupted iterations
saturation   [  58% ] 178/600 VUs  06m05.9s/10m30s  4.06 iters/s

running (06m06.9s), 180/600 VUs, 612 complete and 0 interrupted iterations
saturation   [  58% ] 180/600 VUs  06m06.9s/10m30s  4.08 iters/s

running (06m07.9s), 177/600 VUs, 619 complete and 0 interrupted iterations
saturation   [  58% ] 177/600 VUs  06m07.9s/10m30s  4.09 iters/s

running (06m08.9s), 179/600 VUs, 621 complete and 0 interrupted iterations
saturation   [  59% ] 179/600 VUs  06m08.9s/10m30s  4.10 iters/s

running (06m09.9s), 182/600 VUs, 622 complete and 0 interrupted iterations
saturation   [  59% ] 182/600 VUs  06m09.9s/10m30s  4.11 iters/s

running (06m10.9s), 182/600 VUs, 627 complete and 0 interrupted iterations
saturation   [  59% ] 182/600 VUs  06m10.9s/10m30s  4.12 iters/s

running (06m11.9s), 183/600 VUs, 630 complete and 0 interrupted iterations
saturation   [  59% ] 183/600 VUs  06m11.9s/10m30s  4.13 iters/s

running (06m12.9s), 180/600 VUs, 637 complete and 0 interrupted iterations
saturation   [  59% ] 180/600 VUs  06m12.9s/10m30s  4.14 iters/s

running (06m13.9s), 183/600 VUs, 638 complete and 0 interrupted iterations
saturation   [  59% ] 183/600 VUs  06m13.9s/10m30s  4.15 iters/s

running (06m14.9s), 179/600 VUs, 646 complete and 0 interrupted iterations
saturation   [  60% ] 179/600 VUs  06m14.9s/10m30s  4.16 iters/s

running (06m15.9s), 178/600 VUs, 651 complete and 0 interrupted iterations
saturation   [  60% ] 178/600 VUs  06m15.9s/10m30s  4.18 iters/s

running (06m16.9s), 180/600 VUs, 653 complete and 0 interrupted iterations
saturation   [  60% ] 180/600 VUs  06m16.9s/10m30s  4.19 iters/s

running (06m17.9s), 180/600 VUs, 658 complete and 0 interrupted iterations
saturation   [  60% ] 180/600 VUs  06m17.9s/10m30s  4.20 iters/s

running (06m18.9s), 178/600 VUs, 664 complete and 0 interrupted iterations
saturation   [  60% ] 178/600 VUs  06m18.9s/10m30s  4.21 iters/s

running (06m19.9s), 180/600 VUs, 666 complete and 0 interrupted iterations
saturation   [  60% ] 180/600 VUs  06m19.9s/10m30s  4.22 iters/s

running (06m20.9s), 181/600 VUs, 669 complete and 0 interrupted iterations
saturation   [  60% ] 181/600 VUs  06m20.9s/10m30s  4.23 iters/s

running (06m21.9s), 183/600 VUs, 672 complete and 0 interrupted iterations
saturation   [  61% ] 183/600 VUs  06m21.9s/10m30s  4.24 iters/s

running (06m22.9s), 183/600 VUs, 676 complete and 0 interrupted iterations
saturation   [  61% ] 183/600 VUs  06m22.9s/10m30s  4.25 iters/s

running (06m23.9s), 185/600 VUs, 678 complete and 0 interrupted iterations
saturation   [  61% ] 185/600 VUs  06m23.9s/10m30s  4.26 iters/s

running (06m24.9s), 189/600 VUs, 678 complete and 0 interrupted iterations
saturation   [  61% ] 189/600 VUs  06m24.9s/10m30s  4.28 iters/s

running (06m25.9s), 189/600 VUs, 683 complete and 0 interrupted iterations
saturation   [  61% ] 189/600 VUs  06m25.9s/10m30s  4.29 iters/s

running (06m26.9s), 190/600 VUs, 686 complete and 0 interrupted iterations
saturation   [  61% ] 190/600 VUs  06m26.9s/10m30s  4.30 iters/s

running (06m27.9s), 191/600 VUs, 689 complete and 0 interrupted iterations
saturation   [  62% ] 191/600 VUs  06m27.9s/10m30s  4.31 iters/s

running (06m28.9s), 196/600 VUs, 689 complete and 0 interrupted iterations
saturation   [  62% ] 196/600 VUs  06m28.9s/10m30s  4.32 iters/s

running (06m29.9s), 195/600 VUs, 694 complete and 0 interrupted iterations
saturation   [  62% ] 195/600 VUs  06m29.9s/10m30s  4.33 iters/s

running (06m30.9s), 197/600 VUs, 696 complete and 0 interrupted iterations
saturation   [  62% ] 197/600 VUs  06m30.9s/10m30s  4.34 iters/s

running (06m31.9s), 198/600 VUs, 700 complete and 0 interrupted iterations
saturation   [  62% ] 198/600 VUs  06m31.9s/10m30s  4.36 iters/s

running (06m32.9s), 200/600 VUs, 702 complete and 0 interrupted iterations
saturation   [  62% ] 200/600 VUs  06m32.9s/10m30s  4.37 iters/s

running (06m33.9s), 199/600 VUs, 707 complete and 0 interrupted iterations
saturation   [  63% ] 199/600 VUs  06m33.9s/10m30s  4.38 iters/s

running (06m34.9s), 203/600 VUs, 708 complete and 0 interrupted iterations
saturation   [  63% ] 203/600 VUs  06m34.9s/10m30s  4.39 iters/s

running (06m35.9s), 204/600 VUs, 711 complete and 0 interrupted iterations
saturation   [  63% ] 204/600 VUs  06m35.9s/10m30s  4.40 iters/s

running (06m36.9s), 204/600 VUs, 715 complete and 0 interrupted iterations
saturation   [  63% ] 204/600 VUs  06m36.9s/10m30s  4.41 iters/s

running (06m37.9s), 208/600 VUs, 716 complete and 0 interrupted iterations
saturation   [  63% ] 208/600 VUs  06m37.9s/10m30s  4.42 iters/s

running (06m38.9s), 207/600 VUs, 721 complete and 0 interrupted iterations
saturation   [  63% ] 207/600 VUs  06m38.9s/10m30s  4.43 iters/s

running (06m39.9s), 209/600 VUs, 724 complete and 0 interrupted iterations
saturation   [  63% ] 209/600 VUs  06m39.9s/10m30s  4.44 iters/s

running (06m40.9s), 212/600 VUs, 725 complete and 0 interrupted iterations
saturation   [  64% ] 212/600 VUs  06m40.9s/10m30s  4.45 iters/s

running (06m41.9s), 212/600 VUs, 730 complete and 0 interrupted iterations
saturation   [  64% ] 212/600 VUs  06m41.9s/10m30s  4.47 iters/s

running (06m42.9s), 215/600 VUs, 731 complete and 0 interrupted iterations
saturation   [  64% ] 215/600 VUs  06m42.9s/10m30s  4.48 iters/s

running (06m43.9s), 216/600 VUs, 735 complete and 0 interrupted iterations
saturation   [  64% ] 216/600 VUs  06m43.9s/10m30s  4.49 iters/s

running (06m44.9s), 220/600 VUs, 735 complete and 0 interrupted iterations
saturation   [  64% ] 220/600 VUs  06m44.9s/10m30s  4.50 iters/s

running (06m45.9s), 220/600 VUs, 740 complete and 0 interrupted iterations
saturation   [  64% ] 220/600 VUs  06m45.9s/10m30s  4.51 iters/s

running (06m46.9s), 222/600 VUs, 742 complete and 0 interrupted iterations
saturation   [  65% ] 222/600 VUs  06m46.9s/10m30s  4.52 iters/s

running (06m47.9s), 225/600 VUs, 744 complete and 0 interrupted iterations
saturation   [  65% ] 225/600 VUs  06m47.9s/10m30s  4.53 iters/s

running (06m48.9s), 225/600 VUs, 748 complete and 0 interrupted iterations
saturation   [  65% ] 225/600 VUs  06m48.9s/10m30s  4.54 iters/s

running (06m49.9s), 227/600 VUs, 751 complete and 0 interrupted iterations
saturation   [  65% ] 227/600 VUs  06m49.9s/10m30s  4.55 iters/s

running (06m50.9s), 229/600 VUs, 753 complete and 0 interrupted iterations
saturation   [  65% ] 229/600 VUs  06m50.9s/10m30s  4.56 iters/s

running (06m51.9s), 231/600 VUs, 756 complete and 0 interrupted iterations
saturation   [  65% ] 231/600 VUs  06m51.9s/10m30s  4.58 iters/s

running (06m52.9s), 231/600 VUs, 760 complete and 0 interrupted iterations
saturation   [  66% ] 231/600 VUs  06m52.9s/10m30s  4.59 iters/s

running (06m53.9s), 236/600 VUs, 760 complete and 0 interrupted iterations
saturation   [  66% ] 236/600 VUs  06m53.9s/10m30s  4.60 iters/s

running (06m54.9s), 236/600 VUs, 765 complete and 0 interrupted iterations
saturation   [  66% ] 236/600 VUs  06m54.9s/10m30s  4.61 iters/s

running (06m55.9s), 237/600 VUs, 768 complete and 0 interrupted iterations
saturation   [  66% ] 237/600 VUs  06m55.9s/10m30s  4.62 iters/s

running (06m56.9s), 240/600 VUs, 770 complete and 0 interrupted iterations
saturation   [  66% ] 240/600 VUs  06m56.9s/10m30s  4.63 iters/s

running (06m57.9s), 242/600 VUs, 773 complete and 0 interrupted iterations
saturation   [  66% ] 242/600 VUs  06m57.9s/10m30s  4.64 iters/s

running (06m58.9s), 244/600 VUs, 775 complete and 0 interrupted iterations
saturation   [  66% ] 244/600 VUs  06m58.9s/10m30s  4.65 iters/s

running (06m59.9s), 245/600 VUs, 779 complete and 0 interrupted iterations
saturation   [  67% ] 245/600 VUs  06m59.9s/10m30s  4.67 iters/s

running (07m00.9s), 247/600 VUs, 781 complete and 0 interrupted iterations
saturation   [  67% ] 247/600 VUs  07m00.9s/10m30s  4.67 iters/s

running (07m01.9s), 248/600 VUs, 785 complete and 0 interrupted iterations
saturation   [  67% ] 248/600 VUs  07m01.9s/10m30s  4.69 iters/s

running (07m02.9s), 251/600 VUs, 787 complete and 0 interrupted iterations
saturation   [  67% ] 251/600 VUs  07m02.9s/10m30s  4.70 iters/s

running (07m03.9s), 252/600 VUs, 791 complete and 0 interrupted iterations
saturation   [  67% ] 252/600 VUs  07m03.9s/10m30s  4.71 iters/s

running (07m04.9s), 254/600 VUs, 793 complete and 0 interrupted iterations
saturation   [  67% ] 254/600 VUs  07m04.9s/10m30s  4.72 iters/s

running (07m05.9s), 254/600 VUs, 798 complete and 0 interrupted iterations
saturation   [  68% ] 254/600 VUs  07m05.9s/10m30s  4.73 iters/s

running (07m06.9s), 256/600 VUs, 801 complete and 0 interrupted iterations
saturation   [  68% ] 256/600 VUs  07m06.9s/10m30s  4.74 iters/s

running (07m07.9s), 257/600 VUs, 804 complete and 0 interrupted iterations
saturation   [  68% ] 257/600 VUs  07m07.9s/10m30s  4.75 iters/s

running (07m08.9s), 260/600 VUs, 806 complete and 0 interrupted iterations
saturation   [  68% ] 260/600 VUs  07m08.9s/10m30s  4.76 iters/s

running (07m09.9s), 261/600 VUs, 810 complete and 0 interrupted iterations
saturation   [  68% ] 261/600 VUs  07m09.9s/10m30s  4.78 iters/s

running (07m10.9s), 261/600 VUs, 815 complete and 0 interrupted iterations
saturation   [  68% ] 261/600 VUs  07m10.9s/10m30s  4.79 iters/s

running (07m11.9s), 266/600 VUs, 815 complete and 0 interrupted iterations
saturation   [  69% ] 266/600 VUs  07m11.9s/10m30s  4.80 iters/s

running (07m12.9s), 265/600 VUs, 820 complete and 0 interrupted iterations
saturation   [  69% ] 265/600 VUs  07m12.9s/10m30s  4.81 iters/s

running (07m13.9s), 267/600 VUs, 823 complete and 0 interrupted iterations
saturation   [  69% ] 267/600 VUs  07m13.9s/10m30s  4.82 iters/s

running (07m14.9s), 269/600 VUs, 826 complete and 0 interrupted iterations
saturation   [  69% ] 269/600 VUs  07m14.9s/10m30s  4.83 iters/s

running (07m15.9s), 272/600 VUs, 828 complete and 0 interrupted iterations
saturation   [  69% ] 272/600 VUs  07m15.9s/10m30s  4.84 iters/s

running (07m16.9s), 274/600 VUs, 831 complete and 0 interrupted iterations
saturation   [  69% ] 274/600 VUs  07m16.9s/10m30s  4.85 iters/s

running (07m17.9s), 276/600 VUs, 834 complete and 0 interrupted iterations
saturation   [  70% ] 276/600 VUs  07m17.9s/10m30s  4.87 iters/s

running (07m18.9s), 279/600 VUs, 835 complete and 0 interrupted iterations
saturation   [  70% ] 279/600 VUs  07m18.9s/10m30s  4.88 iters/s

running (07m19.9s), 280/600 VUs, 839 complete and 0 interrupted iterations
saturation   [  70% ] 280/600 VUs  07m19.9s/10m30s  4.89 iters/s

running (07m20.9s), 283/600 VUs, 841 complete and 0 interrupted iterations
saturation   [  70% ] 283/600 VUs  07m20.9s/10m30s  4.90 iters/s

running (07m21.9s), 284/600 VUs, 845 complete and 0 interrupted iterations
saturation   [  70% ] 284/600 VUs  07m21.9s/10m30s  4.91 iters/s

running (07m22.9s), 287/600 VUs, 847 complete and 0 interrupted iterations
saturation   [  70% ] 287/600 VUs  07m22.9s/10m30s  4.92 iters/s

running (07m23.9s), 288/600 VUs, 851 complete and 0 interrupted iterations
saturation   [  70% ] 288/600 VUs  07m23.9s/10m30s  4.93 iters/s

running (07m24.9s), 292/600 VUs, 852 complete and 0 interrupted iterations
saturation   [  71% ] 292/600 VUs  07m24.9s/10m30s  4.94 iters/s

running (07m25.9s), 292/600 VUs, 857 complete and 0 interrupted iterations
saturation   [  71% ] 292/600 VUs  07m25.9s/10m30s  4.95 iters/s

running (07m26.9s), 295/600 VUs, 859 complete and 0 interrupted iterations
saturation   [  71% ] 295/600 VUs  07m26.9s/10m30s  4.97 iters/s

running (07m27.9s), 296/600 VUs, 863 complete and 0 interrupted iterations
saturation   [  71% ] 296/600 VUs  07m27.9s/10m30s  4.98 iters/s

running (07m28.9s), 300/600 VUs, 864 complete and 0 interrupted iterations
saturation   [  71% ] 300/600 VUs  07m28.9s/10m30s  4.99 iters/s

running (07m29.9s), 300/600 VUs, 869 complete and 0 interrupted iterations
saturation   [  71% ] 300/600 VUs  07m29.9s/10m30s  5.00 iters/s

running (07m30.9s), 303/600 VUs, 871 complete and 0 interrupted iterations
saturation   [  72% ] 303/600 VUs  07m30.9s/10m30s  5.01 iters/s

running (07m31.9s), 304/600 VUs, 875 complete and 0 interrupted iterations
saturation   [  72% ] 304/600 VUs  07m31.9s/10m30s  5.02 iters/s

running (07m32.9s), 306/600 VUs, 878 complete and 0 interrupted iterations
saturation   [  72% ] 306/600 VUs  07m32.9s/10m30s  5.03 iters/s

running (07m33.9s), 310/600 VUs, 879 complete and 0 interrupted iterations
saturation   [  72% ] 310/600 VUs  07m33.9s/10m30s  5.04 iters/s

running (07m34.9s), 311/600 VUs, 883 complete and 0 interrupted iterations
saturation   [  72% ] 311/600 VUs  07m34.9s/10m30s  5.05 iters/s

running (07m35.9s), 313/600 VUs, 886 complete and 0 interrupted iterations
saturation   [  72% ] 313/600 VUs  07m35.9s/10m30s  5.07 iters/s

running (07m36.9s), 315/600 VUs, 889 complete and 0 interrupted iterations
saturation   [  73% ] 315/600 VUs  07m36.9s/10m30s  5.08 iters/s

running (07m37.9s), 318/600 VUs, 891 complete and 0 interrupted iterations
saturation   [  73% ] 318/600 VUs  07m37.9s/10m30s  5.09 iters/s

running (07m38.9s), 321/600 VUs, 893 complete and 0 interrupted iterations
saturation   [  73% ] 321/600 VUs  07m38.9s/10m30s  5.10 iters/s

running (07m39.9s), 321/600 VUs, 898 complete and 0 interrupted iterations
saturation   [  73% ] 321/600 VUs  07m39.9s/10m30s  5.11 iters/s

running (07m40.9s), 325/600 VUs, 899 complete and 0 interrupted iterations
saturation   [  73% ] 325/600 VUs  07m40.9s/10m30s  5.12 iters/s

running (07m41.9s), 326/600 VUs, 904 complete and 0 interrupted iterations
saturation   [  73% ] 326/600 VUs  07m41.9s/10m30s  5.13 iters/s

running (07m42.9s), 330/600 VUs, 905 complete and 0 interrupted iterations
saturation   [  73% ] 330/600 VUs  07m42.9s/10m30s  5.14 iters/s

running (07m43.9s), 331/600 VUs, 909 complete and 0 interrupted iterations
saturation   [  74% ] 331/600 VUs  07m43.9s/10m30s  5.15 iters/s

running (07m44.9s), 332/600 VUs, 913 complete and 0 interrupted iterations
saturation   [  74% ] 332/600 VUs  07m44.9s/10m30s  5.17 iters/s

running (07m45.9s), 336/600 VUs, 914 complete and 0 interrupted iterations
saturation   [  74% ] 336/600 VUs  07m45.9s/10m30s  5.18 iters/s

running (07m46.9s), 336/600 VUs, 919 complete and 0 interrupted iterations
saturation   [  74% ] 336/600 VUs  07m46.9s/10m30s  5.19 iters/s

running (07m47.9s), 340/600 VUs, 921 complete and 0 interrupted iterations
saturation   [  74% ] 340/600 VUs  07m47.9s/10m30s  5.20 iters/s

running (07m48.9s), 342/600 VUs, 924 complete and 0 interrupted iterations
saturation   [  74% ] 342/600 VUs  07m48.9s/10m30s  5.21 iters/s

running (07m49.9s), 343/600 VUs, 928 complete and 0 interrupted iterations
saturation   [  75% ] 343/600 VUs  07m49.9s/10m30s  5.22 iters/s

running (07m50.9s), 348/600 VUs, 928 complete and 0 interrupted iterations
saturation   [  75% ] 348/600 VUs  07m50.9s/10m30s  5.23 iters/s

running (07m51.9s), 349/600 VUs, 932 complete and 0 interrupted iterations
saturation   [  75% ] 349/600 VUs  07m51.9s/10m30s  5.24 iters/s

running (07m52.9s), 353/600 VUs, 934 complete and 0 interrupted iterations
saturation   [  75% ] 353/600 VUs  07m52.9s/10m30s  5.25 iters/s

running (07m53.9s), 354/600 VUs, 938 complete and 0 interrupted iterations
saturation   [  75% ] 354/600 VUs  07m53.9s/10m30s  5.27 iters/s

running (07m54.9s), 358/600 VUs, 939 complete and 0 interrupted iterations
saturation   [  75% ] 358/600 VUs  07m54.9s/10m30s  5.28 iters/s

running (07m55.9s), 358/600 VUs, 944 complete and 0 interrupted iterations
saturation   [  76% ] 358/600 VUs  07m55.9s/10m30s  5.29 iters/s

running (07m56.9s), 363/600 VUs, 945 complete and 0 interrupted iterations
saturation   [  76% ] 363/600 VUs  07m56.9s/10m30s  5.30 iters/s

running (07m57.9s), 363/600 VUs, 950 complete and 0 interrupted iterations
saturation   [  76% ] 363/600 VUs  07m57.9s/10m30s  5.31 iters/s

running (07m58.9s), 366/600 VUs, 952 complete and 0 interrupted iterations
saturation   [  76% ] 366/600 VUs  07m58.9s/10m30s  5.32 iters/s

running (07m59.9s), 369/600 VUs, 955 complete and 0 interrupted iterations
saturation   [  76% ] 369/600 VUs  07m59.9s/10m30s  5.33 iters/s

running (08m00.9s), 371/600 VUs, 958 complete and 0 interrupted iterations
saturation   [  76% ] 371/600 VUs  08m00.9s/10m30s  5.34 iters/s

running (08m01.9s), 373/600 VUs, 961 complete and 0 interrupted iterations
saturation   [  76% ] 373/600 VUs  08m01.9s/10m30s  5.35 iters/s

running (08m02.9s), 375/600 VUs, 965 complete and 0 interrupted iterations
saturation   [  77% ] 375/600 VUs  08m02.9s/10m30s  5.37 iters/s

running (08m03.9s), 379/600 VUs, 966 complete and 0 interrupted iterations
saturation   [  77% ] 379/600 VUs  08m03.9s/10m30s  5.38 iters/s

running (08m04.9s), 382/600 VUs, 969 complete and 0 interrupted iterations
saturation   [  77% ] 382/600 VUs  08m04.9s/10m30s  5.39 iters/s

running (08m05.9s), 384/600 VUs, 972 complete and 0 interrupted iterations
saturation   [  77% ] 384/600 VUs  08m05.9s/10m30s  5.40 iters/s

running (08m06.9s), 386/600 VUs, 975 complete and 0 interrupted iterations
saturation   [  77% ] 386/600 VUs  08m06.9s/10m30s  5.41 iters/s
time="2026-08-10T12:42:27Z" level=warning msg="Request Failed" error="Post \"http://localhost:29010/management/v3/catalog/request\": request timeout"
time="2026-08-10T12:42:27Z" level=warning msg="Request Failed" error="Post \"http://localhost:29010/management/v3/catalog/request\": request timeout"

running (08m07.9s), 386/600 VUs, 981 complete and 0 interrupted iterations
saturation   [  77% ] 386/600 VUs  08m07.9s/10m30s  5.42 iters/s
time="2026-08-10T12:42:28Z" level=warning msg="Request Failed" error="Post \"http://localhost:29010/management/v3/catalog/request\": request timeout"
time="2026-08-10T12:42:28Z" level=warning msg="Request Failed" error="Post \"http://localhost:29010/management/v3/catalog/request\": request timeout"
time="2026-08-10T12:42:28Z" level=warning msg="Request Failed" error="Post \"http://localhost:29010/management/v3/catalog/request\": request timeout"
time="2026-08-10T12:42:28Z" level=warning msg="Request Failed" error="Post \"http://localhost:29010/management/v3/catalog/request\": request timeout"
time="2026-08-10T12:42:29Z" level=warning msg="Request Failed" error="Post \"http://localhost:29010/management/v3/catalog/request\": request timeout"

running (08m08.9s), 384/600 VUs, 988 complete and 0 interrupted iterations
saturation   [  78% ] 384/600 VUs  08m08.9s/10m30s  5.43 iters/s
time="2026-08-10T12:42:29Z" level=warning msg="Request Failed" error="Post \"http://localhost:29010/management/v3/catalog/request\": request timeout"
time="2026-08-10T12:42:29Z" level=warning msg="Request Failed" error="Post \"http://localhost:29010/management/v3/catalog/request\": request timeout"
time="2026-08-10T12:42:29Z" level=warning msg="Request Failed" error="Post \"http://localhost:29010/management/v3/catalog/request\": request timeout"
time="2026-08-10T12:42:29Z" level=warning msg="Request Failed" error="Post \"http://localhost:29010/management/v3/catalog/request\": request timeout"
time="2026-08-10T12:42:30Z" level=warning msg="Request Failed" error="Post \"http://localhost:29010/management/v3/catalog/request\": request timeout"

running (08m09.9s), 382/600 VUs, 996 complete and 0 interrupted iterations
saturation   [  78% ] 382/600 VUs  08m09.9s/10m30s  5.44 iters/s
time="2026-08-10T12:42:30Z" level=warning msg="Request Failed" error="Post \"http://localhost:29010/management/v3/catalog/request\": request timeout"
time="2026-08-10T12:42:30Z" level=warning msg="Request Failed" error="Post \"http://localhost:29010/management/v3/catalog/request\": request timeout"
time="2026-08-10T12:42:30Z" level=warning msg="Request Failed" error="Post \"http://localhost:29010/management/v3/catalog/request\": request timeout"
time="2026-08-10T12:42:31Z" level=warning msg="Request Failed" error="Post \"http://localhost:29010/management/v3/catalog/request\": request timeout"

running (08m10.9s), 381/600 VUs, 1002 complete and 0 interrupted iterations
saturation   [  78% ] 381/600 VUs  08m10.9s/10m30s  5.45 iters/s
time="2026-08-10T12:42:31Z" level=warning msg="Request Failed" error="Post \"http://localhost:29010/management/v3/catalog/request\": request timeout"
time="2026-08-10T12:42:31Z" level=warning msg="Request Failed" error="Post \"http://localhost:29010/management/v3/catalog/request\": request timeout"
time="2026-08-10T12:42:31Z" level=warning msg="Request Failed" error="Post \"http://localhost:29010/management/v3/catalog/request\": request timeout"
time="2026-08-10T12:42:31Z" level=warning msg="Request Failed" error="Post \"http://localhost:29010/management/v3/catalog/request\": request timeout"
time="2026-08-10T12:42:32Z" level=warning msg="Request Failed" error="Post \"http://localhost:29010/management/v3/catalog/request\": request timeout"

running (08m11.9s), 378/600 VUs, 1011 complete and 0 interrupted iterations
saturation   [  78% ] 378/600 VUs  08m11.9s/10m30s  5.47 iters/s
time="2026-08-10T12:42:32Z" level=warning msg="Request Failed" error="Post \"http://localhost:29010/management/v3/catalog/request\": request timeout"
time="2026-08-10T12:42:32Z" level=warning msg="Request Failed" error="Post \"http://localhost:29010/management/v3/catalog/request\": request timeout"
time="2026-08-10T12:42:32Z" level=warning msg="Request Failed" error="Post \"http://localhost:29010/management/v3/catalog/request\": request timeout"
time="2026-08-10T12:42:32Z" level=warning msg="Request Failed" error="Post \"http://localhost:29010/management/v3/catalog/request\": request timeout"

running (08m12.9s), 379/600 VUs, 1015 complete and 0 interrupted iterations
saturation   [  78% ] 379/600 VUs  08m12.9s/10m30s  5.48 iters/s
time="2026-08-10T12:42:33Z" level=warning msg="Request Failed" error="Post \"http://localhost:29010/management/v3/catalog/request\": request timeout"
time="2026-08-10T12:42:33Z" level=warning msg="Request Failed" error="Post \"http://localhost:29010/management/v3/catalog/request\": request timeout"
time="2026-08-10T12:42:33Z" level=warning msg="Request Failed" error="Post \"http://localhost:29010/management/v3/catalog/request\": request timeout"
time="2026-08-10T12:42:33Z" level=warning msg="Request Failed" error="Post \"http://localhost:29010/management/v3/catalog/request\": request timeout"
time="2026-08-10T12:42:34Z" level=warning msg="Request Failed" error="Post \"http://localhost:29010/management/v3/catalog/request\": request timeout"

running (08m13.9s), 374/600 VUs, 1025 complete and 0 interrupted iterations
saturation   [  78% ] 374/600 VUs  08m13.9s/10m30s  5.49 iters/s
time="2026-08-10T12:42:34Z" level=warning msg="Request Failed" error="Post \"http://localhost:29010/management/v3/catalog/request\": request timeout"
time="2026-08-10T12:42:34Z" level=warning msg="Request Failed" error="Post \"http://localhost:29010/management/v3/catalog/request\": request timeout"
time="2026-08-10T12:42:34Z" level=warning msg="Request Failed" error="Post \"http://localhost:29010/management/v3/catalog/request\": request timeout"
time="2026-08-10T12:42:34Z" level=warning msg="Request Failed" error="Post \"http://localhost:29010/management/v3/catalog/request\": request timeout"
time="2026-08-10T12:42:35Z" level=warning msg="Request Failed" error="Post \"http://localhost:29010/management/v3/catalog/request\": request timeout"

running (08m14.9s), 372/600 VUs, 1033 complete and 0 interrupted iterations
saturation   [  79% ] 372/600 VUs  08m14.9s/10m30s  5.50 iters/s
time="2026-08-10T12:42:35Z" level=warning msg="Request Failed" error="Post \"http://localhost:29010/management/v3/catalog/request\": request timeout"
time="2026-08-10T12:42:35Z" level=warning msg="Request Failed" error="Post \"http://localhost:29010/management/v3/catalog/request\": request timeout"
time="2026-08-10T12:42:35Z" level=warning msg="Request Failed" error="Post \"http://localhost:29010/management/v3/catalog/request\": request timeout"
time="2026-08-10T12:42:36Z" level=warning msg="Request Failed" error="Post \"http://localhost:29010/management/v3/catalog/request\": request timeout"

running (08m15.9s), 372/600 VUs, 1038 complete and 0 interrupted iterations
saturation   [  79% ] 372/600 VUs  08m15.9s/10m30s  5.51 iters/s
time="2026-08-10T12:42:36Z" level=warning msg="Request Failed" error="Post \"http://localhost:29010/management/v3/catalog/request\": request timeout"
time="2026-08-10T12:42:36Z" level=warning msg="Request Failed" error="Post \"http://localhost:29010/management/v3/catalog/request\": request timeout"
time="2026-08-10T12:42:36Z" level=warning msg="Request Failed" error="Post \"http://localhost:29010/management/v3/catalog/request\": request timeout"
time="2026-08-10T12:42:36Z" level=warning msg="Request Failed" error="Post \"http://localhost:29010/management/v3/catalog/request\": request timeout"
time="2026-08-10T12:42:37Z" level=warning msg="Request Failed" error="Post \"http://localhost:29010/management/v3/catalog/request\": request timeout"

running (08m16.9s), 369/600 VUs, 1047 complete and 0 interrupted iterations
saturation   [  79% ] 369/600 VUs  08m16.9s/10m30s  5.52 iters/s
time="2026-08-10T12:42:37Z" level=warning msg="Request Failed" error="Post \"http://localhost:29010/management/v3/catalog/request\": request timeout"
time="2026-08-10T12:42:37Z" level=warning msg="Request Failed" error="Post \"http://localhost:29010/management/v3/catalog/request\": request timeout"
time="2026-08-10T12:42:37Z" level=warning msg="Request Failed" error="Post \"http://localhost:29010/management/v3/catalog/request\": request timeout"
time="2026-08-10T12:42:37Z" level=warning msg="Request Failed" error="Post \"http://localhost:29010/management/v3/catalog/request\": request timeout"
time="2026-08-10T12:42:38Z" level=warning msg="Request Failed" error="Post \"http://localhost:29010/management/v3/catalog/request\": request timeout"

running (08m17.9s), 366/600 VUs, 1055 complete and 0 interrupted iterations
saturation   [  79% ] 366/600 VUs  08m17.9s/10m30s  5.53 iters/s
time="2026-08-10T12:42:38Z" level=warning msg="Request Failed" error="Post \"http://localhost:29010/management/v3/catalog/request\": request timeout"
time="2026-08-10T12:42:38Z" level=warning msg="Request Failed" error="Post \"http://localhost:29010/management/v3/catalog/request\": request timeout"
time="2026-08-10T12:42:38Z" level=warning msg="Request Failed" error="Post \"http://localhost:29010/management/v3/catalog/request\": request timeout"
time="2026-08-10T12:42:38Z" level=warning msg="Request Failed" error="Post \"http://localhost:29010/management/v3/catalog/request\": request timeout"

running (08m18.9s), 365/600 VUs, 1062 complete and 0 interrupted iterations
saturation   [  79% ] 365/600 VUs  08m18.9s/10m30s  5.54 iters/s
time="2026-08-10T12:42:39Z" level=warning msg="Request Failed" error="Post \"http://localhost:29010/management/v3/catalog/request\": request timeout"
time="2026-08-10T12:42:39Z" level=warning msg="Request Failed" error="Post \"http://localhost:29010/management/v3/catalog/request\": request timeout"
time="2026-08-10T12:42:39Z" level=warning msg="Request Failed" error="Post \"http://localhost:29010/management/v3/catalog/request\": request timeout"
time="2026-08-10T12:42:39Z" level=warning msg="Request Failed" error="Post \"http://localhost:29010/management/v3/catalog/request\": request timeout"
time="2026-08-10T12:42:39Z" level=warning msg="Request Failed" error="Post \"http://localhost:29010/management/v3/catalog/request\": request timeout"

running (08m19.9s), 363/600 VUs, 1070 complete and 0 interrupted iterations
saturation   [  79% ] 363/600 VUs  08m19.9s/10m30s  5.55 iters/s
time="2026-08-10T12:42:40Z" level=warning msg="Request Failed" error="Post \"http://localhost:29010/management/v3/catalog/request\": request timeout"
time="2026-08-10T12:42:40Z" level=warning msg="Request Failed" error="Post \"http://localhost:29010/management/v3/catalog/request\": request timeout"
time="2026-08-10T12:42:40Z" level=warning msg="Request Failed" error="Post \"http://localhost:29010/management/v3/catalog/request\": request timeout"
time="2026-08-10T12:42:40Z" level=warning msg="Request Failed" error="Post \"http://localhost:29010/management/v3/catalog/request\": request timeout"
time="2026-08-10T12:42:41Z" level=warning msg="Request Failed" error="Post \"http://localhost:29010/management/v3/catalog/request\": request timeout"

running (08m20.9s), 361/600 VUs, 1077 complete and 0 interrupted iterations
saturation   [  80% ] 361/600 VUs  08m20.9s/10m30s  5.56 iters/s
time="2026-08-10T12:42:41Z" level=warning msg="Request Failed" error="Post \"http://localhost:29010/management/v3/catalog/request\": request timeout"
time="2026-08-10T12:42:41Z" level=warning msg="Request Failed" error="Post \"http://localhost:29010/management/v3/catalog/request\": request timeout"
time="2026-08-10T12:42:41Z" level=warning msg="Request Failed" error="Post \"http://localhost:29010/management/v3/catalog/request\": request timeout"
time="2026-08-10T12:42:41Z" level=warning msg="Request Failed" error="Post \"http://localhost:29010/management/v3/catalog/request\": request timeout"
time="2026-08-10T12:42:42Z" level=warning msg="Request Failed" error="Post \"http://localhost:29010/management/v3/catalog/request\": request timeout"

running (08m21.9s), 357/600 VUs, 1087 complete and 0 interrupted iterations
saturation   [  80% ] 357/600 VUs  08m21.9s/10m30s  5.58 iters/s
time="2026-08-10T12:42:42Z" level=warning msg="Request Failed" error="Post \"http://localhost:29010/management/v3/catalog/request\": request timeout"
time="2026-08-10T12:42:42Z" level=warning msg="Request Failed" error="Post \"http://localhost:29010/management/v3/catalog/request\": request timeout"
time="2026-08-10T12:42:42Z" level=warning msg="Request Failed" error="Post \"http://localhost:29010/management/v3/catalog/request\": request timeout"
time="2026-08-10T12:42:42Z" level=warning msg="Request Failed" error="Post \"http://localhost:29010/management/v3/catalog/request\": request timeout"
time="2026-08-10T12:42:43Z" level=warning msg="Request Failed" error="Post \"http://localhost:29010/management/v3/catalog/request\": request timeout"

running (08m22.9s), 355/600 VUs, 1094 complete and 0 interrupted iterations
saturation   [  80% ] 355/600 VUs  08m22.9s/10m30s  5.59 iters/s
time="2026-08-10T12:42:43Z" level=warning msg="Request Failed" error="Post \"http://localhost:29010/management/v3/catalog/request\": request timeout"
time="2026-08-10T12:42:43Z" level=warning msg="Request Failed" error="Post \"http://localhost:29010/management/v3/catalog/request\": request timeout"
time="2026-08-10T12:42:43Z" level=warning msg="Request Failed" error="Post \"http://localhost:29010/management/v3/catalog/request\": request timeout"
time="2026-08-10T12:42:43Z" level=warning msg="Request Failed" error="Post \"http://localhost:29010/management/v3/catalog/request\": request timeout"
time="2026-08-10T12:42:44Z" level=warning msg="Request Failed" error="Post \"http://localhost:29010/management/v3/catalog/request\": request timeout"

running (08m23.9s), 351/600 VUs, 1104 complete and 0 interrupted iterations
saturation   [  80% ] 351/600 VUs  08m23.9s/10m30s  5.60 iters/s
time="2026-08-10T12:42:44Z" level=warning msg="Request Failed" error="Post \"http://localhost:29010/management/v3/catalog/request\": request timeout"
time="2026-08-10T12:42:44Z" level=warning msg="Request Failed" error="Post \"http://localhost:29010/management/v3/catalog/request\": request timeout"
time="2026-08-10T12:42:44Z" level=warning msg="Request Failed" error="Post \"http://localhost:29010/management/v3/catalog/request\": request timeout"
time="2026-08-10T12:42:44Z" level=warning msg="Request Failed" error="Post \"http://localhost:29010/management/v3/catalog/request\": request timeout"
time="2026-08-10T12:42:45Z" level=warning msg="Request Failed" error="Post \"http://localhost:29010/management/v3/catalog/request\": request timeout"

running (08m24.9s), 350/600 VUs, 1110 complete and 0 interrupted iterations
saturation   [  80% ] 350/600 VUs  08m24.9s/10m30s  5.61 iters/s
time="2026-08-10T12:42:45Z" level=warning msg="Request Failed" error="Post \"http://localhost:29010/management/v3/catalog/request\": request timeout"
time="2026-08-10T12:42:45Z" level=warning msg="Request Failed" error="Post \"http://localhost:29010/management/v3/catalog/request\": request timeout"
time="2026-08-10T12:42:45Z" level=warning msg="Request Failed" error="Post \"http://localhost:29010/management/v3/catalog/request\": request timeout"
time="2026-08-10T12:42:45Z" level=warning msg="Request Failed" error="Post \"http://localhost:29010/management/v3/catalog/request\": request timeout"
time="2026-08-10T12:42:46Z" level=warning msg="Request Failed" error="Post \"http://localhost:29010/management/v3/catalog/request\": request timeout"

running (08m25.9s), 347/600 VUs, 1119 complete and 0 interrupted iterations
saturation   [  80% ] 347/600 VUs  08m25.9s/10m30s  5.62 iters/s
time="2026-08-10T12:42:46Z" level=warning msg="Request Failed" error="Post \"http://localhost:29010/management/v3/catalog/request\": request timeout"
time="2026-08-10T12:42:46Z" level=warning msg="Request Failed" error="Post \"http://localhost:29010/management/v3/catalog/request\": request timeout"
time="2026-08-10T12:42:46Z" level=warning msg="Request Failed" error="Post \"http://localhost:29010/management/v3/catalog/request\": request timeout"
time="2026-08-10T12:42:46Z" level=warning msg="Request Failed" error="Post \"http://localhost:29010/management/v3/catalog/request\": request timeout"
time="2026-08-10T12:42:47Z" level=warning msg="Request Failed" error="Post \"http://localhost:29010/management/v3/catalog/request\": request timeout"

running (08m26.9s), 347/600 VUs, 1125 complete and 0 interrupted iterations
saturation   [  80% ] 347/600 VUs  08m26.9s/10m30s  5.63 iters/s
time="2026-08-10T12:42:47Z" level=warning msg="Request Failed" error="Post \"http://localhost:29010/management/v3/catalog/request\": request timeout"
time="2026-08-10T12:42:47Z" level=warning msg="Request Failed" error="Post \"http://localhost:29010/management/v3/catalog/request\": request timeout"
time="2026-08-10T12:42:47Z" level=warning msg="Request Failed" error="Post \"http://localhost:29010/management/v3/catalog/request\": request timeout"
time="2026-08-10T12:42:47Z" level=warning msg="Request Failed" error="Post \"http://localhost:29010/management/v3/catalog/request\": request timeout"
time="2026-08-10T12:42:48Z" level=warning msg="Request Failed" error="Post \"http://localhost:29010/management/v3/catalog/request\": request timeout"

running (08m27.9s), 345/600 VUs, 1132 complete and 0 interrupted iterations
saturation   [  81% ] 345/600 VUs  08m27.9s/10m30s  5.64 iters/s
time="2026-08-10T12:42:48Z" level=warning msg="Request Failed" error="Post \"http://localhost:29010/management/v3/catalog/request\": request timeout"
time="2026-08-10T12:42:48Z" level=warning msg="Request Failed" error="Post \"http://localhost:29010/management/v3/catalog/request\": request timeout"
time="2026-08-10T12:42:48Z" level=warning msg="Request Failed" error="Post \"http://localhost:29010/management/v3/catalog/request\": request timeout"
time="2026-08-10T12:42:48Z" level=warning msg="Request Failed" error="Post \"http://localhost:29010/management/v3/catalog/request\": request timeout"
time="2026-08-10T12:42:49Z" level=warning msg="Request Failed" error="Post \"http://localhost:29010/management/v3/catalog/request\": request timeout"

running (08m28.9s), 341/600 VUs, 1142 complete and 0 interrupted iterations
saturation   [  81% ] 341/600 VUs  08m28.9s/10m30s  5.65 iters/s
time="2026-08-10T12:42:49Z" level=warning msg="Request Failed" error="Post \"http://localhost:29010/management/v3/catalog/request\": request timeout"
time="2026-08-10T12:42:49Z" level=warning msg="Request Failed" error="Post \"http://localhost:29010/management/v3/catalog/request\": request timeout"
time="2026-08-10T12:42:49Z" level=warning msg="Request Failed" error="Post \"http://localhost:29010/management/v3/catalog/request\": request timeout"
time="2026-08-10T12:42:49Z" level=warning msg="Request Failed" error="Post \"http://localhost:29010/management/v3/catalog/request\": request timeout"
time="2026-08-10T12:42:50Z" level=warning msg="Request Failed" error="Post \"http://localhost:29010/management/v3/catalog/request\": request timeout"

running (08m29.9s), 341/600 VUs, 1148 complete and 0 interrupted iterations
saturation   [  81% ] 341/600 VUs  08m29.9s/10m30s  5.67 iters/s
time="2026-08-10T12:42:50Z" level=warning msg="Request Failed" error="Post \"http://localhost:29010/management/v3/catalog/request\": request timeout"
time="2026-08-10T12:42:50Z" level=warning msg="Request Failed" error="Post \"http://localhost:29010/management/v3/catalog/request\": request timeout"
time="2026-08-10T12:42:50Z" level=warning msg="Request Failed" error="Post \"http://localhost:29010/management/v3/catalog/request\": request timeout"
time="2026-08-10T12:42:50Z" level=warning msg="Request Failed" error="Post \"http://localhost:29010/management/v3/catalog/request\": request timeout"
time="2026-08-10T12:42:51Z" level=warning msg="Request Failed" error="Post \"http://localhost:29010/management/v3/catalog/request\": request timeout"

running (08m30.9s), 339/600 VUs, 1155 complete and 0 interrupted iterations
saturation   [  81% ] 339/600 VUs  08m30.9s/10m30s  5.68 iters/s
time="2026-08-10T12:42:51Z" level=warning msg="Request Failed" error="Post \"http://localhost:29010/management/v3/catalog/request\": request timeout"
time="2026-08-10T12:42:51Z" level=warning msg="Request Failed" error="Post \"http://localhost:29010/management/v3/catalog/request\": request timeout"
time="2026-08-10T12:42:51Z" level=warning msg="Request Failed" error="Post \"http://localhost:29010/management/v3/catalog/request\": request timeout"
time="2026-08-10T12:42:51Z" level=warning msg="Request Failed" error="Post \"http://localhost:29010/management/v3/catalog/request\": request timeout"
time="2026-08-10T12:42:52Z" level=warning msg="Request Failed" error="Post \"http://localhost:29010/management/v3/catalog/request\": request timeout"

running (08m31.9s), 338/600 VUs, 1162 complete and 0 interrupted iterations
saturation   [  81% ] 338/600 VUs  08m31.9s/10m30s  5.69 iters/s
time="2026-08-10T12:42:52Z" level=warning msg="Request Failed" error="Post \"http://localhost:29010/management/v3/catalog/request\": request timeout"
time="2026-08-10T12:42:52Z" level=warning msg="Request Failed" error="Post \"http://localhost:29010/management/v3/catalog/request\": request timeout"
time="2026-08-10T12:42:52Z" level=warning msg="Request Failed" error="Post \"http://localhost:29010/management/v3/catalog/request\": request timeout"
time="2026-08-10T12:42:52Z" level=warning msg="Request Failed" error="Post \"http://localhost:29010/management/v3/catalog/request\": request timeout"
time="2026-08-10T12:42:53Z" level=warning msg="Request Failed" error="Post \"http://localhost:29010/management/v3/catalog/request\": request timeout"

running (08m32.9s), 335/600 VUs, 1171 complete and 0 interrupted iterations
saturation   [  81% ] 335/600 VUs  08m32.9s/10m30s  5.70 iters/s
time="2026-08-10T12:42:53Z" level=warning msg="Request Failed" error="Post \"http://localhost:29010/management/v3/catalog/request\": request timeout"
time="2026-08-10T12:42:53Z" level=warning msg="Request Failed" error="Post \"http://localhost:29010/management/v3/catalog/request\": request timeout"
time="2026-08-10T12:42:53Z" level=warning msg="Request Failed" error="Post \"http://localhost:29010/management/v3/catalog/request\": request timeout"
time="2026-08-10T12:42:53Z" level=warning msg="Request Failed" error="Post \"http://localhost:29010/management/v3/catalog/request\": request timeout"
time="2026-08-10T12:42:54Z" level=warning msg="Request Failed" error="Post \"http://localhost:29010/management/v3/catalog/request\": request timeout"

running (08m33.9s), 331/600 VUs, 1180 complete and 0 interrupted iterations
saturation   [  82% ] 331/600 VUs  08m33.9s/10m30s  5.71 iters/s
time="2026-08-10T12:42:54Z" level=warning msg="Request Failed" error="Post \"http://localhost:29010/management/v3/catalog/request\": request timeout"
time="2026-08-10T12:42:54Z" level=warning msg="Request Failed" error="Post \"http://localhost:29010/management/v3/catalog/request\": request timeout"
time="2026-08-10T12:42:54Z" level=warning msg="Request Failed" error="Post \"http://localhost:29010/management/v3/catalog/request\": request timeout"
time="2026-08-10T12:42:54Z" level=warning msg="Request Failed" error="Post \"http://localhost:29010/management/v3/catalog/request\": request timeout"
time="2026-08-10T12:42:55Z" level=warning msg="Request Failed" error="Post \"http://localhost:29010/management/v3/catalog/request\": request timeout"

running (08m34.9s), 330/600 VUs, 1187 complete and 0 interrupted iterations
saturation   [  82% ] 330/600 VUs  08m34.9s/10m30s  5.72 iters/s
time="2026-08-10T12:42:55Z" level=warning msg="Request Failed" error="Post \"http://localhost:29010/management/v3/catalog/request\": request timeout"
time="2026-08-10T12:42:55Z" level=warning msg="Request Failed" error="Post \"http://localhost:29010/management/v3/catalog/request\": request timeout"
time="2026-08-10T12:42:55Z" level=warning msg="Request Failed" error="Post \"http://localhost:29010/management/v3/catalog/request\": request timeout"
time="2026-08-10T12:42:55Z" level=warning msg="Request Failed" error="Post \"http://localhost:29010/management/v3/catalog/request\": request timeout"
time="2026-08-10T12:42:56Z" level=warning msg="Request Failed" error="Post \"http://localhost:29010/management/v3/catalog/request\": request timeout"

running (08m35.9s), 329/600 VUs, 1194 complete and 0 interrupted iterations
saturation   [  82% ] 329/600 VUs  08m35.9s/10m30s  5.73 iters/s

================ DSP benchmark summary ================
-- per-phase latency --
  catalog                    p50=9877.5 ms  p95=60000.4 ms  p99=60000.8 ms  max=60001.2 ms  n=1202
  negotiation init (POST)    p50=44.3 ms  p95=107.3 ms  p99=168.0 ms  max=281.6 ms  n=1064
  time-to-AGREED (async)     p50=3858.0 ms  p95=23018.4 ms  p99=29230.6 ms  max=30160.0 ms  n=595
  transfer init (POST)       p50=47.8 ms  p95=102.7 ms  p99=125.5 ms  max=149.1 ms  n=595
  time-to-EDR (async)        p50=3294.0 ms  p95=18723.7 ms  p99=24558.5 ms  max=25309.0 ms  n=595
  data pull                  p50=25.5 ms  p95=44.0 ms  p99=46.5 ms  max=48.6 ms  n=595
-- end-to-end + throughput --
  e2e transaction            p50=8163.0 ms  p95=50047.0 ms  p99=62772.6 ms  max=64586.0 ms  n=595
  data throughput (MB/s)     p50=0.2  p95=0.2  p99=0.2  max=0.2  n=595
-- outcomes --
  transactions succeeded     count=595  rate=1.153/s
  transactions failed        count=599  rate=1.161/s
  failed rate                rate=50.17%  (pass=599 fail=595)
    of which TERMINATED      (no data)
    of which TIMED OUT       count=461  rate=0.893/s
    of which HTTP-FAILED     count=138  rate=0.267/s
  failure accounting       599/599 classified  (complete)
-- observer effect (poll load) --
  negotiation polls          count=72232  rate=139.997/s
  edr polls                  count=13370  rate=25.913/s
  polls per transaction     negotiation=60.5  edr=11.2  (timeout ceiling=120)
=======================================================
(full summary -> /home/rohitj/edc/benchmarking-factoryx-edc/resources/local-fx-mvd/k6-scripts/results/factoryx/on/saturation-open/2026-08-10T12-32-29Z/k6-summary.json; POLL_INTERVAL_MS=250; IDENTITY_MODE=on)

running (08m36.0s), 000/600 VUs, 1194 complete and 329 interrupted iterations
saturation ✗ [  82% ] 251/600 VUs  08m35.9s/10m30s  5.73 iters/s
time="2026-08-10T12:42:56Z" level=error msg="thresholds on metrics 'dsp_transaction_failed_rate' were crossed; at least one has abortOnFail enabled, stopping test prematurely"
Prometheus snapshot [1786365260..1786365791] svc=(provider-controlplane|provider-dataplane|consumer-controlplane|consumer-dataplane) win=1m -> /home/rohitj/edc/benchmarking-factoryx-edc/resources/local-fx-mvd/k6-scripts/results/factoryx/on/saturation-open/2026-08-10T12-32-29Z
  jvm-heap.csv (428 rows)
  jvm-gc-rate.csv (428 rows)
  jvm-threads.csv (428 rows)
  http-throughput.csv (428 rows)
  http-p95.csv (428 rows)
  http-errors.csv (214 rows)
  http-errors-5xx.csv (214 rows)
  http-status.csv (535 rows)
  host-cpu-busy.csv (107 rows)
  host-mem-used.csv (107 rows)
  5xx: 5xx PRESENT (214 samples) — connector-side faults, see http-errors-5xx.csv
  logs -> /home/rohitj/edc/benchmarking-factoryx-edc/resources/local-fx-mvd/k6-scripts/results/factoryx/on/saturation-open/2026-08-10T12-32-29Z/logs (4 files)
    consumer-controlplane.log:1507
    consumer-dataplane.log:0
    provider-controlplane.log:0
    provider-dataplane.log:0
Settling 60s (this run stressed the connector; the next one must not inherit its backlog)
VALIDITY  ok=595  failed=599  failed_rate=50%  dropped_iterations=0  <-- >5% FAILURES: past the knee, not a valid operating point
>>> done: /home/rohitj/edc/benchmarking-factoryx-edc/resources/local-fx-mvd/k6-scripts/results/factoryx/on/saturation-open/2026-08-10T12-32-29Z  (k6 exit 99)
  (saturation-open rep 3 exited non-zero)
