----- factoryx / smoke (rep 1) -----
>>> factoryx / smoke  ->  /home/rohitj/edc/benchmarking-factoryx-edc/resources/local-fx-mvd/k6-scripts/results/factoryx/smoke/2026-07-29T15-55-59Z
parity OK: lib/ + scenarios/ identical to /home/rohitj/edc/benchmarking-factoryx-edc/resources/local-fx-mvd/k6-scripts
Health: http://localhost:29010/management + prometheus  OK
Warmup 60s @ 2/s (discarded)

         /\      Grafana   /‾‾/  
    /\  /  \     |\  __   /  /   
   /  \/    \    | |/ /  /   ‾‾\ 
  /          \   |   (  |  (‾)  |
 / __________ \  |_|\_\  \_____/ 


     execution: local
        script: /home/rohitj/edc/benchmarking-factoryx-edc/resources/local-fx-mvd/k6-scripts/scenarios/smoke.js
        output: -

     scenarios: (100.00%) 1 scenario, 1 max VUs, 5m30s max duration (incl. graceful stop):
              * smoke: 5 iterations for each of 1 VUs (maxDuration: 5m0s, gracefulStop: 30s)


running (0m01.0s), 1/1 VUs, 0 complete and 0 interrupted iterations
smoke   [   0% ] 1 VUs  0m01.0s/5m0s  0/5 iters, 5 per VU

running (0m02.0s), 1/1 VUs, 0 complete and 0 interrupted iterations
smoke   [   0% ] 1 VUs  0m02.0s/5m0s  0/5 iters, 5 per VU

running (0m03.0s), 1/1 VUs, 0 complete and 0 interrupted iterations
smoke   [   0% ] 1 VUs  0m03.0s/5m0s  0/5 iters, 5 per VU

running (0m04.0s), 1/1 VUs, 1 complete and 0 interrupted iterations
smoke   [  20% ] 1 VUs  0m04.0s/5m0s  1/5 iters, 5 per VU

running (0m05.0s), 1/1 VUs, 1 complete and 0 interrupted iterations
smoke   [  20% ] 1 VUs  0m05.0s/5m0s  1/5 iters, 5 per VU

running (0m06.0s), 1/1 VUs, 1 complete and 0 interrupted iterations
smoke   [  20% ] 1 VUs  0m06.0s/5m0s  1/5 iters, 5 per VU

running (0m07.0s), 1/1 VUs, 1 complete and 0 interrupted iterations
smoke   [  20% ] 1 VUs  0m07.0s/5m0s  1/5 iters, 5 per VU

running (0m08.0s), 1/1 VUs, 1 complete and 0 interrupted iterations
smoke   [  20% ] 1 VUs  0m08.0s/5m0s  1/5 iters, 5 per VU

running (0m09.0s), 1/1 VUs, 2 complete and 0 interrupted iterations
smoke   [  40% ] 1 VUs  0m09.0s/5m0s  2/5 iters, 5 per VU

running (0m10.0s), 1/1 VUs, 2 complete and 0 interrupted iterations
smoke   [  40% ] 1 VUs  0m10.0s/5m0s  2/5 iters, 5 per VU

running (0m11.0s), 1/1 VUs, 2 complete and 0 interrupted iterations
smoke   [  40% ] 1 VUs  0m11.0s/5m0s  2/5 iters, 5 per VU

running (0m12.0s), 1/1 VUs, 2 complete and 0 interrupted iterations
smoke   [  40% ] 1 VUs  0m12.0s/5m0s  2/5 iters, 5 per VU

running (0m13.0s), 1/1 VUs, 3 complete and 0 interrupted iterations
smoke   [  60% ] 1 VUs  0m13.0s/5m0s  3/5 iters, 5 per VU

running (0m14.0s), 1/1 VUs, 3 complete and 0 interrupted iterations
smoke   [  60% ] 1 VUs  0m14.0s/5m0s  3/5 iters, 5 per VU

running (0m15.0s), 1/1 VUs, 3 complete and 0 interrupted iterations
smoke   [  60% ] 1 VUs  0m15.0s/5m0s  3/5 iters, 5 per VU

running (0m16.0s), 1/1 VUs, 3 complete and 0 interrupted iterations
smoke   [  60% ] 1 VUs  0m16.0s/5m0s  3/5 iters, 5 per VU

running (0m17.0s), 1/1 VUs, 3 complete and 0 interrupted iterations
smoke   [  60% ] 1 VUs  0m17.0s/5m0s  3/5 iters, 5 per VU

running (0m18.0s), 1/1 VUs, 4 complete and 0 interrupted iterations
smoke   [  80% ] 1 VUs  0m18.0s/5m0s  4/5 iters, 5 per VU

running (0m19.0s), 1/1 VUs, 4 complete and 0 interrupted iterations
smoke   [  80% ] 1 VUs  0m19.0s/5m0s  4/5 iters, 5 per VU

running (0m20.0s), 1/1 VUs, 4 complete and 0 interrupted iterations
smoke   [  80% ] 1 VUs  0m20.0s/5m0s  4/5 iters, 5 per VU

running (0m21.0s), 1/1 VUs, 4 complete and 0 interrupted iterations
smoke   [  80% ] 1 VUs  0m21.0s/5m0s  4/5 iters, 5 per VU

================ DSP benchmark summary ================
-- per-phase latency --
  catalog                    p50=95.5 ms  p95=138.7 ms  p99=139.9 ms  max=140.2 ms  n=5
  negotiation init (POST)    p50=7.6 ms  p95=8.1 ms  p99=8.1 ms  max=8.1 ms  n=5
  time-to-AGREED (async)     p50=2796.0 ms  p95=2800.8 ms  p99=2801.0 ms  max=2801.0 ms  n=5
  transfer init (POST)       p50=53.0 ms  p95=88.4 ms  p99=94.9 ms  max=96.5 ms  n=5
  time-to-EDR (async)        p50=1529.0 ms  p95=1530.8 ms  p99=1531.0 ms  max=1531.0 ms  n=5
  data pull                  p50=30.0 ms  p95=31.7 ms  p99=32.0 ms  max=32.0 ms  n=5
-- end-to-end + throughput --
  e2e transaction            p50=4305.0 ms  p95=4442.0 ms  p99=4468.4 ms  max=4475.0 ms  n=5
  data throughput (MB/s)     p50=0.2  p95=0.2  p99=0.2  max=0.2  n=5
-- outcomes --
  transactions succeeded     count=5  rate=0.234/s
  transactions failed        (no data)
  failed rate                rate=0.00%  (pass=0 fail=5)
-- observer effect (poll load) --
  negotiation polls          count=58  rate=2.716/s
  edr polls                  count=32  rate=1.498/s
=======================================================
(full summary -> /home/rohitj/edc/benchmarking-factoryx-edc/resources/local-fx-mvd/k6-scripts/results/factoryx/smoke/2026-07-29T15-55-59Z/k6-summary.json; POLL_INTERVAL_MS=250; IDENTITY_MODE=on)

running (0m21.4s), 0/1 VUs, 5 complete and 0 interrupted iterations
smoke ✓ [ 100% ] 1 VUs  0m21.3s/5m0s  5/5 iters, 5 per VU
Prometheus snapshot [1785340623..1785340660] svc=(provider-controlplane|provider-dataplane|consumer-controlplane|consumer-dataplane) win=1m -> /home/rohitj/edc/benchmarking-factoryx-edc/resources/local-fx-mvd/k6-scripts/results/factoryx/smoke/2026-07-29T15-55-59Z
  jvm-heap.csv (32 rows)
  jvm-gc-rate.csv (32 rows)
  jvm-threads.csv (32 rows)
  http-throughput.csv (32 rows)
  http-p95.csv (32 rows)
  http-errors.csv (16 rows)
  host-cpu-busy.csv (8 rows)
  host-mem-used.csv (8 rows)
>>> done: /home/rohitj/edc/benchmarking-factoryx-edc/resources/local-fx-mvd/k6-scripts/results/factoryx/smoke/2026-07-29T15-55-59Z  (k6 exit 0)
----- factoryx / saturation-open (rep 1) -----
>>> factoryx / saturation-open  ->  /home/rohitj/edc/benchmarking-factoryx-edc/resources/local-fx-mvd/k6-scripts/results/factoryx/saturation-open/2026-07-29T15-57-40Z
parity OK: lib/ + scenarios/ identical to /home/rohitj/edc/benchmarking-factoryx-edc/resources/local-fx-mvd/k6-scripts
Health: http://localhost:29010/management + prometheus  OK
Warmup 60s @ 2/s (discarded)

         /\      Grafana   /‾‾/  
    /\  /  \     |\  __   /  /   
   /  \/    \    | |/ /  /   ‾‾\ 
  /          \   |   (  |  (‾)  |
 / __________ \  |_|\_\  \_____/ 


     execution: local
        script: /home/rohitj/edc/benchmarking-factoryx-edc/resources/local-fx-mvd/k6-scripts/scenarios/saturation-open.js
        output: -

     scenarios: (100.00%) 1 scenario, 800 max VUs, 12m30s max duration (incl. graceful stop):
              * saturation: Up to 40.00 iterations/s for 12m0s over 6 stages (maxVUs: 100-800, gracefulStop: 30s)


running (00m01.0s), 000/100 VUs, 0 complete and 0 interrupted iterations
saturation   [   0% ] 000/100 VUs  00m01.0s/12m0s  01.00 iters/s

running (00m02.0s), 001/100 VUs, 0 complete and 0 interrupted iterations
saturation   [   0% ] 001/100 VUs  00m02.0s/12m0s  01.01 iters/s

running (00m03.0s), 002/100 VUs, 0 complete and 0 interrupted iterations
saturation   [   0% ] 002/100 VUs  00m03.0s/12m0s  01.02 iters/s

running (00m04.0s), 004/100 VUs, 0 complete and 0 interrupted iterations
saturation   [   1% ] 004/100 VUs  00m04.0s/12m0s  01.04 iters/s

running (00m05.0s), 005/100 VUs, 0 complete and 0 interrupted iterations
saturation   [   1% ] 005/100 VUs  00m05.0s/12m0s  01.04 iters/s

running (00m06.0s), 006/100 VUs, 0 complete and 0 interrupted iterations
saturation   [   1% ] 006/100 VUs  00m06.0s/12m0s  01.05 iters/s

running (00m07.0s), 006/100 VUs, 1 complete and 0 interrupted iterations
saturation   [   1% ] 006/100 VUs  00m07.0s/12m0s  01.06 iters/s

running (00m08.0s), 006/100 VUs, 2 complete and 0 interrupted iterations
saturation   [   1% ] 006/100 VUs  00m08.0s/12m0s  01.07 iters/s

running (00m09.0s), 006/100 VUs, 3 complete and 0 interrupted iterations
saturation   [   1% ] 006/100 VUs  00m09.0s/12m0s  01.08 iters/s

running (00m10.0s), 007/100 VUs, 3 complete and 0 interrupted iterations
saturation   [   1% ] 007/100 VUs  00m10.0s/12m0s  01.08 iters/s

running (00m11.0s), 005/100 VUs, 6 complete and 0 interrupted iterations
saturation   [   2% ] 005/100 VUs  00m11.0s/12m0s  01.09 iters/s

running (00m12.0s), 005/100 VUs, 7 complete and 0 interrupted iterations
saturation   [   2% ] 005/100 VUs  00m12.0s/12m0s  01.10 iters/s

running (00m13.0s), 006/100 VUs, 7 complete and 0 interrupted iterations
saturation   [   2% ] 006/100 VUs  00m13.0s/12m0s  01.11 iters/s

running (00m14.0s), 006/100 VUs, 8 complete and 0 interrupted iterations
saturation   [   2% ] 006/100 VUs  00m14.0s/12m0s  01.11 iters/s

running (00m15.0s), 005/100 VUs, 10 complete and 0 interrupted iterations
saturation   [   2% ] 005/100 VUs  00m15.0s/12m0s  01.12 iters/s

running (00m16.0s), 006/100 VUs, 11 complete and 0 interrupted iterations
saturation   [   2% ] 006/100 VUs  00m16.0s/12m0s  01.14 iters/s

running (00m17.0s), 007/100 VUs, 11 complete and 0 interrupted iterations
saturation   [   2% ] 007/100 VUs  00m17.0s/12m0s  01.14 iters/s

running (00m18.0s), 006/100 VUs, 13 complete and 0 interrupted iterations
saturation   [   2% ] 006/100 VUs  00m18.0s/12m0s  01.15 iters/s

running (00m19.0s), 006/100 VUs, 14 complete and 0 interrupted iterations
saturation   [   3% ] 006/100 VUs  00m19.0s/12m0s  01.16 iters/s

running (00m20.0s), 007/100 VUs, 14 complete and 0 interrupted iterations
saturation   [   3% ] 007/100 VUs  00m20.0s/12m0s  01.17 iters/s

running (00m21.0s), 004/100 VUs, 18 complete and 0 interrupted iterations
saturation   [   3% ] 004/100 VUs  00m21.0s/12m0s  01.17 iters/s

running (00m22.0s), 005/100 VUs, 18 complete and 0 interrupted iterations
saturation   [   3% ] 005/100 VUs  00m22.0s/12m0s  01.18 iters/s

running (00m23.0s), 005/100 VUs, 20 complete and 0 interrupted iterations
saturation   [   3% ] 005/100 VUs  00m23.0s/12m0s  01.19 iters/s

running (00m24.0s), 005/100 VUs, 21 complete and 0 interrupted iterations
saturation   [   3% ] 005/100 VUs  00m24.0s/12m0s  01.20 iters/s

running (00m25.0s), 006/100 VUs, 21 complete and 0 interrupted iterations
saturation   [   3% ] 006/100 VUs  00m25.0s/12m0s  01.21 iters/s

running (00m26.0s), 004/100 VUs, 24 complete and 0 interrupted iterations
saturation   [   4% ] 004/100 VUs  00m26.0s/12m0s  01.21 iters/s

running (00m27.0s), 003/100 VUs, 26 complete and 0 interrupted iterations
saturation   [   4% ] 003/100 VUs  00m27.0s/12m0s  01.22 iters/s

running (00m28.0s), 005/100 VUs, 26 complete and 0 interrupted iterations
saturation   [   4% ] 005/100 VUs  00m28.0s/12m0s  01.23 iters/s

running (00m29.0s), 006/100 VUs, 26 complete and 0 interrupted iterations
saturation   [   4% ] 006/100 VUs  00m29.0s/12m0s  01.24 iters/s

running (00m30.0s), 006/100 VUs, 27 complete and 0 interrupted iterations
saturation   [   4% ] 006/100 VUs  00m30.0s/12m0s  01.25 iters/s

running (00m31.0s), 005/100 VUs, 29 complete and 0 interrupted iterations
saturation   [   4% ] 005/100 VUs  00m31.0s/12m0s  01.25 iters/s

running (00m32.0s), 007/100 VUs, 29 complete and 0 interrupted iterations
saturation   [   4% ] 007/100 VUs  00m32.0s/12m0s  01.27 iters/s

running (00m33.0s), 007/100 VUs, 30 complete and 0 interrupted iterations
saturation   [   5% ] 007/100 VUs  00m33.0s/12m0s  01.27 iters/s

running (00m34.0s), 006/100 VUs, 32 complete and 0 interrupted iterations
saturation   [   5% ] 006/100 VUs  00m34.0s/12m0s  01.28 iters/s

running (00m35.0s), 007/100 VUs, 33 complete and 0 interrupted iterations
saturation   [   5% ] 007/100 VUs  00m35.0s/12m0s  01.29 iters/s

running (00m36.0s), 006/100 VUs, 35 complete and 0 interrupted iterations
saturation   [   5% ] 006/100 VUs  00m36.0s/12m0s  01.30 iters/s

running (00m37.0s), 005/100 VUs, 37 complete and 0 interrupted iterations
saturation   [   5% ] 005/100 VUs  00m37.0s/12m0s  01.31 iters/s

running (00m38.0s), 006/100 VUs, 37 complete and 0 interrupted iterations
saturation   [   5% ] 006/100 VUs  00m38.0s/12m0s  01.31 iters/s

running (00m39.0s), 007/100 VUs, 38 complete and 0 interrupted iterations
saturation   [   5% ] 007/100 VUs  00m39.0s/12m0s  01.33 iters/s

running (00m40.0s), 006/100 VUs, 40 complete and 0 interrupted iterations
saturation   [   6% ] 006/100 VUs  00m40.0s/12m0s  01.33 iters/s

running (00m41.0s), 007/100 VUs, 40 complete and 0 interrupted iterations
saturation   [   6% ] 007/100 VUs  00m41.0s/12m0s  01.34 iters/s

running (00m42.0s), 007/100 VUs, 42 complete and 0 interrupted iterations
saturation   [   6% ] 007/100 VUs  00m42.0s/12m0s  01.35 iters/s

running (00m43.0s), 005/100 VUs, 45 complete and 0 interrupted iterations
saturation   [   6% ] 005/100 VUs  00m43.0s/12m0s  01.36 iters/s

running (00m44.0s), 007/100 VUs, 45 complete and 0 interrupted iterations
saturation   [   6% ] 007/100 VUs  00m44.0s/12m0s  01.37 iters/s

running (00m45.0s), 006/100 VUs, 47 complete and 0 interrupted iterations
saturation   [   6% ] 006/100 VUs  00m45.0s/12m0s  01.38 iters/s

running (00m46.0s), 006/100 VUs, 48 complete and 0 interrupted iterations
saturation   [   6% ] 006/100 VUs  00m46.0s/12m0s  01.38 iters/s

running (00m47.0s), 008/100 VUs, 48 complete and 0 interrupted iterations
saturation   [   7% ] 008/100 VUs  00m47.0s/12m0s  01.39 iters/s

running (00m48.0s), 007/100 VUs, 50 complete and 0 interrupted iterations
saturation   [   7% ] 007/100 VUs  00m48.0s/12m0s  01.40 iters/s

running (00m49.0s), 008/100 VUs, 50 complete and 0 interrupted iterations
saturation   [   7% ] 008/100 VUs  00m49.0s/12m0s  01.41 iters/s

running (00m50.0s), 006/100 VUs, 54 complete and 0 interrupted iterations
saturation   [   7% ] 006/100 VUs  00m50.0s/12m0s  01.42 iters/s

running (00m51.0s), 007/100 VUs, 54 complete and 0 interrupted iterations
saturation   [   7% ] 007/100 VUs  00m51.0s/12m0s  01.42 iters/s

running (00m52.0s), 007/100 VUs, 56 complete and 0 interrupted iterations
saturation   [   7% ] 007/100 VUs  00m52.0s/12m0s  01.43 iters/s

running (00m53.0s), 005/100 VUs, 59 complete and 0 interrupted iterations
saturation   [   7% ] 005/100 VUs  00m53.0s/12m0s  01.44 iters/s

running (00m54.0s), 007/100 VUs, 59 complete and 0 interrupted iterations
saturation   [   7% ] 007/100 VUs  00m54.0s/12m0s  01.45 iters/s

running (00m55.0s), 008/100 VUs, 59 complete and 0 interrupted iterations
saturation   [   8% ] 008/100 VUs  00m55.0s/12m0s  01.46 iters/s

running (00m56.0s), 008/100 VUs, 61 complete and 0 interrupted iterations
saturation   [   8% ] 008/100 VUs  00m56.0s/12m0s  01.47 iters/s

running (00m57.0s), 007/100 VUs, 63 complete and 0 interrupted iterations
saturation   [   8% ] 007/100 VUs  00m57.0s/12m0s  01.47 iters/s

running (00m58.0s), 006/100 VUs, 65 complete and 0 interrupted iterations
saturation   [   8% ] 006/100 VUs  00m58.0s/12m0s  01.48 iters/s

running (00m59.0s), 008/100 VUs, 65 complete and 0 interrupted iterations
saturation   [   8% ] 008/100 VUs  00m59.0s/12m0s  01.49 iters/s

running (01m00.0s), 007/100 VUs, 67 complete and 0 interrupted iterations
saturation   [   8% ] 007/100 VUs  01m00.0s/12m0s  01.50 iters/s

running (01m01.0s), 007/100 VUs, 69 complete and 0 interrupted iterations
saturation   [   8% ] 007/100 VUs  01m01.0s/12m0s  01.51 iters/s

running (01m02.0s), 008/100 VUs, 69 complete and 0 interrupted iterations
saturation   [   9% ] 008/100 VUs  01m02.0s/12m0s  01.51 iters/s

running (01m03.0s), 008/100 VUs, 71 complete and 0 interrupted iterations
saturation   [   9% ] 008/100 VUs  01m03.0s/12m0s  01.52 iters/s

running (01m04.0s), 008/100 VUs, 73 complete and 0 interrupted iterations
saturation   [   9% ] 008/100 VUs  01m04.0s/12m0s  01.54 iters/s

running (01m05.0s), 007/100 VUs, 75 complete and 0 interrupted iterations
saturation   [   9% ] 007/100 VUs  01m05.0s/12m0s  01.54 iters/s

running (01m06.0s), 007/100 VUs, 77 complete and 0 interrupted iterations
saturation   [   9% ] 007/100 VUs  01m06.0s/12m0s  01.55 iters/s

running (01m07.0s), 008/100 VUs, 77 complete and 0 interrupted iterations
saturation   [   9% ] 008/100 VUs  01m07.0s/12m0s  01.56 iters/s

running (01m08.0s), 008/100 VUs, 79 complete and 0 interrupted iterations
saturation   [   9% ] 008/100 VUs  01m08.0s/12m0s  01.57 iters/s

running (01m09.0s), 007/100 VUs, 81 complete and 0 interrupted iterations
saturation   [  10% ] 007/100 VUs  01m09.0s/12m0s  01.57 iters/s

running (01m10.0s), 007/100 VUs, 83 complete and 0 interrupted iterations
saturation   [  10% ] 007/100 VUs  01m10.0s/12m0s  01.58 iters/s

running (01m11.0s), 008/100 VUs, 83 complete and 0 interrupted iterations
saturation   [  10% ] 008/100 VUs  01m11.0s/12m0s  01.59 iters/s

running (01m12.0s), 008/100 VUs, 85 complete and 0 interrupted iterations
saturation   [  10% ] 008/100 VUs  01m12.0s/12m0s  01.60 iters/s

running (01m13.0s), 008/100 VUs, 87 complete and 0 interrupted iterations
saturation   [  10% ] 008/100 VUs  01m13.0s/12m0s  01.61 iters/s

running (01m14.0s), 007/100 VUs, 89 complete and 0 interrupted iterations
saturation   [  10% ] 007/100 VUs  01m14.0s/12m0s  01.62 iters/s

running (01m15.0s), 007/100 VUs, 91 complete and 0 interrupted iterations
saturation   [  10% ] 007/100 VUs  01m15.0s/12m0s  01.63 iters/s

running (01m16.0s), 008/100 VUs, 91 complete and 0 interrupted iterations
saturation   [  11% ] 008/100 VUs  01m16.0s/12m0s  01.63 iters/s

running (01m17.0s), 008/100 VUs, 93 complete and 0 interrupted iterations
saturation   [  11% ] 008/100 VUs  01m17.0s/12m0s  01.64 iters/s

running (01m18.0s), 008/100 VUs, 95 complete and 0 interrupted iterations
saturation   [  11% ] 008/100 VUs  01m18.0s/12m0s  01.65 iters/s

running (01m19.0s), 009/100 VUs, 95 complete and 0 interrupted iterations
saturation   [  11% ] 009/100 VUs  01m19.0s/12m0s  01.66 iters/s

running (01m20.0s), 008/100 VUs, 98 complete and 0 interrupted iterations
saturation   [  11% ] 008/100 VUs  01m20.0s/12m0s  01.67 iters/s

running (01m21.0s), 008/100 VUs, 100 complete and 0 interrupted iterations
saturation   [  11% ] 008/100 VUs  01m21.0s/12m0s  01.68 iters/s

running (01m22.0s), 007/100 VUs, 102 complete and 0 interrupted iterations
saturation   [  11% ] 007/100 VUs  01m22.0s/12m0s  01.68 iters/s

running (01m23.0s), 009/100 VUs, 102 complete and 0 interrupted iterations
saturation   [  12% ] 009/100 VUs  01m23.0s/12m0s  01.69 iters/s

running (01m24.0s), 009/100 VUs, 104 complete and 0 interrupted iterations
saturation   [  12% ] 009/100 VUs  01m24.0s/12m0s  01.70 iters/s

running (01m25.0s), 011/100 VUs, 104 complete and 0 interrupted iterations
saturation   [  12% ] 011/100 VUs  01m25.0s/12m0s  01.71 iters/s

running (01m26.0s), 012/100 VUs, 104 complete and 0 interrupted iterations
saturation   [  12% ] 012/100 VUs  01m26.0s/12m0s  01.72 iters/s

running (01m27.0s), 013/100 VUs, 105 complete and 0 interrupted iterations
saturation   [  12% ] 013/100 VUs  01m27.0s/12m0s  01.72 iters/s

running (01m28.0s), 008/100 VUs, 112 complete and 0 interrupted iterations
saturation   [  12% ] 008/100 VUs  01m28.0s/12m0s  01.73 iters/s

running (01m29.0s), 009/100 VUs, 112 complete and 0 interrupted iterations
saturation   [  12% ] 009/100 VUs  01m29.0s/12m0s  01.74 iters/s

running (01m30.0s), 011/100 VUs, 112 complete and 0 interrupted iterations
saturation   [  12% ] 011/100 VUs  01m30.0s/12m0s  01.75 iters/s

running (01m31.0s), 011/100 VUs, 114 complete and 0 interrupted iterations
saturation   [  13% ] 011/100 VUs  01m31.0s/12m0s  01.76 iters/s

running (01m32.0s), 011/100 VUs, 116 complete and 0 interrupted iterations
saturation   [  13% ] 011/100 VUs  01m32.0s/12m0s  01.77 iters/s

running (01m33.0s), 008/100 VUs, 120 complete and 0 interrupted iterations
saturation   [  13% ] 008/100 VUs  01m33.0s/12m0s  01.77 iters/s

running (01m34.0s), 010/100 VUs, 120 complete and 0 interrupted iterations
saturation   [  13% ] 010/100 VUs  01m34.0s/12m0s  01.78 iters/s

running (01m35.0s), 010/100 VUs, 122 complete and 0 interrupted iterations
saturation   [  13% ] 010/100 VUs  01m35.0s/12m0s  01.79 iters/s

running (01m36.0s), 011/100 VUs, 123 complete and 0 interrupted iterations
saturation   [  13% ] 011/100 VUs  01m36.0s/12m0s  01.80 iters/s

running (01m37.0s), 011/100 VUs, 125 complete and 0 interrupted iterations
saturation   [  13% ] 011/100 VUs  01m37.0s/12m0s  01.81 iters/s

running (01m38.0s), 009/100 VUs, 128 complete and 0 interrupted iterations
saturation   [  14% ] 009/100 VUs  01m38.0s/12m0s  01.81 iters/s

running (01m39.0s), 007/100 VUs, 132 complete and 0 interrupted iterations
saturation   [  14% ] 007/100 VUs  01m39.0s/12m0s  01.82 iters/s

running (01m40.0s), 009/100 VUs, 132 complete and 0 interrupted iterations
saturation   [  14% ] 009/100 VUs  01m40.0s/12m0s  01.83 iters/s

running (01m41.0s), 008/100 VUs, 135 complete and 0 interrupted iterations
saturation   [  14% ] 008/100 VUs  01m41.0s/12m0s  01.84 iters/s

running (01m42.0s), 010/100 VUs, 135 complete and 0 interrupted iterations
saturation   [  14% ] 010/100 VUs  01m42.0s/12m0s  01.85 iters/s

running (01m43.0s), 010/100 VUs, 137 complete and 0 interrupted iterations
saturation   [  14% ] 010/100 VUs  01m43.0s/12m0s  01.86 iters/s

running (01m44.0s), 008/100 VUs, 140 complete and 0 interrupted iterations
saturation   [  14% ] 008/100 VUs  01m44.0s/12m0s  01.86 iters/s

running (01m45.0s), 010/100 VUs, 140 complete and 0 interrupted iterations
saturation   [  15% ] 010/100 VUs  01m45.0s/12m0s  01.87 iters/s

running (01m46.0s), 009/100 VUs, 143 complete and 0 interrupted iterations
saturation   [  15% ] 009/100 VUs  01m46.0s/12m0s  01.88 iters/s

running (01m47.0s), 008/100 VUs, 146 complete and 0 interrupted iterations
saturation   [  15% ] 008/100 VUs  01m47.0s/12m0s  01.89 iters/s

running (01m48.0s), 009/100 VUs, 147 complete and 0 interrupted iterations
saturation   [  15% ] 009/100 VUs  01m48.0s/12m0s  01.90 iters/s

running (01m49.0s), 010/100 VUs, 148 complete and 0 interrupted iterations
saturation   [  15% ] 010/100 VUs  01m49.0s/12m0s  01.91 iters/s

running (01m50.0s), 009/100 VUs, 151 complete and 0 interrupted iterations
saturation   [  15% ] 009/100 VUs  01m50.0s/12m0s  01.92 iters/s

running (01m51.0s), 011/100 VUs, 151 complete and 0 interrupted iterations
saturation   [  15% ] 011/100 VUs  01m51.0s/12m0s  01.93 iters/s

running (01m52.0s), 013/100 VUs, 151 complete and 0 interrupted iterations
saturation   [  16% ] 013/100 VUs  01m52.0s/12m0s  01.93 iters/s

running (01m53.0s), 010/100 VUs, 156 complete and 0 interrupted iterations
saturation   [  16% ] 010/100 VUs  01m53.0s/12m0s  01.94 iters/s

running (01m54.0s), 011/100 VUs, 157 complete and 0 interrupted iterations
saturation   [  16% ] 011/100 VUs  01m54.0s/12m0s  01.95 iters/s

running (01m55.0s), 010/100 VUs, 160 complete and 0 interrupted iterations
saturation   [  16% ] 010/100 VUs  01m55.0s/12m0s  01.96 iters/s

running (01m56.0s), 011/100 VUs, 160 complete and 0 interrupted iterations
saturation   [  16% ] 011/100 VUs  01m56.0s/12m0s  01.96 iters/s

running (01m57.0s), 010/100 VUs, 163 complete and 0 interrupted iterations
saturation   [  16% ] 010/100 VUs  01m57.0s/12m0s  01.97 iters/s

running (01m58.0s), 009/100 VUs, 166 complete and 0 interrupted iterations
saturation   [  16% ] 009/100 VUs  01m58.0s/12m0s  01.98 iters/s

running (01m59.0s), 009/100 VUs, 168 complete and 0 interrupted iterations
saturation   [  17% ] 009/100 VUs  01m59.0s/12m0s  01.99 iters/s

running (02m00.0s), 011/100 VUs, 168 complete and 0 interrupted iterations
saturation   [  17% ] 011/100 VUs  02m00.0s/12m0s  02.00 iters/s

running (02m01.0s), 013/100 VUs, 168 complete and 0 interrupted iterations
saturation   [  17% ] 013/100 VUs  02m01.0s/12m0s  02.02 iters/s

running (02m02.0s), 015/100 VUs, 168 complete and 0 interrupted iterations
saturation   [  17% ] 015/100 VUs  02m02.0s/12m0s  02.04 iters/s

running (02m03.0s), 012/100 VUs, 174 complete and 0 interrupted iterations
saturation   [  17% ] 012/100 VUs  02m03.0s/12m0s  02.08 iters/s

running (02m04.0s), 012/100 VUs, 176 complete and 0 interrupted iterations
saturation   [  17% ] 012/100 VUs  02m04.0s/12m0s  02.10 iters/s

running (02m05.0s), 012/100 VUs, 178 complete and 0 interrupted iterations
saturation   [  17% ] 012/100 VUs  02m05.0s/12m0s  02.13 iters/s

running (02m06.0s), 013/100 VUs, 179 complete and 0 interrupted iterations
saturation   [  17% ] 013/100 VUs  02m06.0s/12m0s  02.15 iters/s

running (02m07.0s), 012/100 VUs, 182 complete and 0 interrupted iterations
saturation   [  18% ] 012/100 VUs  02m07.0s/12m0s  02.17 iters/s

running (02m08.0s), 011/100 VUs, 185 complete and 0 interrupted iterations
saturation   [  18% ] 011/100 VUs  02m08.0s/12m0s  02.20 iters/s

running (02m09.0s), 013/100 VUs, 185 complete and 0 interrupted iterations
saturation   [  18% ] 013/100 VUs  02m09.0s/12m0s  02.22 iters/s

running (02m10.0s), 012/100 VUs, 189 complete and 0 interrupted iterations
saturation   [  18% ] 012/100 VUs  02m10.0s/12m0s  02.25 iters/s

running (02m11.0s), 014/100 VUs, 189 complete and 0 interrupted iterations
saturation   [  18% ] 014/100 VUs  02m11.0s/12m0s  02.27 iters/s

running (02m12.0s), 012/100 VUs, 193 complete and 0 interrupted iterations
saturation   [  18% ] 012/100 VUs  02m12.0s/12m0s  02.30 iters/s

running (02m13.0s), 013/100 VUs, 195 complete and 0 interrupted iterations
saturation   [  18% ] 013/100 VUs  02m13.0s/12m0s  02.33 iters/s

running (02m14.0s), 012/100 VUs, 198 complete and 0 interrupted iterations
saturation   [  19% ] 012/100 VUs  02m14.0s/12m0s  02.35 iters/s

running (02m15.0s), 014/100 VUs, 198 complete and 0 interrupted iterations
saturation   [  19% ] 014/100 VUs  02m15.0s/12m0s  02.37 iters/s

running (02m16.0s), 014/100 VUs, 201 complete and 0 interrupted iterations
saturation   [  19% ] 014/100 VUs  02m16.0s/12m0s  02.40 iters/s

running (02m17.0s), 016/100 VUs, 201 complete and 0 interrupted iterations
saturation   [  19% ] 016/100 VUs  02m17.0s/12m0s  02.42 iters/s

running (02m18.0s), 014/100 VUs, 205 complete and 0 interrupted iterations
saturation   [  19% ] 014/100 VUs  02m18.0s/12m0s  02.44 iters/s

running (02m19.0s), 014/100 VUs, 208 complete and 0 interrupted iterations
saturation   [  19% ] 014/100 VUs  02m19.0s/12m0s  02.47 iters/s

running (02m20.0s), 016/100 VUs, 208 complete and 0 interrupted iterations
saturation   [  19% ] 016/100 VUs  02m20.0s/12m0s  02.49 iters/s

running (02m21.0s), 013/100 VUs, 214 complete and 0 interrupted iterations
saturation   [  20% ] 013/100 VUs  02m21.0s/12m0s  02.52 iters/s

running (02m22.0s), 015/100 VUs, 214 complete and 0 interrupted iterations
saturation   [  20% ] 015/100 VUs  02m22.0s/12m0s  02.54 iters/s

running (02m23.0s), 013/100 VUs, 219 complete and 0 interrupted iterations
saturation   [  20% ] 013/100 VUs  02m23.0s/12m0s  02.57 iters/s

running (02m24.0s), 016/100 VUs, 219 complete and 0 interrupted iterations
saturation   [  20% ] 016/100 VUs  02m24.0s/12m0s  02.60 iters/s

running (02m25.0s), 014/100 VUs, 223 complete and 0 interrupted iterations
saturation   [  20% ] 014/100 VUs  02m25.0s/12m0s  02.62 iters/s

running (02m26.0s), 017/100 VUs, 223 complete and 0 interrupted iterations
saturation   [  20% ] 017/100 VUs  02m26.0s/12m0s  02.65 iters/s

running (02m27.0s), 017/100 VUs, 226 complete and 0 interrupted iterations
saturation   [  20% ] 017/100 VUs  02m27.0s/12m0s  02.68 iters/s

running (02m28.0s), 019/100 VUs, 226 complete and 0 interrupted iterations
saturation   [  21% ] 019/100 VUs  02m28.0s/12m0s  02.70 iters/s

running (02m29.0s), 020/100 VUs, 228 complete and 0 interrupted iterations
saturation   [  21% ] 020/100 VUs  02m29.0s/12m0s  02.72 iters/s

running (02m30.0s), 017/100 VUs, 234 complete and 0 interrupted iterations
saturation   [  21% ] 017/100 VUs  02m30.0s/12m0s  02.75 iters/s

running (02m31.0s), 016/100 VUs, 237 complete and 0 interrupted iterations
saturation   [  21% ] 016/100 VUs  02m31.0s/12m0s  02.77 iters/s

running (02m32.0s), 019/100 VUs, 237 complete and 0 interrupted iterations
saturation   [  21% ] 019/100 VUs  02m32.0s/12m0s  02.80 iters/s

running (02m33.0s), 017/100 VUs, 242 complete and 0 interrupted iterations
saturation   [  21% ] 017/100 VUs  02m33.0s/12m0s  02.82 iters/s

running (02m34.0s), 017/100 VUs, 245 complete and 0 interrupted iterations
saturation   [  21% ] 017/100 VUs  02m34.0s/12m0s  02.85 iters/s

running (02m35.0s), 019/100 VUs, 246 complete and 0 interrupted iterations
saturation   [  22% ] 019/100 VUs  02m35.0s/12m0s  02.88 iters/s

running (02m36.0s), 019/100 VUs, 249 complete and 0 interrupted iterations
saturation   [  22% ] 019/100 VUs  02m36.0s/12m0s  02.90 iters/s

running (02m37.0s), 018/100 VUs, 252 complete and 0 interrupted iterations
saturation   [  22% ] 018/100 VUs  02m37.0s/12m0s  02.92 iters/s

running (02m38.0s), 018/100 VUs, 255 complete and 0 interrupted iterations
saturation   [  22% ] 018/100 VUs  02m38.0s/12m0s  02.95 iters/s

running (02m39.0s), 020/100 VUs, 256 complete and 0 interrupted iterations
saturation   [  22% ] 020/100 VUs  02m39.0s/12m0s  02.97 iters/s

running (02m40.0s), 019/100 VUs, 260 complete and 0 interrupted iterations
saturation   [  22% ] 019/100 VUs  02m40.0s/12m0s  03.00 iters/s

running (02m41.0s), 017/100 VUs, 265 complete and 0 interrupted iterations
saturation   [  22% ] 017/100 VUs  02m41.0s/12m0s  03.02 iters/s

running (02m42.0s), 020/100 VUs, 265 complete and 0 interrupted iterations
saturation   [  22% ] 020/100 VUs  02m42.0s/12m0s  03.05 iters/s

running (02m43.0s), 020/100 VUs, 268 complete and 0 interrupted iterations
saturation   [  23% ] 020/100 VUs  02m43.0s/12m0s  03.07 iters/s

running (02m44.0s), 022/100 VUs, 270 complete and 0 interrupted iterations
saturation   [  23% ] 022/100 VUs  02m44.0s/12m0s  03.10 iters/s

running (02m45.0s), 025/100 VUs, 270 complete and 0 interrupted iterations
saturation   [  23% ] 025/100 VUs  02m45.0s/12m0s  03.13 iters/s

running (02m46.0s), 020/100 VUs, 278 complete and 0 interrupted iterations
saturation   [  23% ] 020/100 VUs  02m46.0s/12m0s  03.15 iters/s

running (02m47.0s), 023/100 VUs, 278 complete and 0 interrupted iterations
saturation   [  23% ] 023/100 VUs  02m47.0s/12m0s  03.17 iters/s

running (02m48.0s), 019/100 VUs, 285 complete and 0 interrupted iterations
saturation   [  23% ] 019/100 VUs  02m48.0s/12m0s  03.20 iters/s

running (02m49.0s), 019/100 VUs, 288 complete and 0 interrupted iterations
saturation   [  23% ] 019/100 VUs  02m49.0s/12m0s  03.22 iters/s

running (02m50.0s), 019/100 VUs, 292 complete and 0 interrupted iterations
saturation   [  24% ] 019/100 VUs  02m50.0s/12m0s  03.25 iters/s

running (02m51.0s), 022/100 VUs, 292 complete and 0 interrupted iterations
saturation   [  24% ] 022/100 VUs  02m51.0s/12m0s  03.27 iters/s

running (02m52.0s), 025/100 VUs, 292 complete and 0 interrupted iterations
saturation   [  24% ] 025/100 VUs  02m52.0s/12m0s  03.30 iters/s

running (02m53.0s), 027/100 VUs, 293 complete and 0 interrupted iterations
saturation   [  24% ] 027/100 VUs  02m53.0s/12m0s  03.32 iters/s

running (02m54.0s), 021/100 VUs, 303 complete and 0 interrupted iterations
saturation   [  24% ] 021/100 VUs  02m54.0s/12m0s  03.35 iters/s

running (02m55.0s), 024/100 VUs, 303 complete and 0 interrupted iterations
saturation   [  24% ] 024/100 VUs  02m55.0s/12m0s  03.37 iters/s

running (02m56.0s), 021/100 VUs, 310 complete and 0 interrupted iterations
saturation   [  24% ] 021/100 VUs  02m56.0s/12m0s  03.40 iters/s

running (02m57.0s), 022/100 VUs, 312 complete and 0 interrupted iterations
saturation   [  25% ] 022/100 VUs  02m57.0s/12m0s  03.42 iters/s

running (02m58.0s), 025/100 VUs, 312 complete and 0 interrupted iterations
saturation   [  25% ] 025/100 VUs  02m58.0s/12m0s  03.45 iters/s

running (02m59.0s), 023/100 VUs, 318 complete and 0 interrupted iterations
saturation   [  25% ] 023/100 VUs  02m59.0s/12m0s  03.47 iters/s

running (03m00.0s), 024/100 VUs, 320 complete and 0 interrupted iterations
saturation   [  25% ] 024/100 VUs  03m00.0s/12m0s  03.50 iters/s

running (03m01.0s), 021/100 VUs, 327 complete and 0 interrupted iterations
saturation   [  25% ] 021/100 VUs  03m01.0s/12m0s  03.52 iters/s

running (03m02.0s), 019/100 VUs, 332 complete and 0 interrupted iterations
saturation   [  25% ] 019/100 VUs  03m02.0s/12m0s  03.55 iters/s

running (03m03.0s), 023/100 VUs, 332 complete and 0 interrupted iterations
saturation   [  25% ] 023/100 VUs  03m03.0s/12m0s  03.57 iters/s

running (03m04.0s), 027/100 VUs, 332 complete and 0 interrupted iterations
saturation   [  26% ] 027/100 VUs  03m04.0s/12m0s  03.60 iters/s

running (03m05.0s), 029/100 VUs, 333 complete and 0 interrupted iterations
saturation   [  26% ] 029/100 VUs  03m05.0s/12m0s  03.62 iters/s

running (03m06.0s), 028/100 VUs, 338 complete and 0 interrupted iterations
saturation   [  26% ] 028/100 VUs  03m06.0s/12m0s  03.65 iters/s

running (03m07.0s), 029/100 VUs, 340 complete and 0 interrupted iterations
saturation   [  26% ] 029/100 VUs  03m07.0s/12m0s  03.67 iters/s

running (03m08.0s), 028/100 VUs, 345 complete and 0 interrupted iterations
saturation   [  26% ] 028/100 VUs  03m08.0s/12m0s  03.70 iters/s

running (03m09.0s), 027/100 VUs, 350 complete and 0 interrupted iterations
saturation   [  26% ] 027/100 VUs  03m09.0s/12m0s  03.72 iters/s

running (03m10.0s), 028/100 VUs, 353 complete and 0 interrupted iterations
saturation   [  26% ] 028/100 VUs  03m10.0s/12m0s  03.75 iters/s

running (03m11.0s), 025/100 VUs, 359 complete and 0 interrupted iterations
saturation   [  27% ] 025/100 VUs  03m11.0s/12m0s  03.77 iters/s

running (03m12.0s), 029/100 VUs, 359 complete and 0 interrupted iterations
saturation   [  27% ] 029/100 VUs  03m12.0s/12m0s  03.80 iters/s

running (03m13.0s), 030/100 VUs, 362 complete and 0 interrupted iterations
saturation   [  27% ] 030/100 VUs  03m13.0s/12m0s  03.82 iters/s

running (03m14.0s), 030/100 VUs, 366 complete and 0 interrupted iterations
saturation   [  27% ] 030/100 VUs  03m14.0s/12m0s  03.85 iters/s

running (03m15.0s), 034/100 VUs, 366 complete and 0 interrupted iterations
saturation   [  27% ] 034/100 VUs  03m15.0s/12m0s  03.88 iters/s

running (03m16.0s), 029/100 VUs, 375 complete and 0 interrupted iterations
saturation   [  27% ] 029/100 VUs  03m16.0s/12m0s  03.90 iters/s

running (03m17.0s), 029/100 VUs, 378 complete and 0 interrupted iterations
saturation   [  27% ] 029/100 VUs  03m17.0s/12m0s  03.92 iters/s

running (03m18.0s), 033/100 VUs, 378 complete and 0 interrupted iterations
saturation   [  27% ] 033/100 VUs  03m18.0s/12m0s  03.95 iters/s

running (03m19.0s), 030/100 VUs, 385 complete and 0 interrupted iterations
saturation   [  28% ] 030/100 VUs  03m19.0s/12m0s  03.97 iters/s

running (03m20.0s), 029/100 VUs, 390 complete and 0 interrupted iterations
saturation   [  28% ] 029/100 VUs  03m20.0s/12m0s  04.00 iters/s

running (03m21.0s), 029/100 VUs, 394 complete and 0 interrupted iterations
saturation   [  28% ] 029/100 VUs  03m21.0s/12m0s  04.02 iters/s

running (03m22.0s), 027/100 VUs, 400 complete and 0 interrupted iterations
saturation   [  28% ] 027/100 VUs  03m22.0s/12m0s  04.05 iters/s

running (03m23.0s), 029/100 VUs, 402 complete and 0 interrupted iterations
saturation   [  28% ] 029/100 VUs  03m23.0s/12m0s  04.07 iters/s

running (03m24.0s), 029/100 VUs, 407 complete and 0 interrupted iterations
saturation   [  28% ] 029/100 VUs  03m24.0s/12m0s  04.10 iters/s

running (03m25.0s), 033/100 VUs, 407 complete and 0 interrupted iterations
saturation   [  28% ] 033/100 VUs  03m25.0s/12m0s  04.13 iters/s

running (03m26.0s), 032/100 VUs, 412 complete and 0 interrupted iterations
saturation   [  29% ] 032/100 VUs  03m26.0s/12m0s  04.15 iters/s

running (03m27.0s), 035/100 VUs, 413 complete and 0 interrupted iterations
saturation   [  29% ] 035/100 VUs  03m27.0s/12m0s  04.17 iters/s

running (03m28.0s), 032/100 VUs, 420 complete and 0 interrupted iterations
saturation   [  29% ] 032/100 VUs  03m28.0s/12m0s  04.20 iters/s

running (03m29.0s), 033/100 VUs, 423 complete and 0 interrupted iterations
saturation   [  29% ] 033/100 VUs  03m29.0s/12m0s  04.22 iters/s

running (03m30.0s), 034/100 VUs, 427 complete and 0 interrupted iterations
saturation   [  29% ] 034/100 VUs  03m30.0s/12m0s  04.25 iters/s

running (03m31.0s), 032/100 VUs, 433 complete and 0 interrupted iterations
saturation   [  29% ] 032/100 VUs  03m31.0s/12m0s  04.27 iters/s

running (03m32.0s), 034/100 VUs, 435 complete and 0 interrupted iterations
saturation   [  29% ] 034/100 VUs  03m32.0s/12m0s  04.30 iters/s

running (03m33.0s), 038/100 VUs, 435 complete and 0 interrupted iterations
saturation   [  30% ] 038/100 VUs  03m33.0s/12m0s  04.32 iters/s

running (03m34.0s), 038/100 VUs, 440 complete and 0 interrupted iterations
saturation   [  30% ] 038/100 VUs  03m34.0s/12m0s  04.35 iters/s

running (03m35.0s), 038/100 VUs, 444 complete and 0 interrupted iterations
saturation   [  30% ] 038/100 VUs  03m35.0s/12m0s  04.37 iters/s

running (03m36.0s), 043/100 VUs, 444 complete and 0 interrupted iterations
saturation   [  30% ] 043/100 VUs  03m36.0s/12m0s  04.40 iters/s

running (03m37.0s), 039/100 VUs, 452 complete and 0 interrupted iterations
saturation   [  30% ] 039/100 VUs  03m37.0s/12m0s  04.42 iters/s

running (03m38.0s), 035/100 VUs, 460 complete and 0 interrupted iterations
saturation   [  30% ] 035/100 VUs  03m38.0s/12m0s  04.45 iters/s

running (03m39.0s), 035/100 VUs, 465 complete and 0 interrupted iterations
saturation   [  30% ] 035/100 VUs  03m39.0s/12m0s  04.47 iters/s

running (03m40.0s), 039/100 VUs, 465 complete and 0 interrupted iterations
saturation   [  31% ] 039/100 VUs  03m40.0s/12m0s  04.50 iters/s

running (03m41.0s), 037/100 VUs, 472 complete and 0 interrupted iterations
saturation   [  31% ] 037/100 VUs  03m41.0s/12m0s  04.52 iters/s

running (03m42.0s), 041/100 VUs, 472 complete and 0 interrupted iterations
saturation   [  31% ] 041/100 VUs  03m42.0s/12m0s  04.55 iters/s

running (03m43.0s), 046/100 VUs, 472 complete and 0 interrupted iterations
saturation   [  31% ] 046/100 VUs  03m43.0s/12m0s  04.57 iters/s

running (03m44.0s), 043/100 VUs, 480 complete and 0 interrupted iterations
saturation   [  31% ] 043/100 VUs  03m44.0s/12m0s  04.60 iters/s

running (03m45.0s), 041/100 VUs, 486 complete and 0 interrupted iterations
saturation   [  31% ] 041/100 VUs  03m45.0s/12m0s  04.62 iters/s

running (03m46.0s), 046/100 VUs, 486 complete and 0 interrupted iterations
saturation   [  31% ] 046/100 VUs  03m46.0s/12m0s  04.65 iters/s

running (03m47.0s), 045/100 VUs, 491 complete and 0 interrupted iterations
saturation   [  32% ] 045/100 VUs  03m47.0s/12m0s  04.67 iters/s

running (03m48.0s), 041/100 VUs, 500 complete and 0 interrupted iterations
saturation   [  32% ] 041/100 VUs  03m48.0s/12m0s  04.70 iters/s

running (03m49.0s), 040/100 VUs, 506 complete and 0 interrupted iterations
saturation   [  32% ] 040/100 VUs  03m49.0s/12m0s  04.72 iters/s

running (03m50.0s), 045/100 VUs, 506 complete and 0 interrupted iterations
saturation   [  32% ] 045/100 VUs  03m50.0s/12m0s  04.75 iters/s

running (03m51.0s), 040/100 VUs, 515 complete and 0 interrupted iterations
saturation   [  32% ] 040/100 VUs  03m51.0s/12m0s  04.77 iters/s

running (03m52.0s), 042/100 VUs, 518 complete and 0 interrupted iterations
saturation   [  32% ] 042/100 VUs  03m52.0s/12m0s  04.80 iters/s

running (03m53.0s), 044/100 VUs, 521 complete and 0 interrupted iterations
saturation   [  32% ] 044/100 VUs  03m53.0s/12m0s  04.82 iters/s

running (03m54.0s), 049/100 VUs, 521 complete and 0 interrupted iterations
saturation   [  32% ] 049/100 VUs  03m54.0s/12m0s  04.85 iters/s

running (03m55.0s), 054/100 VUs, 521 complete and 0 interrupted iterations
saturation   [  33% ] 054/100 VUs  03m55.0s/12m0s  04.88 iters/s

running (03m56.0s), 048/100 VUs, 531 complete and 0 interrupted iterations
saturation   [  33% ] 048/100 VUs  03m56.0s/12m0s  04.90 iters/s

running (03m57.0s), 049/100 VUs, 535 complete and 0 interrupted iterations
saturation   [  33% ] 049/100 VUs  03m57.0s/12m0s  04.92 iters/s

running (03m58.0s), 054/100 VUs, 535 complete and 0 interrupted iterations
saturation   [  33% ] 054/100 VUs  03m58.0s/12m0s  04.95 iters/s

running (03m59.0s), 058/100 VUs, 536 complete and 0 interrupted iterations
saturation   [  33% ] 058/100 VUs  03m59.0s/12m0s  04.97 iters/s

running (04m00.0s), 053/100 VUs, 546 complete and 0 interrupted iterations
saturation   [  33% ] 053/100 VUs  04m00.0s/12m0s  05.00 iters/s

running (04m01.0s), 050/100 VUs, 554 complete and 0 interrupted iterations
saturation   [  33% ] 050/100 VUs  04m01.0s/12m0s  05.04 iters/s

running (04m02.0s), 054/100 VUs, 555 complete and 0 interrupted iterations
saturation   [  34% ] 054/100 VUs  04m02.0s/12m0s  05.08 iters/s

running (04m03.0s), 059/100 VUs, 555 complete and 0 interrupted iterations
saturation   [  34% ] 059/100 VUs  04m03.0s/12m0s  05.12 iters/s

running (04m04.0s), 059/100 VUs, 561 complete and 0 interrupted iterations
saturation   [  34% ] 059/100 VUs  04m04.0s/12m0s  05.17 iters/s

running (04m05.0s), 052/100 VUs, 573 complete and 0 interrupted iterations
saturation   [  34% ] 052/100 VUs  04m05.0s/12m0s  05.21 iters/s

running (04m06.0s), 055/100 VUs, 575 complete and 0 interrupted iterations
saturation   [  34% ] 055/100 VUs  04m06.0s/12m0s  05.25 iters/s

running (04m07.0s), 060/100 VUs, 575 complete and 0 interrupted iterations
saturation   [  34% ] 060/100 VUs  04m07.0s/12m0s  05.29 iters/s

running (04m08.0s), 062/100 VUs, 579 complete and 0 interrupted iterations
saturation   [  34% ] 062/100 VUs  04m08.0s/12m0s  05.33 iters/s

running (04m09.0s), 057/100 VUs, 589 complete and 0 interrupted iterations
saturation   [  35% ] 057/100 VUs  04m09.0s/12m0s  05.37 iters/s

running (04m10.0s), 056/100 VUs, 595 complete and 0 interrupted iterations
saturation   [  35% ] 056/100 VUs  04m10.0s/12m0s  05.41 iters/s

running (04m11.0s), 062/100 VUs, 595 complete and 0 interrupted iterations
saturation   [  35% ] 062/100 VUs  04m11.0s/12m0s  05.46 iters/s

running (04m12.0s), 067/100 VUs, 595 complete and 0 interrupted iterations
saturation   [  35% ] 067/100 VUs  04m12.0s/12m0s  05.50 iters/s

running (04m13.0s), 067/100 VUs, 601 complete and 0 interrupted iterations
saturation   [  35% ] 067/100 VUs  04m13.0s/12m0s  05.54 iters/s

running (04m14.0s), 062/100 VUs, 611 complete and 0 interrupted iterations
saturation   [  35% ] 062/100 VUs  04m14.0s/12m0s  05.58 iters/s

running (04m15.0s), 064/100 VUs, 615 complete and 0 interrupted iterations
saturation   [  35% ] 064/100 VUs  04m15.0s/12m0s  05.62 iters/s

running (04m16.0s), 070/100 VUs, 615 complete and 0 interrupted iterations
saturation   [  36% ] 070/100 VUs  04m16.0s/12m0s  05.67 iters/s

running (04m17.0s), 071/100 VUs, 619 complete and 0 interrupted iterations
saturation   [  36% ] 071/100 VUs  04m17.0s/12m0s  05.70 iters/s

running (04m18.0s), 068/100 VUs, 628 complete and 0 interrupted iterations
saturation   [  36% ] 068/100 VUs  04m18.0s/12m0s  05.75 iters/s

running (04m19.0s), 069/100 VUs, 633 complete and 0 interrupted iterations
saturation   [  36% ] 069/100 VUs  04m19.0s/12m0s  05.79 iters/s

running (04m20.0s), 075/100 VUs, 633 complete and 0 interrupted iterations
saturation   [  36% ] 075/100 VUs  04m20.0s/12m0s  05.83 iters/s

running (04m21.0s), 080/100 VUs, 633 complete and 0 interrupted iterations
saturation   [  36% ] 080/100 VUs  04m21.0s/12m0s  05.87 iters/s

running (04m22.0s), 079/100 VUs, 640 complete and 0 interrupted iterations
saturation   [  36% ] 079/100 VUs  04m22.0s/12m0s  05.91 iters/s

running (04m23.0s), 075/100 VUs, 650 complete and 0 interrupted iterations
saturation   [  37% ] 075/100 VUs  04m23.0s/12m0s  05.95 iters/s

running (04m24.0s), 078/100 VUs, 653 complete and 0 interrupted iterations
saturation   [  37% ] 078/100 VUs  04m24.0s/12m0s  06.00 iters/s

running (04m25.0s), 084/100 VUs, 653 complete and 0 interrupted iterations
saturation   [  37% ] 084/100 VUs  04m25.0s/12m0s  06.04 iters/s

running (04m26.0s), 089/100 VUs, 654 complete and 0 interrupted iterations
saturation   [  37% ] 089/100 VUs  04m26.0s/12m0s  06.08 iters/s

running (04m27.0s), 084/100 VUs, 665 complete and 0 interrupted iterations
saturation   [  37% ] 084/100 VUs  04m27.0s/12m0s  06.12 iters/s

running (04m28.0s), 084/100 VUs, 672 complete and 0 interrupted iterations
saturation   [  37% ] 084/100 VUs  04m28.0s/12m0s  06.17 iters/s

running (04m29.0s), 089/100 VUs, 673 complete and 0 interrupted iterations
saturation   [  37% ] 089/100 VUs  04m29.0s/12m0s  06.21 iters/s

running (04m30.0s), 095/100 VUs, 673 complete and 0 interrupted iterations
saturation   [  37% ] 095/100 VUs  04m30.0s/12m0s  06.25 iters/s

running (04m31.0s), 095/100 VUs, 679 complete and 0 interrupted iterations
saturation   [  38% ] 095/100 VUs  04m31.0s/12m0s  06.29 iters/s

running (04m32.0s), 094/100 VUs, 687 complete and 0 interrupted iterations
saturation   [  38% ] 094/100 VUs  04m32.0s/12m0s  06.33 iters/s

running (04m33.0s), 094/100 VUs, 693 complete and 0 interrupted iterations
saturation   [  38% ] 094/100 VUs  04m33.0s/12m0s  06.37 iters/s

running (04m34.0s), 100/100 VUs, 693 complete and 0 interrupted iterations
saturation   [  38% ] 100/100 VUs  04m34.0s/12m0s  06.41 iters/s

running (04m35.0s), 103/104 VUs, 693 complete and 0 interrupted iterations
saturation   [  38% ] 103/104 VUs  04m35.0s/12m0s  06.46 iters/s

running (04m36.0s), 104/106 VUs, 696 complete and 0 interrupted iterations
saturation   [  38% ] 104/106 VUs  04m36.0s/12m0s  06.50 iters/s

running (04m37.0s), 101/106 VUs, 706 complete and 0 interrupted iterations
saturation   [  38% ] 101/106 VUs  04m37.0s/12m0s  06.54 iters/s

running (04m38.0s), 100/106 VUs, 713 complete and 0 interrupted iterations
saturation   [  39% ] 100/106 VUs  04m38.0s/12m0s  06.58 iters/s

running (04m39.0s), 106/107 VUs, 713 complete and 0 interrupted iterations
saturation   [  39% ] 106/107 VUs  04m39.0s/12m0s  06.62 iters/s

running (04m40.0s), 110/110 VUs, 713 complete and 0 interrupted iterations
saturation   [  39% ] 110/110 VUs  04m40.0s/12m0s  06.67 iters/s

running (04m41.0s), 106/111 VUs, 722 complete and 0 interrupted iterations
saturation   [  39% ] 106/111 VUs  04m41.0s/12m0s  06.71 iters/s

running (04m42.0s), 103/111 VUs, 732 complete and 0 interrupted iterations
saturation   [  39% ] 103/111 VUs  04m42.0s/12m0s  06.75 iters/s

running (04m43.0s), 109/111 VUs, 733 complete and 0 interrupted iterations
saturation   [  39% ] 109/111 VUs  04m43.0s/12m0s  06.79 iters/s

running (04m44.0s), 113/114 VUs, 733 complete and 0 interrupted iterations
saturation   [  39% ] 113/114 VUs  04m44.0s/12m0s  06.83 iters/s

running (04m45.0s), 114/116 VUs, 736 complete and 0 interrupted iterations
saturation   [  40% ] 114/116 VUs  04m45.0s/12m0s  06.87 iters/s

running (04m46.0s), 113/116 VUs, 744 complete and 0 interrupted iterations
saturation   [  40% ] 113/116 VUs  04m46.0s/12m0s  06.91 iters/s

running (04m47.0s), 111/116 VUs, 753 complete and 0 interrupted iterations
saturation   [  40% ] 111/116 VUs  04m47.0s/12m0s  06.96 iters/s

running (04m48.0s), 117/117 VUs, 753 complete and 0 interrupted iterations
saturation   [  40% ] 117/117 VUs  04m48.0s/12m0s  07.00 iters/s

running (04m49.0s), 120/121 VUs, 753 complete and 0 interrupted iterations
saturation   [  40% ] 120/121 VUs  04m49.0s/12m0s  07.04 iters/s

running (04m50.0s), 116/121 VUs, 764 complete and 0 interrupted iterations
saturation   [  40% ] 116/121 VUs  04m50.0s/12m0s  07.08 iters/s

running (04m51.0s), 114/121 VUs, 773 complete and 0 interrupted iterations
saturation   [  40% ] 114/121 VUs  04m51.0s/12m0s  07.12 iters/s

running (04m52.0s), 121/122 VUs, 773 complete and 0 interrupted iterations
saturation   [  41% ] 121/122 VUs  04m52.0s/12m0s  07.17 iters/s

running (04m53.0s), 125/125 VUs, 773 complete and 0 interrupted iterations
saturation   [  41% ] 125/125 VUs  04m53.0s/12m0s  07.21 iters/s

running (04m54.0s), 123/126 VUs, 781 complete and 0 interrupted iterations
saturation   [  41% ] 123/126 VUs  04m54.0s/12m0s  07.25 iters/s

running (04m55.0s), 122/126 VUs, 789 complete and 0 interrupted iterations
saturation   [  41% ] 122/126 VUs  04m55.0s/12m0s  07.29 iters/s

running (04m56.0s), 126/126 VUs, 793 complete and 0 interrupted iterations
saturation   [  41% ] 126/126 VUs  04m56.0s/12m0s  07.33 iters/s

running (04m57.0s), 129/130 VUs, 793 complete and 0 interrupted iterations
saturation   [  41% ] 129/130 VUs  04m57.0s/12m0s  07.37 iters/s

running (04m58.0s), 130/133 VUs, 796 complete and 0 interrupted iterations
saturation   [  41% ] 130/133 VUs  04m58.0s/12m0s  07.41 iters/s

running (04m59.0s), 130/133 VUs, 804 complete and 0 interrupted iterations
saturation   [  42% ] 130/133 VUs  04m59.0s/12m0s  07.46 iters/s

running (05m00.0s), 128/133 VUs, 813 complete and 0 interrupted iterations
saturation   [  42% ] 128/133 VUs  05m00.0s/12m0s  07.50 iters/s

running (05m01.0s), 134/135 VUs, 813 complete and 0 interrupted iterations
saturation   [  42% ] 134/135 VUs  05m01.0s/12m0s  07.54 iters/s

running (05m02.0s), 138/138 VUs, 813 complete and 0 interrupted iterations
saturation   [  42% ] 138/138 VUs  05m02.0s/12m0s  07.58 iters/s

running (05m03.0s), 137/138 VUs, 822 complete and 0 interrupted iterations
saturation   [  42% ] 137/138 VUs  05m03.0s/12m0s  07.62 iters/s

running (05m04.0s), 135/138 VUs, 832 complete and 0 interrupted iterations
saturation   [  42% ] 135/138 VUs  05m04.0s/12m0s  07.67 iters/s

running (05m05.0s), 139/140 VUs, 833 complete and 0 interrupted iterations
saturation   [  42% ] 139/140 VUs  05m05.0s/12m0s  07.71 iters/s

running (05m06.0s), 143/144 VUs, 833 complete and 0 interrupted iterations
saturation   [  42% ] 143/144 VUs  05m06.0s/12m0s  07.75 iters/s

running (05m07.0s), 142/147 VUs, 839 complete and 0 interrupted iterations
saturation   [  43% ] 142/147 VUs  05m07.0s/12m0s  07.79 iters/s

running (05m08.0s), 141/147 VUs, 848 complete and 0 interrupted iterations
saturation   [  43% ] 141/147 VUs  05m08.0s/12m0s  07.83 iters/s

running (05m09.0s), 143/147 VUs, 853 complete and 0 interrupted iterations
saturation   [  43% ] 143/147 VUs  05m09.0s/12m0s  07.87 iters/s

running (05m10.0s), 149/149 VUs, 853 complete and 0 interrupted iterations
saturation   [  43% ] 149/149 VUs  05m10.0s/12m0s  07.91 iters/s

running (05m11.0s), 152/153 VUs, 854 complete and 0 interrupted iterations
saturation   [  43% ] 152/153 VUs  05m11.0s/12m0s  07.96 iters/s

running (05m12.0s), 151/154 VUs, 862 complete and 0 interrupted iterations
saturation   [  43% ] 151/154 VUs  05m12.0s/12m0s  08.00 iters/s

running (05m13.0s), 148/154 VUs, 873 complete and 0 interrupted iterations
saturation   [  43% ] 148/154 VUs  05m13.0s/12m0s  08.04 iters/s

running (05m14.0s), 155/155 VUs, 873 complete and 0 interrupted iterations
saturation   [  44% ] 155/155 VUs  05m14.0s/12m0s  08.08 iters/s

running (05m15.0s), 159/159 VUs, 873 complete and 0 interrupted iterations
saturation   [  44% ] 159/159 VUs  05m15.0s/12m0s  08.12 iters/s

running (05m16.0s), 161/161 VUs, 878 complete and 0 interrupted iterations
saturation   [  44% ] 161/161 VUs  05m16.0s/12m0s  08.17 iters/s

running (05m17.0s), 158/161 VUs, 889 complete and 0 interrupted iterations
saturation   [  44% ] 158/161 VUs  05m17.0s/12m0s  08.21 iters/s

running (05m18.0s), 161/162 VUs, 893 complete and 0 interrupted iterations
saturation   [  44% ] 161/162 VUs  05m18.0s/12m0s  08.25 iters/s

running (05m19.0s), 165/166 VUs, 893 complete and 0 interrupted iterations
saturation   [  44% ] 165/166 VUs  05m19.0s/12m0s  08.29 iters/s

running (05m20.0s), 170/170 VUs, 893 complete and 0 interrupted iterations
saturation   [  44% ] 170/170 VUs  05m20.0s/12m0s  08.33 iters/s

running (05m21.0s), 168/171 VUs, 902 complete and 0 interrupted iterations
saturation   [  45% ] 168/171 VUs  05m21.0s/12m0s  08.37 iters/s

running (05m22.0s), 168/171 VUs, 910 complete and 0 interrupted iterations
saturation   [  45% ] 168/171 VUs  05m22.0s/12m0s  08.41 iters/s

running (05m23.0s), 172/173 VUs, 913 complete and 0 interrupted iterations
saturation   [  45% ] 172/173 VUs  05m23.0s/12m0s  08.46 iters/s

running (05m24.0s), 176/177 VUs, 913 complete and 0 interrupted iterations
saturation   [  45% ] 176/177 VUs  05m24.0s/12m0s  08.50 iters/s

running (05m25.0s), 178/179 VUs, 918 complete and 0 interrupted iterations
saturation   [  45% ] 178/179 VUs  05m25.0s/12m0s  08.54 iters/s

running (05m26.0s), 174/179 VUs, 930 complete and 0 interrupted iterations
saturation   [  45% ] 174/179 VUs  05m26.0s/12m0s  08.58 iters/s

running (05m27.0s), 179/180 VUs, 933 complete and 0 interrupted iterations
saturation   [  45% ] 179/180 VUs  05m27.0s/12m0s  08.62 iters/s

running (05m28.0s), 183/184 VUs, 933 complete and 0 interrupted iterations
saturation   [  46% ] 183/184 VUs  05m28.0s/12m0s  08.66 iters/s

running (05m29.0s), 187/188 VUs, 934 complete and 0 interrupted iterations
saturation   [  46% ] 187/188 VUs  05m29.0s/12m0s  08.71 iters/s

running (05m30.0s), 185/188 VUs, 945 complete and 0 interrupted iterations
saturation   [  46% ] 185/188 VUs  05m30.0s/12m0s  08.75 iters/s

running (05m31.0s), 186/188 VUs, 953 complete and 0 interrupted iterations
saturation   [  46% ] 186/188 VUs  05m31.0s/12m0s  08.79 iters/s

running (05m32.0s), 191/191 VUs, 953 complete and 0 interrupted iterations
saturation   [  46% ] 191/191 VUs  05m32.0s/12m0s  08.83 iters/s

running (05m33.0s), 195/196 VUs, 953 complete and 0 interrupted iterations
saturation   [  46% ] 195/196 VUs  05m33.0s/12m0s  08.87 iters/s

running (05m34.0s), 194/198 VUs, 961 complete and 0 interrupted iterations
saturation   [  46% ] 194/198 VUs  05m34.0s/12m0s  08.91 iters/s

running (05m35.0s), 195/198 VUs, 969 complete and 0 interrupted iterations
saturation   [  47% ] 195/198 VUs  05m35.0s/12m0s  08.96 iters/s

running (05m36.0s), 199/199 VUs, 973 complete and 0 interrupted iterations
saturation   [  47% ] 199/199 VUs  05m36.0s/12m0s  09.00 iters/s

running (05m37.0s), 203/204 VUs, 973 complete and 0 interrupted iterations
saturation   [  47% ] 203/204 VUs  05m37.0s/12m0s  09.04 iters/s

running (05m38.0s), 206/207 VUs, 976 complete and 0 interrupted iterations
saturation   [  47% ] 206/207 VUs  05m38.0s/12m0s  09.08 iters/s

running (05m39.0s), 206/208 VUs, 984 complete and 0 interrupted iterations
saturation   [  47% ] 206/208 VUs  05m39.0s/12m0s  09.12 iters/s

running (05m40.0s), 206/209 VUs, 992 complete and 0 interrupted iterations
saturation   [  47% ] 206/209 VUs  05m40.0s/12m0s  09.16 iters/s

running (05m41.0s), 212/212 VUs, 993 complete and 0 interrupted iterations
saturation   [  47% ] 212/212 VUs  05m41.0s/12m0s  09.21 iters/s

running (05m42.0s), 216/217 VUs, 993 complete and 0 interrupted iterations
saturation   [  47% ] 216/217 VUs  05m42.0s/12m0s  09.25 iters/s

running (05m43.0s), 217/220 VUs, 998 complete and 0 interrupted iterations
saturation   [  48% ] 217/220 VUs  05m43.0s/12m0s  09.29 iters/s

running (05m44.0s), 214/220 VUs, 1010 complete and 0 interrupted iterations
saturation   [  48% ] 214/220 VUs  05m44.0s/12m0s  09.33 iters/s

running (05m45.0s), 220/221 VUs, 1013 complete and 0 interrupted iterations
saturation   [  48% ] 220/221 VUs  05m45.0s/12m0s  09.37 iters/s

running (05m46.0s), 225/225 VUs, 1013 complete and 0 interrupted iterations
saturation   [  48% ] 225/225 VUs  05m46.0s/12m0s  09.41 iters/s

running (05m47.0s), 225/228 VUs, 1020 complete and 0 interrupted iterations
saturation   [  48% ] 225/228 VUs  05m47.0s/12m0s  09.46 iters/s

running (05m48.0s), 226/228 VUs, 1028 complete and 0 interrupted iterations
saturation   [  48% ] 226/228 VUs  05m48.0s/12m0s  09.50 iters/s

running (05m49.0s), 228/228 VUs, 1036 complete and 0 interrupted iterations
saturation   [  48% ] 228/228 VUs  05m49.0s/12m0s  09.54 iters/s

running (05m50.0s), 228/230 VUs, 1043 complete and 0 interrupted iterations
saturation   [  49% ] 228/230 VUs  05m50.0s/12m0s  09.58 iters/s

running (05m51.0s), 231/232 VUs, 1048 complete and 0 interrupted iterations
saturation   [  49% ] 231/232 VUs  05m51.0s/12m0s  09.62 iters/s

running (05m52.0s), 230/233 VUs, 1057 complete and 0 interrupted iterations
saturation   [  49% ] 230/233 VUs  05m52.0s/12m0s  09.66 iters/s

running (05m53.0s), 235/236 VUs, 1059 complete and 0 interrupted iterations
saturation   [  49% ] 235/236 VUs  05m53.0s/12m0s  09.71 iters/s

running (05m54.0s), 240/241 VUs, 1059 complete and 0 interrupted iterations
saturation   [  49% ] 240/241 VUs  05m54.0s/12m0s  09.75 iters/s

running (05m55.0s), 242/242 VUs, 1066 complete and 0 interrupted iterations
saturation   [  49% ] 242/242 VUs  05m55.0s/12m0s  09.79 iters/s

running (05m56.0s), 239/244 VUs, 1076 complete and 0 interrupted iterations
saturation   [  49% ] 239/244 VUs  05m56.0s/12m0s  09.83 iters/s

running (05m57.0s), 240/244 VUs, 1085 complete and 0 interrupted iterations
saturation   [  50% ] 240/244 VUs  05m57.0s/12m0s  09.87 iters/s

running (05m58.0s), 244/244 VUs, 1091 complete and 0 interrupted iterations
saturation   [  50% ] 244/244 VUs  05m58.0s/12m0s  09.91 iters/s

running (05m59.0s), 246/246 VUs, 1097 complete and 0 interrupted iterations
saturation   [  50% ] 246/246 VUs  05m59.0s/12m0s  09.96 iters/s

running (06m00.0s), 242/247 VUs, 1110 complete and 0 interrupted iterations
saturation   [  50% ] 242/247 VUs  06m00.0s/12m0s  10.00 iters/s

running (06m01.0s), 248/248 VUs, 1113 complete and 0 interrupted iterations
saturation   [  50% ] 248/248 VUs  06m01.0s/12m0s  10.08 iters/s

running (06m02.0s), 253/253 VUs, 1113 complete and 0 interrupted iterations
saturation   [  50% ] 253/253 VUs  06m02.0s/12m0s  10.16 iters/s

running (06m03.0s), 252/255 VUs, 1122 complete and 0 interrupted iterations
saturation   [  50% ] 252/255 VUs  06m03.0s/12m0s  10.24 iters/s

running (06m04.0s), 259/259 VUs, 1122 complete and 0 interrupted iterations
saturation   [  51% ] 259/259 VUs  06m04.0s/12m0s  10.33 iters/s

running (06m05.0s), 264/264 VUs, 1122 complete and 0 interrupted iterations
saturation   [  51% ] 264/264 VUs  06m05.0s/12m0s  10.41 iters/s

running (06m06.0s), 260/265 VUs, 1136 complete and 0 interrupted iterations
saturation   [  51% ] 260/265 VUs  06m06.0s/12m0s  10.50 iters/s

running (06m07.0s), 260/265 VUs, 1146 complete and 0 interrupted iterations
saturation   [  51% ] 260/265 VUs  06m07.0s/12m0s  10.58 iters/s

running (06m08.0s), 268/268 VUs, 1146 complete and 0 interrupted iterations
saturation   [  51% ] 268/268 VUs  06m08.0s/12m0s  10.67 iters/s

running (06m09.0s), 271/273 VUs, 1148 complete and 0 interrupted iterations
saturation   [  51% ] 271/273 VUs  06m09.0s/12m0s  10.74 iters/s

running (06m10.0s), 266/273 VUs, 1164 complete and 0 interrupted iterations
saturation   [  51% ] 266/273 VUs  06m10.0s/12m0s  10.83 iters/s

running (06m11.0s), 268/273 VUs, 1173 complete and 0 interrupted iterations
saturation   [  52% ] 268/273 VUs  06m11.0s/12m0s  10.91 iters/s

running (06m12.0s), 269/273 VUs, 1183 complete and 0 interrupted iterations
saturation   [  52% ] 269/273 VUs  06m12.0s/12m0s  11.00 iters/s

running (06m13.0s), 271/274 VUs, 1191 complete and 0 interrupted iterations
saturation   [  52% ] 271/274 VUs  06m13.0s/12m0s  11.08 iters/s

running (06m14.0s), 273/274 VUs, 1200 complete and 0 interrupted iterations
saturation   [  52% ] 273/274 VUs  06m14.0s/12m0s  11.16 iters/s

running (06m15.0s), 270/275 VUs, 1213 complete and 0 interrupted iterations
saturation   [  52% ] 270/275 VUs  06m15.0s/12m0s  11.24 iters/s

running (06m16.0s), 276/277 VUs, 1217 complete and 0 interrupted iterations
saturation   [  52% ] 276/277 VUs  06m16.0s/12m0s  11.33 iters/s

running (06m17.0s), 282/282 VUs, 1217 complete and 0 interrupted iterations
saturation   [  52% ] 282/282 VUs  06m17.0s/12m0s  11.41 iters/s

running (06m18.0s), 283/286 VUs, 1224 complete and 0 interrupted iterations
saturation   [  52% ] 283/286 VUs  06m18.0s/12m0s  11.50 iters/s

running (06m19.0s), 287/288 VUs, 1229 complete and 0 interrupted iterations
saturation   [  53% ] 287/288 VUs  06m19.0s/12m0s  11.58 iters/s

running (06m20.0s), 288/288 VUs, 1240 complete and 0 interrupted iterations
saturation   [  53% ] 288/288 VUs  06m20.0s/12m0s  11.67 iters/s

running (06m21.0s), 292/293 VUs, 1242 complete and 0 interrupted iterations
saturation   [  53% ] 292/293 VUs  06m21.0s/12m0s  11.74 iters/s

running (06m22.0s), 298/299 VUs, 1242 complete and 0 interrupted iterations
saturation   [  53% ] 298/299 VUs  06m22.0s/12m0s  11.83 iters/s

running (06m23.0s), 299/304 VUs, 1248 complete and 0 interrupted iterations
saturation   [  53% ] 299/304 VUs  06m23.0s/12m0s  11.91 iters/s

running (06m24.0s), 303/304 VUs, 1256 complete and 0 interrupted iterations
saturation   [  53% ] 303/304 VUs  06m24.0s/12m0s  12.00 iters/s

running (06m25.0s), 299/305 VUs, 1271 complete and 0 interrupted iterations
saturation   [  53% ] 299/305 VUs  06m25.0s/12m0s  12.08 iters/s

running (06m26.0s), 300/307 VUs, 1280 complete and 0 interrupted iterations
saturation   [  54% ] 300/307 VUs  06m26.0s/12m0s  12.16 iters/s

running (06m27.0s), 302/307 VUs, 1290 complete and 0 interrupted iterations
saturation   [  54% ] 302/307 VUs  06m27.0s/12m0s  12.24 iters/s

running (06m28.0s), 308/308 VUs, 1296 complete and 0 interrupted iterations
saturation   [  54% ] 308/308 VUs  06m28.0s/12m0s  12.33 iters/s

running (06m29.0s), 314/314 VUs, 1296 complete and 0 interrupted iterations
saturation   [  54% ] 314/314 VUs  06m29.0s/12m0s  12.41 iters/s

running (06m30.0s), 320/320 VUs, 1296 complete and 0 interrupted iterations
saturation   [  54% ] 320/320 VUs  06m30.0s/12m0s  12.49 iters/s

running (06m31.0s), 314/322 VUs, 1313 complete and 0 interrupted iterations
saturation   [  54% ] 314/322 VUs  06m31.0s/12m0s  12.58 iters/s

running (06m32.0s), 318/322 VUs, 1322 complete and 0 interrupted iterations
saturation   [  54% ] 318/322 VUs  06m32.0s/12m0s  12.67 iters/s

running (06m33.0s), 321/324 VUs, 1329 complete and 0 interrupted iterations
saturation   [  55% ] 321/324 VUs  06m33.0s/12m0s  12.74 iters/s

running (06m34.0s), 324/326 VUs, 1337 complete and 0 interrupted iterations
saturation   [  55% ] 324/326 VUs  06m34.0s/12m0s  12.83 iters/s

running (06m35.0s), 326/328 VUs, 1346 complete and 0 interrupted iterations
saturation   [  55% ] 326/328 VUs  06m35.0s/12m0s  12.91 iters/s

running (06m36.0s), 322/329 VUs, 1362 complete and 0 interrupted iterations
saturation   [  55% ] 322/329 VUs  06m36.0s/12m0s  13.00 iters/s

running (06m37.0s), 324/329 VUs, 1373 complete and 0 interrupted iterations
saturation   [  55% ] 324/329 VUs  06m37.0s/12m0s  13.08 iters/s

running (06m38.0s), 333/333 VUs, 1373 complete and 0 interrupted iterations
saturation   [  55% ] 333/333 VUs  06m38.0s/12m0s  13.16 iters/s

running (06m39.0s), 339/340 VUs, 1373 complete and 0 interrupted iterations
saturation   [  55% ] 339/340 VUs  06m39.0s/12m0s  13.24 iters/s

running (06m40.0s), 340/342 VUs, 1384 complete and 0 interrupted iterations
saturation   [  56% ] 340/342 VUs  06m40.0s/12m0s  13.33 iters/s

running (06m41.0s), 346/347 VUs, 1386 complete and 0 interrupted iterations
saturation   [  56% ] 346/347 VUs  06m41.0s/12m0s  13.41 iters/s

running (06m42.0s), 345/348 VUs, 1399 complete and 0 interrupted iterations
saturation   [  56% ] 345/348 VUs  06m42.0s/12m0s  13.49 iters/s

running (06m43.0s), 347/351 VUs, 1408 complete and 0 interrupted iterations
saturation   [  56% ] 347/351 VUs  06m43.0s/12m0s  13.58 iters/s

running (06m44.0s), 353/354 VUs, 1413 complete and 0 interrupted iterations
saturation   [  56% ] 353/354 VUs  06m44.0s/12m0s  13.67 iters/s

running (06m45.0s), 352/355 VUs, 1426 complete and 0 interrupted iterations
saturation   [  56% ] 352/355 VUs  06m45.0s/12m0s  13.74 iters/s

running (06m46.0s), 354/357 VUs, 1436 complete and 0 interrupted iterations
saturation   [  56% ] 354/357 VUs  06m46.0s/12m0s  13.83 iters/s

running (06m47.0s), 361/363 VUs, 1437 complete and 0 interrupted iterations
saturation   [  57% ] 361/363 VUs  06m47.0s/12m0s  13.91 iters/s

running (06m48.0s), 362/364 VUs, 1449 complete and 0 interrupted iterations
saturation   [  57% ] 362/364 VUs  06m48.0s/12m0s  14.00 iters/s

running (06m49.0s), 364/367 VUs, 1458 complete and 0 interrupted iterations
saturation   [  57% ] 364/367 VUs  06m49.0s/12m0s  14.08 iters/s

running (06m50.0s), 367/368 VUs, 1468 complete and 0 interrupted iterations
saturation   [  57% ] 367/368 VUs  06m50.0s/12m0s  14.16 iters/s

running (06m51.0s), 374/375 VUs, 1468 complete and 0 interrupted iterations
saturation   [  57% ] 374/375 VUs  06m51.0s/12m0s  14.24 iters/s

running (06m52.0s), 382/382 VUs, 1468 complete and 0 interrupted iterations
saturation   [  57% ] 382/382 VUs  06m52.0s/12m0s  14.33 iters/s

running (06m53.0s), 373/386 VUs, 1487 complete and 0 interrupted iterations
saturation   [  57% ] 373/386 VUs  06m53.0s/12m0s  14.41 iters/s

running (06m54.0s), 386/386 VUs, 1488 complete and 0 interrupted iterations
saturation   [  57% ] 386/386 VUs  06m54.0s/12m0s  14.49 iters/s

running (06m55.0s), 387/390 VUs, 1498 complete and 0 interrupted iterations
saturation   [  58% ] 387/390 VUs  06m55.0s/12m0s  14.58 iters/s

running (06m56.0s), 393/394 VUs, 1503 complete and 0 interrupted iterations
saturation   [  58% ] 393/394 VUs  06m56.0s/12m0s  14.67 iters/s

running (06m57.0s), 400/401 VUs, 1503 complete and 0 interrupted iterations
saturation   [  58% ] 400/401 VUs  06m57.0s/12m0s  14.75 iters/s

running (06m58.0s), 400/404 VUs, 1515 complete and 0 interrupted iterations
saturation   [  58% ] 400/404 VUs  06m58.0s/12m0s  14.83 iters/s

running (06m59.0s), 405/406 VUs, 1523 complete and 0 interrupted iterations
saturation   [  58% ] 405/406 VUs  06m59.0s/12m0s  14.91 iters/s

running (07m00.0s), 410/412 VUs, 1527 complete and 0 interrupted iterations
saturation   [  58% ] 410/412 VUs  07m00.0s/12m0s  15.00 iters/s

running (07m01.0s), 409/412 VUs, 1543 complete and 0 interrupted iterations
saturation   [  58% ] 409/412 VUs  07m01.0s/12m0s  15.08 iters/s

running (07m02.0s), 416/417 VUs, 1546 complete and 0 interrupted iterations
saturation   [  59% ] 416/417 VUs  07m02.0s/12m0s  15.16 iters/s

running (07m03.0s), 414/419 VUs, 1561 complete and 0 interrupted iterations
saturation   [  59% ] 414/419 VUs  07m03.0s/12m0s  15.25 iters/s

running (07m04.0s), 423/424 VUs, 1563 complete and 0 interrupted iterations
saturation   [  59% ] 423/424 VUs  07m04.0s/12m0s  15.33 iters/s

running (07m05.0s), 421/430 VUs, 1574 complete and 0 interrupted iterations
saturation   [  59% ] 421/430 VUs  07m05.0s/12m0s  15.41 iters/s

running (07m06.0s), 427/430 VUs, 1583 complete and 0 interrupted iterations
saturation   [  59% ] 427/430 VUs  07m06.0s/12m0s  15.49 iters/s

running (07m07.0s), 436/437 VUs, 1583 complete and 0 interrupted iterations
saturation   [  59% ] 436/437 VUs  07m07.0s/12m0s  15.58 iters/s

running (07m08.0s), 434/442 VUs, 1596 complete and 0 interrupted iterations
saturation   [  59% ] 434/442 VUs  07m08.0s/12m0s  15.67 iters/s

running (07m09.0s), 442/442 VUs, 1603 complete and 0 interrupted iterations
saturation   [  60% ] 442/442 VUs  07m09.0s/12m0s  15.75 iters/s

running (07m10.0s), 445/447 VUs, 1611 complete and 0 interrupted iterations
saturation   [  60% ] 445/447 VUs  07m10.0s/12m0s  15.83 iters/s

running (07m11.0s), 450/451 VUs, 1618 complete and 0 interrupted iterations
saturation   [  60% ] 450/451 VUs  07m11.0s/12m0s  15.91 iters/s

running (07m12.0s), 449/454 VUs, 1632 complete and 0 interrupted iterations
saturation   [  60% ] 449/454 VUs  07m12.0s/12m0s  16.00 iters/s

running (07m13.0s), 459/460 VUs, 1632 complete and 0 interrupted iterations
saturation   [  60% ] 459/460 VUs  07m13.0s/12m0s  16.08 iters/s

running (07m14.0s), 452/463 VUs, 1652 complete and 0 interrupted iterations
saturation   [  60% ] 452/463 VUs  07m14.0s/12m0s  16.16 iters/s

running (07m15.0s), 465/466 VUs, 1652 complete and 0 interrupted iterations
saturation   [  60% ] 465/466 VUs  07m15.0s/12m0s  16.25 iters/s

running (07m16.0s), 461/467 VUs, 1672 complete and 0 interrupted iterations
saturation   [  61% ] 461/467 VUs  07m16.0s/12m0s  16.33 iters/s

running (07m17.0s), 469/471 VUs, 1676 complete and 0 interrupted iterations
saturation   [  61% ] 469/471 VUs  07m17.0s/12m0s  16.41 iters/s

running (07m18.0s), 476/477 VUs, 1679 complete and 0 interrupted iterations
saturation   [  61% ] 476/477 VUs  07m18.0s/12m0s  16.49 iters/s

running (07m19.0s), 478/479 VUs, 1692 complete and 0 interrupted iterations
saturation   [  61% ] 478/479 VUs  07m19.0s/12m0s  16.58 iters/s

running (07m20.0s), 486/486 VUs, 1694 complete and 0 interrupted iterations
saturation   [  61% ] 486/486 VUs  07m20.0s/12m0s  16.67 iters/s

running (07m21.0s), 486/486 VUs, 1710 complete and 0 interrupted iterations
saturation   [  61% ] 486/486 VUs  07m21.0s/12m0s  16.75 iters/s

running (07m22.0s), 490/490 VUs, 1719 complete and 0 interrupted iterations
saturation   [  61% ] 490/490 VUs  07m22.0s/12m0s  16.83 iters/s

running (07m23.0s), 492/492 VUs, 1732 complete and 0 interrupted iterations
saturation   [  62% ] 492/492 VUs  07m23.0s/12m0s  16.91 iters/s

running (07m24.0s), 496/499 VUs, 1738 complete and 0 interrupted iterations
saturation   [  62% ] 496/499 VUs  07m24.0s/12m0s  17.00 iters/s

running (07m25.0s), 499/503 VUs, 1748 complete and 0 interrupted iterations
saturation   [  62% ] 499/503 VUs  07m25.0s/12m0s  17.08 iters/s

running (07m26.0s), 507/508 VUs, 1752 complete and 0 interrupted iterations
saturation   [  62% ] 507/508 VUs  07m26.0s/12m0s  17.16 iters/s

running (07m27.0s), 510/515 VUs, 1759 complete and 0 interrupted iterations
saturation   [  62% ] 510/515 VUs  07m27.0s/12m0s  17.25 iters/s

running (07m28.0s), 514/515 VUs, 1772 complete and 0 interrupted iterations
saturation   [  62% ] 514/515 VUs  07m28.0s/12m0s  17.33 iters/s

running (07m29.0s), 519/522 VUs, 1778 complete and 0 interrupted iterations
saturation   [  62% ] 519/522 VUs  07m29.0s/12m0s  17.41 iters/s

running (07m30.0s), 522/522 VUs, 1792 complete and 0 interrupted iterations
saturation   [  62% ] 522/522 VUs  07m30.0s/12m0s  17.50 iters/s

running (07m31.0s), 531/531 VUs, 1792 complete and 0 interrupted iterations
saturation   [  63% ] 531/531 VUs  07m31.0s/12m0s  17.58 iters/s

running (07m32.0s), 539/540 VUs, 1792 complete and 0 interrupted iterations
saturation   [  63% ] 539/540 VUs  07m32.0s/12m0s  17.66 iters/s

running (07m33.0s), 534/543 VUs, 1812 complete and 0 interrupted iterations
saturation   [  63% ] 534/543 VUs  07m33.0s/12m0s  17.75 iters/s

running (07m34.0s), 545/548 VUs, 1814 complete and 0 interrupted iterations
saturation   [  63% ] 545/548 VUs  07m34.0s/12m0s  17.83 iters/s

running (07m35.0s), 545/548 VUs, 1832 complete and 0 interrupted iterations
saturation   [  63% ] 545/548 VUs  07m35.0s/12m0s  17.91 iters/s

running (07m36.0s), 555/556 VUs, 1832 complete and 0 interrupted iterations
saturation   [  63% ] 555/556 VUs  07m36.0s/12m0s  18.00 iters/s

running (07m37.0s), 552/557 VUs, 1852 complete and 0 interrupted iterations
saturation   [  63% ] 552/557 VUs  07m37.0s/12m0s  18.08 iters/s

running (07m38.0s), 563/564 VUs, 1852 complete and 0 interrupted iterations
saturation   [  64% ] 563/564 VUs  07m38.0s/12m0s  18.16 iters/s

running (07m39.0s), 558/567 VUs, 1872 complete and 0 interrupted iterations
saturation   [  64% ] 558/567 VUs  07m39.0s/12m0s  18.25 iters/s

running (07m40.0s), 568/570 VUs, 1877 complete and 0 interrupted iterations
saturation   [  64% ] 568/570 VUs  07m40.0s/12m0s  18.33 iters/s

running (07m41.0s), 571/571 VUs, 1892 complete and 0 interrupted iterations
saturation   [  64% ] 571/571 VUs  07m41.0s/12m0s  18.41 iters/s

running (07m42.0s), 580/580 VUs, 1892 complete and 0 interrupted iterations
saturation   [  64% ] 580/580 VUs  07m42.0s/12m0s  18.50 iters/s

running (07m43.0s), 589/590 VUs, 1892 complete and 0 interrupted iterations
saturation   [  64% ] 589/590 VUs  07m43.0s/12m0s  18.58 iters/s

running (07m44.0s), 585/593 VUs, 1911 complete and 0 interrupted iterations
saturation   [  64% ] 585/593 VUs  07m44.0s/12m0s  18.66 iters/s

running (07m45.0s), 598/598 VUs, 1912 complete and 0 interrupted iterations
saturation   [  65% ] 598/598 VUs  07m45.0s/12m0s  18.75 iters/s

running (07m46.0s), 600/602 VUs, 1925 complete and 0 interrupted iterations
saturation   [  65% ] 600/602 VUs  07m46.0s/12m0s  18.83 iters/s

running (07m47.0s), 607/607 VUs, 1932 complete and 0 interrupted iterations
saturation   [  65% ] 607/607 VUs  07m47.0s/12m0s  18.91 iters/s

running (07m48.0s), 609/612 VUs, 1944 complete and 0 interrupted iterations
saturation   [  65% ] 609/612 VUs  07m48.0s/12m0s  19.00 iters/s

running (07m49.0s), 614/614 VUs, 1956 complete and 0 interrupted iterations
saturation   [  65% ] 614/614 VUs  07m49.0s/12m0s  19.08 iters/s

running (07m50.0s), 612/619 VUs, 1972 complete and 0 interrupted iterations
saturation   [  65% ] 612/619 VUs  07m50.0s/12m0s  19.16 iters/s

running (07m51.0s), 625/625 VUs, 1972 complete and 0 interrupted iterations
saturation   [  65% ] 625/625 VUs  07m51.0s/12m0s  19.25 iters/s

running (07m52.0s), 628/632 VUs, 1981 complete and 0 interrupted iterations
saturation   [  66% ] 628/632 VUs  07m52.0s/12m0s  19.33 iters/s

running (07m53.0s), 634/635 VUs, 1992 complete and 0 interrupted iterations
saturation   [  66% ] 634/635 VUs  07m53.0s/12m0s  19.41 iters/s

running (07m54.0s), 644/644 VUs, 1992 complete and 0 interrupted iterations
saturation   [  66% ] 644/644 VUs  07m54.0s/12m0s  19.50 iters/s

running (07m55.0s), 654/654 VUs, 1992 complete and 0 interrupted iterations
saturation   [  66% ] 654/654 VUs  07m55.0s/12m0s  19.58 iters/s

running (07m56.0s), 658/662 VUs, 1999 complete and 0 interrupted iterations
saturation   [  66% ] 658/662 VUs  07m56.0s/12m0s  19.66 iters/s

running (07m57.0s), 663/664 VUs, 2012 complete and 0 interrupted iterations
saturation   [  66% ] 663/664 VUs  07m57.0s/12m0s  19.75 iters/s

running (07m58.0s), 663/669 VUs, 2027 complete and 0 interrupted iterations
saturation   [  66% ] 663/669 VUs  07m58.0s/12m0s  19.83 iters/s

running (07m59.0s), 663/670 VUs, 2046 complete and 0 interrupted iterations
saturation   [  67% ] 663/670 VUs  07m59.0s/12m0s  19.91 iters/s

running (08m00.0s), 648/670 VUs, 2081 complete and 0 interrupted iterations
saturation   [  67% ] 648/670 VUs  08m00.0s/12m0s  20.00 iters/s

================ DSP benchmark summary ================
-- per-phase latency --
  catalog                    p50=178.7 ms  p95=853.6 ms  p99=1107.4 ms  max=1331.2 ms  n=2718
  negotiation init (POST)    p50=31.9 ms  p95=123.1 ms  p99=223.0 ms  max=488.1 ms  n=2714
  time-to-AGREED (async)     p50=4640.5 ms  p95=25039.6 ms  p99=28579.3 ms  max=30232.0 ms  n=2272
  transfer init (POST)       p50=72.2 ms  p95=195.8 ms  p99=287.0 ms  max=566.0 ms  n=2272
  time-to-EDR (async)        p50=6617.0 ms  p95=26235.3 ms  p99=29442.8 ms  max=30133.0 ms  n=1024
  data pull                  p50=27.7 ms  p95=48.0 ms  p99=50.4 ms  max=74.3 ms  n=1024
-- end-to-end + throughput --
  e2e transaction            p50=9966.0 ms  p95=31491.6 ms  p99=33764.2 ms  max=34719.0 ms  n=1024
  data throughput (MB/s)     p50=0.2  p95=0.2  p99=0.2  max=0.2  n=1024
-- outcomes --
  transactions succeeded     count=1024  rate=2.132/s
  transactions failed        count=1058  rate=2.203/s
  failed rate                rate=50.82%  (pass=1058 fail=1024)
-- observer effect (poll load) --
  negotiation polls          count=93561  rate=194.780/s
  edr polls                  count=178411  rate=371.424/s
=======================================================
(full summary -> /home/rohitj/edc/benchmarking-factoryx-edc/resources/local-fx-mvd/k6-scripts/results/factoryx/saturation-open/2026-07-29T15-57-40Z/k6-summary.json; POLL_INTERVAL_MS=250; IDENTITY_MODE=on)

running (08m00.3s), 000/670 VUs, 2081 complete and 648 interrupted iterations
saturation ✗ [  67% ] 648/670 VUs  08m00.0s/12m0s  20.00 iters/s
time="2026-07-29T16:06:46Z" level=error msg="thresholds on metrics 'dsp_transaction_failed_rate' were crossed; at least one has abortOnFail enabled, stopping test prematurely"
Prometheus snapshot [1785340725..1785341221] svc=(provider-controlplane|provider-dataplane|consumer-controlplane|consumer-dataplane) win=1m -> /home/rohitj/edc/benchmarking-factoryx-edc/resources/local-fx-mvd/k6-scripts/results/factoryx/saturation-open/2026-07-29T15-57-40Z
  jvm-heap.csv (400 rows)
  jvm-gc-rate.csv (400 rows)
  jvm-threads.csv (400 rows)
  http-throughput.csv (400 rows)
  http-p95.csv (400 rows)
  http-errors.csv (200 rows)
  host-cpu-busy.csv (100 rows)
  host-mem-used.csv (100 rows)
>>> done: /home/rohitj/edc/benchmarking-factoryx-edc/resources/local-fx-mvd/k6-scripts/results/factoryx/saturation-open/2026-07-29T15-57-40Z  (k6 exit 99)
  (saturation-open rep 1 exited non-zero)
----- factoryx / steady (rep 1) -----
>>> factoryx / steady  ->  /home/rohitj/edc/benchmarking-factoryx-edc/resources/local-fx-mvd/k6-scripts/results/factoryx/steady/2026-07-29T16-07-01Z
parity OK: lib/ + scenarios/ identical to /home/rohitj/edc/benchmarking-factoryx-edc/resources/local-fx-mvd/k6-scripts
Health: http://localhost:29010/management + prometheus  OK
Warmup 60s @ 2/s (discarded)
  (warmup non-zero exit ignored)

         /\      Grafana   /‾‾/  
    /\  /  \     |\  __   /  /   
   /  \/    \    | |/ /  /   ‾‾\ 
  /          \   |   (  |  (‾)  |
 / __________ \  |_|\_\  \_____/ 


     execution: local
        script: /home/rohitj/edc/benchmarking-factoryx-edc/resources/local-fx-mvd/k6-scripts/scenarios/steady.js
        output: -

     scenarios: (100.00%) 1 scenario, 200 max VUs, 10m30s max duration (incl. graceful stop):
              * steady: 5.00 iterations/s for 10m0s (maxVUs: 50-200, gracefulStop: 30s)


running (00m01.0s), 005/050 VUs, 0 complete and 0 interrupted iterations
steady   [   0% ] 005/050 VUs  00m01.0s/10m0s  5.00 iters/s

running (00m02.0s), 010/050 VUs, 0 complete and 0 interrupted iterations
steady   [   0% ] 010/050 VUs  00m02.0s/10m0s  5.00 iters/s

running (00m03.0s), 015/050 VUs, 0 complete and 0 interrupted iterations
steady   [   0% ] 015/050 VUs  00m03.0s/10m0s  5.00 iters/s

running (00m04.0s), 020/050 VUs, 0 complete and 0 interrupted iterations
steady   [   1% ] 020/050 VUs  00m04.0s/10m0s  5.00 iters/s

running (00m05.0s), 025/050 VUs, 0 complete and 0 interrupted iterations
steady   [   1% ] 025/050 VUs  00m05.0s/10m0s  5.00 iters/s

running (00m06.0s), 030/050 VUs, 0 complete and 0 interrupted iterations
steady   [   1% ] 030/050 VUs  00m06.0s/10m0s  5.00 iters/s

running (00m07.0s), 035/050 VUs, 0 complete and 0 interrupted iterations
steady   [   1% ] 035/050 VUs  00m07.0s/10m0s  5.00 iters/s

running (00m08.0s), 040/050 VUs, 0 complete and 0 interrupted iterations
steady   [   1% ] 040/050 VUs  00m08.0s/10m0s  5.00 iters/s

running (00m09.0s), 045/050 VUs, 0 complete and 0 interrupted iterations
steady   [   1% ] 045/050 VUs  00m09.0s/10m0s  5.00 iters/s

running (00m10.0s), 050/050 VUs, 0 complete and 0 interrupted iterations
steady   [   2% ] 050/050 VUs  00m10.0s/10m0s  5.00 iters/s

running (00m11.0s), 052/053 VUs, 0 complete and 0 interrupted iterations
steady   [   2% ] 052/053 VUs  00m11.0s/10m0s  5.00 iters/s

running (00m12.0s), 055/055 VUs, 0 complete and 0 interrupted iterations
steady   [   2% ] 055/055 VUs  00m12.0s/10m0s  5.00 iters/s

running (00m13.0s), 057/058 VUs, 0 complete and 0 interrupted iterations
steady   [   2% ] 057/058 VUs  00m13.0s/10m0s  5.00 iters/s

running (00m14.0s), 060/060 VUs, 0 complete and 0 interrupted iterations
steady   [   2% ] 060/060 VUs  00m14.0s/10m0s  5.00 iters/s

running (00m15.0s), 062/063 VUs, 0 complete and 0 interrupted iterations
steady   [   2% ] 062/063 VUs  00m15.0s/10m0s  5.00 iters/s

running (00m16.0s), 065/065 VUs, 0 complete and 0 interrupted iterations
steady   [   3% ] 065/065 VUs  00m16.0s/10m0s  5.00 iters/s

running (00m17.0s), 067/068 VUs, 0 complete and 0 interrupted iterations
steady   [   3% ] 067/068 VUs  00m17.0s/10m0s  5.00 iters/s

running (00m18.0s), 070/070 VUs, 0 complete and 0 interrupted iterations
steady   [   3% ] 070/070 VUs  00m18.0s/10m0s  5.00 iters/s

running (00m19.0s), 072/073 VUs, 0 complete and 0 interrupted iterations
steady   [   3% ] 072/073 VUs  00m19.0s/10m0s  5.00 iters/s

running (00m20.0s), 075/075 VUs, 0 complete and 0 interrupted iterations
steady   [   3% ] 075/075 VUs  00m20.0s/10m0s  5.00 iters/s

running (00m21.0s), 077/078 VUs, 0 complete and 0 interrupted iterations
steady   [   3% ] 077/078 VUs  00m21.0s/10m0s  5.00 iters/s

running (00m22.0s), 080/080 VUs, 0 complete and 0 interrupted iterations
steady   [   4% ] 080/080 VUs  00m22.0s/10m0s  5.00 iters/s

running (00m23.0s), 082/083 VUs, 0 complete and 0 interrupted iterations
steady   [   4% ] 082/083 VUs  00m23.0s/10m0s  5.00 iters/s

running (00m24.0s), 085/085 VUs, 0 complete and 0 interrupted iterations
steady   [   4% ] 085/085 VUs  00m24.0s/10m0s  5.00 iters/s

running (00m25.0s), 087/088 VUs, 0 complete and 0 interrupted iterations
steady   [   4% ] 087/088 VUs  00m25.0s/10m0s  5.00 iters/s

running (00m26.0s), 090/090 VUs, 0 complete and 0 interrupted iterations
steady   [   4% ] 090/090 VUs  00m26.0s/10m0s  5.00 iters/s

running (00m27.0s), 092/093 VUs, 0 complete and 0 interrupted iterations
steady   [   4% ] 092/093 VUs  00m27.0s/10m0s  5.00 iters/s

running (00m28.0s), 095/095 VUs, 0 complete and 0 interrupted iterations
steady   [   5% ] 095/095 VUs  00m28.0s/10m0s  5.00 iters/s

running (00m29.0s), 097/098 VUs, 0 complete and 0 interrupted iterations
steady   [   5% ] 097/098 VUs  00m29.0s/10m0s  5.00 iters/s

running (00m30.0s), 100/100 VUs, 0 complete and 0 interrupted iterations
steady   [   5% ] 100/100 VUs  00m30.0s/10m0s  5.00 iters/s

running (00m31.0s), 102/103 VUs, 0 complete and 0 interrupted iterations
steady   [   5% ] 102/103 VUs  00m31.0s/10m0s  5.00 iters/s

running (00m32.0s), 105/105 VUs, 0 complete and 0 interrupted iterations
steady   [   5% ] 105/105 VUs  00m32.0s/10m0s  5.00 iters/s

running (00m33.0s), 107/108 VUs, 0 complete and 0 interrupted iterations
steady   [   5% ] 107/108 VUs  00m33.0s/10m0s  5.00 iters/s

running (00m34.0s), 110/110 VUs, 0 complete and 0 interrupted iterations
steady   [   6% ] 110/110 VUs  00m34.0s/10m0s  5.00 iters/s

running (00m35.0s), 106/111 VUs, 8 complete and 0 interrupted iterations
steady   [   6% ] 106/111 VUs  00m35.0s/10m0s  5.00 iters/s

running (00m36.0s), 111/111 VUs, 8 complete and 0 interrupted iterations
steady   [   6% ] 111/111 VUs  00m36.0s/10m0s  5.00 iters/s

running (00m37.0s), 108/112 VUs, 15 complete and 0 interrupted iterations
steady   [   6% ] 108/112 VUs  00m37.0s/10m0s  5.00 iters/s

running (00m38.0s), 106/112 VUs, 22 complete and 0 interrupted iterations
steady   [   6% ] 106/112 VUs  00m38.0s/10m0s  5.00 iters/s

running (00m39.0s), 101/112 VUs, 32 complete and 0 interrupted iterations
steady   [   6% ] 101/112 VUs  00m39.0s/10m0s  5.00 iters/s

running (00m40.0s), 103/112 VUs, 35 complete and 0 interrupted iterations
steady   [   7% ] 103/112 VUs  00m40.0s/10m0s  5.00 iters/s

running (00m41.0s), 108/112 VUs, 35 complete and 0 interrupted iterations
steady   [   7% ] 108/112 VUs  00m41.0s/10m0s  5.00 iters/s

running (00m42.0s), 106/112 VUs, 42 complete and 0 interrupted iterations
steady   [   7% ] 106/112 VUs  00m42.0s/10m0s  5.00 iters/s

running (00m43.0s), 111/112 VUs, 42 complete and 0 interrupted iterations
steady   [   7% ] 111/112 VUs  00m43.0s/10m0s  5.00 iters/s

running (00m44.0s), 108/112 VUs, 50 complete and 0 interrupted iterations
steady   [   7% ] 108/112 VUs  00m44.0s/10m0s  5.00 iters/s

running (00m45.0s), 107/113 VUs, 55 complete and 0 interrupted iterations
steady   [   7% ] 107/113 VUs  00m45.0s/10m0s  5.00 iters/s

running (00m46.0s), 112/113 VUs, 55 complete and 0 interrupted iterations
steady   [   8% ] 112/113 VUs  00m46.0s/10m0s  5.00 iters/s

running (00m47.0s), 112/114 VUs, 59 complete and 0 interrupted iterations
steady   [   8% ] 112/114 VUs  00m47.0s/10m0s  5.00 iters/s

running (00m48.0s), 115/116 VUs, 59 complete and 0 interrupted iterations
steady   [   8% ] 115/116 VUs  00m48.0s/10m0s  5.00 iters/s

running (00m49.0s), 114/117 VUs, 64 complete and 0 interrupted iterations
steady   [   8% ] 114/117 VUs  00m49.0s/10m0s  5.00 iters/s

running (00m50.0s), 118/118 VUs, 64 complete and 0 interrupted iterations
steady   [   8% ] 118/118 VUs  00m50.0s/10m0s  5.00 iters/s

running (00m51.0s), 118/119 VUs, 68 complete and 0 interrupted iterations
steady   [   8% ] 118/119 VUs  00m51.0s/10m0s  5.00 iters/s

running (00m52.0s), 119/121 VUs, 70 complete and 0 interrupted iterations
steady   [   9% ] 119/121 VUs  00m52.0s/10m0s  5.00 iters/s

running (00m53.0s), 121/121 VUs, 73 complete and 0 interrupted iterations
steady   [   9% ] 121/121 VUs  00m53.0s/10m0s  5.00 iters/s

running (00m54.0s), 120/123 VUs, 77 complete and 0 interrupted iterations
steady   [   9% ] 120/123 VUs  00m54.0s/10m0s  5.00 iters/s

running (00m55.0s), 124/124 VUs, 77 complete and 0 interrupted iterations
steady   [   9% ] 124/124 VUs  00m55.0s/10m0s  5.00 iters/s

running (00m56.0s), 124/125 VUs, 81 complete and 0 interrupted iterations
steady   [   9% ] 124/125 VUs  00m56.0s/10m0s  5.00 iters/s

running (00m57.0s), 125/127 VUs, 83 complete and 0 interrupted iterations
steady   [   9% ] 125/127 VUs  00m57.0s/10m0s  5.00 iters/s

running (00m58.0s), 127/128 VUs, 85 complete and 0 interrupted iterations
steady   [  10% ] 127/128 VUs  00m58.0s/10m0s  5.00 iters/s

running (00m59.0s), 127/129 VUs, 89 complete and 0 interrupted iterations
steady   [  10% ] 127/129 VUs  00m59.0s/10m0s  5.00 iters/s

running (01m00.0s), 130/131 VUs, 89 complete and 0 interrupted iterations
steady   [  10% ] 130/131 VUs  01m00.0s/10m0s  5.00 iters/s

running (01m01.0s), 130/131 VUs, 94 complete and 0 interrupted iterations
steady   [  10% ] 130/131 VUs  01m01.0s/10m0s  5.00 iters/s

running (01m02.0s), 132/133 VUs, 95 complete and 0 interrupted iterations
steady   [  10% ] 132/133 VUs  01m02.0s/10m0s  5.00 iters/s

running (01m03.0s), 129/133 VUs, 103 complete and 0 interrupted iterations
steady   [  10% ] 129/133 VUs  01m03.0s/10m0s  5.00 iters/s

running (01m04.0s), 133/134 VUs, 103 complete and 0 interrupted iterations
steady   [  11% ] 133/134 VUs  01m04.0s/10m0s  5.00 iters/s

running (01m05.0s), 135/135 VUs, 105 complete and 0 interrupted iterations
steady   [  11% ] 135/135 VUs  01m05.0s/10m0s  5.00 iters/s

running (01m06.0s), 137/137 VUs, 106 complete and 0 interrupted iterations
steady   [  11% ] 137/137 VUs  01m06.0s/10m0s  5.00 iters/s

running (01m07.0s), 139/140 VUs, 106 complete and 0 interrupted iterations
steady   [  11% ] 139/140 VUs  01m07.0s/10m0s  5.00 iters/s

running (01m08.0s), 140/141 VUs, 109 complete and 0 interrupted iterations
steady   [  11% ] 140/141 VUs  01m08.0s/10m0s  5.00 iters/s

running (01m09.0s), 143/143 VUs, 109 complete and 0 interrupted iterations
steady   [  11% ] 143/143 VUs  01m09.0s/10m0s  5.00 iters/s

running (01m10.0s), 138/144 VUs, 118 complete and 0 interrupted iterations
steady   [  12% ] 138/144 VUs  01m10.0s/10m0s  5.00 iters/s

running (01m11.0s), 143/144 VUs, 118 complete and 0 interrupted iterations
steady   [  12% ] 143/144 VUs  01m11.0s/10m0s  5.00 iters/s

running (01m12.0s), 137/145 VUs, 128 complete and 0 interrupted iterations
steady   [  12% ] 137/145 VUs  01m12.0s/10m0s  5.00 iters/s

running (01m13.0s), 134/145 VUs, 136 complete and 0 interrupted iterations
steady   [  12% ] 134/145 VUs  01m13.0s/10m0s  5.00 iters/s

running (01m14.0s), 131/145 VUs, 144 complete and 0 interrupted iterations
steady   [  12% ] 131/145 VUs  01m14.0s/10m0s  5.00 iters/s

running (01m15.0s), 136/145 VUs, 144 complete and 0 interrupted iterations
steady   [  12% ] 136/145 VUs  01m15.0s/10m0s  5.00 iters/s

running (01m16.0s), 133/145 VUs, 152 complete and 0 interrupted iterations
steady   [  13% ] 133/145 VUs  01m16.0s/10m0s  5.00 iters/s

running (01m17.0s), 138/145 VUs, 152 complete and 0 interrupted iterations
steady   [  13% ] 138/145 VUs  01m17.0s/10m0s  5.00 iters/s

running (01m18.0s), 139/145 VUs, 156 complete and 0 interrupted iterations
steady   [  13% ] 139/145 VUs  01m18.0s/10m0s  5.00 iters/s

running (01m19.0s), 139/145 VUs, 161 complete and 0 interrupted iterations
steady   [  13% ] 139/145 VUs  01m19.0s/10m0s  5.00 iters/s

running (01m20.0s), 138/145 VUs, 167 complete and 0 interrupted iterations
steady   [  13% ] 138/145 VUs  01m20.0s/10m0s  5.00 iters/s

running (01m21.0s), 141/145 VUs, 169 complete and 0 interrupted iterations
steady   [  13% ] 141/145 VUs  01m21.0s/10m0s  5.00 iters/s

running (01m22.0s), 145/146 VUs, 169 complete and 0 interrupted iterations
steady   [  14% ] 145/146 VUs  01m22.0s/10m0s  5.00 iters/s

running (01m23.0s), 143/146 VUs, 176 complete and 0 interrupted iterations
steady   [  14% ] 143/146 VUs  01m23.0s/10m0s  5.00 iters/s

running (01m24.0s), 144/147 VUs, 179 complete and 0 interrupted iterations
steady   [  14% ] 144/147 VUs  01m24.0s/10m0s  5.00 iters/s

running (01m25.0s), 143/147 VUs, 185 complete and 0 interrupted iterations
steady   [  14% ] 143/147 VUs  01m25.0s/10m0s  5.00 iters/s

running (01m26.0s), 147/148 VUs, 185 complete and 0 interrupted iterations
steady   [  14% ] 147/148 VUs  01m26.0s/10m0s  5.00 iters/s

running (01m27.0s), 139/148 VUs, 198 complete and 0 interrupted iterations
steady   [  14% ] 139/148 VUs  01m27.0s/10m0s  5.00 iters/s

running (01m28.0s), 144/148 VUs, 198 complete and 0 interrupted iterations
steady   [  15% ] 144/148 VUs  01m28.0s/10m0s  5.00 iters/s

running (01m29.0s), 148/149 VUs, 198 complete and 0 interrupted iterations
steady   [  15% ] 148/149 VUs  01m29.0s/10m0s  5.00 iters/s

running (01m30.0s), 143/151 VUs, 206 complete and 0 interrupted iterations
steady   [  15% ] 143/151 VUs  01m30.0s/10m0s  5.00 iters/s

running (01m31.0s), 141/151 VUs, 213 complete and 0 interrupted iterations
steady   [  15% ] 141/151 VUs  01m31.0s/10m0s  5.00 iters/s

running (01m32.0s), 145/151 VUs, 214 complete and 0 interrupted iterations
steady   [  15% ] 145/151 VUs  01m32.0s/10m0s  5.00 iters/s

running (01m33.0s), 146/151 VUs, 218 complete and 0 interrupted iterations
steady   [  15% ] 146/151 VUs  01m33.0s/10m0s  5.00 iters/s

running (01m34.0s), 149/151 VUs, 220 complete and 0 interrupted iterations
steady   [  16% ] 149/151 VUs  01m34.0s/10m0s  5.00 iters/s

running (01m35.0s), 147/152 VUs, 226 complete and 0 interrupted iterations
steady   [  16% ] 147/152 VUs  01m35.0s/10m0s  5.00 iters/s

running (01m36.0s), 152/152 VUs, 226 complete and 0 interrupted iterations
steady   [  16% ] 152/152 VUs  01m36.0s/10m0s  5.00 iters/s

running (01m37.0s), 147/154 VUs, 234 complete and 0 interrupted iterations
steady   [  16% ] 147/154 VUs  01m37.0s/10m0s  5.00 iters/s

running (01m38.0s), 152/154 VUs, 234 complete and 0 interrupted iterations
steady   [  16% ] 152/154 VUs  01m38.0s/10m0s  5.00 iters/s

running (01m39.0s), 150/154 VUs, 241 complete and 0 interrupted iterations
steady   [  16% ] 150/154 VUs  01m39.0s/10m0s  5.00 iters/s

running (01m40.0s), 154/155 VUs, 241 complete and 0 interrupted iterations
steady   [  17% ] 154/155 VUs  01m40.0s/10m0s  5.00 iters/s

running (01m41.0s), 153/156 VUs, 246 complete and 0 interrupted iterations
steady   [  17% ] 153/156 VUs  01m41.0s/10m0s  5.00 iters/s

running (01m42.0s), 153/157 VUs, 250 complete and 0 interrupted iterations
steady   [  17% ] 153/157 VUs  01m42.0s/10m0s  5.00 iters/s

running (01m43.0s), 152/157 VUs, 256 complete and 0 interrupted iterations
steady   [  17% ] 152/157 VUs  01m43.0s/10m0s  5.00 iters/s

running (01m44.0s), 157/157 VUs, 256 complete and 0 interrupted iterations
steady   [  17% ] 157/157 VUs  01m44.0s/10m0s  5.00 iters/s

running (01m45.0s), 154/159 VUs, 262 complete and 0 interrupted iterations
steady   [  17% ] 154/159 VUs  01m45.0s/10m0s  5.00 iters/s

running (01m46.0s), 153/159 VUs, 268 complete and 0 interrupted iterations
steady   [  18% ] 153/159 VUs  01m46.0s/10m0s  5.00 iters/s

running (01m47.0s), 150/159 VUs, 276 complete and 0 interrupted iterations
steady   [  18% ] 150/159 VUs  01m47.0s/10m0s  5.00 iters/s

running (01m48.0s), 149/159 VUs, 282 complete and 0 interrupted iterations
steady   [  18% ] 149/159 VUs  01m48.0s/10m0s  5.00 iters/s

running (01m49.0s), 154/159 VUs, 282 complete and 0 interrupted iterations
steady   [  18% ] 154/159 VUs  01m49.0s/10m0s  5.00 iters/s

running (01m50.0s), 152/159 VUs, 289 complete and 0 interrupted iterations
steady   [  18% ] 152/159 VUs  01m50.0s/10m0s  5.00 iters/s

running (01m51.0s), 149/159 VUs, 297 complete and 0 interrupted iterations
steady   [  18% ] 149/159 VUs  01m51.0s/10m0s  5.00 iters/s

running (01m52.0s), 154/159 VUs, 297 complete and 0 interrupted iterations
steady   [  19% ] 154/159 VUs  01m52.0s/10m0s  5.00 iters/s

running (01m53.0s), 158/159 VUs, 298 complete and 0 interrupted iterations
steady   [  19% ] 158/159 VUs  01m53.0s/10m0s  5.00 iters/s

running (01m54.0s), 157/159 VUs, 304 complete and 0 interrupted iterations
steady   [  19% ] 157/159 VUs  01m54.0s/10m0s  5.00 iters/s

running (01m55.0s), 159/161 VUs, 305 complete and 0 interrupted iterations
steady   [  19% ] 159/161 VUs  01m55.0s/10m0s  5.00 iters/s

running (01m56.0s), 152/161 VUs, 317 complete and 0 interrupted iterations
steady   [  19% ] 152/161 VUs  01m56.0s/10m0s  5.00 iters/s

running (01m57.0s), 149/161 VUs, 325 complete and 0 interrupted iterations
steady   [  19% ] 149/161 VUs  01m57.0s/10m0s  5.00 iters/s

running (01m58.0s), 148/161 VUs, 331 complete and 0 interrupted iterations
steady   [  20% ] 148/161 VUs  01m58.0s/10m0s  5.00 iters/s

running (01m59.0s), 149/161 VUs, 335 complete and 0 interrupted iterations
steady   [  20% ] 149/161 VUs  01m59.0s/10m0s  5.00 iters/s

running (02m00.0s), 148/161 VUs, 341 complete and 0 interrupted iterations
steady   [  20% ] 148/161 VUs  02m00.0s/10m0s  5.00 iters/s

running (02m01.0s), 151/161 VUs, 343 complete and 0 interrupted iterations
steady   [  20% ] 151/161 VUs  02m01.0s/10m0s  5.00 iters/s

running (02m02.0s), 152/161 VUs, 347 complete and 0 interrupted iterations
steady   [  20% ] 152/161 VUs  02m02.0s/10m0s  5.00 iters/s

running (02m03.0s), 153/161 VUs, 351 complete and 0 interrupted iterations
steady   [  20% ] 153/161 VUs  02m03.0s/10m0s  5.00 iters/s

running (02m04.0s), 151/161 VUs, 358 complete and 0 interrupted iterations
steady   [  21% ] 151/161 VUs  02m04.0s/10m0s  5.00 iters/s

running (02m05.0s), 151/161 VUs, 363 complete and 0 interrupted iterations
steady   [  21% ] 151/161 VUs  02m05.0s/10m0s  5.00 iters/s

running (02m06.0s), 150/161 VUs, 369 complete and 0 interrupted iterations
steady   [  21% ] 150/161 VUs  02m06.0s/10m0s  5.00 iters/s

running (02m07.0s), 150/161 VUs, 374 complete and 0 interrupted iterations
steady   [  21% ] 150/161 VUs  02m07.0s/10m0s  5.00 iters/s

running (02m08.0s), 152/161 VUs, 377 complete and 0 interrupted iterations
steady   [  21% ] 152/161 VUs  02m08.0s/10m0s  5.00 iters/s

running (02m09.0s), 155/161 VUs, 379 complete and 0 interrupted iterations
steady   [  21% ] 155/161 VUs  02m09.0s/10m0s  5.00 iters/s

running (02m10.0s), 159/161 VUs, 380 complete and 0 interrupted iterations
steady   [  22% ] 159/161 VUs  02m10.0s/10m0s  5.00 iters/s

running (02m11.0s), 157/162 VUs, 386 complete and 0 interrupted iterations
steady   [  22% ] 157/162 VUs  02m11.0s/10m0s  5.00 iters/s

running (02m12.0s), 162/162 VUs, 386 complete and 0 interrupted iterations
steady   [  22% ] 162/162 VUs  02m12.0s/10m0s  5.00 iters/s

running (02m13.0s), 160/163 VUs, 392 complete and 0 interrupted iterations
steady   [  22% ] 160/163 VUs  02m13.0s/10m0s  5.00 iters/s

running (02m14.0s), 155/163 VUs, 402 complete and 0 interrupted iterations
steady   [  22% ] 155/163 VUs  02m14.0s/10m0s  5.00 iters/s

running (02m15.0s), 157/163 VUs, 405 complete and 0 interrupted iterations
steady   [  22% ] 157/163 VUs  02m15.0s/10m0s  5.00 iters/s

running (02m16.0s), 162/163 VUs, 405 complete and 0 interrupted iterations
steady   [  23% ] 162/163 VUs  02m16.0s/10m0s  5.00 iters/s

running (02m17.0s), 159/163 VUs, 413 complete and 0 interrupted iterations
steady   [  23% ] 159/163 VUs  02m17.0s/10m0s  5.00 iters/s

running (02m18.0s), 159/163 VUs, 418 complete and 0 interrupted iterations
steady   [  23% ] 159/163 VUs  02m18.0s/10m0s  5.00 iters/s

running (02m19.0s), 163/164 VUs, 418 complete and 0 interrupted iterations
steady   [  23% ] 163/164 VUs  02m19.0s/10m0s  5.00 iters/s

running (02m20.0s), 159/166 VUs, 425 complete and 0 interrupted iterations
steady   [  23% ] 159/166 VUs  02m20.0s/10m0s  5.00 iters/s

running (02m21.0s), 157/166 VUs, 432 complete and 0 interrupted iterations
steady   [  23% ] 157/166 VUs  02m21.0s/10m0s  5.00 iters/s

running (02m22.0s), 155/166 VUs, 439 complete and 0 interrupted iterations
steady   [  24% ] 155/166 VUs  02m22.0s/10m0s  5.00 iters/s

running (02m23.0s), 154/166 VUs, 445 complete and 0 interrupted iterations
steady   [  24% ] 154/166 VUs  02m23.0s/10m0s  5.00 iters/s

running (02m24.0s), 154/166 VUs, 450 complete and 0 interrupted iterations
steady   [  24% ] 154/166 VUs  02m24.0s/10m0s  5.00 iters/s

running (02m25.0s), 155/166 VUs, 454 complete and 0 interrupted iterations
steady   [  24% ] 155/166 VUs  02m25.0s/10m0s  5.00 iters/s

running (02m26.0s), 160/166 VUs, 454 complete and 0 interrupted iterations
steady   [  24% ] 160/166 VUs  02m26.0s/10m0s  5.00 iters/s

running (02m27.0s), 158/166 VUs, 461 complete and 0 interrupted iterations
steady   [  24% ] 158/166 VUs  02m27.0s/10m0s  5.00 iters/s

running (02m28.0s), 154/166 VUs, 470 complete and 0 interrupted iterations
steady   [  25% ] 154/166 VUs  02m28.0s/10m0s  5.00 iters/s

running (02m29.0s), 156/166 VUs, 473 complete and 0 interrupted iterations
steady   [  25% ] 156/166 VUs  02m29.0s/10m0s  5.00 iters/s

running (02m30.0s), 161/166 VUs, 473 complete and 0 interrupted iterations
steady   [  25% ] 161/166 VUs  02m30.0s/10m0s  5.00 iters/s

running (02m31.0s), 161/166 VUs, 478 complete and 0 interrupted iterations
steady   [  25% ] 161/166 VUs  02m31.0s/10m0s  5.00 iters/s

running (02m32.0s), 166/166 VUs, 478 complete and 0 interrupted iterations
steady   [  25% ] 166/166 VUs  02m32.0s/10m0s  5.00 iters/s

running (02m33.0s), 158/167 VUs, 490 complete and 0 interrupted iterations
steady   [  25% ] 158/167 VUs  02m33.0s/10m0s  5.00 iters/s

running (02m34.0s), 157/167 VUs, 496 complete and 0 interrupted iterations
steady   [  26% ] 157/167 VUs  02m34.0s/10m0s  5.00 iters/s

running (02m35.0s), 156/167 VUs, 502 complete and 0 interrupted iterations
steady   [  26% ] 156/167 VUs  02m35.0s/10m0s  5.00 iters/s

running (02m36.0s), 155/167 VUs, 508 complete and 0 interrupted iterations
steady   [  26% ] 155/167 VUs  02m36.0s/10m0s  5.00 iters/s

running (02m37.0s), 156/167 VUs, 512 complete and 0 interrupted iterations
steady   [  26% ] 156/167 VUs  02m37.0s/10m0s  5.00 iters/s

running (02m38.0s), 154/167 VUs, 519 complete and 0 interrupted iterations
steady   [  26% ] 154/167 VUs  02m38.0s/10m0s  5.00 iters/s

running (02m39.0s), 154/167 VUs, 524 complete and 0 interrupted iterations
steady   [  26% ] 154/167 VUs  02m39.0s/10m0s  5.00 iters/s

running (02m40.0s), 153/167 VUs, 530 complete and 0 interrupted iterations
steady   [  27% ] 153/167 VUs  02m40.0s/10m0s  5.00 iters/s

running (02m41.0s), 155/167 VUs, 533 complete and 0 interrupted iterations
steady   [  27% ] 155/167 VUs  02m41.0s/10m0s  5.00 iters/s

running (02m42.0s), 156/167 VUs, 537 complete and 0 interrupted iterations
steady   [  27% ] 156/167 VUs  02m42.0s/10m0s  5.00 iters/s

running (02m43.0s), 161/167 VUs, 537 complete and 0 interrupted iterations
steady   [  27% ] 161/167 VUs  02m43.0s/10m0s  5.00 iters/s

running (02m44.0s), 161/167 VUs, 542 complete and 0 interrupted iterations
steady   [  27% ] 161/167 VUs  02m44.0s/10m0s  5.00 iters/s

running (02m45.0s), 166/167 VUs, 542 complete and 0 interrupted iterations
steady   [  27% ] 166/167 VUs  02m45.0s/10m0s  5.00 iters/s

running (02m46.0s), 165/167 VUs, 548 complete and 0 interrupted iterations
steady   [  28% ] 165/167 VUs  02m46.0s/10m0s  5.00 iters/s

running (02m47.0s), 168/169 VUs, 548 complete and 0 interrupted iterations
steady   [  28% ] 168/169 VUs  02m47.0s/10m0s  5.00 iters/s

running (02m48.0s), 163/170 VUs, 557 complete and 0 interrupted iterations
steady   [  28% ] 163/170 VUs  02m48.0s/10m0s  5.00 iters/s

running (02m49.0s), 168/170 VUs, 557 complete and 0 interrupted iterations
steady   [  28% ] 168/170 VUs  02m49.0s/10m0s  5.00 iters/s

running (02m50.0s), 163/171 VUs, 566 complete and 0 interrupted iterations
steady   [  28% ] 163/171 VUs  02m50.0s/10m0s  5.00 iters/s

running (02m51.0s), 165/171 VUs, 569 complete and 0 interrupted iterations
steady   [  28% ] 165/171 VUs  02m51.0s/10m0s  5.00 iters/s

running (02m52.0s), 170/171 VUs, 569 complete and 0 interrupted iterations
steady   [  29% ] 170/171 VUs  02m52.0s/10m0s  5.00 iters/s

running (02m53.0s), 163/171 VUs, 581 complete and 0 interrupted iterations
steady   [  29% ] 163/171 VUs  02m53.0s/10m0s  5.00 iters/s

running (02m54.0s), 160/171 VUs, 589 complete and 0 interrupted iterations
steady   [  29% ] 160/171 VUs  02m54.0s/10m0s  5.00 iters/s

running (02m55.0s), 157/171 VUs, 597 complete and 0 interrupted iterations
steady   [  29% ] 157/171 VUs  02m55.0s/10m0s  5.00 iters/s

running (02m56.0s), 159/171 VUs, 600 complete and 0 interrupted iterations
steady   [  29% ] 159/171 VUs  02m56.0s/10m0s  5.00 iters/s

running (02m57.0s), 163/171 VUs, 601 complete and 0 interrupted iterations
steady   [  29% ] 163/171 VUs  02m57.0s/10m0s  5.00 iters/s

running (02m58.0s), 161/171 VUs, 608 complete and 0 interrupted iterations
steady   [  30% ] 161/171 VUs  02m58.0s/10m0s  5.00 iters/s

running (02m59.0s), 157/171 VUs, 617 complete and 0 interrupted iterations
steady   [  30% ] 157/171 VUs  02m59.0s/10m0s  5.00 iters/s

running (03m00.0s), 157/171 VUs, 622 complete and 0 interrupted iterations
steady   [  30% ] 157/171 VUs  03m00.0s/10m0s  5.00 iters/s

running (03m01.0s), 156/171 VUs, 628 complete and 0 interrupted iterations
steady   [  30% ] 156/171 VUs  03m01.0s/10m0s  5.00 iters/s

running (03m02.0s), 161/171 VUs, 628 complete and 0 interrupted iterations
steady   [  30% ] 161/171 VUs  03m02.0s/10m0s  5.00 iters/s

running (03m03.0s), 160/171 VUs, 634 complete and 0 interrupted iterations
steady   [  30% ] 160/171 VUs  03m03.0s/10m0s  5.00 iters/s

running (03m04.0s), 165/171 VUs, 634 complete and 0 interrupted iterations
steady   [  31% ] 165/171 VUs  03m04.0s/10m0s  5.00 iters/s

running (03m05.0s), 167/171 VUs, 637 complete and 0 interrupted iterations
steady   [  31% ] 167/171 VUs  03m05.0s/10m0s  5.00 iters/s

running (03m06.0s), 171/172 VUs, 637 complete and 0 interrupted iterations
steady   [  31% ] 171/172 VUs  03m06.0s/10m0s  5.00 iters/s

running (03m07.0s), 163/173 VUs, 649 complete and 0 interrupted iterations
steady   [  31% ] 163/173 VUs  03m07.0s/10m0s  5.00 iters/s

running (03m08.0s), 163/173 VUs, 654 complete and 0 interrupted iterations
steady   [  31% ] 163/173 VUs  03m08.0s/10m0s  5.00 iters/s

running (03m09.0s), 168/173 VUs, 654 complete and 0 interrupted iterations
steady   [  31% ] 168/173 VUs  03m09.0s/10m0s  5.00 iters/s

running (03m10.0s), 166/173 VUs, 661 complete and 0 interrupted iterations
steady   [  32% ] 166/173 VUs  03m10.0s/10m0s  5.00 iters/s

running (03m11.0s), 166/173 VUs, 666 complete and 0 interrupted iterations
steady   [  32% ] 166/173 VUs  03m11.0s/10m0s  5.00 iters/s

running (03m12.0s), 171/173 VUs, 666 complete and 0 interrupted iterations
steady   [  32% ] 171/173 VUs  03m12.0s/10m0s  5.00 iters/s

running (03m13.0s), 166/173 VUs, 676 complete and 0 interrupted iterations
steady   [  32% ] 166/173 VUs  03m13.0s/10m0s  5.00 iters/s

running (03m14.0s), 165/173 VUs, 682 complete and 0 interrupted iterations
steady   [  32% ] 165/173 VUs  03m14.0s/10m0s  5.00 iters/s

running (03m15.0s), 157/173 VUs, 695 complete and 0 interrupted iterations
steady   [  32% ] 157/173 VUs  03m15.0s/10m0s  5.00 iters/s

running (03m16.0s), 156/173 VUs, 701 complete and 0 interrupted iterations
steady   [  33% ] 156/173 VUs  03m16.0s/10m0s  5.00 iters/s

running (03m17.0s), 156/173 VUs, 706 complete and 0 interrupted iterations
steady   [  33% ] 156/173 VUs  03m17.0s/10m0s  5.00 iters/s

running (03m18.0s), 154/173 VUs, 713 complete and 0 interrupted iterations
steady   [  33% ] 154/173 VUs  03m18.0s/10m0s  5.00 iters/s

running (03m19.0s), 159/173 VUs, 713 complete and 0 interrupted iterations
steady   [  33% ] 159/173 VUs  03m19.0s/10m0s  5.00 iters/s

running (03m20.0s), 161/173 VUs, 716 complete and 0 interrupted iterations
steady   [  33% ] 161/173 VUs  03m20.0s/10m0s  5.00 iters/s

running (03m21.0s), 160/173 VUs, 722 complete and 0 interrupted iterations
steady   [  33% ] 160/173 VUs  03m21.0s/10m0s  5.00 iters/s

running (03m22.0s), 159/173 VUs, 728 complete and 0 interrupted iterations
steady   [  34% ] 159/173 VUs  03m22.0s/10m0s  5.00 iters/s

running (03m23.0s), 159/173 VUs, 733 complete and 0 interrupted iterations
steady   [  34% ] 159/173 VUs  03m23.0s/10m0s  5.00 iters/s

running (03m24.0s), 161/173 VUs, 736 complete and 0 interrupted iterations
steady   [  34% ] 161/173 VUs  03m24.0s/10m0s  5.00 iters/s

running (03m25.0s), 161/173 VUs, 741 complete and 0 interrupted iterations
steady   [  34% ] 161/173 VUs  03m25.0s/10m0s  5.00 iters/s

running (03m26.0s), 161/173 VUs, 746 complete and 0 interrupted iterations
steady   [  34% ] 161/173 VUs  03m26.0s/10m0s  5.00 iters/s

running (03m27.0s), 160/173 VUs, 752 complete and 0 interrupted iterations
steady   [  34% ] 160/173 VUs  03m27.0s/10m0s  5.00 iters/s

running (03m28.0s), 165/173 VUs, 752 complete and 0 interrupted iterations
steady   [  35% ] 165/173 VUs  03m28.0s/10m0s  5.00 iters/s

running (03m29.0s), 166/173 VUs, 756 complete and 0 interrupted iterations
steady   [  35% ] 166/173 VUs  03m29.0s/10m0s  5.00 iters/s

running (03m30.0s), 162/173 VUs, 765 complete and 0 interrupted iterations
steady   [  35% ] 162/173 VUs  03m30.0s/10m0s  5.00 iters/s

running (03m31.0s), 162/173 VUs, 770 complete and 0 interrupted iterations
steady   [  35% ] 162/173 VUs  03m31.0s/10m0s  5.00 iters/s

running (03m32.0s), 161/173 VUs, 776 complete and 0 interrupted iterations
steady   [  35% ] 161/173 VUs  03m32.0s/10m0s  5.00 iters/s

running (03m33.0s), 161/173 VUs, 781 complete and 0 interrupted iterations
steady   [  35% ] 161/173 VUs  03m33.0s/10m0s  5.00 iters/s

running (03m34.0s), 159/173 VUs, 788 complete and 0 interrupted iterations
steady   [  36% ] 159/173 VUs  03m34.0s/10m0s  5.00 iters/s

running (03m35.0s), 160/173 VUs, 792 complete and 0 interrupted iterations
steady   [  36% ] 160/173 VUs  03m35.0s/10m0s  5.00 iters/s

running (03m36.0s), 165/173 VUs, 792 complete and 0 interrupted iterations
steady   [  36% ] 165/173 VUs  03m36.0s/10m0s  5.00 iters/s

running (03m37.0s), 170/173 VUs, 792 complete and 0 interrupted iterations
steady   [  36% ] 170/173 VUs  03m37.0s/10m0s  5.00 iters/s

running (03m38.0s), 172/174 VUs, 794 complete and 0 interrupted iterations
steady   [  36% ] 172/174 VUs  03m38.0s/10m0s  5.00 iters/s

running (03m39.0s), 167/174 VUs, 804 complete and 0 interrupted iterations
steady   [  36% ] 167/174 VUs  03m39.0s/10m0s  5.00 iters/s

running (03m40.0s), 172/174 VUs, 804 complete and 0 interrupted iterations
steady   [  37% ] 172/174 VUs  03m40.0s/10m0s  5.00 iters/s

running (03m41.0s), 166/174 VUs, 815 complete and 0 interrupted iterations
steady   [  37% ] 166/174 VUs  03m41.0s/10m0s  5.00 iters/s

running (03m42.0s), 170/174 VUs, 816 complete and 0 interrupted iterations
steady   [  37% ] 170/174 VUs  03m42.0s/10m0s  5.00 iters/s

running (03m43.0s), 174/175 VUs, 816 complete and 0 interrupted iterations
steady   [  37% ] 174/175 VUs  03m43.0s/10m0s  5.00 iters/s

running (03m44.0s), 166/176 VUs, 828 complete and 0 interrupted iterations
steady   [  37% ] 166/176 VUs  03m44.0s/10m0s  5.00 iters/s

running (03m45.0s), 165/176 VUs, 834 complete and 0 interrupted iterations
steady   [  37% ] 165/176 VUs  03m45.0s/10m0s  5.00 iters/s

running (03m46.0s), 160/176 VUs, 844 complete and 0 interrupted iterations
steady   [  38% ] 160/176 VUs  03m46.0s/10m0s  5.00 iters/s

running (03m47.0s), 165/176 VUs, 844 complete and 0 interrupted iterations
steady   [  38% ] 165/176 VUs  03m47.0s/10m0s  5.00 iters/s

running (03m48.0s), 162/176 VUs, 852 complete and 0 interrupted iterations
steady   [  38% ] 162/176 VUs  03m48.0s/10m0s  5.00 iters/s

running (03m49.0s), 167/176 VUs, 852 complete and 0 interrupted iterations
steady   [  38% ] 167/176 VUs  03m49.0s/10m0s  5.00 iters/s

running (03m50.0s), 166/176 VUs, 858 complete and 0 interrupted iterations
steady   [  38% ] 166/176 VUs  03m50.0s/10m0s  5.00 iters/s

running (03m51.0s), 165/176 VUs, 864 complete and 0 interrupted iterations
steady   [  38% ] 165/176 VUs  03m51.0s/10m0s  5.00 iters/s

running (03m52.0s), 164/176 VUs, 870 complete and 0 interrupted iterations
steady   [  39% ] 164/176 VUs  03m52.0s/10m0s  5.00 iters/s

running (03m53.0s), 169/176 VUs, 870 complete and 0 interrupted iterations
steady   [  39% ] 169/176 VUs  03m53.0s/10m0s  5.00 iters/s

running (03m54.0s), 164/176 VUs, 880 complete and 0 interrupted iterations
steady   [  39% ] 164/176 VUs  03m54.0s/10m0s  5.00 iters/s

running (03m55.0s), 169/176 VUs, 880 complete and 0 interrupted iterations
steady   [  39% ] 169/176 VUs  03m55.0s/10m0s  5.00 iters/s

running (03m56.0s), 167/176 VUs, 887 complete and 0 interrupted iterations
steady   [  39% ] 167/176 VUs  03m56.0s/10m0s  5.00 iters/s

running (03m57.0s), 172/176 VUs, 887 complete and 0 interrupted iterations
steady   [  39% ] 172/176 VUs  03m57.0s/10m0s  5.00 iters/s

running (03m58.0s), 170/176 VUs, 894 complete and 0 interrupted iterations
steady   [  40% ] 170/176 VUs  03m58.0s/10m0s  5.00 iters/s

running (03m59.0s), 165/176 VUs, 904 complete and 0 interrupted iterations
steady   [  40% ] 165/176 VUs  03m59.0s/10m0s  5.00 iters/s

running (04m00.0s), 161/176 VUs, 913 complete and 0 interrupted iterations
steady   [  40% ] 161/176 VUs  04m00.0s/10m0s  5.00 iters/s

running (04m01.0s), 158/176 VUs, 921 complete and 0 interrupted iterations
steady   [  40% ] 158/176 VUs  04m01.0s/10m0s  5.00 iters/s

running (04m02.0s), 160/176 VUs, 924 complete and 0 interrupted iterations
steady   [  40% ] 160/176 VUs  04m02.0s/10m0s  5.00 iters/s

running (04m03.0s), 165/176 VUs, 924 complete and 0 interrupted iterations
steady   [  40% ] 165/176 VUs  04m03.0s/10m0s  5.00 iters/s

running (04m04.0s), 163/176 VUs, 931 complete and 0 interrupted iterations
steady   [  41% ] 163/176 VUs  04m04.0s/10m0s  5.00 iters/s

running (04m05.0s), 162/176 VUs, 937 complete and 0 interrupted iterations
steady   [  41% ] 162/176 VUs  04m05.0s/10m0s  5.00 iters/s

running (04m06.0s), 160/176 VUs, 944 complete and 0 interrupted iterations
steady   [  41% ] 160/176 VUs  04m06.0s/10m0s  5.00 iters/s

running (04m07.0s), 163/176 VUs, 946 complete and 0 interrupted iterations
steady   [  41% ] 163/176 VUs  04m07.0s/10m0s  5.00 iters/s

running (04m08.0s), 168/176 VUs, 946 complete and 0 interrupted iterations
steady   [  41% ] 168/176 VUs  04m08.0s/10m0s  5.00 iters/s

running (04m09.0s), 162/176 VUs, 957 complete and 0 interrupted iterations
steady   [  41% ] 162/176 VUs  04m09.0s/10m0s  5.00 iters/s

running (04m10.0s), 167/176 VUs, 957 complete and 0 interrupted iterations
steady   [  42% ] 167/176 VUs  04m10.0s/10m0s  5.00 iters/s

running (04m11.0s), 163/176 VUs, 966 complete and 0 interrupted iterations
steady   [  42% ] 163/176 VUs  04m11.0s/10m0s  5.00 iters/s

running (04m12.0s), 163/176 VUs, 971 complete and 0 interrupted iterations
steady   [  42% ] 163/176 VUs  04m12.0s/10m0s  5.00 iters/s

running (04m13.0s), 161/176 VUs, 978 complete and 0 interrupted iterations
steady   [  42% ] 161/176 VUs  04m13.0s/10m0s  5.00 iters/s

running (04m14.0s), 160/176 VUs, 984 complete and 0 interrupted iterations
steady   [  42% ] 160/176 VUs  04m14.0s/10m0s  5.00 iters/s

running (04m15.0s), 161/176 VUs, 988 complete and 0 interrupted iterations
steady   [  42% ] 161/176 VUs  04m15.0s/10m0s  5.00 iters/s

running (04m16.0s), 166/176 VUs, 988 complete and 0 interrupted iterations
steady   [  43% ] 166/176 VUs  04m16.0s/10m0s  5.00 iters/s

running (04m17.0s), 166/176 VUs, 993 complete and 0 interrupted iterations
steady   [  43% ] 166/176 VUs  04m17.0s/10m0s  5.00 iters/s

running (04m18.0s), 171/176 VUs, 993 complete and 0 interrupted iterations
steady   [  43% ] 171/176 VUs  04m18.0s/10m0s  5.00 iters/s

running (04m19.0s), 170/176 VUs, 999 complete and 0 interrupted iterations
steady   [  43% ] 170/176 VUs  04m19.0s/10m0s  5.00 iters/s

running (04m20.0s), 164/176 VUs, 1010 complete and 0 interrupted iterations
steady   [  43% ] 164/176 VUs  04m20.0s/10m0s  5.00 iters/s

running (04m21.0s), 164/176 VUs, 1015 complete and 0 interrupted iterations
steady   [  43% ] 164/176 VUs  04m21.0s/10m0s  5.00 iters/s

running (04m22.0s), 163/176 VUs, 1021 complete and 0 interrupted iterations
steady   [  44% ] 163/176 VUs  04m22.0s/10m0s  5.00 iters/s

running (04m23.0s), 163/176 VUs, 1026 complete and 0 interrupted iterations
steady   [  44% ] 163/176 VUs  04m23.0s/10m0s  5.00 iters/s

running (04m24.0s), 163/176 VUs, 1031 complete and 0 interrupted iterations
steady   [  44% ] 163/176 VUs  04m24.0s/10m0s  5.00 iters/s

running (04m25.0s), 161/176 VUs, 1038 complete and 0 interrupted iterations
steady   [  44% ] 161/176 VUs  04m25.0s/10m0s  5.00 iters/s

running (04m26.0s), 163/176 VUs, 1041 complete and 0 interrupted iterations
steady   [  44% ] 163/176 VUs  04m26.0s/10m0s  5.00 iters/s

running (04m27.0s), 162/176 VUs, 1047 complete and 0 interrupted iterations
steady   [  44% ] 162/176 VUs  04m27.0s/10m0s  5.00 iters/s

running (04m28.0s), 161/176 VUs, 1053 complete and 0 interrupted iterations
steady   [  45% ] 161/176 VUs  04m28.0s/10m0s  5.00 iters/s

running (04m29.0s), 164/176 VUs, 1055 complete and 0 interrupted iterations
steady   [  45% ] 164/176 VUs  04m29.0s/10m0s  5.00 iters/s

running (04m30.0s), 169/176 VUs, 1055 complete and 0 interrupted iterations
steady   [  45% ] 169/176 VUs  04m30.0s/10m0s  5.00 iters/s

running (04m31.0s), 168/176 VUs, 1061 complete and 0 interrupted iterations
steady   [  45% ] 168/176 VUs  04m31.0s/10m0s  5.00 iters/s

running (04m32.0s), 171/176 VUs, 1063 complete and 0 interrupted iterations
steady   [  45% ] 171/176 VUs  04m32.0s/10m0s  5.00 iters/s

running (04m33.0s), 167/176 VUs, 1072 complete and 0 interrupted iterations
steady   [  45% ] 167/176 VUs  04m33.0s/10m0s  5.00 iters/s

running (04m34.0s), 172/176 VUs, 1072 complete and 0 interrupted iterations
steady   [  46% ] 172/176 VUs  04m34.0s/10m0s  5.00 iters/s

running (04m35.0s), 176/177 VUs, 1072 complete and 0 interrupted iterations
steady   [  46% ] 176/177 VUs  04m35.0s/10m0s  5.00 iters/s

running (04m36.0s), 172/177 VUs, 1081 complete and 0 interrupted iterations
steady   [  46% ] 172/177 VUs  04m36.0s/10m0s  5.00 iters/s

running (04m37.0s), 166/177 VUs, 1092 complete and 0 interrupted iterations
steady   [  46% ] 166/177 VUs  04m37.0s/10m0s  5.00 iters/s

running (04m38.0s), 165/177 VUs, 1098 complete and 0 interrupted iterations
steady   [  46% ] 165/177 VUs  04m38.0s/10m0s  5.00 iters/s

running (04m39.0s), 164/177 VUs, 1104 complete and 0 interrupted iterations
steady   [  46% ] 164/177 VUs  04m39.0s/10m0s  5.00 iters/s

running (04m40.0s), 165/177 VUs, 1108 complete and 0 interrupted iterations
steady   [  47% ] 165/177 VUs  04m40.0s/10m0s  5.00 iters/s

running (04m41.0s), 162/177 VUs, 1116 complete and 0 interrupted iterations
steady   [  47% ] 162/177 VUs  04m41.0s/10m0s  5.00 iters/s

running (04m42.0s), 164/177 VUs, 1119 complete and 0 interrupted iterations
steady   [  47% ] 164/177 VUs  04m42.0s/10m0s  5.00 iters/s

running (04m43.0s), 169/177 VUs, 1119 complete and 0 interrupted iterations
steady   [  47% ] 169/177 VUs  04m43.0s/10m0s  5.00 iters/s

running (04m44.0s), 163/177 VUs, 1130 complete and 0 interrupted iterations
steady   [  47% ] 163/177 VUs  04m44.0s/10m0s  5.00 iters/s

running (04m45.0s), 163/177 VUs, 1135 complete and 0 interrupted iterations
steady   [  47% ] 163/177 VUs  04m45.0s/10m0s  5.00 iters/s

running (04m46.0s), 168/177 VUs, 1135 complete and 0 interrupted iterations
steady   [  48% ] 168/177 VUs  04m46.0s/10m0s  5.00 iters/s

running (04m47.0s), 170/177 VUs, 1138 complete and 0 interrupted iterations
steady   [  48% ] 170/177 VUs  04m47.0s/10m0s  5.00 iters/s

running (04m48.0s), 165/177 VUs, 1148 complete and 0 interrupted iterations
steady   [  48% ] 165/177 VUs  04m48.0s/10m0s  5.00 iters/s

running (04m49.0s), 161/177 VUs, 1157 complete and 0 interrupted iterations
steady   [  48% ] 161/177 VUs  04m49.0s/10m0s  5.00 iters/s

running (04m50.0s), 161/177 VUs, 1162 complete and 0 interrupted iterations
steady   [  48% ] 161/177 VUs  04m50.0s/10m0s  5.00 iters/s

running (04m51.0s), 160/177 VUs, 1168 complete and 0 interrupted iterations
steady   [  48% ] 160/177 VUs  04m51.0s/10m0s  5.00 iters/s

running (04m52.0s), 162/177 VUs, 1171 complete and 0 interrupted iterations
steady   [  49% ] 162/177 VUs  04m52.0s/10m0s  5.00 iters/s

running (04m53.0s), 164/177 VUs, 1174 complete and 0 interrupted iterations
steady   [  49% ] 164/177 VUs  04m53.0s/10m0s  5.00 iters/s

running (04m54.0s), 169/177 VUs, 1174 complete and 0 interrupted iterations
steady   [  49% ] 169/177 VUs  04m54.0s/10m0s  5.00 iters/s

running (04m55.0s), 167/177 VUs, 1181 complete and 0 interrupted iterations
steady   [  49% ] 167/177 VUs  04m55.0s/10m0s  5.00 iters/s

running (04m56.0s), 167/177 VUs, 1186 complete and 0 interrupted iterations
steady   [  49% ] 167/177 VUs  04m56.0s/10m0s  5.00 iters/s

running (04m57.0s), 172/177 VUs, 1186 complete and 0 interrupted iterations
steady   [  49% ] 172/177 VUs  04m57.0s/10m0s  5.00 iters/s

running (04m58.0s), 164/177 VUs, 1199 complete and 0 interrupted iterations
steady   [  50% ] 164/177 VUs  04m58.0s/10m0s  5.00 iters/s

running (04m59.0s), 165/177 VUs, 1203 complete and 0 interrupted iterations
steady   [  50% ] 165/177 VUs  04m59.0s/10m0s  5.00 iters/s

running (05m00.0s), 160/177 VUs, 1213 complete and 0 interrupted iterations
steady   [  50% ] 160/177 VUs  05m00.0s/10m0s  5.00 iters/s

running (05m01.0s), 161/177 VUs, 1217 complete and 0 interrupted iterations
steady   [  50% ] 161/177 VUs  05m01.0s/10m0s  5.00 iters/s

running (05m02.0s), 164/177 VUs, 1219 complete and 0 interrupted iterations
steady   [  50% ] 164/177 VUs  05m02.0s/10m0s  5.00 iters/s

running (05m03.0s), 167/177 VUs, 1221 complete and 0 interrupted iterations
steady   [  50% ] 167/177 VUs  05m03.0s/10m0s  5.00 iters/s

running (05m04.0s), 167/177 VUs, 1226 complete and 0 interrupted iterations
steady   [  51% ] 167/177 VUs  05m04.0s/10m0s  5.00 iters/s

running (05m05.0s), 172/177 VUs, 1226 complete and 0 interrupted iterations
steady   [  51% ] 172/177 VUs  05m05.0s/10m0s  5.00 iters/s

running (05m06.0s), 169/177 VUs, 1234 complete and 0 interrupted iterations
steady   [  51% ] 169/177 VUs  05m06.0s/10m0s  5.00 iters/s

running (05m07.0s), 173/177 VUs, 1235 complete and 0 interrupted iterations
steady   [  51% ] 173/177 VUs  05m07.0s/10m0s  5.00 iters/s

running (05m08.0s), 173/178 VUs, 1239 complete and 0 interrupted iterations
steady   [  51% ] 173/178 VUs  05m08.0s/10m0s  5.00 iters/s

running (05m09.0s), 169/178 VUs, 1248 complete and 0 interrupted iterations
steady   [  51% ] 169/178 VUs  05m09.0s/10m0s  5.00 iters/s

running (05m10.0s), 174/178 VUs, 1248 complete and 0 interrupted iterations
steady   [  52% ] 174/178 VUs  05m10.0s/10m0s  5.00 iters/s

running (05m11.0s), 169/178 VUs, 1258 complete and 0 interrupted iterations
steady   [  52% ] 169/178 VUs  05m11.0s/10m0s  5.00 iters/s

running (05m12.0s), 170/178 VUs, 1262 complete and 0 interrupted iterations
steady   [  52% ] 170/178 VUs  05m12.0s/10m0s  5.00 iters/s

running (05m13.0s), 167/178 VUs, 1270 complete and 0 interrupted iterations
steady   [  52% ] 167/178 VUs  05m13.0s/10m0s  5.00 iters/s

running (05m14.0s), 166/178 VUs, 1276 complete and 0 interrupted iterations
steady   [  52% ] 166/178 VUs  05m14.0s/10m0s  5.00 iters/s

running (05m15.0s), 163/178 VUs, 1284 complete and 0 interrupted iterations
steady   [  52% ] 163/178 VUs  05m15.0s/10m0s  5.00 iters/s

running (05m16.0s), 164/178 VUs, 1288 complete and 0 interrupted iterations
steady   [  53% ] 164/178 VUs  05m16.0s/10m0s  5.00 iters/s

running (05m17.0s), 169/178 VUs, 1288 complete and 0 interrupted iterations
steady   [  53% ] 169/178 VUs  05m17.0s/10m0s  5.00 iters/s

running (05m18.0s), 165/178 VUs, 1297 complete and 0 interrupted iterations
steady   [  53% ] 165/178 VUs  05m18.0s/10m0s  5.00 iters/s

running (05m19.0s), 170/178 VUs, 1297 complete and 0 interrupted iterations
steady   [  53% ] 170/178 VUs  05m19.0s/10m0s  5.00 iters/s

running (05m20.0s), 172/178 VUs, 1300 complete and 0 interrupted iterations
steady   [  53% ] 172/178 VUs  05m20.0s/10m0s  5.00 iters/s

running (05m21.0s), 177/178 VUs, 1300 complete and 0 interrupted iterations
steady   [  53% ] 177/178 VUs  05m21.0s/10m0s  5.00 iters/s

running (05m22.0s), 170/179 VUs, 1311 complete and 0 interrupted iterations
steady   [  54% ] 170/179 VUs  05m22.0s/10m0s  5.00 iters/s

running (05m23.0s), 172/179 VUs, 1314 complete and 0 interrupted iterations
steady   [  54% ] 172/179 VUs  05m23.0s/10m0s  5.00 iters/s

running (05m24.0s), 173/179 VUs, 1318 complete and 0 interrupted iterations
steady   [  54% ] 173/179 VUs  05m24.0s/10m0s  5.00 iters/s

running (05m25.0s), 167/179 VUs, 1329 complete and 0 interrupted iterations
steady   [  54% ] 167/179 VUs  05m25.0s/10m0s  5.00 iters/s

running (05m26.0s), 162/179 VUs, 1339 complete and 0 interrupted iterations
steady   [  54% ] 162/179 VUs  05m26.0s/10m0s  5.00 iters/s

running (05m27.0s), 160/179 VUs, 1346 complete and 0 interrupted iterations
steady   [  54% ] 160/179 VUs  05m27.0s/10m0s  5.00 iters/s

running (05m28.0s), 158/179 VUs, 1353 complete and 0 interrupted iterations
steady   [  55% ] 158/179 VUs  05m28.0s/10m0s  5.00 iters/s

running (05m29.0s), 163/179 VUs, 1353 complete and 0 interrupted iterations
steady   [  55% ] 163/179 VUs  05m29.0s/10m0s  5.00 iters/s

running (05m30.0s), 162/179 VUs, 1359 complete and 0 interrupted iterations
steady   [  55% ] 162/179 VUs  05m30.0s/10m0s  5.00 iters/s

running (05m31.0s), 167/179 VUs, 1359 complete and 0 interrupted iterations
steady   [  55% ] 167/179 VUs  05m31.0s/10m0s  5.00 iters/s

running (05m32.0s), 167/179 VUs, 1364 complete and 0 interrupted iterations
steady   [  55% ] 167/179 VUs  05m32.0s/10m0s  5.00 iters/s

running (05m33.0s), 166/179 VUs, 1370 complete and 0 interrupted iterations
steady   [  55% ] 166/179 VUs  05m33.0s/10m0s  5.00 iters/s

running (05m34.0s), 162/179 VUs, 1379 complete and 0 interrupted iterations
steady   [  56% ] 162/179 VUs  05m34.0s/10m0s  5.00 iters/s

running (05m35.0s), 163/179 VUs, 1383 complete and 0 interrupted iterations
steady   [  56% ] 163/179 VUs  05m35.0s/10m0s  5.00 iters/s

running (05m36.0s), 168/179 VUs, 1383 complete and 0 interrupted iterations
steady   [  56% ] 168/179 VUs  05m36.0s/10m0s  5.00 iters/s

running (05m37.0s), 164/179 VUs, 1392 complete and 0 interrupted iterations
steady   [  56% ] 164/179 VUs  05m37.0s/10m0s  5.00 iters/s

running (05m38.0s), 169/179 VUs, 1392 complete and 0 interrupted iterations
steady   [  56% ] 169/179 VUs  05m38.0s/10m0s  5.00 iters/s

running (05m39.0s), 171/179 VUs, 1395 complete and 0 interrupted iterations
steady   [  56% ] 171/179 VUs  05m39.0s/10m0s  5.00 iters/s

running (05m40.0s), 176/179 VUs, 1395 complete and 0 interrupted iterations
steady   [  57% ] 176/179 VUs  05m40.0s/10m0s  5.00 iters/s

running (05m41.0s), 168/179 VUs, 1408 complete and 0 interrupted iterations
steady   [  57% ] 168/179 VUs  05m41.0s/10m0s  5.00 iters/s

running (05m42.0s), 168/179 VUs, 1413 complete and 0 interrupted iterations
steady   [  57% ] 168/179 VUs  05m42.0s/10m0s  5.00 iters/s

running (05m43.0s), 173/179 VUs, 1413 complete and 0 interrupted iterations
steady   [  57% ] 173/179 VUs  05m43.0s/10m0s  5.00 iters/s

running (05m44.0s), 169/179 VUs, 1422 complete and 0 interrupted iterations
steady   [  57% ] 169/179 VUs  05m44.0s/10m0s  5.00 iters/s

running (05m45.0s), 168/179 VUs, 1428 complete and 0 interrupted iterations
steady   [  57% ] 168/179 VUs  05m45.0s/10m0s  5.00 iters/s

running (05m46.0s), 164/179 VUs, 1437 complete and 0 interrupted iterations
steady   [  58% ] 164/179 VUs  05m46.0s/10m0s  5.00 iters/s

running (05m47.0s), 162/179 VUs, 1444 complete and 0 interrupted iterations
steady   [  58% ] 162/179 VUs  05m47.0s/10m0s  5.00 iters/s

running (05m48.0s), 158/179 VUs, 1453 complete and 0 interrupted iterations
steady   [  58% ] 158/179 VUs  05m48.0s/10m0s  5.00 iters/s

running (05m49.0s), 163/179 VUs, 1453 complete and 0 interrupted iterations
steady   [  58% ] 163/179 VUs  05m49.0s/10m0s  5.00 iters/s

running (05m50.0s), 165/179 VUs, 1456 complete and 0 interrupted iterations
steady   [  58% ] 165/179 VUs  05m50.0s/10m0s  5.00 iters/s

running (05m51.0s), 170/179 VUs, 1456 complete and 0 interrupted iterations
steady   [  58% ] 170/179 VUs  05m51.0s/10m0s  5.00 iters/s

running (05m52.0s), 168/179 VUs, 1463 complete and 0 interrupted iterations
steady   [  59% ] 168/179 VUs  05m52.0s/10m0s  5.00 iters/s

running (05m53.0s), 173/179 VUs, 1463 complete and 0 interrupted iterations
steady   [  59% ] 173/179 VUs  05m53.0s/10m0s  5.00 iters/s

running (05m54.0s), 167/179 VUs, 1474 complete and 0 interrupted iterations
steady   [  59% ] 167/179 VUs  05m54.0s/10m0s  5.00 iters/s

running (05m55.0s), 167/179 VUs, 1479 complete and 0 interrupted iterations
steady   [  59% ] 167/179 VUs  05m55.0s/10m0s  5.00 iters/s

running (05m56.0s), 166/179 VUs, 1485 complete and 0 interrupted iterations
steady   [  59% ] 166/179 VUs  05m56.0s/10m0s  5.00 iters/s

running (05m57.0s), 166/179 VUs, 1490 complete and 0 interrupted iterations
steady   [  59% ] 166/179 VUs  05m57.0s/10m0s  5.00 iters/s

running (05m58.0s), 162/179 VUs, 1499 complete and 0 interrupted iterations
steady   [  60% ] 162/179 VUs  05m58.0s/10m0s  5.00 iters/s

running (05m59.0s), 167/179 VUs, 1499 complete and 0 interrupted iterations
steady   [  60% ] 167/179 VUs  05m59.0s/10m0s  5.00 iters/s

running (06m00.0s), 165/179 VUs, 1506 complete and 0 interrupted iterations
steady   [  60% ] 165/179 VUs  06m00.0s/10m0s  5.00 iters/s

running (06m01.0s), 160/179 VUs, 1516 complete and 0 interrupted iterations
steady   [  60% ] 160/179 VUs  06m01.0s/10m0s  5.00 iters/s

running (06m02.0s), 160/179 VUs, 1521 complete and 0 interrupted iterations
steady   [  60% ] 160/179 VUs  06m02.0s/10m0s  5.00 iters/s

running (06m03.0s), 161/179 VUs, 1525 complete and 0 interrupted iterations
steady   [  60% ] 161/179 VUs  06m03.0s/10m0s  5.00 iters/s

running (06m04.0s), 166/179 VUs, 1525 complete and 0 interrupted iterations
steady   [  61% ] 166/179 VUs  06m04.0s/10m0s  5.00 iters/s

running (06m05.0s), 166/179 VUs, 1530 complete and 0 interrupted iterations
steady   [  61% ] 166/179 VUs  06m05.0s/10m0s  5.00 iters/s

running (06m06.0s), 171/179 VUs, 1530 complete and 0 interrupted iterations
steady   [  61% ] 171/179 VUs  06m06.0s/10m0s  5.00 iters/s

running (06m07.0s), 170/179 VUs, 1536 complete and 0 interrupted iterations
steady   [  61% ] 170/179 VUs  06m07.0s/10m0s  5.00 iters/s

running (06m08.0s), 167/179 VUs, 1544 complete and 0 interrupted iterations
steady   [  61% ] 167/179 VUs  06m08.0s/10m0s  5.00 iters/s

running (06m09.0s), 163/179 VUs, 1553 complete and 0 interrupted iterations
steady   [  61% ] 163/179 VUs  06m09.0s/10m0s  5.00 iters/s

running (06m10.0s), 166/179 VUs, 1555 complete and 0 interrupted iterations
steady   [  62% ] 166/179 VUs  06m10.0s/10m0s  5.00 iters/s

running (06m11.0s), 167/179 VUs, 1559 complete and 0 interrupted iterations
steady   [  62% ] 167/179 VUs  06m11.0s/10m0s  5.00 iters/s

running (06m12.0s), 169/179 VUs, 1562 complete and 0 interrupted iterations
steady   [  62% ] 169/179 VUs  06m12.0s/10m0s  5.00 iters/s

running (06m13.0s), 170/179 VUs, 1566 complete and 0 interrupted iterations
steady   [  62% ] 170/179 VUs  06m13.0s/10m0s  5.00 iters/s

running (06m14.0s), 167/179 VUs, 1574 complete and 0 interrupted iterations
steady   [  62% ] 167/179 VUs  06m14.0s/10m0s  5.00 iters/s

running (06m15.0s), 161/179 VUs, 1585 complete and 0 interrupted iterations
steady   [  62% ] 161/179 VUs  06m15.0s/10m0s  5.00 iters/s

running (06m16.0s), 160/179 VUs, 1591 complete and 0 interrupted iterations
steady   [  63% ] 160/179 VUs  06m16.0s/10m0s  5.00 iters/s

running (06m17.0s), 165/179 VUs, 1591 complete and 0 interrupted iterations
steady   [  63% ] 165/179 VUs  06m17.0s/10m0s  5.00 iters/s

running (06m18.0s), 170/179 VUs, 1591 complete and 0 interrupted iterations
steady   [  63% ] 170/179 VUs  06m18.0s/10m0s  5.00 iters/s

running (06m19.0s), 172/179 VUs, 1594 complete and 0 interrupted iterations
steady   [  63% ] 172/179 VUs  06m19.0s/10m0s  5.00 iters/s

running (06m20.0s), 175/179 VUs, 1596 complete and 0 interrupted iterations
steady   [  63% ] 175/179 VUs  06m20.0s/10m0s  5.00 iters/s

running (06m21.0s), 171/179 VUs, 1605 complete and 0 interrupted iterations
steady   [  63% ] 171/179 VUs  06m21.0s/10m0s  5.00 iters/s

running (06m22.0s), 167/179 VUs, 1614 complete and 0 interrupted iterations
steady   [  64% ] 167/179 VUs  06m22.0s/10m0s  5.00 iters/s

running (06m23.0s), 167/179 VUs, 1619 complete and 0 interrupted iterations
steady   [  64% ] 167/179 VUs  06m23.0s/10m0s  5.00 iters/s

running (06m24.0s), 166/179 VUs, 1625 complete and 0 interrupted iterations
steady   [  64% ] 166/179 VUs  06m24.0s/10m0s  5.00 iters/s

running (06m25.0s), 162/179 VUs, 1634 complete and 0 interrupted iterations
steady   [  64% ] 162/179 VUs  06m25.0s/10m0s  5.00 iters/s

running (06m26.0s), 161/179 VUs, 1640 complete and 0 interrupted iterations
steady   [  64% ] 161/179 VUs  06m26.0s/10m0s  5.00 iters/s

running (06m27.0s), 160/179 VUs, 1646 complete and 0 interrupted iterations
steady   [  64% ] 160/179 VUs  06m27.0s/10m0s  5.00 iters/s

running (06m28.0s), 165/179 VUs, 1646 complete and 0 interrupted iterations
steady   [  65% ] 165/179 VUs  06m28.0s/10m0s  5.00 iters/s

running (06m29.0s), 166/179 VUs, 1650 complete and 0 interrupted iterations
steady   [  65% ] 166/179 VUs  06m29.0s/10m0s  5.00 iters/s

running (06m30.0s), 171/179 VUs, 1650 complete and 0 interrupted iterations
steady   [  65% ] 171/179 VUs  06m30.0s/10m0s  5.00 iters/s

running (06m31.0s), 167/179 VUs, 1659 complete and 0 interrupted iterations
steady   [  65% ] 167/179 VUs  06m31.0s/10m0s  5.00 iters/s

running (06m32.0s), 165/179 VUs, 1666 complete and 0 interrupted iterations
steady   [  65% ] 165/179 VUs  06m32.0s/10m0s  5.00 iters/s

running (06m33.0s), 166/179 VUs, 1670 complete and 0 interrupted iterations
steady   [  65% ] 166/179 VUs  06m33.0s/10m0s  5.00 iters/s

running (06m34.0s), 171/179 VUs, 1670 complete and 0 interrupted iterations
steady   [  66% ] 171/179 VUs  06m34.0s/10m0s  5.00 iters/s

running (06m35.0s), 167/179 VUs, 1679 complete and 0 interrupted iterations
steady   [  66% ] 167/179 VUs  06m35.0s/10m0s  5.00 iters/s

running (06m36.0s), 168/179 VUs, 1683 complete and 0 interrupted iterations
steady   [  66% ] 168/179 VUs  06m36.0s/10m0s  5.00 iters/s

running (06m37.0s), 166/179 VUs, 1690 complete and 0 interrupted iterations
steady   [  66% ] 166/179 VUs  06m37.0s/10m0s  5.00 iters/s

running (06m38.0s), 163/179 VUs, 1698 complete and 0 interrupted iterations
steady   [  66% ] 163/179 VUs  06m38.0s/10m0s  5.00 iters/s

running (06m39.0s), 167/179 VUs, 1699 complete and 0 interrupted iterations
steady   [  66% ] 167/179 VUs  06m39.0s/10m0s  5.00 iters/s

running (06m40.0s), 172/179 VUs, 1699 complete and 0 interrupted iterations
steady   [  67% ] 172/179 VUs  06m40.0s/10m0s  5.00 iters/s

running (06m41.0s), 169/179 VUs, 1707 complete and 0 interrupted iterations
steady   [  67% ] 169/179 VUs  06m41.0s/10m0s  5.00 iters/s

running (06m42.0s), 174/179 VUs, 1707 complete and 0 interrupted iterations
steady   [  67% ] 174/179 VUs  06m42.0s/10m0s  5.00 iters/s

running (06m43.0s), 165/179 VUs, 1721 complete and 0 interrupted iterations
steady   [  67% ] 165/179 VUs  06m43.0s/10m0s  5.00 iters/s

running (06m44.0s), 165/179 VUs, 1726 complete and 0 interrupted iterations
steady   [  67% ] 165/179 VUs  06m44.0s/10m0s  5.00 iters/s

running (06m45.0s), 170/179 VUs, 1726 complete and 0 interrupted iterations
steady   [  67% ] 170/179 VUs  06m45.0s/10m0s  5.00 iters/s

running (06m46.0s), 166/179 VUs, 1735 complete and 0 interrupted iterations
steady   [  68% ] 166/179 VUs  06m46.0s/10m0s  5.00 iters/s

running (06m47.0s), 164/179 VUs, 1742 complete and 0 interrupted iterations
steady   [  68% ] 164/179 VUs  06m47.0s/10m0s  5.00 iters/s

running (06m48.0s), 163/179 VUs, 1748 complete and 0 interrupted iterations
steady   [  68% ] 163/179 VUs  06m48.0s/10m0s  5.00 iters/s

running (06m49.0s), 168/179 VUs, 1748 complete and 0 interrupted iterations
steady   [  68% ] 168/179 VUs  06m49.0s/10m0s  5.00 iters/s

running (06m50.0s), 164/179 VUs, 1757 complete and 0 interrupted iterations
steady   [  68% ] 164/179 VUs  06m50.0s/10m0s  5.00 iters/s

running (06m51.0s), 162/179 VUs, 1764 complete and 0 interrupted iterations
steady   [  68% ] 162/179 VUs  06m51.0s/10m0s  5.00 iters/s

running (06m52.0s), 163/179 VUs, 1768 complete and 0 interrupted iterations
steady   [  69% ] 163/179 VUs  06m52.0s/10m0s  5.00 iters/s

running (06m53.0s), 162/179 VUs, 1774 complete and 0 interrupted iterations
steady   [  69% ] 162/179 VUs  06m53.0s/10m0s  5.00 iters/s

running (06m54.0s), 161/179 VUs, 1780 complete and 0 interrupted iterations
steady   [  69% ] 161/179 VUs  06m54.0s/10m0s  5.00 iters/s

running (06m55.0s), 166/179 VUs, 1780 complete and 0 interrupted iterations
steady   [  69% ] 166/179 VUs  06m55.0s/10m0s  5.00 iters/s

running (06m56.0s), 168/179 VUs, 1783 complete and 0 interrupted iterations
steady   [  69% ] 168/179 VUs  06m56.0s/10m0s  5.00 iters/s

running (06m57.0s), 173/179 VUs, 1783 complete and 0 interrupted iterations
steady   [  69% ] 173/179 VUs  06m57.0s/10m0s  5.00 iters/s

running (06m58.0s), 172/179 VUs, 1789 complete and 0 interrupted iterations
steady   [  70% ] 172/179 VUs  06m58.0s/10m0s  5.00 iters/s

running (06m59.0s), 168/179 VUs, 1798 complete and 0 interrupted iterations
steady   [  70% ] 168/179 VUs  06m59.0s/10m0s  5.00 iters/s

running (07m00.0s), 163/179 VUs, 1808 complete and 0 interrupted iterations
steady   [  70% ] 163/179 VUs  07m00.0s/10m0s  5.00 iters/s

running (07m01.0s), 163/179 VUs, 1813 complete and 0 interrupted iterations
steady   [  70% ] 163/179 VUs  07m01.0s/10m0s  5.00 iters/s

running (07m02.0s), 168/179 VUs, 1813 complete and 0 interrupted iterations
steady   [  70% ] 168/179 VUs  07m02.0s/10m0s  5.00 iters/s

running (07m03.0s), 167/179 VUs, 1819 complete and 0 interrupted iterations
steady   [  70% ] 167/179 VUs  07m03.0s/10m0s  5.00 iters/s

running (07m04.0s), 166/179 VUs, 1825 complete and 0 interrupted iterations
steady   [  71% ] 166/179 VUs  07m04.0s/10m0s  5.00 iters/s

running (07m05.0s), 168/179 VUs, 1828 complete and 0 interrupted iterations
steady   [  71% ] 168/179 VUs  07m05.0s/10m0s  5.00 iters/s

running (07m06.0s), 170/179 VUs, 1831 complete and 0 interrupted iterations
steady   [  71% ] 170/179 VUs  07m06.0s/10m0s  5.00 iters/s

running (07m07.0s), 171/179 VUs, 1835 complete and 0 interrupted iterations
steady   [  71% ] 171/179 VUs  07m07.0s/10m0s  5.00 iters/s

running (07m08.0s), 163/179 VUs, 1848 complete and 0 interrupted iterations
steady   [  71% ] 163/179 VUs  07m08.0s/10m0s  5.00 iters/s

running (07m09.0s), 168/179 VUs, 1848 complete and 0 interrupted iterations
steady   [  71% ] 168/179 VUs  07m09.0s/10m0s  5.00 iters/s

running (07m10.0s), 165/179 VUs, 1856 complete and 0 interrupted iterations
steady   [  72% ] 165/179 VUs  07m10.0s/10m0s  5.00 iters/s

running (07m11.0s), 162/179 VUs, 1864 complete and 0 interrupted iterations
steady   [  72% ] 162/179 VUs  07m11.0s/10m0s  5.00 iters/s

running (07m12.0s), 163/179 VUs, 1868 complete and 0 interrupted iterations
steady   [  72% ] 163/179 VUs  07m12.0s/10m0s  5.00 iters/s

running (07m13.0s), 159/179 VUs, 1877 complete and 0 interrupted iterations
steady   [  72% ] 159/179 VUs  07m13.0s/10m0s  5.00 iters/s

running (07m14.0s), 164/179 VUs, 1877 complete and 0 interrupted iterations
steady   [  72% ] 164/179 VUs  07m14.0s/10m0s  5.00 iters/s

running (07m15.0s), 168/179 VUs, 1878 complete and 0 interrupted iterations
steady   [  72% ] 168/179 VUs  07m15.0s/10m0s  5.00 iters/s

running (07m16.0s), 164/179 VUs, 1887 complete and 0 interrupted iterations
steady   [  73% ] 164/179 VUs  07m16.0s/10m0s  5.00 iters/s

running (07m17.0s), 169/179 VUs, 1887 complete and 0 interrupted iterations
steady   [  73% ] 169/179 VUs  07m17.0s/10m0s  5.00 iters/s

running (07m18.0s), 170/179 VUs, 1891 complete and 0 interrupted iterations
steady   [  73% ] 170/179 VUs  07m18.0s/10m0s  5.00 iters/s

running (07m19.0s), 170/179 VUs, 1896 complete and 0 interrupted iterations
steady   [  73% ] 170/179 VUs  07m19.0s/10m0s  5.00 iters/s

running (07m20.0s), 171/179 VUs, 1900 complete and 0 interrupted iterations
steady   [  73% ] 171/179 VUs  07m20.0s/10m0s  5.00 iters/s

running (07m21.0s), 173/179 VUs, 1903 complete and 0 interrupted iterations
steady   [  73% ] 173/179 VUs  07m21.0s/10m0s  5.00 iters/s

running (07m22.0s), 178/179 VUs, 1903 complete and 0 interrupted iterations
steady   [  74% ] 178/179 VUs  07m22.0s/10m0s  5.00 iters/s

running (07m23.0s), 172/179 VUs, 1914 complete and 0 interrupted iterations
steady   [  74% ] 172/179 VUs  07m23.0s/10m0s  5.00 iters/s

running (07m24.0s), 177/179 VUs, 1914 complete and 0 interrupted iterations
steady   [  74% ] 177/179 VUs  07m24.0s/10m0s  5.00 iters/s

running (07m25.0s), 176/181 VUs, 1918 complete and 0 interrupted iterations
steady   [  74% ] 176/181 VUs  07m25.0s/10m0s  5.00 iters/s

running (07m26.0s), 169/181 VUs, 1930 complete and 0 interrupted iterations
steady   [  74% ] 169/181 VUs  07m26.0s/10m0s  5.00 iters/s

running (07m27.0s), 165/181 VUs, 1939 complete and 0 interrupted iterations
steady   [  74% ] 165/181 VUs  07m27.0s/10m0s  5.00 iters/s

running (07m28.0s), 163/181 VUs, 1946 complete and 0 interrupted iterations
steady   [  75% ] 163/181 VUs  07m28.0s/10m0s  5.00 iters/s

running (07m29.0s), 159/181 VUs, 1955 complete and 0 interrupted iterations
steady   [  75% ] 159/181 VUs  07m29.0s/10m0s  5.00 iters/s

running (07m30.0s), 161/181 VUs, 1958 complete and 0 interrupted iterations
steady   [  75% ] 161/181 VUs  07m30.0s/10m0s  5.00 iters/s

running (07m31.0s), 166/181 VUs, 1958 complete and 0 interrupted iterations
steady   [  75% ] 166/181 VUs  07m31.0s/10m0s  5.00 iters/s

running (07m32.0s), 165/181 VUs, 1964 complete and 0 interrupted iterations
steady   [  75% ] 165/181 VUs  07m32.0s/10m0s  5.00 iters/s

running (07m33.0s), 170/181 VUs, 1964 complete and 0 interrupted iterations
steady   [  75% ] 170/181 VUs  07m33.0s/10m0s  5.00 iters/s

running (07m34.0s), 165/181 VUs, 1974 complete and 0 interrupted iterations
steady   [  76% ] 165/181 VUs  07m34.0s/10m0s  5.00 iters/s

running (07m35.0s), 163/181 VUs, 1981 complete and 0 interrupted iterations
steady   [  76% ] 163/181 VUs  07m35.0s/10m0s  5.00 iters/s

running (07m36.0s), 160/181 VUs, 1989 complete and 0 interrupted iterations
steady   [  76% ] 160/181 VUs  07m36.0s/10m0s  5.00 iters/s

running (07m37.0s), 158/181 VUs, 1996 complete and 0 interrupted iterations
steady   [  76% ] 158/181 VUs  07m37.0s/10m0s  5.00 iters/s

running (07m38.0s), 163/181 VUs, 1996 complete and 0 interrupted iterations
steady   [  76% ] 163/181 VUs  07m38.0s/10m0s  5.00 iters/s

running (07m39.0s), 164/181 VUs, 2000 complete and 0 interrupted iterations
steady   [  76% ] 164/181 VUs  07m39.0s/10m0s  5.00 iters/s

running (07m40.0s), 162/181 VUs, 2007 complete and 0 interrupted iterations
steady   [  77% ] 162/181 VUs  07m40.0s/10m0s  5.00 iters/s

running (07m41.0s), 161/181 VUs, 2013 complete and 0 interrupted iterations
steady   [  77% ] 161/181 VUs  07m41.0s/10m0s  5.00 iters/s

running (07m42.0s), 164/181 VUs, 2015 complete and 0 interrupted iterations
steady   [  77% ] 164/181 VUs  07m42.0s/10m0s  5.00 iters/s

running (07m43.0s), 169/181 VUs, 2015 complete and 0 interrupted iterations
steady   [  77% ] 169/181 VUs  07m43.0s/10m0s  5.00 iters/s

running (07m44.0s), 166/181 VUs, 2023 complete and 0 interrupted iterations
steady   [  77% ] 166/181 VUs  07m44.0s/10m0s  5.00 iters/s

running (07m45.0s), 164/181 VUs, 2030 complete and 0 interrupted iterations
steady   [  77% ] 164/181 VUs  07m45.0s/10m0s  5.00 iters/s

running (07m46.0s), 161/181 VUs, 2038 complete and 0 interrupted iterations
steady   [  78% ] 161/181 VUs  07m46.0s/10m0s  5.00 iters/s

running (07m47.0s), 161/181 VUs, 2043 complete and 0 interrupted iterations
steady   [  78% ] 161/181 VUs  07m47.0s/10m0s  5.00 iters/s

running (07m48.0s), 159/181 VUs, 2050 complete and 0 interrupted iterations
steady   [  78% ] 159/181 VUs  07m48.0s/10m0s  5.00 iters/s

running (07m49.0s), 160/181 VUs, 2054 complete and 0 interrupted iterations
steady   [  78% ] 160/181 VUs  07m49.0s/10m0s  5.00 iters/s

running (07m50.0s), 157/181 VUs, 2062 complete and 0 interrupted iterations
steady   [  78% ] 157/181 VUs  07m50.0s/10m0s  5.00 iters/s

running (07m51.0s), 159/181 VUs, 2065 complete and 0 interrupted iterations
steady   [  78% ] 159/181 VUs  07m51.0s/10m0s  5.00 iters/s

running (07m52.0s), 159/181 VUs, 2070 complete and 0 interrupted iterations
steady   [  79% ] 159/181 VUs  07m52.0s/10m0s  5.00 iters/s

running (07m53.0s), 160/181 VUs, 2074 complete and 0 interrupted iterations
steady   [  79% ] 160/181 VUs  07m53.0s/10m0s  5.00 iters/s

running (07m54.0s), 165/181 VUs, 2074 complete and 0 interrupted iterations
steady   [  79% ] 165/181 VUs  07m54.0s/10m0s  5.00 iters/s

running (07m55.0s), 170/181 VUs, 2074 complete and 0 interrupted iterations
steady   [  79% ] 170/181 VUs  07m55.0s/10m0s  5.00 iters/s

running (07m56.0s), 171/181 VUs, 2078 complete and 0 interrupted iterations
steady   [  79% ] 171/181 VUs  07m56.0s/10m0s  5.00 iters/s

running (07m57.0s), 170/181 VUs, 2084 complete and 0 interrupted iterations
steady   [  79% ] 170/181 VUs  07m57.0s/10m0s  5.00 iters/s

running (07m58.0s), 175/181 VUs, 2084 complete and 0 interrupted iterations
steady   [  80% ] 175/181 VUs  07m58.0s/10m0s  5.00 iters/s

running (07m59.0s), 168/181 VUs, 2096 complete and 0 interrupted iterations
steady   [  80% ] 168/181 VUs  07m59.0s/10m0s  5.00 iters/s

running (08m00.0s), 167/181 VUs, 2102 complete and 0 interrupted iterations
steady   [  80% ] 167/181 VUs  08m00.0s/10m0s  5.00 iters/s

running (08m01.0s), 165/181 VUs, 2109 complete and 0 interrupted iterations
steady   [  80% ] 165/181 VUs  08m01.0s/10m0s  5.00 iters/s

running (08m02.0s), 164/181 VUs, 2115 complete and 0 interrupted iterations
steady   [  80% ] 164/181 VUs  08m02.0s/10m0s  5.00 iters/s

running (08m03.0s), 162/181 VUs, 2122 complete and 0 interrupted iterations
steady   [  80% ] 162/181 VUs  08m03.0s/10m0s  5.00 iters/s

running (08m04.0s), 164/181 VUs, 2125 complete and 0 interrupted iterations
steady   [  81% ] 164/181 VUs  08m04.0s/10m0s  5.00 iters/s

running (08m05.0s), 163/181 VUs, 2131 complete and 0 interrupted iterations
steady   [  81% ] 163/181 VUs  08m05.0s/10m0s  5.00 iters/s

running (08m06.0s), 165/181 VUs, 2134 complete and 0 interrupted iterations
steady   [  81% ] 165/181 VUs  08m06.0s/10m0s  5.00 iters/s

running (08m07.0s), 170/181 VUs, 2134 complete and 0 interrupted iterations
steady   [  81% ] 170/181 VUs  08m07.0s/10m0s  5.00 iters/s

running (08m08.0s), 169/181 VUs, 2140 complete and 0 interrupted iterations
steady   [  81% ] 169/181 VUs  08m08.0s/10m0s  5.00 iters/s

running (08m09.0s), 161/181 VUs, 2153 complete and 0 interrupted iterations
steady   [  81% ] 161/181 VUs  08m09.0s/10m0s  5.00 iters/s

running (08m10.0s), 159/181 VUs, 2160 complete and 0 interrupted iterations
steady   [  82% ] 159/181 VUs  08m10.0s/10m0s  5.00 iters/s

running (08m11.0s), 161/181 VUs, 2163 complete and 0 interrupted iterations
steady   [  82% ] 161/181 VUs  08m11.0s/10m0s  5.00 iters/s

running (08m12.0s), 162/181 VUs, 2167 complete and 0 interrupted iterations
steady   [  82% ] 162/181 VUs  08m12.0s/10m0s  5.00 iters/s

running (08m13.0s), 162/181 VUs, 2172 complete and 0 interrupted iterations
steady   [  82% ] 162/181 VUs  08m13.0s/10m0s  5.00 iters/s

running (08m14.0s), 165/181 VUs, 2174 complete and 0 interrupted iterations
steady   [  82% ] 165/181 VUs  08m14.0s/10m0s  5.00 iters/s

running (08m15.0s), 168/181 VUs, 2176 complete and 0 interrupted iterations
steady   [  82% ] 168/181 VUs  08m15.0s/10m0s  5.00 iters/s

running (08m16.0s), 168/181 VUs, 2181 complete and 0 interrupted iterations
steady   [  83% ] 168/181 VUs  08m16.0s/10m0s  5.00 iters/s

running (08m17.0s), 167/181 VUs, 2187 complete and 0 interrupted iterations
steady   [  83% ] 167/181 VUs  08m17.0s/10m0s  5.00 iters/s

running (08m18.0s), 168/181 VUs, 2191 complete and 0 interrupted iterations
steady   [  83% ] 168/181 VUs  08m18.0s/10m0s  5.00 iters/s

running (08m19.0s), 173/181 VUs, 2191 complete and 0 interrupted iterations
steady   [  83% ] 173/181 VUs  08m19.0s/10m0s  5.00 iters/s

running (08m20.0s), 167/181 VUs, 2202 complete and 0 interrupted iterations
steady   [  83% ] 167/181 VUs  08m20.0s/10m0s  5.00 iters/s

running (08m21.0s), 172/181 VUs, 2202 complete and 0 interrupted iterations
steady   [  83% ] 172/181 VUs  08m21.0s/10m0s  5.00 iters/s

running (08m22.0s), 169/181 VUs, 2210 complete and 0 interrupted iterations
steady   [  84% ] 169/181 VUs  08m22.0s/10m0s  5.00 iters/s

running (08m23.0s), 164/181 VUs, 2220 complete and 0 interrupted iterations
steady   [  84% ] 164/181 VUs  08m23.0s/10m0s  5.00 iters/s

running (08m24.0s), 163/181 VUs, 2226 complete and 0 interrupted iterations
steady   [  84% ] 163/181 VUs  08m24.0s/10m0s  5.00 iters/s

running (08m25.0s), 165/181 VUs, 2229 complete and 0 interrupted iterations
steady   [  84% ] 165/181 VUs  08m25.0s/10m0s  5.00 iters/s

running (08m26.0s), 162/181 VUs, 2237 complete and 0 interrupted iterations
steady   [  84% ] 162/181 VUs  08m26.0s/10m0s  5.00 iters/s

running (08m27.0s), 162/181 VUs, 2242 complete and 0 interrupted iterations
steady   [  84% ] 162/181 VUs  08m27.0s/10m0s  5.00 iters/s

running (08m28.0s), 165/181 VUs, 2244 complete and 0 interrupted iterations
steady   [  85% ] 165/181 VUs  08m28.0s/10m0s  5.00 iters/s

running (08m29.0s), 169/181 VUs, 2245 complete and 0 interrupted iterations
steady   [  85% ] 169/181 VUs  08m29.0s/10m0s  5.00 iters/s

running (08m30.0s), 168/181 VUs, 2251 complete and 0 interrupted iterations
steady   [  85% ] 168/181 VUs  08m30.0s/10m0s  5.00 iters/s

running (08m31.0s), 168/181 VUs, 2256 complete and 0 interrupted iterations
steady   [  85% ] 168/181 VUs  08m31.0s/10m0s  5.00 iters/s

running (08m32.0s), 173/181 VUs, 2256 complete and 0 interrupted iterations
steady   [  85% ] 173/181 VUs  08m32.0s/10m0s  5.00 iters/s

running (08m33.0s), 170/181 VUs, 2264 complete and 0 interrupted iterations
steady   [  85% ] 170/181 VUs  08m33.0s/10m0s  5.00 iters/s

running (08m34.0s), 167/181 VUs, 2272 complete and 0 interrupted iterations
steady   [  86% ] 167/181 VUs  08m34.0s/10m0s  5.00 iters/s

running (08m35.0s), 167/181 VUs, 2277 complete and 0 interrupted iterations
steady   [  86% ] 167/181 VUs  08m35.0s/10m0s  5.00 iters/s

running (08m36.0s), 165/181 VUs, 2284 complete and 0 interrupted iterations
steady   [  86% ] 165/181 VUs  08m36.0s/10m0s  5.00 iters/s

running (08m37.0s), 162/181 VUs, 2292 complete and 0 interrupted iterations
steady   [  86% ] 162/181 VUs  08m37.0s/10m0s  5.00 iters/s

running (08m38.0s), 167/181 VUs, 2292 complete and 0 interrupted iterations
steady   [  86% ] 167/181 VUs  08m38.0s/10m0s  5.00 iters/s

running (08m39.0s), 172/181 VUs, 2292 complete and 0 interrupted iterations
steady   [  86% ] 172/181 VUs  08m39.0s/10m0s  5.00 iters/s

running (08m40.0s), 171/181 VUs, 2298 complete and 0 interrupted iterations
steady   [  87% ] 171/181 VUs  08m40.0s/10m0s  5.00 iters/s

running (08m41.0s), 176/181 VUs, 2298 complete and 0 interrupted iterations
steady   [  87% ] 176/181 VUs  08m41.0s/10m0s  5.00 iters/s

running (08m42.0s), 169/181 VUs, 2310 complete and 0 interrupted iterations
steady   [  87% ] 169/181 VUs  08m42.0s/10m0s  5.00 iters/s

running (08m43.0s), 168/181 VUs, 2316 complete and 0 interrupted iterations
steady   [  87% ] 168/181 VUs  08m43.0s/10m0s  5.00 iters/s

running (08m44.0s), 166/181 VUs, 2323 complete and 0 interrupted iterations
steady   [  87% ] 166/181 VUs  08m44.0s/10m0s  5.00 iters/s

running (08m45.0s), 166/181 VUs, 2328 complete and 0 interrupted iterations
steady   [  87% ] 166/181 VUs  08m45.0s/10m0s  5.00 iters/s

running (08m46.0s), 165/181 VUs, 2334 complete and 0 interrupted iterations
steady   [  88% ] 165/181 VUs  08m46.0s/10m0s  5.00 iters/s

running (08m47.0s), 170/181 VUs, 2334 complete and 0 interrupted iterations
steady   [  88% ] 170/181 VUs  08m47.0s/10m0s  5.00 iters/s

running (08m48.0s), 170/181 VUs, 2339 complete and 0 interrupted iterations
steady   [  88% ] 170/181 VUs  08m48.0s/10m0s  5.00 iters/s

running (08m49.0s), 170/181 VUs, 2344 complete and 0 interrupted iterations
steady   [  88% ] 170/181 VUs  08m49.0s/10m0s  5.00 iters/s

running (08m50.0s), 169/181 VUs, 2350 complete and 0 interrupted iterations
steady   [  88% ] 169/181 VUs  08m50.0s/10m0s  5.00 iters/s

running (08m51.0s), 174/181 VUs, 2350 complete and 0 interrupted iterations
steady   [  88% ] 174/181 VUs  08m51.0s/10m0s  5.00 iters/s

running (08m52.0s), 179/181 VUs, 2350 complete and 0 interrupted iterations
steady   [  89% ] 179/181 VUs  08m52.0s/10m0s  5.00 iters/s

running (08m53.0s), 182/183 VUs, 2350 complete and 0 interrupted iterations
steady   [  89% ] 182/183 VUs  08m53.0s/10m0s  5.00 iters/s

running (08m54.0s), 168/184 VUs, 2368 complete and 0 interrupted iterations
steady   [  89% ] 168/184 VUs  08m54.0s/10m0s  5.00 iters/s

running (08m55.0s), 164/184 VUs, 2377 complete and 0 interrupted iterations
steady   [  89% ] 164/184 VUs  08m55.0s/10m0s  5.00 iters/s

running (08m56.0s), 160/184 VUs, 2386 complete and 0 interrupted iterations
steady   [  89% ] 160/184 VUs  08m56.0s/10m0s  5.00 iters/s

running (08m57.0s), 158/184 VUs, 2393 complete and 0 interrupted iterations
steady   [  89% ] 158/184 VUs  08m57.0s/10m0s  5.00 iters/s

running (08m58.0s), 162/184 VUs, 2394 complete and 0 interrupted iterations
steady   [  90% ] 162/184 VUs  08m58.0s/10m0s  5.00 iters/s

running (08m59.0s), 163/184 VUs, 2398 complete and 0 interrupted iterations
steady   [  90% ] 163/184 VUs  08m59.0s/10m0s  5.00 iters/s

running (09m00.0s), 164/184 VUs, 2402 complete and 0 interrupted iterations
steady   [  90% ] 164/184 VUs  09m00.0s/10m0s  5.00 iters/s

running (09m01.0s), 169/184 VUs, 2402 complete and 0 interrupted iterations
steady   [  90% ] 169/184 VUs  09m01.0s/10m0s  5.00 iters/s

running (09m02.0s), 168/184 VUs, 2408 complete and 0 interrupted iterations
steady   [  90% ] 168/184 VUs  09m02.0s/10m0s  5.00 iters/s

running (09m03.0s), 173/184 VUs, 2408 complete and 0 interrupted iterations
steady   [  90% ] 173/184 VUs  09m03.0s/10m0s  5.00 iters/s

running (09m04.0s), 168/184 VUs, 2418 complete and 0 interrupted iterations
steady   [  91% ] 168/184 VUs  09m04.0s/10m0s  5.00 iters/s

running (09m05.0s), 173/184 VUs, 2418 complete and 0 interrupted iterations
steady   [  91% ] 173/184 VUs  09m05.0s/10m0s  5.00 iters/s

running (09m06.0s), 170/184 VUs, 2426 complete and 0 interrupted iterations
steady   [  91% ] 170/184 VUs  09m06.0s/10m0s  5.00 iters/s

running (09m07.0s), 165/184 VUs, 2436 complete and 0 interrupted iterations
steady   [  91% ] 165/184 VUs  09m07.0s/10m0s  5.00 iters/s

running (09m08.0s), 159/184 VUs, 2447 complete and 0 interrupted iterations
steady   [  91% ] 159/184 VUs  09m08.0s/10m0s  5.00 iters/s

running (09m09.0s), 160/184 VUs, 2451 complete and 0 interrupted iterations
steady   [  91% ] 160/184 VUs  09m09.0s/10m0s  5.00 iters/s

running (09m10.0s), 160/184 VUs, 2456 complete and 0 interrupted iterations
steady   [  92% ] 160/184 VUs  09m10.0s/10m0s  5.00 iters/s

running (09m11.0s), 161/184 VUs, 2460 complete and 0 interrupted iterations
steady   [  92% ] 161/184 VUs  09m11.0s/10m0s  5.00 iters/s

running (09m12.0s), 159/184 VUs, 2467 complete and 0 interrupted iterations
steady   [  92% ] 159/184 VUs  09m12.0s/10m0s  5.00 iters/s

running (09m13.0s), 160/184 VUs, 2471 complete and 0 interrupted iterations
steady   [  92% ] 160/184 VUs  09m13.0s/10m0s  5.00 iters/s

running (09m14.0s), 161/184 VUs, 2475 complete and 0 interrupted iterations
steady   [  92% ] 161/184 VUs  09m14.0s/10m0s  5.00 iters/s

running (09m15.0s), 162/184 VUs, 2479 complete and 0 interrupted iterations
steady   [  92% ] 162/184 VUs  09m15.0s/10m0s  5.00 iters/s

running (09m16.0s), 165/184 VUs, 2481 complete and 0 interrupted iterations
steady   [  93% ] 165/184 VUs  09m16.0s/10m0s  5.00 iters/s

running (09m17.0s), 167/184 VUs, 2484 complete and 0 interrupted iterations
steady   [  93% ] 167/184 VUs  09m17.0s/10m0s  5.00 iters/s

running (09m18.0s), 167/184 VUs, 2489 complete and 0 interrupted iterations
steady   [  93% ] 167/184 VUs  09m18.0s/10m0s  5.00 iters/s

running (09m19.0s), 166/184 VUs, 2495 complete and 0 interrupted iterations
steady   [  93% ] 166/184 VUs  09m19.0s/10m0s  5.00 iters/s

running (09m20.0s), 162/184 VUs, 2504 complete and 0 interrupted iterations
steady   [  93% ] 162/184 VUs  09m20.0s/10m0s  5.00 iters/s

running (09m21.0s), 162/184 VUs, 2509 complete and 0 interrupted iterations
steady   [  93% ] 162/184 VUs  09m21.0s/10m0s  5.00 iters/s

running (09m22.0s), 167/184 VUs, 2509 complete and 0 interrupted iterations
steady   [  94% ] 167/184 VUs  09m22.0s/10m0s  5.00 iters/s

running (09m23.0s), 172/184 VUs, 2509 complete and 0 interrupted iterations
steady   [  94% ] 172/184 VUs  09m23.0s/10m0s  5.00 iters/s

running (09m24.0s), 176/184 VUs, 2510 complete and 0 interrupted iterations
steady   [  94% ] 176/184 VUs  09m24.0s/10m0s  5.00 iters/s

running (09m25.0s), 168/184 VUs, 2523 complete and 0 interrupted iterations
steady   [  94% ] 168/184 VUs  09m25.0s/10m0s  5.00 iters/s

running (09m26.0s), 173/184 VUs, 2523 complete and 0 interrupted iterations
steady   [  94% ] 173/184 VUs  09m26.0s/10m0s  5.00 iters/s

running (09m27.0s), 165/184 VUs, 2536 complete and 0 interrupted iterations
steady   [  94% ] 165/184 VUs  09m27.0s/10m0s  5.00 iters/s

running (09m28.0s), 170/184 VUs, 2536 complete and 0 interrupted iterations
steady   [  95% ] 170/184 VUs  09m28.0s/10m0s  5.00 iters/s

running (09m29.0s), 166/184 VUs, 2545 complete and 0 interrupted iterations
steady   [  95% ] 166/184 VUs  09m29.0s/10m0s  5.00 iters/s

running (09m30.0s), 171/184 VUs, 2545 complete and 0 interrupted iterations
steady   [  95% ] 171/184 VUs  09m30.0s/10m0s  5.00 iters/s

running (09m31.0s), 176/184 VUs, 2545 complete and 0 interrupted iterations
steady   [  95% ] 176/184 VUs  09m31.0s/10m0s  5.00 iters/s

running (09m32.0s), 171/184 VUs, 2555 complete and 0 interrupted iterations
steady   [  95% ] 171/184 VUs  09m32.0s/10m0s  5.00 iters/s

running (09m33.0s), 176/184 VUs, 2555 complete and 0 interrupted iterations
steady   [  95% ] 176/184 VUs  09m33.0s/10m0s  5.00 iters/s

running (09m34.0s), 171/184 VUs, 2565 complete and 0 interrupted iterations
steady   [  96% ] 171/184 VUs  09m34.0s/10m0s  5.00 iters/s

running (09m35.0s), 176/184 VUs, 2565 complete and 0 interrupted iterations
steady   [  96% ] 176/184 VUs  09m35.0s/10m0s  5.00 iters/s

running (09m36.0s), 173/184 VUs, 2573 complete and 0 interrupted iterations
steady   [  96% ] 173/184 VUs  09m36.0s/10m0s  5.00 iters/s

running (09m37.0s), 167/184 VUs, 2584 complete and 0 interrupted iterations
steady   [  96% ] 167/184 VUs  09m37.0s/10m0s  5.00 iters/s

running (09m38.0s), 164/184 VUs, 2592 complete and 0 interrupted iterations
steady   [  96% ] 164/184 VUs  09m38.0s/10m0s  5.00 iters/s

running (09m39.0s), 163/184 VUs, 2598 complete and 0 interrupted iterations
steady   [  96% ] 163/184 VUs  09m39.0s/10m0s  5.00 iters/s

running (09m40.0s), 161/184 VUs, 2605 complete and 0 interrupted iterations
steady   [  97% ] 161/184 VUs  09m40.0s/10m0s  5.00 iters/s

running (09m41.0s), 162/184 VUs, 2609 complete and 0 interrupted iterations
steady   [  97% ] 162/184 VUs  09m41.0s/10m0s  5.00 iters/s

running (09m42.0s), 167/184 VUs, 2609 complete and 0 interrupted iterations
steady   [  97% ] 167/184 VUs  09m42.0s/10m0s  5.00 iters/s

running (09m43.0s), 166/184 VUs, 2615 complete and 0 interrupted iterations
steady   [  97% ] 166/184 VUs  09m43.0s/10m0s  5.00 iters/s

running (09m44.0s), 171/184 VUs, 2615 complete and 0 interrupted iterations
steady   [  97% ] 171/184 VUs  09m44.0s/10m0s  5.00 iters/s

running (09m45.0s), 168/184 VUs, 2623 complete and 0 interrupted iterations
steady   [  97% ] 168/184 VUs  09m45.0s/10m0s  5.00 iters/s

running (09m46.0s), 168/184 VUs, 2628 complete and 0 interrupted iterations
steady   [  98% ] 168/184 VUs  09m46.0s/10m0s  5.00 iters/s

running (09m47.0s), 166/184 VUs, 2635 complete and 0 interrupted iterations
steady   [  98% ] 166/184 VUs  09m47.0s/10m0s  5.00 iters/s

running (09m48.0s), 164/184 VUs, 2642 complete and 0 interrupted iterations
steady   [  98% ] 164/184 VUs  09m48.0s/10m0s  5.00 iters/s

running (09m49.0s), 166/184 VUs, 2645 complete and 0 interrupted iterations
steady   [  98% ] 166/184 VUs  09m49.0s/10m0s  5.00 iters/s

running (09m50.0s), 165/184 VUs, 2651 complete and 0 interrupted iterations
steady   [  98% ] 165/184 VUs  09m50.0s/10m0s  5.00 iters/s

running (09m51.0s), 170/184 VUs, 2651 complete and 0 interrupted iterations
steady   [  98% ] 170/184 VUs  09m51.0s/10m0s  5.00 iters/s

running (09m52.0s), 167/184 VUs, 2659 complete and 0 interrupted iterations
steady   [  99% ] 167/184 VUs  09m52.0s/10m0s  5.00 iters/s

running (09m53.0s), 165/184 VUs, 2666 complete and 0 interrupted iterations
steady   [  99% ] 165/184 VUs  09m53.0s/10m0s  5.00 iters/s

running (09m54.0s), 163/184 VUs, 2673 complete and 0 interrupted iterations
steady   [  99% ] 163/184 VUs  09m54.0s/10m0s  5.00 iters/s

running (09m55.0s), 165/184 VUs, 2676 complete and 0 interrupted iterations
steady   [  99% ] 165/184 VUs  09m55.0s/10m0s  5.00 iters/s

running (09m56.0s), 162/184 VUs, 2684 complete and 0 interrupted iterations
steady   [  99% ] 162/184 VUs  09m56.0s/10m0s  5.00 iters/s

running (09m57.0s), 162/184 VUs, 2689 complete and 0 interrupted iterations
steady   [  99% ] 162/184 VUs  09m57.0s/10m0s  5.00 iters/s

running (09m58.0s), 167/184 VUs, 2689 complete and 0 interrupted iterations
steady   [ 100% ] 167/184 VUs  09m58.0s/10m0s  5.00 iters/s

running (09m59.0s), 168/184 VUs, 2693 complete and 0 interrupted iterations
steady   [ 100% ] 168/184 VUs  09m59.0s/10m0s  5.00 iters/s

running (10m00.0s), 167/184 VUs, 2699 complete and 0 interrupted iterations
steady   [ 100% ] 167/184 VUs  10m00.0s/10m0s  5.00 iters/s

running (10m01.0s), 164/184 VUs, 2703 complete and 0 interrupted iterations
steady ↓ [ 100% ] 168/184 VUs  10m0s  5.00 iters/s

running (10m02.0s), 156/184 VUs, 2711 complete and 0 interrupted iterations
steady ↓ [ 100% ] 168/184 VUs  10m0s  5.00 iters/s

running (10m03.0s), 151/184 VUs, 2716 complete and 0 interrupted iterations
steady ↓ [ 100% ] 168/184 VUs  10m0s  5.00 iters/s

running (10m04.0s), 143/184 VUs, 2724 complete and 0 interrupted iterations
steady ↓ [ 100% ] 168/184 VUs  10m0s  5.00 iters/s

running (10m05.0s), 143/184 VUs, 2724 complete and 0 interrupted iterations
steady ↓ [ 100% ] 168/184 VUs  10m0s  5.00 iters/s

running (10m06.0s), 138/184 VUs, 2729 complete and 0 interrupted iterations
steady ↓ [ 100% ] 168/184 VUs  10m0s  5.00 iters/s

running (10m07.0s), 130/184 VUs, 2737 complete and 0 interrupted iterations
steady ↓ [ 100% ] 168/184 VUs  10m0s  5.00 iters/s

running (10m08.0s), 123/184 VUs, 2744 complete and 0 interrupted iterations
steady ↓ [ 100% ] 168/184 VUs  10m0s  5.00 iters/s

running (10m09.0s), 117/184 VUs, 2750 complete and 0 interrupted iterations
steady ↓ [ 100% ] 168/184 VUs  10m0s  5.00 iters/s

running (10m10.0s), 112/184 VUs, 2755 complete and 0 interrupted iterations
steady ↓ [ 100% ] 168/184 VUs  10m0s  5.00 iters/s

running (10m11.0s), 109/184 VUs, 2758 complete and 0 interrupted iterations
steady ↓ [ 100% ] 168/184 VUs  10m0s  5.00 iters/s

running (10m12.0s), 109/184 VUs, 2758 complete and 0 interrupted iterations
steady ↓ [ 100% ] 168/184 VUs  10m0s  5.00 iters/s

running (10m13.0s), 100/184 VUs, 2767 complete and 0 interrupted iterations
steady ↓ [ 100% ] 168/184 VUs  10m0s  5.00 iters/s

running (10m14.0s), 093/184 VUs, 2774 complete and 0 interrupted iterations
steady ↓ [ 100% ] 168/184 VUs  10m0s  5.00 iters/s

running (10m15.0s), 093/184 VUs, 2774 complete and 0 interrupted iterations
steady ↓ [ 100% ] 168/184 VUs  10m0s  5.00 iters/s

running (10m16.0s), 087/184 VUs, 2780 complete and 0 interrupted iterations
steady ↓ [ 100% ] 168/184 VUs  10m0s  5.00 iters/s

running (10m17.0s), 087/184 VUs, 2780 complete and 0 interrupted iterations
steady ↓ [ 100% ] 168/184 VUs  10m0s  5.00 iters/s

running (10m18.0s), 084/184 VUs, 2783 complete and 0 interrupted iterations
steady ↓ [ 100% ] 168/184 VUs  10m0s  5.00 iters/s

running (10m19.0s), 077/184 VUs, 2790 complete and 0 interrupted iterations
steady ↓ [ 100% ] 168/184 VUs  10m0s  5.00 iters/s

running (10m20.0s), 068/184 VUs, 2799 complete and 0 interrupted iterations
steady ↓ [ 100% ] 168/184 VUs  10m0s  5.00 iters/s

running (10m21.0s), 060/184 VUs, 2807 complete and 0 interrupted iterations
steady ↓ [ 100% ] 168/184 VUs  10m0s  5.00 iters/s

running (10m22.0s), 055/184 VUs, 2812 complete and 0 interrupted iterations
steady ↓ [ 100% ] 168/184 VUs  10m0s  5.00 iters/s

running (10m23.0s), 055/184 VUs, 2812 complete and 0 interrupted iterations
steady ↓ [ 100% ] 168/184 VUs  10m0s  5.00 iters/s

running (10m24.0s), 046/184 VUs, 2821 complete and 0 interrupted iterations
steady ↓ [ 100% ] 168/184 VUs  10m0s  5.00 iters/s

running (10m25.0s), 040/184 VUs, 2827 complete and 0 interrupted iterations
steady ↓ [ 100% ] 168/184 VUs  10m0s  5.00 iters/s

running (10m26.0s), 036/184 VUs, 2831 complete and 0 interrupted iterations
steady ↓ [ 100% ] 168/184 VUs  10m0s  5.00 iters/s

running (10m27.0s), 036/184 VUs, 2831 complete and 0 interrupted iterations
steady ↓ [ 100% ] 168/184 VUs  10m0s  5.00 iters/s

running (10m28.0s), 029/184 VUs, 2838 complete and 0 interrupted iterations
steady ↓ [ 100% ] 168/184 VUs  10m0s  5.00 iters/s

running (10m29.0s), 029/184 VUs, 2838 complete and 0 interrupted iterations
steady ↓ [ 100% ] 168/184 VUs  10m0s  5.00 iters/s

running (10m30.0s), 029/184 VUs, 2838 complete and 0 interrupted iterations
steady ↓ [ 100% ] 168/184 VUs  10m0s  5.00 iters/s

================ DSP benchmark summary ================
-- per-phase latency --
  catalog                    p50=101.8 ms  p95=243.3 ms  p99=361.2 ms  max=571.9 ms  n=2867
  negotiation init (POST)    p50=8.5 ms  p95=106.0 ms  p99=125.3 ms  max=170.4 ms  n=2867
  time-to-AGREED (async)     p50=3132.0 ms  p95=4881.7 ms  p99=5469.3 ms  max=6920.0 ms  n=2867
  transfer init (POST)       p50=59.2 ms  p95=112.6 ms  p99=155.1 ms  max=273.9 ms  n=2867
  time-to-EDR (async)        p50=0.0 ms  p95=0.0 ms  p99=0.0 ms  max=0.0 ms  n=0
  data pull                  (no data)
-- end-to-end + throughput --
  e2e transaction            p50=0.0 ms  p95=0.0 ms  p99=0.0 ms  max=0.0 ms  n=0
  data throughput (MB/s)     (no data)
-- outcomes --
  transactions succeeded     (no data)
  transactions failed        count=2838  rate=4.505/s
  failed rate                rate=100.00%  (pass=2838 fail=0)
-- observer effect (poll load) --
  negotiation polls          count=38249  rate=60.712/s
  edr polls                  count=343767  rate=545.652/s
=======================================================
(full summary -> /home/rohitj/edc/benchmarking-factoryx-edc/resources/local-fx-mvd/k6-scripts/results/factoryx/steady/2026-07-29T16-07-01Z/k6-summary.json; POLL_INTERVAL_MS=250; IDENTITY_MODE=on)

running (10m30.0s), 000/184 VUs, 2838 complete and 29 interrupted iterations
steady ✓ [ 100% ] 029/184 VUs  10m0s  5.00 iters/s
time="2026-07-29T16:19:02Z" level=error msg="thresholds on metrics 'dsp_transaction_failed_rate' have been crossed"
Prometheus snapshot [1785341311..1785341957] svc=(provider-controlplane|provider-dataplane|consumer-controlplane|consumer-dataplane) win=1m -> /home/rohitj/edc/benchmarking-factoryx-edc/resources/local-fx-mvd/k6-scripts/results/factoryx/steady/2026-07-29T16-07-01Z
  jvm-heap.csv (520 rows)
  jvm-gc-rate.csv (520 rows)
  jvm-threads.csv (520 rows)
  http-throughput.csv (520 rows)
  http-p95.csv (520 rows)
  http-errors.csv (260 rows)
  host-cpu-busy.csv (130 rows)
  host-mem-used.csv (130 rows)
>>> done: /home/rohitj/edc/benchmarking-factoryx-edc/resources/local-fx-mvd/k6-scripts/results/factoryx/steady/2026-07-29T16-07-01Z  (k6 exit 99)
  (steady rep 1 exited non-zero)
----- factoryx / concurrency-closed (rep 1) -----
>>> factoryx / concurrency-closed  ->  /home/rohitj/edc/benchmarking-factoryx-edc/resources/local-fx-mvd/k6-scripts/results/factoryx/concurrency-closed/2026-07-29T16-19-17Z
parity OK: lib/ + scenarios/ identical to /home/rohitj/edc/benchmarking-factoryx-edc/resources/local-fx-mvd/k6-scripts
Health: http://localhost:29010/management + prometheus  OK
Warmup 60s @ 2/s (discarded)
  (warmup non-zero exit ignored)

         /\      Grafana   /‾‾/  
    /\  /  \     |\  __   /  /   
   /  \/    \    | |/ /  /   ‾‾\ 
  /          \   |   (  |  (‾)  |
 / __________ \  |_|\_\  \_____/ 


     execution: local
        script: /home/rohitj/edc/benchmarking-factoryx-edc/resources/local-fx-mvd/k6-scripts/scenarios/concurrency-closed.js
        output: -

     scenarios: (100.00%) 1 scenario, 200 max VUs, 10m30s max duration (incl. graceful stop):
              * concurrency: Up to 200 looping VUs for 10m0s over 5 stages (gracefulRampDown: 30s, gracefulStop: 30s)


running (00m00.9s), 001/200 VUs, 0 complete and 0 interrupted iterations
concurrency   [   0% ] 001/200 VUs  00m00.9s/10m00.0s

running (00m01.9s), 001/200 VUs, 0 complete and 0 interrupted iterations
concurrency   [   0% ] 001/200 VUs  00m01.9s/10m00.0s

running (00m02.9s), 001/200 VUs, 0 complete and 0 interrupted iterations
concurrency   [   0% ] 001/200 VUs  00m02.9s/10m00.0s

running (00m03.9s), 001/200 VUs, 0 complete and 0 interrupted iterations
concurrency   [   1% ] 001/200 VUs  00m03.9s/10m00.0s

running (00m04.9s), 001/200 VUs, 1 complete and 0 interrupted iterations
concurrency   [   1% ] 001/200 VUs  00m04.9s/10m00.0s

running (00m05.9s), 001/200 VUs, 1 complete and 0 interrupted iterations
concurrency   [   1% ] 001/200 VUs  00m05.9s/10m00.0s

running (00m06.9s), 001/200 VUs, 1 complete and 0 interrupted iterations
concurrency   [   1% ] 001/200 VUs  00m06.9s/10m00.0s

running (00m07.9s), 001/200 VUs, 1 complete and 0 interrupted iterations
concurrency   [   1% ] 001/200 VUs  00m07.9s/10m00.0s

running (00m08.9s), 001/200 VUs, 1 complete and 0 interrupted iterations
concurrency   [   1% ] 001/200 VUs  00m08.9s/10m00.0s

running (00m09.9s), 001/200 VUs, 2 complete and 0 interrupted iterations
concurrency   [   2% ] 001/200 VUs  00m09.9s/10m00.0s

running (00m10.9s), 001/200 VUs, 2 complete and 0 interrupted iterations
concurrency   [   2% ] 001/200 VUs  00m10.9s/10m00.0s

running (00m11.9s), 001/200 VUs, 2 complete and 0 interrupted iterations
concurrency   [   2% ] 001/200 VUs  00m11.9s/10m00.0s

running (00m12.9s), 001/200 VUs, 2 complete and 0 interrupted iterations
concurrency   [   2% ] 001/200 VUs  00m12.9s/10m00.0s

running (00m13.9s), 002/200 VUs, 2 complete and 0 interrupted iterations
concurrency   [   2% ] 002/200 VUs  00m13.9s/10m00.0s

running (00m14.9s), 002/200 VUs, 3 complete and 0 interrupted iterations
concurrency   [   2% ] 002/200 VUs  00m14.9s/10m00.0s

running (00m15.9s), 002/200 VUs, 3 complete and 0 interrupted iterations
concurrency   [   3% ] 002/200 VUs  00m15.9s/10m00.0s

running (00m16.9s), 002/200 VUs, 3 complete and 0 interrupted iterations
concurrency   [   3% ] 002/200 VUs  00m16.9s/10m00.0s

running (00m17.9s), 002/200 VUs, 4 complete and 0 interrupted iterations
concurrency   [   3% ] 002/200 VUs  00m17.9s/10m00.0s

running (00m18.9s), 002/200 VUs, 4 complete and 0 interrupted iterations
concurrency   [   3% ] 002/200 VUs  00m18.9s/10m00.0s

running (00m19.9s), 002/200 VUs, 4 complete and 0 interrupted iterations
concurrency   [   3% ] 002/200 VUs  00m19.9s/10m00.0s

running (00m20.9s), 002/200 VUs, 5 complete and 0 interrupted iterations
concurrency   [   3% ] 002/200 VUs  00m20.9s/10m00.0s

running (00m21.9s), 002/200 VUs, 5 complete and 0 interrupted iterations
concurrency   [   4% ] 002/200 VUs  00m21.9s/10m00.0s

running (00m22.9s), 002/200 VUs, 5 complete and 0 interrupted iterations
concurrency   [   4% ] 002/200 VUs  00m22.9s/10m00.0s

running (00m23.9s), 002/200 VUs, 6 complete and 0 interrupted iterations
concurrency   [   4% ] 002/200 VUs  00m23.9s/10m00.0s

running (00m24.9s), 002/200 VUs, 6 complete and 0 interrupted iterations
concurrency   [   4% ] 002/200 VUs  00m24.9s/10m00.0s

running (00m25.9s), 002/200 VUs, 7 complete and 0 interrupted iterations
concurrency   [   4% ] 002/200 VUs  00m25.9s/10m00.0s

running (00m26.9s), 003/200 VUs, 7 complete and 0 interrupted iterations
concurrency   [   4% ] 003/200 VUs  00m26.9s/10m00.0s

running (00m27.9s), 003/200 VUs, 7 complete and 0 interrupted iterations
concurrency   [   5% ] 003/200 VUs  00m27.9s/10m00.0s

running (00m28.9s), 003/200 VUs, 7 complete and 0 interrupted iterations
concurrency   [   5% ] 003/200 VUs  00m28.9s/10m00.0s

running (00m29.9s), 003/200 VUs, 8 complete and 0 interrupted iterations
concurrency   [   5% ] 003/200 VUs  00m29.9s/10m00.0s

running (00m30.9s), 003/200 VUs, 8 complete and 0 interrupted iterations
concurrency   [   5% ] 003/200 VUs  00m30.9s/10m00.0s

running (00m31.9s), 003/200 VUs, 10 complete and 0 interrupted iterations
concurrency   [   5% ] 003/200 VUs  00m31.9s/10m00.0s

running (00m32.9s), 003/200 VUs, 10 complete and 0 interrupted iterations
concurrency   [   5% ] 003/200 VUs  00m32.9s/10m00.0s

running (00m33.9s), 003/200 VUs, 10 complete and 0 interrupted iterations
concurrency   [   6% ] 003/200 VUs  00m33.9s/10m00.0s

running (00m34.9s), 003/200 VUs, 11 complete and 0 interrupted iterations
concurrency   [   6% ] 003/200 VUs  00m34.9s/10m00.0s

running (00m35.9s), 003/200 VUs, 13 complete and 0 interrupted iterations
concurrency   [   6% ] 003/200 VUs  00m35.9s/10m00.0s

running (00m36.9s), 003/200 VUs, 13 complete and 0 interrupted iterations
concurrency   [   6% ] 003/200 VUs  00m36.9s/10m00.0s

running (00m37.9s), 003/200 VUs, 13 complete and 0 interrupted iterations
concurrency   [   6% ] 003/200 VUs  00m37.9s/10m00.0s

running (00m38.9s), 003/200 VUs, 15 complete and 0 interrupted iterations
concurrency   [   6% ] 003/200 VUs  00m38.9s/10m00.0s

running (00m39.9s), 003/200 VUs, 16 complete and 0 interrupted iterations
concurrency   [   7% ] 003/200 VUs  00m39.9s/10m00.0s

running (00m40.9s), 004/200 VUs, 16 complete and 0 interrupted iterations
concurrency   [   7% ] 004/200 VUs  00m40.9s/10m00.0s

running (00m41.9s), 004/200 VUs, 16 complete and 0 interrupted iterations
concurrency   [   7% ] 004/200 VUs  00m41.9s/10m00.0s

running (00m42.9s), 004/200 VUs, 16 complete and 0 interrupted iterations
concurrency   [   7% ] 004/200 VUs  00m42.9s/10m00.0s

running (00m43.9s), 004/200 VUs, 16 complete and 0 interrupted iterations
concurrency   [   7% ] 004/200 VUs  00m43.9s/10m00.0s

running (00m44.9s), 004/200 VUs, 20 complete and 0 interrupted iterations
concurrency   [   7% ] 004/200 VUs  00m44.9s/10m00.0s

running (00m45.9s), 004/200 VUs, 20 complete and 0 interrupted iterations
concurrency   [   8% ] 004/200 VUs  00m45.9s/10m00.0s

running (00m46.9s), 004/200 VUs, 20 complete and 0 interrupted iterations
concurrency   [   8% ] 004/200 VUs  00m46.9s/10m00.0s

running (00m47.9s), 004/200 VUs, 20 complete and 0 interrupted iterations
concurrency   [   8% ] 004/200 VUs  00m47.9s/10m00.0s

running (00m48.9s), 004/200 VUs, 20 complete and 0 interrupted iterations
concurrency   [   8% ] 004/200 VUs  00m48.9s/10m00.0s

running (00m49.9s), 004/200 VUs, 24 complete and 0 interrupted iterations
concurrency   [   8% ] 004/200 VUs  00m49.9s/10m00.0s

running (00m50.9s), 004/200 VUs, 24 complete and 0 interrupted iterations
concurrency   [   8% ] 004/200 VUs  00m50.9s/10m00.0s

running (00m51.9s), 004/200 VUs, 24 complete and 0 interrupted iterations
concurrency   [   9% ] 004/200 VUs  00m51.9s/10m00.0s

running (00m52.9s), 004/200 VUs, 26 complete and 0 interrupted iterations
concurrency   [   9% ] 004/200 VUs  00m52.9s/10m00.0s

running (00m53.9s), 005/200 VUs, 28 complete and 0 interrupted iterations
concurrency   [   9% ] 005/200 VUs  00m53.9s/10m00.0s

running (00m54.9s), 005/200 VUs, 28 complete and 0 interrupted iterations
concurrency   [   9% ] 005/200 VUs  00m54.9s/10m00.0s

running (00m55.9s), 005/200 VUs, 28 complete and 0 interrupted iterations
concurrency   [   9% ] 005/200 VUs  00m55.9s/10m00.0s

running (00m56.9s), 005/200 VUs, 28 complete and 0 interrupted iterations
concurrency   [   9% ] 005/200 VUs  00m56.9s/10m00.0s

running (00m57.9s), 005/200 VUs, 33 complete and 0 interrupted iterations
concurrency   [  10% ] 005/200 VUs  00m57.9s/10m00.0s

running (00m58.9s), 005/200 VUs, 33 complete and 0 interrupted iterations
concurrency   [  10% ] 005/200 VUs  00m58.9s/10m00.0s

running (00m59.9s), 005/200 VUs, 33 complete and 0 interrupted iterations
concurrency   [  10% ] 005/200 VUs  00m59.9s/10m00.0s

running (01m00.9s), 005/200 VUs, 33 complete and 0 interrupted iterations
concurrency   [  10% ] 005/200 VUs  01m00.9s/10m00.0s

running (01m01.9s), 005/200 VUs, 33 complete and 0 interrupted iterations
concurrency   [  10% ] 005/200 VUs  01m01.9s/10m00.0s

running (01m02.9s), 005/200 VUs, 38 complete and 0 interrupted iterations
concurrency   [  10% ] 005/200 VUs  01m02.9s/10m00.0s

running (01m03.9s), 005/200 VUs, 38 complete and 0 interrupted iterations
concurrency   [  11% ] 005/200 VUs  01m03.9s/10m00.0s

running (01m04.9s), 005/200 VUs, 38 complete and 0 interrupted iterations
concurrency   [  11% ] 005/200 VUs  01m04.9s/10m00.0s

running (01m05.9s), 005/200 VUs, 39 complete and 0 interrupted iterations
concurrency   [  11% ] 005/200 VUs  01m05.9s/10m00.0s

running (01m06.9s), 006/200 VUs, 43 complete and 0 interrupted iterations
concurrency   [  11% ] 006/200 VUs  01m06.9s/10m00.0s

running (01m07.9s), 006/200 VUs, 43 complete and 0 interrupted iterations
concurrency   [  11% ] 006/200 VUs  01m07.9s/10m00.0s

running (01m08.9s), 006/200 VUs, 43 complete and 0 interrupted iterations
concurrency   [  11% ] 006/200 VUs  01m08.9s/10m00.0s

running (01m09.9s), 006/200 VUs, 43 complete and 0 interrupted iterations
concurrency   [  12% ] 006/200 VUs  01m09.9s/10m00.0s

running (01m10.9s), 006/200 VUs, 44 complete and 0 interrupted iterations
concurrency   [  12% ] 006/200 VUs  01m10.9s/10m00.0s

running (01m11.9s), 006/200 VUs, 46 complete and 0 interrupted iterations
concurrency   [  12% ] 006/200 VUs  01m11.9s/10m00.0s

running (01m12.9s), 006/200 VUs, 49 complete and 0 interrupted iterations
concurrency   [  12% ] 006/200 VUs  01m12.9s/10m00.0s

running (01m13.9s), 006/200 VUs, 49 complete and 0 interrupted iterations
concurrency   [  12% ] 006/200 VUs  01m13.9s/10m00.0s

running (01m14.9s), 006/200 VUs, 50 complete and 0 interrupted iterations
concurrency   [  12% ] 006/200 VUs  01m14.9s/10m00.0s

running (01m15.9s), 006/200 VUs, 50 complete and 0 interrupted iterations
concurrency   [  13% ] 006/200 VUs  01m15.9s/10m00.0s

running (01m16.9s), 006/200 VUs, 50 complete and 0 interrupted iterations
concurrency   [  13% ] 006/200 VUs  01m16.9s/10m00.0s

running (01m17.9s), 006/200 VUs, 52 complete and 0 interrupted iterations
concurrency   [  13% ] 006/200 VUs  01m17.9s/10m00.0s

running (01m18.9s), 006/200 VUs, 55 complete and 0 interrupted iterations
concurrency   [  13% ] 006/200 VUs  01m18.9s/10m00.0s

running (01m19.9s), 006/200 VUs, 56 complete and 0 interrupted iterations
concurrency   [  13% ] 006/200 VUs  01m19.9s/10m00.0s

running (01m20.9s), 007/200 VUs, 56 complete and 0 interrupted iterations
concurrency   [  13% ] 007/200 VUs  01m20.9s/10m00.0s

running (01m21.9s), 007/200 VUs, 56 complete and 0 interrupted iterations
concurrency   [  14% ] 007/200 VUs  01m21.9s/10m00.0s

running (01m22.9s), 007/200 VUs, 56 complete and 0 interrupted iterations
concurrency   [  14% ] 007/200 VUs  01m22.9s/10m00.0s

running (01m23.9s), 007/200 VUs, 59 complete and 0 interrupted iterations
concurrency   [  14% ] 007/200 VUs  01m23.9s/10m00.0s

running (01m24.9s), 007/200 VUs, 63 complete and 0 interrupted iterations
concurrency   [  14% ] 007/200 VUs  01m24.9s/10m00.0s

running (01m25.9s), 007/200 VUs, 63 complete and 0 interrupted iterations
concurrency   [  14% ] 007/200 VUs  01m25.9s/10m00.0s

running (01m26.9s), 007/200 VUs, 63 complete and 0 interrupted iterations
concurrency   [  14% ] 007/200 VUs  01m26.9s/10m00.0s

running (01m27.9s), 007/200 VUs, 63 complete and 0 interrupted iterations
concurrency   [  15% ] 007/200 VUs  01m27.9s/10m00.0s

running (01m28.9s), 007/200 VUs, 63 complete and 0 interrupted iterations
concurrency   [  15% ] 007/200 VUs  01m28.9s/10m00.0s

running (01m29.9s), 007/200 VUs, 70 complete and 0 interrupted iterations
concurrency   [  15% ] 007/200 VUs  01m29.9s/10m00.0s

running (01m30.9s), 007/200 VUs, 70 complete and 0 interrupted iterations
concurrency   [  15% ] 007/200 VUs  01m30.9s/10m00.0s

running (01m31.9s), 007/200 VUs, 70 complete and 0 interrupted iterations
concurrency   [  15% ] 007/200 VUs  01m31.9s/10m00.0s

running (01m32.9s), 007/200 VUs, 70 complete and 0 interrupted iterations
concurrency   [  15% ] 007/200 VUs  01m32.9s/10m00.0s

running (01m33.9s), 008/200 VUs, 72 complete and 0 interrupted iterations
concurrency   [  16% ] 008/200 VUs  01m33.9s/10m00.0s

running (01m34.9s), 008/200 VUs, 77 complete and 0 interrupted iterations
concurrency   [  16% ] 008/200 VUs  01m34.9s/10m00.0s

running (01m35.9s), 008/200 VUs, 77 complete and 0 interrupted iterations
concurrency   [  16% ] 008/200 VUs  01m35.9s/10m00.0s

running (01m36.9s), 008/200 VUs, 77 complete and 0 interrupted iterations
concurrency   [  16% ] 008/200 VUs  01m36.9s/10m00.0s

running (01m37.9s), 008/200 VUs, 77 complete and 0 interrupted iterations
concurrency   [  16% ] 008/200 VUs  01m37.9s/10m00.0s

running (01m38.9s), 008/200 VUs, 80 complete and 0 interrupted iterations
concurrency   [  16% ] 008/200 VUs  01m38.9s/10m00.0s

running (01m39.9s), 008/200 VUs, 80 complete and 0 interrupted iterations
concurrency   [  17% ] 008/200 VUs  01m39.9s/10m00.0s

running (01m40.9s), 008/200 VUs, 85 complete and 0 interrupted iterations
concurrency   [  17% ] 008/200 VUs  01m40.9s/10m00.0s

running (01m41.9s), 008/200 VUs, 85 complete and 0 interrupted iterations
concurrency   [  17% ] 008/200 VUs  01m41.9s/10m00.0s

running (01m42.9s), 008/200 VUs, 85 complete and 0 interrupted iterations
concurrency   [  17% ] 008/200 VUs  01m42.9s/10m00.0s

running (01m43.9s), 008/200 VUs, 88 complete and 0 interrupted iterations
concurrency   [  17% ] 008/200 VUs  01m43.9s/10m00.0s

running (01m44.9s), 008/200 VUs, 88 complete and 0 interrupted iterations
concurrency   [  17% ] 008/200 VUs  01m44.9s/10m00.0s

running (01m45.9s), 008/200 VUs, 91 complete and 0 interrupted iterations
concurrency   [  18% ] 008/200 VUs  01m45.9s/10m00.0s

running (01m46.9s), 009/200 VUs, 93 complete and 0 interrupted iterations
concurrency   [  18% ] 009/200 VUs  01m46.9s/10m00.0s

running (01m47.9s), 009/200 VUs, 93 complete and 0 interrupted iterations
concurrency   [  18% ] 009/200 VUs  01m47.9s/10m00.0s

running (01m48.9s), 009/200 VUs, 95 complete and 0 interrupted iterations
concurrency   [  18% ] 009/200 VUs  01m48.9s/10m00.0s

running (01m49.9s), 009/200 VUs, 96 complete and 0 interrupted iterations
concurrency   [  18% ] 009/200 VUs  01m49.9s/10m00.0s

running (01m50.9s), 009/200 VUs, 96 complete and 0 interrupted iterations
concurrency   [  18% ] 009/200 VUs  01m50.9s/10m00.0s

running (01m51.9s), 009/200 VUs, 97 complete and 0 interrupted iterations
concurrency   [  19% ] 009/200 VUs  01m51.9s/10m00.0s

running (01m52.9s), 009/200 VUs, 102 complete and 0 interrupted iterations
concurrency   [  19% ] 009/200 VUs  01m52.9s/10m00.0s

running (01m53.9s), 009/200 VUs, 102 complete and 0 interrupted iterations
concurrency   [  19% ] 009/200 VUs  01m53.9s/10m00.0s

running (01m54.9s), 009/200 VUs, 105 complete and 0 interrupted iterations
concurrency   [  19% ] 009/200 VUs  01m54.9s/10m00.0s

running (01m55.9s), 009/200 VUs, 105 complete and 0 interrupted iterations
concurrency   [  19% ] 009/200 VUs  01m55.9s/10m00.0s

running (01m56.9s), 009/200 VUs, 105 complete and 0 interrupted iterations
concurrency   [  19% ] 009/200 VUs  01m56.9s/10m00.0s

running (01m57.9s), 009/200 VUs, 107 complete and 0 interrupted iterations
concurrency   [  20% ] 009/200 VUs  01m57.9s/10m00.0s

running (01m58.9s), 009/200 VUs, 112 complete and 0 interrupted iterations
concurrency   [  20% ] 009/200 VUs  01m58.9s/10m00.0s

running (01m59.9s), 009/200 VUs, 114 complete and 0 interrupted iterations
concurrency   [  20% ] 009/200 VUs  01m59.9s/10m00.0s

running (02m00.9s), 010/200 VUs, 114 complete and 0 interrupted iterations
concurrency   [  20% ] 010/200 VUs  02m00.9s/10m00.0s

running (02m01.9s), 010/200 VUs, 114 complete and 0 interrupted iterations
concurrency   [  20% ] 010/200 VUs  02m01.9s/10m00.0s

running (02m02.9s), 010/200 VUs, 114 complete and 0 interrupted iterations
concurrency   [  20% ] 010/200 VUs  02m02.9s/10m00.0s

running (02m03.9s), 011/200 VUs, 114 complete and 0 interrupted iterations
concurrency   [  21% ] 011/200 VUs  02m03.9s/10m00.0s

running (02m04.9s), 011/200 VUs, 122 complete and 0 interrupted iterations
concurrency   [  21% ] 011/200 VUs  02m04.9s/10m00.0s

running (02m05.9s), 011/200 VUs, 124 complete and 0 interrupted iterations
concurrency   [  21% ] 011/200 VUs  02m05.9s/10m00.0s

running (02m06.9s), 012/200 VUs, 124 complete and 0 interrupted iterations
concurrency   [  21% ] 012/200 VUs  02m06.9s/10m00.0s

running (02m07.9s), 012/200 VUs, 124 complete and 0 interrupted iterations
concurrency   [  21% ] 012/200 VUs  02m07.9s/10m00.0s

running (02m08.9s), 012/200 VUs, 124 complete and 0 interrupted iterations
concurrency   [  21% ] 012/200 VUs  02m08.9s/10m00.0s

running (02m09.9s), 013/200 VUs, 124 complete and 0 interrupted iterations
concurrency   [  22% ] 013/200 VUs  02m09.9s/10m00.0s

running (02m10.9s), 013/200 VUs, 130 complete and 0 interrupted iterations
concurrency   [  22% ] 013/200 VUs  02m10.9s/10m00.0s

running (02m11.9s), 013/200 VUs, 136 complete and 0 interrupted iterations
concurrency   [  22% ] 013/200 VUs  02m11.9s/10m00.0s

running (02m12.9s), 014/200 VUs, 136 complete and 0 interrupted iterations
concurrency   [  22% ] 014/200 VUs  02m12.9s/10m00.0s

running (02m13.9s), 014/200 VUs, 137 complete and 0 interrupted iterations
concurrency   [  22% ] 014/200 VUs  02m13.9s/10m00.0s

running (02m14.9s), 014/200 VUs, 137 complete and 0 interrupted iterations
concurrency   [  22% ] 014/200 VUs  02m14.9s/10m00.0s

running (02m15.9s), 015/200 VUs, 137 complete and 0 interrupted iterations
concurrency   [  23% ] 015/200 VUs  02m15.9s/10m00.0s

running (02m16.9s), 015/200 VUs, 143 complete and 0 interrupted iterations
concurrency   [  23% ] 015/200 VUs  02m16.9s/10m00.0s

running (02m17.9s), 015/200 VUs, 150 complete and 0 interrupted iterations
concurrency   [  23% ] 015/200 VUs  02m17.9s/10m00.0s

running (02m18.9s), 016/200 VUs, 151 complete and 0 interrupted iterations
concurrency   [  23% ] 016/200 VUs  02m18.9s/10m00.0s

running (02m19.9s), 016/200 VUs, 152 complete and 0 interrupted iterations
concurrency   [  23% ] 016/200 VUs  02m19.9s/10m00.0s

running (02m20.9s), 016/200 VUs, 152 complete and 0 interrupted iterations
concurrency   [  23% ] 016/200 VUs  02m20.9s/10m00.0s

running (02m21.9s), 017/200 VUs, 152 complete and 0 interrupted iterations
concurrency   [  24% ] 017/200 VUs  02m21.9s/10m00.0s

running (02m22.9s), 017/200 VUs, 152 complete and 0 interrupted iterations
concurrency   [  24% ] 017/200 VUs  02m22.9s/10m00.0s

running (02m23.9s), 017/200 VUs, 156 complete and 0 interrupted iterations
concurrency   [  24% ] 017/200 VUs  02m23.9s/10m00.0s

running (02m24.9s), 018/200 VUs, 159 complete and 0 interrupted iterations
concurrency   [  24% ] 018/200 VUs  02m24.9s/10m00.0s

running (02m25.9s), 018/200 VUs, 165 complete and 0 interrupted iterations
concurrency   [  24% ] 018/200 VUs  02m25.9s/10m00.0s

running (02m26.9s), 018/200 VUs, 169 complete and 0 interrupted iterations
concurrency   [  24% ] 018/200 VUs  02m26.9s/10m00.0s

running (02m27.9s), 019/200 VUs, 169 complete and 0 interrupted iterations
concurrency   [  25% ] 019/200 VUs  02m27.9s/10m00.0s

running (02m28.9s), 019/200 VUs, 170 complete and 0 interrupted iterations
concurrency   [  25% ] 019/200 VUs  02m28.9s/10m00.0s

running (02m29.9s), 019/200 VUs, 173 complete and 0 interrupted iterations
concurrency   [  25% ] 019/200 VUs  02m29.9s/10m00.0s

running (02m30.9s), 020/200 VUs, 173 complete and 0 interrupted iterations
concurrency   [  25% ] 020/200 VUs  02m30.9s/10m00.0s

running (02m31.9s), 020/200 VUs, 173 complete and 0 interrupted iterations
concurrency   [  25% ] 020/200 VUs  02m31.9s/10m00.0s

running (02m32.9s), 020/200 VUs, 173 complete and 0 interrupted iterations
concurrency   [  25% ] 020/200 VUs  02m32.9s/10m00.0s

running (02m33.9s), 021/200 VUs, 176 complete and 0 interrupted iterations
concurrency   [  26% ] 021/200 VUs  02m33.9s/10m00.0s

running (02m34.9s), 021/200 VUs, 184 complete and 0 interrupted iterations
concurrency   [  26% ] 021/200 VUs  02m34.9s/10m00.0s

running (02m35.9s), 021/200 VUs, 186 complete and 0 interrupted iterations
concurrency   [  26% ] 021/200 VUs  02m35.9s/10m00.0s

running (02m36.9s), 022/200 VUs, 193 complete and 0 interrupted iterations
concurrency   [  26% ] 022/200 VUs  02m36.9s/10m00.0s

running (02m37.9s), 022/200 VUs, 193 complete and 0 interrupted iterations
concurrency   [  26% ] 022/200 VUs  02m37.9s/10m00.0s

running (02m38.9s), 022/200 VUs, 193 complete and 0 interrupted iterations
concurrency   [  26% ] 022/200 VUs  02m38.9s/10m00.0s

running (02m39.9s), 023/200 VUs, 194 complete and 0 interrupted iterations
concurrency   [  27% ] 023/200 VUs  02m39.9s/10m00.0s

running (02m40.9s), 023/200 VUs, 194 complete and 0 interrupted iterations
concurrency   [  27% ] 023/200 VUs  02m40.9s/10m00.0s

running (02m41.9s), 023/200 VUs, 194 complete and 0 interrupted iterations
concurrency   [  27% ] 023/200 VUs  02m41.9s/10m00.0s

running (02m42.9s), 024/200 VUs, 198 complete and 0 interrupted iterations
concurrency   [  27% ] 024/200 VUs  02m42.9s/10m00.0s

running (02m43.9s), 024/200 VUs, 208 complete and 0 interrupted iterations
concurrency   [  27% ] 024/200 VUs  02m43.9s/10m00.0s

running (02m44.9s), 024/200 VUs, 209 complete and 0 interrupted iterations
concurrency   [  27% ] 024/200 VUs  02m44.9s/10m00.0s

running (02m45.9s), 025/200 VUs, 215 complete and 0 interrupted iterations
concurrency   [  28% ] 025/200 VUs  02m45.9s/10m00.0s

running (02m46.9s), 025/200 VUs, 217 complete and 0 interrupted iterations
concurrency   [  28% ] 025/200 VUs  02m46.9s/10m00.0s

running (02m47.9s), 025/200 VUs, 218 complete and 0 interrupted iterations
concurrency   [  28% ] 025/200 VUs  02m47.9s/10m00.0s

running (02m48.9s), 026/200 VUs, 218 complete and 0 interrupted iterations
concurrency   [  28% ] 026/200 VUs  02m48.9s/10m00.0s

running (02m49.9s), 026/200 VUs, 218 complete and 0 interrupted iterations
concurrency   [  28% ] 026/200 VUs  02m49.9s/10m00.0s

running (02m50.9s), 026/200 VUs, 218 complete and 0 interrupted iterations
concurrency   [  28% ] 026/200 VUs  02m50.9s/10m00.0s

running (02m51.9s), 027/200 VUs, 218 complete and 0 interrupted iterations
concurrency   [  29% ] 027/200 VUs  02m51.9s/10m00.0s

running (02m52.9s), 027/200 VUs, 224 complete and 0 interrupted iterations
concurrency   [  29% ] 027/200 VUs  02m52.9s/10m00.0s

running (02m53.9s), 027/200 VUs, 233 complete and 0 interrupted iterations
concurrency   [  29% ] 027/200 VUs  02m53.9s/10m00.0s

running (02m54.9s), 028/200 VUs, 233 complete and 0 interrupted iterations
concurrency   [  29% ] 028/200 VUs  02m54.9s/10m00.0s

running (02m55.9s), 028/200 VUs, 241 complete and 0 interrupted iterations
concurrency   [  29% ] 028/200 VUs  02m55.9s/10m00.0s

running (02m56.9s), 028/200 VUs, 245 complete and 0 interrupted iterations
concurrency   [  29% ] 028/200 VUs  02m56.9s/10m00.0s

running (02m57.9s), 029/200 VUs, 245 complete and 0 interrupted iterations
concurrency   [  30% ] 029/200 VUs  02m57.9s/10m00.0s

running (02m58.9s), 029/200 VUs, 245 complete and 0 interrupted iterations
concurrency   [  30% ] 029/200 VUs  02m58.9s/10m00.0s

running (02m59.9s), 029/200 VUs, 245 complete and 0 interrupted iterations
concurrency   [  30% ] 029/200 VUs  02m59.9s/10m00.0s

running (03m00.9s), 030/200 VUs, 245 complete and 0 interrupted iterations
concurrency   [  30% ] 030/200 VUs  03m00.9s/10m00.0s

running (03m01.9s), 030/200 VUs, 245 complete and 0 interrupted iterations
concurrency   [  30% ] 030/200 VUs  03m01.9s/10m00.0s

running (03m02.9s), 030/200 VUs, 245 complete and 0 interrupted iterations
concurrency   [  30% ] 030/200 VUs  03m02.9s/10m00.0s

running (03m03.9s), 031/200 VUs, 253 complete and 0 interrupted iterations
concurrency   [  31% ] 031/200 VUs  03m03.9s/10m00.0s

running (03m04.9s), 031/200 VUs, 261 complete and 0 interrupted iterations
concurrency   [  31% ] 031/200 VUs  03m04.9s/10m00.0s

running (03m05.9s), 031/200 VUs, 262 complete and 0 interrupted iterations
concurrency   [  31% ] 031/200 VUs  03m05.9s/10m00.0s

running (03m06.9s), 032/200 VUs, 267 complete and 0 interrupted iterations
concurrency   [  31% ] 032/200 VUs  03m06.9s/10m00.0s

running (03m07.9s), 032/200 VUs, 275 complete and 0 interrupted iterations
concurrency   [  31% ] 032/200 VUs  03m07.9s/10m00.0s

running (03m08.9s), 032/200 VUs, 275 complete and 0 interrupted iterations
concurrency   [  31% ] 032/200 VUs  03m08.9s/10m00.0s

running (03m09.9s), 033/200 VUs, 275 complete and 0 interrupted iterations
concurrency   [  32% ] 033/200 VUs  03m09.9s/10m00.0s

running (03m10.9s), 033/200 VUs, 275 complete and 0 interrupted iterations
concurrency   [  32% ] 033/200 VUs  03m10.9s/10m00.0s

running (03m11.9s), 033/200 VUs, 275 complete and 0 interrupted iterations
concurrency   [  32% ] 033/200 VUs  03m11.9s/10m00.0s

running (03m12.9s), 034/200 VUs, 277 complete and 0 interrupted iterations
concurrency   [  32% ] 034/200 VUs  03m12.9s/10m00.0s

running (03m13.9s), 034/200 VUs, 284 complete and 0 interrupted iterations
concurrency   [  32% ] 034/200 VUs  03m13.9s/10m00.0s

running (03m14.9s), 034/200 VUs, 284 complete and 0 interrupted iterations
concurrency   [  32% ] 034/200 VUs  03m14.9s/10m00.0s

running (03m15.9s), 035/200 VUs, 285 complete and 0 interrupted iterations
concurrency   [  33% ] 035/200 VUs  03m15.9s/10m00.0s

running (03m16.9s), 035/200 VUs, 295 complete and 0 interrupted iterations
concurrency   [  33% ] 035/200 VUs  03m16.9s/10m00.0s

running (03m17.9s), 035/200 VUs, 304 complete and 0 interrupted iterations
concurrency   [  33% ] 035/200 VUs  03m17.9s/10m00.0s

running (03m18.9s), 036/200 VUs, 308 complete and 0 interrupted iterations
concurrency   [  33% ] 036/200 VUs  03m18.9s/10m00.0s

running (03m19.9s), 036/200 VUs, 309 complete and 0 interrupted iterations
concurrency   [  33% ] 036/200 VUs  03m19.9s/10m00.0s

running (03m20.9s), 036/200 VUs, 309 complete and 0 interrupted iterations
concurrency   [  33% ] 036/200 VUs  03m20.9s/10m00.0s

running (03m21.9s), 037/200 VUs, 312 complete and 0 interrupted iterations
concurrency   [  34% ] 037/200 VUs  03m21.9s/10m00.0s

running (03m22.9s), 037/200 VUs, 319 complete and 0 interrupted iterations
concurrency   [  34% ] 037/200 VUs  03m22.9s/10m00.0s

running (03m23.9s), 037/200 VUs, 320 complete and 0 interrupted iterations
concurrency   [  34% ] 037/200 VUs  03m23.9s/10m00.0s

running (03m24.9s), 038/200 VUs, 322 complete and 0 interrupted iterations
concurrency   [  34% ] 038/200 VUs  03m24.9s/10m00.0s

running (03m25.9s), 038/200 VUs, 323 complete and 0 interrupted iterations
concurrency   [  34% ] 038/200 VUs  03m25.9s/10m00.0s

running (03m26.9s), 038/200 VUs, 324 complete and 0 interrupted iterations
concurrency   [  34% ] 038/200 VUs  03m26.9s/10m00.0s

running (03m27.9s), 039/200 VUs, 325 complete and 0 interrupted iterations
concurrency   [  35% ] 039/200 VUs  03m27.9s/10m00.0s

running (03m28.9s), 039/200 VUs, 333 complete and 0 interrupted iterations
concurrency   [  35% ] 039/200 VUs  03m28.9s/10m00.0s

running (03m29.9s), 039/200 VUs, 340 complete and 0 interrupted iterations
concurrency   [  35% ] 039/200 VUs  03m29.9s/10m00.0s

running (03m30.9s), 040/200 VUs, 340 complete and 0 interrupted iterations
concurrency   [  35% ] 040/200 VUs  03m30.9s/10m00.0s

running (03m31.9s), 040/200 VUs, 340 complete and 0 interrupted iterations
concurrency   [  35% ] 040/200 VUs  03m31.9s/10m00.0s

running (03m32.9s), 040/200 VUs, 350 complete and 0 interrupted iterations
concurrency   [  35% ] 040/200 VUs  03m32.9s/10m00.0s

running (03m33.9s), 041/200 VUs, 358 complete and 0 interrupted iterations
concurrency   [  36% ] 041/200 VUs  03m33.9s/10m00.0s

running (03m34.9s), 041/200 VUs, 360 complete and 0 interrupted iterations
concurrency   [  36% ] 041/200 VUs  03m34.9s/10m00.0s

running (03m35.9s), 041/200 VUs, 364 complete and 0 interrupted iterations
concurrency   [  36% ] 041/200 VUs  03m35.9s/10m00.0s

running (03m36.9s), 042/200 VUs, 370 complete and 0 interrupted iterations
concurrency   [  36% ] 042/200 VUs  03m36.9s/10m00.0s

running (03m37.9s), 042/200 VUs, 371 complete and 0 interrupted iterations
concurrency   [  36% ] 042/200 VUs  03m37.9s/10m00.0s

running (03m38.9s), 042/200 VUs, 379 complete and 0 interrupted iterations
concurrency   [  36% ] 042/200 VUs  03m38.9s/10m00.0s

running (03m39.9s), 043/200 VUs, 381 complete and 0 interrupted iterations
concurrency   [  37% ] 043/200 VUs  03m39.9s/10m00.0s

running (03m40.9s), 043/200 VUs, 387 complete and 0 interrupted iterations
concurrency   [  37% ] 043/200 VUs  03m40.9s/10m00.0s

running (03m41.9s), 043/200 VUs, 388 complete and 0 interrupted iterations
concurrency   [  37% ] 043/200 VUs  03m41.9s/10m00.0s

running (03m42.9s), 044/200 VUs, 396 complete and 0 interrupted iterations
concurrency   [  37% ] 044/200 VUs  03m42.9s/10m00.0s

running (03m43.9s), 044/200 VUs, 397 complete and 0 interrupted iterations
concurrency   [  37% ] 044/200 VUs  03m43.9s/10m00.0s

running (03m44.9s), 044/200 VUs, 398 complete and 0 interrupted iterations
concurrency   [  37% ] 044/200 VUs  03m44.9s/10m00.0s

running (03m45.9s), 045/200 VUs, 410 complete and 0 interrupted iterations
concurrency   [  38% ] 045/200 VUs  03m45.9s/10m00.0s

running (03m46.9s), 045/200 VUs, 413 complete and 0 interrupted iterations
concurrency   [  38% ] 045/200 VUs  03m46.9s/10m00.0s

running (03m47.9s), 045/200 VUs, 413 complete and 0 interrupted iterations
concurrency   [  38% ] 045/200 VUs  03m47.9s/10m00.0s

running (03m48.9s), 046/200 VUs, 413 complete and 0 interrupted iterations
concurrency   [  38% ] 046/200 VUs  03m48.9s/10m00.0s

running (03m49.9s), 046/200 VUs, 413 complete and 0 interrupted iterations
concurrency   [  38% ] 046/200 VUs  03m49.9s/10m00.0s

running (03m50.9s), 046/200 VUs, 420 complete and 0 interrupted iterations
concurrency   [  38% ] 046/200 VUs  03m50.9s/10m00.0s

running (03m51.9s), 047/200 VUs, 430 complete and 0 interrupted iterations
concurrency   [  39% ] 047/200 VUs  03m51.9s/10m00.0s

running (03m52.9s), 047/200 VUs, 430 complete and 0 interrupted iterations
concurrency   [  39% ] 047/200 VUs  03m52.9s/10m00.0s

running (03m53.9s), 047/200 VUs, 432 complete and 0 interrupted iterations
concurrency   [  39% ] 047/200 VUs  03m53.9s/10m00.0s

running (03m54.9s), 048/200 VUs, 443 complete and 0 interrupted iterations
concurrency   [  39% ] 048/200 VUs  03m54.9s/10m00.0s

running (03m55.9s), 048/200 VUs, 450 complete and 0 interrupted iterations
concurrency   [  39% ] 048/200 VUs  03m55.9s/10m00.0s

running (03m56.9s), 048/200 VUs, 450 complete and 0 interrupted iterations
concurrency   [  39% ] 048/200 VUs  03m56.9s/10m00.0s

running (03m57.9s), 049/200 VUs, 452 complete and 0 interrupted iterations
concurrency   [  40% ] 049/200 VUs  03m57.9s/10m00.0s

running (03m58.9s), 049/200 VUs, 463 complete and 0 interrupted iterations
concurrency   [  40% ] 049/200 VUs  03m58.9s/10m00.0s

running (03m59.9s), 049/200 VUs, 463 complete and 0 interrupted iterations
concurrency   [  40% ] 049/200 VUs  03m59.9s/10m00.0s

running (04m00.9s), 050/200 VUs, 468 complete and 0 interrupted iterations
concurrency   [  40% ] 050/200 VUs  04m00.9s/10m00.0s

running (04m01.9s), 050/200 VUs, 477 complete and 0 interrupted iterations
concurrency   [  40% ] 050/200 VUs  04m01.9s/10m00.0s

running (04m02.9s), 051/200 VUs, 479 complete and 0 interrupted iterations
concurrency   [  40% ] 051/200 VUs  04m02.9s/10m00.0s

running (04m03.9s), 051/200 VUs, 479 complete and 0 interrupted iterations
concurrency   [  41% ] 051/200 VUs  04m03.9s/10m00.0s

running (04m04.9s), 052/200 VUs, 479 complete and 0 interrupted iterations
concurrency   [  41% ] 052/200 VUs  04m04.9s/10m00.0s

running (04m05.9s), 052/200 VUs, 489 complete and 0 interrupted iterations
concurrency   [  41% ] 052/200 VUs  04m05.9s/10m00.0s

running (04m06.9s), 052/200 VUs, 493 complete and 0 interrupted iterations
concurrency   [  41% ] 052/200 VUs  04m06.9s/10m00.0s

running (04m07.9s), 053/200 VUs, 493 complete and 0 interrupted iterations
concurrency   [  41% ] 053/200 VUs  04m07.9s/10m00.0s

running (04m08.9s), 053/200 VUs, 497 complete and 0 interrupted iterations
concurrency   [  41% ] 053/200 VUs  04m08.9s/10m00.0s

running (04m09.9s), 054/200 VUs, 509 complete and 0 interrupted iterations
concurrency   [  42% ] 054/200 VUs  04m09.9s/10m00.0s

running (04m10.9s), 054/200 VUs, 513 complete and 0 interrupted iterations
concurrency   [  42% ] 054/200 VUs  04m10.9s/10m00.0s

running (04m11.9s), 054/200 VUs, 513 complete and 0 interrupted iterations
concurrency   [  42% ] 054/200 VUs  04m11.9s/10m00.0s

running (04m12.9s), 055/200 VUs, 517 complete and 0 interrupted iterations
concurrency   [  42% ] 055/200 VUs  04m12.9s/10m00.0s

running (04m13.9s), 055/200 VUs, 528 complete and 0 interrupted iterations
concurrency   [  42% ] 055/200 VUs  04m13.9s/10m00.0s

running (04m14.9s), 056/200 VUs, 533 complete and 0 interrupted iterations
concurrency   [  42% ] 056/200 VUs  04m14.9s/10m00.0s

running (04m15.9s), 056/200 VUs, 533 complete and 0 interrupted iterations
concurrency   [  43% ] 056/200 VUs  04m15.9s/10m00.0s

running (04m16.9s), 057/200 VUs, 533 complete and 0 interrupted iterations
concurrency   [  43% ] 057/200 VUs  04m16.9s/10m00.0s

running (04m17.9s), 057/200 VUs, 539 complete and 0 interrupted iterations
concurrency   [  43% ] 057/200 VUs  04m17.9s/10m00.0s

running (04m18.9s), 057/200 VUs, 550 complete and 0 interrupted iterations
concurrency   [  43% ] 057/200 VUs  04m18.9s/10m00.0s

running (04m19.9s), 058/200 VUs, 553 complete and 0 interrupted iterations
concurrency   [  43% ] 058/200 VUs  04m19.9s/10m00.0s

running (04m20.9s), 058/200 VUs, 553 complete and 0 interrupted iterations
concurrency   [  43% ] 058/200 VUs  04m20.9s/10m00.0s

running (04m21.9s), 059/200 VUs, 559 complete and 0 interrupted iterations
concurrency   [  44% ] 059/200 VUs  04m21.9s/10m00.0s

running (04m22.9s), 059/200 VUs, 570 complete and 0 interrupted iterations
concurrency   [  44% ] 059/200 VUs  04m22.9s/10m00.0s

running (04m23.9s), 059/200 VUs, 573 complete and 0 interrupted iterations
concurrency   [  44% ] 059/200 VUs  04m23.9s/10m00.0s

running (04m24.9s), 060/200 VUs, 573 complete and 0 interrupted iterations
concurrency   [  44% ] 060/200 VUs  04m24.9s/10m00.0s

running (04m25.9s), 060/200 VUs, 581 complete and 0 interrupted iterations
concurrency   [  44% ] 060/200 VUs  04m25.9s/10m00.0s

running (04m26.9s), 061/200 VUs, 589 complete and 0 interrupted iterations
concurrency   [  44% ] 061/200 VUs  04m26.9s/10m00.0s

running (04m27.9s), 061/200 VUs, 589 complete and 0 interrupted iterations
concurrency   [  45% ] 061/200 VUs  04m27.9s/10m00.0s

running (04m28.9s), 062/200 VUs, 597 complete and 0 interrupted iterations
concurrency   [  45% ] 062/200 VUs  04m28.9s/10m00.0s

running (04m29.9s), 062/200 VUs, 600 complete and 0 interrupted iterations
concurrency   [  45% ] 062/200 VUs  04m29.9s/10m00.0s

running (04m30.9s), 062/200 VUs, 602 complete and 0 interrupted iterations
concurrency   [  45% ] 062/200 VUs  04m30.9s/10m00.0s

running (04m31.9s), 063/200 VUs, 610 complete and 0 interrupted iterations
concurrency   [  45% ] 063/200 VUs  04m31.9s/10m00.0s

running (04m32.9s), 063/200 VUs, 613 complete and 0 interrupted iterations
concurrency   [  45% ] 063/200 VUs  04m32.9s/10m00.0s

running (04m33.9s), 064/200 VUs, 613 complete and 0 interrupted iterations
concurrency   [  46% ] 064/200 VUs  04m33.9s/10m00.0s

running (04m34.9s), 064/200 VUs, 616 complete and 0 interrupted iterations
concurrency   [  46% ] 064/200 VUs  04m34.9s/10m00.0s

running (04m35.9s), 064/200 VUs, 627 complete and 0 interrupted iterations
concurrency   [  46% ] 064/200 VUs  04m35.9s/10m00.0s

running (04m36.9s), 065/200 VUs, 633 complete and 0 interrupted iterations
concurrency   [  46% ] 065/200 VUs  04m36.9s/10m00.0s

running (04m37.9s), 065/200 VUs, 633 complete and 0 interrupted iterations
concurrency   [  46% ] 065/200 VUs  04m37.9s/10m00.0s

running (04m38.9s), 066/200 VUs, 633 complete and 0 interrupted iterations
concurrency   [  46% ] 066/200 VUs  04m38.9s/10m00.0s

running (04m39.9s), 066/200 VUs, 644 complete and 0 interrupted iterations
concurrency   [  47% ] 066/200 VUs  04m39.9s/10m00.0s

running (04m40.9s), 067/200 VUs, 652 complete and 0 interrupted iterations
concurrency   [  47% ] 067/200 VUs  04m40.9s/10m00.0s

running (04m41.9s), 067/200 VUs, 653 complete and 0 interrupted iterations
concurrency   [  47% ] 067/200 VUs  04m41.9s/10m00.0s

running (04m42.9s), 067/200 VUs, 653 complete and 0 interrupted iterations
concurrency   [  47% ] 067/200 VUs  04m42.9s/10m00.0s

running (04m43.9s), 068/200 VUs, 656 complete and 0 interrupted iterations
concurrency   [  47% ] 068/200 VUs  04m43.9s/10m00.0s

running (04m44.9s), 068/200 VUs, 666 complete and 0 interrupted iterations
concurrency   [  47% ] 068/200 VUs  04m44.9s/10m00.0s

running (04m45.9s), 069/200 VUs, 673 complete and 0 interrupted iterations
concurrency   [  48% ] 069/200 VUs  04m45.9s/10m00.0s

running (04m46.9s), 069/200 VUs, 673 complete and 0 interrupted iterations
concurrency   [  48% ] 069/200 VUs  04m46.9s/10m00.0s

running (04m47.9s), 069/200 VUs, 674 complete and 0 interrupted iterations
concurrency   [  48% ] 069/200 VUs  04m47.9s/10m00.0s

running (04m48.9s), 070/200 VUs, 684 complete and 0 interrupted iterations
concurrency   [  48% ] 070/200 VUs  04m48.9s/10m00.0s

running (04m49.9s), 070/200 VUs, 693 complete and 0 interrupted iterations
concurrency   [  48% ] 070/200 VUs  04m49.9s/10m00.0s

running (04m50.9s), 071/200 VUs, 693 complete and 0 interrupted iterations
concurrency   [  48% ] 071/200 VUs  04m50.9s/10m00.0s

running (04m51.9s), 071/200 VUs, 693 complete and 0 interrupted iterations
concurrency   [  49% ] 071/200 VUs  04m51.9s/10m00.0s

running (04m52.9s), 072/200 VUs, 701 complete and 0 interrupted iterations
concurrency   [  49% ] 072/200 VUs  04m52.9s/10m00.0s

running (04m53.9s), 072/200 VUs, 711 complete and 0 interrupted iterations
concurrency   [  49% ] 072/200 VUs  04m53.9s/10m00.0s

running (04m54.9s), 072/200 VUs, 713 complete and 0 interrupted iterations
concurrency   [  49% ] 072/200 VUs  04m54.9s/10m00.0s

running (04m55.9s), 073/200 VUs, 713 complete and 0 interrupted iterations
concurrency   [  49% ] 073/200 VUs  04m55.9s/10m00.0s

running (04m56.9s), 073/200 VUs, 720 complete and 0 interrupted iterations
concurrency   [  49% ] 073/200 VUs  04m56.9s/10m00.0s

running (04m57.9s), 074/200 VUs, 729 complete and 0 interrupted iterations
concurrency   [  50% ] 074/200 VUs  04m57.9s/10m00.0s

running (04m58.9s), 074/200 VUs, 733 complete and 0 interrupted iterations
concurrency   [  50% ] 074/200 VUs  04m58.9s/10m00.0s

running (04m59.9s), 074/200 VUs, 733 complete and 0 interrupted iterations
concurrency   [  50% ] 074/200 VUs  04m59.9s/10m00.0s

running (05m00.9s), 075/200 VUs, 741 complete and 0 interrupted iterations
concurrency   [  50% ] 075/200 VUs  05m00.9s/10m00.0s

running (05m01.9s), 075/200 VUs, 749 complete and 0 interrupted iterations
concurrency   [  50% ] 075/200 VUs  05m01.9s/10m00.0s

running (05m02.9s), 076/200 VUs, 749 complete and 0 interrupted iterations
concurrency   [  50% ] 076/200 VUs  05m02.9s/10m00.0s

running (05m03.9s), 076/200 VUs, 749 complete and 0 interrupted iterations
concurrency   [  51% ] 076/200 VUs  05m03.9s/10m00.0s

running (05m04.9s), 077/200 VUs, 757 complete and 0 interrupted iterations
concurrency   [  51% ] 077/200 VUs  05m04.9s/10m00.0s

running (05m05.9s), 077/200 VUs, 765 complete and 0 interrupted iterations
concurrency   [  51% ] 077/200 VUs  05m05.9s/10m00.0s

running (05m06.9s), 077/200 VUs, 769 complete and 0 interrupted iterations
concurrency   [  51% ] 077/200 VUs  05m06.9s/10m00.0s

running (05m07.9s), 078/200 VUs, 769 complete and 0 interrupted iterations
concurrency   [  51% ] 078/200 VUs  05m07.9s/10m00.0s

running (05m08.9s), 078/200 VUs, 770 complete and 0 interrupted iterations
concurrency   [  51% ] 078/200 VUs  05m08.9s/10m00.0s

running (05m09.9s), 079/200 VUs, 780 complete and 0 interrupted iterations
concurrency   [  52% ] 079/200 VUs  05m09.9s/10m00.0s

running (05m10.9s), 079/200 VUs, 789 complete and 0 interrupted iterations
concurrency   [  52% ] 079/200 VUs  05m10.9s/10m00.0s

running (05m11.9s), 079/200 VUs, 789 complete and 0 interrupted iterations
concurrency   [  52% ] 079/200 VUs  05m11.9s/10m00.0s

running (05m12.9s), 080/200 VUs, 789 complete and 0 interrupted iterations
concurrency   [  52% ] 080/200 VUs  05m12.9s/10m00.0s

running (05m13.9s), 080/200 VUs, 796 complete and 0 interrupted iterations
concurrency   [  52% ] 080/200 VUs  05m13.9s/10m00.0s

running (05m14.9s), 081/200 VUs, 805 complete and 0 interrupted iterations
concurrency   [  52% ] 081/200 VUs  05m14.9s/10m00.0s

running (05m15.9s), 081/200 VUs, 809 complete and 0 interrupted iterations
concurrency   [  53% ] 081/200 VUs  05m15.9s/10m00.0s

running (05m16.9s), 082/200 VUs, 809 complete and 0 interrupted iterations
concurrency   [  53% ] 082/200 VUs  05m16.9s/10m00.0s

running (05m17.9s), 082/200 VUs, 811 complete and 0 interrupted iterations
concurrency   [  53% ] 082/200 VUs  05m17.9s/10m00.0s

running (05m18.9s), 082/200 VUs, 820 complete and 0 interrupted iterations
concurrency   [  53% ] 082/200 VUs  05m18.9s/10m00.0s

running (05m19.9s), 083/200 VUs, 829 complete and 0 interrupted iterations
concurrency   [  53% ] 083/200 VUs  05m19.9s/10m00.0s

running (05m20.9s), 083/200 VUs, 829 complete and 0 interrupted iterations
concurrency   [  53% ] 083/200 VUs  05m20.9s/10m00.0s

running (05m21.9s), 084/200 VUs, 829 complete and 0 interrupted iterations
concurrency   [  54% ] 084/200 VUs  05m21.9s/10m00.0s

running (05m22.9s), 084/200 VUs, 835 complete and 0 interrupted iterations
concurrency   [  54% ] 084/200 VUs  05m22.9s/10m00.0s

running (05m23.9s), 084/200 VUs, 844 complete and 0 interrupted iterations
concurrency   [  54% ] 084/200 VUs  05m23.9s/10m00.0s

running (05m24.9s), 085/200 VUs, 849 complete and 0 interrupted iterations
concurrency   [  54% ] 085/200 VUs  05m24.9s/10m00.0s

running (05m25.9s), 085/200 VUs, 849 complete and 0 interrupted iterations
concurrency   [  54% ] 085/200 VUs  05m25.9s/10m00.0s

running (05m26.9s), 086/200 VUs, 850 complete and 0 interrupted iterations
concurrency   [  54% ] 086/200 VUs  05m26.9s/10m00.0s

running (05m27.9s), 086/200 VUs, 860 complete and 0 interrupted iterations
concurrency   [  55% ] 086/200 VUs  05m27.9s/10m00.0s

running (05m28.9s), 087/200 VUs, 869 complete and 0 interrupted iterations
concurrency   [  55% ] 087/200 VUs  05m28.9s/10m00.0s

running (05m29.9s), 087/200 VUs, 869 complete and 0 interrupted iterations
concurrency   [  55% ] 087/200 VUs  05m29.9s/10m00.0s

running (05m30.9s), 087/200 VUs, 869 complete and 0 interrupted iterations
concurrency   [  55% ] 087/200 VUs  05m30.9s/10m00.0s

running (05m31.9s), 088/200 VUs, 876 complete and 0 interrupted iterations
concurrency   [  55% ] 088/200 VUs  05m31.9s/10m00.0s

running (05m32.9s), 088/200 VUs, 887 complete and 0 interrupted iterations
concurrency   [  55% ] 088/200 VUs  05m32.9s/10m00.0s

running (05m33.9s), 089/200 VUs, 889 complete and 0 interrupted iterations
concurrency   [  56% ] 089/200 VUs  05m33.9s/10m00.0s

running (05m34.9s), 089/200 VUs, 889 complete and 0 interrupted iterations
concurrency   [  56% ] 089/200 VUs  05m34.9s/10m00.0s

running (05m35.9s), 089/200 VUs, 895 complete and 0 interrupted iterations
concurrency   [  56% ] 089/200 VUs  05m35.9s/10m00.0s

running (05m36.9s), 090/200 VUs, 905 complete and 0 interrupted iterations
concurrency   [  56% ] 090/200 VUs  05m36.9s/10m00.0s

running (05m37.9s), 090/200 VUs, 909 complete and 0 interrupted iterations
concurrency   [  56% ] 090/200 VUs  05m37.9s/10m00.0s

running (05m38.9s), 091/200 VUs, 909 complete and 0 interrupted iterations
concurrency   [  56% ] 091/200 VUs  05m38.9s/10m00.0s

running (05m39.9s), 091/200 VUs, 912 complete and 0 interrupted iterations
concurrency   [  57% ] 091/200 VUs  05m39.9s/10m00.0s

running (05m40.9s), 092/200 VUs, 920 complete and 0 interrupted iterations
concurrency   [  57% ] 092/200 VUs  05m40.9s/10m00.0s

running (05m41.9s), 092/200 VUs, 929 complete and 0 interrupted iterations
concurrency   [  57% ] 092/200 VUs  05m41.9s/10m00.0s

running (05m42.9s), 092/200 VUs, 929 complete and 0 interrupted iterations
concurrency   [  57% ] 092/200 VUs  05m42.9s/10m00.0s

running (05m43.9s), 093/200 VUs, 929 complete and 0 interrupted iterations
concurrency   [  57% ] 093/200 VUs  05m43.9s/10m00.0s

running (05m44.9s), 093/200 VUs, 935 complete and 0 interrupted iterations
concurrency   [  57% ] 093/200 VUs  05m44.9s/10m00.0s

running (05m45.9s), 094/200 VUs, 944 complete and 0 interrupted iterations
concurrency   [  58% ] 094/200 VUs  05m45.9s/10m00.0s

running (05m46.9s), 094/200 VUs, 949 complete and 0 interrupted iterations
concurrency   [  58% ] 094/200 VUs  05m46.9s/10m00.0s

running (05m47.9s), 094/200 VUs, 949 complete and 0 interrupted iterations
concurrency   [  58% ] 094/200 VUs  05m47.9s/10m00.0s

running (05m48.9s), 095/200 VUs, 950 complete and 0 interrupted iterations
concurrency   [  58% ] 095/200 VUs  05m48.9s/10m00.0s

running (05m49.9s), 095/200 VUs, 960 complete and 0 interrupted iterations
concurrency   [  58% ] 095/200 VUs  05m49.9s/10m00.0s

running (05m50.9s), 096/200 VUs, 969 complete and 0 interrupted iterations
concurrency   [  58% ] 096/200 VUs  05m50.9s/10m00.0s

running (05m51.9s), 096/200 VUs, 969 complete and 0 interrupted iterations
concurrency   [  59% ] 096/200 VUs  05m51.9s/10m00.0s

running (05m52.9s), 097/200 VUs, 969 complete and 0 interrupted iterations
concurrency   [  59% ] 097/200 VUs  05m52.9s/10m00.0s

running (05m53.9s), 097/200 VUs, 978 complete and 0 interrupted iterations
concurrency   [  59% ] 097/200 VUs  05m53.9s/10m00.0s

running (05m54.9s), 097/200 VUs, 987 complete and 0 interrupted iterations
concurrency   [  59% ] 097/200 VUs  05m54.9s/10m00.0s

running (05m55.9s), 098/200 VUs, 989 complete and 0 interrupted iterations
concurrency   [  59% ] 098/200 VUs  05m55.9s/10m00.0s

running (05m56.9s), 098/200 VUs, 989 complete and 0 interrupted iterations
concurrency   [  59% ] 098/200 VUs  05m56.9s/10m00.0s

running (05m57.9s), 099/200 VUs, 994 complete and 0 interrupted iterations
concurrency   [  60% ] 099/200 VUs  05m57.9s/10m00.0s

running (05m58.9s), 099/200 VUs, 1002 complete and 0 interrupted iterations
concurrency   [  60% ] 099/200 VUs  05m58.9s/10m00.0s

running (05m59.9s), 099/200 VUs, 1009 complete and 0 interrupted iterations
concurrency   [  60% ] 099/200 VUs  05m59.9s/10m00.0s

running (06m00.9s), 100/200 VUs, 1009 complete and 0 interrupted iterations
concurrency   [  60% ] 100/200 VUs  06m00.9s/10m00.0s

running (06m01.9s), 101/200 VUs, 1009 complete and 0 interrupted iterations
concurrency   [  60% ] 101/200 VUs  06m01.9s/10m00.0s

running (06m02.9s), 102/200 VUs, 1016 complete and 0 interrupted iterations
concurrency   [  60% ] 102/200 VUs  06m02.9s/10m00.0s

running (06m03.9s), 103/200 VUs, 1025 complete and 0 interrupted iterations
concurrency   [  61% ] 103/200 VUs  06m03.9s/10m00.0s

running (06m04.9s), 104/200 VUs, 1029 complete and 0 interrupted iterations
concurrency   [  61% ] 104/200 VUs  06m04.9s/10m00.0s

running (06m05.9s), 104/200 VUs, 1029 complete and 0 interrupted iterations
concurrency   [  61% ] 104/200 VUs  06m05.9s/10m00.0s

running (06m06.9s), 105/200 VUs, 1032 complete and 0 interrupted iterations
concurrency   [  61% ] 105/200 VUs  06m06.9s/10m00.0s

running (06m07.9s), 106/200 VUs, 1043 complete and 0 interrupted iterations
concurrency   [  61% ] 106/200 VUs  06m07.9s/10m00.0s

running (06m08.9s), 107/200 VUs, 1049 complete and 0 interrupted iterations
concurrency   [  61% ] 107/200 VUs  06m08.9s/10m00.0s

running (06m09.9s), 108/200 VUs, 1049 complete and 0 interrupted iterations
concurrency   [  62% ] 108/200 VUs  06m09.9s/10m00.0s

running (06m10.9s), 109/200 VUs, 1049 complete and 0 interrupted iterations
concurrency   [  62% ] 109/200 VUs  06m10.9s/10m00.0s

running (06m11.9s), 109/200 VUs, 1055 complete and 0 interrupted iterations
concurrency   [  62% ] 109/200 VUs  06m11.9s/10m00.0s

running (06m12.9s), 110/200 VUs, 1065 complete and 0 interrupted iterations
concurrency   [  62% ] 110/200 VUs  06m12.9s/10m00.0s

running (06m13.9s), 111/200 VUs, 1069 complete and 0 interrupted iterations
concurrency   [  62% ] 111/200 VUs  06m13.9s/10m00.0s

running (06m14.9s), 112/200 VUs, 1069 complete and 0 interrupted iterations
concurrency   [  62% ] 112/200 VUs  06m14.9s/10m00.0s

running (06m15.9s), 113/200 VUs, 1070 complete and 0 interrupted iterations
concurrency   [  63% ] 113/200 VUs  06m15.9s/10m00.0s

running (06m16.9s), 114/200 VUs, 1080 complete and 0 interrupted iterations
concurrency   [  63% ] 114/200 VUs  06m16.9s/10m00.0s

running (06m17.9s), 114/200 VUs, 1088 complete and 0 interrupted iterations
concurrency   [  63% ] 114/200 VUs  06m17.9s/10m00.0s

running (06m18.9s), 115/200 VUs, 1089 complete and 0 interrupted iterations
concurrency   [  63% ] 115/200 VUs  06m18.9s/10m00.0s

running (06m19.9s), 116/200 VUs, 1089 complete and 0 interrupted iterations
concurrency   [  63% ] 116/200 VUs  06m19.9s/10m00.0s

running (06m20.9s), 117/200 VUs, 1094 complete and 0 interrupted iterations
concurrency   [  63% ] 117/200 VUs  06m20.9s/10m00.0s

running (06m21.9s), 118/200 VUs, 1102 complete and 0 interrupted iterations
concurrency   [  64% ] 118/200 VUs  06m21.9s/10m00.0s

running (06m22.9s), 119/200 VUs, 1109 complete and 0 interrupted iterations
concurrency   [  64% ] 119/200 VUs  06m22.9s/10m00.0s

running (06m23.9s), 119/200 VUs, 1109 complete and 0 interrupted iterations
concurrency   [  64% ] 119/200 VUs  06m23.9s/10m00.0s

running (06m24.9s), 120/200 VUs, 1110 complete and 0 interrupted iterations
concurrency   [  64% ] 120/200 VUs  06m24.9s/10m00.0s

running (06m25.9s), 121/200 VUs, 1119 complete and 0 interrupted iterations
concurrency   [  64% ] 121/200 VUs  06m25.9s/10m00.0s

running (06m26.9s), 122/200 VUs, 1129 complete and 0 interrupted iterations
concurrency   [  64% ] 122/200 VUs  06m26.9s/10m00.0s

running (06m27.9s), 123/200 VUs, 1129 complete and 0 interrupted iterations
concurrency   [  65% ] 123/200 VUs  06m27.9s/10m00.0s

running (06m28.9s), 124/200 VUs, 1129 complete and 0 interrupted iterations
concurrency   [  65% ] 124/200 VUs  06m28.9s/10m00.0s

running (06m29.9s), 124/200 VUs, 1137 complete and 0 interrupted iterations
concurrency   [  65% ] 124/200 VUs  06m29.9s/10m00.0s

running (06m30.9s), 125/200 VUs, 1147 complete and 0 interrupted iterations
concurrency   [  65% ] 125/200 VUs  06m30.9s/10m00.0s

running (06m31.9s), 126/200 VUs, 1149 complete and 0 interrupted iterations
concurrency   [  65% ] 126/200 VUs  06m31.9s/10m00.0s

running (06m32.9s), 127/200 VUs, 1149 complete and 0 interrupted iterations
concurrency   [  65% ] 127/200 VUs  06m32.9s/10m00.0s

running (06m33.9s), 128/200 VUs, 1155 complete and 0 interrupted iterations
concurrency   [  66% ] 128/200 VUs  06m33.9s/10m00.0s

running (06m34.9s), 129/200 VUs, 1164 complete and 0 interrupted iterations
concurrency   [  66% ] 129/200 VUs  06m34.9s/10m00.0s

running (06m35.9s), 129/200 VUs, 1169 complete and 0 interrupted iterations
concurrency   [  66% ] 129/200 VUs  06m35.9s/10m00.0s

running (06m36.9s), 130/200 VUs, 1169 complete and 0 interrupted iterations
concurrency   [  66% ] 130/200 VUs  06m36.9s/10m00.0s

running (06m37.9s), 131/200 VUs, 1169 complete and 0 interrupted iterations
concurrency   [  66% ] 131/200 VUs  06m37.9s/10m00.0s

running (06m38.9s), 132/200 VUs, 1177 complete and 0 interrupted iterations
concurrency   [  66% ] 132/200 VUs  06m38.9s/10m00.0s

running (06m39.9s), 133/200 VUs, 1185 complete and 0 interrupted iterations
concurrency   [  67% ] 133/200 VUs  06m39.9s/10m00.0s

running (06m40.9s), 134/200 VUs, 1189 complete and 0 interrupted iterations
concurrency   [  67% ] 134/200 VUs  06m40.9s/10m00.0s

running (06m41.9s), 134/200 VUs, 1189 complete and 0 interrupted iterations
concurrency   [  67% ] 134/200 VUs  06m41.9s/10m00.0s

running (06m42.9s), 135/200 VUs, 1193 complete and 0 interrupted iterations
concurrency   [  67% ] 135/200 VUs  06m42.9s/10m00.0s

running (06m43.9s), 136/200 VUs, 1203 complete and 0 interrupted iterations
concurrency   [  67% ] 136/200 VUs  06m43.9s/10m00.0s

running (06m44.9s), 137/200 VUs, 1209 complete and 0 interrupted iterations
concurrency   [  67% ] 137/200 VUs  06m44.9s/10m00.0s

running (06m45.9s), 138/200 VUs, 1209 complete and 0 interrupted iterations
concurrency   [  68% ] 138/200 VUs  06m45.9s/10m00.0s

running (06m46.9s), 139/200 VUs, 1209 complete and 0 interrupted iterations
concurrency   [  68% ] 139/200 VUs  06m46.9s/10m00.0s

running (06m47.9s), 139/200 VUs, 1215 complete and 0 interrupted iterations
concurrency   [  68% ] 139/200 VUs  06m47.9s/10m00.0s

running (06m48.9s), 140/200 VUs, 1225 complete and 0 interrupted iterations
concurrency   [  68% ] 140/200 VUs  06m48.9s/10m00.0s

running (06m49.9s), 141/200 VUs, 1229 complete and 0 interrupted iterations
concurrency   [  68% ] 141/200 VUs  06m49.9s/10m00.0s

running (06m50.9s), 142/200 VUs, 1229 complete and 0 interrupted iterations
concurrency   [  68% ] 142/200 VUs  06m50.9s/10m00.0s

running (06m51.9s), 143/200 VUs, 1231 complete and 0 interrupted iterations
concurrency   [  69% ] 143/200 VUs  06m51.9s/10m00.0s

running (06m52.9s), 144/200 VUs, 1240 complete and 0 interrupted iterations
concurrency   [  69% ] 144/200 VUs  06m52.9s/10m00.0s

running (06m53.9s), 144/200 VUs, 1249 complete and 0 interrupted iterations
concurrency   [  69% ] 144/200 VUs  06m53.9s/10m00.0s

running (06m54.9s), 145/200 VUs, 1249 complete and 0 interrupted iterations
concurrency   [  69% ] 145/200 VUs  06m54.9s/10m00.0s

running (06m55.9s), 146/200 VUs, 1249 complete and 0 interrupted iterations
concurrency   [  69% ] 146/200 VUs  06m55.9s/10m00.0s

running (06m56.9s), 147/200 VUs, 1257 complete and 0 interrupted iterations
concurrency   [  69% ] 147/200 VUs  06m56.9s/10m00.0s

running (06m57.9s), 148/200 VUs, 1267 complete and 0 interrupted iterations
concurrency   [  70% ] 148/200 VUs  06m57.9s/10m00.0s

running (06m58.9s), 149/200 VUs, 1269 complete and 0 interrupted iterations
concurrency   [  70% ] 149/200 VUs  06m58.9s/10m00.0s

running (06m59.9s), 149/200 VUs, 1269 complete and 0 interrupted iterations
concurrency   [  70% ] 149/200 VUs  06m59.9s/10m00.0s

running (07m00.9s), 150/200 VUs, 1274 complete and 0 interrupted iterations
concurrency   [  70% ] 150/200 VUs  07m00.9s/10m00.0s

running (07m01.9s), 151/200 VUs, 1279 complete and 0 interrupted iterations
concurrency   [  70% ] 151/200 VUs  07m01.9s/10m00.0s

running (07m02.9s), 152/200 VUs, 1289 complete and 0 interrupted iterations
concurrency   [  70% ] 152/200 VUs  07m02.9s/10m00.0s

running (07m03.9s), 153/200 VUs, 1289 complete and 0 interrupted iterations
concurrency   [  71% ] 153/200 VUs  07m03.9s/10m00.0s

running (07m04.9s), 154/200 VUs, 1289 complete and 0 interrupted iterations
concurrency   [  71% ] 154/200 VUs  07m04.9s/10m00.0s

running (07m05.9s), 154/200 VUs, 1297 complete and 0 interrupted iterations
concurrency   [  71% ] 154/200 VUs  07m05.9s/10m00.0s

running (07m06.9s), 155/200 VUs, 1303 complete and 0 interrupted iterations
concurrency   [  71% ] 155/200 VUs  07m06.9s/10m00.0s

running (07m07.9s), 156/200 VUs, 1309 complete and 0 interrupted iterations
concurrency   [  71% ] 156/200 VUs  07m07.9s/10m00.0s

running (07m08.9s), 157/200 VUs, 1309 complete and 0 interrupted iterations
concurrency   [  71% ] 157/200 VUs  07m08.9s/10m00.0s

running (07m09.9s), 158/200 VUs, 1314 complete and 0 interrupted iterations
concurrency   [  72% ] 158/200 VUs  07m09.9s/10m00.0s

running (07m10.9s), 159/200 VUs, 1321 complete and 0 interrupted iterations
concurrency   [  72% ] 159/200 VUs  07m10.9s/10m00.0s

running (07m11.9s), 159/200 VUs, 1329 complete and 0 interrupted iterations
concurrency   [  72% ] 159/200 VUs  07m11.9s/10m00.0s

running (07m12.9s), 160/200 VUs, 1329 complete and 0 interrupted iterations
concurrency   [  72% ] 160/200 VUs  07m12.9s/10m00.0s

running (07m13.9s), 161/200 VUs, 1330 complete and 0 interrupted iterations
concurrency   [  72% ] 161/200 VUs  07m13.9s/10m00.0s

running (07m14.9s), 162/200 VUs, 1338 complete and 0 interrupted iterations
concurrency   [  72% ] 162/200 VUs  07m14.9s/10m00.0s

running (07m15.9s), 163/200 VUs, 1346 complete and 0 interrupted iterations
concurrency   [  73% ] 163/200 VUs  07m15.9s/10m00.0s

running (07m16.9s), 164/200 VUs, 1349 complete and 0 interrupted iterations
concurrency   [  73% ] 164/200 VUs  07m16.9s/10m00.0s

running (07m17.9s), 164/200 VUs, 1349 complete and 0 interrupted iterations
concurrency   [  73% ] 164/200 VUs  07m17.9s/10m00.0s

running (07m18.9s), 165/200 VUs, 1354 complete and 0 interrupted iterations
concurrency   [  73% ] 165/200 VUs  07m18.9s/10m00.0s

running (07m19.9s), 166/200 VUs, 1362 complete and 0 interrupted iterations
concurrency   [  73% ] 166/200 VUs  07m19.9s/10m00.0s

running (07m20.9s), 167/200 VUs, 1369 complete and 0 interrupted iterations
concurrency   [  73% ] 167/200 VUs  07m20.9s/10m00.0s

running (07m21.9s), 168/200 VUs, 1369 complete and 0 interrupted iterations
concurrency   [  74% ] 168/200 VUs  07m21.9s/10m00.0s

running (07m22.9s), 169/200 VUs, 1370 complete and 0 interrupted iterations
concurrency   [  74% ] 169/200 VUs  07m22.9s/10m00.0s

running (07m23.9s), 169/200 VUs, 1380 complete and 0 interrupted iterations
concurrency   [  74% ] 169/200 VUs  07m23.9s/10m00.0s

running (07m24.9s), 170/200 VUs, 1389 complete and 0 interrupted iterations
concurrency   [  74% ] 170/200 VUs  07m24.9s/10m00.0s

running (07m25.9s), 171/200 VUs, 1389 complete and 0 interrupted iterations
concurrency   [  74% ] 171/200 VUs  07m25.9s/10m00.0s

running (07m26.9s), 172/200 VUs, 1390 complete and 0 interrupted iterations
concurrency   [  74% ] 172/200 VUs  07m26.9s/10m00.0s

running (07m27.9s), 173/200 VUs, 1394 complete and 0 interrupted iterations
concurrency   [  75% ] 173/200 VUs  07m27.9s/10m00.0s

running (07m28.9s), 174/200 VUs, 1401 complete and 0 interrupted iterations
concurrency   [  75% ] 174/200 VUs  07m28.9s/10m00.0s

running (07m29.9s), 174/200 VUs, 1409 complete and 0 interrupted iterations
concurrency   [  75% ] 174/200 VUs  07m29.9s/10m00.0s

running (07m30.9s), 175/200 VUs, 1409 complete and 0 interrupted iterations
concurrency   [  75% ] 175/200 VUs  07m30.9s/10m00.0s

running (07m31.9s), 176/200 VUs, 1409 complete and 0 interrupted iterations
concurrency   [  75% ] 176/200 VUs  07m31.9s/10m00.0s

running (07m32.9s), 177/200 VUs, 1416 complete and 0 interrupted iterations
concurrency   [  75% ] 177/200 VUs  07m32.9s/10m00.0s

running (07m33.9s), 178/200 VUs, 1425 complete and 0 interrupted iterations
concurrency   [  76% ] 178/200 VUs  07m33.9s/10m00.0s

running (07m34.9s), 179/200 VUs, 1429 complete and 0 interrupted iterations
concurrency   [  76% ] 179/200 VUs  07m34.9s/10m00.0s

running (07m35.9s), 179/200 VUs, 1429 complete and 0 interrupted iterations
concurrency   [  76% ] 179/200 VUs  07m35.9s/10m00.0s

running (07m36.9s), 180/200 VUs, 1438 complete and 0 interrupted iterations
concurrency   [  76% ] 180/200 VUs  07m36.9s/10m00.0s

running (07m37.9s), 181/200 VUs, 1443 complete and 0 interrupted iterations
concurrency   [  76% ] 181/200 VUs  07m37.9s/10m00.0s

running (07m38.9s), 182/200 VUs, 1449 complete and 0 interrupted iterations
concurrency   [  76% ] 182/200 VUs  07m38.9s/10m00.0s

running (07m39.9s), 183/200 VUs, 1449 complete and 0 interrupted iterations
concurrency   [  77% ] 183/200 VUs  07m39.9s/10m00.0s

running (07m40.9s), 184/200 VUs, 1458 complete and 0 interrupted iterations
concurrency   [  77% ] 184/200 VUs  07m40.9s/10m00.0s

running (07m41.9s), 184/200 VUs, 1458 complete and 0 interrupted iterations
concurrency   [  77% ] 184/200 VUs  07m41.9s/10m00.0s

running (07m42.9s), 185/200 VUs, 1466 complete and 0 interrupted iterations
concurrency   [  77% ] 185/200 VUs  07m42.9s/10m00.0s

running (07m43.9s), 186/200 VUs, 1472 complete and 0 interrupted iterations
concurrency   [  77% ] 186/200 VUs  07m43.9s/10m00.0s

running (07m44.9s), 187/200 VUs, 1472 complete and 0 interrupted iterations
concurrency   [  77% ] 187/200 VUs  07m44.9s/10m00.0s

running (07m45.9s), 188/200 VUs, 1482 complete and 0 interrupted iterations
concurrency   [  78% ] 188/200 VUs  07m45.9s/10m00.0s

running (07m46.9s), 189/200 VUs, 1492 complete and 0 interrupted iterations
concurrency   [  78% ] 189/200 VUs  07m46.9s/10m00.0s

running (07m47.9s), 189/200 VUs, 1499 complete and 0 interrupted iterations
concurrency   [  78% ] 189/200 VUs  07m47.9s/10m00.0s

running (07m48.9s), 190/200 VUs, 1507 complete and 0 interrupted iterations
concurrency   [  78% ] 190/200 VUs  07m48.9s/10m00.0s

running (07m49.9s), 191/200 VUs, 1507 complete and 0 interrupted iterations
concurrency   [  78% ] 191/200 VUs  07m49.9s/10m00.0s

running (07m50.9s), 192/200 VUs, 1513 complete and 0 interrupted iterations
concurrency   [  78% ] 192/200 VUs  07m50.9s/10m00.0s

running (07m51.9s), 193/200 VUs, 1520 complete and 0 interrupted iterations
concurrency   [  79% ] 193/200 VUs  07m51.9s/10m00.0s

running (07m52.9s), 194/200 VUs, 1528 complete and 0 interrupted iterations
concurrency   [  79% ] 194/200 VUs  07m52.9s/10m00.0s

running (07m53.9s), 194/200 VUs, 1536 complete and 0 interrupted iterations
concurrency   [  79% ] 194/200 VUs  07m53.9s/10m00.0s

running (07m54.9s), 195/200 VUs, 1537 complete and 0 interrupted iterations
concurrency   [  79% ] 195/200 VUs  07m54.9s/10m00.0s

running (07m55.9s), 196/200 VUs, 1541 complete and 0 interrupted iterations
concurrency   [  79% ] 196/200 VUs  07m55.9s/10m00.0s

running (07m56.9s), 197/200 VUs, 1547 complete and 0 interrupted iterations
concurrency   [  79% ] 197/200 VUs  07m56.9s/10m00.0s

running (07m57.9s), 198/200 VUs, 1556 complete and 0 interrupted iterations
concurrency   [  80% ] 198/200 VUs  07m57.9s/10m00.0s

running (07m58.9s), 199/200 VUs, 1557 complete and 0 interrupted iterations
concurrency   [  80% ] 199/200 VUs  07m58.9s/10m00.0s

running (07m59.9s), 199/200 VUs, 1561 complete and 0 interrupted iterations
concurrency   [  80% ] 199/200 VUs  07m59.9s/10m00.0s

running (08m00.9s), 200/200 VUs, 1561 complete and 0 interrupted iterations
concurrency   [  80% ] 200/200 VUs  08m00.9s/10m00.0s

running (08m01.9s), 200/200 VUs, 1567 complete and 0 interrupted iterations
concurrency   [  80% ] 200/200 VUs  08m01.9s/10m00.0s

running (08m02.9s), 200/200 VUs, 1568 complete and 0 interrupted iterations
concurrency   [  80% ] 200/200 VUs  08m02.9s/10m00.0s

running (08m03.9s), 200/200 VUs, 1568 complete and 0 interrupted iterations
concurrency   [  81% ] 200/200 VUs  08m03.9s/10m00.0s

running (08m04.9s), 200/200 VUs, 1568 complete and 0 interrupted iterations
concurrency   [  81% ] 200/200 VUs  08m04.9s/10m00.0s

running (08m05.9s), 200/200 VUs, 1585 complete and 0 interrupted iterations
concurrency   [  81% ] 200/200 VUs  08m05.9s/10m00.0s

running (08m06.9s), 200/200 VUs, 1591 complete and 0 interrupted iterations
concurrency   [  81% ] 200/200 VUs  08m06.9s/10m00.0s

running (08m07.9s), 200/200 VUs, 1604 complete and 0 interrupted iterations
concurrency   [  81% ] 200/200 VUs  08m07.9s/10m00.0s

running (08m08.9s), 200/200 VUs, 1608 complete and 0 interrupted iterations
concurrency   [  81% ] 200/200 VUs  08m08.9s/10m00.0s

running (08m09.9s), 200/200 VUs, 1608 complete and 0 interrupted iterations
concurrency   [  82% ] 200/200 VUs  08m09.9s/10m00.0s

running (08m10.9s), 200/200 VUs, 1613 complete and 0 interrupted iterations
concurrency   [  82% ] 200/200 VUs  08m10.9s/10m00.0s

running (08m11.9s), 200/200 VUs, 1621 complete and 0 interrupted iterations
concurrency   [  82% ] 200/200 VUs  08m11.9s/10m00.0s

running (08m12.9s), 200/200 VUs, 1621 complete and 0 interrupted iterations
concurrency   [  82% ] 200/200 VUs  08m12.9s/10m00.0s

running (08m13.9s), 200/200 VUs, 1632 complete and 0 interrupted iterations
concurrency   [  82% ] 200/200 VUs  08m13.9s/10m00.0s

running (08m14.9s), 200/200 VUs, 1632 complete and 0 interrupted iterations
concurrency   [  82% ] 200/200 VUs  08m14.9s/10m00.0s

running (08m15.9s), 200/200 VUs, 1642 complete and 0 interrupted iterations
concurrency   [  83% ] 200/200 VUs  08m15.9s/10m00.0s

running (08m16.9s), 200/200 VUs, 1642 complete and 0 interrupted iterations
concurrency   [  83% ] 200/200 VUs  08m16.9s/10m00.0s

running (08m17.9s), 200/200 VUs, 1647 complete and 0 interrupted iterations
concurrency   [  83% ] 200/200 VUs  08m17.9s/10m00.0s

running (08m18.9s), 200/200 VUs, 1659 complete and 0 interrupted iterations
concurrency   [  83% ] 200/200 VUs  08m18.9s/10m00.0s

running (08m19.9s), 200/200 VUs, 1669 complete and 0 interrupted iterations
concurrency   [  83% ] 200/200 VUs  08m19.9s/10m00.0s

running (08m20.9s), 200/200 VUs, 1673 complete and 0 interrupted iterations
concurrency   [  83% ] 200/200 VUs  08m20.9s/10m00.0s

running (08m21.9s), 200/200 VUs, 1682 complete and 0 interrupted iterations
concurrency   [  84% ] 200/200 VUs  08m21.9s/10m00.0s

running (08m22.9s), 200/200 VUs, 1692 complete and 0 interrupted iterations
concurrency   [  84% ] 200/200 VUs  08m22.9s/10m00.0s

running (08m23.9s), 200/200 VUs, 1702 complete and 0 interrupted iterations
concurrency   [  84% ] 200/200 VUs  08m23.9s/10m00.0s

running (08m24.9s), 200/200 VUs, 1706 complete and 0 interrupted iterations
concurrency   [  84% ] 200/200 VUs  08m24.9s/10m00.0s

running (08m25.9s), 200/200 VUs, 1714 complete and 0 interrupted iterations
concurrency   [  84% ] 200/200 VUs  08m25.9s/10m00.0s

running (08m26.9s), 200/200 VUs, 1718 complete and 0 interrupted iterations
concurrency   [  84% ] 200/200 VUs  08m26.9s/10m00.0s

running (08m27.9s), 200/200 VUs, 1718 complete and 0 interrupted iterations
concurrency   [  85% ] 200/200 VUs  08m27.9s/10m00.0s

running (08m28.9s), 200/200 VUs, 1732 complete and 0 interrupted iterations
concurrency   [  85% ] 200/200 VUs  08m28.9s/10m00.0s

running (08m29.9s), 200/200 VUs, 1737 complete and 0 interrupted iterations
concurrency   [  85% ] 200/200 VUs  08m29.9s/10m00.0s

running (08m30.9s), 200/200 VUs, 1746 complete and 0 interrupted iterations
concurrency   [  85% ] 200/200 VUs  08m30.9s/10m00.0s

running (08m31.9s), 200/200 VUs, 1750 complete and 0 interrupted iterations
concurrency   [  85% ] 200/200 VUs  08m31.9s/10m00.0s

running (08m32.9s), 200/200 VUs, 1756 complete and 0 interrupted iterations
concurrency   [  85% ] 200/200 VUs  08m32.9s/10m00.0s

running (08m33.9s), 200/200 VUs, 1756 complete and 0 interrupted iterations
concurrency   [  86% ] 200/200 VUs  08m33.9s/10m00.0s

running (08m34.9s), 200/200 VUs, 1761 complete and 0 interrupted iterations
concurrency   [  86% ] 200/200 VUs  08m34.9s/10m00.0s

running (08m35.9s), 200/200 VUs, 1761 complete and 0 interrupted iterations
concurrency   [  86% ] 200/200 VUs  08m35.9s/10m00.0s

running (08m36.9s), 200/200 VUs, 1768 complete and 0 interrupted iterations
concurrency   [  86% ] 200/200 VUs  08m36.9s/10m00.0s

running (08m37.9s), 200/200 VUs, 1768 complete and 0 interrupted iterations
concurrency   [  86% ] 200/200 VUs  08m37.9s/10m00.0s

running (08m38.9s), 200/200 VUs, 1768 complete and 0 interrupted iterations
concurrency   [  86% ] 200/200 VUs  08m38.9s/10m00.0s

running (08m39.9s), 200/200 VUs, 1768 complete and 0 interrupted iterations
concurrency   [  87% ] 200/200 VUs  08m39.9s/10m00.0s

running (08m40.9s), 200/200 VUs, 1768 complete and 0 interrupted iterations
concurrency   [  87% ] 200/200 VUs  08m40.9s/10m00.0s

running (08m41.9s), 200/200 VUs, 1768 complete and 0 interrupted iterations
concurrency   [  87% ] 200/200 VUs  08m41.9s/10m00.0s

running (08m42.9s), 200/200 VUs, 1783 complete and 0 interrupted iterations
concurrency   [  87% ] 200/200 VUs  08m42.9s/10m00.0s

running (08m43.9s), 200/200 VUs, 1793 complete and 0 interrupted iterations
concurrency   [  87% ] 200/200 VUs  08m43.9s/10m00.0s

running (08m44.9s), 200/200 VUs, 1816 complete and 0 interrupted iterations
concurrency   [  87% ] 200/200 VUs  08m44.9s/10m00.0s

running (08m45.9s), 200/200 VUs, 1819 complete and 0 interrupted iterations
concurrency   [  88% ] 200/200 VUs  08m45.9s/10m00.0s

running (08m46.9s), 200/200 VUs, 1823 complete and 0 interrupted iterations
concurrency   [  88% ] 200/200 VUs  08m46.9s/10m00.0s

running (08m47.9s), 200/200 VUs, 1823 complete and 0 interrupted iterations
concurrency   [  88% ] 200/200 VUs  08m47.9s/10m00.0s

running (08m48.9s), 200/200 VUs, 1832 complete and 0 interrupted iterations
concurrency   [  88% ] 200/200 VUs  08m48.9s/10m00.0s

running (08m49.9s), 200/200 VUs, 1832 complete and 0 interrupted iterations
concurrency   [  88% ] 200/200 VUs  08m49.9s/10m00.0s

running (08m50.9s), 200/200 VUs, 1842 complete and 0 interrupted iterations
concurrency   [  88% ] 200/200 VUs  08m50.9s/10m00.0s

running (08m51.9s), 200/200 VUs, 1842 complete and 0 interrupted iterations
concurrency   [  89% ] 200/200 VUs  08m51.9s/10m00.0s

running (08m52.9s), 200/200 VUs, 1845 complete and 0 interrupted iterations
concurrency   [  89% ] 200/200 VUs  08m52.9s/10m00.0s

running (08m53.9s), 200/200 VUs, 1847 complete and 0 interrupted iterations
concurrency   [  89% ] 200/200 VUs  08m53.9s/10m00.0s

running (08m54.9s), 200/200 VUs, 1847 complete and 0 interrupted iterations
concurrency   [  89% ] 200/200 VUs  08m54.9s/10m00.0s

running (08m55.9s), 200/200 VUs, 1856 complete and 0 interrupted iterations
concurrency   [  89% ] 200/200 VUs  08m55.9s/10m00.0s

running (08m56.9s), 200/200 VUs, 1867 complete and 0 interrupted iterations
concurrency   [  89% ] 200/200 VUs  08m56.9s/10m00.0s

running (08m57.9s), 200/200 VUs, 1870 complete and 0 interrupted iterations
concurrency   [  90% ] 200/200 VUs  08m57.9s/10m00.0s

running (08m58.9s), 200/200 VUs, 1885 complete and 0 interrupted iterations
concurrency   [  90% ] 200/200 VUs  08m58.9s/10m00.0s

running (08m59.9s), 200/200 VUs, 1902 complete and 0 interrupted iterations
concurrency   [  90% ] 200/200 VUs  08m59.9s/10m00.0s

running (09m00.9s), 200/200 VUs, 1902 complete and 0 interrupted iterations
concurrency   [  90% ] 200/200 VUs  09m00.9s/10m00.0s

running (09m01.9s), 200/200 VUs, 1902 complete and 0 interrupted iterations
concurrency   [  90% ] 200/200 VUs  09m01.9s/10m00.0s

running (09m02.9s), 200/200 VUs, 1918 complete and 0 interrupted iterations
concurrency   [  90% ] 200/200 VUs  09m02.9s/10m00.0s

running (09m03.9s), 200/200 VUs, 1924 complete and 0 interrupted iterations
concurrency   [  91% ] 200/200 VUs  09m03.9s/10m00.0s

running (09m04.9s), 200/200 VUs, 1928 complete and 0 interrupted iterations
concurrency   [  91% ] 200/200 VUs  09m04.9s/10m00.0s

running (09m05.9s), 200/200 VUs, 1928 complete and 0 interrupted iterations
concurrency   [  91% ] 200/200 VUs  09m05.9s/10m00.0s

running (09m06.9s), 200/200 VUs, 1943 complete and 0 interrupted iterations
concurrency   [  91% ] 200/200 VUs  09m06.9s/10m00.0s

running (09m07.9s), 200/200 VUs, 1956 complete and 0 interrupted iterations
concurrency   [  91% ] 200/200 VUs  09m07.9s/10m00.0s

running (09m08.9s), 200/200 VUs, 1956 complete and 0 interrupted iterations
concurrency   [  91% ] 200/200 VUs  09m08.9s/10m00.0s

running (09m09.9s), 200/200 VUs, 1961 complete and 0 interrupted iterations
concurrency   [  92% ] 200/200 VUs  09m09.9s/10m00.0s

running (09m10.9s), 200/200 VUs, 1968 complete and 0 interrupted iterations
concurrency   [  92% ] 200/200 VUs  09m10.9s/10m00.0s

running (09m11.9s), 200/200 VUs, 1968 complete and 0 interrupted iterations
concurrency   [  92% ] 200/200 VUs  09m11.9s/10m00.0s

running (09m12.9s), 200/200 VUs, 1968 complete and 0 interrupted iterations
concurrency   [  92% ] 200/200 VUs  09m12.9s/10m00.0s

running (09m13.9s), 200/200 VUs, 1968 complete and 0 interrupted iterations
concurrency   [  92% ] 200/200 VUs  09m13.9s/10m00.0s

running (09m14.9s), 200/200 VUs, 1968 complete and 0 interrupted iterations
concurrency   [  92% ] 200/200 VUs  09m14.9s/10m00.0s

running (09m15.9s), 200/200 VUs, 1968 complete and 0 interrupted iterations
concurrency   [  93% ] 200/200 VUs  09m15.9s/10m00.0s

running (09m16.9s), 200/200 VUs, 1973 complete and 0 interrupted iterations
concurrency   [  93% ] 200/200 VUs  09m16.9s/10m00.0s

running (09m17.9s), 200/200 VUs, 1981 complete and 0 interrupted iterations
concurrency   [  93% ] 200/200 VUs  09m17.9s/10m00.0s

running (09m18.9s), 200/200 VUs, 1987 complete and 0 interrupted iterations
concurrency   [  93% ] 200/200 VUs  09m18.9s/10m00.0s

running (09m19.9s), 200/200 VUs, 2006 complete and 0 interrupted iterations
concurrency   [  93% ] 200/200 VUs  09m19.9s/10m00.0s

running (09m20.9s), 200/200 VUs, 2016 complete and 0 interrupted iterations
concurrency   [  93% ] 200/200 VUs  09m20.9s/10m00.0s

running (09m21.9s), 200/200 VUs, 2027 complete and 0 interrupted iterations
concurrency   [  94% ] 200/200 VUs  09m21.9s/10m00.0s

running (09m22.9s), 200/200 VUs, 2027 complete and 0 interrupted iterations
concurrency   [  94% ] 200/200 VUs  09m22.9s/10m00.0s

running (09m23.9s), 200/200 VUs, 2032 complete and 0 interrupted iterations
concurrency   [  94% ] 200/200 VUs  09m23.9s/10m00.0s

running (09m24.9s), 200/200 VUs, 2032 complete and 0 interrupted iterations
concurrency   [  94% ] 200/200 VUs  09m24.9s/10m00.0s

running (09m25.9s), 200/200 VUs, 2032 complete and 0 interrupted iterations
concurrency   [  94% ] 200/200 VUs  09m25.9s/10m00.0s

running (09m26.9s), 200/200 VUs, 2045 complete and 0 interrupted iterations
concurrency   [  94% ] 200/200 VUs  09m26.9s/10m00.0s

running (09m27.9s), 200/200 VUs, 2047 complete and 0 interrupted iterations
concurrency   [  95% ] 200/200 VUs  09m27.9s/10m00.0s

running (09m28.9s), 200/200 VUs, 2048 complete and 0 interrupted iterations
concurrency   [  95% ] 200/200 VUs  09m28.9s/10m00.0s

running (09m29.9s), 200/200 VUs, 2049 complete and 0 interrupted iterations
concurrency   [  95% ] 200/200 VUs  09m29.9s/10m00.0s

running (09m30.9s), 200/200 VUs, 2049 complete and 0 interrupted iterations
concurrency   [  95% ] 200/200 VUs  09m30.9s/10m00.0s

running (09m31.9s), 200/200 VUs, 2063 complete and 0 interrupted iterations
concurrency   [  95% ] 200/200 VUs  09m31.9s/10m00.0s

running (09m32.9s), 200/200 VUs, 2072 complete and 0 interrupted iterations
concurrency   [  95% ] 200/200 VUs  09m32.9s/10m00.0s

running (09m33.9s), 200/200 VUs, 2082 complete and 0 interrupted iterations
concurrency   [  96% ] 200/200 VUs  09m33.9s/10m00.0s

running (09m34.9s), 200/200 VUs, 2094 complete and 0 interrupted iterations
concurrency   [  96% ] 200/200 VUs  09m34.9s/10m00.0s

running (09m35.9s), 200/200 VUs, 2107 complete and 0 interrupted iterations
concurrency   [  96% ] 200/200 VUs  09m35.9s/10m00.0s

running (09m36.9s), 200/200 VUs, 2113 complete and 0 interrupted iterations
concurrency   [  96% ] 200/200 VUs  09m36.9s/10m00.0s

running (09m37.9s), 200/200 VUs, 2118 complete and 0 interrupted iterations
concurrency   [  96% ] 200/200 VUs  09m37.9s/10m00.0s

running (09m38.9s), 200/200 VUs, 2118 complete and 0 interrupted iterations
concurrency   [  96% ] 200/200 VUs  09m38.9s/10m00.0s

running (09m39.9s), 200/200 VUs, 2128 complete and 0 interrupted iterations
concurrency   [  97% ] 200/200 VUs  09m39.9s/10m00.0s

running (09m40.9s), 200/200 VUs, 2142 complete and 0 interrupted iterations
concurrency   [  97% ] 200/200 VUs  09m40.9s/10m00.0s

running (09m41.9s), 200/200 VUs, 2142 complete and 0 interrupted iterations
concurrency   [  97% ] 200/200 VUs  09m41.9s/10m00.0s

running (09m42.9s), 200/200 VUs, 2148 complete and 0 interrupted iterations
concurrency   [  97% ] 200/200 VUs  09m42.9s/10m00.0s

running (09m43.9s), 200/200 VUs, 2161 complete and 0 interrupted iterations
concurrency   [  97% ] 200/200 VUs  09m43.9s/10m00.0s

running (09m44.9s), 200/200 VUs, 2168 complete and 0 interrupted iterations
concurrency   [  97% ] 200/200 VUs  09m44.9s/10m00.0s

running (09m45.9s), 200/200 VUs, 2168 complete and 0 interrupted iterations
concurrency   [  98% ] 200/200 VUs  09m45.9s/10m00.0s

running (09m46.9s), 200/200 VUs, 2168 complete and 0 interrupted iterations
concurrency   [  98% ] 200/200 VUs  09m46.9s/10m00.0s

running (09m47.9s), 200/200 VUs, 2168 complete and 0 interrupted iterations
concurrency   [  98% ] 200/200 VUs  09m47.9s/10m00.0s

running (09m48.9s), 200/200 VUs, 2168 complete and 0 interrupted iterations
concurrency   [  98% ] 200/200 VUs  09m48.9s/10m00.0s

running (09m49.9s), 200/200 VUs, 2168 complete and 0 interrupted iterations
concurrency   [  98% ] 200/200 VUs  09m49.9s/10m00.0s

running (09m50.9s), 200/200 VUs, 2171 complete and 0 interrupted iterations
concurrency   [  98% ] 200/200 VUs  09m50.9s/10m00.0s

running (09m51.9s), 200/200 VUs, 2174 complete and 0 interrupted iterations
concurrency   [  99% ] 200/200 VUs  09m51.9s/10m00.0s

running (09m52.9s), 200/200 VUs, 2180 complete and 0 interrupted iterations
concurrency   [  99% ] 200/200 VUs  09m52.9s/10m00.0s

running (09m53.9s), 200/200 VUs, 2180 complete and 0 interrupted iterations
concurrency   [  99% ] 200/200 VUs  09m53.9s/10m00.0s

running (09m54.9s), 200/200 VUs, 2180 complete and 0 interrupted iterations
concurrency   [  99% ] 200/200 VUs  09m54.9s/10m00.0s

running (09m55.9s), 200/200 VUs, 2200 complete and 0 interrupted iterations
concurrency   [  99% ] 200/200 VUs  09m55.9s/10m00.0s

running (09m56.9s), 200/200 VUs, 2222 complete and 0 interrupted iterations
concurrency   [  99% ] 200/200 VUs  09m56.9s/10m00.0s

running (09m57.9s), 200/200 VUs, 2232 complete and 0 interrupted iterations
concurrency   [ 100% ] 200/200 VUs  09m57.9s/10m00.0s

running (09m58.9s), 200/200 VUs, 2232 complete and 0 interrupted iterations
concurrency   [ 100% ] 200/200 VUs  09m58.9s/10m00.0s

running (09m59.9s), 200/200 VUs, 2232 complete and 0 interrupted iterations
concurrency   [ 100% ] 200/200 VUs  09m59.9s/10m00.0s

running (10m00.9s), 200/200 VUs, 2232 complete and 0 interrupted iterations
concurrency ↓ [ 100% ] 200/200 VUs  10m0s

running (10m01.9s), 200/200 VUs, 2232 complete and 0 interrupted iterations
concurrency ↓ [ 100% ] 200/200 VUs  10m0s

running (10m02.9s), 183/200 VUs, 2249 complete and 0 interrupted iterations
concurrency ↓ [ 100% ] 200/200 VUs  10m0s

running (10m03.9s), 183/200 VUs, 2249 complete and 0 interrupted iterations
concurrency ↓ [ 100% ] 200/200 VUs  10m0s

running (10m04.9s), 183/200 VUs, 2249 complete and 0 interrupted iterations
concurrency ↓ [ 100% ] 200/200 VUs  10m0s

running (10m05.9s), 183/200 VUs, 2249 complete and 0 interrupted iterations
concurrency ↓ [ 100% ] 200/200 VUs  10m0s

running (10m06.9s), 175/200 VUs, 2257 complete and 0 interrupted iterations
concurrency ↓ [ 100% ] 200/200 VUs  10m0s

running (10m07.9s), 169/200 VUs, 2263 complete and 0 interrupted iterations
concurrency ↓ [ 100% ] 200/200 VUs  10m0s

running (10m08.9s), 160/200 VUs, 2272 complete and 0 interrupted iterations
concurrency ↓ [ 100% ] 200/200 VUs  10m0s

running (10m09.9s), 154/200 VUs, 2278 complete and 0 interrupted iterations
concurrency ↓ [ 100% ] 200/200 VUs  10m0s

running (10m10.9s), 150/200 VUs, 2282 complete and 0 interrupted iterations
concurrency ↓ [ 100% ] 200/200 VUs  10m0s

running (10m11.9s), 130/200 VUs, 2302 complete and 0 interrupted iterations
concurrency ↓ [ 100% ] 200/200 VUs  10m0s

running (10m12.9s), 114/200 VUs, 2318 complete and 0 interrupted iterations
concurrency ↓ [ 100% ] 200/200 VUs  10m0s

running (10m13.9s), 107/200 VUs, 2325 complete and 0 interrupted iterations
concurrency ↓ [ 100% ] 200/200 VUs  10m0s

running (10m14.9s), 102/200 VUs, 2330 complete and 0 interrupted iterations
concurrency ↓ [ 100% ] 200/200 VUs  10m0s

running (10m15.9s), 094/200 VUs, 2338 complete and 0 interrupted iterations
concurrency ↓ [ 100% ] 200/200 VUs  10m0s

running (10m16.9s), 089/200 VUs, 2343 complete and 0 interrupted iterations
concurrency ↓ [ 100% ] 200/200 VUs  10m0s

running (10m17.9s), 076/200 VUs, 2356 complete and 0 interrupted iterations
concurrency ↓ [ 100% ] 200/200 VUs  10m0s

running (10m18.9s), 076/200 VUs, 2356 complete and 0 interrupted iterations
concurrency ↓ [ 100% ] 200/200 VUs  10m0s

running (10m19.9s), 064/200 VUs, 2368 complete and 0 interrupted iterations
concurrency ↓ [ 100% ] 200/200 VUs  10m0s

running (10m20.9s), 064/200 VUs, 2368 complete and 0 interrupted iterations
concurrency ↓ [ 100% ] 200/200 VUs  10m0s

running (10m21.9s), 064/200 VUs, 2368 complete and 0 interrupted iterations
concurrency ↓ [ 100% ] 200/200 VUs  10m0s

running (10m22.9s), 064/200 VUs, 2368 complete and 0 interrupted iterations
concurrency ↓ [ 100% ] 200/200 VUs  10m0s

running (10m23.9s), 064/200 VUs, 2368 complete and 0 interrupted iterations
concurrency ↓ [ 100% ] 200/200 VUs  10m0s

running (10m24.9s), 064/200 VUs, 2368 complete and 0 interrupted iterations
concurrency ↓ [ 100% ] 200/200 VUs  10m0s

running (10m25.9s), 052/200 VUs, 2380 complete and 0 interrupted iterations
concurrency ↓ [ 100% ] 200/200 VUs  10m0s

running (10m26.9s), 052/200 VUs, 2380 complete and 0 interrupted iterations
concurrency ↓ [ 100% ] 200/200 VUs  10m0s

running (10m27.9s), 049/200 VUs, 2383 complete and 0 interrupted iterations
concurrency ↓ [ 100% ] 200/200 VUs  10m0s

running (10m28.9s), 049/200 VUs, 2383 complete and 0 interrupted iterations
concurrency ↓ [ 100% ] 200/200 VUs  10m0s

running (10m29.9s), 049/200 VUs, 2383 complete and 0 interrupted iterations
concurrency ↓ [ 100% ] 200/200 VUs  10m0s

================ DSP benchmark summary ================
-- per-phase latency --
  catalog                    p50=112.4 ms  p95=409.1 ms  p99=583.4 ms  max=882.7 ms  n=2432
  negotiation init (POST)    p50=9.2 ms  p95=107.7 ms  p99=129.6 ms  max=255.9 ms  n=2432
  time-to-AGREED (async)     p50=4169.0 ms  p95=6217.2 ms  p99=6991.0 ms  max=7557.0 ms  n=2432
  transfer init (POST)       p50=68.0 ms  p95=133.6 ms  p99=208.6 ms  max=343.6 ms  n=2432
  time-to-EDR (async)        p50=10362.5 ms  p95=27574.8 ms  p99=29571.2 ms  max=30147.0 ms  n=1438
  data pull                  p50=26.1 ms  p95=46.1 ms  p99=48.2 ms  max=63.6 ms  n=1438
-- end-to-end + throughput --
  e2e transaction            p50=14322.5 ms  p95=31334.1 ms  p99=33387.7 ms  max=35463.0 ms  n=1438
  data throughput (MB/s)     p50=0.2  p95=0.2  p99=0.2  max=0.2  n=1438
-- outcomes --
  transactions succeeded     count=1438  rate=2.282/s
  transactions failed        count=945  rate=1.500/s
  failed rate                rate=39.66%  (pass=945 fail=1438)
-- observer effect (poll load) --
  negotiation polls          count=42079  rate=66.791/s
  edr polls                  count=189883  rate=301.396/s
=======================================================
(full summary -> /home/rohitj/edc/benchmarking-factoryx-edc/resources/local-fx-mvd/k6-scripts/results/factoryx/concurrency-closed/2026-07-29T16-19-17Z/k6-summary.json; POLL_INTERVAL_MS=250; IDENTITY_MODE=on)

running (10m30.0s), 000/200 VUs, 2383 complete and 49 interrupted iterations
concurrency ✓ [ 100% ] 049/200 VUs  10m0s
Prometheus snapshot [1785342023..1785342668] svc=(provider-controlplane|provider-dataplane|consumer-controlplane|consumer-dataplane) win=1m -> /home/rohitj/edc/benchmarking-factoryx-edc/resources/local-fx-mvd/k6-scripts/results/factoryx/concurrency-closed/2026-07-29T16-19-17Z
  jvm-heap.csv (520 rows)
  jvm-gc-rate.csv (520 rows)
  jvm-threads.csv (520 rows)
  http-throughput.csv (520 rows)
  http-p95.csv (520 rows)
  http-errors.csv (260 rows)
  host-cpu-busy.csv (130 rows)
  host-mem-used.csv (130 rows)
>>> done: /home/rohitj/edc/benchmarking-factoryx-edc/resources/local-fx-mvd/k6-scripts/results/factoryx/concurrency-closed/2026-07-29T16-19-17Z  (k6 exit 0)
----- factoryx / saturation-open (rep 2) -----
>>> factoryx / saturation-open  ->  /home/rohitj/edc/benchmarking-factoryx-edc/resources/local-fx-mvd/k6-scripts/results/factoryx/saturation-open/2026-07-29T16-31-08Z
parity OK: lib/ + scenarios/ identical to /home/rohitj/edc/benchmarking-factoryx-edc/resources/local-fx-mvd/k6-scripts
Health: http://localhost:29010/management + prometheus  OK
Warmup 60s @ 2/s (discarded)
  (warmup non-zero exit ignored)

         /\      Grafana   /‾‾/  
    /\  /  \     |\  __   /  /   
   /  \/    \    | |/ /  /   ‾‾\ 
  /          \   |   (  |  (‾)  |
 / __________ \  |_|\_\  \_____/ 


     execution: local
        script: /home/rohitj/edc/benchmarking-factoryx-edc/resources/local-fx-mvd/k6-scripts/scenarios/saturation-open.js
        output: -

     scenarios: (100.00%) 1 scenario, 800 max VUs, 12m30s max duration (incl. graceful stop):
              * saturation: Up to 40.00 iterations/s for 12m0s over 6 stages (maxVUs: 100-800, gracefulStop: 30s)


running (00m01.0s), 000/100 VUs, 0 complete and 0 interrupted iterations
saturation   [   0% ] 000/100 VUs  00m01.0s/12m0s  01.00 iters/s

running (00m02.0s), 001/100 VUs, 0 complete and 0 interrupted iterations
saturation   [   0% ] 001/100 VUs  00m02.0s/12m0s  01.01 iters/s

running (00m03.0s), 002/100 VUs, 0 complete and 0 interrupted iterations
saturation   [   0% ] 002/100 VUs  00m03.0s/12m0s  01.02 iters/s

running (00m04.0s), 004/100 VUs, 0 complete and 0 interrupted iterations
saturation   [   1% ] 004/100 VUs  00m04.0s/12m0s  01.04 iters/s

running (00m05.0s), 004/100 VUs, 1 complete and 0 interrupted iterations
saturation   [   1% ] 004/100 VUs  00m05.0s/12m0s  01.04 iters/s

running (00m06.0s), 005/100 VUs, 1 complete and 0 interrupted iterations
saturation   [   1% ] 005/100 VUs  00m06.0s/12m0s  01.05 iters/s

running (00m07.0s), 005/100 VUs, 2 complete and 0 interrupted iterations
saturation   [   1% ] 005/100 VUs  00m07.0s/12m0s  01.06 iters/s

running (00m08.0s), 006/100 VUs, 2 complete and 0 interrupted iterations
saturation   [   1% ] 006/100 VUs  00m08.0s/12m0s  01.07 iters/s

running (00m09.0s), 005/100 VUs, 4 complete and 0 interrupted iterations
saturation   [   1% ] 005/100 VUs  00m09.0s/12m0s  01.08 iters/s

running (00m10.0s), 004/100 VUs, 6 complete and 0 interrupted iterations
saturation   [   1% ] 004/100 VUs  00m10.0s/12m0s  01.08 iters/s

running (00m11.0s), 005/100 VUs, 6 complete and 0 interrupted iterations
saturation   [   2% ] 005/100 VUs  00m11.0s/12m0s  01.09 iters/s

running (00m12.0s), 005/100 VUs, 7 complete and 0 interrupted iterations
saturation   [   2% ] 005/100 VUs  00m12.0s/12m0s  01.10 iters/s

running (00m13.0s), 005/100 VUs, 8 complete and 0 interrupted iterations
saturation   [   2% ] 005/100 VUs  00m13.0s/12m0s  01.11 iters/s

running (00m14.0s), 005/100 VUs, 9 complete and 0 interrupted iterations
saturation   [   2% ] 005/100 VUs  00m14.0s/12m0s  01.11 iters/s

running (00m15.0s), 005/100 VUs, 10 complete and 0 interrupted iterations
saturation   [   2% ] 005/100 VUs  00m15.0s/12m0s  01.12 iters/s

running (00m16.0s), 006/100 VUs, 11 complete and 0 interrupted iterations
saturation   [   2% ] 006/100 VUs  00m16.0s/12m0s  01.14 iters/s

running (00m17.0s), 005/100 VUs, 13 complete and 0 interrupted iterations
saturation   [   2% ] 005/100 VUs  00m17.0s/12m0s  01.14 iters/s

running (00m18.0s), 006/100 VUs, 13 complete and 0 interrupted iterations
saturation   [   2% ] 006/100 VUs  00m18.0s/12m0s  01.15 iters/s

running (00m19.0s), 005/100 VUs, 15 complete and 0 interrupted iterations
saturation   [   3% ] 005/100 VUs  00m19.0s/12m0s  01.16 iters/s

running (00m20.0s), 006/100 VUs, 15 complete and 0 interrupted iterations
saturation   [   3% ] 006/100 VUs  00m20.0s/12m0s  01.17 iters/s

running (00m21.0s), 005/100 VUs, 17 complete and 0 interrupted iterations
saturation   [   3% ] 005/100 VUs  00m21.0s/12m0s  01.17 iters/s

running (00m22.0s), 005/100 VUs, 18 complete and 0 interrupted iterations
saturation   [   3% ] 005/100 VUs  00m22.0s/12m0s  01.18 iters/s

running (00m23.0s), 006/100 VUs, 19 complete and 0 interrupted iterations
saturation   [   3% ] 006/100 VUs  00m23.0s/12m0s  01.19 iters/s

running (00m24.0s), 006/100 VUs, 20 complete and 0 interrupted iterations
saturation   [   3% ] 006/100 VUs  00m24.0s/12m0s  01.20 iters/s

running (00m25.0s), 006/100 VUs, 21 complete and 0 interrupted iterations
saturation   [   3% ] 006/100 VUs  00m25.0s/12m0s  01.21 iters/s

running (00m26.0s), 005/100 VUs, 23 complete and 0 interrupted iterations
saturation   [   4% ] 005/100 VUs  00m26.0s/12m0s  01.21 iters/s

running (00m27.0s), 005/100 VUs, 24 complete and 0 interrupted iterations
saturation   [   4% ] 005/100 VUs  00m27.0s/12m0s  01.22 iters/s

running (00m28.0s), 007/100 VUs, 24 complete and 0 interrupted iterations
saturation   [   4% ] 007/100 VUs  00m28.0s/12m0s  01.23 iters/s

running (00m29.0s), 006/100 VUs, 26 complete and 0 interrupted iterations
saturation   [   4% ] 006/100 VUs  00m29.0s/12m0s  01.24 iters/s

running (00m30.0s), 006/100 VUs, 27 complete and 0 interrupted iterations
saturation   [   4% ] 006/100 VUs  00m30.0s/12m0s  01.25 iters/s

running (00m31.0s), 007/100 VUs, 27 complete and 0 interrupted iterations
saturation   [   4% ] 007/100 VUs  00m31.0s/12m0s  01.25 iters/s

running (00m32.0s), 007/100 VUs, 29 complete and 0 interrupted iterations
saturation   [   4% ] 007/100 VUs  00m32.0s/12m0s  01.27 iters/s

running (00m33.0s), 006/100 VUs, 31 complete and 0 interrupted iterations
saturation   [   5% ] 006/100 VUs  00m33.0s/12m0s  01.27 iters/s

running (00m34.0s), 007/100 VUs, 31 complete and 0 interrupted iterations
saturation   [   5% ] 007/100 VUs  00m34.0s/12m0s  01.28 iters/s

running (00m35.0s), 006/100 VUs, 34 complete and 0 interrupted iterations
saturation   [   5% ] 006/100 VUs  00m35.0s/12m0s  01.29 iters/s

running (00m36.0s), 007/100 VUs, 34 complete and 0 interrupted iterations
saturation   [   5% ] 007/100 VUs  00m36.0s/12m0s  01.30 iters/s

running (00m37.0s), 006/100 VUs, 36 complete and 0 interrupted iterations
saturation   [   5% ] 006/100 VUs  00m37.0s/12m0s  01.31 iters/s

running (00m38.0s), 006/100 VUs, 37 complete and 0 interrupted iterations
saturation   [   5% ] 006/100 VUs  00m38.0s/12m0s  01.31 iters/s

running (00m39.0s), 006/100 VUs, 39 complete and 0 interrupted iterations
saturation   [   5% ] 006/100 VUs  00m39.0s/12m0s  01.33 iters/s

running (00m40.0s), 007/100 VUs, 39 complete and 0 interrupted iterations
saturation   [   6% ] 007/100 VUs  00m40.0s/12m0s  01.33 iters/s

running (00m41.0s), 007/100 VUs, 40 complete and 0 interrupted iterations
saturation   [   6% ] 007/100 VUs  00m41.0s/12m0s  01.34 iters/s

running (00m42.0s), 007/100 VUs, 42 complete and 0 interrupted iterations
saturation   [   6% ] 007/100 VUs  00m42.0s/12m0s  01.35 iters/s

running (00m43.0s), 008/100 VUs, 42 complete and 0 interrupted iterations
saturation   [   6% ] 008/100 VUs  00m43.0s/12m0s  01.36 iters/s

running (00m44.0s), 006/100 VUs, 46 complete and 0 interrupted iterations
saturation   [   6% ] 006/100 VUs  00m44.0s/12m0s  01.37 iters/s

running (00m45.0s), 007/100 VUs, 46 complete and 0 interrupted iterations
saturation   [   6% ] 007/100 VUs  00m45.0s/12m0s  01.38 iters/s

running (00m46.0s), 007/100 VUs, 47 complete and 0 interrupted iterations
saturation   [   6% ] 007/100 VUs  00m46.0s/12m0s  01.38 iters/s

running (00m47.0s), 007/100 VUs, 49 complete and 0 interrupted iterations
saturation   [   7% ] 007/100 VUs  00m47.0s/12m0s  01.39 iters/s

running (00m48.0s), 006/100 VUs, 51 complete and 0 interrupted iterations
saturation   [   7% ] 006/100 VUs  00m48.0s/12m0s  01.40 iters/s

running (00m49.0s), 007/100 VUs, 51 complete and 0 interrupted iterations
saturation   [   7% ] 007/100 VUs  00m49.0s/12m0s  01.41 iters/s

running (00m50.0s), 007/100 VUs, 53 complete and 0 interrupted iterations
saturation   [   7% ] 007/100 VUs  00m50.0s/12m0s  01.42 iters/s

running (00m51.0s), 006/100 VUs, 55 complete and 0 interrupted iterations
saturation   [   7% ] 006/100 VUs  00m51.0s/12m0s  01.42 iters/s

running (00m52.0s), 008/100 VUs, 55 complete and 0 interrupted iterations
saturation   [   7% ] 008/100 VUs  00m52.0s/12m0s  01.43 iters/s

running (00m53.0s), 008/100 VUs, 56 complete and 0 interrupted iterations
saturation   [   7% ] 008/100 VUs  00m53.0s/12m0s  01.44 iters/s

running (00m54.0s), 008/100 VUs, 58 complete and 0 interrupted iterations
saturation   [   7% ] 008/100 VUs  00m54.0s/12m0s  01.45 iters/s

running (00m55.0s), 007/100 VUs, 60 complete and 0 interrupted iterations
saturation   [   8% ] 007/100 VUs  00m55.0s/12m0s  01.46 iters/s

running (00m56.0s), 007/100 VUs, 62 complete and 0 interrupted iterations
saturation   [   8% ] 007/100 VUs  00m56.0s/12m0s  01.47 iters/s

running (00m57.0s), 006/100 VUs, 64 complete and 0 interrupted iterations
saturation   [   8% ] 006/100 VUs  00m57.0s/12m0s  01.47 iters/s

running (00m58.0s), 006/100 VUs, 65 complete and 0 interrupted iterations
saturation   [   8% ] 006/100 VUs  00m58.0s/12m0s  01.48 iters/s

running (00m59.0s), 008/100 VUs, 65 complete and 0 interrupted iterations
saturation   [   8% ] 008/100 VUs  00m59.0s/12m0s  01.49 iters/s

running (01m00.0s), 007/100 VUs, 67 complete and 0 interrupted iterations
saturation   [   8% ] 007/100 VUs  01m00.0s/12m0s  01.50 iters/s

running (01m01.0s), 009/100 VUs, 67 complete and 0 interrupted iterations
saturation   [   8% ] 009/100 VUs  01m01.0s/12m0s  01.51 iters/s

running (01m02.0s), 008/100 VUs, 69 complete and 0 interrupted iterations
saturation   [   9% ] 008/100 VUs  01m02.0s/12m0s  01.51 iters/s

running (01m03.0s), 009/100 VUs, 70 complete and 0 interrupted iterations
saturation   [   9% ] 009/100 VUs  01m03.0s/12m0s  01.52 iters/s

running (01m04.0s), 008/100 VUs, 73 complete and 0 interrupted iterations
saturation   [   9% ] 008/100 VUs  01m04.0s/12m0s  01.54 iters/s

running (01m05.0s), 007/100 VUs, 75 complete and 0 interrupted iterations
saturation   [   9% ] 007/100 VUs  01m05.0s/12m0s  01.54 iters/s

running (01m06.0s), 009/100 VUs, 75 complete and 0 interrupted iterations
saturation   [   9% ] 009/100 VUs  01m06.0s/12m0s  01.55 iters/s

running (01m07.0s), 008/100 VUs, 77 complete and 0 interrupted iterations
saturation   [   9% ] 008/100 VUs  01m07.0s/12m0s  01.56 iters/s

running (01m08.0s), 008/100 VUs, 79 complete and 0 interrupted iterations
saturation   [   9% ] 008/100 VUs  01m08.0s/12m0s  01.57 iters/s

running (01m09.0s), 009/100 VUs, 79 complete and 0 interrupted iterations
saturation   [  10% ] 009/100 VUs  01m09.0s/12m0s  01.57 iters/s

running (01m10.0s), 009/100 VUs, 81 complete and 0 interrupted iterations
saturation   [  10% ] 009/100 VUs  01m10.0s/12m0s  01.58 iters/s

running (01m11.0s), 008/100 VUs, 83 complete and 0 interrupted iterations
saturation   [  10% ] 008/100 VUs  01m11.0s/12m0s  01.59 iters/s

running (01m12.0s), 010/100 VUs, 83 complete and 0 interrupted iterations
saturation   [  10% ] 010/100 VUs  01m12.0s/12m0s  01.60 iters/s

running (01m13.0s), 008/100 VUs, 87 complete and 0 interrupted iterations
saturation   [  10% ] 008/100 VUs  01m13.0s/12m0s  01.61 iters/s

running (01m14.0s), 009/100 VUs, 87 complete and 0 interrupted iterations
saturation   [  10% ] 009/100 VUs  01m14.0s/12m0s  01.62 iters/s

running (01m15.0s), 007/100 VUs, 91 complete and 0 interrupted iterations
saturation   [  10% ] 007/100 VUs  01m15.0s/12m0s  01.63 iters/s

running (01m16.0s), 008/100 VUs, 91 complete and 0 interrupted iterations
saturation   [  11% ] 008/100 VUs  01m16.0s/12m0s  01.63 iters/s

running (01m17.0s), 008/100 VUs, 93 complete and 0 interrupted iterations
saturation   [  11% ] 008/100 VUs  01m17.0s/12m0s  01.64 iters/s

running (01m18.0s), 008/100 VUs, 95 complete and 0 interrupted iterations
saturation   [  11% ] 008/100 VUs  01m18.0s/12m0s  01.65 iters/s

running (01m19.0s), 009/100 VUs, 95 complete and 0 interrupted iterations
saturation   [  11% ] 009/100 VUs  01m19.0s/12m0s  01.66 iters/s

running (01m20.0s), 007/100 VUs, 99 complete and 0 interrupted iterations
saturation   [  11% ] 007/100 VUs  01m20.0s/12m0s  01.67 iters/s

running (01m21.0s), 009/100 VUs, 99 complete and 0 interrupted iterations
saturation   [  11% ] 009/100 VUs  01m21.0s/12m0s  01.68 iters/s

running (01m22.0s), 008/100 VUs, 101 complete and 0 interrupted iterations
saturation   [  11% ] 008/100 VUs  01m22.0s/12m0s  01.68 iters/s

running (01m23.0s), 007/100 VUs, 104 complete and 0 interrupted iterations
saturation   [  12% ] 007/100 VUs  01m23.0s/12m0s  01.69 iters/s

running (01m24.0s), 009/100 VUs, 104 complete and 0 interrupted iterations
saturation   [  12% ] 009/100 VUs  01m24.0s/12m0s  01.70 iters/s

running (01m25.0s), 009/100 VUs, 106 complete and 0 interrupted iterations
saturation   [  12% ] 009/100 VUs  01m25.0s/12m0s  01.71 iters/s

running (01m26.0s), 008/100 VUs, 108 complete and 0 interrupted iterations
saturation   [  12% ] 008/100 VUs  01m26.0s/12m0s  01.72 iters/s

running (01m27.0s), 010/100 VUs, 108 complete and 0 interrupted iterations
saturation   [  12% ] 010/100 VUs  01m27.0s/12m0s  01.72 iters/s

running (01m28.0s), 008/100 VUs, 112 complete and 0 interrupted iterations
saturation   [  12% ] 008/100 VUs  01m28.0s/12m0s  01.73 iters/s

running (01m29.0s), 009/100 VUs, 112 complete and 0 interrupted iterations
saturation   [  12% ] 009/100 VUs  01m29.0s/12m0s  01.74 iters/s

running (01m30.0s), 009/100 VUs, 114 complete and 0 interrupted iterations
saturation   [  12% ] 009/100 VUs  01m30.0s/12m0s  01.75 iters/s

running (01m31.0s), 011/100 VUs, 114 complete and 0 interrupted iterations
saturation   [  13% ] 011/100 VUs  01m31.0s/12m0s  01.76 iters/s

running (01m32.0s), 010/100 VUs, 117 complete and 0 interrupted iterations
saturation   [  13% ] 010/100 VUs  01m32.0s/12m0s  01.77 iters/s

running (01m33.0s), 009/100 VUs, 119 complete and 0 interrupted iterations
saturation   [  13% ] 009/100 VUs  01m33.0s/12m0s  01.77 iters/s

running (01m34.0s), 009/100 VUs, 121 complete and 0 interrupted iterations
saturation   [  13% ] 009/100 VUs  01m34.0s/12m0s  01.78 iters/s

running (01m35.0s), 011/100 VUs, 121 complete and 0 interrupted iterations
saturation   [  13% ] 011/100 VUs  01m35.0s/12m0s  01.79 iters/s

running (01m36.0s), 009/100 VUs, 125 complete and 0 interrupted iterations
saturation   [  13% ] 009/100 VUs  01m36.0s/12m0s  01.80 iters/s

running (01m37.0s), 010/100 VUs, 126 complete and 0 interrupted iterations
saturation   [  13% ] 010/100 VUs  01m37.0s/12m0s  01.81 iters/s

running (01m38.0s), 008/100 VUs, 129 complete and 0 interrupted iterations
saturation   [  14% ] 008/100 VUs  01m38.0s/12m0s  01.81 iters/s

running (01m39.0s), 010/100 VUs, 129 complete and 0 interrupted iterations
saturation   [  14% ] 010/100 VUs  01m39.0s/12m0s  01.82 iters/s

running (01m40.0s), 010/100 VUs, 131 complete and 0 interrupted iterations
saturation   [  14% ] 010/100 VUs  01m40.0s/12m0s  01.83 iters/s

running (01m41.0s), 012/100 VUs, 131 complete and 0 interrupted iterations
saturation   [  14% ] 012/100 VUs  01m41.0s/12m0s  01.84 iters/s

running (01m42.0s), 013/100 VUs, 132 complete and 0 interrupted iterations
saturation   [  14% ] 013/100 VUs  01m42.0s/12m0s  01.85 iters/s

running (01m43.0s), 011/100 VUs, 136 complete and 0 interrupted iterations
saturation   [  14% ] 011/100 VUs  01m43.0s/12m0s  01.86 iters/s

running (01m44.0s), 011/100 VUs, 137 complete and 0 interrupted iterations
saturation   [  14% ] 011/100 VUs  01m44.0s/12m0s  01.86 iters/s

running (01m45.0s), 010/100 VUs, 140 complete and 0 interrupted iterations
saturation   [  15% ] 010/100 VUs  01m45.0s/12m0s  01.87 iters/s

running (01m46.0s), 011/100 VUs, 141 complete and 0 interrupted iterations
saturation   [  15% ] 011/100 VUs  01m46.0s/12m0s  01.88 iters/s

running (01m47.0s), 012/100 VUs, 142 complete and 0 interrupted iterations
saturation   [  15% ] 012/100 VUs  01m47.0s/12m0s  01.89 iters/s

running (01m48.0s), 011/100 VUs, 145 complete and 0 interrupted iterations
saturation   [  15% ] 011/100 VUs  01m48.0s/12m0s  01.90 iters/s

running (01m49.0s), 008/100 VUs, 150 complete and 0 interrupted iterations
saturation   [  15% ] 008/100 VUs  01m49.0s/12m0s  01.91 iters/s

running (01m50.0s), 010/100 VUs, 150 complete and 0 interrupted iterations
saturation   [  15% ] 010/100 VUs  01m50.0s/12m0s  01.92 iters/s

running (01m51.0s), 009/100 VUs, 153 complete and 0 interrupted iterations
saturation   [  15% ] 009/100 VUs  01m51.0s/12m0s  01.93 iters/s

running (01m52.0s), 010/100 VUs, 154 complete and 0 interrupted iterations
saturation   [  16% ] 010/100 VUs  01m52.0s/12m0s  01.93 iters/s

running (01m53.0s), 010/100 VUs, 156 complete and 0 interrupted iterations
saturation   [  16% ] 010/100 VUs  01m53.0s/12m0s  01.94 iters/s

running (01m54.0s), 010/100 VUs, 158 complete and 0 interrupted iterations
saturation   [  16% ] 010/100 VUs  01m54.0s/12m0s  01.95 iters/s

running (01m55.0s), 012/100 VUs, 158 complete and 0 interrupted iterations
saturation   [  16% ] 012/100 VUs  01m55.0s/12m0s  01.96 iters/s

running (01m56.0s), 013/100 VUs, 158 complete and 0 interrupted iterations
saturation   [  16% ] 013/100 VUs  01m56.0s/12m0s  01.96 iters/s

running (01m57.0s), 010/100 VUs, 163 complete and 0 interrupted iterations
saturation   [  16% ] 010/100 VUs  01m57.0s/12m0s  01.97 iters/s

running (01m58.0s), 010/100 VUs, 165 complete and 0 interrupted iterations
saturation   [  16% ] 010/100 VUs  01m58.0s/12m0s  01.98 iters/s

running (01m59.0s), 012/100 VUs, 165 complete and 0 interrupted iterations
saturation   [  17% ] 012/100 VUs  01m59.0s/12m0s  01.99 iters/s

running (02m00.0s), 011/100 VUs, 168 complete and 0 interrupted iterations
saturation   [  17% ] 011/100 VUs  02m00.0s/12m0s  02.00 iters/s

running (02m01.0s), 010/100 VUs, 171 complete and 0 interrupted iterations
saturation   [  17% ] 010/100 VUs  02m01.0s/12m0s  02.02 iters/s

running (02m02.0s), 012/100 VUs, 171 complete and 0 interrupted iterations
saturation   [  17% ] 012/100 VUs  02m02.0s/12m0s  02.04 iters/s

running (02m03.0s), 012/100 VUs, 174 complete and 0 interrupted iterations
saturation   [  17% ] 012/100 VUs  02m03.0s/12m0s  02.08 iters/s

running (02m04.0s), 014/100 VUs, 174 complete and 0 interrupted iterations
saturation   [  17% ] 014/100 VUs  02m04.0s/12m0s  02.10 iters/s

running (02m05.0s), 011/100 VUs, 179 complete and 0 interrupted iterations
saturation   [  17% ] 011/100 VUs  02m05.0s/12m0s  02.13 iters/s

running (02m06.0s), 013/100 VUs, 179 complete and 0 interrupted iterations
saturation   [  17% ] 013/100 VUs  02m06.0s/12m0s  02.15 iters/s

running (02m07.0s), 013/100 VUs, 181 complete and 0 interrupted iterations
saturation   [  18% ] 013/100 VUs  02m07.0s/12m0s  02.17 iters/s

running (02m08.0s), 013/100 VUs, 183 complete and 0 interrupted iterations
saturation   [  18% ] 013/100 VUs  02m08.0s/12m0s  02.20 iters/s

running (02m09.0s), 014/100 VUs, 184 complete and 0 interrupted iterations
saturation   [  18% ] 014/100 VUs  02m09.0s/12m0s  02.22 iters/s

running (02m10.0s), 014/100 VUs, 187 complete and 0 interrupted iterations
saturation   [  18% ] 014/100 VUs  02m10.0s/12m0s  02.25 iters/s

running (02m11.0s), 012/100 VUs, 191 complete and 0 interrupted iterations
saturation   [  18% ] 012/100 VUs  02m11.0s/12m0s  02.27 iters/s

running (02m12.0s), 013/100 VUs, 192 complete and 0 interrupted iterations
saturation   [  18% ] 013/100 VUs  02m12.0s/12m0s  02.30 iters/s

running (02m13.0s), 014/100 VUs, 194 complete and 0 interrupted iterations
saturation   [  18% ] 014/100 VUs  02m13.0s/12m0s  02.33 iters/s

running (02m14.0s), 016/100 VUs, 194 complete and 0 interrupted iterations
saturation   [  19% ] 016/100 VUs  02m14.0s/12m0s  02.35 iters/s

running (02m15.0s), 015/100 VUs, 197 complete and 0 interrupted iterations
saturation   [  19% ] 015/100 VUs  02m15.0s/12m0s  02.37 iters/s

running (02m16.0s), 017/100 VUs, 198 complete and 0 interrupted iterations
saturation   [  19% ] 017/100 VUs  02m16.0s/12m0s  02.40 iters/s

running (02m17.0s), 014/100 VUs, 203 complete and 0 interrupted iterations
saturation   [  19% ] 014/100 VUs  02m17.0s/12m0s  02.42 iters/s

running (02m18.0s), 015/100 VUs, 204 complete and 0 interrupted iterations
saturation   [  19% ] 015/100 VUs  02m18.0s/12m0s  02.44 iters/s

running (02m19.0s), 014/100 VUs, 208 complete and 0 interrupted iterations
saturation   [  19% ] 014/100 VUs  02m19.0s/12m0s  02.47 iters/s

running (02m20.0s), 015/100 VUs, 209 complete and 0 interrupted iterations
saturation   [  19% ] 015/100 VUs  02m20.0s/12m0s  02.49 iters/s

running (02m21.0s), 016/100 VUs, 211 complete and 0 interrupted iterations
saturation   [  20% ] 016/100 VUs  02m21.0s/12m0s  02.52 iters/s

running (02m22.0s), 015/100 VUs, 214 complete and 0 interrupted iterations
saturation   [  20% ] 015/100 VUs  02m22.0s/12m0s  02.54 iters/s

running (02m23.0s), 015/100 VUs, 217 complete and 0 interrupted iterations
saturation   [  20% ] 015/100 VUs  02m23.0s/12m0s  02.57 iters/s

running (02m24.0s), 013/100 VUs, 222 complete and 0 interrupted iterations
saturation   [  20% ] 013/100 VUs  02m24.0s/12m0s  02.60 iters/s

running (02m25.0s), 014/100 VUs, 223 complete and 0 interrupted iterations
saturation   [  20% ] 014/100 VUs  02m25.0s/12m0s  02.62 iters/s

running (02m26.0s), 013/100 VUs, 227 complete and 0 interrupted iterations
saturation   [  20% ] 013/100 VUs  02m26.0s/12m0s  02.65 iters/s

running (02m27.0s), 015/100 VUs, 227 complete and 0 interrupted iterations
saturation   [  20% ] 015/100 VUs  02m27.0s/12m0s  02.67 iters/s

running (02m28.0s), 014/100 VUs, 231 complete and 0 interrupted iterations
saturation   [  21% ] 014/100 VUs  02m28.0s/12m0s  02.70 iters/s

running (02m29.0s), 017/100 VUs, 231 complete and 0 interrupted iterations
saturation   [  21% ] 017/100 VUs  02m29.0s/12m0s  02.72 iters/s

running (02m30.0s), 016/100 VUs, 235 complete and 0 interrupted iterations
saturation   [  21% ] 016/100 VUs  02m30.0s/12m0s  02.75 iters/s

running (02m31.0s), 017/100 VUs, 236 complete and 0 interrupted iterations
saturation   [  21% ] 017/100 VUs  02m31.0s/12m0s  02.77 iters/s

running (02m32.0s), 017/100 VUs, 239 complete and 0 interrupted iterations
saturation   [  21% ] 017/100 VUs  02m32.0s/12m0s  02.80 iters/s

running (02m33.0s), 020/100 VUs, 239 complete and 0 interrupted iterations
saturation   [  21% ] 020/100 VUs  02m33.0s/12m0s  02.82 iters/s

running (02m34.0s), 015/100 VUs, 247 complete and 0 interrupted iterations
saturation   [  21% ] 015/100 VUs  02m34.0s/12m0s  02.85 iters/s

running (02m35.0s), 015/100 VUs, 250 complete and 0 interrupted iterations
saturation   [  22% ] 015/100 VUs  02m35.0s/12m0s  02.88 iters/s

running (02m36.0s), 015/100 VUs, 253 complete and 0 interrupted iterations
saturation   [  22% ] 015/100 VUs  02m36.0s/12m0s  02.90 iters/s

running (02m37.0s), 016/100 VUs, 254 complete and 0 interrupted iterations
saturation   [  22% ] 016/100 VUs  02m37.0s/12m0s  02.92 iters/s

running (02m38.0s), 016/100 VUs, 257 complete and 0 interrupted iterations
saturation   [  22% ] 016/100 VUs  02m38.0s/12m0s  02.95 iters/s

running (02m39.0s), 017/100 VUs, 259 complete and 0 interrupted iterations
saturation   [  22% ] 017/100 VUs  02m39.0s/12m0s  02.97 iters/s

running (02m40.0s), 017/100 VUs, 262 complete and 0 interrupted iterations
saturation   [  22% ] 017/100 VUs  02m40.0s/12m0s  03.00 iters/s

running (02m41.0s), 019/100 VUs, 263 complete and 0 interrupted iterations
saturation   [  22% ] 019/100 VUs  02m41.0s/12m0s  03.02 iters/s

running (02m42.0s), 019/100 VUs, 266 complete and 0 interrupted iterations
saturation   [  22% ] 019/100 VUs  02m42.0s/12m0s  03.05 iters/s

running (02m43.0s), 017/100 VUs, 271 complete and 0 interrupted iterations
saturation   [  23% ] 017/100 VUs  02m43.0s/12m0s  03.07 iters/s

running (02m44.0s), 021/100 VUs, 271 complete and 0 interrupted iterations
saturation   [  23% ] 021/100 VUs  02m44.0s/12m0s  03.10 iters/s

running (02m45.0s), 019/100 VUs, 276 complete and 0 interrupted iterations
saturation   [  23% ] 019/100 VUs  02m45.0s/12m0s  03.13 iters/s

running (02m46.0s), 022/100 VUs, 276 complete and 0 interrupted iterations
saturation   [  23% ] 022/100 VUs  02m46.0s/12m0s  03.15 iters/s

running (02m47.0s), 023/100 VUs, 278 complete and 0 interrupted iterations
saturation   [  23% ] 023/100 VUs  02m47.0s/12m0s  03.17 iters/s

running (02m48.0s), 020/100 VUs, 284 complete and 0 interrupted iterations
saturation   [  23% ] 020/100 VUs  02m48.0s/12m0s  03.20 iters/s

running (02m49.0s), 023/100 VUs, 284 complete and 0 interrupted iterations
saturation   [  23% ] 023/100 VUs  02m49.0s/12m0s  03.22 iters/s

running (02m50.0s), 017/100 VUs, 294 complete and 0 interrupted iterations
saturation   [  24% ] 017/100 VUs  02m50.0s/12m0s  03.25 iters/s

running (02m51.0s), 019/100 VUs, 295 complete and 0 interrupted iterations
saturation   [  24% ] 019/100 VUs  02m51.0s/12m0s  03.27 iters/s

running (02m52.0s), 015/100 VUs, 302 complete and 0 interrupted iterations
saturation   [  24% ] 015/100 VUs  02m52.0s/12m0s  03.30 iters/s

running (02m53.0s), 013/100 VUs, 307 complete and 0 interrupted iterations
saturation   [  24% ] 013/100 VUs  02m53.0s/12m0s  03.32 iters/s

running (02m54.0s), 017/100 VUs, 307 complete and 0 interrupted iterations
saturation   [  24% ] 017/100 VUs  02m54.0s/12m0s  03.35 iters/s

running (02m55.0s), 018/100 VUs, 309 complete and 0 interrupted iterations
saturation   [  24% ] 018/100 VUs  02m55.0s/12m0s  03.37 iters/s

running (02m56.0s), 016/100 VUs, 315 complete and 0 interrupted iterations
saturation   [  24% ] 016/100 VUs  02m56.0s/12m0s  03.40 iters/s

running (02m57.0s), 018/100 VUs, 316 complete and 0 interrupted iterations
saturation   [  25% ] 018/100 VUs  02m57.0s/12m0s  03.42 iters/s

running (02m58.0s), 021/100 VUs, 316 complete and 0 interrupted iterations
saturation   [  25% ] 021/100 VUs  02m58.0s/12m0s  03.45 iters/s

running (02m59.0s), 025/100 VUs, 316 complete and 0 interrupted iterations
saturation   [  25% ] 025/100 VUs  02m59.0s/12m0s  03.47 iters/s

running (03m00.0s), 028/100 VUs, 316 complete and 0 interrupted iterations
saturation   [  25% ] 028/100 VUs  03m00.0s/12m0s  03.50 iters/s

running (03m01.0s), 025/100 VUs, 323 complete and 0 interrupted iterations
saturation   [  25% ] 025/100 VUs  03m01.0s/12m0s  03.52 iters/s

running (03m02.0s), 024/100 VUs, 327 complete and 0 interrupted iterations
saturation   [  25% ] 024/100 VUs  03m02.0s/12m0s  03.55 iters/s

running (03m03.0s), 027/100 VUs, 328 complete and 0 interrupted iterations
saturation   [  25% ] 027/100 VUs  03m03.0s/12m0s  03.57 iters/s

running (03m04.0s), 025/100 VUs, 334 complete and 0 interrupted iterations
saturation   [  26% ] 025/100 VUs  03m04.0s/12m0s  03.60 iters/s

running (03m05.0s), 022/100 VUs, 340 complete and 0 interrupted iterations
saturation   [  26% ] 022/100 VUs  03m05.0s/12m0s  03.62 iters/s

running (03m06.0s), 026/100 VUs, 340 complete and 0 interrupted iterations
saturation   [  26% ] 026/100 VUs  03m06.0s/12m0s  03.65 iters/s

running (03m07.0s), 022/100 VUs, 347 complete and 0 interrupted iterations
saturation   [  26% ] 022/100 VUs  03m07.0s/12m0s  03.67 iters/s

running (03m08.0s), 022/100 VUs, 351 complete and 0 interrupted iterations
saturation   [  26% ] 022/100 VUs  03m08.0s/12m0s  03.70 iters/s

running (03m09.0s), 021/100 VUs, 356 complete and 0 interrupted iterations
saturation   [  26% ] 021/100 VUs  03m09.0s/12m0s  03.72 iters/s

running (03m10.0s), 025/100 VUs, 356 complete and 0 interrupted iterations
saturation   [  26% ] 025/100 VUs  03m10.0s/12m0s  03.75 iters/s

running (03m11.0s), 028/100 VUs, 356 complete and 0 interrupted iterations
saturation   [  27% ] 028/100 VUs  03m11.0s/12m0s  03.77 iters/s

running (03m12.0s), 032/100 VUs, 356 complete and 0 interrupted iterations
saturation   [  27% ] 032/100 VUs  03m12.0s/12m0s  03.80 iters/s

running (03m13.0s), 026/100 VUs, 366 complete and 0 interrupted iterations
saturation   [  27% ] 026/100 VUs  03m13.0s/12m0s  03.82 iters/s

running (03m14.0s), 030/100 VUs, 366 complete and 0 interrupted iterations
saturation   [  27% ] 030/100 VUs  03m14.0s/12m0s  03.85 iters/s

running (03m15.0s), 027/100 VUs, 373 complete and 0 interrupted iterations
saturation   [  27% ] 027/100 VUs  03m15.0s/12m0s  03.88 iters/s

running (03m16.0s), 025/100 VUs, 379 complete and 0 interrupted iterations
saturation   [  27% ] 025/100 VUs  03m16.0s/12m0s  03.90 iters/s

running (03m17.0s), 026/100 VUs, 381 complete and 0 interrupted iterations
saturation   [  27% ] 026/100 VUs  03m17.0s/12m0s  03.92 iters/s

running (03m18.0s), 029/100 VUs, 382 complete and 0 interrupted iterations
saturation   [  27% ] 029/100 VUs  03m18.0s/12m0s  03.95 iters/s

running (03m19.0s), 031/100 VUs, 384 complete and 0 interrupted iterations
saturation   [  28% ] 031/100 VUs  03m19.0s/12m0s  03.97 iters/s

running (03m20.0s), 029/100 VUs, 390 complete and 0 interrupted iterations
saturation   [  28% ] 029/100 VUs  03m20.0s/12m0s  04.00 iters/s

running (03m21.0s), 029/100 VUs, 394 complete and 0 interrupted iterations
saturation   [  28% ] 029/100 VUs  03m21.0s/12m0s  04.02 iters/s

running (03m22.0s), 030/100 VUs, 397 complete and 0 interrupted iterations
saturation   [  28% ] 030/100 VUs  03m22.0s/12m0s  04.05 iters/s

running (03m23.0s), 033/100 VUs, 398 complete and 0 interrupted iterations
saturation   [  28% ] 033/100 VUs  03m23.0s/12m0s  04.07 iters/s

running (03m24.0s), 035/100 VUs, 401 complete and 0 interrupted iterations
saturation   [  28% ] 035/100 VUs  03m24.0s/12m0s  04.10 iters/s

running (03m25.0s), 029/100 VUs, 411 complete and 0 interrupted iterations
saturation   [  28% ] 029/100 VUs  03m25.0s/12m0s  04.13 iters/s

running (03m26.0s), 030/100 VUs, 414 complete and 0 interrupted iterations
saturation   [  29% ] 030/100 VUs  03m26.0s/12m0s  04.15 iters/s

running (03m27.0s), 031/100 VUs, 417 complete and 0 interrupted iterations
saturation   [  29% ] 031/100 VUs  03m27.0s/12m0s  04.17 iters/s

running (03m28.0s), 030/100 VUs, 422 complete and 0 interrupted iterations
saturation   [  29% ] 030/100 VUs  03m28.0s/12m0s  04.20 iters/s

running (03m29.0s), 029/100 VUs, 427 complete and 0 interrupted iterations
saturation   [  29% ] 029/100 VUs  03m29.0s/12m0s  04.22 iters/s

running (03m30.0s), 031/100 VUs, 430 complete and 0 interrupted iterations
saturation   [  29% ] 031/100 VUs  03m30.0s/12m0s  04.25 iters/s

running (03m31.0s), 035/100 VUs, 430 complete and 0 interrupted iterations
saturation   [  29% ] 035/100 VUs  03m31.0s/12m0s  04.27 iters/s

running (03m32.0s), 036/100 VUs, 433 complete and 0 interrupted iterations
saturation   [  29% ] 036/100 VUs  03m32.0s/12m0s  04.30 iters/s

running (03m33.0s), 033/100 VUs, 440 complete and 0 interrupted iterations
saturation   [  30% ] 033/100 VUs  03m33.0s/12m0s  04.32 iters/s

running (03m34.0s), 037/100 VUs, 441 complete and 0 interrupted iterations
saturation   [  30% ] 037/100 VUs  03m34.0s/12m0s  04.35 iters/s

running (03m35.0s), 031/100 VUs, 451 complete and 0 interrupted iterations
saturation   [  30% ] 031/100 VUs  03m35.0s/12m0s  04.37 iters/s

running (03m36.0s), 036/100 VUs, 451 complete and 0 interrupted iterations
saturation   [  30% ] 036/100 VUs  03m36.0s/12m0s  04.40 iters/s

running (03m37.0s), 031/100 VUs, 460 complete and 0 interrupted iterations
saturation   [  30% ] 031/100 VUs  03m37.0s/12m0s  04.42 iters/s

running (03m38.0s), 031/100 VUs, 464 complete and 0 interrupted iterations
saturation   [  30% ] 031/100 VUs  03m38.0s/12m0s  04.45 iters/s

running (03m39.0s), 034/100 VUs, 466 complete and 0 interrupted iterations
saturation   [  30% ] 034/100 VUs  03m39.0s/12m0s  04.47 iters/s

running (03m40.0s), 033/100 VUs, 471 complete and 0 interrupted iterations
saturation   [  31% ] 033/100 VUs  03m40.0s/12m0s  04.50 iters/s

running (03m41.0s), 038/100 VUs, 471 complete and 0 interrupted iterations
saturation   [  31% ] 038/100 VUs  03m41.0s/12m0s  04.52 iters/s

running (03m42.0s), 040/100 VUs, 473 complete and 0 interrupted iterations
saturation   [  31% ] 040/100 VUs  03m42.0s/12m0s  04.55 iters/s

running (03m43.0s), 036/100 VUs, 482 complete and 0 interrupted iterations
saturation   [  31% ] 036/100 VUs  03m43.0s/12m0s  04.57 iters/s

running (03m44.0s), 041/100 VUs, 482 complete and 0 interrupted iterations
saturation   [  31% ] 041/100 VUs  03m44.0s/12m0s  04.60 iters/s

running (03m45.0s), 043/100 VUs, 484 complete and 0 interrupted iterations
saturation   [  31% ] 043/100 VUs  03m45.0s/12m0s  04.62 iters/s

running (03m46.0s), 040/100 VUs, 492 complete and 0 interrupted iterations
saturation   [  31% ] 040/100 VUs  03m46.0s/12m0s  04.65 iters/s

running (03m47.0s), 037/100 VUs, 499 complete and 0 interrupted iterations
saturation   [  32% ] 037/100 VUs  03m47.0s/12m0s  04.67 iters/s

running (03m48.0s), 042/100 VUs, 499 complete and 0 interrupted iterations
saturation   [  32% ] 042/100 VUs  03m48.0s/12m0s  04.70 iters/s

running (03m49.0s), 039/100 VUs, 507 complete and 0 interrupted iterations
saturation   [  32% ] 039/100 VUs  03m49.0s/12m0s  04.72 iters/s

running (03m50.0s), 040/100 VUs, 511 complete and 0 interrupted iterations
saturation   [  32% ] 040/100 VUs  03m50.0s/12m0s  04.75 iters/s

running (03m51.0s), 042/100 VUs, 513 complete and 0 interrupted iterations
saturation   [  32% ] 042/100 VUs  03m51.0s/12m0s  04.77 iters/s

running (03m52.0s), 039/100 VUs, 521 complete and 0 interrupted iterations
saturation   [  32% ] 039/100 VUs  03m52.0s/12m0s  04.80 iters/s

running (03m53.0s), 040/100 VUs, 525 complete and 0 interrupted iterations
saturation   [  32% ] 040/100 VUs  03m53.0s/12m0s  04.82 iters/s

running (03m54.0s), 044/100 VUs, 526 complete and 0 interrupted iterations
saturation   [  32% ] 044/100 VUs  03m54.0s/12m0s  04.85 iters/s

running (03m55.0s), 044/100 VUs, 531 complete and 0 interrupted iterations
saturation   [  33% ] 044/100 VUs  03m55.0s/12m0s  04.88 iters/s

running (03m56.0s), 043/100 VUs, 536 complete and 0 interrupted iterations
saturation   [  33% ] 043/100 VUs  03m56.0s/12m0s  04.90 iters/s

running (03m57.0s), 043/100 VUs, 541 complete and 0 interrupted iterations
saturation   [  33% ] 043/100 VUs  03m57.0s/12m0s  04.92 iters/s

running (03m58.0s), 048/100 VUs, 541 complete and 0 interrupted iterations
saturation   [  33% ] 048/100 VUs  03m58.0s/12m0s  04.95 iters/s

running (03m59.0s), 049/100 VUs, 545 complete and 0 interrupted iterations
saturation   [  33% ] 049/100 VUs  03m59.0s/12m0s  04.97 iters/s

running (04m00.0s), 054/100 VUs, 545 complete and 0 interrupted iterations
saturation   [  33% ] 054/100 VUs  04m00.0s/12m0s  05.00 iters/s

running (04m01.0s), 056/100 VUs, 548 complete and 0 interrupted iterations
saturation   [  33% ] 056/100 VUs  04m01.0s/12m0s  05.04 iters/s

running (04m02.0s), 050/100 VUs, 559 complete and 0 interrupted iterations
saturation   [  34% ] 050/100 VUs  04m02.0s/12m0s  05.08 iters/s

running (04m03.0s), 053/100 VUs, 561 complete and 0 interrupted iterations
saturation   [  34% ] 053/100 VUs  04m03.0s/12m0s  05.12 iters/s

running (04m04.0s), 058/100 VUs, 562 complete and 0 interrupted iterations
saturation   [  34% ] 058/100 VUs  04m04.0s/12m0s  05.17 iters/s

running (04m05.0s), 054/100 VUs, 571 complete and 0 interrupted iterations
saturation   [  34% ] 054/100 VUs  04m05.0s/12m0s  05.21 iters/s

running (04m06.0s), 056/100 VUs, 574 complete and 0 interrupted iterations
saturation   [  34% ] 056/100 VUs  04m06.0s/12m0s  05.25 iters/s

running (04m07.0s), 061/100 VUs, 574 complete and 0 interrupted iterations
saturation   [  34% ] 061/100 VUs  04m07.0s/12m0s  05.29 iters/s

running (04m08.0s), 061/100 VUs, 580 complete and 0 interrupted iterations
saturation   [  34% ] 061/100 VUs  04m08.0s/12m0s  05.33 iters/s

running (04m09.0s), 055/100 VUs, 591 complete and 0 interrupted iterations
saturation   [  35% ] 055/100 VUs  04m09.0s/12m0s  05.37 iters/s

running (04m10.0s), 058/100 VUs, 593 complete and 0 interrupted iterations
saturation   [  35% ] 058/100 VUs  04m10.0s/12m0s  05.41 iters/s

running (04m11.0s), 064/100 VUs, 593 complete and 0 interrupted iterations
saturation   [  35% ] 064/100 VUs  04m11.0s/12m0s  05.46 iters/s

running (04m12.0s), 068/100 VUs, 594 complete and 0 interrupted iterations
saturation   [  35% ] 068/100 VUs  04m12.0s/12m0s  05.50 iters/s

running (04m13.0s), 063/100 VUs, 605 complete and 0 interrupted iterations
saturation   [  35% ] 063/100 VUs  04m13.0s/12m0s  05.54 iters/s

running (04m14.0s), 061/100 VUs, 612 complete and 0 interrupted iterations
saturation   [  35% ] 061/100 VUs  04m14.0s/12m0s  05.58 iters/s

running (04m15.0s), 067/100 VUs, 612 complete and 0 interrupted iterations
saturation   [  35% ] 067/100 VUs  04m15.0s/12m0s  05.62 iters/s

running (04m16.0s), 073/100 VUs, 612 complete and 0 interrupted iterations
saturation   [  36% ] 073/100 VUs  04m16.0s/12m0s  05.67 iters/s

running (04m17.0s), 077/100 VUs, 613 complete and 0 interrupted iterations
saturation   [  36% ] 077/100 VUs  04m17.0s/12m0s  05.70 iters/s

running (04m18.0s), 072/100 VUs, 624 complete and 0 interrupted iterations
saturation   [  36% ] 072/100 VUs  04m18.0s/12m0s  05.75 iters/s

running (04m19.0s), 070/100 VUs, 632 complete and 0 interrupted iterations
saturation   [  36% ] 070/100 VUs  04m19.0s/12m0s  05.79 iters/s

running (04m20.0s), 076/100 VUs, 632 complete and 0 interrupted iterations
saturation   [  36% ] 076/100 VUs  04m20.0s/12m0s  05.83 iters/s

running (04m21.0s), 077/100 VUs, 636 complete and 0 interrupted iterations
saturation   [  36% ] 077/100 VUs  04m21.0s/12m0s  05.87 iters/s

running (04m22.0s), 075/100 VUs, 644 complete and 0 interrupted iterations
saturation   [  36% ] 075/100 VUs  04m22.0s/12m0s  05.91 iters/s

running (04m23.0s), 073/100 VUs, 652 complete and 0 interrupted iterations
saturation   [  37% ] 073/100 VUs  04m23.0s/12m0s  05.95 iters/s

running (04m24.0s), 079/100 VUs, 652 complete and 0 interrupted iterations
saturation   [  37% ] 079/100 VUs  04m24.0s/12m0s  06.00 iters/s

running (04m25.0s), 085/100 VUs, 652 complete and 0 interrupted iterations
saturation   [  37% ] 085/100 VUs  04m25.0s/12m0s  06.04 iters/s

running (04m26.0s), 082/100 VUs, 661 complete and 0 interrupted iterations
saturation   [  37% ] 082/100 VUs  04m26.0s/12m0s  06.08 iters/s

running (04m27.0s), 081/100 VUs, 668 complete and 0 interrupted iterations
saturation   [  37% ] 081/100 VUs  04m27.0s/12m0s  06.12 iters/s

running (04m28.0s), 084/100 VUs, 672 complete and 0 interrupted iterations
saturation   [  37% ] 084/100 VUs  04m28.0s/12m0s  06.17 iters/s

running (04m29.0s), 090/100 VUs, 672 complete and 0 interrupted iterations
saturation   [  37% ] 090/100 VUs  04m29.0s/12m0s  06.21 iters/s

running (04m30.0s), 093/100 VUs, 675 complete and 0 interrupted iterations
saturation   [  37% ] 093/100 VUs  04m30.0s/12m0s  06.25 iters/s

running (04m31.0s), 090/100 VUs, 684 complete and 0 interrupted iterations
saturation   [  38% ] 090/100 VUs  04m31.0s/12m0s  06.29 iters/s

running (04m32.0s), 089/100 VUs, 692 complete and 0 interrupted iterations
saturation   [  38% ] 089/100 VUs  04m32.0s/12m0s  06.33 iters/s

running (04m33.0s), 095/100 VUs, 692 complete and 0 interrupted iterations
saturation   [  38% ] 095/100 VUs  04m33.0s/12m0s  06.37 iters/s

running (04m34.0s), 100/101 VUs, 692 complete and 0 interrupted iterations
saturation   [  38% ] 100/101 VUs  04m34.0s/12m0s  06.41 iters/s

running (04m35.0s), 095/101 VUs, 704 complete and 0 interrupted iterations
saturation   [  38% ] 095/101 VUs  04m35.0s/12m0s  06.46 iters/s

running (04m36.0s), 093/101 VUs, 712 complete and 0 interrupted iterations
saturation   [  38% ] 093/101 VUs  04m36.0s/12m0s  06.50 iters/s

running (04m37.0s), 100/101 VUs, 712 complete and 0 interrupted iterations
saturation   [  38% ] 100/101 VUs  04m37.0s/12m0s  06.54 iters/s

running (04m38.0s), 103/104 VUs, 712 complete and 0 interrupted iterations
saturation   [  39% ] 103/104 VUs  04m38.0s/12m0s  06.58 iters/s

running (04m39.0s), 104/105 VUs, 717 complete and 0 interrupted iterations
saturation   [  39% ] 104/105 VUs  04m39.0s/12m0s  06.62 iters/s

running (04m40.0s), 101/105 VUs, 727 complete and 0 interrupted iterations
saturation   [  39% ] 101/105 VUs  04m40.0s/12m0s  06.67 iters/s

running (04m41.0s), 102/105 VUs, 732 complete and 0 interrupted iterations
saturation   [  39% ] 102/105 VUs  04m41.0s/12m0s  06.71 iters/s

running (04m42.0s), 107/107 VUs, 732 complete and 0 interrupted iterations
saturation   [  39% ] 107/107 VUs  04m42.0s/12m0s  06.75 iters/s

running (04m43.0s), 110/111 VUs, 732 complete and 0 interrupted iterations
saturation   [  39% ] 110/111 VUs  04m43.0s/12m0s  06.79 iters/s

running (04m44.0s), 107/112 VUs, 741 complete and 0 interrupted iterations
saturation   [  39% ] 107/112 VUs  04m44.0s/12m0s  06.83 iters/s

running (04m45.0s), 105/112 VUs, 749 complete and 0 interrupted iterations
saturation   [  40% ] 105/112 VUs  04m45.0s/12m0s  06.87 iters/s

running (04m46.0s), 109/112 VUs, 752 complete and 0 interrupted iterations
saturation   [  40% ] 109/112 VUs  04m46.0s/12m0s  06.91 iters/s

running (04m47.0s), 114/114 VUs, 752 complete and 0 interrupted iterations
saturation   [  40% ] 114/114 VUs  04m47.0s/12m0s  06.96 iters/s

running (04m48.0s), 115/117 VUs, 755 complete and 0 interrupted iterations
saturation   [  40% ] 115/117 VUs  04m48.0s/12m0s  07.00 iters/s

running (04m49.0s), 112/117 VUs, 765 complete and 0 interrupted iterations
saturation   [  40% ] 112/117 VUs  04m49.0s/12m0s  07.04 iters/s

running (04m50.0s), 112/117 VUs, 772 complete and 0 interrupted iterations
saturation   [  40% ] 112/117 VUs  04m50.0s/12m0s  07.08 iters/s

running (04m51.0s), 118/118 VUs, 772 complete and 0 interrupted iterations
saturation   [  40% ] 118/118 VUs  04m51.0s/12m0s  07.12 iters/s

running (04m52.0s), 122/122 VUs, 772 complete and 0 interrupted iterations
saturation   [  41% ] 122/122 VUs  04m52.0s/12m0s  07.17 iters/s

running (04m53.0s), 122/123 VUs, 778 complete and 0 interrupted iterations
saturation   [  41% ] 122/123 VUs  04m53.0s/12m0s  07.21 iters/s

running (04m54.0s), 118/123 VUs, 789 complete and 0 interrupted iterations
saturation   [  41% ] 118/123 VUs  04m54.0s/12m0s  07.25 iters/s

running (04m55.0s), 122/123 VUs, 792 complete and 0 interrupted iterations
saturation   [  41% ] 122/123 VUs  04m55.0s/12m0s  07.29 iters/s

running (04m56.0s), 126/127 VUs, 792 complete and 0 interrupted iterations
saturation   [  41% ] 126/127 VUs  04m56.0s/12m0s  07.33 iters/s

running (04m57.0s), 129/130 VUs, 793 complete and 0 interrupted iterations
saturation   [  41% ] 129/130 VUs  04m57.0s/12m0s  07.37 iters/s

running (04m58.0s), 127/130 VUs, 802 complete and 0 interrupted iterations
saturation   [  41% ] 127/130 VUs  04m58.0s/12m0s  07.41 iters/s

running (04m59.0s), 126/130 VUs, 811 complete and 0 interrupted iterations
saturation   [  42% ] 126/130 VUs  04m59.0s/12m0s  07.46 iters/s

running (05m00.0s), 131/131 VUs, 812 complete and 0 interrupted iterations
saturation   [  42% ] 131/131 VUs  05m00.0s/12m0s  07.50 iters/s

running (05m01.0s), 135/135 VUs, 812 complete and 0 interrupted iterations
saturation   [  42% ] 135/135 VUs  05m01.0s/12m0s  07.54 iters/s

running (05m02.0s), 130/136 VUs, 823 complete and 0 interrupted iterations
saturation   [  42% ] 130/136 VUs  05m02.0s/12m0s  07.58 iters/s

running (05m03.0s), 131/136 VUs, 830 complete and 0 interrupted iterations
saturation   [  42% ] 131/136 VUs  05m03.0s/12m0s  07.62 iters/s

running (05m04.0s), 136/136 VUs, 832 complete and 0 interrupted iterations
saturation   [  42% ] 136/136 VUs  05m04.0s/12m0s  07.66 iters/s

running (05m05.0s), 140/140 VUs, 832 complete and 0 interrupted iterations
saturation   [  42% ] 140/140 VUs  05m05.0s/12m0s  07.71 iters/s

running (05m06.0s), 141/143 VUs, 836 complete and 0 interrupted iterations
saturation   [  42% ] 141/143 VUs  05m06.0s/12m0s  07.75 iters/s

running (05m07.0s), 139/143 VUs, 846 complete and 0 interrupted iterations
saturation   [  43% ] 139/143 VUs  05m07.0s/12m0s  07.79 iters/s

running (05m08.0s), 141/143 VUs, 852 complete and 0 interrupted iterations
saturation   [  43% ] 141/143 VUs  05m08.0s/12m0s  07.83 iters/s

running (05m09.0s), 145/146 VUs, 852 complete and 0 interrupted iterations
saturation   [  43% ] 145/146 VUs  05m09.0s/12m0s  07.87 iters/s

running (05m10.0s), 148/149 VUs, 854 complete and 0 interrupted iterations
saturation   [  43% ] 148/149 VUs  05m10.0s/12m0s  07.91 iters/s

running (05m11.0s), 145/149 VUs, 865 complete and 0 interrupted iterations
saturation   [  43% ] 145/149 VUs  05m11.0s/12m0s  07.96 iters/s

running (05m12.0s), 146/149 VUs, 872 complete and 0 interrupted iterations
saturation   [  43% ] 146/149 VUs  05m12.0s/12m0s  08.00 iters/s

running (05m13.0s), 151/152 VUs, 872 complete and 0 interrupted iterations
saturation   [  43% ] 151/152 VUs  05m13.0s/12m0s  08.04 iters/s

running (05m14.0s), 155/156 VUs, 872 complete and 0 interrupted iterations
saturation   [  44% ] 155/156 VUs  05m14.0s/12m0s  08.08 iters/s

running (05m15.0s), 152/156 VUs, 883 complete and 0 interrupted iterations
saturation   [  44% ] 152/156 VUs  05m15.0s/12m0s  08.12 iters/s

running (05m16.0s), 151/156 VUs, 892 complete and 0 interrupted iterations
saturation   [  44% ] 151/156 VUs  05m16.0s/12m0s  08.16 iters/s

running (05m17.0s), 158/158 VUs, 892 complete and 0 interrupted iterations
saturation   [  44% ] 158/158 VUs  05m17.0s/12m0s  08.21 iters/s

running (05m18.0s), 162/162 VUs, 892 complete and 0 interrupted iterations
saturation   [  44% ] 162/162 VUs  05m18.0s/12m0s  08.25 iters/s

running (05m19.0s), 160/164 VUs, 900 complete and 0 interrupted iterations
saturation   [  44% ] 160/164 VUs  05m19.0s/12m0s  08.29 iters/s

running (05m20.0s), 158/164 VUs, 910 complete and 0 interrupted iterations
saturation   [  44% ] 158/164 VUs  05m20.0s/12m0s  08.33 iters/s

running (05m21.0s), 164/165 VUs, 912 complete and 0 interrupted iterations
saturation   [  45% ] 164/165 VUs  05m21.0s/12m0s  08.37 iters/s

running (05m22.0s), 168/169 VUs, 912 complete and 0 interrupted iterations
saturation   [  45% ] 168/169 VUs  05m22.0s/12m0s  08.41 iters/s

running (05m23.0s), 173/173 VUs, 912 complete and 0 interrupted iterations
saturation   [  45% ] 173/173 VUs  05m23.0s/12m0s  08.46 iters/s

running (05m24.0s), 170/173 VUs, 923 complete and 0 interrupted iterations
saturation   [  45% ] 170/173 VUs  05m24.0s/12m0s  08.50 iters/s

running (05m25.0s), 170/173 VUs, 932 complete and 0 interrupted iterations
saturation   [  45% ] 170/173 VUs  05m25.0s/12m0s  08.54 iters/s

running (05m26.0s), 175/176 VUs, 932 complete and 0 interrupted iterations
saturation   [  45% ] 175/176 VUs  05m26.0s/12m0s  08.58 iters/s

running (05m27.0s), 180/180 VUs, 932 complete and 0 interrupted iterations
saturation   [  45% ] 180/180 VUs  05m27.0s/12m0s  08.62 iters/s

running (05m28.0s), 180/181 VUs, 939 complete and 0 interrupted iterations
saturation   [  46% ] 180/181 VUs  05m28.0s/12m0s  08.66 iters/s

running (05m29.0s), 180/182 VUs, 947 complete and 0 interrupted iterations
saturation   [  46% ] 180/182 VUs  05m29.0s/12m0s  08.71 iters/s

running (05m30.0s), 183/183 VUs, 952 complete and 0 interrupted iterations
saturation   [  46% ] 183/183 VUs  05m30.0s/12m0s  08.75 iters/s

running (05m31.0s), 187/188 VUs, 952 complete and 0 interrupted iterations
saturation   [  46% ] 187/188 VUs  05m31.0s/12m0s  08.79 iters/s

running (05m32.0s), 189/191 VUs, 955 complete and 0 interrupted iterations
saturation   [  46% ] 189/191 VUs  05m32.0s/12m0s  08.83 iters/s

running (05m33.0s), 188/191 VUs, 965 complete and 0 interrupted iterations
saturation   [  46% ] 188/191 VUs  05m33.0s/12m0s  08.87 iters/s

running (05m34.0s), 190/191 VUs, 972 complete and 0 interrupted iterations
saturation   [  46% ] 190/191 VUs  05m34.0s/12m0s  08.91 iters/s

running (05m35.0s), 195/195 VUs, 972 complete and 0 interrupted iterations
saturation   [  47% ] 195/195 VUs  05m35.0s/12m0s  08.96 iters/s

running (05m36.0s), 199/200 VUs, 972 complete and 0 interrupted iterations
saturation   [  47% ] 199/200 VUs  05m36.0s/12m0s  09.00 iters/s

running (05m37.0s), 200/202 VUs, 978 complete and 0 interrupted iterations
saturation   [  47% ] 200/202 VUs  05m37.0s/12m0s  09.04 iters/s

running (05m38.0s), 201/203 VUs, 985 complete and 0 interrupted iterations
saturation   [  47% ] 201/203 VUs  05m38.0s/12m0s  09.08 iters/s

running (05m39.0s), 203/203 VUs, 992 complete and 0 interrupted iterations
saturation   [  47% ] 203/203 VUs  05m39.0s/12m0s  09.12 iters/s

running (05m40.0s), 207/208 VUs, 992 complete and 0 interrupted iterations
saturation   [  47% ] 207/208 VUs  05m40.0s/12m0s  09.16 iters/s

running (05m41.0s), 212/213 VUs, 992 complete and 0 interrupted iterations
saturation   [  47% ] 212/213 VUs  05m41.0s/12m0s  09.21 iters/s

running (05m42.0s), 214/214 VUs, 998 complete and 0 interrupted iterations
saturation   [  47% ] 214/214 VUs  05m42.0s/12m0s  09.25 iters/s

running (05m43.0s), 211/214 VUs, 1010 complete and 0 interrupted iterations
saturation   [  48% ] 211/214 VUs  05m43.0s/12m0s  09.29 iters/s

running (05m44.0s), 216/216 VUs, 1012 complete and 0 interrupted iterations
saturation   [  48% ] 216/216 VUs  05m44.0s/12m0s  09.33 iters/s

running (05m45.0s), 221/221 VUs, 1012 complete and 0 interrupted iterations
saturation   [  48% ] 221/221 VUs  05m45.0s/12m0s  09.37 iters/s

running (05m46.0s), 224/224 VUs, 1015 complete and 0 interrupted iterations
saturation   [  48% ] 224/224 VUs  05m46.0s/12m0s  09.41 iters/s

running (05m47.0s), 224/225 VUs, 1024 complete and 0 interrupted iterations
saturation   [  48% ] 224/225 VUs  05m47.0s/12m0s  09.46 iters/s

running (05m48.0s), 225/225 VUs, 1032 complete and 0 interrupted iterations
saturation   [  48% ] 225/225 VUs  05m48.0s/12m0s  09.50 iters/s

running (05m49.0s), 228/228 VUs, 1036 complete and 0 interrupted iterations
saturation   [  48% ] 228/228 VUs  05m49.0s/12m0s  09.54 iters/s

running (05m50.0s), 223/230 VUs, 1048 complete and 0 interrupted iterations
saturation   [  49% ] 223/230 VUs  05m50.0s/12m0s  09.58 iters/s

running (05m51.0s), 229/230 VUs, 1052 complete and 0 interrupted iterations
saturation   [  49% ] 229/230 VUs  05m51.0s/12m0s  09.62 iters/s

running (05m52.0s), 230/232 VUs, 1058 complete and 0 interrupted iterations
saturation   [  49% ] 230/232 VUs  05m52.0s/12m0s  09.66 iters/s

running (05m53.0s), 233/234 VUs, 1063 complete and 0 interrupted iterations
saturation   [  49% ] 233/234 VUs  05m53.0s/12m0s  09.71 iters/s

running (05m54.0s), 233/235 VUs, 1072 complete and 0 interrupted iterations
saturation   [  49% ] 233/235 VUs  05m54.0s/12m0s  09.75 iters/s

running (05m55.0s), 235/235 VUs, 1080 complete and 0 interrupted iterations
saturation   [  49% ] 235/235 VUs  05m55.0s/12m0s  09.79 iters/s

running (05m56.0s), 238/239 VUs, 1082 complete and 0 interrupted iterations
saturation   [  49% ] 238/239 VUs  05m56.0s/12m0s  09.83 iters/s

running (05m57.0s), 241/241 VUs, 1087 complete and 0 interrupted iterations
saturation   [  50% ] 241/241 VUs  05m57.0s/12m0s  09.87 iters/s

running (05m58.0s), 246/246 VUs, 1087 complete and 0 interrupted iterations
saturation   [  50% ] 246/246 VUs  05m58.0s/12m0s  09.91 iters/s

running (05m59.0s), 243/250 VUs, 1096 complete and 0 interrupted iterations
saturation   [  50% ] 243/250 VUs  05m59.0s/12m0s  09.96 iters/s

running (06m00.0s), 241/250 VUs, 1108 complete and 0 interrupted iterations
saturation   [  50% ] 241/250 VUs  06m00.0s/12m0s  10.00 iters/s

running (06m01.0s), 243/250 VUs, 1116 complete and 0 interrupted iterations
saturation   [  50% ] 243/250 VUs  06m01.0s/12m0s  10.08 iters/s

running (06m02.0s), 249/251 VUs, 1119 complete and 0 interrupted iterations
saturation   [  50% ] 249/251 VUs  06m02.0s/12m0s  10.16 iters/s

running (06m03.0s), 250/251 VUs, 1128 complete and 0 interrupted iterations
saturation   [  50% ] 250/251 VUs  06m03.0s/12m0s  10.24 iters/s

running (06m04.0s), 253/254 VUs, 1133 complete and 0 interrupted iterations
saturation   [  51% ] 253/254 VUs  06m04.0s/12m0s  10.33 iters/s

running (06m05.0s), 252/255 VUs, 1143 complete and 0 interrupted iterations
saturation   [  51% ] 252/255 VUs  06m05.0s/12m0s  10.41 iters/s

running (06m06.0s), 256/257 VUs, 1148 complete and 0 interrupted iterations
saturation   [  51% ] 256/257 VUs  06m06.0s/12m0s  10.50 iters/s

running (06m07.0s), 260/261 VUs, 1150 complete and 0 interrupted iterations
saturation   [  51% ] 260/261 VUs  06m07.0s/12m0s  10.58 iters/s

running (06m08.0s), 255/263 VUs, 1164 complete and 0 interrupted iterations
saturation   [  51% ] 255/263 VUs  06m08.0s/12m0s  10.67 iters/s

running (06m09.0s), 262/263 VUs, 1167 complete and 0 interrupted iterations
saturation   [  51% ] 262/263 VUs  06m09.0s/12m0s  10.74 iters/s

running (06m10.0s), 266/267 VUs, 1170 complete and 0 interrupted iterations
saturation   [  51% ] 266/267 VUs  06m10.0s/12m0s  10.83 iters/s

running (06m11.0s), 272/272 VUs, 1170 complete and 0 interrupted iterations
saturation   [  52% ] 272/272 VUs  06m11.0s/12m0s  10.91 iters/s

running (06m12.0s), 267/275 VUs, 1183 complete and 0 interrupted iterations
saturation   [  52% ] 267/275 VUs  06m12.0s/12m0s  11.00 iters/s

running (06m13.0s), 268/275 VUs, 1193 complete and 0 interrupted iterations
saturation   [  52% ] 268/275 VUs  06m13.0s/12m0s  11.08 iters/s

running (06m14.0s), 271/275 VUs, 1201 complete and 0 interrupted iterations
saturation   [  52% ] 271/275 VUs  06m14.0s/12m0s  11.16 iters/s

running (06m15.0s), 275/275 VUs, 1208 complete and 0 interrupted iterations
saturation   [  52% ] 275/275 VUs  06m15.0s/12m0s  11.24 iters/s

running (06m16.0s), 277/279 VUs, 1214 complete and 0 interrupted iterations
saturation   [  52% ] 277/279 VUs  06m16.0s/12m0s  11.33 iters/s

running (06m17.0s), 275/281 VUs, 1225 complete and 0 interrupted iterations
saturation   [  52% ] 275/281 VUs  06m17.0s/12m0s  11.41 iters/s

running (06m18.0s), 281/281 VUs, 1230 complete and 0 interrupted iterations
saturation   [  52% ] 281/281 VUs  06m18.0s/12m0s  11.50 iters/s

running (06m19.0s), 284/285 VUs, 1235 complete and 0 interrupted iterations
saturation   [  53% ] 284/285 VUs  06m19.0s/12m0s  11.58 iters/s

running (06m20.0s), 284/287 VUs, 1245 complete and 0 interrupted iterations
saturation   [  53% ] 284/287 VUs  06m20.0s/12m0s  11.67 iters/s

running (06m21.0s), 285/288 VUs, 1254 complete and 0 interrupted iterations
saturation   [  53% ] 285/288 VUs  06m21.0s/12m0s  11.74 iters/s

running (06m22.0s), 289/289 VUs, 1261 complete and 0 interrupted iterations
saturation   [  53% ] 289/289 VUs  06m22.0s/12m0s  11.83 iters/s

running (06m23.0s), 295/295 VUs, 1261 complete and 0 interrupted iterations
saturation   [  53% ] 295/295 VUs  06m23.0s/12m0s  11.91 iters/s

running (06m24.0s), 295/300 VUs, 1268 complete and 0 interrupted iterations
saturation   [  53% ] 295/300 VUs  06m24.0s/12m0s  12.00 iters/s

running (06m25.0s), 302/302 VUs, 1271 complete and 0 interrupted iterations
saturation   [  53% ] 302/302 VUs  06m25.0s/12m0s  12.08 iters/s

running (06m26.0s), 301/304 VUs, 1282 complete and 0 interrupted iterations
saturation   [  54% ] 301/304 VUs  06m26.0s/12m0s  12.16 iters/s

running (06m27.0s), 302/304 VUs, 1293 complete and 0 interrupted iterations
saturation   [  54% ] 302/304 VUs  06m27.0s/12m0s  12.24 iters/s

running (06m28.0s), 304/306 VUs, 1302 complete and 0 interrupted iterations
saturation   [  54% ] 304/306 VUs  06m28.0s/12m0s  12.33 iters/s

running (06m29.0s), 310/311 VUs, 1303 complete and 0 interrupted iterations
saturation   [  54% ] 310/311 VUs  06m29.0s/12m0s  12.41 iters/s

running (06m30.0s), 310/312 VUs, 1314 complete and 0 interrupted iterations
saturation   [  54% ] 310/312 VUs  06m30.0s/12m0s  12.49 iters/s

running (06m31.0s), 312/313 VUs, 1324 complete and 0 interrupted iterations
saturation   [  54% ] 312/313 VUs  06m31.0s/12m0s  12.58 iters/s

running (06m32.0s), 315/316 VUs, 1331 complete and 0 interrupted iterations
saturation   [  54% ] 315/316 VUs  06m32.0s/12m0s  12.67 iters/s

running (06m33.0s), 319/319 VUs, 1336 complete and 0 interrupted iterations
saturation   [  55% ] 319/319 VUs  06m33.0s/12m0s  12.74 iters/s

running (06m34.0s), 322/323 VUs, 1342 complete and 0 interrupted iterations
saturation   [  55% ] 322/323 VUs  06m34.0s/12m0s  12.83 iters/s

running (06m35.0s), 323/324 VUs, 1353 complete and 0 interrupted iterations
saturation   [  55% ] 323/324 VUs  06m35.0s/12m0s  12.91 iters/s

running (06m36.0s), 323/328 VUs, 1362 complete and 0 interrupted iterations
saturation   [  55% ] 323/328 VUs  06m36.0s/12m0s  13.00 iters/s

running (06m37.0s), 329/329 VUs, 1368 complete and 0 interrupted iterations
saturation   [  55% ] 329/329 VUs  06m37.0s/12m0s  13.08 iters/s

running (06m38.0s), 326/331 VUs, 1382 complete and 0 interrupted iterations
saturation   [  55% ] 326/331 VUs  06m38.0s/12m0s  13.16 iters/s

running (06m39.0s), 334/334 VUs, 1384 complete and 0 interrupted iterations
saturation   [  55% ] 334/334 VUs  06m39.0s/12m0s  13.24 iters/s

running (06m40.0s), 335/336 VUs, 1395 complete and 0 interrupted iterations
saturation   [  56% ] 335/336 VUs  06m40.0s/12m0s  13.33 iters/s

running (06m41.0s), 338/338 VUs, 1403 complete and 0 interrupted iterations
saturation   [  56% ] 338/338 VUs  06m41.0s/12m0s  13.41 iters/s

running (06m42.0s), 339/343 VUs, 1410 complete and 0 interrupted iterations
saturation   [  56% ] 339/343 VUs  06m42.0s/12m0s  13.49 iters/s

running (06m43.0s), 343/343 VUs, 1420 complete and 0 interrupted iterations
saturation   [  56% ] 343/343 VUs  06m43.0s/12m0s  13.58 iters/s

running (06m44.0s), 343/348 VUs, 1429 complete and 0 interrupted iterations
saturation   [  56% ] 343/348 VUs  06m44.0s/12m0s  13.67 iters/s

running (06m45.0s), 350/352 VUs, 1431 complete and 0 interrupted iterations
saturation   [  56% ] 350/352 VUs  06m45.0s/12m0s  13.74 iters/s

running (06m46.0s), 352/353 VUs, 1442 complete and 0 interrupted iterations
saturation   [  56% ] 352/353 VUs  06m46.0s/12m0s  13.83 iters/s

running (06m47.0s), 356/356 VUs, 1449 complete and 0 interrupted iterations
saturation   [  57% ] 356/356 VUs  06m47.0s/12m0s  13.91 iters/s

running (06m48.0s), 359/359 VUs, 1457 complete and 0 interrupted iterations
saturation   [  57% ] 359/359 VUs  06m48.0s/12m0s  14.00 iters/s

running (06m49.0s), 359/365 VUs, 1465 complete and 0 interrupted iterations
saturation   [  57% ] 359/365 VUs  06m49.0s/12m0s  14.08 iters/s

running (06m50.0s), 369/369 VUs, 1465 complete and 0 interrupted iterations
saturation   [  57% ] 369/369 VUs  06m50.0s/12m0s  14.16 iters/s

running (06m51.0s), 370/371 VUs, 1476 complete and 0 interrupted iterations
saturation   [  57% ] 370/371 VUs  06m51.0s/12m0s  14.24 iters/s

running (06m52.0s), 371/374 VUs, 1487 complete and 0 interrupted iterations
saturation   [  57% ] 371/374 VUs  06m52.0s/12m0s  14.33 iters/s

running (06m53.0s), 378/378 VUs, 1490 complete and 0 interrupted iterations
saturation   [  57% ] 378/378 VUs  06m53.0s/12m0s  14.41 iters/s

running (06m54.0s), 380/381 VUs, 1499 complete and 0 interrupted iterations
saturation   [  57% ] 380/381 VUs  06m54.0s/12m0s  14.49 iters/s

running (06m55.0s), 382/382 VUs, 1511 complete and 0 interrupted iterations
saturation   [  58% ] 382/382 VUs  06m55.0s/12m0s  14.58 iters/s

running (06m56.0s), 389/390 VUs, 1511 complete and 0 interrupted iterations
saturation   [  58% ] 389/390 VUs  06m56.0s/12m0s  14.67 iters/s

running (06m57.0s), 392/396 VUs, 1516 complete and 0 interrupted iterations
saturation   [  58% ] 392/396 VUs  06m57.0s/12m0s  14.75 iters/s

running (06m58.0s), 395/396 VUs, 1528 complete and 0 interrupted iterations
saturation   [  58% ] 395/396 VUs  06m58.0s/12m0s  14.83 iters/s

running (06m59.0s), 399/401 VUs, 1534 complete and 0 interrupted iterations
saturation   [  58% ] 399/401 VUs  06m59.0s/12m0s  14.91 iters/s

running (07m00.0s), 400/401 VUs, 1548 complete and 0 interrupted iterations
saturation   [  58% ] 400/401 VUs  07m00.0s/12m0s  15.00 iters/s

running (07m01.0s), 398/406 VUs, 1560 complete and 0 interrupted iterations
saturation   [  58% ] 398/406 VUs  07m01.0s/12m0s  15.08 iters/s

running (07m02.0s), 406/406 VUs, 1567 complete and 0 interrupted iterations
saturation   [  59% ] 406/406 VUs  07m02.0s/12m0s  15.16 iters/s

running (07m03.0s), 402/410 VUs, 1582 complete and 0 interrupted iterations
saturation   [  59% ] 402/410 VUs  07m03.0s/12m0s  15.25 iters/s

running (07m04.0s), 411/411 VUs, 1587 complete and 0 interrupted iterations
saturation   [  59% ] 411/411 VUs  07m04.0s/12m0s  15.33 iters/s

running (07m05.0s), 419/419 VUs, 1587 complete and 0 interrupted iterations
saturation   [  59% ] 419/419 VUs  07m05.0s/12m0s  15.41 iters/s

running (07m06.0s), 413/424 VUs, 1603 complete and 0 interrupted iterations
saturation   [  59% ] 413/424 VUs  07m06.0s/12m0s  15.49 iters/s

running (07m07.0s), 424/425 VUs, 1607 complete and 0 interrupted iterations
saturation   [  59% ] 424/425 VUs  07m07.0s/12m0s  15.58 iters/s

running (07m08.0s), 421/428 VUs, 1623 complete and 0 interrupted iterations
saturation   [  59% ] 421/428 VUs  07m08.0s/12m0s  15.67 iters/s

running (07m09.0s), 430/430 VUs, 1627 complete and 0 interrupted iterations
saturation   [  60% ] 430/430 VUs  07m09.0s/12m0s  15.75 iters/s

running (07m10.0s), 427/435 VUs, 1641 complete and 0 interrupted iterations
saturation   [  60% ] 427/435 VUs  07m10.0s/12m0s  15.83 iters/s

running (07m11.0s), 436/436 VUs, 1647 complete and 0 interrupted iterations
saturation   [  60% ] 436/436 VUs  07m11.0s/12m0s  15.91 iters/s

running (07m12.0s), 434/440 VUs, 1661 complete and 0 interrupted iterations
saturation   [  60% ] 434/440 VUs  07m12.0s/12m0s  16.00 iters/s

running (07m13.0s), 442/442 VUs, 1667 complete and 0 interrupted iterations
saturation   [  60% ] 442/442 VUs  07m13.0s/12m0s  16.08 iters/s

running (07m14.0s), 448/449 VUs, 1670 complete and 0 interrupted iterations
saturation   [  60% ] 448/449 VUs  07m14.0s/12m0s  16.16 iters/s

running (07m15.0s), 446/450 VUs, 1687 complete and 0 interrupted iterations
saturation   [  60% ] 446/450 VUs  07m15.0s/12m0s  16.25 iters/s

running (07m16.0s), 455/456 VUs, 1688 complete and 0 interrupted iterations
saturation   [  61% ] 455/456 VUs  07m16.0s/12m0s  16.33 iters/s

running (07m17.0s), 453/456 VUs, 1707 complete and 0 interrupted iterations
saturation   [  61% ] 453/456 VUs  07m17.0s/12m0s  16.41 iters/s

running (07m18.0s), 462/463 VUs, 1707 complete and 0 interrupted iterations
saturation   [  61% ] 462/463 VUs  07m18.0s/12m0s  16.49 iters/s

running (07m19.0s), 471/471 VUs, 1707 complete and 0 interrupted iterations
saturation   [  61% ] 471/471 VUs  07m19.0s/12m0s  16.58 iters/s

running (07m20.0s), 465/473 VUs, 1727 complete and 0 interrupted iterations
saturation   [  61% ] 465/473 VUs  07m20.0s/12m0s  16.66 iters/s

running (07m21.0s), 474/477 VUs, 1731 complete and 0 interrupted iterations
saturation   [  61% ] 474/477 VUs  07m21.0s/12m0s  16.75 iters/s

running (07m22.0s), 481/481 VUs, 1737 complete and 0 interrupted iterations
saturation   [  61% ] 481/481 VUs  07m22.0s/12m0s  16.83 iters/s

running (07m23.0s), 479/486 VUs, 1751 complete and 0 interrupted iterations
saturation   [  62% ] 479/486 VUs  07m23.0s/12m0s  16.91 iters/s

running (07m24.0s), 490/490 VUs, 1753 complete and 0 interrupted iterations
saturation   [  62% ] 490/490 VUs  07m24.0s/12m0s  17.00 iters/s

running (07m25.0s), 493/494 VUs, 1763 complete and 0 interrupted iterations
saturation   [  62% ] 493/494 VUs  07m25.0s/12m0s  17.08 iters/s

running (07m26.0s), 497/497 VUs, 1773 complete and 0 interrupted iterations
saturation   [  62% ] 497/497 VUs  07m26.0s/12m0s  17.16 iters/s

running (07m27.0s), 499/501 VUs, 1784 complete and 0 interrupted iterations
saturation   [  62% ] 499/501 VUs  07m27.0s/12m0s  17.25 iters/s

running (07m28.0s), 504/504 VUs, 1793 complete and 0 interrupted iterations
saturation   [  62% ] 504/504 VUs  07m28.0s/12m0s  17.33 iters/s

running (07m29.0s), 510/510 VUs, 1799 complete and 0 interrupted iterations
saturation   [  62% ] 510/510 VUs  07m29.0s/12m0s  17.41 iters/s

running (07m30.0s), 509/514 VUs, 1813 complete and 0 interrupted iterations
saturation   [  62% ] 509/514 VUs  07m30.0s/12m0s  17.50 iters/s

running (07m31.0s), 518/520 VUs, 1816 complete and 0 interrupted iterations
saturation   [  63% ] 518/520 VUs  07m31.0s/12m0s  17.58 iters/s

running (07m32.0s), 523/524 VUs, 1824 complete and 0 interrupted iterations
saturation   [  63% ] 523/524 VUs  07m32.0s/12m0s  17.66 iters/s

running (07m33.0s), 528/528 VUs, 1833 complete and 0 interrupted iterations
saturation   [  63% ] 528/528 VUs  07m33.0s/12m0s  17.75 iters/s

running (07m34.0s), 528/534 VUs, 1845 complete and 0 interrupted iterations
saturation   [  63% ] 528/534 VUs  07m34.0s/12m0s  17.83 iters/s

running (07m35.0s), 536/536 VUs, 1853 complete and 0 interrupted iterations
saturation   [  63% ] 536/536 VUs  07m35.0s/12m0s  17.91 iters/s

running (07m36.0s), 543/544 VUs, 1856 complete and 0 interrupted iterations
saturation   [  63% ] 543/544 VUs  07m36.0s/12m0s  18.00 iters/s

running (07m37.0s), 546/547 VUs, 1868 complete and 0 interrupted iterations
saturation   [  63% ] 546/547 VUs  07m37.0s/12m0s  18.08 iters/s

running (07m38.0s), 553/553 VUs, 1873 complete and 0 interrupted iterations
saturation   [  64% ] 553/553 VUs  07m38.0s/12m0s  18.16 iters/s

running (07m39.0s), 554/555 VUs, 1888 complete and 0 interrupted iterations
saturation   [  64% ] 554/555 VUs  07m39.0s/12m0s  18.25 iters/s

running (07m40.0s), 561/561 VUs, 1893 complete and 0 interrupted iterations
saturation   [  64% ] 561/561 VUs  07m40.0s/12m0s  18.33 iters/s

running (07m41.0s), 559/563 VUs, 1912 complete and 0 interrupted iterations
saturation   [  64% ] 559/563 VUs  07m41.0s/12m0s  18.41 iters/s

running (07m42.0s), 569/570 VUs, 1913 complete and 0 interrupted iterations
saturation   [  64% ] 569/570 VUs  07m42.0s/12m0s  18.50 iters/s

running (07m43.0s), 566/575 VUs, 1930 complete and 0 interrupted iterations
saturation   [  64% ] 566/575 VUs  07m43.0s/12m0s  18.58 iters/s

running (07m44.0s), 579/580 VUs, 1930 complete and 0 interrupted iterations
saturation   [  64% ] 579/580 VUs  07m44.0s/12m0s  18.66 iters/s

running (07m45.0s), 581/582 VUs, 1945 complete and 0 interrupted iterations
saturation   [  65% ] 581/582 VUs  07m45.0s/12m0s  18.75 iters/s

running (07m46.0s), 587/587 VUs, 1953 complete and 0 interrupted iterations
saturation   [  65% ] 587/587 VUs  07m46.0s/12m0s  18.83 iters/s

running (07m47.0s), 583/590 VUs, 1973 complete and 0 interrupted iterations
saturation   [  65% ] 583/590 VUs  07m47.0s/12m0s  18.91 iters/s

running (07m48.0s), 596/596 VUs, 1973 complete and 0 interrupted iterations
saturation   [  65% ] 596/596 VUs  07m48.0s/12m0s  19.00 iters/s

running (07m49.0s), 597/601 VUs, 1986 complete and 0 interrupted iterations
saturation   [  65% ] 597/601 VUs  07m49.0s/12m0s  19.08 iters/s

running (07m50.0s), 601/603 VUs, 1999 complete and 0 interrupted iterations
saturation   [  65% ] 601/603 VUs  07m50.0s/12m0s  19.16 iters/s

running (07m51.0s), 604/605 VUs, 2013 complete and 0 interrupted iterations
saturation   [  65% ] 604/605 VUs  07m51.0s/12m0s  19.25 iters/s

running (07m52.0s), 610/611 VUs, 2020 complete and 0 interrupted iterations
saturation   [  66% ] 610/611 VUs  07m52.0s/12m0s  19.33 iters/s

running (07m53.0s), 614/614 VUs, 2033 complete and 0 interrupted iterations
saturation   [  66% ] 614/614 VUs  07m53.0s/12m0s  19.41 iters/s

running (07m54.0s), 622/622 VUs, 2036 complete and 0 interrupted iterations
saturation   [  66% ] 622/622 VUs  07m54.0s/12m0s  19.50 iters/s

running (07m55.0s), 623/624 VUs, 2053 complete and 0 interrupted iterations
saturation   [  66% ] 623/624 VUs  07m55.0s/12m0s  19.58 iters/s

running (07m56.0s), 633/633 VUs, 2053 complete and 0 interrupted iterations
saturation   [  66% ] 633/633 VUs  07m56.0s/12m0s  19.66 iters/s

running (07m57.0s), 633/636 VUs, 2070 complete and 0 interrupted iterations
saturation   [  66% ] 633/636 VUs  07m57.0s/12m0s  19.75 iters/s

running (07m58.0s), 643/643 VUs, 2073 complete and 0 interrupted iterations
saturation   [  66% ] 643/643 VUs  07m58.0s/12m0s  19.83 iters/s

================ DSP benchmark summary ================
-- per-phase latency --
  catalog                    p50=139.9 ms  p95=672.5 ms  p99=908.9 ms  max=1168.9 ms  n=2711
  negotiation init (POST)    p50=37.7 ms  p95=115.6 ms  p99=169.3 ms  max=273.9 ms  n=2711
  time-to-AGREED (async)     p50=4323.0 ms  p95=22452.0 ms  p99=26255.4 ms  max=28427.0 ms  n=2313
  transfer init (POST)       p50=78.2 ms  p95=192.9 ms  p99=268.4 ms  max=432.7 ms  n=2313
  time-to-EDR (async)        p50=5313.0 ms  p95=26807.8 ms  p99=29246.5 ms  max=29603.0 ms  n=1032
  data pull                  p50=26.2 ms  p95=46.2 ms  p99=48.6 ms  max=88.5 ms  n=1032
-- end-to-end + throughput --
  e2e transaction            p50=9128.5 ms  p95=30725.0 ms  p99=33879.8 ms  max=35118.0 ms  n=1032
  data throughput (MB/s)     p50=0.2  p95=0.2  p99=0.2  max=0.2  n=1032
-- outcomes --
  transactions succeeded     count=1032  rate=2.158/s
  transactions failed        count=1041  rate=2.176/s
  failed rate                rate=50.22%  (pass=1041 fail=1032)
-- observer effect (poll load) --
  negotiation polls          count=84046  rate=175.717/s
  edr polls                  count=180255  rate=376.863/s
=======================================================
(full summary -> /home/rohitj/edc/benchmarking-factoryx-edc/resources/local-fx-mvd/k6-scripts/results/factoryx/saturation-open/2026-07-29T16-31-08Z/k6-summary.json; POLL_INTERVAL_MS=250; IDENTITY_MODE=on)

running (07m58.3s), 000/643 VUs, 2073 complete and 643 interrupted iterations
saturation ✗ [  66% ] 597/643 VUs  07m58.1s/12m0s  19.83 iters/s
time="2026-07-29T16:40:12Z" level=error msg="thresholds on metrics 'dsp_transaction_failed_rate' were crossed; at least one has abortOnFail enabled, stopping test prematurely"
Prometheus snapshot [1785342733..1785343227] svc=(provider-controlplane|provider-dataplane|consumer-controlplane|consumer-dataplane) win=1m -> /home/rohitj/edc/benchmarking-factoryx-edc/resources/local-fx-mvd/k6-scripts/results/factoryx/saturation-open/2026-07-29T16-31-08Z
  jvm-heap.csv (396 rows)
  jvm-gc-rate.csv (396 rows)
  jvm-threads.csv (396 rows)
  http-throughput.csv (396 rows)
  http-p95.csv (396 rows)
  http-errors.csv (198 rows)
  host-cpu-busy.csv (99 rows)
  host-mem-used.csv (99 rows)
>>> done: /home/rohitj/edc/benchmarking-factoryx-edc/resources/local-fx-mvd/k6-scripts/results/factoryx/saturation-open/2026-07-29T16-31-08Z  (k6 exit 99)
  (saturation-open rep 2 exited non-zero)
----- factoryx / steady (rep 2) -----
>>> factoryx / steady  ->  /home/rohitj/edc/benchmarking-factoryx-edc/resources/local-fx-mvd/k6-scripts/results/factoryx/steady/2026-07-29T16-40-27Z
parity OK: lib/ + scenarios/ identical to /home/rohitj/edc/benchmarking-factoryx-edc/resources/local-fx-mvd/k6-scripts
Health: http://localhost:29010/management + prometheus  OK
Warmup 60s @ 2/s (discarded)
  (warmup non-zero exit ignored)

         /\      Grafana   /‾‾/  
    /\  /  \     |\  __   /  /   
   /  \/    \    | |/ /  /   ‾‾\ 
  /          \   |   (  |  (‾)  |
 / __________ \  |_|\_\  \_____/ 


     execution: local
        script: /home/rohitj/edc/benchmarking-factoryx-edc/resources/local-fx-mvd/k6-scripts/scenarios/steady.js
        output: -

     scenarios: (100.00%) 1 scenario, 200 max VUs, 10m30s max duration (incl. graceful stop):
              * steady: 5.00 iterations/s for 10m0s (maxVUs: 50-200, gracefulStop: 30s)


running (00m01.0s), 005/050 VUs, 0 complete and 0 interrupted iterations
steady   [   0% ] 005/050 VUs  00m01.0s/10m0s  5.00 iters/s

running (00m02.0s), 010/050 VUs, 0 complete and 0 interrupted iterations
steady   [   0% ] 010/050 VUs  00m02.0s/10m0s  5.00 iters/s

running (00m03.0s), 015/050 VUs, 0 complete and 0 interrupted iterations
steady   [   0% ] 015/050 VUs  00m03.0s/10m0s  5.00 iters/s

running (00m04.0s), 020/050 VUs, 0 complete and 0 interrupted iterations
steady   [   1% ] 020/050 VUs  00m04.0s/10m0s  5.00 iters/s

running (00m05.0s), 025/050 VUs, 0 complete and 0 interrupted iterations
steady   [   1% ] 025/050 VUs  00m05.0s/10m0s  5.00 iters/s

running (00m06.0s), 030/050 VUs, 0 complete and 0 interrupted iterations
steady   [   1% ] 030/050 VUs  00m06.0s/10m0s  5.00 iters/s

running (00m07.0s), 035/050 VUs, 0 complete and 0 interrupted iterations
steady   [   1% ] 035/050 VUs  00m07.0s/10m0s  5.00 iters/s

running (00m08.0s), 040/050 VUs, 0 complete and 0 interrupted iterations
steady   [   1% ] 040/050 VUs  00m08.0s/10m0s  5.00 iters/s

running (00m09.0s), 045/050 VUs, 0 complete and 0 interrupted iterations
steady   [   1% ] 045/050 VUs  00m09.0s/10m0s  5.00 iters/s

running (00m10.0s), 050/050 VUs, 0 complete and 0 interrupted iterations
steady   [   2% ] 050/050 VUs  00m10.0s/10m0s  5.00 iters/s

running (00m11.0s), 052/053 VUs, 0 complete and 0 interrupted iterations
steady   [   2% ] 052/053 VUs  00m11.0s/10m0s  5.00 iters/s

running (00m12.0s), 055/055 VUs, 0 complete and 0 interrupted iterations
steady   [   2% ] 055/055 VUs  00m12.0s/10m0s  5.00 iters/s

running (00m13.0s), 057/058 VUs, 0 complete and 0 interrupted iterations
steady   [   2% ] 057/058 VUs  00m13.0s/10m0s  5.00 iters/s

running (00m14.0s), 060/060 VUs, 0 complete and 0 interrupted iterations
steady   [   2% ] 060/060 VUs  00m14.0s/10m0s  5.00 iters/s

running (00m15.0s), 062/063 VUs, 0 complete and 0 interrupted iterations
steady   [   2% ] 062/063 VUs  00m15.0s/10m0s  5.00 iters/s

running (00m16.0s), 065/065 VUs, 0 complete and 0 interrupted iterations
steady   [   3% ] 065/065 VUs  00m16.0s/10m0s  5.00 iters/s

running (00m17.0s), 067/068 VUs, 0 complete and 0 interrupted iterations
steady   [   3% ] 067/068 VUs  00m17.0s/10m0s  5.00 iters/s

running (00m18.0s), 070/070 VUs, 0 complete and 0 interrupted iterations
steady   [   3% ] 070/070 VUs  00m18.0s/10m0s  5.00 iters/s

running (00m19.0s), 072/073 VUs, 0 complete and 0 interrupted iterations
steady   [   3% ] 072/073 VUs  00m19.0s/10m0s  5.00 iters/s

running (00m20.0s), 075/075 VUs, 0 complete and 0 interrupted iterations
steady   [   3% ] 075/075 VUs  00m20.0s/10m0s  5.00 iters/s

running (00m21.0s), 077/078 VUs, 0 complete and 0 interrupted iterations
steady   [   3% ] 077/078 VUs  00m21.0s/10m0s  5.00 iters/s

running (00m22.0s), 080/080 VUs, 0 complete and 0 interrupted iterations
steady   [   4% ] 080/080 VUs  00m22.0s/10m0s  5.00 iters/s

running (00m23.0s), 082/083 VUs, 0 complete and 0 interrupted iterations
steady   [   4% ] 082/083 VUs  00m23.0s/10m0s  5.00 iters/s

running (00m24.0s), 085/085 VUs, 0 complete and 0 interrupted iterations
steady   [   4% ] 085/085 VUs  00m24.0s/10m0s  5.00 iters/s

running (00m25.0s), 087/088 VUs, 0 complete and 0 interrupted iterations
steady   [   4% ] 087/088 VUs  00m25.0s/10m0s  5.00 iters/s

running (00m26.0s), 090/090 VUs, 0 complete and 0 interrupted iterations
steady   [   4% ] 090/090 VUs  00m26.0s/10m0s  5.00 iters/s

running (00m27.0s), 092/093 VUs, 0 complete and 0 interrupted iterations
steady   [   4% ] 092/093 VUs  00m27.0s/10m0s  5.00 iters/s

running (00m28.0s), 095/095 VUs, 0 complete and 0 interrupted iterations
steady   [   5% ] 095/095 VUs  00m28.0s/10m0s  5.00 iters/s

running (00m29.0s), 097/098 VUs, 0 complete and 0 interrupted iterations
steady   [   5% ] 097/098 VUs  00m29.0s/10m0s  5.00 iters/s

running (00m30.0s), 100/100 VUs, 0 complete and 0 interrupted iterations
steady   [   5% ] 100/100 VUs  00m30.0s/10m0s  5.00 iters/s

running (00m31.0s), 102/103 VUs, 0 complete and 0 interrupted iterations
steady   [   5% ] 102/103 VUs  00m31.0s/10m0s  5.00 iters/s

running (00m32.0s), 105/105 VUs, 0 complete and 0 interrupted iterations
steady   [   5% ] 105/105 VUs  00m32.0s/10m0s  5.00 iters/s

running (00m33.0s), 107/108 VUs, 0 complete and 0 interrupted iterations
steady   [   5% ] 107/108 VUs  00m33.0s/10m0s  5.00 iters/s

running (00m34.0s), 110/110 VUs, 0 complete and 0 interrupted iterations
steady   [   6% ] 110/110 VUs  00m34.0s/10m0s  5.00 iters/s

running (00m35.0s), 112/113 VUs, 0 complete and 0 interrupted iterations
steady   [   6% ] 112/113 VUs  00m35.0s/10m0s  5.00 iters/s

running (00m36.0s), 107/113 VUs, 10 complete and 0 interrupted iterations
steady   [   6% ] 107/113 VUs  00m36.0s/10m0s  5.00 iters/s

running (00m37.0s), 112/113 VUs, 10 complete and 0 interrupted iterations
steady   [   6% ] 112/113 VUs  00m37.0s/10m0s  5.00 iters/s

running (00m38.0s), 108/115 VUs, 17 complete and 0 interrupted iterations
steady   [   6% ] 108/115 VUs  00m38.0s/10m0s  5.00 iters/s

running (00m39.0s), 111/115 VUs, 19 complete and 0 interrupted iterations
steady   [   6% ] 111/115 VUs  00m39.0s/10m0s  5.00 iters/s

running (00m40.0s), 115/116 VUs, 19 complete and 0 interrupted iterations
steady   [   7% ] 115/116 VUs  00m40.0s/10m0s  5.00 iters/s

running (00m41.0s), 118/118 VUs, 19 complete and 0 interrupted iterations
steady   [   7% ] 118/118 VUs  00m41.0s/10m0s  5.00 iters/s

running (00m42.0s), 112/120 VUs, 28 complete and 0 interrupted iterations
steady   [   7% ] 112/120 VUs  00m42.0s/10m0s  5.00 iters/s

running (00m43.0s), 102/120 VUs, 43 complete and 0 interrupted iterations
steady   [   7% ] 102/120 VUs  00m43.0s/10m0s  5.00 iters/s

running (00m44.0s), 099/120 VUs, 51 complete and 0 interrupted iterations
steady   [   7% ] 099/120 VUs  00m44.0s/10m0s  5.00 iters/s

running (00m45.0s), 098/120 VUs, 57 complete and 0 interrupted iterations
steady   [   7% ] 098/120 VUs  00m45.0s/10m0s  5.00 iters/s

running (00m46.0s), 102/120 VUs, 58 complete and 0 interrupted iterations
steady   [   8% ] 102/120 VUs  00m46.0s/10m0s  5.00 iters/s

running (00m47.0s), 106/120 VUs, 59 complete and 0 interrupted iterations
steady   [   8% ] 106/120 VUs  00m47.0s/10m0s  5.00 iters/s

running (00m48.0s), 108/120 VUs, 62 complete and 0 interrupted iterations
steady   [   8% ] 108/120 VUs  00m48.0s/10m0s  5.00 iters/s

running (00m49.0s), 113/120 VUs, 62 complete and 0 interrupted iterations
steady   [   8% ] 113/120 VUs  00m49.0s/10m0s  5.00 iters/s

running (00m50.0s), 111/120 VUs, 69 complete and 0 interrupted iterations
steady   [   8% ] 111/120 VUs  00m50.0s/10m0s  5.00 iters/s

running (00m51.0s), 116/120 VUs, 69 complete and 0 interrupted iterations
steady   [   8% ] 116/120 VUs  00m51.0s/10m0s  5.00 iters/s

running (00m52.0s), 117/120 VUs, 73 complete and 0 interrupted iterations
steady   [   9% ] 117/120 VUs  00m52.0s/10m0s  5.00 iters/s

running (00m53.0s), 120/120 VUs, 75 complete and 0 interrupted iterations
steady   [   9% ] 120/120 VUs  00m53.0s/10m0s  5.00 iters/s

running (00m54.0s), 122/123 VUs, 75 complete and 0 interrupted iterations
steady   [   9% ] 122/123 VUs  00m54.0s/10m0s  5.00 iters/s

running (00m55.0s), 123/124 VUs, 78 complete and 0 interrupted iterations
steady   [   9% ] 123/124 VUs  00m55.0s/10m0s  5.00 iters/s

running (00m56.0s), 122/126 VUs, 82 complete and 0 interrupted iterations
steady   [   9% ] 122/126 VUs  00m56.0s/10m0s  5.00 iters/s

running (00m57.0s), 126/127 VUs, 82 complete and 0 interrupted iterations
steady   [   9% ] 126/127 VUs  00m57.0s/10m0s  5.00 iters/s

running (00m58.0s), 126/128 VUs, 86 complete and 0 interrupted iterations
steady   [  10% ] 126/128 VUs  00m58.0s/10m0s  5.00 iters/s

running (00m59.0s), 127/130 VUs, 88 complete and 0 interrupted iterations
steady   [  10% ] 127/130 VUs  00m59.0s/10m0s  5.00 iters/s

running (01m00.0s), 126/130 VUs, 94 complete and 0 interrupted iterations
steady   [  10% ] 126/130 VUs  01m00.0s/10m0s  5.00 iters/s

running (01m01.0s), 128/130 VUs, 97 complete and 0 interrupted iterations
steady   [  10% ] 128/130 VUs  01m01.0s/10m0s  5.00 iters/s

running (01m02.0s), 131/132 VUs, 97 complete and 0 interrupted iterations
steady   [  10% ] 131/132 VUs  01m02.0s/10m0s  5.00 iters/s

running (01m03.0s), 133/133 VUs, 99 complete and 0 interrupted iterations
steady   [  10% ] 133/133 VUs  01m03.0s/10m0s  5.00 iters/s

running (01m04.0s), 132/135 VUs, 103 complete and 0 interrupted iterations
steady   [  11% ] 132/135 VUs  01m04.0s/10m0s  5.00 iters/s

running (01m05.0s), 136/136 VUs, 103 complete and 0 interrupted iterations
steady   [  11% ] 136/136 VUs  01m05.0s/10m0s  5.00 iters/s

running (01m06.0s), 138/139 VUs, 103 complete and 0 interrupted iterations
steady   [  11% ] 138/139 VUs  01m06.0s/10m0s  5.00 iters/s

running (01m07.0s), 135/140 VUs, 110 complete and 0 interrupted iterations
steady   [  11% ] 135/140 VUs  01m07.0s/10m0s  5.00 iters/s

running (01m08.0s), 140/140 VUs, 110 complete and 0 interrupted iterations
steady   [  11% ] 140/140 VUs  01m08.0s/10m0s  5.00 iters/s

running (01m09.0s), 140/141 VUs, 114 complete and 0 interrupted iterations
steady   [  11% ] 140/141 VUs  01m09.0s/10m0s  5.00 iters/s

running (01m10.0s), 143/143 VUs, 114 complete and 0 interrupted iterations
steady   [  12% ] 143/143 VUs  01m10.0s/10m0s  5.00 iters/s

running (01m11.0s), 137/145 VUs, 123 complete and 0 interrupted iterations
steady   [  12% ] 137/145 VUs  01m11.0s/10m0s  5.00 iters/s

running (01m12.0s), 135/145 VUs, 130 complete and 0 interrupted iterations
steady   [  12% ] 135/145 VUs  01m12.0s/10m0s  5.00 iters/s

running (01m13.0s), 134/145 VUs, 136 complete and 0 interrupted iterations
steady   [  12% ] 134/145 VUs  01m13.0s/10m0s  5.00 iters/s

running (01m14.0s), 139/145 VUs, 136 complete and 0 interrupted iterations
steady   [  12% ] 139/145 VUs  01m14.0s/10m0s  5.00 iters/s

running (01m15.0s), 144/145 VUs, 136 complete and 0 interrupted iterations
steady   [  12% ] 144/145 VUs  01m15.0s/10m0s  5.00 iters/s

running (01m16.0s), 141/147 VUs, 142 complete and 0 interrupted iterations
steady   [  13% ] 141/147 VUs  01m16.0s/10m0s  5.00 iters/s

running (01m17.0s), 144/147 VUs, 144 complete and 0 interrupted iterations
steady   [  13% ] 144/147 VUs  01m17.0s/10m0s  5.00 iters/s

running (01m18.0s), 148/148 VUs, 144 complete and 0 interrupted iterations
steady   [  13% ] 148/148 VUs  01m18.0s/10m0s  5.00 iters/s

running (01m19.0s), 140/149 VUs, 156 complete and 0 interrupted iterations
steady   [  13% ] 140/149 VUs  01m19.0s/10m0s  5.00 iters/s

running (01m20.0s), 139/149 VUs, 162 complete and 0 interrupted iterations
steady   [  13% ] 139/149 VUs  01m20.0s/10m0s  5.00 iters/s

running (01m21.0s), 137/149 VUs, 169 complete and 0 interrupted iterations
steady   [  13% ] 137/149 VUs  01m21.0s/10m0s  5.00 iters/s

running (01m22.0s), 134/149 VUs, 177 complete and 0 interrupted iterations
steady   [  14% ] 134/149 VUs  01m22.0s/10m0s  5.00 iters/s

running (01m23.0s), 139/149 VUs, 177 complete and 0 interrupted iterations
steady   [  14% ] 139/149 VUs  01m23.0s/10m0s  5.00 iters/s

running (01m24.0s), 138/149 VUs, 183 complete and 0 interrupted iterations
steady   [  14% ] 138/149 VUs  01m24.0s/10m0s  5.00 iters/s

running (01m25.0s), 142/149 VUs, 184 complete and 0 interrupted iterations
steady   [  14% ] 142/149 VUs  01m25.0s/10m0s  5.00 iters/s

running (01m26.0s), 138/149 VUs, 193 complete and 0 interrupted iterations
steady   [  14% ] 138/149 VUs  01m26.0s/10m0s  5.00 iters/s

running (01m27.0s), 137/149 VUs, 199 complete and 0 interrupted iterations
steady   [  14% ] 137/149 VUs  01m27.0s/10m0s  5.00 iters/s

running (01m28.0s), 137/149 VUs, 204 complete and 0 interrupted iterations
steady   [  15% ] 137/149 VUs  01m28.0s/10m0s  5.00 iters/s

running (01m29.0s), 142/149 VUs, 204 complete and 0 interrupted iterations
steady   [  15% ] 142/149 VUs  01m29.0s/10m0s  5.00 iters/s

running (01m30.0s), 143/149 VUs, 208 complete and 0 interrupted iterations
steady   [  15% ] 143/149 VUs  01m30.0s/10m0s  5.00 iters/s

running (01m31.0s), 148/149 VUs, 208 complete and 0 interrupted iterations
steady   [  15% ] 148/149 VUs  01m31.0s/10m0s  5.00 iters/s

running (01m32.0s), 149/149 VUs, 212 complete and 0 interrupted iterations
steady   [  15% ] 149/149 VUs  01m32.0s/10m0s  5.00 iters/s

running (01m33.0s), 151/152 VUs, 212 complete and 0 interrupted iterations
steady   [  15% ] 151/152 VUs  01m33.0s/10m0s  5.00 iters/s

running (01m34.0s), 145/153 VUs, 222 complete and 0 interrupted iterations
steady   [  16% ] 145/153 VUs  01m34.0s/10m0s  5.00 iters/s

running (01m35.0s), 150/153 VUs, 222 complete and 0 interrupted iterations
steady   [  16% ] 150/153 VUs  01m35.0s/10m0s  5.00 iters/s

running (01m36.0s), 148/153 VUs, 229 complete and 0 interrupted iterations
steady   [  16% ] 148/153 VUs  01m36.0s/10m0s  5.00 iters/s

running (01m37.0s), 153/153 VUs, 229 complete and 0 interrupted iterations
steady   [  16% ] 153/153 VUs  01m37.0s/10m0s  5.00 iters/s

running (01m38.0s), 150/154 VUs, 236 complete and 0 interrupted iterations
steady   [  16% ] 150/154 VUs  01m38.0s/10m0s  5.00 iters/s

running (01m39.0s), 154/155 VUs, 236 complete and 0 interrupted iterations
steady   [  16% ] 154/155 VUs  01m39.0s/10m0s  5.00 iters/s

running (01m40.0s), 151/156 VUs, 243 complete and 0 interrupted iterations
steady   [  17% ] 151/156 VUs  01m40.0s/10m0s  5.00 iters/s

running (01m41.0s), 152/156 VUs, 247 complete and 0 interrupted iterations
steady   [  17% ] 152/156 VUs  01m41.0s/10m0s  5.00 iters/s

running (01m42.0s), 151/157 VUs, 252 complete and 0 interrupted iterations
steady   [  17% ] 151/157 VUs  01m42.0s/10m0s  5.00 iters/s

running (01m43.0s), 149/157 VUs, 259 complete and 0 interrupted iterations
steady   [  17% ] 149/157 VUs  01m43.0s/10m0s  5.00 iters/s

running (01m44.0s), 149/157 VUs, 264 complete and 0 interrupted iterations
steady   [  17% ] 149/157 VUs  01m44.0s/10m0s  5.00 iters/s

running (01m45.0s), 149/157 VUs, 269 complete and 0 interrupted iterations
steady   [  17% ] 149/157 VUs  01m45.0s/10m0s  5.00 iters/s

running (01m46.0s), 149/157 VUs, 274 complete and 0 interrupted iterations
steady   [  18% ] 149/157 VUs  01m46.0s/10m0s  5.00 iters/s

running (01m47.0s), 149/157 VUs, 279 complete and 0 interrupted iterations
steady   [  18% ] 149/157 VUs  01m47.0s/10m0s  5.00 iters/s

running (01m48.0s), 149/157 VUs, 284 complete and 0 interrupted iterations
steady   [  18% ] 149/157 VUs  01m48.0s/10m0s  5.00 iters/s

running (01m49.0s), 154/157 VUs, 284 complete and 0 interrupted iterations
steady   [  18% ] 154/157 VUs  01m49.0s/10m0s  5.00 iters/s

running (01m50.0s), 153/158 VUs, 289 complete and 0 interrupted iterations
steady   [  18% ] 153/158 VUs  01m50.0s/10m0s  5.00 iters/s

running (01m51.0s), 157/158 VUs, 290 complete and 0 interrupted iterations
steady   [  18% ] 157/158 VUs  01m51.0s/10m0s  5.00 iters/s

running (01m52.0s), 157/160 VUs, 293 complete and 0 interrupted iterations
steady   [  19% ] 157/160 VUs  01m52.0s/10m0s  5.00 iters/s

running (01m53.0s), 161/161 VUs, 293 complete and 0 interrupted iterations
steady   [  19% ] 161/161 VUs  01m53.0s/10m0s  5.00 iters/s

running (01m54.0s), 154/163 VUs, 303 complete and 0 interrupted iterations
steady   [  19% ] 154/163 VUs  01m54.0s/10m0s  5.00 iters/s

running (01m55.0s), 153/163 VUs, 309 complete and 0 interrupted iterations
steady   [  19% ] 153/163 VUs  01m55.0s/10m0s  5.00 iters/s

running (01m56.0s), 153/163 VUs, 314 complete and 0 interrupted iterations
steady   [  19% ] 153/163 VUs  01m56.0s/10m0s  5.00 iters/s

running (01m57.0s), 149/163 VUs, 323 complete and 0 interrupted iterations
steady   [  19% ] 149/163 VUs  01m57.0s/10m0s  5.00 iters/s

running (01m58.0s), 154/163 VUs, 323 complete and 0 interrupted iterations
steady   [  20% ] 154/163 VUs  01m58.0s/10m0s  5.00 iters/s

running (01m59.0s), 152/163 VUs, 330 complete and 0 interrupted iterations
steady   [  20% ] 152/163 VUs  01m59.0s/10m0s  5.00 iters/s

running (02m00.0s), 153/163 VUs, 334 complete and 0 interrupted iterations
steady   [  20% ] 153/163 VUs  02m00.0s/10m0s  5.00 iters/s

running (02m01.0s), 158/163 VUs, 334 complete and 0 interrupted iterations
steady   [  20% ] 158/163 VUs  02m01.0s/10m0s  5.00 iters/s

running (02m02.0s), 151/163 VUs, 346 complete and 0 interrupted iterations
steady   [  20% ] 151/163 VUs  02m02.0s/10m0s  5.00 iters/s

running (02m03.0s), 155/163 VUs, 347 complete and 0 interrupted iterations
steady   [  20% ] 155/163 VUs  02m03.0s/10m0s  5.00 iters/s

running (02m04.0s), 160/163 VUs, 347 complete and 0 interrupted iterations
steady   [  21% ] 160/163 VUs  02m04.0s/10m0s  5.00 iters/s

running (02m05.0s), 164/164 VUs, 347 complete and 0 interrupted iterations
steady   [  21% ] 164/164 VUs  02m05.0s/10m0s  5.00 iters/s

running (02m06.0s), 152/165 VUs, 363 complete and 0 interrupted iterations
steady   [  21% ] 152/165 VUs  02m06.0s/10m0s  5.00 iters/s

running (02m07.0s), 151/165 VUs, 369 complete and 0 interrupted iterations
steady   [  21% ] 151/165 VUs  02m07.0s/10m0s  5.00 iters/s

running (02m08.0s), 149/165 VUs, 376 complete and 0 interrupted iterations
steady   [  21% ] 149/165 VUs  02m08.0s/10m0s  5.00 iters/s

running (02m09.0s), 149/165 VUs, 381 complete and 0 interrupted iterations
steady   [  21% ] 149/165 VUs  02m09.0s/10m0s  5.00 iters/s

running (02m10.0s), 152/165 VUs, 383 complete and 0 interrupted iterations
steady   [  22% ] 152/165 VUs  02m10.0s/10m0s  5.00 iters/s

running (02m11.0s), 157/165 VUs, 383 complete and 0 interrupted iterations
steady   [  22% ] 157/165 VUs  02m11.0s/10m0s  5.00 iters/s

running (02m12.0s), 155/165 VUs, 390 complete and 0 interrupted iterations
steady   [  22% ] 155/165 VUs  02m12.0s/10m0s  5.00 iters/s

running (02m13.0s), 157/165 VUs, 393 complete and 0 interrupted iterations
steady   [  22% ] 157/165 VUs  02m13.0s/10m0s  5.00 iters/s

running (02m14.0s), 162/165 VUs, 393 complete and 0 interrupted iterations
steady   [  22% ] 162/165 VUs  02m14.0s/10m0s  5.00 iters/s

running (02m15.0s), 158/165 VUs, 402 complete and 0 interrupted iterations
steady   [  22% ] 158/165 VUs  02m15.0s/10m0s  5.00 iters/s

running (02m16.0s), 163/165 VUs, 402 complete and 0 interrupted iterations
steady   [  23% ] 163/165 VUs  02m16.0s/10m0s  5.00 iters/s

running (02m17.0s), 163/165 VUs, 407 complete and 0 interrupted iterations
steady   [  23% ] 163/165 VUs  02m17.0s/10m0s  5.00 iters/s

running (02m18.0s), 166/167 VUs, 407 complete and 0 interrupted iterations
steady   [  23% ] 166/167 VUs  02m18.0s/10m0s  5.00 iters/s

running (02m19.0s), 161/168 VUs, 416 complete and 0 interrupted iterations
steady   [  23% ] 161/168 VUs  02m19.0s/10m0s  5.00 iters/s

running (02m20.0s), 156/168 VUs, 426 complete and 0 interrupted iterations
steady   [  23% ] 156/168 VUs  02m20.0s/10m0s  5.00 iters/s

running (02m21.0s), 156/168 VUs, 431 complete and 0 interrupted iterations
steady   [  23% ] 156/168 VUs  02m21.0s/10m0s  5.00 iters/s

running (02m22.0s), 155/168 VUs, 437 complete and 0 interrupted iterations
steady   [  24% ] 155/168 VUs  02m22.0s/10m0s  5.00 iters/s

running (02m23.0s), 152/168 VUs, 445 complete and 0 interrupted iterations
steady   [  24% ] 152/168 VUs  02m23.0s/10m0s  5.00 iters/s

running (02m24.0s), 154/168 VUs, 448 complete and 0 interrupted iterations
steady   [  24% ] 154/168 VUs  02m24.0s/10m0s  5.00 iters/s

running (02m25.0s), 157/168 VUs, 450 complete and 0 interrupted iterations
steady   [  24% ] 157/168 VUs  02m25.0s/10m0s  5.00 iters/s

running (02m26.0s), 162/168 VUs, 450 complete and 0 interrupted iterations
steady   [  24% ] 162/168 VUs  02m26.0s/10m0s  5.00 iters/s

running (02m27.0s), 164/168 VUs, 453 complete and 0 interrupted iterations
steady   [  24% ] 164/168 VUs  02m27.0s/10m0s  5.00 iters/s

running (02m28.0s), 168/169 VUs, 453 complete and 0 interrupted iterations
steady   [  25% ] 168/169 VUs  02m28.0s/10m0s  5.00 iters/s

running (02m29.0s), 163/170 VUs, 462 complete and 0 interrupted iterations
steady   [  25% ] 163/170 VUs  02m29.0s/10m0s  5.00 iters/s

running (02m30.0s), 168/170 VUs, 462 complete and 0 interrupted iterations
steady   [  25% ] 168/170 VUs  02m30.0s/10m0s  5.00 iters/s

running (02m31.0s), 161/171 VUs, 473 complete and 0 interrupted iterations
steady   [  25% ] 161/171 VUs  02m31.0s/10m0s  5.00 iters/s

running (02m32.0s), 161/171 VUs, 478 complete and 0 interrupted iterations
steady   [  25% ] 161/171 VUs  02m32.0s/10m0s  5.00 iters/s

running (02m33.0s), 156/171 VUs, 488 complete and 0 interrupted iterations
steady   [  25% ] 156/171 VUs  02m33.0s/10m0s  5.00 iters/s

running (02m34.0s), 154/171 VUs, 495 complete and 0 interrupted iterations
steady   [  26% ] 154/171 VUs  02m34.0s/10m0s  5.00 iters/s

running (02m35.0s), 153/171 VUs, 501 complete and 0 interrupted iterations
steady   [  26% ] 153/171 VUs  02m35.0s/10m0s  5.00 iters/s

running (02m36.0s), 152/171 VUs, 507 complete and 0 interrupted iterations
steady   [  26% ] 152/171 VUs  02m36.0s/10m0s  5.00 iters/s

running (02m37.0s), 153/171 VUs, 511 complete and 0 interrupted iterations
steady   [  26% ] 153/171 VUs  02m37.0s/10m0s  5.00 iters/s

running (02m38.0s), 156/171 VUs, 513 complete and 0 interrupted iterations
steady   [  26% ] 156/171 VUs  02m38.0s/10m0s  5.00 iters/s

running (02m39.0s), 156/171 VUs, 518 complete and 0 interrupted iterations
steady   [  26% ] 156/171 VUs  02m39.0s/10m0s  5.00 iters/s

running (02m40.0s), 158/171 VUs, 521 complete and 0 interrupted iterations
steady   [  27% ] 158/171 VUs  02m40.0s/10m0s  5.00 iters/s

running (02m41.0s), 155/171 VUs, 529 complete and 0 interrupted iterations
steady   [  27% ] 155/171 VUs  02m41.0s/10m0s  5.00 iters/s

running (02m42.0s), 160/171 VUs, 529 complete and 0 interrupted iterations
steady   [  27% ] 160/171 VUs  02m42.0s/10m0s  5.00 iters/s

running (02m43.0s), 157/171 VUs, 537 complete and 0 interrupted iterations
steady   [  27% ] 157/171 VUs  02m43.0s/10m0s  5.00 iters/s

running (02m44.0s), 159/171 VUs, 540 complete and 0 interrupted iterations
steady   [  27% ] 159/171 VUs  02m44.0s/10m0s  5.00 iters/s

running (02m45.0s), 164/171 VUs, 540 complete and 0 interrupted iterations
steady   [  27% ] 164/171 VUs  02m45.0s/10m0s  5.00 iters/s

running (02m46.0s), 160/171 VUs, 549 complete and 0 interrupted iterations
steady   [  28% ] 160/171 VUs  02m46.0s/10m0s  5.00 iters/s

running (02m47.0s), 165/171 VUs, 549 complete and 0 interrupted iterations
steady   [  28% ] 165/171 VUs  02m47.0s/10m0s  5.00 iters/s

running (02m48.0s), 162/171 VUs, 557 complete and 0 interrupted iterations
steady   [  28% ] 162/171 VUs  02m48.0s/10m0s  5.00 iters/s

running (02m49.0s), 162/171 VUs, 562 complete and 0 interrupted iterations
steady   [  28% ] 162/171 VUs  02m49.0s/10m0s  5.00 iters/s

running (02m50.0s), 164/171 VUs, 565 complete and 0 interrupted iterations
steady   [  28% ] 164/171 VUs  02m50.0s/10m0s  5.00 iters/s

running (02m51.0s), 162/171 VUs, 572 complete and 0 interrupted iterations
steady   [  28% ] 162/171 VUs  02m51.0s/10m0s  5.00 iters/s

running (02m52.0s), 159/171 VUs, 580 complete and 0 interrupted iterations
steady   [  29% ] 159/171 VUs  02m52.0s/10m0s  5.00 iters/s

running (02m53.0s), 159/171 VUs, 585 complete and 0 interrupted iterations
steady   [  29% ] 159/171 VUs  02m53.0s/10m0s  5.00 iters/s

running (02m54.0s), 158/171 VUs, 591 complete and 0 interrupted iterations
steady   [  29% ] 158/171 VUs  02m54.0s/10m0s  5.00 iters/s

running (02m55.0s), 161/171 VUs, 593 complete and 0 interrupted iterations
steady   [  29% ] 161/171 VUs  02m55.0s/10m0s  5.00 iters/s

running (02m56.0s), 166/171 VUs, 593 complete and 0 interrupted iterations
steady   [  29% ] 166/171 VUs  02m56.0s/10m0s  5.00 iters/s

running (02m57.0s), 163/171 VUs, 601 complete and 0 interrupted iterations
steady   [  29% ] 163/171 VUs  02m57.0s/10m0s  5.00 iters/s

running (02m58.0s), 165/171 VUs, 604 complete and 0 interrupted iterations
steady   [  30% ] 165/171 VUs  02m58.0s/10m0s  5.00 iters/s

running (02m59.0s), 167/171 VUs, 607 complete and 0 interrupted iterations
steady   [  30% ] 167/171 VUs  02m59.0s/10m0s  5.00 iters/s

running (03m00.0s), 171/172 VUs, 607 complete and 0 interrupted iterations
steady   [  30% ] 171/172 VUs  03m00.0s/10m0s  5.00 iters/s

running (03m01.0s), 161/172 VUs, 622 complete and 0 interrupted iterations
steady   [  30% ] 161/172 VUs  03m01.0s/10m0s  5.00 iters/s

running (03m02.0s), 166/172 VUs, 622 complete and 0 interrupted iterations
steady   [  30% ] 166/172 VUs  03m02.0s/10m0s  5.00 iters/s

running (03m03.0s), 165/172 VUs, 628 complete and 0 interrupted iterations
steady   [  30% ] 165/172 VUs  03m03.0s/10m0s  5.00 iters/s

running (03m04.0s), 160/172 VUs, 638 complete and 0 interrupted iterations
steady   [  31% ] 160/172 VUs  03m04.0s/10m0s  5.00 iters/s

running (03m05.0s), 158/172 VUs, 645 complete and 0 interrupted iterations
steady   [  31% ] 158/172 VUs  03m05.0s/10m0s  5.00 iters/s

running (03m06.0s), 157/172 VUs, 651 complete and 0 interrupted iterations
steady   [  31% ] 157/172 VUs  03m06.0s/10m0s  5.00 iters/s

running (03m07.0s), 161/172 VUs, 652 complete and 0 interrupted iterations
steady   [  31% ] 161/172 VUs  03m07.0s/10m0s  5.00 iters/s

running (03m08.0s), 163/172 VUs, 655 complete and 0 interrupted iterations
steady   [  31% ] 163/172 VUs  03m08.0s/10m0s  5.00 iters/s

running (03m09.0s), 166/172 VUs, 657 complete and 0 interrupted iterations
steady   [  31% ] 166/172 VUs  03m09.0s/10m0s  5.00 iters/s

running (03m10.0s), 167/172 VUs, 661 complete and 0 interrupted iterations
steady   [  32% ] 167/172 VUs  03m10.0s/10m0s  5.00 iters/s

running (03m11.0s), 171/172 VUs, 662 complete and 0 interrupted iterations
steady   [  32% ] 171/172 VUs  03m11.0s/10m0s  5.00 iters/s

running (03m12.0s), 166/174 VUs, 670 complete and 0 interrupted iterations
steady   [  32% ] 166/174 VUs  03m12.0s/10m0s  5.00 iters/s

running (03m13.0s), 161/174 VUs, 680 complete and 0 interrupted iterations
steady   [  32% ] 161/174 VUs  03m13.0s/10m0s  5.00 iters/s

running (03m14.0s), 158/174 VUs, 688 complete and 0 interrupted iterations
steady   [  32% ] 158/174 VUs  03m14.0s/10m0s  5.00 iters/s

running (03m15.0s), 157/174 VUs, 694 complete and 0 interrupted iterations
steady   [  32% ] 157/174 VUs  03m15.0s/10m0s  5.00 iters/s

running (03m16.0s), 157/174 VUs, 699 complete and 0 interrupted iterations
steady   [  33% ] 157/174 VUs  03m16.0s/10m0s  5.00 iters/s

running (03m17.0s), 158/174 VUs, 703 complete and 0 interrupted iterations
steady   [  33% ] 158/174 VUs  03m17.0s/10m0s  5.00 iters/s

running (03m18.0s), 163/174 VUs, 703 complete and 0 interrupted iterations
steady   [  33% ] 163/174 VUs  03m18.0s/10m0s  5.00 iters/s

running (03m19.0s), 162/174 VUs, 709 complete and 0 interrupted iterations
steady   [  33% ] 162/174 VUs  03m19.0s/10m0s  5.00 iters/s

running (03m20.0s), 166/174 VUs, 710 complete and 0 interrupted iterations
steady   [  33% ] 166/174 VUs  03m20.0s/10m0s  5.00 iters/s

running (03m21.0s), 162/174 VUs, 719 complete and 0 interrupted iterations
steady   [  33% ] 162/174 VUs  03m21.0s/10m0s  5.00 iters/s

running (03m22.0s), 158/174 VUs, 728 complete and 0 interrupted iterations
steady   [  34% ] 158/174 VUs  03m22.0s/10m0s  5.00 iters/s

running (03m23.0s), 157/174 VUs, 734 complete and 0 interrupted iterations
steady   [  34% ] 157/174 VUs  03m23.0s/10m0s  5.00 iters/s

running (03m24.0s), 157/174 VUs, 739 complete and 0 interrupted iterations
steady   [  34% ] 157/174 VUs  03m24.0s/10m0s  5.00 iters/s

running (03m25.0s), 158/174 VUs, 743 complete and 0 interrupted iterations
steady   [  34% ] 158/174 VUs  03m25.0s/10m0s  5.00 iters/s

running (03m26.0s), 161/174 VUs, 745 complete and 0 interrupted iterations
steady   [  34% ] 161/174 VUs  03m26.0s/10m0s  5.00 iters/s

running (03m27.0s), 164/174 VUs, 747 complete and 0 interrupted iterations
steady   [  34% ] 164/174 VUs  03m27.0s/10m0s  5.00 iters/s

running (03m28.0s), 162/174 VUs, 754 complete and 0 interrupted iterations
steady   [  35% ] 162/174 VUs  03m28.0s/10m0s  5.00 iters/s

running (03m29.0s), 158/174 VUs, 763 complete and 0 interrupted iterations
steady   [  35% ] 158/174 VUs  03m29.0s/10m0s  5.00 iters/s

running (03m30.0s), 163/174 VUs, 763 complete and 0 interrupted iterations
steady   [  35% ] 163/174 VUs  03m30.0s/10m0s  5.00 iters/s

running (03m31.0s), 164/174 VUs, 767 complete and 0 interrupted iterations
steady   [  35% ] 164/174 VUs  03m31.0s/10m0s  5.00 iters/s

running (03m32.0s), 162/174 VUs, 774 complete and 0 interrupted iterations
steady   [  35% ] 162/174 VUs  03m32.0s/10m0s  5.00 iters/s

running (03m33.0s), 159/174 VUs, 782 complete and 0 interrupted iterations
steady   [  35% ] 159/174 VUs  03m33.0s/10m0s  5.00 iters/s

running (03m34.0s), 164/174 VUs, 782 complete and 0 interrupted iterations
steady   [  36% ] 164/174 VUs  03m34.0s/10m0s  5.00 iters/s

running (03m35.0s), 164/174 VUs, 787 complete and 0 interrupted iterations
steady   [  36% ] 164/174 VUs  03m35.0s/10m0s  5.00 iters/s

running (03m36.0s), 169/174 VUs, 787 complete and 0 interrupted iterations
steady   [  36% ] 169/174 VUs  03m36.0s/10m0s  5.00 iters/s

running (03m37.0s), 162/174 VUs, 799 complete and 0 interrupted iterations
steady   [  36% ] 162/174 VUs  03m37.0s/10m0s  5.00 iters/s

running (03m38.0s), 166/174 VUs, 800 complete and 0 interrupted iterations
steady   [  36% ] 166/174 VUs  03m38.0s/10m0s  5.00 iters/s

running (03m39.0s), 169/174 VUs, 802 complete and 0 interrupted iterations
steady   [  36% ] 169/174 VUs  03m39.0s/10m0s  5.00 iters/s

running (03m40.0s), 163/174 VUs, 813 complete and 0 interrupted iterations
steady   [  37% ] 163/174 VUs  03m40.0s/10m0s  5.00 iters/s

running (03m41.0s), 162/174 VUs, 819 complete and 0 interrupted iterations
steady   [  37% ] 162/174 VUs  03m41.0s/10m0s  5.00 iters/s

running (03m42.0s), 165/174 VUs, 821 complete and 0 interrupted iterations
steady   [  37% ] 165/174 VUs  03m42.0s/10m0s  5.00 iters/s

running (03m43.0s), 163/174 VUs, 828 complete and 0 interrupted iterations
steady   [  37% ] 163/174 VUs  03m43.0s/10m0s  5.00 iters/s

running (03m44.0s), 168/174 VUs, 828 complete and 0 interrupted iterations
steady   [  37% ] 168/174 VUs  03m44.0s/10m0s  5.00 iters/s

running (03m45.0s), 167/174 VUs, 834 complete and 0 interrupted iterations
steady   [  37% ] 167/174 VUs  03m45.0s/10m0s  5.00 iters/s

running (03m46.0s), 172/174 VUs, 834 complete and 0 interrupted iterations
steady   [  38% ] 172/174 VUs  03m46.0s/10m0s  5.00 iters/s

running (03m47.0s), 170/174 VUs, 841 complete and 0 interrupted iterations
steady   [  38% ] 170/174 VUs  03m47.0s/10m0s  5.00 iters/s

running (03m48.0s), 174/175 VUs, 841 complete and 0 interrupted iterations
steady   [  38% ] 174/175 VUs  03m48.0s/10m0s  5.00 iters/s

running (03m49.0s), 167/176 VUs, 852 complete and 0 interrupted iterations
steady   [  38% ] 167/176 VUs  03m49.0s/10m0s  5.00 iters/s

running (03m50.0s), 164/176 VUs, 860 complete and 0 interrupted iterations
steady   [  38% ] 164/176 VUs  03m50.0s/10m0s  5.00 iters/s

running (03m51.0s), 162/176 VUs, 867 complete and 0 interrupted iterations
steady   [  38% ] 162/176 VUs  03m51.0s/10m0s  5.00 iters/s

running (03m52.0s), 162/176 VUs, 872 complete and 0 interrupted iterations
steady   [  39% ] 162/176 VUs  03m52.0s/10m0s  5.00 iters/s

running (03m53.0s), 161/176 VUs, 878 complete and 0 interrupted iterations
steady   [  39% ] 161/176 VUs  03m53.0s/10m0s  5.00 iters/s

running (03m54.0s), 165/176 VUs, 879 complete and 0 interrupted iterations
steady   [  39% ] 165/176 VUs  03m54.0s/10m0s  5.00 iters/s

running (03m55.0s), 164/176 VUs, 885 complete and 0 interrupted iterations
steady   [  39% ] 164/176 VUs  03m55.0s/10m0s  5.00 iters/s

running (03m56.0s), 164/176 VUs, 890 complete and 0 interrupted iterations
steady   [  39% ] 164/176 VUs  03m56.0s/10m0s  5.00 iters/s

running (03m57.0s), 160/176 VUs, 899 complete and 0 interrupted iterations
steady   [  39% ] 160/176 VUs  03m57.0s/10m0s  5.00 iters/s

running (03m58.0s), 160/176 VUs, 904 complete and 0 interrupted iterations
steady   [  40% ] 160/176 VUs  03m58.0s/10m0s  5.00 iters/s

running (03m59.0s), 159/176 VUs, 910 complete and 0 interrupted iterations
steady   [  40% ] 159/176 VUs  03m59.0s/10m0s  5.00 iters/s

running (04m00.0s), 161/176 VUs, 913 complete and 0 interrupted iterations
steady   [  40% ] 161/176 VUs  04m00.0s/10m0s  5.00 iters/s

running (04m01.0s), 166/176 VUs, 913 complete and 0 interrupted iterations
steady   [  40% ] 166/176 VUs  04m01.0s/10m0s  5.00 iters/s

running (04m02.0s), 164/176 VUs, 920 complete and 0 interrupted iterations
steady   [  40% ] 164/176 VUs  04m02.0s/10m0s  5.00 iters/s

running (04m03.0s), 160/176 VUs, 929 complete and 0 interrupted iterations
steady   [  40% ] 160/176 VUs  04m03.0s/10m0s  5.00 iters/s

running (04m04.0s), 158/176 VUs, 936 complete and 0 interrupted iterations
steady   [  41% ] 158/176 VUs  04m04.0s/10m0s  5.00 iters/s

running (04m05.0s), 157/176 VUs, 942 complete and 0 interrupted iterations
steady   [  41% ] 157/176 VUs  04m05.0s/10m0s  5.00 iters/s

running (04m06.0s), 160/176 VUs, 944 complete and 0 interrupted iterations
steady   [  41% ] 160/176 VUs  04m06.0s/10m0s  5.00 iters/s

running (04m07.0s), 160/176 VUs, 949 complete and 0 interrupted iterations
steady   [  41% ] 160/176 VUs  04m07.0s/10m0s  5.00 iters/s

running (04m08.0s), 165/176 VUs, 949 complete and 0 interrupted iterations
steady   [  41% ] 165/176 VUs  04m08.0s/10m0s  5.00 iters/s

running (04m09.0s), 163/176 VUs, 956 complete and 0 interrupted iterations
steady   [  41% ] 163/176 VUs  04m09.0s/10m0s  5.00 iters/s

running (04m10.0s), 168/176 VUs, 956 complete and 0 interrupted iterations
steady   [  42% ] 168/176 VUs  04m10.0s/10m0s  5.00 iters/s

running (04m11.0s), 165/176 VUs, 964 complete and 0 interrupted iterations
steady   [  42% ] 165/176 VUs  04m11.0s/10m0s  5.00 iters/s

running (04m12.0s), 163/176 VUs, 971 complete and 0 interrupted iterations
steady   [  42% ] 163/176 VUs  04m12.0s/10m0s  5.00 iters/s

running (04m13.0s), 159/176 VUs, 980 complete and 0 interrupted iterations
steady   [  42% ] 159/176 VUs  04m13.0s/10m0s  5.00 iters/s

running (04m14.0s), 164/176 VUs, 980 complete and 0 interrupted iterations
steady   [  42% ] 164/176 VUs  04m14.0s/10m0s  5.00 iters/s

running (04m15.0s), 166/176 VUs, 983 complete and 0 interrupted iterations
steady   [  42% ] 166/176 VUs  04m15.0s/10m0s  5.00 iters/s

running (04m16.0s), 167/176 VUs, 987 complete and 0 interrupted iterations
steady   [  43% ] 167/176 VUs  04m16.0s/10m0s  5.00 iters/s

running (04m17.0s), 172/176 VUs, 987 complete and 0 interrupted iterations
steady   [  43% ] 172/176 VUs  04m17.0s/10m0s  5.00 iters/s

running (04m18.0s), 166/176 VUs, 998 complete and 0 interrupted iterations
steady   [  43% ] 166/176 VUs  04m18.0s/10m0s  5.00 iters/s

running (04m19.0s), 171/176 VUs, 998 complete and 0 interrupted iterations
steady   [  43% ] 171/176 VUs  04m19.0s/10m0s  5.00 iters/s

running (04m20.0s), 168/176 VUs, 1006 complete and 0 interrupted iterations
steady   [  43% ] 168/176 VUs  04m20.0s/10m0s  5.00 iters/s

running (04m21.0s), 173/176 VUs, 1006 complete and 0 interrupted iterations
steady   [  43% ] 173/176 VUs  04m21.0s/10m0s  5.00 iters/s

running (04m22.0s), 169/176 VUs, 1015 complete and 0 interrupted iterations
steady   [  44% ] 169/176 VUs  04m22.0s/10m0s  5.00 iters/s

running (04m23.0s), 167/176 VUs, 1022 complete and 0 interrupted iterations
steady   [  44% ] 167/176 VUs  04m23.0s/10m0s  5.00 iters/s

running (04m24.0s), 167/176 VUs, 1027 complete and 0 interrupted iterations
steady   [  44% ] 167/176 VUs  04m24.0s/10m0s  5.00 iters/s

running (04m25.0s), 160/176 VUs, 1039 complete and 0 interrupted iterations
steady   [  44% ] 160/176 VUs  04m25.0s/10m0s  5.00 iters/s

running (04m26.0s), 160/176 VUs, 1044 complete and 0 interrupted iterations
steady   [  44% ] 160/176 VUs  04m26.0s/10m0s  5.00 iters/s

running (04m27.0s), 162/176 VUs, 1047 complete and 0 interrupted iterations
steady   [  44% ] 162/176 VUs  04m27.0s/10m0s  5.00 iters/s

running (04m28.0s), 167/176 VUs, 1047 complete and 0 interrupted iterations
steady   [  45% ] 167/176 VUs  04m28.0s/10m0s  5.00 iters/s

running (04m29.0s), 167/176 VUs, 1052 complete and 0 interrupted iterations
steady   [  45% ] 167/176 VUs  04m29.0s/10m0s  5.00 iters/s

running (04m30.0s), 172/176 VUs, 1052 complete and 0 interrupted iterations
steady   [  45% ] 172/176 VUs  04m30.0s/10m0s  5.00 iters/s

running (04m31.0s), 169/176 VUs, 1060 complete and 0 interrupted iterations
steady   [  45% ] 169/176 VUs  04m31.0s/10m0s  5.00 iters/s

running (04m32.0s), 169/176 VUs, 1065 complete and 0 interrupted iterations
steady   [  45% ] 169/176 VUs  04m32.0s/10m0s  5.00 iters/s

running (04m33.0s), 165/176 VUs, 1074 complete and 0 interrupted iterations
steady   [  45% ] 165/176 VUs  04m33.0s/10m0s  5.00 iters/s

running (04m34.0s), 165/176 VUs, 1079 complete and 0 interrupted iterations
steady   [  46% ] 165/176 VUs  04m34.0s/10m0s  5.00 iters/s

running (04m35.0s), 165/176 VUs, 1084 complete and 0 interrupted iterations
steady   [  46% ] 165/176 VUs  04m35.0s/10m0s  5.00 iters/s

running (04m36.0s), 170/176 VUs, 1084 complete and 0 interrupted iterations
steady   [  46% ] 170/176 VUs  04m36.0s/10m0s  5.00 iters/s

running (04m37.0s), 167/176 VUs, 1092 complete and 0 interrupted iterations
steady   [  46% ] 167/176 VUs  04m37.0s/10m0s  5.00 iters/s

running (04m38.0s), 167/176 VUs, 1097 complete and 0 interrupted iterations
steady   [  46% ] 167/176 VUs  04m38.0s/10m0s  5.00 iters/s

running (04m39.0s), 164/176 VUs, 1105 complete and 0 interrupted iterations
steady   [  46% ] 164/176 VUs  04m39.0s/10m0s  5.00 iters/s

running (04m40.0s), 165/176 VUs, 1109 complete and 0 interrupted iterations
steady   [  47% ] 165/176 VUs  04m40.0s/10m0s  5.00 iters/s

running (04m41.0s), 164/176 VUs, 1115 complete and 0 interrupted iterations
steady   [  47% ] 164/176 VUs  04m41.0s/10m0s  5.00 iters/s

running (04m42.0s), 163/176 VUs, 1121 complete and 0 interrupted iterations
steady   [  47% ] 163/176 VUs  04m42.0s/10m0s  5.00 iters/s

running (04m43.0s), 162/176 VUs, 1127 complete and 0 interrupted iterations
steady   [  47% ] 162/176 VUs  04m43.0s/10m0s  5.00 iters/s

running (04m44.0s), 160/176 VUs, 1134 complete and 0 interrupted iterations
steady   [  47% ] 160/176 VUs  04m44.0s/10m0s  5.00 iters/s

running (04m45.0s), 160/176 VUs, 1139 complete and 0 interrupted iterations
steady   [  47% ] 160/176 VUs  04m45.0s/10m0s  5.00 iters/s

running (04m46.0s), 160/176 VUs, 1144 complete and 0 interrupted iterations
steady   [  48% ] 160/176 VUs  04m46.0s/10m0s  5.00 iters/s

running (04m47.0s), 160/176 VUs, 1149 complete and 0 interrupted iterations
steady   [  48% ] 160/176 VUs  04m47.0s/10m0s  5.00 iters/s

running (04m48.0s), 160/176 VUs, 1154 complete and 0 interrupted iterations
steady   [  48% ] 160/176 VUs  04m48.0s/10m0s  5.00 iters/s

running (04m49.0s), 165/176 VUs, 1154 complete and 0 interrupted iterations
steady   [  48% ] 165/176 VUs  04m49.0s/10m0s  5.00 iters/s

running (04m50.0s), 164/176 VUs, 1160 complete and 0 interrupted iterations
steady   [  48% ] 164/176 VUs  04m50.0s/10m0s  5.00 iters/s

running (04m51.0s), 169/176 VUs, 1160 complete and 0 interrupted iterations
steady   [  48% ] 169/176 VUs  04m51.0s/10m0s  5.00 iters/s

running (04m52.0s), 168/176 VUs, 1166 complete and 0 interrupted iterations
steady   [  49% ] 168/176 VUs  04m52.0s/10m0s  5.00 iters/s

running (04m53.0s), 173/176 VUs, 1166 complete and 0 interrupted iterations
steady   [  49% ] 173/176 VUs  04m53.0s/10m0s  5.00 iters/s

running (04m54.0s), 171/176 VUs, 1173 complete and 0 interrupted iterations
steady   [  49% ] 171/176 VUs  04m54.0s/10m0s  5.00 iters/s

running (04m55.0s), 162/176 VUs, 1187 complete and 0 interrupted iterations
steady   [  49% ] 162/176 VUs  04m55.0s/10m0s  5.00 iters/s

running (04m56.0s), 163/176 VUs, 1191 complete and 0 interrupted iterations
steady   [  49% ] 163/176 VUs  04m56.0s/10m0s  5.00 iters/s

running (04m57.0s), 168/176 VUs, 1191 complete and 0 interrupted iterations
steady   [  49% ] 168/176 VUs  04m57.0s/10m0s  5.00 iters/s

running (04m58.0s), 173/176 VUs, 1191 complete and 0 interrupted iterations
steady   [  50% ] 173/176 VUs  04m58.0s/10m0s  5.00 iters/s

running (04m59.0s), 171/176 VUs, 1198 complete and 0 interrupted iterations
steady   [  50% ] 171/176 VUs  04m59.0s/10m0s  5.00 iters/s

running (05m00.0s), 176/176 VUs, 1198 complete and 0 interrupted iterations
steady   [  50% ] 176/176 VUs  05m00.0s/10m0s  5.00 iters/s

running (05m01.0s), 176/179 VUs, 1200 complete and 0 interrupted iterations
steady   [  50% ] 176/179 VUs  05m01.0s/10m0s  5.00 iters/s

running (05m02.0s), 170/179 VUs, 1211 complete and 0 interrupted iterations
steady   [  50% ] 170/179 VUs  05m02.0s/10m0s  5.00 iters/s

running (05m03.0s), 170/179 VUs, 1216 complete and 0 interrupted iterations
steady   [  50% ] 170/179 VUs  05m03.0s/10m0s  5.00 iters/s

running (05m04.0s), 175/179 VUs, 1216 complete and 0 interrupted iterations
steady   [  51% ] 175/179 VUs  05m04.0s/10m0s  5.00 iters/s

running (05m05.0s), 166/179 VUs, 1230 complete and 0 interrupted iterations
steady   [  51% ] 166/179 VUs  05m05.0s/10m0s  5.00 iters/s

running (05m06.0s), 170/179 VUs, 1231 complete and 0 interrupted iterations
steady   [  51% ] 170/179 VUs  05m06.0s/10m0s  5.00 iters/s

running (05m07.0s), 175/179 VUs, 1231 complete and 0 interrupted iterations
steady   [  51% ] 175/179 VUs  05m07.0s/10m0s  5.00 iters/s

running (05m08.0s), 166/179 VUs, 1245 complete and 0 interrupted iterations
steady   [  51% ] 166/179 VUs  05m08.0s/10m0s  5.00 iters/s

running (05m09.0s), 166/179 VUs, 1250 complete and 0 interrupted iterations
steady   [  51% ] 166/179 VUs  05m09.0s/10m0s  5.00 iters/s

running (05m10.0s), 162/179 VUs, 1259 complete and 0 interrupted iterations
steady   [  52% ] 162/179 VUs  05m10.0s/10m0s  5.00 iters/s

running (05m11.0s), 158/179 VUs, 1268 complete and 0 interrupted iterations
steady   [  52% ] 158/179 VUs  05m11.0s/10m0s  5.00 iters/s

running (05m12.0s), 163/179 VUs, 1268 complete and 0 interrupted iterations
steady   [  52% ] 163/179 VUs  05m12.0s/10m0s  5.00 iters/s

running (05m13.0s), 165/179 VUs, 1271 complete and 0 interrupted iterations
steady   [  52% ] 165/179 VUs  05m13.0s/10m0s  5.00 iters/s

running (05m14.0s), 161/179 VUs, 1280 complete and 0 interrupted iterations
steady   [  52% ] 161/179 VUs  05m14.0s/10m0s  5.00 iters/s

running (05m15.0s), 160/179 VUs, 1286 complete and 0 interrupted iterations
steady   [  52% ] 160/179 VUs  05m15.0s/10m0s  5.00 iters/s

running (05m16.0s), 165/179 VUs, 1286 complete and 0 interrupted iterations
steady   [  53% ] 165/179 VUs  05m16.0s/10m0s  5.00 iters/s

running (05m17.0s), 168/179 VUs, 1288 complete and 0 interrupted iterations
steady   [  53% ] 168/179 VUs  05m17.0s/10m0s  5.00 iters/s

running (05m18.0s), 167/179 VUs, 1294 complete and 0 interrupted iterations
steady   [  53% ] 167/179 VUs  05m18.0s/10m0s  5.00 iters/s

running (05m19.0s), 170/179 VUs, 1296 complete and 0 interrupted iterations
steady   [  53% ] 170/179 VUs  05m19.0s/10m0s  5.00 iters/s

running (05m20.0s), 165/179 VUs, 1306 complete and 0 interrupted iterations
steady   [  53% ] 165/179 VUs  05m20.0s/10m0s  5.00 iters/s

running (05m21.0s), 161/179 VUs, 1315 complete and 0 interrupted iterations
steady   [  53% ] 161/179 VUs  05m21.0s/10m0s  5.00 iters/s

running (05m22.0s), 160/179 VUs, 1321 complete and 0 interrupted iterations
steady   [  54% ] 160/179 VUs  05m22.0s/10m0s  5.00 iters/s

running (05m23.0s), 159/179 VUs, 1327 complete and 0 interrupted iterations
steady   [  54% ] 159/179 VUs  05m23.0s/10m0s  5.00 iters/s

running (05m24.0s), 159/179 VUs, 1332 complete and 0 interrupted iterations
steady   [  54% ] 159/179 VUs  05m24.0s/10m0s  5.00 iters/s

running (05m25.0s), 158/179 VUs, 1338 complete and 0 interrupted iterations
steady   [  54% ] 158/179 VUs  05m25.0s/10m0s  5.00 iters/s

running (05m26.0s), 156/179 VUs, 1345 complete and 0 interrupted iterations
steady   [  54% ] 156/179 VUs  05m26.0s/10m0s  5.00 iters/s

running (05m27.0s), 161/179 VUs, 1345 complete and 0 interrupted iterations
steady   [  54% ] 161/179 VUs  05m27.0s/10m0s  5.00 iters/s

running (05m28.0s), 161/179 VUs, 1350 complete and 0 interrupted iterations
steady   [  55% ] 161/179 VUs  05m28.0s/10m0s  5.00 iters/s

running (05m29.0s), 166/179 VUs, 1350 complete and 0 interrupted iterations
steady   [  55% ] 166/179 VUs  05m29.0s/10m0s  5.00 iters/s

running (05m30.0s), 163/179 VUs, 1358 complete and 0 interrupted iterations
steady   [  55% ] 163/179 VUs  05m30.0s/10m0s  5.00 iters/s

running (05m31.0s), 160/179 VUs, 1366 complete and 0 interrupted iterations
steady   [  55% ] 160/179 VUs  05m31.0s/10m0s  5.00 iters/s

running (05m32.0s), 160/179 VUs, 1371 complete and 0 interrupted iterations
steady   [  55% ] 160/179 VUs  05m32.0s/10m0s  5.00 iters/s

running (05m33.0s), 165/179 VUs, 1371 complete and 0 interrupted iterations
steady   [  55% ] 165/179 VUs  05m33.0s/10m0s  5.00 iters/s

running (05m34.0s), 163/179 VUs, 1378 complete and 0 interrupted iterations
steady   [  56% ] 163/179 VUs  05m34.0s/10m0s  5.00 iters/s

running (05m35.0s), 163/179 VUs, 1383 complete and 0 interrupted iterations
steady   [  56% ] 163/179 VUs  05m35.0s/10m0s  5.00 iters/s

running (05m36.0s), 163/179 VUs, 1388 complete and 0 interrupted iterations
steady   [  56% ] 163/179 VUs  05m36.0s/10m0s  5.00 iters/s

running (05m37.0s), 161/179 VUs, 1395 complete and 0 interrupted iterations
steady   [  56% ] 161/179 VUs  05m37.0s/10m0s  5.00 iters/s

running (05m38.0s), 166/179 VUs, 1395 complete and 0 interrupted iterations
steady   [  56% ] 166/179 VUs  05m38.0s/10m0s  5.00 iters/s

running (05m39.0s), 165/179 VUs, 1401 complete and 0 interrupted iterations
steady   [  56% ] 165/179 VUs  05m39.0s/10m0s  5.00 iters/s

running (05m40.0s), 170/179 VUs, 1401 complete and 0 interrupted iterations
steady   [  57% ] 170/179 VUs  05m40.0s/10m0s  5.00 iters/s

running (05m41.0s), 166/179 VUs, 1410 complete and 0 interrupted iterations
steady   [  57% ] 166/179 VUs  05m41.0s/10m0s  5.00 iters/s

running (05m42.0s), 163/179 VUs, 1418 complete and 0 interrupted iterations
steady   [  57% ] 163/179 VUs  05m42.0s/10m0s  5.00 iters/s

running (05m43.0s), 168/179 VUs, 1418 complete and 0 interrupted iterations
steady   [  57% ] 168/179 VUs  05m43.0s/10m0s  5.00 iters/s

running (05m44.0s), 166/179 VUs, 1425 complete and 0 interrupted iterations
steady   [  57% ] 166/179 VUs  05m44.0s/10m0s  5.00 iters/s

running (05m45.0s), 171/179 VUs, 1425 complete and 0 interrupted iterations
steady   [  57% ] 171/179 VUs  05m45.0s/10m0s  5.00 iters/s

running (05m46.0s), 169/179 VUs, 1432 complete and 0 interrupted iterations
steady   [  58% ] 169/179 VUs  05m46.0s/10m0s  5.00 iters/s

running (05m47.0s), 168/179 VUs, 1438 complete and 0 interrupted iterations
steady   [  58% ] 168/179 VUs  05m47.0s/10m0s  5.00 iters/s

running (05m48.0s), 163/179 VUs, 1448 complete and 0 interrupted iterations
steady   [  58% ] 163/179 VUs  05m48.0s/10m0s  5.00 iters/s

running (05m49.0s), 162/179 VUs, 1454 complete and 0 interrupted iterations
steady   [  58% ] 162/179 VUs  05m49.0s/10m0s  5.00 iters/s

running (05m50.0s), 162/179 VUs, 1459 complete and 0 interrupted iterations
steady   [  58% ] 162/179 VUs  05m50.0s/10m0s  5.00 iters/s

running (05m51.0s), 162/179 VUs, 1464 complete and 0 interrupted iterations
steady   [  58% ] 162/179 VUs  05m51.0s/10m0s  5.00 iters/s

running (05m52.0s), 162/179 VUs, 1469 complete and 0 interrupted iterations
steady   [  59% ] 162/179 VUs  05m52.0s/10m0s  5.00 iters/s

running (05m53.0s), 161/179 VUs, 1475 complete and 0 interrupted iterations
steady   [  59% ] 161/179 VUs  05m53.0s/10m0s  5.00 iters/s

running (05m54.0s), 163/179 VUs, 1478 complete and 0 interrupted iterations
steady   [  59% ] 163/179 VUs  05m54.0s/10m0s  5.00 iters/s

running (05m55.0s), 168/179 VUs, 1478 complete and 0 interrupted iterations
steady   [  59% ] 168/179 VUs  05m55.0s/10m0s  5.00 iters/s

running (05m56.0s), 166/179 VUs, 1485 complete and 0 interrupted iterations
steady   [  59% ] 166/179 VUs  05m56.0s/10m0s  5.00 iters/s

running (05m57.0s), 171/179 VUs, 1485 complete and 0 interrupted iterations
steady   [  59% ] 171/179 VUs  05m57.0s/10m0s  5.00 iters/s

running (05m58.0s), 170/179 VUs, 1491 complete and 0 interrupted iterations
steady   [  60% ] 170/179 VUs  05m58.0s/10m0s  5.00 iters/s

running (05m59.0s), 175/179 VUs, 1491 complete and 0 interrupted iterations
steady   [  60% ] 175/179 VUs  05m59.0s/10m0s  5.00 iters/s

running (06m00.0s), 166/179 VUs, 1505 complete and 0 interrupted iterations
steady   [  60% ] 166/179 VUs  06m00.0s/10m0s  5.00 iters/s

running (06m01.0s), 166/179 VUs, 1510 complete and 0 interrupted iterations
steady   [  60% ] 166/179 VUs  06m01.0s/10m0s  5.00 iters/s

running (06m02.0s), 163/179 VUs, 1518 complete and 0 interrupted iterations
steady   [  60% ] 163/179 VUs  06m02.0s/10m0s  5.00 iters/s

running (06m03.0s), 163/179 VUs, 1523 complete and 0 interrupted iterations
steady   [  60% ] 163/179 VUs  06m03.0s/10m0s  5.00 iters/s

running (06m04.0s), 168/179 VUs, 1523 complete and 0 interrupted iterations
steady   [  61% ] 168/179 VUs  06m04.0s/10m0s  5.00 iters/s

running (06m05.0s), 169/179 VUs, 1527 complete and 0 interrupted iterations
steady   [  61% ] 169/179 VUs  06m05.0s/10m0s  5.00 iters/s

running (06m06.0s), 170/179 VUs, 1531 complete and 0 interrupted iterations
steady   [  61% ] 170/179 VUs  06m06.0s/10m0s  5.00 iters/s

running (06m07.0s), 168/179 VUs, 1538 complete and 0 interrupted iterations
steady   [  61% ] 168/179 VUs  06m07.0s/10m0s  5.00 iters/s

running (06m08.0s), 172/179 VUs, 1539 complete and 0 interrupted iterations
steady   [  61% ] 172/179 VUs  06m08.0s/10m0s  5.00 iters/s

running (06m09.0s), 171/179 VUs, 1545 complete and 0 interrupted iterations
steady   [  61% ] 171/179 VUs  06m09.0s/10m0s  5.00 iters/s

running (06m10.0s), 167/179 VUs, 1554 complete and 0 interrupted iterations
steady   [  62% ] 167/179 VUs  06m10.0s/10m0s  5.00 iters/s

running (06m11.0s), 172/179 VUs, 1554 complete and 0 interrupted iterations
steady   [  62% ] 172/179 VUs  06m11.0s/10m0s  5.00 iters/s

running (06m12.0s), 172/179 VUs, 1559 complete and 0 interrupted iterations
steady   [  62% ] 172/179 VUs  06m12.0s/10m0s  5.00 iters/s

running (06m13.0s), 170/179 VUs, 1566 complete and 0 interrupted iterations
steady   [  62% ] 170/179 VUs  06m13.0s/10m0s  5.00 iters/s

running (06m14.0s), 165/179 VUs, 1576 complete and 0 interrupted iterations
steady   [  62% ] 165/179 VUs  06m14.0s/10m0s  5.00 iters/s

running (06m15.0s), 169/179 VUs, 1577 complete and 0 interrupted iterations
steady   [  62% ] 169/179 VUs  06m15.0s/10m0s  5.00 iters/s

running (06m16.0s), 174/179 VUs, 1577 complete and 0 interrupted iterations
steady   [  63% ] 174/179 VUs  06m16.0s/10m0s  5.00 iters/s

running (06m17.0s), 169/179 VUs, 1587 complete and 0 interrupted iterations
steady   [  63% ] 169/179 VUs  06m17.0s/10m0s  5.00 iters/s

running (06m18.0s), 174/179 VUs, 1587 complete and 0 interrupted iterations
steady   [  63% ] 174/179 VUs  06m18.0s/10m0s  5.00 iters/s

running (06m19.0s), 169/179 VUs, 1597 complete and 0 interrupted iterations
steady   [  63% ] 169/179 VUs  06m19.0s/10m0s  5.00 iters/s

running (06m20.0s), 165/179 VUs, 1606 complete and 0 interrupted iterations
steady   [  63% ] 165/179 VUs  06m20.0s/10m0s  5.00 iters/s

running (06m21.0s), 164/179 VUs, 1612 complete and 0 interrupted iterations
steady   [  63% ] 164/179 VUs  06m21.0s/10m0s  5.00 iters/s

running (06m22.0s), 169/179 VUs, 1612 complete and 0 interrupted iterations
steady   [  64% ] 169/179 VUs  06m22.0s/10m0s  5.00 iters/s

running (06m23.0s), 170/179 VUs, 1616 complete and 0 interrupted iterations
steady   [  64% ] 170/179 VUs  06m23.0s/10m0s  5.00 iters/s

running (06m24.0s), 171/179 VUs, 1620 complete and 0 interrupted iterations
steady   [  64% ] 171/179 VUs  06m24.0s/10m0s  5.00 iters/s

running (06m25.0s), 176/179 VUs, 1620 complete and 0 interrupted iterations
steady   [  64% ] 176/179 VUs  06m25.0s/10m0s  5.00 iters/s

running (06m26.0s), 172/179 VUs, 1629 complete and 0 interrupted iterations
steady   [  64% ] 172/179 VUs  06m26.0s/10m0s  5.00 iters/s

running (06m27.0s), 177/179 VUs, 1629 complete and 0 interrupted iterations
steady   [  64% ] 177/179 VUs  06m27.0s/10m0s  5.00 iters/s

running (06m28.0s), 170/179 VUs, 1641 complete and 0 interrupted iterations
steady   [  65% ] 170/179 VUs  06m28.0s/10m0s  5.00 iters/s

running (06m29.0s), 165/179 VUs, 1651 complete and 0 interrupted iterations
steady   [  65% ] 165/179 VUs  06m29.0s/10m0s  5.00 iters/s

running (06m30.0s), 164/179 VUs, 1657 complete and 0 interrupted iterations
steady   [  65% ] 164/179 VUs  06m30.0s/10m0s  5.00 iters/s

running (06m31.0s), 169/179 VUs, 1657 complete and 0 interrupted iterations
steady   [  65% ] 169/179 VUs  06m31.0s/10m0s  5.00 iters/s

running (06m32.0s), 166/179 VUs, 1665 complete and 0 interrupted iterations
steady   [  65% ] 166/179 VUs  06m32.0s/10m0s  5.00 iters/s

running (06m33.0s), 171/179 VUs, 1665 complete and 0 interrupted iterations
steady   [  65% ] 171/179 VUs  06m33.0s/10m0s  5.00 iters/s

running (06m34.0s), 169/179 VUs, 1672 complete and 0 interrupted iterations
steady   [  66% ] 169/179 VUs  06m34.0s/10m0s  5.00 iters/s

running (06m35.0s), 168/179 VUs, 1678 complete and 0 interrupted iterations
steady   [  66% ] 168/179 VUs  06m35.0s/10m0s  5.00 iters/s

running (06m36.0s), 167/179 VUs, 1684 complete and 0 interrupted iterations
steady   [  66% ] 167/179 VUs  06m36.0s/10m0s  5.00 iters/s

running (06m37.0s), 164/179 VUs, 1692 complete and 0 interrupted iterations
steady   [  66% ] 164/179 VUs  06m37.0s/10m0s  5.00 iters/s

running (06m38.0s), 162/179 VUs, 1699 complete and 0 interrupted iterations
steady   [  66% ] 162/179 VUs  06m38.0s/10m0s  5.00 iters/s

running (06m39.0s), 162/179 VUs, 1704 complete and 0 interrupted iterations
steady   [  66% ] 162/179 VUs  06m39.0s/10m0s  5.00 iters/s

running (06m40.0s), 163/179 VUs, 1708 complete and 0 interrupted iterations
steady   [  67% ] 163/179 VUs  06m40.0s/10m0s  5.00 iters/s

running (06m41.0s), 164/179 VUs, 1712 complete and 0 interrupted iterations
steady   [  67% ] 164/179 VUs  06m41.0s/10m0s  5.00 iters/s

running (06m42.0s), 167/179 VUs, 1714 complete and 0 interrupted iterations
steady   [  67% ] 167/179 VUs  06m42.0s/10m0s  5.00 iters/s

running (06m43.0s), 165/179 VUs, 1721 complete and 0 interrupted iterations
steady   [  67% ] 165/179 VUs  06m43.0s/10m0s  5.00 iters/s

running (06m44.0s), 164/179 VUs, 1727 complete and 0 interrupted iterations
steady   [  67% ] 164/179 VUs  06m44.0s/10m0s  5.00 iters/s

running (06m45.0s), 162/179 VUs, 1734 complete and 0 interrupted iterations
steady   [  67% ] 162/179 VUs  06m45.0s/10m0s  5.00 iters/s

running (06m46.0s), 161/179 VUs, 1740 complete and 0 interrupted iterations
steady   [  68% ] 161/179 VUs  06m46.0s/10m0s  5.00 iters/s

running (06m47.0s), 160/179 VUs, 1746 complete and 0 interrupted iterations
steady   [  68% ] 160/179 VUs  06m47.0s/10m0s  5.00 iters/s

running (06m48.0s), 165/179 VUs, 1746 complete and 0 interrupted iterations
steady   [  68% ] 165/179 VUs  06m48.0s/10m0s  5.00 iters/s

running (06m49.0s), 164/179 VUs, 1752 complete and 0 interrupted iterations
steady   [  68% ] 164/179 VUs  06m49.0s/10m0s  5.00 iters/s

running (06m50.0s), 169/179 VUs, 1752 complete and 0 interrupted iterations
steady   [  68% ] 169/179 VUs  06m50.0s/10m0s  5.00 iters/s

running (06m51.0s), 169/179 VUs, 1757 complete and 0 interrupted iterations
steady   [  68% ] 169/179 VUs  06m51.0s/10m0s  5.00 iters/s

running (06m52.0s), 167/179 VUs, 1764 complete and 0 interrupted iterations
steady   [  69% ] 167/179 VUs  06m52.0s/10m0s  5.00 iters/s

running (06m53.0s), 172/179 VUs, 1764 complete and 0 interrupted iterations
steady   [  69% ] 172/179 VUs  06m53.0s/10m0s  5.00 iters/s

running (06m54.0s), 177/179 VUs, 1764 complete and 0 interrupted iterations
steady   [  69% ] 177/179 VUs  06m54.0s/10m0s  5.00 iters/s

running (06m55.0s), 166/179 VUs, 1780 complete and 0 interrupted iterations
steady   [  69% ] 166/179 VUs  06m55.0s/10m0s  5.00 iters/s

running (06m56.0s), 163/179 VUs, 1788 complete and 0 interrupted iterations
steady   [  69% ] 163/179 VUs  06m56.0s/10m0s  5.00 iters/s

running (06m57.0s), 163/179 VUs, 1793 complete and 0 interrupted iterations
steady   [  69% ] 163/179 VUs  06m57.0s/10m0s  5.00 iters/s

running (06m58.0s), 163/179 VUs, 1798 complete and 0 interrupted iterations
steady   [  70% ] 163/179 VUs  06m58.0s/10m0s  5.00 iters/s

running (06m59.0s), 163/179 VUs, 1803 complete and 0 interrupted iterations
steady   [  70% ] 163/179 VUs  06m59.0s/10m0s  5.00 iters/s

running (07m00.0s), 160/179 VUs, 1811 complete and 0 interrupted iterations
steady   [  70% ] 160/179 VUs  07m00.0s/10m0s  5.00 iters/s

running (07m01.0s), 162/179 VUs, 1814 complete and 0 interrupted iterations
steady   [  70% ] 162/179 VUs  07m01.0s/10m0s  5.00 iters/s

running (07m02.0s), 161/179 VUs, 1820 complete and 0 interrupted iterations
steady   [  70% ] 161/179 VUs  07m02.0s/10m0s  5.00 iters/s

running (07m03.0s), 166/179 VUs, 1820 complete and 0 interrupted iterations
steady   [  70% ] 166/179 VUs  07m03.0s/10m0s  5.00 iters/s

running (07m04.0s), 167/179 VUs, 1824 complete and 0 interrupted iterations
steady   [  71% ] 167/179 VUs  07m04.0s/10m0s  5.00 iters/s

running (07m05.0s), 164/179 VUs, 1832 complete and 0 interrupted iterations
steady   [  71% ] 164/179 VUs  07m05.0s/10m0s  5.00 iters/s

running (07m06.0s), 161/179 VUs, 1840 complete and 0 interrupted iterations
steady   [  71% ] 161/179 VUs  07m06.0s/10m0s  5.00 iters/s

running (07m07.0s), 160/179 VUs, 1846 complete and 0 interrupted iterations
steady   [  71% ] 160/179 VUs  07m07.0s/10m0s  5.00 iters/s

running (07m08.0s), 165/179 VUs, 1846 complete and 0 interrupted iterations
steady   [  71% ] 165/179 VUs  07m08.0s/10m0s  5.00 iters/s

running (07m09.0s), 168/179 VUs, 1848 complete and 0 interrupted iterations
steady   [  71% ] 168/179 VUs  07m09.0s/10m0s  5.00 iters/s

running (07m10.0s), 173/179 VUs, 1848 complete and 0 interrupted iterations
steady   [  72% ] 173/179 VUs  07m10.0s/10m0s  5.00 iters/s

running (07m11.0s), 178/179 VUs, 1848 complete and 0 interrupted iterations
steady   [  72% ] 178/179 VUs  07m11.0s/10m0s  5.00 iters/s

running (07m12.0s), 172/180 VUs, 1858 complete and 0 interrupted iterations
steady   [  72% ] 172/180 VUs  07m12.0s/10m0s  5.00 iters/s

running (07m13.0s), 173/180 VUs, 1862 complete and 0 interrupted iterations
steady   [  72% ] 173/180 VUs  07m13.0s/10m0s  5.00 iters/s

running (07m14.0s), 168/180 VUs, 1872 complete and 0 interrupted iterations
steady   [  72% ] 168/180 VUs  07m14.0s/10m0s  5.00 iters/s

running (07m15.0s), 167/180 VUs, 1878 complete and 0 interrupted iterations
steady   [  72% ] 167/180 VUs  07m15.0s/10m0s  5.00 iters/s

running (07m16.0s), 172/180 VUs, 1878 complete and 0 interrupted iterations
steady   [  73% ] 172/180 VUs  07m16.0s/10m0s  5.00 iters/s

running (07m17.0s), 172/180 VUs, 1883 complete and 0 interrupted iterations
steady   [  73% ] 172/180 VUs  07m17.0s/10m0s  5.00 iters/s

running (07m18.0s), 168/180 VUs, 1892 complete and 0 interrupted iterations
steady   [  73% ] 168/180 VUs  07m18.0s/10m0s  5.00 iters/s

running (07m19.0s), 165/180 VUs, 1900 complete and 0 interrupted iterations
steady   [  73% ] 165/180 VUs  07m19.0s/10m0s  5.00 iters/s

running (07m20.0s), 161/180 VUs, 1909 complete and 0 interrupted iterations
steady   [  73% ] 161/180 VUs  07m20.0s/10m0s  5.00 iters/s

running (07m21.0s), 163/180 VUs, 1912 complete and 0 interrupted iterations
steady   [  73% ] 163/180 VUs  07m21.0s/10m0s  5.00 iters/s

running (07m22.0s), 160/180 VUs, 1920 complete and 0 interrupted iterations
steady   [  74% ] 160/180 VUs  07m22.0s/10m0s  5.00 iters/s

running (07m23.0s), 159/180 VUs, 1926 complete and 0 interrupted iterations
steady   [  74% ] 159/180 VUs  07m23.0s/10m0s  5.00 iters/s

running (07m24.0s), 162/180 VUs, 1928 complete and 0 interrupted iterations
steady   [  74% ] 162/180 VUs  07m24.0s/10m0s  5.00 iters/s

running (07m25.0s), 167/180 VUs, 1928 complete and 0 interrupted iterations
steady   [  74% ] 167/180 VUs  07m25.0s/10m0s  5.00 iters/s

running (07m26.0s), 166/180 VUs, 1934 complete and 0 interrupted iterations
steady   [  74% ] 166/180 VUs  07m26.0s/10m0s  5.00 iters/s

running (07m27.0s), 171/180 VUs, 1934 complete and 0 interrupted iterations
steady   [  74% ] 171/180 VUs  07m27.0s/10m0s  5.00 iters/s

running (07m28.0s), 167/180 VUs, 1943 complete and 0 interrupted iterations
steady   [  75% ] 167/180 VUs  07m28.0s/10m0s  5.00 iters/s

running (07m29.0s), 172/180 VUs, 1943 complete and 0 interrupted iterations
steady   [  75% ] 172/180 VUs  07m29.0s/10m0s  5.00 iters/s

running (07m30.0s), 169/180 VUs, 1951 complete and 0 interrupted iterations
steady   [  75% ] 169/180 VUs  07m30.0s/10m0s  5.00 iters/s

running (07m31.0s), 163/180 VUs, 1962 complete and 0 interrupted iterations
steady   [  75% ] 163/180 VUs  07m31.0s/10m0s  5.00 iters/s

running (07m32.0s), 162/180 VUs, 1968 complete and 0 interrupted iterations
steady   [  75% ] 162/180 VUs  07m32.0s/10m0s  5.00 iters/s

running (07m33.0s), 160/180 VUs, 1975 complete and 0 interrupted iterations
steady   [  75% ] 160/180 VUs  07m33.0s/10m0s  5.00 iters/s

running (07m34.0s), 164/180 VUs, 1976 complete and 0 interrupted iterations
steady   [  76% ] 164/180 VUs  07m34.0s/10m0s  5.00 iters/s

running (07m35.0s), 169/180 VUs, 1976 complete and 0 interrupted iterations
steady   [  76% ] 169/180 VUs  07m35.0s/10m0s  5.00 iters/s

running (07m36.0s), 174/180 VUs, 1976 complete and 0 interrupted iterations
steady   [  76% ] 174/180 VUs  07m36.0s/10m0s  5.00 iters/s

running (07m37.0s), 169/180 VUs, 1986 complete and 0 interrupted iterations
steady   [  76% ] 169/180 VUs  07m37.0s/10m0s  5.00 iters/s

running (07m38.0s), 174/180 VUs, 1986 complete and 0 interrupted iterations
steady   [  76% ] 174/180 VUs  07m38.0s/10m0s  5.00 iters/s

running (07m39.0s), 169/180 VUs, 1996 complete and 0 interrupted iterations
steady   [  76% ] 169/180 VUs  07m39.0s/10m0s  5.00 iters/s

running (07m40.0s), 166/180 VUs, 2004 complete and 0 interrupted iterations
steady   [  77% ] 166/180 VUs  07m40.0s/10m0s  5.00 iters/s

running (07m41.0s), 162/180 VUs, 2013 complete and 0 interrupted iterations
steady   [  77% ] 162/180 VUs  07m41.0s/10m0s  5.00 iters/s

running (07m42.0s), 161/180 VUs, 2019 complete and 0 interrupted iterations
steady   [  77% ] 161/180 VUs  07m42.0s/10m0s  5.00 iters/s

running (07m43.0s), 161/180 VUs, 2024 complete and 0 interrupted iterations
steady   [  77% ] 161/180 VUs  07m43.0s/10m0s  5.00 iters/s

running (07m44.0s), 166/180 VUs, 2024 complete and 0 interrupted iterations
steady   [  77% ] 166/180 VUs  07m44.0s/10m0s  5.00 iters/s

running (07m45.0s), 167/180 VUs, 2028 complete and 0 interrupted iterations
steady   [  77% ] 167/180 VUs  07m45.0s/10m0s  5.00 iters/s

running (07m46.0s), 172/180 VUs, 2028 complete and 0 interrupted iterations
steady   [  78% ] 172/180 VUs  07m46.0s/10m0s  5.00 iters/s

running (07m47.0s), 168/180 VUs, 2037 complete and 0 interrupted iterations
steady   [  78% ] 168/180 VUs  07m47.0s/10m0s  5.00 iters/s

running (07m48.0s), 173/180 VUs, 2037 complete and 0 interrupted iterations
steady   [  78% ] 173/180 VUs  07m48.0s/10m0s  5.00 iters/s

running (07m49.0s), 167/180 VUs, 2048 complete and 0 interrupted iterations
steady   [  78% ] 167/180 VUs  07m49.0s/10m0s  5.00 iters/s

running (07m50.0s), 170/180 VUs, 2050 complete and 0 interrupted iterations
steady   [  78% ] 170/180 VUs  07m50.0s/10m0s  5.00 iters/s

running (07m51.0s), 174/180 VUs, 2051 complete and 0 interrupted iterations
steady   [  78% ] 174/180 VUs  07m51.0s/10m0s  5.00 iters/s

running (07m52.0s), 168/180 VUs, 2062 complete and 0 interrupted iterations
steady   [  79% ] 168/180 VUs  07m52.0s/10m0s  5.00 iters/s

running (07m53.0s), 168/180 VUs, 2067 complete and 0 interrupted iterations
steady   [  79% ] 168/180 VUs  07m53.0s/10m0s  5.00 iters/s

running (07m54.0s), 169/180 VUs, 2071 complete and 0 interrupted iterations
steady   [  79% ] 169/180 VUs  07m54.0s/10m0s  5.00 iters/s

running (07m55.0s), 165/180 VUs, 2080 complete and 0 interrupted iterations
steady   [  79% ] 165/180 VUs  07m55.0s/10m0s  5.00 iters/s

running (07m56.0s), 165/180 VUs, 2085 complete and 0 interrupted iterations
steady   [  79% ] 165/180 VUs  07m56.0s/10m0s  5.00 iters/s

running (07m57.0s), 170/180 VUs, 2085 complete and 0 interrupted iterations
steady   [  79% ] 170/180 VUs  07m57.0s/10m0s  5.00 iters/s

running (07m58.0s), 175/180 VUs, 2085 complete and 0 interrupted iterations
steady   [  80% ] 175/180 VUs  07m58.0s/10m0s  5.00 iters/s

running (07m59.0s), 172/180 VUs, 2093 complete and 0 interrupted iterations
steady   [  80% ] 172/180 VUs  07m59.0s/10m0s  5.00 iters/s

running (08m00.0s), 177/180 VUs, 2093 complete and 0 interrupted iterations
steady   [  80% ] 177/180 VUs  08m00.0s/10m0s  5.00 iters/s

running (08m01.0s), 181/181 VUs, 2093 complete and 0 interrupted iterations
steady   [  80% ] 181/181 VUs  08m01.0s/10m0s  5.00 iters/s

running (08m02.0s), 166/182 VUs, 2112 complete and 0 interrupted iterations
steady   [  80% ] 166/182 VUs  08m02.0s/10m0s  5.00 iters/s

running (08m03.0s), 168/182 VUs, 2115 complete and 0 interrupted iterations
steady   [  80% ] 168/182 VUs  08m03.0s/10m0s  5.00 iters/s

running (08m04.0s), 168/182 VUs, 2120 complete and 0 interrupted iterations
steady   [  81% ] 168/182 VUs  08m04.0s/10m0s  5.00 iters/s

running (08m05.0s), 163/182 VUs, 2130 complete and 0 interrupted iterations
steady   [  81% ] 163/182 VUs  08m05.0s/10m0s  5.00 iters/s

running (08m06.0s), 160/182 VUs, 2138 complete and 0 interrupted iterations
steady   [  81% ] 160/182 VUs  08m06.0s/10m0s  5.00 iters/s

running (08m07.0s), 158/182 VUs, 2145 complete and 0 interrupted iterations
steady   [  81% ] 158/182 VUs  08m07.0s/10m0s  5.00 iters/s

running (08m08.0s), 156/182 VUs, 2152 complete and 0 interrupted iterations
steady   [  81% ] 156/182 VUs  08m08.0s/10m0s  5.00 iters/s

running (08m09.0s), 158/182 VUs, 2155 complete and 0 interrupted iterations
steady   [  81% ] 158/182 VUs  08m09.0s/10m0s  5.00 iters/s

running (08m10.0s), 163/182 VUs, 2155 complete and 0 interrupted iterations
steady   [  82% ] 163/182 VUs  08m10.0s/10m0s  5.00 iters/s

running (08m11.0s), 165/182 VUs, 2158 complete and 0 interrupted iterations
steady   [  82% ] 165/182 VUs  08m11.0s/10m0s  5.00 iters/s

running (08m12.0s), 170/182 VUs, 2158 complete and 0 interrupted iterations
steady   [  82% ] 170/182 VUs  08m12.0s/10m0s  5.00 iters/s

running (08m13.0s), 161/182 VUs, 2172 complete and 0 interrupted iterations
steady   [  82% ] 161/182 VUs  08m13.0s/10m0s  5.00 iters/s

running (08m14.0s), 159/182 VUs, 2179 complete and 0 interrupted iterations
steady   [  82% ] 159/182 VUs  08m14.0s/10m0s  5.00 iters/s

running (08m15.0s), 159/182 VUs, 2184 complete and 0 interrupted iterations
steady   [  82% ] 159/182 VUs  08m15.0s/10m0s  5.00 iters/s

running (08m16.0s), 159/182 VUs, 2189 complete and 0 interrupted iterations
steady   [  83% ] 159/182 VUs  08m16.0s/10m0s  5.00 iters/s

running (08m17.0s), 164/182 VUs, 2189 complete and 0 interrupted iterations
steady   [  83% ] 164/182 VUs  08m17.0s/10m0s  5.00 iters/s

running (08m18.0s), 163/182 VUs, 2195 complete and 0 interrupted iterations
steady   [  83% ] 163/182 VUs  08m18.0s/10m0s  5.00 iters/s

running (08m19.0s), 168/182 VUs, 2195 complete and 0 interrupted iterations
steady   [  83% ] 168/182 VUs  08m19.0s/10m0s  5.00 iters/s

running (08m20.0s), 168/182 VUs, 2200 complete and 0 interrupted iterations
steady   [  83% ] 168/182 VUs  08m20.0s/10m0s  5.00 iters/s

running (08m21.0s), 173/182 VUs, 2200 complete and 0 interrupted iterations
steady   [  83% ] 173/182 VUs  08m21.0s/10m0s  5.00 iters/s

running (08m22.0s), 168/182 VUs, 2210 complete and 0 interrupted iterations
steady   [  84% ] 168/182 VUs  08m22.0s/10m0s  5.00 iters/s

running (08m23.0s), 162/182 VUs, 2221 complete and 0 interrupted iterations
steady   [  84% ] 162/182 VUs  08m23.0s/10m0s  5.00 iters/s

running (08m24.0s), 162/182 VUs, 2226 complete and 0 interrupted iterations
steady   [  84% ] 162/182 VUs  08m24.0s/10m0s  5.00 iters/s

running (08m25.0s), 161/182 VUs, 2232 complete and 0 interrupted iterations
steady   [  84% ] 161/182 VUs  08m25.0s/10m0s  5.00 iters/s

running (08m26.0s), 159/182 VUs, 2239 complete and 0 interrupted iterations
steady   [  84% ] 159/182 VUs  08m26.0s/10m0s  5.00 iters/s

running (08m27.0s), 160/182 VUs, 2243 complete and 0 interrupted iterations
steady   [  84% ] 160/182 VUs  08m27.0s/10m0s  5.00 iters/s

running (08m28.0s), 165/182 VUs, 2243 complete and 0 interrupted iterations
steady   [  85% ] 165/182 VUs  08m28.0s/10m0s  5.00 iters/s

running (08m29.0s), 165/182 VUs, 2248 complete and 0 interrupted iterations
steady   [  85% ] 165/182 VUs  08m29.0s/10m0s  5.00 iters/s

running (08m30.0s), 162/182 VUs, 2256 complete and 0 interrupted iterations
steady   [  85% ] 162/182 VUs  08m30.0s/10m0s  5.00 iters/s

running (08m31.0s), 160/182 VUs, 2263 complete and 0 interrupted iterations
steady   [  85% ] 160/182 VUs  08m31.0s/10m0s  5.00 iters/s

running (08m32.0s), 165/182 VUs, 2263 complete and 0 interrupted iterations
steady   [  85% ] 165/182 VUs  08m32.0s/10m0s  5.00 iters/s

running (08m33.0s), 166/182 VUs, 2267 complete and 0 interrupted iterations
steady   [  85% ] 166/182 VUs  08m33.0s/10m0s  5.00 iters/s

running (08m34.0s), 163/182 VUs, 2275 complete and 0 interrupted iterations
steady   [  86% ] 163/182 VUs  08m34.0s/10m0s  5.00 iters/s

running (08m35.0s), 160/182 VUs, 2283 complete and 0 interrupted iterations
steady   [  86% ] 160/182 VUs  08m35.0s/10m0s  5.00 iters/s

running (08m36.0s), 165/182 VUs, 2283 complete and 0 interrupted iterations
steady   [  86% ] 165/182 VUs  08m36.0s/10m0s  5.00 iters/s

running (08m37.0s), 164/182 VUs, 2289 complete and 0 interrupted iterations
steady   [  86% ] 164/182 VUs  08m37.0s/10m0s  5.00 iters/s

running (08m38.0s), 169/182 VUs, 2289 complete and 0 interrupted iterations
steady   [  86% ] 169/182 VUs  08m38.0s/10m0s  5.00 iters/s

running (08m39.0s), 166/182 VUs, 2297 complete and 0 interrupted iterations
steady   [  86% ] 166/182 VUs  08m39.0s/10m0s  5.00 iters/s

running (08m40.0s), 162/182 VUs, 2306 complete and 0 interrupted iterations
steady   [  87% ] 162/182 VUs  08m40.0s/10m0s  5.00 iters/s

running (08m41.0s), 160/182 VUs, 2313 complete and 0 interrupted iterations
steady   [  87% ] 160/182 VUs  08m41.0s/10m0s  5.00 iters/s

running (08m42.0s), 162/182 VUs, 2316 complete and 0 interrupted iterations
steady   [  87% ] 162/182 VUs  08m42.0s/10m0s  5.00 iters/s

running (08m43.0s), 162/182 VUs, 2321 complete and 0 interrupted iterations
steady   [  87% ] 162/182 VUs  08m43.0s/10m0s  5.00 iters/s

running (08m44.0s), 163/182 VUs, 2325 complete and 0 interrupted iterations
steady   [  87% ] 163/182 VUs  08m44.0s/10m0s  5.00 iters/s

running (08m45.0s), 162/182 VUs, 2331 complete and 0 interrupted iterations
steady   [  87% ] 162/182 VUs  08m45.0s/10m0s  5.00 iters/s

running (08m46.0s), 163/182 VUs, 2335 complete and 0 interrupted iterations
steady   [  88% ] 163/182 VUs  08m46.0s/10m0s  5.00 iters/s

running (08m47.0s), 168/182 VUs, 2335 complete and 0 interrupted iterations
steady   [  88% ] 168/182 VUs  08m47.0s/10m0s  5.00 iters/s

running (08m48.0s), 166/182 VUs, 2342 complete and 0 interrupted iterations
steady   [  88% ] 166/182 VUs  08m48.0s/10m0s  5.00 iters/s

running (08m49.0s), 171/182 VUs, 2342 complete and 0 interrupted iterations
steady   [  88% ] 171/182 VUs  08m49.0s/10m0s  5.00 iters/s

running (08m50.0s), 168/182 VUs, 2350 complete and 0 interrupted iterations
steady   [  88% ] 168/182 VUs  08m50.0s/10m0s  5.00 iters/s

running (08m51.0s), 165/182 VUs, 2358 complete and 0 interrupted iterations
steady   [  88% ] 165/182 VUs  08m51.0s/10m0s  5.00 iters/s

running (08m52.0s), 161/182 VUs, 2367 complete and 0 interrupted iterations
steady   [  89% ] 161/182 VUs  08m52.0s/10m0s  5.00 iters/s

running (08m53.0s), 160/182 VUs, 2373 complete and 0 interrupted iterations
steady   [  89% ] 160/182 VUs  08m53.0s/10m0s  5.00 iters/s

running (08m54.0s), 165/182 VUs, 2373 complete and 0 interrupted iterations
steady   [  89% ] 165/182 VUs  08m54.0s/10m0s  5.00 iters/s

running (08m55.0s), 164/182 VUs, 2379 complete and 0 interrupted iterations
steady   [  89% ] 164/182 VUs  08m55.0s/10m0s  5.00 iters/s

running (08m56.0s), 169/182 VUs, 2379 complete and 0 interrupted iterations
steady   [  89% ] 169/182 VUs  08m56.0s/10m0s  5.00 iters/s

running (08m57.0s), 171/182 VUs, 2382 complete and 0 interrupted iterations
steady   [  89% ] 171/182 VUs  08m57.0s/10m0s  5.00 iters/s

running (08m58.0s), 162/182 VUs, 2396 complete and 0 interrupted iterations
steady   [  90% ] 162/182 VUs  08m58.0s/10m0s  5.00 iters/s

running (08m59.0s), 162/182 VUs, 2401 complete and 0 interrupted iterations
steady   [  90% ] 162/182 VUs  08m59.0s/10m0s  5.00 iters/s

running (09m00.0s), 162/182 VUs, 2406 complete and 0 interrupted iterations
steady   [  90% ] 162/182 VUs  09m00.0s/10m0s  5.00 iters/s

running (09m01.0s), 165/182 VUs, 2408 complete and 0 interrupted iterations
steady   [  90% ] 165/182 VUs  09m01.0s/10m0s  5.00 iters/s

running (09m02.0s), 167/182 VUs, 2411 complete and 0 interrupted iterations
steady   [  90% ] 167/182 VUs  09m02.0s/10m0s  5.00 iters/s

running (09m03.0s), 168/182 VUs, 2415 complete and 0 interrupted iterations
steady   [  90% ] 168/182 VUs  09m03.0s/10m0s  5.00 iters/s

running (09m04.0s), 169/182 VUs, 2419 complete and 0 interrupted iterations
steady   [  91% ] 169/182 VUs  09m04.0s/10m0s  5.00 iters/s

running (09m05.0s), 165/182 VUs, 2428 complete and 0 interrupted iterations
steady   [  91% ] 165/182 VUs  09m05.0s/10m0s  5.00 iters/s

running (09m06.0s), 163/182 VUs, 2435 complete and 0 interrupted iterations
steady   [  91% ] 163/182 VUs  09m06.0s/10m0s  5.00 iters/s

running (09m07.0s), 163/182 VUs, 2440 complete and 0 interrupted iterations
steady   [  91% ] 163/182 VUs  09m07.0s/10m0s  5.00 iters/s

running (09m08.0s), 162/182 VUs, 2446 complete and 0 interrupted iterations
steady   [  91% ] 162/182 VUs  09m08.0s/10m0s  5.00 iters/s

running (09m09.0s), 167/182 VUs, 2446 complete and 0 interrupted iterations
steady   [  91% ] 167/182 VUs  09m09.0s/10m0s  5.00 iters/s

running (09m10.0s), 165/182 VUs, 2453 complete and 0 interrupted iterations
steady   [  92% ] 165/182 VUs  09m10.0s/10m0s  5.00 iters/s

running (09m11.0s), 170/182 VUs, 2453 complete and 0 interrupted iterations
steady   [  92% ] 170/182 VUs  09m11.0s/10m0s  5.00 iters/s

running (09m12.0s), 175/182 VUs, 2453 complete and 0 interrupted iterations
steady   [  92% ] 175/182 VUs  09m12.0s/10m0s  5.00 iters/s

running (09m13.0s), 167/182 VUs, 2466 complete and 0 interrupted iterations
steady   [  92% ] 167/182 VUs  09m13.0s/10m0s  5.00 iters/s

running (09m14.0s), 163/182 VUs, 2475 complete and 0 interrupted iterations
steady   [  92% ] 163/182 VUs  09m14.0s/10m0s  5.00 iters/s

running (09m15.0s), 162/182 VUs, 2481 complete and 0 interrupted iterations
steady   [  92% ] 162/182 VUs  09m15.0s/10m0s  5.00 iters/s

running (09m16.0s), 164/182 VUs, 2484 complete and 0 interrupted iterations
steady   [  93% ] 164/182 VUs  09m16.0s/10m0s  5.00 iters/s

running (09m17.0s), 162/182 VUs, 2491 complete and 0 interrupted iterations
steady   [  93% ] 162/182 VUs  09m17.0s/10m0s  5.00 iters/s

running (09m18.0s), 167/182 VUs, 2491 complete and 0 interrupted iterations
steady   [  93% ] 167/182 VUs  09m18.0s/10m0s  5.00 iters/s

running (09m19.0s), 167/182 VUs, 2496 complete and 0 interrupted iterations
steady   [  93% ] 167/182 VUs  09m19.0s/10m0s  5.00 iters/s

running (09m20.0s), 161/182 VUs, 2507 complete and 0 interrupted iterations
steady   [  93% ] 161/182 VUs  09m20.0s/10m0s  5.00 iters/s

running (09m21.0s), 163/182 VUs, 2510 complete and 0 interrupted iterations
steady   [  93% ] 163/182 VUs  09m21.0s/10m0s  5.00 iters/s

running (09m22.0s), 162/182 VUs, 2516 complete and 0 interrupted iterations
steady   [  94% ] 162/182 VUs  09m22.0s/10m0s  5.00 iters/s

running (09m23.0s), 162/182 VUs, 2521 complete and 0 interrupted iterations
steady   [  94% ] 162/182 VUs  09m23.0s/10m0s  5.00 iters/s

running (09m24.0s), 167/182 VUs, 2521 complete and 0 interrupted iterations
steady   [  94% ] 167/182 VUs  09m24.0s/10m0s  5.00 iters/s

running (09m25.0s), 166/182 VUs, 2527 complete and 0 interrupted iterations
steady   [  94% ] 166/182 VUs  09m25.0s/10m0s  5.00 iters/s

running (09m26.0s), 163/182 VUs, 2535 complete and 0 interrupted iterations
steady   [  94% ] 163/182 VUs  09m26.0s/10m0s  5.00 iters/s

running (09m27.0s), 161/182 VUs, 2542 complete and 0 interrupted iterations
steady   [  94% ] 161/182 VUs  09m27.0s/10m0s  5.00 iters/s

running (09m28.0s), 165/182 VUs, 2543 complete and 0 interrupted iterations
steady   [  95% ] 165/182 VUs  09m28.0s/10m0s  5.00 iters/s

running (09m29.0s), 170/182 VUs, 2543 complete and 0 interrupted iterations
steady   [  95% ] 170/182 VUs  09m29.0s/10m0s  5.00 iters/s

running (09m30.0s), 170/182 VUs, 2548 complete and 0 interrupted iterations
steady   [  95% ] 170/182 VUs  09m30.0s/10m0s  5.00 iters/s

running (09m31.0s), 174/182 VUs, 2549 complete and 0 interrupted iterations
steady   [  95% ] 174/182 VUs  09m31.0s/10m0s  5.00 iters/s

running (09m32.0s), 179/182 VUs, 2549 complete and 0 interrupted iterations
steady   [  95% ] 179/182 VUs  09m32.0s/10m0s  5.00 iters/s

running (09m33.0s), 172/182 VUs, 2561 complete and 0 interrupted iterations
steady   [  95% ] 172/182 VUs  09m33.0s/10m0s  5.00 iters/s

running (09m34.0s), 165/182 VUs, 2573 complete and 0 interrupted iterations
steady   [  96% ] 165/182 VUs  09m34.0s/10m0s  5.00 iters/s

running (09m35.0s), 160/182 VUs, 2583 complete and 0 interrupted iterations
steady   [  96% ] 160/182 VUs  09m35.0s/10m0s  5.00 iters/s

running (09m36.0s), 163/182 VUs, 2585 complete and 0 interrupted iterations
steady   [  96% ] 163/182 VUs  09m36.0s/10m0s  5.00 iters/s

running (09m37.0s), 161/182 VUs, 2592 complete and 0 interrupted iterations
steady   [  96% ] 161/182 VUs  09m37.0s/10m0s  5.00 iters/s

running (09m38.0s), 166/182 VUs, 2592 complete and 0 interrupted iterations
steady   [  96% ] 166/182 VUs  09m38.0s/10m0s  5.00 iters/s

running (09m39.0s), 165/182 VUs, 2598 complete and 0 interrupted iterations
steady   [  96% ] 165/182 VUs  09m39.0s/10m0s  5.00 iters/s

running (09m40.0s), 170/182 VUs, 2598 complete and 0 interrupted iterations
steady   [  97% ] 170/182 VUs  09m40.0s/10m0s  5.00 iters/s

running (09m41.0s), 172/182 VUs, 2601 complete and 0 interrupted iterations
steady   [  97% ] 172/182 VUs  09m41.0s/10m0s  5.00 iters/s

running (09m42.0s), 165/182 VUs, 2613 complete and 0 interrupted iterations
steady   [  97% ] 165/182 VUs  09m42.0s/10m0s  5.00 iters/s

running (09m43.0s), 165/182 VUs, 2618 complete and 0 interrupted iterations
steady   [  97% ] 165/182 VUs  09m43.0s/10m0s  5.00 iters/s

running (09m44.0s), 170/182 VUs, 2618 complete and 0 interrupted iterations
steady   [  97% ] 170/182 VUs  09m44.0s/10m0s  5.00 iters/s

running (09m45.0s), 167/182 VUs, 2626 complete and 0 interrupted iterations
steady   [  97% ] 167/182 VUs  09m45.0s/10m0s  5.00 iters/s

running (09m46.0s), 172/182 VUs, 2626 complete and 0 interrupted iterations
steady   [  98% ] 172/182 VUs  09m46.0s/10m0s  5.00 iters/s

running (09m47.0s), 177/182 VUs, 2626 complete and 0 interrupted iterations
steady   [  98% ] 177/182 VUs  09m47.0s/10m0s  5.00 iters/s

running (09m48.0s), 169/182 VUs, 2639 complete and 0 interrupted iterations
steady   [  98% ] 169/182 VUs  09m48.0s/10m0s  5.00 iters/s

running (09m49.0s), 166/182 VUs, 2647 complete and 0 interrupted iterations
steady   [  98% ] 166/182 VUs  09m49.0s/10m0s  5.00 iters/s

running (09m50.0s), 164/182 VUs, 2654 complete and 0 interrupted iterations
steady   [  98% ] 164/182 VUs  09m50.0s/10m0s  5.00 iters/s

running (09m51.0s), 163/182 VUs, 2660 complete and 0 interrupted iterations
steady   [  98% ] 163/182 VUs  09m51.0s/10m0s  5.00 iters/s

running (09m52.0s), 164/182 VUs, 2664 complete and 0 interrupted iterations
steady   [  99% ] 164/182 VUs  09m52.0s/10m0s  5.00 iters/s

running (09m53.0s), 164/182 VUs, 2669 complete and 0 interrupted iterations
steady   [  99% ] 164/182 VUs  09m53.0s/10m0s  5.00 iters/s

running (09m54.0s), 164/182 VUs, 2674 complete and 0 interrupted iterations
steady   [  99% ] 164/182 VUs  09m54.0s/10m0s  5.00 iters/s

running (09m55.0s), 162/182 VUs, 2681 complete and 0 interrupted iterations
steady   [  99% ] 162/182 VUs  09m55.0s/10m0s  5.00 iters/s

running (09m56.0s), 165/182 VUs, 2683 complete and 0 interrupted iterations
steady   [  99% ] 165/182 VUs  09m56.0s/10m0s  5.00 iters/s

running (09m57.0s), 169/182 VUs, 2684 complete and 0 interrupted iterations
steady   [  99% ] 169/182 VUs  09m57.0s/10m0s  5.00 iters/s

running (09m58.0s), 163/182 VUs, 2695 complete and 0 interrupted iterations
steady   [ 100% ] 163/182 VUs  09m58.0s/10m0s  5.00 iters/s

running (09m59.0s), 163/182 VUs, 2700 complete and 0 interrupted iterations
steady   [ 100% ] 163/182 VUs  09m59.0s/10m0s  5.00 iters/s

running (10m00.0s), 168/182 VUs, 2700 complete and 0 interrupted iterations
steady   [ 100% ] 168/182 VUs  10m00.0s/10m0s  5.00 iters/s

running (10m01.0s), 168/182 VUs, 2700 complete and 0 interrupted iterations
steady ↓ [ 100% ] 168/182 VUs  10m0s  5.00 iters/s

running (10m02.0s), 168/182 VUs, 2700 complete and 0 interrupted iterations
steady ↓ [ 100% ] 168/182 VUs  10m0s  5.00 iters/s

running (10m03.0s), 157/182 VUs, 2711 complete and 0 interrupted iterations
steady ↓ [ 100% ] 168/182 VUs  10m0s  5.00 iters/s

running (10m04.0s), 157/182 VUs, 2711 complete and 0 interrupted iterations
steady ↓ [ 100% ] 168/182 VUs  10m0s  5.00 iters/s

running (10m05.0s), 147/182 VUs, 2721 complete and 0 interrupted iterations
steady ↓ [ 100% ] 168/182 VUs  10m0s  5.00 iters/s

running (10m06.0s), 142/182 VUs, 2726 complete and 0 interrupted iterations
steady ↓ [ 100% ] 168/182 VUs  10m0s  5.00 iters/s

running (10m07.0s), 142/182 VUs, 2726 complete and 0 interrupted iterations
steady ↓ [ 100% ] 168/182 VUs  10m0s  5.00 iters/s

running (10m08.0s), 128/182 VUs, 2740 complete and 0 interrupted iterations
steady ↓ [ 100% ] 168/182 VUs  10m0s  5.00 iters/s

running (10m09.0s), 128/182 VUs, 2740 complete and 0 interrupted iterations
steady ↓ [ 100% ] 168/182 VUs  10m0s  5.00 iters/s

running (10m10.0s), 119/182 VUs, 2749 complete and 0 interrupted iterations
steady ↓ [ 100% ] 168/182 VUs  10m0s  5.00 iters/s

running (10m11.0s), 119/182 VUs, 2749 complete and 0 interrupted iterations
steady ↓ [ 100% ] 168/182 VUs  10m0s  5.00 iters/s

running (10m12.0s), 115/182 VUs, 2753 complete and 0 interrupted iterations
steady ↓ [ 100% ] 168/182 VUs  10m0s  5.00 iters/s

running (10m13.0s), 103/182 VUs, 2765 complete and 0 interrupted iterations
steady ↓ [ 100% ] 168/182 VUs  10m0s  5.00 iters/s

running (10m14.0s), 096/182 VUs, 2772 complete and 0 interrupted iterations
steady ↓ [ 100% ] 168/182 VUs  10m0s  5.00 iters/s

running (10m15.0s), 088/182 VUs, 2780 complete and 0 interrupted iterations
steady ↓ [ 100% ] 168/182 VUs  10m0s  5.00 iters/s

running (10m16.0s), 088/182 VUs, 2780 complete and 0 interrupted iterations
steady ↓ [ 100% ] 168/182 VUs  10m0s  5.00 iters/s

running (10m17.0s), 085/182 VUs, 2783 complete and 0 interrupted iterations
steady ↓ [ 100% ] 168/182 VUs  10m0s  5.00 iters/s

running (10m18.0s), 085/182 VUs, 2783 complete and 0 interrupted iterations
steady ↓ [ 100% ] 168/182 VUs  10m0s  5.00 iters/s

running (10m19.0s), 075/182 VUs, 2793 complete and 0 interrupted iterations
steady ↓ [ 100% ] 168/182 VUs  10m0s  5.00 iters/s

running (10m20.0s), 070/182 VUs, 2798 complete and 0 interrupted iterations
steady ↓ [ 100% ] 168/182 VUs  10m0s  5.00 iters/s

running (10m21.0s), 070/182 VUs, 2798 complete and 0 interrupted iterations
steady ↓ [ 100% ] 168/182 VUs  10m0s  5.00 iters/s

running (10m22.0s), 057/182 VUs, 2811 complete and 0 interrupted iterations
steady ↓ [ 100% ] 168/182 VUs  10m0s  5.00 iters/s

running (10m23.0s), 057/182 VUs, 2811 complete and 0 interrupted iterations
steady ↓ [ 100% ] 168/182 VUs  10m0s  5.00 iters/s

running (10m24.0s), 051/182 VUs, 2817 complete and 0 interrupted iterations
steady ↓ [ 100% ] 168/182 VUs  10m0s  5.00 iters/s

running (10m25.0s), 049/182 VUs, 2819 complete and 0 interrupted iterations
steady ↓ [ 100% ] 168/182 VUs  10m0s  5.00 iters/s

running (10m26.0s), 043/182 VUs, 2825 complete and 0 interrupted iterations
steady ↓ [ 100% ] 168/182 VUs  10m0s  5.00 iters/s

running (10m27.0s), 033/182 VUs, 2835 complete and 0 interrupted iterations
steady ↓ [ 100% ] 168/182 VUs  10m0s  5.00 iters/s

running (10m28.0s), 024/182 VUs, 2844 complete and 0 interrupted iterations
steady ↓ [ 100% ] 168/182 VUs  10m0s  5.00 iters/s

running (10m29.0s), 018/182 VUs, 2850 complete and 0 interrupted iterations
steady ↓ [ 100% ] 168/182 VUs  10m0s  5.00 iters/s

running (10m30.0s), 015/182 VUs, 2853 complete and 0 interrupted iterations
steady ↓ [ 100% ] 168/182 VUs  10m0s  5.00 iters/s

================ DSP benchmark summary ================
-- per-phase latency --
  catalog                    p50=100.4 ms  p95=237.0 ms  p99=342.9 ms  max=688.7 ms  n=2868
  negotiation init (POST)    p50=9.4 ms  p95=103.7 ms  p99=122.1 ms  max=251.1 ms  n=2868
  time-to-AGREED (async)     p50=3122.0 ms  p95=4837.3 ms  p99=5521.5 ms  max=7483.0 ms  n=2868
  transfer init (POST)       p50=62.3 ms  p95=122.4 ms  p99=184.1 ms  max=230.7 ms  n=2868
  time-to-EDR (async)        p50=0.0 ms  p95=0.0 ms  p99=0.0 ms  max=0.0 ms  n=0
  data pull                  (no data)
-- end-to-end + throughput --
  e2e transaction            p50=0.0 ms  p95=0.0 ms  p99=0.0 ms  max=0.0 ms  n=0
  data throughput (MB/s)     (no data)
-- outcomes --
  transactions succeeded     (no data)
  transactions failed        count=2853  rate=4.528/s
  failed rate                rate=100.00%  (pass=2853 fail=0)
-- observer effect (poll load) --
  negotiation polls          count=37657  rate=59.772/s
  edr polls                  count=344082  rate=546.152/s
=======================================================
(full summary -> /home/rohitj/edc/benchmarking-factoryx-edc/resources/local-fx-mvd/k6-scripts/results/factoryx/steady/2026-07-29T16-40-27Z/k6-summary.json; POLL_INTERVAL_MS=250; IDENTITY_MODE=on)

running (10m30.0s), 000/182 VUs, 2853 complete and 15 interrupted iterations
steady ✓ [ 100% ] 015/182 VUs  10m0s  5.00 iters/s
time="2026-07-29T16:52:28Z" level=error msg="thresholds on metrics 'dsp_transaction_failed_rate' have been crossed"
Prometheus snapshot [1785343318..1785343963] svc=(provider-controlplane|provider-dataplane|consumer-controlplane|consumer-dataplane) win=1m -> /home/rohitj/edc/benchmarking-factoryx-edc/resources/local-fx-mvd/k6-scripts/results/factoryx/steady/2026-07-29T16-40-27Z
  jvm-heap.csv (520 rows)
  jvm-gc-rate.csv (520 rows)
  jvm-threads.csv (520 rows)
  http-throughput.csv (520 rows)
  http-p95.csv (520 rows)
  http-errors.csv (260 rows)
  host-cpu-busy.csv (130 rows)
  host-mem-used.csv (130 rows)
>>> done: /home/rohitj/edc/benchmarking-factoryx-edc/resources/local-fx-mvd/k6-scripts/results/factoryx/steady/2026-07-29T16-40-27Z  (k6 exit 99)
  (steady rep 2 exited non-zero)
----- factoryx / concurrency-closed (rep 2) -----
>>> factoryx / concurrency-closed  ->  /home/rohitj/edc/benchmarking-factoryx-edc/resources/local-fx-mvd/k6-scripts/results/factoryx/concurrency-closed/2026-07-29T16-52-44Z
parity OK: lib/ + scenarios/ identical to /home/rohitj/edc/benchmarking-factoryx-edc/resources/local-fx-mvd/k6-scripts
Health: http://localhost:29010/management + prometheus  OK
Warmup 60s @ 2/s (discarded)
  (warmup non-zero exit ignored)

         /\      Grafana   /‾‾/  
    /\  /  \     |\  __   /  /   
   /  \/    \    | |/ /  /   ‾‾\ 
  /          \   |   (  |  (‾)  |
 / __________ \  |_|\_\  \_____/ 


     execution: local
        script: /home/rohitj/edc/benchmarking-factoryx-edc/resources/local-fx-mvd/k6-scripts/scenarios/concurrency-closed.js
        output: -

     scenarios: (100.00%) 1 scenario, 200 max VUs, 10m30s max duration (incl. graceful stop):
              * concurrency: Up to 200 looping VUs for 10m0s over 5 stages (gracefulRampDown: 30s, gracefulStop: 30s)


running (00m00.9s), 001/200 VUs, 0 complete and 0 interrupted iterations
concurrency   [   0% ] 001/200 VUs  00m00.9s/10m00.0s

running (00m01.9s), 001/200 VUs, 0 complete and 0 interrupted iterations
concurrency   [   0% ] 001/200 VUs  00m01.9s/10m00.0s

running (00m02.9s), 001/200 VUs, 0 complete and 0 interrupted iterations
concurrency   [   0% ] 001/200 VUs  00m02.9s/10m00.0s

running (00m03.9s), 001/200 VUs, 0 complete and 0 interrupted iterations
concurrency   [   1% ] 001/200 VUs  00m03.9s/10m00.0s

running (00m04.9s), 001/200 VUs, 0 complete and 0 interrupted iterations
concurrency   [   1% ] 001/200 VUs  00m04.9s/10m00.0s

running (00m05.9s), 001/200 VUs, 1 complete and 0 interrupted iterations
concurrency   [   1% ] 001/200 VUs  00m05.9s/10m00.0s

running (00m06.9s), 001/200 VUs, 1 complete and 0 interrupted iterations
concurrency   [   1% ] 001/200 VUs  00m06.9s/10m00.0s

running (00m07.9s), 001/200 VUs, 1 complete and 0 interrupted iterations
concurrency   [   1% ] 001/200 VUs  00m07.9s/10m00.0s

running (00m08.9s), 001/200 VUs, 1 complete and 0 interrupted iterations
concurrency   [   1% ] 001/200 VUs  00m08.9s/10m00.0s

running (00m09.9s), 001/200 VUs, 1 complete and 0 interrupted iterations
concurrency   [   2% ] 001/200 VUs  00m09.9s/10m00.0s

running (00m10.9s), 001/200 VUs, 1 complete and 0 interrupted iterations
concurrency   [   2% ] 001/200 VUs  00m10.9s/10m00.0s

running (00m11.9s), 001/200 VUs, 2 complete and 0 interrupted iterations
concurrency   [   2% ] 001/200 VUs  00m11.9s/10m00.0s

running (00m12.9s), 001/200 VUs, 2 complete and 0 interrupted iterations
concurrency   [   2% ] 001/200 VUs  00m12.9s/10m00.0s

running (00m13.9s), 002/200 VUs, 2 complete and 0 interrupted iterations
concurrency   [   2% ] 002/200 VUs  00m13.9s/10m00.0s

running (00m14.9s), 002/200 VUs, 2 complete and 0 interrupted iterations
concurrency   [   2% ] 002/200 VUs  00m14.9s/10m00.0s

running (00m15.9s), 002/200 VUs, 2 complete and 0 interrupted iterations
concurrency   [   3% ] 002/200 VUs  00m15.9s/10m00.0s

running (00m16.9s), 002/200 VUs, 2 complete and 0 interrupted iterations
concurrency   [   3% ] 002/200 VUs  00m16.9s/10m00.0s

running (00m17.9s), 002/200 VUs, 3 complete and 0 interrupted iterations
concurrency   [   3% ] 002/200 VUs  00m17.9s/10m00.0s

running (00m18.9s), 002/200 VUs, 4 complete and 0 interrupted iterations
concurrency   [   3% ] 002/200 VUs  00m18.9s/10m00.0s

running (00m19.9s), 002/200 VUs, 4 complete and 0 interrupted iterations
concurrency   [   3% ] 002/200 VUs  00m19.9s/10m00.0s

running (00m20.9s), 002/200 VUs, 4 complete and 0 interrupted iterations
concurrency   [   3% ] 002/200 VUs  00m20.9s/10m00.0s

running (00m21.9s), 002/200 VUs, 4 complete and 0 interrupted iterations
concurrency   [   4% ] 002/200 VUs  00m21.9s/10m00.0s

running (00m22.9s), 002/200 VUs, 5 complete and 0 interrupted iterations
concurrency   [   4% ] 002/200 VUs  00m22.9s/10m00.0s

running (00m23.9s), 002/200 VUs, 5 complete and 0 interrupted iterations
concurrency   [   4% ] 002/200 VUs  00m23.9s/10m00.0s

running (00m24.9s), 002/200 VUs, 6 complete and 0 interrupted iterations
concurrency   [   4% ] 002/200 VUs  00m24.9s/10m00.0s

running (00m25.9s), 002/200 VUs, 6 complete and 0 interrupted iterations
concurrency   [   4% ] 002/200 VUs  00m25.9s/10m00.0s

running (00m26.9s), 003/200 VUs, 6 complete and 0 interrupted iterations
concurrency   [   4% ] 003/200 VUs  00m26.9s/10m00.0s

running (00m27.9s), 003/200 VUs, 6 complete and 0 interrupted iterations
concurrency   [   5% ] 003/200 VUs  00m27.9s/10m00.0s

running (00m28.9s), 003/200 VUs, 7 complete and 0 interrupted iterations
concurrency   [   5% ] 003/200 VUs  00m28.9s/10m00.0s

running (00m29.9s), 003/200 VUs, 8 complete and 0 interrupted iterations
concurrency   [   5% ] 003/200 VUs  00m29.9s/10m00.0s

running (00m30.9s), 003/200 VUs, 8 complete and 0 interrupted iterations
concurrency   [   5% ] 003/200 VUs  00m30.9s/10m00.0s

running (00m31.9s), 003/200 VUs, 8 complete and 0 interrupted iterations
concurrency   [   5% ] 003/200 VUs  00m31.9s/10m00.0s

running (00m32.9s), 003/200 VUs, 9 complete and 0 interrupted iterations
concurrency   [   5% ] 003/200 VUs  00m32.9s/10m00.0s

running (00m33.9s), 003/200 VUs, 11 complete and 0 interrupted iterations
concurrency   [   6% ] 003/200 VUs  00m33.9s/10m00.0s

running (00m34.9s), 003/200 VUs, 11 complete and 0 interrupted iterations
concurrency   [   6% ] 003/200 VUs  00m34.9s/10m00.0s

running (00m35.9s), 003/200 VUs, 11 complete and 0 interrupted iterations
concurrency   [   6% ] 003/200 VUs  00m35.9s/10m00.0s

running (00m36.9s), 003/200 VUs, 11 complete and 0 interrupted iterations
concurrency   [   6% ] 003/200 VUs  00m36.9s/10m00.0s

running (00m37.9s), 003/200 VUs, 11 complete and 0 interrupted iterations
concurrency   [   6% ] 003/200 VUs  00m37.9s/10m00.0s

running (00m38.9s), 003/200 VUs, 12 complete and 0 interrupted iterations
concurrency   [   6% ] 003/200 VUs  00m38.9s/10m00.0s

running (00m39.9s), 003/200 VUs, 14 complete and 0 interrupted iterations
concurrency   [   7% ] 003/200 VUs  00m39.9s/10m00.0s

running (00m40.9s), 004/200 VUs, 14 complete and 0 interrupted iterations
concurrency   [   7% ] 004/200 VUs  00m40.9s/10m00.0s

running (00m41.9s), 004/200 VUs, 14 complete and 0 interrupted iterations
concurrency   [   7% ] 004/200 VUs  00m41.9s/10m00.0s

running (00m42.9s), 004/200 VUs, 15 complete and 0 interrupted iterations
concurrency   [   7% ] 004/200 VUs  00m42.9s/10m00.0s

running (00m43.9s), 004/200 VUs, 18 complete and 0 interrupted iterations
concurrency   [   7% ] 004/200 VUs  00m43.9s/10m00.0s

running (00m44.9s), 004/200 VUs, 18 complete and 0 interrupted iterations
concurrency   [   7% ] 004/200 VUs  00m44.9s/10m00.0s

running (00m45.9s), 004/200 VUs, 18 complete and 0 interrupted iterations
concurrency   [   8% ] 004/200 VUs  00m45.9s/10m00.0s

running (00m46.9s), 004/200 VUs, 19 complete and 0 interrupted iterations
concurrency   [   8% ] 004/200 VUs  00m46.9s/10m00.0s

running (00m47.9s), 004/200 VUs, 22 complete and 0 interrupted iterations
concurrency   [   8% ] 004/200 VUs  00m47.9s/10m00.0s

running (00m48.9s), 004/200 VUs, 22 complete and 0 interrupted iterations
concurrency   [   8% ] 004/200 VUs  00m48.9s/10m00.0s

running (00m49.9s), 004/200 VUs, 22 complete and 0 interrupted iterations
concurrency   [   8% ] 004/200 VUs  00m49.9s/10m00.0s

running (00m50.9s), 004/200 VUs, 23 complete and 0 interrupted iterations
concurrency   [   8% ] 004/200 VUs  00m50.9s/10m00.0s

running (00m51.9s), 004/200 VUs, 23 complete and 0 interrupted iterations
concurrency   [   9% ] 004/200 VUs  00m51.9s/10m00.0s

running (00m52.9s), 004/200 VUs, 26 complete and 0 interrupted iterations
concurrency   [   9% ] 004/200 VUs  00m52.9s/10m00.0s

running (00m53.9s), 005/200 VUs, 27 complete and 0 interrupted iterations
concurrency   [   9% ] 005/200 VUs  00m53.9s/10m00.0s

running (00m54.9s), 005/200 VUs, 27 complete and 0 interrupted iterations
concurrency   [   9% ] 005/200 VUs  00m54.9s/10m00.0s

running (00m55.9s), 005/200 VUs, 27 complete and 0 interrupted iterations
concurrency   [   9% ] 005/200 VUs  00m55.9s/10m00.0s

running (00m56.9s), 005/200 VUs, 30 complete and 0 interrupted iterations
concurrency   [   9% ] 005/200 VUs  00m56.9s/10m00.0s

running (00m57.9s), 005/200 VUs, 32 complete and 0 interrupted iterations
concurrency   [  10% ] 005/200 VUs  00m57.9s/10m00.0s

running (00m58.9s), 005/200 VUs, 32 complete and 0 interrupted iterations
concurrency   [  10% ] 005/200 VUs  00m58.9s/10m00.0s

running (00m59.9s), 005/200 VUs, 32 complete and 0 interrupted iterations
concurrency   [  10% ] 005/200 VUs  00m59.9s/10m00.0s

running (01m00.9s), 005/200 VUs, 35 complete and 0 interrupted iterations
concurrency   [  10% ] 005/200 VUs  01m00.9s/10m00.0s

running (01m01.9s), 005/200 VUs, 36 complete and 0 interrupted iterations
concurrency   [  10% ] 005/200 VUs  01m01.9s/10m00.0s

running (01m02.9s), 005/200 VUs, 37 complete and 0 interrupted iterations
concurrency   [  10% ] 005/200 VUs  01m02.9s/10m00.0s

running (01m03.9s), 005/200 VUs, 37 complete and 0 interrupted iterations
concurrency   [  11% ] 005/200 VUs  01m03.9s/10m00.0s

running (01m04.9s), 005/200 VUs, 37 complete and 0 interrupted iterations
concurrency   [  11% ] 005/200 VUs  01m04.9s/10m00.0s

running (01m05.9s), 005/200 VUs, 40 complete and 0 interrupted iterations
concurrency   [  11% ] 005/200 VUs  01m05.9s/10m00.0s

running (01m06.9s), 006/200 VUs, 42 complete and 0 interrupted iterations
concurrency   [  11% ] 006/200 VUs  01m06.9s/10m00.0s

running (01m07.9s), 006/200 VUs, 42 complete and 0 interrupted iterations
concurrency   [  11% ] 006/200 VUs  01m07.9s/10m00.0s

running (01m08.9s), 006/200 VUs, 42 complete and 0 interrupted iterations
concurrency   [  11% ] 006/200 VUs  01m08.9s/10m00.0s

running (01m09.9s), 006/200 VUs, 45 complete and 0 interrupted iterations
concurrency   [  12% ] 006/200 VUs  01m09.9s/10m00.0s

running (01m10.9s), 006/200 VUs, 45 complete and 0 interrupted iterations
concurrency   [  12% ] 006/200 VUs  01m10.9s/10m00.0s

running (01m11.9s), 006/200 VUs, 48 complete and 0 interrupted iterations
concurrency   [  12% ] 006/200 VUs  01m11.9s/10m00.0s

running (01m12.9s), 006/200 VUs, 48 complete and 0 interrupted iterations
concurrency   [  12% ] 006/200 VUs  01m12.9s/10m00.0s

running (01m13.9s), 006/200 VUs, 49 complete and 0 interrupted iterations
concurrency   [  12% ] 006/200 VUs  01m13.9s/10m00.0s

running (01m14.9s), 006/200 VUs, 51 complete and 0 interrupted iterations
concurrency   [  12% ] 006/200 VUs  01m14.9s/10m00.0s

running (01m15.9s), 006/200 VUs, 51 complete and 0 interrupted iterations
concurrency   [  13% ] 006/200 VUs  01m15.9s/10m00.0s

running (01m16.9s), 006/200 VUs, 54 complete and 0 interrupted iterations
concurrency   [  13% ] 006/200 VUs  01m16.9s/10m00.0s

running (01m17.9s), 006/200 VUs, 54 complete and 0 interrupted iterations
concurrency   [  13% ] 006/200 VUs  01m17.9s/10m00.0s

running (01m18.9s), 006/200 VUs, 55 complete and 0 interrupted iterations
concurrency   [  13% ] 006/200 VUs  01m18.9s/10m00.0s

running (01m19.9s), 006/200 VUs, 57 complete and 0 interrupted iterations
concurrency   [  13% ] 006/200 VUs  01m19.9s/10m00.0s

running (01m20.9s), 007/200 VUs, 60 complete and 0 interrupted iterations
concurrency   [  13% ] 007/200 VUs  01m20.9s/10m00.0s

running (01m21.9s), 007/200 VUs, 60 complete and 0 interrupted iterations
concurrency   [  14% ] 007/200 VUs  01m21.9s/10m00.0s

running (01m22.9s), 007/200 VUs, 60 complete and 0 interrupted iterations
concurrency   [  14% ] 007/200 VUs  01m22.9s/10m00.0s

running (01m23.9s), 007/200 VUs, 60 complete and 0 interrupted iterations
concurrency   [  14% ] 007/200 VUs  01m23.9s/10m00.0s

running (01m24.9s), 007/200 VUs, 63 complete and 0 interrupted iterations
concurrency   [  14% ] 007/200 VUs  01m24.9s/10m00.0s

running (01m25.9s), 007/200 VUs, 63 complete and 0 interrupted iterations
concurrency   [  14% ] 007/200 VUs  01m25.9s/10m00.0s

running (01m26.9s), 007/200 VUs, 67 complete and 0 interrupted iterations
concurrency   [  14% ] 007/200 VUs  01m26.9s/10m00.0s

running (01m27.9s), 007/200 VUs, 67 complete and 0 interrupted iterations
concurrency   [  15% ] 007/200 VUs  01m27.9s/10m00.0s

running (01m28.9s), 007/200 VUs, 67 complete and 0 interrupted iterations
concurrency   [  15% ] 007/200 VUs  01m28.9s/10m00.0s

running (01m29.9s), 007/200 VUs, 67 complete and 0 interrupted iterations
concurrency   [  15% ] 007/200 VUs  01m29.9s/10m00.0s

running (01m30.9s), 007/200 VUs, 70 complete and 0 interrupted iterations
concurrency   [  15% ] 007/200 VUs  01m30.9s/10m00.0s

running (01m31.9s), 007/200 VUs, 71 complete and 0 interrupted iterations
concurrency   [  15% ] 007/200 VUs  01m31.9s/10m00.0s

running (01m32.9s), 007/200 VUs, 74 complete and 0 interrupted iterations
concurrency   [  15% ] 007/200 VUs  01m32.9s/10m00.0s

running (01m33.9s), 008/200 VUs, 74 complete and 0 interrupted iterations
concurrency   [  16% ] 008/200 VUs  01m33.9s/10m00.0s

running (01m34.9s), 008/200 VUs, 74 complete and 0 interrupted iterations
concurrency   [  16% ] 008/200 VUs  01m34.9s/10m00.0s

running (01m35.9s), 008/200 VUs, 77 complete and 0 interrupted iterations
concurrency   [  16% ] 008/200 VUs  01m35.9s/10m00.0s

running (01m36.9s), 008/200 VUs, 77 complete and 0 interrupted iterations
concurrency   [  16% ] 008/200 VUs  01m36.9s/10m00.0s

running (01m37.9s), 008/200 VUs, 81 complete and 0 interrupted iterations
concurrency   [  16% ] 008/200 VUs  01m37.9s/10m00.0s

running (01m38.9s), 008/200 VUs, 82 complete and 0 interrupted iterations
concurrency   [  16% ] 008/200 VUs  01m38.9s/10m00.0s

running (01m39.9s), 008/200 VUs, 82 complete and 0 interrupted iterations
concurrency   [  17% ] 008/200 VUs  01m39.9s/10m00.0s

running (01m40.9s), 008/200 VUs, 85 complete and 0 interrupted iterations
concurrency   [  17% ] 008/200 VUs  01m40.9s/10m00.0s

running (01m41.9s), 008/200 VUs, 85 complete and 0 interrupted iterations
concurrency   [  17% ] 008/200 VUs  01m41.9s/10m00.0s

running (01m42.9s), 008/200 VUs, 85 complete and 0 interrupted iterations
concurrency   [  17% ] 008/200 VUs  01m42.9s/10m00.0s

running (01m43.9s), 008/200 VUs, 90 complete and 0 interrupted iterations
concurrency   [  17% ] 008/200 VUs  01m43.9s/10m00.0s

running (01m44.9s), 008/200 VUs, 90 complete and 0 interrupted iterations
concurrency   [  17% ] 008/200 VUs  01m44.9s/10m00.0s

running (01m45.9s), 008/200 VUs, 93 complete and 0 interrupted iterations
concurrency   [  18% ] 008/200 VUs  01m45.9s/10m00.0s

running (01m46.9s), 009/200 VUs, 93 complete and 0 interrupted iterations
concurrency   [  18% ] 009/200 VUs  01m46.9s/10m00.0s

running (01m47.9s), 009/200 VUs, 93 complete and 0 interrupted iterations
concurrency   [  18% ] 009/200 VUs  01m47.9s/10m00.0s

running (01m48.9s), 009/200 VUs, 93 complete and 0 interrupted iterations
concurrency   [  18% ] 009/200 VUs  01m48.9s/10m00.0s

running (01m49.9s), 009/200 VUs, 98 complete and 0 interrupted iterations
concurrency   [  18% ] 009/200 VUs  01m49.9s/10m00.0s

running (01m50.9s), 009/200 VUs, 99 complete and 0 interrupted iterations
concurrency   [  18% ] 009/200 VUs  01m50.9s/10m00.0s

running (01m51.9s), 009/200 VUs, 102 complete and 0 interrupted iterations
concurrency   [  19% ] 009/200 VUs  01m51.9s/10m00.0s

running (01m52.9s), 009/200 VUs, 102 complete and 0 interrupted iterations
concurrency   [  19% ] 009/200 VUs  01m52.9s/10m00.0s

running (01m53.9s), 009/200 VUs, 102 complete and 0 interrupted iterations
concurrency   [  19% ] 009/200 VUs  01m53.9s/10m00.0s

running (01m54.9s), 009/200 VUs, 103 complete and 0 interrupted iterations
concurrency   [  19% ] 009/200 VUs  01m54.9s/10m00.0s

running (01m55.9s), 009/200 VUs, 108 complete and 0 interrupted iterations
concurrency   [  19% ] 009/200 VUs  01m55.9s/10m00.0s

running (01m56.9s), 009/200 VUs, 108 complete and 0 interrupted iterations
concurrency   [  19% ] 009/200 VUs  01m56.9s/10m00.0s

running (01m57.9s), 009/200 VUs, 110 complete and 0 interrupted iterations
concurrency   [  20% ] 009/200 VUs  01m57.9s/10m00.0s

running (01m58.9s), 009/200 VUs, 111 complete and 0 interrupted iterations
concurrency   [  20% ] 009/200 VUs  01m58.9s/10m00.0s

running (01m59.9s), 009/200 VUs, 111 complete and 0 interrupted iterations
concurrency   [  20% ] 009/200 VUs  01m59.9s/10m00.0s

running (02m00.9s), 010/200 VUs, 111 complete and 0 interrupted iterations
concurrency   [  20% ] 010/200 VUs  02m00.9s/10m00.0s

running (02m01.9s), 010/200 VUs, 114 complete and 0 interrupted iterations
concurrency   [  20% ] 010/200 VUs  02m01.9s/10m00.0s

running (02m02.9s), 010/200 VUs, 117 complete and 0 interrupted iterations
concurrency   [  20% ] 010/200 VUs  02m02.9s/10m00.0s

running (02m03.9s), 011/200 VUs, 117 complete and 0 interrupted iterations
concurrency   [  21% ] 011/200 VUs  02m03.9s/10m00.0s

running (02m04.9s), 011/200 VUs, 119 complete and 0 interrupted iterations
concurrency   [  21% ] 011/200 VUs  02m04.9s/10m00.0s

running (02m05.9s), 011/200 VUs, 120 complete and 0 interrupted iterations
concurrency   [  21% ] 011/200 VUs  02m05.9s/10m00.0s

running (02m06.9s), 012/200 VUs, 121 complete and 0 interrupted iterations
concurrency   [  21% ] 012/200 VUs  02m06.9s/10m00.0s

running (02m07.9s), 012/200 VUs, 121 complete and 0 interrupted iterations
concurrency   [  21% ] 012/200 VUs  02m07.9s/10m00.0s

running (02m08.9s), 012/200 VUs, 128 complete and 0 interrupted iterations
concurrency   [  21% ] 012/200 VUs  02m08.9s/10m00.0s

running (02m09.9s), 013/200 VUs, 128 complete and 0 interrupted iterations
concurrency   [  22% ] 013/200 VUs  02m09.9s/10m00.0s

running (02m10.9s), 013/200 VUs, 131 complete and 0 interrupted iterations
concurrency   [  22% ] 013/200 VUs  02m10.9s/10m00.0s

running (02m11.9s), 013/200 VUs, 131 complete and 0 interrupted iterations
concurrency   [  22% ] 013/200 VUs  02m11.9s/10m00.0s

running (02m12.9s), 014/200 VUs, 132 complete and 0 interrupted iterations
concurrency   [  22% ] 014/200 VUs  02m12.9s/10m00.0s

running (02m13.9s), 014/200 VUs, 133 complete and 0 interrupted iterations
concurrency   [  22% ] 014/200 VUs  02m13.9s/10m00.0s

running (02m14.9s), 014/200 VUs, 133 complete and 0 interrupted iterations
concurrency   [  22% ] 014/200 VUs  02m14.9s/10m00.0s

running (02m15.9s), 015/200 VUs, 140 complete and 0 interrupted iterations
concurrency   [  23% ] 015/200 VUs  02m15.9s/10m00.0s

running (02m16.9s), 015/200 VUs, 144 complete and 0 interrupted iterations
concurrency   [  23% ] 015/200 VUs  02m16.9s/10m00.0s

running (02m17.9s), 015/200 VUs, 147 complete and 0 interrupted iterations
concurrency   [  23% ] 015/200 VUs  02m17.9s/10m00.0s

running (02m18.9s), 016/200 VUs, 147 complete and 0 interrupted iterations
concurrency   [  23% ] 016/200 VUs  02m18.9s/10m00.0s

running (02m19.9s), 016/200 VUs, 147 complete and 0 interrupted iterations
concurrency   [  23% ] 016/200 VUs  02m19.9s/10m00.0s

running (02m20.9s), 016/200 VUs, 147 complete and 0 interrupted iterations
concurrency   [  23% ] 016/200 VUs  02m20.9s/10m00.0s

running (02m21.9s), 017/200 VUs, 147 complete and 0 interrupted iterations
concurrency   [  24% ] 017/200 VUs  02m21.9s/10m00.0s

running (02m22.9s), 017/200 VUs, 154 complete and 0 interrupted iterations
concurrency   [  24% ] 017/200 VUs  02m22.9s/10m00.0s

running (02m23.9s), 017/200 VUs, 156 complete and 0 interrupted iterations
concurrency   [  24% ] 017/200 VUs  02m23.9s/10m00.0s

running (02m24.9s), 018/200 VUs, 163 complete and 0 interrupted iterations
concurrency   [  24% ] 018/200 VUs  02m24.9s/10m00.0s

running (02m25.9s), 018/200 VUs, 163 complete and 0 interrupted iterations
concurrency   [  24% ] 018/200 VUs  02m25.9s/10m00.0s

running (02m26.9s), 018/200 VUs, 164 complete and 0 interrupted iterations
concurrency   [  24% ] 018/200 VUs  02m26.9s/10m00.0s

running (02m27.9s), 019/200 VUs, 164 complete and 0 interrupted iterations
concurrency   [  25% ] 019/200 VUs  02m27.9s/10m00.0s

running (02m28.9s), 019/200 VUs, 171 complete and 0 interrupted iterations
concurrency   [  25% ] 019/200 VUs  02m28.9s/10m00.0s

running (02m29.9s), 019/200 VUs, 172 complete and 0 interrupted iterations
concurrency   [  25% ] 019/200 VUs  02m29.9s/10m00.0s

running (02m30.9s), 020/200 VUs, 175 complete and 0 interrupted iterations
concurrency   [  25% ] 020/200 VUs  02m30.9s/10m00.0s

running (02m31.9s), 020/200 VUs, 178 complete and 0 interrupted iterations
concurrency   [  25% ] 020/200 VUs  02m31.9s/10m00.0s

running (02m32.9s), 020/200 VUs, 182 complete and 0 interrupted iterations
concurrency   [  25% ] 020/200 VUs  02m32.9s/10m00.0s

running (02m33.9s), 021/200 VUs, 184 complete and 0 interrupted iterations
concurrency   [  26% ] 021/200 VUs  02m33.9s/10m00.0s

running (02m34.9s), 021/200 VUs, 186 complete and 0 interrupted iterations
concurrency   [  26% ] 021/200 VUs  02m34.9s/10m00.0s

running (02m35.9s), 021/200 VUs, 192 complete and 0 interrupted iterations
concurrency   [  26% ] 021/200 VUs  02m35.9s/10m00.0s

running (02m37.0s), 022/200 VUs, 195 complete and 0 interrupted iterations
concurrency   [  26% ] 022/200 VUs  02m36.9s/10m00.0s

running (02m37.9s), 022/200 VUs, 196 complete and 0 interrupted iterations
concurrency   [  26% ] 022/200 VUs  02m37.9s/10m00.0s

running (02m38.9s), 022/200 VUs, 196 complete and 0 interrupted iterations
concurrency   [  26% ] 022/200 VUs  02m38.9s/10m00.0s

running (02m39.9s), 023/200 VUs, 196 complete and 0 interrupted iterations
concurrency   [  27% ] 023/200 VUs  02m39.9s/10m00.0s

running (02m40.9s), 023/200 VUs, 202 complete and 0 interrupted iterations
concurrency   [  27% ] 023/200 VUs  02m40.9s/10m00.0s

running (02m41.9s), 023/200 VUs, 206 complete and 0 interrupted iterations
concurrency   [  27% ] 023/200 VUs  02m41.9s/10m00.0s

running (02m42.9s), 024/200 VUs, 208 complete and 0 interrupted iterations
concurrency   [  27% ] 024/200 VUs  02m42.9s/10m00.0s

running (02m43.9s), 024/200 VUs, 208 complete and 0 interrupted iterations
concurrency   [  27% ] 024/200 VUs  02m43.9s/10m00.0s

running (02m44.9s), 024/200 VUs, 218 complete and 0 interrupted iterations
concurrency   [  27% ] 024/200 VUs  02m44.9s/10m00.0s

running (02m45.9s), 025/200 VUs, 219 complete and 0 interrupted iterations
concurrency   [  28% ] 025/200 VUs  02m45.9s/10m00.0s

running (02m46.9s), 025/200 VUs, 219 complete and 0 interrupted iterations
concurrency   [  28% ] 025/200 VUs  02m46.9s/10m00.0s

running (02m47.9s), 025/200 VUs, 219 complete and 0 interrupted iterations
concurrency   [  28% ] 025/200 VUs  02m47.9s/10m00.0s

running (02m48.9s), 026/200 VUs, 224 complete and 0 interrupted iterations
concurrency   [  28% ] 026/200 VUs  02m48.9s/10m00.0s

running (02m49.9s), 026/200 VUs, 228 complete and 0 interrupted iterations
concurrency   [  28% ] 026/200 VUs  02m49.9s/10m00.0s

running (02m50.9s), 026/200 VUs, 234 complete and 0 interrupted iterations
concurrency   [  28% ] 026/200 VUs  02m50.9s/10m00.0s

running (02m51.9s), 027/200 VUs, 235 complete and 0 interrupted iterations
concurrency   [  29% ] 027/200 VUs  02m51.9s/10m00.0s

running (02m52.9s), 027/200 VUs, 235 complete and 0 interrupted iterations
concurrency   [  29% ] 027/200 VUs  02m52.9s/10m00.0s

running (02m53.9s), 027/200 VUs, 242 complete and 0 interrupted iterations
concurrency   [  29% ] 027/200 VUs  02m53.9s/10m00.0s

running (02m54.9s), 028/200 VUs, 244 complete and 0 interrupted iterations
concurrency   [  29% ] 028/200 VUs  02m54.9s/10m00.0s

running (02m55.9s), 028/200 VUs, 244 complete and 0 interrupted iterations
concurrency   [  29% ] 028/200 VUs  02m55.9s/10m00.0s

running (02m56.9s), 028/200 VUs, 244 complete and 0 interrupted iterations
concurrency   [  29% ] 028/200 VUs  02m56.9s/10m00.0s

running (02m57.9s), 029/200 VUs, 246 complete and 0 interrupted iterations
concurrency   [  30% ] 029/200 VUs  02m57.9s/10m00.0s

running (02m58.9s), 029/200 VUs, 255 complete and 0 interrupted iterations
concurrency   [  30% ] 029/200 VUs  02m58.9s/10m00.0s

running (02m59.9s), 029/200 VUs, 262 complete and 0 interrupted iterations
concurrency   [  30% ] 029/200 VUs  02m59.9s/10m00.0s

running (03m00.9s), 030/200 VUs, 262 complete and 0 interrupted iterations
concurrency   [  30% ] 030/200 VUs  03m00.9s/10m00.0s

running (03m01.9s), 030/200 VUs, 271 complete and 0 interrupted iterations
concurrency   [  30% ] 030/200 VUs  03m01.9s/10m00.0s

running (03m02.9s), 030/200 VUs, 274 complete and 0 interrupted iterations
concurrency   [  30% ] 030/200 VUs  03m02.9s/10m00.0s

running (03m03.9s), 031/200 VUs, 277 complete and 0 interrupted iterations
concurrency   [  31% ] 031/200 VUs  03m03.9s/10m00.0s

running (03m04.9s), 031/200 VUs, 277 complete and 0 interrupted iterations
concurrency   [  31% ] 031/200 VUs  03m04.9s/10m00.0s

running (03m05.9s), 031/200 VUs, 280 complete and 0 interrupted iterations
concurrency   [  31% ] 031/200 VUs  03m05.9s/10m00.0s

running (03m06.9s), 032/200 VUs, 287 complete and 0 interrupted iterations
concurrency   [  31% ] 032/200 VUs  03m06.9s/10m00.0s

running (03m07.9s), 032/200 VUs, 287 complete and 0 interrupted iterations
concurrency   [  31% ] 032/200 VUs  03m07.9s/10m00.0s

running (03m08.9s), 032/200 VUs, 295 complete and 0 interrupted iterations
concurrency   [  31% ] 032/200 VUs  03m08.9s/10m00.0s

running (03m09.9s), 033/200 VUs, 295 complete and 0 interrupted iterations
concurrency   [  32% ] 033/200 VUs  03m09.9s/10m00.0s

running (03m10.9s), 033/200 VUs, 300 complete and 0 interrupted iterations
concurrency   [  32% ] 033/200 VUs  03m10.9s/10m00.0s

running (03m11.9s), 033/200 VUs, 308 complete and 0 interrupted iterations
concurrency   [  32% ] 033/200 VUs  03m11.9s/10m00.0s

running (03m12.9s), 034/200 VUs, 308 complete and 0 interrupted iterations
concurrency   [  32% ] 034/200 VUs  03m12.9s/10m00.0s

running (03m13.9s), 034/200 VUs, 312 complete and 0 interrupted iterations
concurrency   [  32% ] 034/200 VUs  03m13.9s/10m00.0s

running (03m14.9s), 034/200 VUs, 314 complete and 0 interrupted iterations
concurrency   [  32% ] 034/200 VUs  03m14.9s/10m00.0s

running (03m15.9s), 035/200 VUs, 316 complete and 0 interrupted iterations
concurrency   [  33% ] 035/200 VUs  03m15.9s/10m00.0s

running (03m16.9s), 035/200 VUs, 324 complete and 0 interrupted iterations
concurrency   [  33% ] 035/200 VUs  03m16.9s/10m00.0s

running (03m17.9s), 035/200 VUs, 324 complete and 0 interrupted iterations
concurrency   [  33% ] 035/200 VUs  03m17.9s/10m00.0s

running (03m18.9s), 036/200 VUs, 330 complete and 0 interrupted iterations
concurrency   [  33% ] 036/200 VUs  03m18.9s/10m00.0s

running (03m19.9s), 036/200 VUs, 335 complete and 0 interrupted iterations
concurrency   [  33% ] 036/200 VUs  03m19.9s/10m00.0s

running (03m20.9s), 036/200 VUs, 335 complete and 0 interrupted iterations
concurrency   [  33% ] 036/200 VUs  03m20.9s/10m00.0s

running (03m21.9s), 037/200 VUs, 343 complete and 0 interrupted iterations
concurrency   [  34% ] 037/200 VUs  03m21.9s/10m00.0s

running (03m22.9s), 037/200 VUs, 349 complete and 0 interrupted iterations
concurrency   [  34% ] 037/200 VUs  03m22.9s/10m00.0s

running (03m23.9s), 037/200 VUs, 350 complete and 0 interrupted iterations
concurrency   [  34% ] 037/200 VUs  03m23.9s/10m00.0s

running (03m24.9s), 038/200 VUs, 357 complete and 0 interrupted iterations
concurrency   [  34% ] 038/200 VUs  03m24.9s/10m00.0s

running (03m25.9s), 038/200 VUs, 358 complete and 0 interrupted iterations
concurrency   [  34% ] 038/200 VUs  03m25.9s/10m00.0s

running (03m26.9s), 038/200 VUs, 363 complete and 0 interrupted iterations
concurrency   [  34% ] 038/200 VUs  03m26.9s/10m00.0s

running (03m27.9s), 039/200 VUs, 369 complete and 0 interrupted iterations
concurrency   [  35% ] 039/200 VUs  03m27.9s/10m00.0s

running (03m28.9s), 039/200 VUs, 371 complete and 0 interrupted iterations
concurrency   [  35% ] 039/200 VUs  03m28.9s/10m00.0s

running (03m29.9s), 039/200 VUs, 371 complete and 0 interrupted iterations
concurrency   [  35% ] 039/200 VUs  03m29.9s/10m00.0s

running (03m30.9s), 040/200 VUs, 381 complete and 0 interrupted iterations
concurrency   [  35% ] 040/200 VUs  03m30.9s/10m00.0s

running (03m31.9s), 040/200 VUs, 386 complete and 0 interrupted iterations
concurrency   [  35% ] 040/200 VUs  03m31.9s/10m00.0s

running (03m32.9s), 040/200 VUs, 386 complete and 0 interrupted iterations
concurrency   [  35% ] 040/200 VUs  03m32.9s/10m00.0s

running (03m33.9s), 041/200 VUs, 394 complete and 0 interrupted iterations
concurrency   [  36% ] 041/200 VUs  03m33.9s/10m00.0s

running (03m34.9s), 041/200 VUs, 401 complete and 0 interrupted iterations
concurrency   [  36% ] 041/200 VUs  03m34.9s/10m00.0s

running (03m35.9s), 041/200 VUs, 405 complete and 0 interrupted iterations
concurrency   [  36% ] 041/200 VUs  03m35.9s/10m00.0s

running (03m36.9s), 042/200 VUs, 410 complete and 0 interrupted iterations
concurrency   [  36% ] 042/200 VUs  03m36.9s/10m00.0s

running (03m37.9s), 042/200 VUs, 410 complete and 0 interrupted iterations
concurrency   [  36% ] 042/200 VUs  03m37.9s/10m00.0s

running (03m38.9s), 042/200 VUs, 410 complete and 0 interrupted iterations
concurrency   [  36% ] 042/200 VUs  03m38.9s/10m00.0s

running (03m39.9s), 043/200 VUs, 419 complete and 0 interrupted iterations
concurrency   [  37% ] 043/200 VUs  03m39.9s/10m00.0s

running (03m40.9s), 043/200 VUs, 421 complete and 0 interrupted iterations
concurrency   [  37% ] 043/200 VUs  03m40.9s/10m00.0s

running (03m41.9s), 043/200 VUs, 427 complete and 0 interrupted iterations
concurrency   [  37% ] 043/200 VUs  03m41.9s/10m00.0s

running (03m42.9s), 044/200 VUs, 429 complete and 0 interrupted iterations
concurrency   [  37% ] 044/200 VUs  03m42.9s/10m00.0s

running (03m43.9s), 044/200 VUs, 429 complete and 0 interrupted iterations
concurrency   [  37% ] 044/200 VUs  03m43.9s/10m00.0s

running (03m44.9s), 044/200 VUs, 430 complete and 0 interrupted iterations
concurrency   [  37% ] 044/200 VUs  03m44.9s/10m00.0s

running (03m45.9s), 045/200 VUs, 434 complete and 0 interrupted iterations
concurrency   [  38% ] 045/200 VUs  03m45.9s/10m00.0s

running (03m46.9s), 045/200 VUs, 434 complete and 0 interrupted iterations
concurrency   [  38% ] 045/200 VUs  03m46.9s/10m00.0s

running (03m47.9s), 045/200 VUs, 437 complete and 0 interrupted iterations
concurrency   [  38% ] 045/200 VUs  03m47.9s/10m00.0s

running (03m48.9s), 046/200 VUs, 446 complete and 0 interrupted iterations
concurrency   [  38% ] 046/200 VUs  03m48.9s/10m00.0s

running (03m49.9s), 046/200 VUs, 454 complete and 0 interrupted iterations
concurrency   [  38% ] 046/200 VUs  03m49.9s/10m00.0s

running (03m50.9s), 046/200 VUs, 454 complete and 0 interrupted iterations
concurrency   [  38% ] 046/200 VUs  03m50.9s/10m00.0s

running (03m51.9s), 047/200 VUs, 454 complete and 0 interrupted iterations
concurrency   [  39% ] 047/200 VUs  03m51.9s/10m00.0s

running (03m52.9s), 047/200 VUs, 463 complete and 0 interrupted iterations
concurrency   [  39% ] 047/200 VUs  03m52.9s/10m00.0s

running (03m53.9s), 047/200 VUs, 472 complete and 0 interrupted iterations
concurrency   [  39% ] 047/200 VUs  03m53.9s/10m00.0s

running (03m54.9s), 048/200 VUs, 473 complete and 0 interrupted iterations
concurrency   [  39% ] 048/200 VUs  03m54.9s/10m00.0s

running (03m55.9s), 048/200 VUs, 476 complete and 0 interrupted iterations
concurrency   [  39% ] 048/200 VUs  03m55.9s/10m00.0s

running (03m56.9s), 048/200 VUs, 487 complete and 0 interrupted iterations
concurrency   [  39% ] 048/200 VUs  03m56.9s/10m00.0s

running (03m57.9s), 049/200 VUs, 487 complete and 0 interrupted iterations
concurrency   [  40% ] 049/200 VUs  03m57.9s/10m00.0s

running (03m58.9s), 049/200 VUs, 494 complete and 0 interrupted iterations
concurrency   [  40% ] 049/200 VUs  03m58.9s/10m00.0s

running (03m59.9s), 049/200 VUs, 501 complete and 0 interrupted iterations
concurrency   [  40% ] 049/200 VUs  03m59.9s/10m00.0s

running (04m00.9s), 050/200 VUs, 501 complete and 0 interrupted iterations
concurrency   [  40% ] 050/200 VUs  04m00.9s/10m00.0s

running (04m01.9s), 050/200 VUs, 501 complete and 0 interrupted iterations
concurrency   [  40% ] 050/200 VUs  04m01.9s/10m00.0s

running (04m02.9s), 051/200 VUs, 501 complete and 0 interrupted iterations
concurrency   [  40% ] 051/200 VUs  04m02.9s/10m00.0s

running (04m03.9s), 051/200 VUs, 501 complete and 0 interrupted iterations
concurrency   [  41% ] 051/200 VUs  04m03.9s/10m00.0s

running (04m04.9s), 052/200 VUs, 501 complete and 0 interrupted iterations
concurrency   [  41% ] 052/200 VUs  04m04.9s/10m00.0s

running (04m05.9s), 052/200 VUs, 502 complete and 0 interrupted iterations
concurrency   [  41% ] 052/200 VUs  04m05.9s/10m00.0s

running (04m06.9s), 052/200 VUs, 512 complete and 0 interrupted iterations
concurrency   [  41% ] 052/200 VUs  04m06.9s/10m00.0s

running (04m07.9s), 053/200 VUs, 520 complete and 0 interrupted iterations
concurrency   [  41% ] 053/200 VUs  04m07.9s/10m00.0s

running (04m08.9s), 053/200 VUs, 521 complete and 0 interrupted iterations
concurrency   [  41% ] 053/200 VUs  04m08.9s/10m00.0s

running (04m09.9s), 054/200 VUs, 521 complete and 0 interrupted iterations
concurrency   [  42% ] 054/200 VUs  04m09.9s/10m00.0s

running (04m10.9s), 054/200 VUs, 528 complete and 0 interrupted iterations
concurrency   [  42% ] 054/200 VUs  04m10.9s/10m00.0s

running (04m11.9s), 054/200 VUs, 536 complete and 0 interrupted iterations
concurrency   [  42% ] 054/200 VUs  04m11.9s/10m00.0s

running (04m12.9s), 055/200 VUs, 541 complete and 0 interrupted iterations
concurrency   [  42% ] 055/200 VUs  04m12.9s/10m00.0s

running (04m13.9s), 055/200 VUs, 541 complete and 0 interrupted iterations
concurrency   [  42% ] 055/200 VUs  04m13.9s/10m00.0s

running (04m14.9s), 056/200 VUs, 542 complete and 0 interrupted iterations
concurrency   [  42% ] 056/200 VUs  04m14.9s/10m00.0s

running (04m15.9s), 056/200 VUs, 550 complete and 0 interrupted iterations
concurrency   [  43% ] 056/200 VUs  04m15.9s/10m00.0s

running (04m16.9s), 057/200 VUs, 560 complete and 0 interrupted iterations
concurrency   [  43% ] 057/200 VUs  04m16.9s/10m00.0s

running (04m17.9s), 057/200 VUs, 561 complete and 0 interrupted iterations
concurrency   [  43% ] 057/200 VUs  04m17.9s/10m00.0s

running (04m18.9s), 057/200 VUs, 561 complete and 0 interrupted iterations
concurrency   [  43% ] 057/200 VUs  04m18.9s/10m00.0s

running (04m19.9s), 058/200 VUs, 568 complete and 0 interrupted iterations
concurrency   [  43% ] 058/200 VUs  04m19.9s/10m00.0s

running (04m20.9s), 058/200 VUs, 576 complete and 0 interrupted iterations
concurrency   [  43% ] 058/200 VUs  04m20.9s/10m00.0s

running (04m21.9s), 059/200 VUs, 581 complete and 0 interrupted iterations
concurrency   [  44% ] 059/200 VUs  04m21.9s/10m00.0s

running (04m22.9s), 059/200 VUs, 581 complete and 0 interrupted iterations
concurrency   [  44% ] 059/200 VUs  04m22.9s/10m00.0s

running (04m23.9s), 059/200 VUs, 583 complete and 0 interrupted iterations
concurrency   [  44% ] 059/200 VUs  04m23.9s/10m00.0s

running (04m24.9s), 060/200 VUs, 592 complete and 0 interrupted iterations
concurrency   [  44% ] 060/200 VUs  04m24.9s/10m00.0s

running (04m25.9s), 060/200 VUs, 601 complete and 0 interrupted iterations
concurrency   [  44% ] 060/200 VUs  04m25.9s/10m00.0s

running (04m26.9s), 061/200 VUs, 601 complete and 0 interrupted iterations
concurrency   [  44% ] 061/200 VUs  04m26.9s/10m00.0s

running (04m27.9s), 061/200 VUs, 601 complete and 0 interrupted iterations
concurrency   [  45% ] 061/200 VUs  04m27.9s/10m00.0s

running (04m28.9s), 062/200 VUs, 609 complete and 0 interrupted iterations
concurrency   [  45% ] 062/200 VUs  04m28.9s/10m00.0s

running (04m29.9s), 062/200 VUs, 616 complete and 0 interrupted iterations
concurrency   [  45% ] 062/200 VUs  04m29.9s/10m00.0s

running (04m30.9s), 062/200 VUs, 621 complete and 0 interrupted iterations
concurrency   [  45% ] 062/200 VUs  04m30.9s/10m00.0s

running (04m31.9s), 063/200 VUs, 621 complete and 0 interrupted iterations
concurrency   [  45% ] 063/200 VUs  04m31.9s/10m00.0s

running (04m32.9s), 063/200 VUs, 623 complete and 0 interrupted iterations
concurrency   [  45% ] 063/200 VUs  04m32.9s/10m00.0s

running (04m33.9s), 064/200 VUs, 633 complete and 0 interrupted iterations
concurrency   [  46% ] 064/200 VUs  04m33.9s/10m00.0s

running (04m34.9s), 064/200 VUs, 641 complete and 0 interrupted iterations
concurrency   [  46% ] 064/200 VUs  04m34.9s/10m00.0s

running (04m35.9s), 064/200 VUs, 641 complete and 0 interrupted iterations
concurrency   [  46% ] 064/200 VUs  04m35.9s/10m00.0s

running (04m36.9s), 065/200 VUs, 642 complete and 0 interrupted iterations
concurrency   [  46% ] 065/200 VUs  04m36.9s/10m00.0s

running (04m37.9s), 065/200 VUs, 652 complete and 0 interrupted iterations
concurrency   [  46% ] 065/200 VUs  04m37.9s/10m00.0s

running (04m38.9s), 066/200 VUs, 659 complete and 0 interrupted iterations
concurrency   [  46% ] 066/200 VUs  04m38.9s/10m00.0s

running (04m39.9s), 066/200 VUs, 661 complete and 0 interrupted iterations
concurrency   [  47% ] 066/200 VUs  04m39.9s/10m00.0s

running (04m40.9s), 067/200 VUs, 661 complete and 0 interrupted iterations
concurrency   [  47% ] 067/200 VUs  04m40.9s/10m00.0s

running (04m41.9s), 067/200 VUs, 670 complete and 0 interrupted iterations
concurrency   [  47% ] 067/200 VUs  04m41.9s/10m00.0s

running (04m42.9s), 067/200 VUs, 679 complete and 0 interrupted iterations
concurrency   [  47% ] 067/200 VUs  04m42.9s/10m00.0s

running (04m43.9s), 068/200 VUs, 681 complete and 0 interrupted iterations
concurrency   [  47% ] 068/200 VUs  04m43.9s/10m00.0s

running (04m44.9s), 068/200 VUs, 681 complete and 0 interrupted iterations
concurrency   [  47% ] 068/200 VUs  04m44.9s/10m00.0s

running (04m45.9s), 069/200 VUs, 685 complete and 0 interrupted iterations
concurrency   [  48% ] 069/200 VUs  04m45.9s/10m00.0s

running (04m46.9s), 069/200 VUs, 697 complete and 0 interrupted iterations
concurrency   [  48% ] 069/200 VUs  04m46.9s/10m00.0s

running (04m47.9s), 069/200 VUs, 701 complete and 0 interrupted iterations
concurrency   [  48% ] 069/200 VUs  04m47.9s/10m00.0s

running (04m48.9s), 070/200 VUs, 701 complete and 0 interrupted iterations
concurrency   [  48% ] 070/200 VUs  04m48.9s/10m00.0s

running (04m49.9s), 070/200 VUs, 702 complete and 0 interrupted iterations
concurrency   [  48% ] 070/200 VUs  04m49.9s/10m00.0s

running (04m50.9s), 071/200 VUs, 709 complete and 0 interrupted iterations
concurrency   [  48% ] 071/200 VUs  04m50.9s/10m00.0s

running (04m51.9s), 071/200 VUs, 720 complete and 0 interrupted iterations
concurrency   [  49% ] 071/200 VUs  04m51.9s/10m00.0s

running (04m52.9s), 072/200 VUs, 721 complete and 0 interrupted iterations
concurrency   [  49% ] 072/200 VUs  04m52.9s/10m00.0s

running (04m53.9s), 072/200 VUs, 721 complete and 0 interrupted iterations
concurrency   [  49% ] 072/200 VUs  04m53.9s/10m00.0s

running (04m54.9s), 072/200 VUs, 727 complete and 0 interrupted iterations
concurrency   [  49% ] 072/200 VUs  04m54.9s/10m00.0s

running (04m55.9s), 073/200 VUs, 734 complete and 0 interrupted iterations
concurrency   [  49% ] 073/200 VUs  04m55.9s/10m00.0s

running (04m56.9s), 073/200 VUs, 741 complete and 0 interrupted iterations
concurrency   [  49% ] 073/200 VUs  04m56.9s/10m00.0s

running (04m57.9s), 074/200 VUs, 741 complete and 0 interrupted iterations
concurrency   [  50% ] 074/200 VUs  04m57.9s/10m00.0s

running (04m58.9s), 074/200 VUs, 742 complete and 0 interrupted iterations
concurrency   [  50% ] 074/200 VUs  04m58.9s/10m00.0s

running (04m59.9s), 074/200 VUs, 750 complete and 0 interrupted iterations
concurrency   [  50% ] 074/200 VUs  04m59.9s/10m00.0s

running (05m00.9s), 075/200 VUs, 761 complete and 0 interrupted iterations
concurrency   [  50% ] 075/200 VUs  05m00.9s/10m00.0s

running (05m01.9s), 075/200 VUs, 761 complete and 0 interrupted iterations
concurrency   [  50% ] 075/200 VUs  05m01.9s/10m00.0s

running (05m02.9s), 076/200 VUs, 761 complete and 0 interrupted iterations
concurrency   [  50% ] 076/200 VUs  05m02.9s/10m00.0s

running (05m03.9s), 076/200 VUs, 773 complete and 0 interrupted iterations
concurrency   [  51% ] 076/200 VUs  05m03.9s/10m00.0s

running (05m04.9s), 077/200 VUs, 781 complete and 0 interrupted iterations
concurrency   [  51% ] 077/200 VUs  05m04.9s/10m00.0s

running (05m05.9s), 077/200 VUs, 781 complete and 0 interrupted iterations
concurrency   [  51% ] 077/200 VUs  05m05.9s/10m00.0s

running (05m06.9s), 077/200 VUs, 781 complete and 0 interrupted iterations
concurrency   [  51% ] 077/200 VUs  05m06.9s/10m00.0s

running (05m07.9s), 078/200 VUs, 786 complete and 0 interrupted iterations
concurrency   [  51% ] 078/200 VUs  05m07.9s/10m00.0s

running (05m08.9s), 078/200 VUs, 797 complete and 0 interrupted iterations
concurrency   [  51% ] 078/200 VUs  05m08.9s/10m00.0s

running (05m09.9s), 079/200 VUs, 801 complete and 0 interrupted iterations
concurrency   [  52% ] 079/200 VUs  05m09.9s/10m00.0s

running (05m10.9s), 079/200 VUs, 801 complete and 0 interrupted iterations
concurrency   [  52% ] 079/200 VUs  05m10.9s/10m00.0s

running (05m11.9s), 079/200 VUs, 802 complete and 0 interrupted iterations
concurrency   [  52% ] 079/200 VUs  05m11.9s/10m00.0s

running (05m12.9s), 080/200 VUs, 813 complete and 0 interrupted iterations
concurrency   [  52% ] 080/200 VUs  05m12.9s/10m00.0s

running (05m13.9s), 080/200 VUs, 821 complete and 0 interrupted iterations
concurrency   [  52% ] 080/200 VUs  05m13.9s/10m00.0s

running (05m14.9s), 081/200 VUs, 821 complete and 0 interrupted iterations
concurrency   [  52% ] 081/200 VUs  05m14.9s/10m00.0s

running (05m15.9s), 081/200 VUs, 821 complete and 0 interrupted iterations
concurrency   [  53% ] 081/200 VUs  05m15.9s/10m00.0s

running (05m16.9s), 082/200 VUs, 830 complete and 0 interrupted iterations
concurrency   [  53% ] 082/200 VUs  05m16.9s/10m00.0s

running (05m17.9s), 082/200 VUs, 839 complete and 0 interrupted iterations
concurrency   [  53% ] 082/200 VUs  05m17.9s/10m00.0s

running (05m18.9s), 082/200 VUs, 841 complete and 0 interrupted iterations
concurrency   [  53% ] 082/200 VUs  05m18.9s/10m00.0s

running (05m19.9s), 083/200 VUs, 841 complete and 0 interrupted iterations
concurrency   [  53% ] 083/200 VUs  05m19.9s/10m00.0s

running (05m20.9s), 083/200 VUs, 846 complete and 0 interrupted iterations
concurrency   [  53% ] 083/200 VUs  05m20.9s/10m00.0s

running (05m21.9s), 084/200 VUs, 856 complete and 0 interrupted iterations
concurrency   [  54% ] 084/200 VUs  05m21.9s/10m00.0s

running (05m22.9s), 084/200 VUs, 861 complete and 0 interrupted iterations
concurrency   [  54% ] 084/200 VUs  05m22.9s/10m00.0s

running (05m23.9s), 084/200 VUs, 861 complete and 0 interrupted iterations
concurrency   [  54% ] 084/200 VUs  05m23.9s/10m00.0s

running (05m24.9s), 085/200 VUs, 861 complete and 0 interrupted iterations
concurrency   [  54% ] 085/200 VUs  05m24.9s/10m00.0s

running (05m25.9s), 085/200 VUs, 872 complete and 0 interrupted iterations
concurrency   [  54% ] 085/200 VUs  05m25.9s/10m00.0s

running (05m26.9s), 086/200 VUs, 880 complete and 0 interrupted iterations
concurrency   [  54% ] 086/200 VUs  05m26.9s/10m00.0s

running (05m27.9s), 086/200 VUs, 881 complete and 0 interrupted iterations
concurrency   [  55% ] 086/200 VUs  05m27.9s/10m00.0s

running (05m28.9s), 087/200 VUs, 881 complete and 0 interrupted iterations
concurrency   [  55% ] 087/200 VUs  05m28.9s/10m00.0s

running (05m29.9s), 087/200 VUs, 891 complete and 0 interrupted iterations
concurrency   [  55% ] 087/200 VUs  05m29.9s/10m00.0s

running (05m30.9s), 087/200 VUs, 900 complete and 0 interrupted iterations
concurrency   [  55% ] 087/200 VUs  05m30.9s/10m00.0s

running (05m31.9s), 088/200 VUs, 901 complete and 0 interrupted iterations
concurrency   [  55% ] 088/200 VUs  05m31.9s/10m00.0s

running (05m32.9s), 088/200 VUs, 901 complete and 0 interrupted iterations
concurrency   [  55% ] 088/200 VUs  05m32.9s/10m00.0s

running (05m33.9s), 089/200 VUs, 909 complete and 0 interrupted iterations
concurrency   [  56% ] 089/200 VUs  05m33.9s/10m00.0s

running (05m34.9s), 089/200 VUs, 916 complete and 0 interrupted iterations
concurrency   [  56% ] 089/200 VUs  05m34.9s/10m00.0s

running (05m35.9s), 089/200 VUs, 921 complete and 0 interrupted iterations
concurrency   [  56% ] 089/200 VUs  05m35.9s/10m00.0s

running (05m36.9s), 090/200 VUs, 921 complete and 0 interrupted iterations
concurrency   [  56% ] 090/200 VUs  05m36.9s/10m00.0s

running (05m37.9s), 090/200 VUs, 927 complete and 0 interrupted iterations
concurrency   [  56% ] 090/200 VUs  05m37.9s/10m00.0s

running (05m38.9s), 091/200 VUs, 939 complete and 0 interrupted iterations
concurrency   [  56% ] 091/200 VUs  05m38.9s/10m00.0s

running (05m39.9s), 091/200 VUs, 941 complete and 0 interrupted iterations
concurrency   [  57% ] 091/200 VUs  05m39.9s/10m00.0s

running (05m40.9s), 092/200 VUs, 941 complete and 0 interrupted iterations
concurrency   [  57% ] 092/200 VUs  05m40.9s/10m00.0s

running (05m41.9s), 092/200 VUs, 950 complete and 0 interrupted iterations
concurrency   [  57% ] 092/200 VUs  05m41.9s/10m00.0s

running (05m42.9s), 092/200 VUs, 960 complete and 0 interrupted iterations
concurrency   [  57% ] 092/200 VUs  05m42.9s/10m00.0s

running (05m43.9s), 093/200 VUs, 961 complete and 0 interrupted iterations
concurrency   [  57% ] 093/200 VUs  05m43.9s/10m00.0s

running (05m44.9s), 093/200 VUs, 962 complete and 0 interrupted iterations
concurrency   [  57% ] 093/200 VUs  05m44.9s/10m00.0s

running (05m45.9s), 094/200 VUs, 975 complete and 0 interrupted iterations
concurrency   [  58% ] 094/200 VUs  05m45.9s/10m00.0s

running (05m46.9s), 094/200 VUs, 981 complete and 0 interrupted iterations
concurrency   [  58% ] 094/200 VUs  05m46.9s/10m00.0s

running (05m47.9s), 094/200 VUs, 981 complete and 0 interrupted iterations
concurrency   [  58% ] 094/200 VUs  05m47.9s/10m00.0s

running (05m48.9s), 095/200 VUs, 985 complete and 0 interrupted iterations
concurrency   [  58% ] 095/200 VUs  05m48.9s/10m00.0s

running (05m49.9s), 095/200 VUs, 998 complete and 0 interrupted iterations
concurrency   [  58% ] 095/200 VUs  05m49.9s/10m00.0s

running (05m50.9s), 096/200 VUs, 1001 complete and 0 interrupted iterations
concurrency   [  58% ] 096/200 VUs  05m50.9s/10m00.0s

running (05m51.9s), 096/200 VUs, 1001 complete and 0 interrupted iterations
concurrency   [  59% ] 096/200 VUs  05m51.9s/10m00.0s

running (05m52.9s), 097/200 VUs, 1004 complete and 0 interrupted iterations
concurrency   [  59% ] 097/200 VUs  05m52.9s/10m00.0s

running (05m53.9s), 097/200 VUs, 1015 complete and 0 interrupted iterations
concurrency   [  59% ] 097/200 VUs  05m53.9s/10m00.0s

running (05m54.9s), 097/200 VUs, 1021 complete and 0 interrupted iterations
concurrency   [  59% ] 097/200 VUs  05m54.9s/10m00.0s

running (05m55.9s), 098/200 VUs, 1021 complete and 0 interrupted iterations
concurrency   [  59% ] 098/200 VUs  05m55.9s/10m00.0s

running (05m56.9s), 098/200 VUs, 1025 complete and 0 interrupted iterations
concurrency   [  59% ] 098/200 VUs  05m56.9s/10m00.0s

running (05m57.9s), 099/200 VUs, 1034 complete and 0 interrupted iterations
concurrency   [  60% ] 099/200 VUs  05m57.9s/10m00.0s

running (05m58.9s), 099/200 VUs, 1041 complete and 0 interrupted iterations
concurrency   [  60% ] 099/200 VUs  05m58.9s/10m00.0s

running (05m59.9s), 099/200 VUs, 1041 complete and 0 interrupted iterations
concurrency   [  60% ] 099/200 VUs  05m59.9s/10m00.0s

running (06m00.9s), 100/200 VUs, 1041 complete and 0 interrupted iterations
concurrency   [  60% ] 100/200 VUs  06m00.9s/10m00.0s

running (06m01.9s), 101/200 VUs, 1056 complete and 0 interrupted iterations
concurrency   [  60% ] 101/200 VUs  06m01.9s/10m00.0s

running (06m02.9s), 102/200 VUs, 1061 complete and 0 interrupted iterations
concurrency   [  60% ] 102/200 VUs  06m02.9s/10m00.0s

running (06m03.9s), 103/200 VUs, 1061 complete and 0 interrupted iterations
concurrency   [  61% ] 103/200 VUs  06m03.9s/10m00.0s

running (06m04.9s), 104/200 VUs, 1064 complete and 0 interrupted iterations
concurrency   [  61% ] 104/200 VUs  06m04.9s/10m00.0s

running (06m05.9s), 104/200 VUs, 1072 complete and 0 interrupted iterations
concurrency   [  61% ] 104/200 VUs  06m05.9s/10m00.0s

running (06m06.9s), 105/200 VUs, 1081 complete and 0 interrupted iterations
concurrency   [  61% ] 105/200 VUs  06m06.9s/10m00.0s

running (06m07.9s), 106/200 VUs, 1081 complete and 0 interrupted iterations
concurrency   [  61% ] 106/200 VUs  06m07.9s/10m00.0s

running (06m08.9s), 107/200 VUs, 1081 complete and 0 interrupted iterations
concurrency   [  61% ] 107/200 VUs  06m08.9s/10m00.0s

running (06m09.9s), 108/200 VUs, 1094 complete and 0 interrupted iterations
concurrency   [  62% ] 108/200 VUs  06m09.9s/10m00.0s

running (06m10.9s), 109/200 VUs, 1101 complete and 0 interrupted iterations
concurrency   [  62% ] 109/200 VUs  06m10.9s/10m00.0s

running (06m11.9s), 109/200 VUs, 1101 complete and 0 interrupted iterations
concurrency   [  62% ] 109/200 VUs  06m11.9s/10m00.0s

running (06m12.9s), 110/200 VUs, 1101 complete and 0 interrupted iterations
concurrency   [  62% ] 110/200 VUs  06m12.9s/10m00.0s

running (06m13.9s), 111/200 VUs, 1110 complete and 0 interrupted iterations
concurrency   [  62% ] 111/200 VUs  06m13.9s/10m00.0s

running (06m14.9s), 112/200 VUs, 1117 complete and 0 interrupted iterations
concurrency   [  62% ] 112/200 VUs  06m14.9s/10m00.0s

running (06m15.9s), 113/200 VUs, 1121 complete and 0 interrupted iterations
concurrency   [  63% ] 113/200 VUs  06m15.9s/10m00.0s

running (06m16.9s), 114/200 VUs, 1121 complete and 0 interrupted iterations
concurrency   [  63% ] 114/200 VUs  06m16.9s/10m00.0s

running (06m17.9s), 114/200 VUs, 1125 complete and 0 interrupted iterations
concurrency   [  63% ] 114/200 VUs  06m17.9s/10m00.0s

running (06m18.9s), 115/200 VUs, 1137 complete and 0 interrupted iterations
concurrency   [  63% ] 115/200 VUs  06m18.9s/10m00.0s

running (06m19.9s), 116/200 VUs, 1141 complete and 0 interrupted iterations
concurrency   [  63% ] 116/200 VUs  06m19.9s/10m00.0s

running (06m20.9s), 117/200 VUs, 1141 complete and 0 interrupted iterations
concurrency   [  63% ] 117/200 VUs  06m20.9s/10m00.0s

running (06m21.9s), 118/200 VUs, 1144 complete and 0 interrupted iterations
concurrency   [  64% ] 118/200 VUs  06m21.9s/10m00.0s

running (06m22.9s), 119/200 VUs, 1154 complete and 0 interrupted iterations
concurrency   [  64% ] 119/200 VUs  06m22.9s/10m00.0s

running (06m23.9s), 119/200 VUs, 1161 complete and 0 interrupted iterations
concurrency   [  64% ] 119/200 VUs  06m23.9s/10m00.0s

running (06m24.9s), 120/200 VUs, 1161 complete and 0 interrupted iterations
concurrency   [  64% ] 120/200 VUs  06m24.9s/10m00.0s

running (06m25.9s), 121/200 VUs, 1164 complete and 0 interrupted iterations
concurrency   [  64% ] 121/200 VUs  06m25.9s/10m00.0s

running (06m26.9s), 122/200 VUs, 1175 complete and 0 interrupted iterations
concurrency   [  64% ] 122/200 VUs  06m26.9s/10m00.0s

running (06m27.9s), 123/200 VUs, 1181 complete and 0 interrupted iterations
concurrency   [  65% ] 123/200 VUs  06m27.9s/10m00.0s

running (06m28.9s), 124/200 VUs, 1181 complete and 0 interrupted iterations
concurrency   [  65% ] 124/200 VUs  06m28.9s/10m00.0s

running (06m29.9s), 124/200 VUs, 1186 complete and 0 interrupted iterations
concurrency   [  65% ] 124/200 VUs  06m29.9s/10m00.0s

running (06m30.9s), 125/200 VUs, 1196 complete and 0 interrupted iterations
concurrency   [  65% ] 125/200 VUs  06m30.9s/10m00.0s

running (06m31.9s), 126/200 VUs, 1201 complete and 0 interrupted iterations
concurrency   [  65% ] 126/200 VUs  06m31.9s/10m00.0s

running (06m32.9s), 127/200 VUs, 1201 complete and 0 interrupted iterations
concurrency   [  65% ] 127/200 VUs  06m32.9s/10m00.0s

running (06m33.9s), 128/200 VUs, 1201 complete and 0 interrupted iterations
concurrency   [  66% ] 128/200 VUs  06m33.9s/10m00.0s

running (06m34.9s), 129/200 VUs, 1211 complete and 0 interrupted iterations
concurrency   [  66% ] 129/200 VUs  06m34.9s/10m00.0s

running (06m36.0s), 129/200 VUs, 1220 complete and 0 interrupted iterations
concurrency   [  66% ] 129/200 VUs  06m35.9s/10m00.0s

running (06m36.9s), 130/200 VUs, 1221 complete and 0 interrupted iterations
concurrency   [  66% ] 130/200 VUs  06m36.9s/10m00.0s

running (06m37.9s), 131/200 VUs, 1221 complete and 0 interrupted iterations
concurrency   [  66% ] 131/200 VUs  06m37.9s/10m00.0s

running (06m38.9s), 132/200 VUs, 1228 complete and 0 interrupted iterations
concurrency   [  66% ] 132/200 VUs  06m38.9s/10m00.0s

running (06m39.9s), 133/200 VUs, 1237 complete and 0 interrupted iterations
concurrency   [  67% ] 133/200 VUs  06m39.9s/10m00.0s

running (06m40.9s), 134/200 VUs, 1241 complete and 0 interrupted iterations
concurrency   [  67% ] 134/200 VUs  06m40.9s/10m00.0s

running (06m41.9s), 134/200 VUs, 1241 complete and 0 interrupted iterations
concurrency   [  67% ] 134/200 VUs  06m41.9s/10m00.0s

running (06m42.9s), 135/200 VUs, 1241 complete and 0 interrupted iterations
concurrency   [  67% ] 135/200 VUs  06m42.9s/10m00.0s

running (06m43.9s), 136/200 VUs, 1250 complete and 0 interrupted iterations
concurrency   [  67% ] 136/200 VUs  06m43.9s/10m00.0s

running (06m44.9s), 137/200 VUs, 1259 complete and 0 interrupted iterations
concurrency   [  67% ] 137/200 VUs  06m44.9s/10m00.0s

running (06m45.9s), 138/200 VUs, 1261 complete and 0 interrupted iterations
concurrency   [  68% ] 138/200 VUs  06m45.9s/10m00.0s

running (06m46.9s), 139/200 VUs, 1261 complete and 0 interrupted iterations
concurrency   [  68% ] 139/200 VUs  06m46.9s/10m00.0s

running (06m47.9s), 139/200 VUs, 1264 complete and 0 interrupted iterations
concurrency   [  68% ] 139/200 VUs  06m47.9s/10m00.0s

running (06m48.9s), 140/200 VUs, 1275 complete and 0 interrupted iterations
concurrency   [  68% ] 140/200 VUs  06m48.9s/10m00.0s

running (06m49.9s), 141/200 VUs, 1281 complete and 0 interrupted iterations
concurrency   [  68% ] 141/200 VUs  06m49.9s/10m00.0s

running (06m50.9s), 142/200 VUs, 1281 complete and 0 interrupted iterations
concurrency   [  68% ] 142/200 VUs  06m50.9s/10m00.0s

running (06m51.9s), 143/200 VUs, 1281 complete and 0 interrupted iterations
concurrency   [  69% ] 143/200 VUs  06m51.9s/10m00.0s

running (06m52.9s), 144/200 VUs, 1288 complete and 0 interrupted iterations
concurrency   [  69% ] 144/200 VUs  06m52.9s/10m00.0s

running (06m53.9s), 144/200 VUs, 1298 complete and 0 interrupted iterations
concurrency   [  69% ] 144/200 VUs  06m53.9s/10m00.0s

running (06m54.9s), 145/200 VUs, 1301 complete and 0 interrupted iterations
concurrency   [  69% ] 145/200 VUs  06m54.9s/10m00.0s

running (06m55.9s), 146/200 VUs, 1301 complete and 0 interrupted iterations
concurrency   [  69% ] 146/200 VUs  06m55.9s/10m00.0s

running (06m56.9s), 147/200 VUs, 1303 complete and 0 interrupted iterations
concurrency   [  69% ] 147/200 VUs  06m56.9s/10m00.0s

running (06m57.9s), 148/200 VUs, 1310 complete and 0 interrupted iterations
concurrency   [  70% ] 148/200 VUs  06m57.9s/10m00.0s

running (06m58.9s), 149/200 VUs, 1320 complete and 0 interrupted iterations
concurrency   [  70% ] 149/200 VUs  06m58.9s/10m00.0s

running (06m59.9s), 149/200 VUs, 1321 complete and 0 interrupted iterations
concurrency   [  70% ] 149/200 VUs  06m59.9s/10m00.0s

running (07m00.9s), 150/200 VUs, 1321 complete and 0 interrupted iterations
concurrency   [  70% ] 150/200 VUs  07m00.9s/10m00.0s

running (07m01.9s), 151/200 VUs, 1328 complete and 0 interrupted iterations
concurrency   [  70% ] 151/200 VUs  07m01.9s/10m00.0s

running (07m02.9s), 152/200 VUs, 1337 complete and 0 interrupted iterations
concurrency   [  70% ] 152/200 VUs  07m02.9s/10m00.0s

running (07m03.9s), 153/200 VUs, 1341 complete and 0 interrupted iterations
concurrency   [  71% ] 153/200 VUs  07m03.9s/10m00.0s

running (07m04.9s), 154/200 VUs, 1341 complete and 0 interrupted iterations
concurrency   [  71% ] 154/200 VUs  07m04.9s/10m00.0s

running (07m05.9s), 154/200 VUs, 1342 complete and 0 interrupted iterations
concurrency   [  71% ] 154/200 VUs  07m05.9s/10m00.0s

running (07m06.9s), 155/200 VUs, 1351 complete and 0 interrupted iterations
concurrency   [  71% ] 155/200 VUs  07m06.9s/10m00.0s

running (07m07.9s), 156/200 VUs, 1360 complete and 0 interrupted iterations
concurrency   [  71% ] 156/200 VUs  07m07.9s/10m00.0s

running (07m08.9s), 157/200 VUs, 1361 complete and 0 interrupted iterations
concurrency   [  71% ] 157/200 VUs  07m08.9s/10m00.0s

running (07m09.9s), 158/200 VUs, 1361 complete and 0 interrupted iterations
concurrency   [  72% ] 158/200 VUs  07m09.9s/10m00.0s

running (07m10.9s), 159/200 VUs, 1368 complete and 0 interrupted iterations
concurrency   [  72% ] 159/200 VUs  07m10.9s/10m00.0s

running (07m11.9s), 159/200 VUs, 1375 complete and 0 interrupted iterations
concurrency   [  72% ] 159/200 VUs  07m11.9s/10m00.0s

running (07m12.9s), 160/200 VUs, 1381 complete and 0 interrupted iterations
concurrency   [  72% ] 160/200 VUs  07m12.9s/10m00.0s

running (07m13.9s), 161/200 VUs, 1381 complete and 0 interrupted iterations
concurrency   [  72% ] 161/200 VUs  07m13.9s/10m00.0s

running (07m14.9s), 162/200 VUs, 1385 complete and 0 interrupted iterations
concurrency   [  72% ] 162/200 VUs  07m14.9s/10m00.0s

running (07m15.9s), 163/200 VUs, 1393 complete and 0 interrupted iterations
concurrency   [  73% ] 163/200 VUs  07m15.9s/10m00.0s

running (07m16.9s), 164/200 VUs, 1401 complete and 0 interrupted iterations
concurrency   [  73% ] 164/200 VUs  07m16.9s/10m00.0s

running (07m17.9s), 164/200 VUs, 1401 complete and 0 interrupted iterations
concurrency   [  73% ] 164/200 VUs  07m17.9s/10m00.0s

running (07m18.9s), 165/200 VUs, 1401 complete and 0 interrupted iterations
concurrency   [  73% ] 165/200 VUs  07m18.9s/10m00.0s

running (07m19.9s), 166/200 VUs, 1411 complete and 0 interrupted iterations
concurrency   [  73% ] 166/200 VUs  07m19.9s/10m00.0s

running (07m20.9s), 167/200 VUs, 1421 complete and 0 interrupted iterations
concurrency   [  73% ] 167/200 VUs  07m20.9s/10m00.0s

running (07m21.9s), 168/200 VUs, 1421 complete and 0 interrupted iterations
concurrency   [  74% ] 168/200 VUs  07m21.9s/10m00.0s

running (07m22.9s), 169/200 VUs, 1421 complete and 0 interrupted iterations
concurrency   [  74% ] 169/200 VUs  07m22.9s/10m00.0s

running (07m23.9s), 169/200 VUs, 1426 complete and 0 interrupted iterations
concurrency   [  74% ] 169/200 VUs  07m23.9s/10m00.0s

running (07m24.9s), 170/200 VUs, 1435 complete and 0 interrupted iterations
concurrency   [  74% ] 170/200 VUs  07m24.9s/10m00.0s

running (07m25.9s), 171/200 VUs, 1441 complete and 0 interrupted iterations
concurrency   [  74% ] 171/200 VUs  07m25.9s/10m00.0s

running (07m26.9s), 172/200 VUs, 1441 complete and 0 interrupted iterations
concurrency   [  74% ] 172/200 VUs  07m26.9s/10m00.0s

running (07m27.9s), 173/200 VUs, 1441 complete and 0 interrupted iterations
concurrency   [  75% ] 173/200 VUs  07m27.9s/10m00.0s

running (07m28.9s), 174/200 VUs, 1448 complete and 0 interrupted iterations
concurrency   [  75% ] 174/200 VUs  07m28.9s/10m00.0s

running (07m29.9s), 174/200 VUs, 1460 complete and 0 interrupted iterations
concurrency   [  75% ] 174/200 VUs  07m29.9s/10m00.0s

running (07m30.9s), 175/200 VUs, 1461 complete and 0 interrupted iterations
concurrency   [  75% ] 175/200 VUs  07m30.9s/10m00.0s

running (07m31.9s), 176/200 VUs, 1461 complete and 0 interrupted iterations
concurrency   [  75% ] 176/200 VUs  07m31.9s/10m00.0s

running (07m32.9s), 177/200 VUs, 1468 complete and 0 interrupted iterations
concurrency   [  75% ] 177/200 VUs  07m32.9s/10m00.0s

running (07m33.9s), 178/200 VUs, 1478 complete and 0 interrupted iterations
concurrency   [  76% ] 178/200 VUs  07m33.9s/10m00.0s

running (07m34.9s), 179/200 VUs, 1481 complete and 0 interrupted iterations
concurrency   [  76% ] 179/200 VUs  07m34.9s/10m00.0s

running (07m35.9s), 179/200 VUs, 1481 complete and 0 interrupted iterations
concurrency   [  76% ] 179/200 VUs  07m35.9s/10m00.0s

running (07m36.9s), 180/200 VUs, 1483 complete and 0 interrupted iterations
concurrency   [  76% ] 180/200 VUs  07m36.9s/10m00.0s

running (07m37.9s), 181/200 VUs, 1492 complete and 0 interrupted iterations
concurrency   [  76% ] 181/200 VUs  07m37.9s/10m00.0s

running (07m38.9s), 182/200 VUs, 1501 complete and 0 interrupted iterations
concurrency   [  76% ] 182/200 VUs  07m38.9s/10m00.0s

running (07m39.9s), 183/200 VUs, 1501 complete and 0 interrupted iterations
concurrency   [  77% ] 183/200 VUs  07m39.9s/10m00.0s

running (07m40.9s), 184/200 VUs, 1502 complete and 0 interrupted iterations
concurrency   [  77% ] 184/200 VUs  07m40.9s/10m00.0s

running (07m41.9s), 184/200 VUs, 1503 complete and 0 interrupted iterations
concurrency   [  77% ] 184/200 VUs  07m41.9s/10m00.0s

running (07m42.9s), 185/200 VUs, 1515 complete and 0 interrupted iterations
concurrency   [  77% ] 185/200 VUs  07m42.9s/10m00.0s

running (07m43.9s), 186/200 VUs, 1521 complete and 0 interrupted iterations
concurrency   [  77% ] 186/200 VUs  07m43.9s/10m00.0s

running (07m44.9s), 187/200 VUs, 1521 complete and 0 interrupted iterations
concurrency   [  77% ] 187/200 VUs  07m44.9s/10m00.0s

running (07m45.9s), 188/200 VUs, 1521 complete and 0 interrupted iterations
concurrency   [  78% ] 188/200 VUs  07m45.9s/10m00.0s

running (07m46.9s), 189/200 VUs, 1529 complete and 0 interrupted iterations
concurrency   [  78% ] 189/200 VUs  07m46.9s/10m00.0s

running (07m47.9s), 189/200 VUs, 1540 complete and 0 interrupted iterations
concurrency   [  78% ] 189/200 VUs  07m47.9s/10m00.0s

running (07m48.9s), 190/200 VUs, 1541 complete and 0 interrupted iterations
concurrency   [  78% ] 190/200 VUs  07m48.9s/10m00.0s

running (07m49.9s), 191/200 VUs, 1549 complete and 0 interrupted iterations
concurrency   [  78% ] 191/200 VUs  07m49.9s/10m00.0s

running (07m50.9s), 192/200 VUs, 1549 complete and 0 interrupted iterations
concurrency   [  78% ] 192/200 VUs  07m50.9s/10m00.0s

running (07m51.9s), 193/200 VUs, 1557 complete and 0 interrupted iterations
concurrency   [  79% ] 193/200 VUs  07m51.9s/10m00.0s

running (07m52.9s), 194/200 VUs, 1561 complete and 0 interrupted iterations
concurrency   [  79% ] 194/200 VUs  07m52.9s/10m00.0s

running (07m53.9s), 194/200 VUs, 1568 complete and 0 interrupted iterations
concurrency   [  79% ] 194/200 VUs  07m53.9s/10m00.0s

running (07m54.9s), 195/200 VUs, 1577 complete and 0 interrupted iterations
concurrency   [  79% ] 195/200 VUs  07m54.9s/10m00.0s

running (07m55.9s), 196/200 VUs, 1577 complete and 0 interrupted iterations
concurrency   [  79% ] 196/200 VUs  07m55.9s/10m00.0s

running (07m56.9s), 197/200 VUs, 1579 complete and 0 interrupted iterations
concurrency   [  79% ] 197/200 VUs  07m56.9s/10m00.0s

running (07m57.9s), 198/200 VUs, 1590 complete and 0 interrupted iterations
concurrency   [  80% ] 198/200 VUs  07m57.9s/10m00.0s

running (07m58.9s), 199/200 VUs, 1603 complete and 0 interrupted iterations
concurrency   [  80% ] 199/200 VUs  07m58.9s/10m00.0s

running (07m59.9s), 199/200 VUs, 1603 complete and 0 interrupted iterations
concurrency   [  80% ] 199/200 VUs  07m59.9s/10m00.0s

running (08m00.9s), 200/200 VUs, 1613 complete and 0 interrupted iterations
concurrency   [  80% ] 200/200 VUs  08m00.9s/10m00.0s

running (08m01.9s), 200/200 VUs, 1616 complete and 0 interrupted iterations
concurrency   [  80% ] 200/200 VUs  08m01.9s/10m00.0s

running (08m02.9s), 200/200 VUs, 1622 complete and 0 interrupted iterations
concurrency   [  80% ] 200/200 VUs  08m02.9s/10m00.0s

running (08m03.9s), 200/200 VUs, 1634 complete and 0 interrupted iterations
concurrency   [  81% ] 200/200 VUs  08m03.9s/10m00.0s

running (08m04.9s), 200/200 VUs, 1634 complete and 0 interrupted iterations
concurrency   [  81% ] 200/200 VUs  08m04.9s/10m00.0s

running (08m05.9s), 200/200 VUs, 1638 complete and 0 interrupted iterations
concurrency   [  81% ] 200/200 VUs  08m05.9s/10m00.0s

running (08m06.9s), 200/200 VUs, 1651 complete and 0 interrupted iterations
concurrency   [  81% ] 200/200 VUs  08m06.9s/10m00.0s

running (08m07.9s), 200/200 VUs, 1656 complete and 0 interrupted iterations
concurrency   [  81% ] 200/200 VUs  08m07.9s/10m00.0s

running (08m08.9s), 200/200 VUs, 1659 complete and 0 interrupted iterations
concurrency   [  81% ] 200/200 VUs  08m08.9s/10m00.0s

running (08m09.9s), 200/200 VUs, 1662 complete and 0 interrupted iterations
concurrency   [  82% ] 200/200 VUs  08m09.9s/10m00.0s

running (08m10.9s), 200/200 VUs, 1666 complete and 0 interrupted iterations
concurrency   [  82% ] 200/200 VUs  08m10.9s/10m00.0s

running (08m11.9s), 200/200 VUs, 1678 complete and 0 interrupted iterations
concurrency   [  82% ] 200/200 VUs  08m11.9s/10m00.0s

running (08m12.9s), 200/200 VUs, 1684 complete and 0 interrupted iterations
concurrency   [  82% ] 200/200 VUs  08m12.9s/10m00.0s

running (08m13.9s), 200/200 VUs, 1685 complete and 0 interrupted iterations
concurrency   [  82% ] 200/200 VUs  08m13.9s/10m00.0s

running (08m14.9s), 200/200 VUs, 1690 complete and 0 interrupted iterations
concurrency   [  82% ] 200/200 VUs  08m14.9s/10m00.0s

running (08m15.9s), 200/200 VUs, 1694 complete and 0 interrupted iterations
concurrency   [  83% ] 200/200 VUs  08m15.9s/10m00.0s

running (08m16.9s), 200/200 VUs, 1705 complete and 0 interrupted iterations
concurrency   [  83% ] 200/200 VUs  08m16.9s/10m00.0s

running (08m17.9s), 200/200 VUs, 1708 complete and 0 interrupted iterations
concurrency   [  83% ] 200/200 VUs  08m17.9s/10m00.0s

running (08m18.9s), 200/200 VUs, 1709 complete and 0 interrupted iterations
concurrency   [  83% ] 200/200 VUs  08m18.9s/10m00.0s

running (08m19.9s), 200/200 VUs, 1713 complete and 0 interrupted iterations
concurrency   [  83% ] 200/200 VUs  08m19.9s/10m00.0s

running (08m20.9s), 200/200 VUs, 1713 complete and 0 interrupted iterations
concurrency   [  83% ] 200/200 VUs  08m20.9s/10m00.0s

running (08m21.9s), 200/200 VUs, 1713 complete and 0 interrupted iterations
concurrency   [  84% ] 200/200 VUs  08m21.9s/10m00.0s

running (08m22.9s), 200/200 VUs, 1713 complete and 0 interrupted iterations
concurrency   [  84% ] 200/200 VUs  08m22.9s/10m00.0s

running (08m23.9s), 200/200 VUs, 1727 complete and 0 interrupted iterations
concurrency   [  84% ] 200/200 VUs  08m23.9s/10m00.0s

running (08m24.9s), 200/200 VUs, 1741 complete and 0 interrupted iterations
concurrency   [  84% ] 200/200 VUs  08m24.9s/10m00.0s

running (08m25.9s), 200/200 VUs, 1744 complete and 0 interrupted iterations
concurrency   [  84% ] 200/200 VUs  08m25.9s/10m00.0s

running (08m26.9s), 200/200 VUs, 1748 complete and 0 interrupted iterations
concurrency   [  84% ] 200/200 VUs  08m26.9s/10m00.0s

running (08m27.9s), 200/200 VUs, 1755 complete and 0 interrupted iterations
concurrency   [  85% ] 200/200 VUs  08m27.9s/10m00.0s

running (08m28.9s), 200/200 VUs, 1755 complete and 0 interrupted iterations
concurrency   [  85% ] 200/200 VUs  08m28.9s/10m00.0s

running (08m29.9s), 200/200 VUs, 1756 complete and 0 interrupted iterations
concurrency   [  85% ] 200/200 VUs  08m29.9s/10m00.0s

running (08m30.9s), 200/200 VUs, 1773 complete and 0 interrupted iterations
concurrency   [  85% ] 200/200 VUs  08m30.9s/10m00.0s

running (08m31.9s), 200/200 VUs, 1782 complete and 0 interrupted iterations
concurrency   [  85% ] 200/200 VUs  08m31.9s/10m00.0s

running (08m32.9s), 200/200 VUs, 1789 complete and 0 interrupted iterations
concurrency   [  85% ] 200/200 VUs  08m32.9s/10m00.0s

running (08m33.9s), 200/200 VUs, 1801 complete and 0 interrupted iterations
concurrency   [  86% ] 200/200 VUs  08m33.9s/10m00.0s

running (08m34.9s), 200/200 VUs, 1806 complete and 0 interrupted iterations
concurrency   [  86% ] 200/200 VUs  08m34.9s/10m00.0s

running (08m35.9s), 200/200 VUs, 1818 complete and 0 interrupted iterations
concurrency   [  86% ] 200/200 VUs  08m35.9s/10m00.0s

running (08m36.9s), 200/200 VUs, 1822 complete and 0 interrupted iterations
concurrency   [  86% ] 200/200 VUs  08m36.9s/10m00.0s

running (08m37.9s), 200/200 VUs, 1829 complete and 0 interrupted iterations
concurrency   [  86% ] 200/200 VUs  08m37.9s/10m00.0s

running (08m38.9s), 200/200 VUs, 1837 complete and 0 interrupted iterations
concurrency   [  86% ] 200/200 VUs  08m38.9s/10m00.0s

running (08m39.9s), 200/200 VUs, 1837 complete and 0 interrupted iterations
concurrency   [  87% ] 200/200 VUs  08m39.9s/10m00.0s

running (08m40.9s), 200/200 VUs, 1837 complete and 0 interrupted iterations
concurrency   [  87% ] 200/200 VUs  08m40.9s/10m00.0s

running (08m41.9s), 200/200 VUs, 1849 complete and 0 interrupted iterations
concurrency   [  87% ] 200/200 VUs  08m41.9s/10m00.0s

running (08m42.9s), 200/200 VUs, 1860 complete and 0 interrupted iterations
concurrency   [  87% ] 200/200 VUs  08m42.9s/10m00.0s

running (08m43.9s), 200/200 VUs, 1860 complete and 0 interrupted iterations
concurrency   [  87% ] 200/200 VUs  08m43.9s/10m00.0s

running (08m44.9s), 200/200 VUs, 1864 complete and 0 interrupted iterations
concurrency   [  87% ] 200/200 VUs  08m44.9s/10m00.0s

running (08m45.9s), 200/200 VUs, 1866 complete and 0 interrupted iterations
concurrency   [  88% ] 200/200 VUs  08m45.9s/10m00.0s

running (08m46.9s), 200/200 VUs, 1866 complete and 0 interrupted iterations
concurrency   [  88% ] 200/200 VUs  08m46.9s/10m00.0s

running (08m47.9s), 200/200 VUs, 1866 complete and 0 interrupted iterations
concurrency   [  88% ] 200/200 VUs  08m47.9s/10m00.0s

running (08m48.9s), 200/200 VUs, 1878 complete and 0 interrupted iterations
concurrency   [  88% ] 200/200 VUs  08m48.9s/10m00.0s

running (08m49.9s), 200/200 VUs, 1886 complete and 0 interrupted iterations
concurrency   [  88% ] 200/200 VUs  08m49.9s/10m00.0s

running (08m50.9s), 200/200 VUs, 1886 complete and 0 interrupted iterations
concurrency   [  88% ] 200/200 VUs  08m50.9s/10m00.0s

running (08m51.9s), 200/200 VUs, 1905 complete and 0 interrupted iterations
concurrency   [  89% ] 200/200 VUs  08m51.9s/10m00.0s

running (08m52.9s), 200/200 VUs, 1909 complete and 0 interrupted iterations
concurrency   [  89% ] 200/200 VUs  08m52.9s/10m00.0s

running (08m53.9s), 200/200 VUs, 1909 complete and 0 interrupted iterations
concurrency   [  89% ] 200/200 VUs  08m53.9s/10m00.0s

running (08m54.9s), 200/200 VUs, 1913 complete and 0 interrupted iterations
concurrency   [  89% ] 200/200 VUs  08m54.9s/10m00.0s

running (08m55.9s), 200/200 VUs, 1913 complete and 0 interrupted iterations
concurrency   [  89% ] 200/200 VUs  08m55.9s/10m00.0s

running (08m56.9s), 200/200 VUs, 1913 complete and 0 interrupted iterations
concurrency   [  89% ] 200/200 VUs  08m56.9s/10m00.0s

running (08m57.9s), 200/200 VUs, 1913 complete and 0 interrupted iterations
concurrency   [  90% ] 200/200 VUs  08m57.9s/10m00.0s

running (08m58.9s), 200/200 VUs, 1913 complete and 0 interrupted iterations
concurrency   [  90% ] 200/200 VUs  08m58.9s/10m00.0s

running (08m59.9s), 200/200 VUs, 1913 complete and 0 interrupted iterations
concurrency   [  90% ] 200/200 VUs  08m59.9s/10m00.0s

running (09m00.9s), 200/200 VUs, 1925 complete and 0 interrupted iterations
concurrency   [  90% ] 200/200 VUs  09m00.9s/10m00.0s

running (09m01.9s), 200/200 VUs, 1943 complete and 0 interrupted iterations
concurrency   [  90% ] 200/200 VUs  09m01.9s/10m00.0s

running (09m02.9s), 200/200 VUs, 1949 complete and 0 interrupted iterations
concurrency   [  90% ] 200/200 VUs  09m02.9s/10m00.0s

running (09m03.9s), 200/200 VUs, 1955 complete and 0 interrupted iterations
concurrency   [  91% ] 200/200 VUs  09m03.9s/10m00.0s

running (09m04.9s), 200/200 VUs, 1964 complete and 0 interrupted iterations
concurrency   [  91% ] 200/200 VUs  09m04.9s/10m00.0s

running (09m05.9s), 200/200 VUs, 1973 complete and 0 interrupted iterations
concurrency   [  91% ] 200/200 VUs  09m05.9s/10m00.0s

running (09m06.9s), 200/200 VUs, 1973 complete and 0 interrupted iterations
concurrency   [  91% ] 200/200 VUs  09m06.9s/10m00.0s

running (09m07.9s), 200/200 VUs, 1973 complete and 0 interrupted iterations
concurrency   [  91% ] 200/200 VUs  09m07.9s/10m00.0s

running (09m08.9s), 200/200 VUs, 1993 complete and 0 interrupted iterations
concurrency   [  91% ] 200/200 VUs  09m08.9s/10m00.0s

running (09m09.9s), 200/200 VUs, 1997 complete and 0 interrupted iterations
concurrency   [  92% ] 200/200 VUs  09m09.9s/10m00.0s

running (09m10.9s), 200/200 VUs, 2011 complete and 0 interrupted iterations
concurrency   [  92% ] 200/200 VUs  09m10.9s/10m00.0s

running (09m11.9s), 200/200 VUs, 2022 complete and 0 interrupted iterations
concurrency   [  92% ] 200/200 VUs  09m11.9s/10m00.0s

running (09m12.9s), 200/200 VUs, 2022 complete and 0 interrupted iterations
concurrency   [  92% ] 200/200 VUs  09m12.9s/10m00.0s

running (09m13.9s), 200/200 VUs, 2036 complete and 0 interrupted iterations
concurrency   [  92% ] 200/200 VUs  09m13.9s/10m00.0s

running (09m14.9s), 200/200 VUs, 2037 complete and 0 interrupted iterations
concurrency   [  92% ] 200/200 VUs  09m14.9s/10m00.0s

running (09m15.9s), 200/200 VUs, 2037 complete and 0 interrupted iterations
concurrency   [  93% ] 200/200 VUs  09m15.9s/10m00.0s

running (09m16.9s), 200/200 VUs, 2037 complete and 0 interrupted iterations
concurrency   [  93% ] 200/200 VUs  09m16.9s/10m00.0s

running (09m17.9s), 200/200 VUs, 2042 complete and 0 interrupted iterations
concurrency   [  93% ] 200/200 VUs  09m17.9s/10m00.0s

running (09m18.9s), 200/200 VUs, 2066 complete and 0 interrupted iterations
concurrency   [  93% ] 200/200 VUs  09m18.9s/10m00.0s

running (09m19.9s), 200/200 VUs, 2066 complete and 0 interrupted iterations
concurrency   [  93% ] 200/200 VUs  09m19.9s/10m00.0s

running (09m20.9s), 200/200 VUs, 2066 complete and 0 interrupted iterations
concurrency   [  93% ] 200/200 VUs  09m20.9s/10m00.0s

running (09m21.9s), 200/200 VUs, 2066 complete and 0 interrupted iterations
concurrency   [  94% ] 200/200 VUs  09m21.9s/10m00.0s

running (09m22.9s), 200/200 VUs, 2066 complete and 0 interrupted iterations
concurrency   [  94% ] 200/200 VUs  09m22.9s/10m00.0s

running (09m23.9s), 200/200 VUs, 2066 complete and 0 interrupted iterations
concurrency   [  94% ] 200/200 VUs  09m23.9s/10m00.0s

running (09m24.9s), 200/200 VUs, 2070 complete and 0 interrupted iterations
concurrency   [  94% ] 200/200 VUs  09m24.9s/10m00.0s

running (09m25.9s), 200/200 VUs, 2085 complete and 0 interrupted iterations
concurrency   [  94% ] 200/200 VUs  09m25.9s/10m00.0s

running (09m26.9s), 200/200 VUs, 2099 complete and 0 interrupted iterations
concurrency   [  94% ] 200/200 VUs  09m26.9s/10m00.0s

running (09m27.9s), 200/200 VUs, 2109 complete and 0 interrupted iterations
concurrency   [  95% ] 200/200 VUs  09m27.9s/10m00.0s

running (09m28.9s), 200/200 VUs, 2113 complete and 0 interrupted iterations
concurrency   [  95% ] 200/200 VUs  09m28.9s/10m00.0s

running (09m29.9s), 200/200 VUs, 2113 complete and 0 interrupted iterations
concurrency   [  95% ] 200/200 VUs  09m29.9s/10m00.0s

running (09m30.9s), 200/200 VUs, 2113 complete and 0 interrupted iterations
concurrency   [  95% ] 200/200 VUs  09m30.9s/10m00.0s

running (09m31.9s), 200/200 VUs, 2113 complete and 0 interrupted iterations
concurrency   [  95% ] 200/200 VUs  09m31.9s/10m00.0s

running (09m32.9s), 200/200 VUs, 2113 complete and 0 interrupted iterations
concurrency   [  95% ] 200/200 VUs  09m32.9s/10m00.0s

running (09m33.9s), 200/200 VUs, 2114 complete and 0 interrupted iterations
concurrency   [  96% ] 200/200 VUs  09m33.9s/10m00.0s

running (09m34.9s), 200/200 VUs, 2115 complete and 0 interrupted iterations
concurrency   [  96% ] 200/200 VUs  09m34.9s/10m00.0s

running (09m35.9s), 200/200 VUs, 2125 complete and 0 interrupted iterations
concurrency   [  96% ] 200/200 VUs  09m35.9s/10m00.0s

running (09m36.9s), 200/200 VUs, 2125 complete and 0 interrupted iterations
concurrency   [  96% ] 200/200 VUs  09m36.9s/10m00.0s

running (09m37.9s), 200/200 VUs, 2125 complete and 0 interrupted iterations
concurrency   [  96% ] 200/200 VUs  09m37.9s/10m00.0s

running (09m38.9s), 200/200 VUs, 2145 complete and 0 interrupted iterations
concurrency   [  96% ] 200/200 VUs  09m38.9s/10m00.0s

running (09m39.9s), 200/200 VUs, 2168 complete and 0 interrupted iterations
concurrency   [  97% ] 200/200 VUs  09m39.9s/10m00.0s

running (09m40.9s), 200/200 VUs, 2168 complete and 0 interrupted iterations
concurrency   [  97% ] 200/200 VUs  09m40.9s/10m00.0s

running (09m41.9s), 200/200 VUs, 2168 complete and 0 interrupted iterations
concurrency   [  97% ] 200/200 VUs  09m41.9s/10m00.0s

running (09m42.9s), 200/200 VUs, 2173 complete and 0 interrupted iterations
concurrency   [  97% ] 200/200 VUs  09m42.9s/10m00.0s

running (09m43.9s), 200/200 VUs, 2173 complete and 0 interrupted iterations
concurrency   [  97% ] 200/200 VUs  09m43.9s/10m00.0s

running (09m44.9s), 200/200 VUs, 2175 complete and 0 interrupted iterations
concurrency   [  97% ] 200/200 VUs  09m44.9s/10m00.0s

running (09m45.9s), 200/200 VUs, 2192 complete and 0 interrupted iterations
concurrency   [  98% ] 200/200 VUs  09m45.9s/10m00.0s

running (09m46.9s), 200/200 VUs, 2205 complete and 0 interrupted iterations
concurrency   [  98% ] 200/200 VUs  09m46.9s/10m00.0s

running (09m47.9s), 200/200 VUs, 2209 complete and 0 interrupted iterations
concurrency   [  98% ] 200/200 VUs  09m47.9s/10m00.0s

running (09m48.9s), 200/200 VUs, 2222 complete and 0 interrupted iterations
concurrency   [  98% ] 200/200 VUs  09m48.9s/10m00.0s

running (09m49.9s), 200/200 VUs, 2230 complete and 0 interrupted iterations
concurrency   [  98% ] 200/200 VUs  09m49.9s/10m00.0s

running (09m50.9s), 200/200 VUs, 2237 complete and 0 interrupted iterations
concurrency   [  98% ] 200/200 VUs  09m50.9s/10m00.0s

running (09m51.9s), 200/200 VUs, 2237 complete and 0 interrupted iterations
concurrency   [  99% ] 200/200 VUs  09m51.9s/10m00.0s

running (09m52.9s), 200/200 VUs, 2237 complete and 0 interrupted iterations
concurrency   [  99% ] 200/200 VUs  09m52.9s/10m00.0s

running (09m53.9s), 200/200 VUs, 2239 complete and 0 interrupted iterations
concurrency   [  99% ] 200/200 VUs  09m53.9s/10m00.0s

running (09m54.9s), 200/200 VUs, 2266 complete and 0 interrupted iterations
concurrency   [  99% ] 200/200 VUs  09m54.9s/10m00.0s

running (09m55.9s), 200/200 VUs, 2266 complete and 0 interrupted iterations
concurrency   [  99% ] 200/200 VUs  09m55.9s/10m00.0s

running (09m56.9s), 200/200 VUs, 2266 complete and 0 interrupted iterations
concurrency   [  99% ] 200/200 VUs  09m56.9s/10m00.0s

running (09m57.9s), 200/200 VUs, 2267 complete and 0 interrupted iterations
concurrency   [ 100% ] 200/200 VUs  09m57.9s/10m00.0s

running (09m58.9s), 200/200 VUs, 2271 complete and 0 interrupted iterations
concurrency   [ 100% ] 200/200 VUs  09m58.9s/10m00.0s

running (09m59.9s), 200/200 VUs, 2271 complete and 0 interrupted iterations
concurrency   [ 100% ] 200/200 VUs  09m59.9s/10m00.0s

running (10m00.9s), 194/200 VUs, 2277 complete and 0 interrupted iterations
concurrency ↓ [ 100% ] 200/200 VUs  10m0s

running (10m01.9s), 187/200 VUs, 2284 complete and 0 interrupted iterations
concurrency ↓ [ 100% ] 200/200 VUs  10m0s

running (10m02.9s), 170/200 VUs, 2301 complete and 0 interrupted iterations
concurrency ↓ [ 100% ] 200/200 VUs  10m0s

running (10m03.9s), 170/200 VUs, 2301 complete and 0 interrupted iterations
concurrency ↓ [ 100% ] 200/200 VUs  10m0s

running (10m04.9s), 158/200 VUs, 2313 complete and 0 interrupted iterations
concurrency ↓ [ 100% ] 200/200 VUs  10m0s

running (10m05.9s), 158/200 VUs, 2313 complete and 0 interrupted iterations
concurrency ↓ [ 100% ] 200/200 VUs  10m0s

running (10m06.9s), 158/200 VUs, 2313 complete and 0 interrupted iterations
concurrency ↓ [ 100% ] 200/200 VUs  10m0s

running (10m07.9s), 157/200 VUs, 2314 complete and 0 interrupted iterations
concurrency ↓ [ 100% ] 200/200 VUs  10m0s

running (10m08.9s), 157/200 VUs, 2314 complete and 0 interrupted iterations
concurrency ↓ [ 100% ] 200/200 VUs  10m0s

running (10m09.9s), 157/200 VUs, 2314 complete and 0 interrupted iterations
concurrency ↓ [ 100% ] 200/200 VUs  10m0s

running (10m10.9s), 156/200 VUs, 2315 complete and 0 interrupted iterations
concurrency ↓ [ 100% ] 200/200 VUs  10m0s

running (10m11.9s), 146/200 VUs, 2325 complete and 0 interrupted iterations
concurrency ↓ [ 100% ] 200/200 VUs  10m0s

running (10m12.9s), 138/200 VUs, 2333 complete and 0 interrupted iterations
concurrency ↓ [ 100% ] 200/200 VUs  10m0s

running (10m13.9s), 137/200 VUs, 2334 complete and 0 interrupted iterations
concurrency ↓ [ 100% ] 200/200 VUs  10m0s

running (10m14.9s), 121/200 VUs, 2350 complete and 0 interrupted iterations
concurrency ↓ [ 100% ] 200/200 VUs  10m0s

running (10m15.9s), 100/200 VUs, 2371 complete and 0 interrupted iterations
concurrency ↓ [ 100% ] 200/200 VUs  10m0s

running (10m16.9s), 098/200 VUs, 2373 complete and 0 interrupted iterations
concurrency ↓ [ 100% ] 200/200 VUs  10m0s

running (10m17.9s), 098/200 VUs, 2373 complete and 0 interrupted iterations
concurrency ↓ [ 100% ] 200/200 VUs  10m0s

running (10m18.9s), 098/200 VUs, 2373 complete and 0 interrupted iterations
concurrency ↓ [ 100% ] 200/200 VUs  10m0s

running (10m19.9s), 098/200 VUs, 2373 complete and 0 interrupted iterations
concurrency ↓ [ 100% ] 200/200 VUs  10m0s

running (10m20.9s), 091/200 VUs, 2380 complete and 0 interrupted iterations
concurrency ↓ [ 100% ] 200/200 VUs  10m0s

running (10m21.9s), 083/200 VUs, 2388 complete and 0 interrupted iterations
concurrency ↓ [ 100% ] 200/200 VUs  10m0s

running (10m22.9s), 078/200 VUs, 2393 complete and 0 interrupted iterations
concurrency ↓ [ 100% ] 200/200 VUs  10m0s

running (10m23.9s), 063/200 VUs, 2408 complete and 0 interrupted iterations
concurrency ↓ [ 100% ] 200/200 VUs  10m0s

running (10m24.9s), 049/200 VUs, 2422 complete and 0 interrupted iterations
concurrency ↓ [ 100% ] 200/200 VUs  10m0s

running (10m25.9s), 049/200 VUs, 2422 complete and 0 interrupted iterations
concurrency ↓ [ 100% ] 200/200 VUs  10m0s

running (10m26.9s), 049/200 VUs, 2422 complete and 0 interrupted iterations
concurrency ↓ [ 100% ] 200/200 VUs  10m0s

running (10m27.9s), 046/200 VUs, 2425 complete and 0 interrupted iterations
concurrency ↓ [ 100% ] 200/200 VUs  10m0s

running (10m28.9s), 031/200 VUs, 2440 complete and 0 interrupted iterations
concurrency ↓ [ 100% ] 200/200 VUs  10m0s

running (10m29.9s), 024/200 VUs, 2447 complete and 0 interrupted iterations
concurrency ↓ [ 100% ] 200/200 VUs  10m0s

================ DSP benchmark summary ================
-- per-phase latency --
  catalog                    p50=116.3 ms  p95=431.8 ms  p99=645.5 ms  max=922.8 ms  n=2471
  negotiation init (POST)    p50=9.8 ms  p95=110.8 ms  p99=138.6 ms  max=282.7 ms  n=2471
  time-to-AGREED (async)     p50=4301.0 ms  p95=6604.5 ms  p99=7043.2 ms  max=7590.0 ms  n=2471
  transfer init (POST)       p50=72.8 ms  p95=167.0 ms  p99=223.7 ms  max=332.0 ms  n=2471
  time-to-EDR (async)        p50=11364.5 ms  p95=28347.3 ms  p99=29435.3 ms  max=30057.0 ms  n=1556
  data pull                  p50=25.7 ms  p95=45.6 ms  p99=49.4 ms  max=319.5 ms  n=1556
-- end-to-end + throughput --
  e2e transaction            p50=15758.5 ms  p95=33930.3 ms  p99=35789.8 ms  max=36891.0 ms  n=1556
  data throughput (MB/s)     p50=0.2  p95=0.2  p99=0.2  max=0.3  n=1556
-- outcomes --
  transactions succeeded     count=1556  rate=2.470/s
  transactions failed        count=891  rate=1.414/s
  failed rate                rate=36.41%  (pass=891 fail=1556)
-- observer effect (poll load) --
  negotiation polls          count=43616  rate=69.230/s
  edr polls                  count=188391  rate=299.028/s
=======================================================
(full summary -> /home/rohitj/edc/benchmarking-factoryx-edc/resources/local-fx-mvd/k6-scripts/results/factoryx/concurrency-closed/2026-07-29T16-52-44Z/k6-summary.json; POLL_INTERVAL_MS=250; IDENTITY_MODE=on)

running (10m30.0s), 000/200 VUs, 2447 complete and 24 interrupted iterations
concurrency ✓ [ 100% ] 016/200 VUs  10m0s
Prometheus snapshot [1785344029..1785344674] svc=(provider-controlplane|provider-dataplane|consumer-controlplane|consumer-dataplane) win=1m -> /home/rohitj/edc/benchmarking-factoryx-edc/resources/local-fx-mvd/k6-scripts/results/factoryx/concurrency-closed/2026-07-29T16-52-44Z
  jvm-heap.csv (520 rows)
  jvm-gc-rate.csv (520 rows)
  jvm-threads.csv (520 rows)
  http-throughput.csv (520 rows)
  http-p95.csv (520 rows)
  http-errors.csv (260 rows)
  host-cpu-busy.csv (130 rows)
  host-mem-used.csv (130 rows)
>>> done: /home/rohitj/edc/benchmarking-factoryx-edc/resources/local-fx-mvd/k6-scripts/results/factoryx/concurrency-closed/2026-07-29T16-52-44Z  (k6 exit 0)
----- factoryx / smoke (rep 2) -----
>>> factoryx / smoke  ->  /home/rohitj/edc/benchmarking-factoryx-edc/resources/local-fx-mvd/k6-scripts/results/factoryx/smoke/2026-07-29T17-04-35Z
parity OK: lib/ + scenarios/ identical to /home/rohitj/edc/benchmarking-factoryx-edc/resources/local-fx-mvd/k6-scripts
Health: http://localhost:29010/management + prometheus  OK
Warmup 60s @ 2/s (discarded)
  (warmup non-zero exit ignored)

         /\      Grafana   /‾‾/  
    /\  /  \     |\  __   /  /   
   /  \/    \    | |/ /  /   ‾‾\ 
  /          \   |   (  |  (‾)  |
 / __________ \  |_|\_\  \_____/ 


     execution: local
        script: /home/rohitj/edc/benchmarking-factoryx-edc/resources/local-fx-mvd/k6-scripts/scenarios/smoke.js
        output: -

     scenarios: (100.00%) 1 scenario, 1 max VUs, 5m30s max duration (incl. graceful stop):
              * smoke: 5 iterations for each of 1 VUs (maxDuration: 5m0s, gracefulStop: 30s)


running (0m01.0s), 1/1 VUs, 0 complete and 0 interrupted iterations
smoke   [   0% ] 1 VUs  0m01.0s/5m0s  0/5 iters, 5 per VU

running (0m02.0s), 1/1 VUs, 0 complete and 0 interrupted iterations
smoke   [   0% ] 1 VUs  0m02.0s/5m0s  0/5 iters, 5 per VU

running (0m03.0s), 1/1 VUs, 0 complete and 0 interrupted iterations
smoke   [   0% ] 1 VUs  0m03.0s/5m0s  0/5 iters, 5 per VU

running (0m04.0s), 1/1 VUs, 0 complete and 0 interrupted iterations
smoke   [   0% ] 1 VUs  0m04.0s/5m0s  0/5 iters, 5 per VU

running (0m05.0s), 1/1 VUs, 1 complete and 0 interrupted iterations
smoke   [  20% ] 1 VUs  0m05.0s/5m0s  1/5 iters, 5 per VU

running (0m06.0s), 1/1 VUs, 1 complete and 0 interrupted iterations
smoke   [  20% ] 1 VUs  0m06.0s/5m0s  1/5 iters, 5 per VU

running (0m07.0s), 1/1 VUs, 1 complete and 0 interrupted iterations
smoke   [  20% ] 1 VUs  0m07.0s/5m0s  1/5 iters, 5 per VU

running (0m08.0s), 1/1 VUs, 1 complete and 0 interrupted iterations
smoke   [  20% ] 1 VUs  0m08.0s/5m0s  1/5 iters, 5 per VU

running (0m09.0s), 1/1 VUs, 2 complete and 0 interrupted iterations
smoke   [  40% ] 1 VUs  0m09.0s/5m0s  2/5 iters, 5 per VU

running (0m10.0s), 1/1 VUs, 2 complete and 0 interrupted iterations
smoke   [  40% ] 1 VUs  0m10.0s/5m0s  2/5 iters, 5 per VU

running (0m11.0s), 1/1 VUs, 2 complete and 0 interrupted iterations
smoke   [  40% ] 1 VUs  0m11.0s/5m0s  2/5 iters, 5 per VU

running (0m12.0s), 1/1 VUs, 2 complete and 0 interrupted iterations
smoke   [  40% ] 1 VUs  0m12.0s/5m0s  2/5 iters, 5 per VU

running (0m13.0s), 1/1 VUs, 3 complete and 0 interrupted iterations
smoke   [  60% ] 1 VUs  0m13.0s/5m0s  3/5 iters, 5 per VU

running (0m14.0s), 1/1 VUs, 3 complete and 0 interrupted iterations
smoke   [  60% ] 1 VUs  0m14.0s/5m0s  3/5 iters, 5 per VU

running (0m15.0s), 1/1 VUs, 3 complete and 0 interrupted iterations
smoke   [  60% ] 1 VUs  0m15.0s/5m0s  3/5 iters, 5 per VU

running (0m16.0s), 1/1 VUs, 3 complete and 0 interrupted iterations
smoke   [  60% ] 1 VUs  0m16.0s/5m0s  3/5 iters, 5 per VU

running (0m17.0s), 1/1 VUs, 4 complete and 0 interrupted iterations
smoke   [  80% ] 1 VUs  0m17.0s/5m0s  4/5 iters, 5 per VU

running (0m18.0s), 1/1 VUs, 4 complete and 0 interrupted iterations
smoke   [  80% ] 1 VUs  0m18.0s/5m0s  4/5 iters, 5 per VU

running (0m19.0s), 1/1 VUs, 4 complete and 0 interrupted iterations
smoke   [  80% ] 1 VUs  0m19.0s/5m0s  4/5 iters, 5 per VU

running (0m20.0s), 1/1 VUs, 4 complete and 0 interrupted iterations
smoke   [  80% ] 1 VUs  0m20.0s/5m0s  4/5 iters, 5 per VU

running (0m21.0s), 1/1 VUs, 4 complete and 0 interrupted iterations
smoke   [  80% ] 1 VUs  0m21.0s/5m0s  4/5 iters, 5 per VU

================ DSP benchmark summary ================
-- per-phase latency --
  catalog                    p50=81.8 ms  p95=94.1 ms  p99=96.0 ms  max=96.4 ms  n=5
  negotiation init (POST)    p50=6.7 ms  p95=7.3 ms  p99=7.3 ms  max=7.3 ms  n=5
  time-to-AGREED (async)     p50=2547.0 ms  p95=2802.0 ms  p99=2802.8 ms  max=2803.0 ms  n=5
  transfer init (POST)       p50=32.9 ms  p95=104.9 ms  p99=106.3 ms  max=106.6 ms  n=5
  time-to-EDR (async)        p50=1527.0 ms  p95=1731.8 ms  p99=1772.0 ms  max=1782.0 ms  n=5
  data pull                  p50=26.2 ms  p95=26.7 ms  p99=26.8 ms  max=26.8 ms  n=5
-- end-to-end + throughput --
  e2e transaction            p50=4296.0 ms  p95=4468.6 ms  p99=4473.7 ms  max=4475.0 ms  n=5
  data throughput (MB/s)     p50=0.2  p95=0.2  p99=0.2  max=0.2  n=5
-- outcomes --
  transactions succeeded     count=5  rate=0.233/s
  transactions failed        (no data)
  failed rate                rate=0.00%  (pass=0 fail=5)
-- observer effect (poll load) --
  negotiation polls          count=57  rate=2.656/s
  edr polls                  count=34  rate=1.584/s
=======================================================
(full summary -> /home/rohitj/edc/benchmarking-factoryx-edc/resources/local-fx-mvd/k6-scripts/results/factoryx/smoke/2026-07-29T17-04-35Z/k6-summary.json; POLL_INTERVAL_MS=250; IDENTITY_MODE=on)

running (0m21.5s), 0/1 VUs, 5 complete and 0 interrupted iterations
smoke ✓ [ 100% ] 1 VUs  0m21.4s/5m0s  5/5 iters, 5 per VU
Prometheus snapshot [1785344739..1785344776] svc=(provider-controlplane|provider-dataplane|consumer-controlplane|consumer-dataplane) win=1m -> /home/rohitj/edc/benchmarking-factoryx-edc/resources/local-fx-mvd/k6-scripts/results/factoryx/smoke/2026-07-29T17-04-35Z
  jvm-heap.csv (32 rows)
  jvm-gc-rate.csv (32 rows)
  jvm-threads.csv (32 rows)
  http-throughput.csv (32 rows)
  http-p95.csv (32 rows)
  http-errors.csv (16 rows)
  host-cpu-busy.csv (8 rows)
  host-mem-used.csv (8 rows)
>>> done: /home/rohitj/edc/benchmarking-factoryx-edc/resources/local-fx-mvd/k6-scripts/results/factoryx/smoke/2026-07-29T17-04-35Z  (k6 exit 0)
----- factoryx / concurrency-closed (rep 3) -----
>>> factoryx / concurrency-closed  ->  /home/rohitj/edc/benchmarking-factoryx-edc/resources/local-fx-mvd/k6-scripts/results/factoryx/concurrency-closed/2026-07-29T17-06-16Z
parity OK: lib/ + scenarios/ identical to /home/rohitj/edc/benchmarking-factoryx-edc/resources/local-fx-mvd/k6-scripts
Health: http://localhost:29010/management + prometheus  OK
Warmup 60s @ 2/s (discarded)

         /\      Grafana   /‾‾/  
    /\  /  \     |\  __   /  /   
   /  \/    \    | |/ /  /   ‾‾\ 
  /          \   |   (  |  (‾)  |
 / __________ \  |_|\_\  \_____/ 


     execution: local
        script: /home/rohitj/edc/benchmarking-factoryx-edc/resources/local-fx-mvd/k6-scripts/scenarios/concurrency-closed.js
        output: -

     scenarios: (100.00%) 1 scenario, 200 max VUs, 10m30s max duration (incl. graceful stop):
              * concurrency: Up to 200 looping VUs for 10m0s over 5 stages (gracefulRampDown: 30s, gracefulStop: 30s)


running (00m01.0s), 001/200 VUs, 0 complete and 0 interrupted iterations
concurrency   [   0% ] 001/200 VUs  00m00.9s/10m00.0s

running (00m02.0s), 001/200 VUs, 0 complete and 0 interrupted iterations
concurrency   [   0% ] 001/200 VUs  00m01.9s/10m00.0s

running (00m03.0s), 001/200 VUs, 0 complete and 0 interrupted iterations
concurrency   [   0% ] 001/200 VUs  00m02.9s/10m00.0s

running (00m04.0s), 001/200 VUs, 0 complete and 0 interrupted iterations
concurrency   [   1% ] 001/200 VUs  00m03.9s/10m00.0s

running (00m05.0s), 001/200 VUs, 1 complete and 0 interrupted iterations
concurrency   [   1% ] 001/200 VUs  00m04.9s/10m00.0s

running (00m06.0s), 001/200 VUs, 1 complete and 0 interrupted iterations
concurrency   [   1% ] 001/200 VUs  00m05.9s/10m00.0s

running (00m07.0s), 001/200 VUs, 1 complete and 0 interrupted iterations
concurrency   [   1% ] 001/200 VUs  00m06.9s/10m00.0s

running (00m08.0s), 001/200 VUs, 1 complete and 0 interrupted iterations
concurrency   [   1% ] 001/200 VUs  00m07.9s/10m00.0s

running (00m09.0s), 001/200 VUs, 2 complete and 0 interrupted iterations
concurrency   [   1% ] 001/200 VUs  00m08.9s/10m00.0s

running (00m10.0s), 001/200 VUs, 2 complete and 0 interrupted iterations
concurrency   [   2% ] 001/200 VUs  00m09.9s/10m00.0s

running (00m11.0s), 001/200 VUs, 2 complete and 0 interrupted iterations
concurrency   [   2% ] 001/200 VUs  00m10.9s/10m00.0s

running (00m12.0s), 001/200 VUs, 2 complete and 0 interrupted iterations
concurrency   [   2% ] 001/200 VUs  00m11.9s/10m00.0s

running (00m13.0s), 001/200 VUs, 3 complete and 0 interrupted iterations
concurrency   [   2% ] 001/200 VUs  00m12.9s/10m00.0s

running (00m14.0s), 002/200 VUs, 3 complete and 0 interrupted iterations
concurrency   [   2% ] 002/200 VUs  00m13.9s/10m00.0s

running (00m15.0s), 002/200 VUs, 3 complete and 0 interrupted iterations
concurrency   [   2% ] 002/200 VUs  00m14.9s/10m00.0s

running (00m16.0s), 002/200 VUs, 3 complete and 0 interrupted iterations
concurrency   [   3% ] 002/200 VUs  00m15.9s/10m00.0s

running (00m17.0s), 002/200 VUs, 4 complete and 0 interrupted iterations
concurrency   [   3% ] 002/200 VUs  00m16.9s/10m00.0s

running (00m18.0s), 002/200 VUs, 4 complete and 0 interrupted iterations
concurrency   [   3% ] 002/200 VUs  00m17.9s/10m00.0s

running (00m19.0s), 002/200 VUs, 5 complete and 0 interrupted iterations
concurrency   [   3% ] 002/200 VUs  00m18.9s/10m00.0s

running (00m20.0s), 002/200 VUs, 5 complete and 0 interrupted iterations
concurrency   [   3% ] 002/200 VUs  00m19.9s/10m00.0s

running (00m21.0s), 002/200 VUs, 5 complete and 0 interrupted iterations
concurrency   [   3% ] 002/200 VUs  00m20.9s/10m00.0s

running (00m22.0s), 002/200 VUs, 6 complete and 0 interrupted iterations
concurrency   [   4% ] 002/200 VUs  00m21.9s/10m00.0s

running (00m23.0s), 002/200 VUs, 7 complete and 0 interrupted iterations
concurrency   [   4% ] 002/200 VUs  00m22.9s/10m00.0s

running (00m24.0s), 002/200 VUs, 7 complete and 0 interrupted iterations
concurrency   [   4% ] 002/200 VUs  00m23.9s/10m00.0s

running (00m25.0s), 002/200 VUs, 7 complete and 0 interrupted iterations
concurrency   [   4% ] 002/200 VUs  00m24.9s/10m00.0s

running (00m26.0s), 002/200 VUs, 7 complete and 0 interrupted iterations
concurrency   [   4% ] 002/200 VUs  00m25.9s/10m00.0s

running (00m27.0s), 003/200 VUs, 9 complete and 0 interrupted iterations
concurrency   [   4% ] 003/200 VUs  00m26.9s/10m00.0s

running (00m28.0s), 003/200 VUs, 9 complete and 0 interrupted iterations
concurrency   [   5% ] 003/200 VUs  00m27.9s/10m00.0s

running (00m29.0s), 003/200 VUs, 9 complete and 0 interrupted iterations
concurrency   [   5% ] 003/200 VUs  00m28.9s/10m00.0s

running (00m30.0s), 003/200 VUs, 10 complete and 0 interrupted iterations
concurrency   [   5% ] 003/200 VUs  00m29.9s/10m00.0s

running (00m31.0s), 003/200 VUs, 11 complete and 0 interrupted iterations
concurrency   [   5% ] 003/200 VUs  00m30.9s/10m00.0s

running (00m32.0s), 003/200 VUs, 12 complete and 0 interrupted iterations
concurrency   [   5% ] 003/200 VUs  00m31.9s/10m00.0s

running (00m33.0s), 003/200 VUs, 12 complete and 0 interrupted iterations
concurrency   [   5% ] 003/200 VUs  00m32.9s/10m00.0s

running (00m34.0s), 003/200 VUs, 12 complete and 0 interrupted iterations
concurrency   [   6% ] 003/200 VUs  00m33.9s/10m00.0s

running (00m35.0s), 003/200 VUs, 13 complete and 0 interrupted iterations
concurrency   [   6% ] 003/200 VUs  00m34.9s/10m00.0s

running (00m36.0s), 003/200 VUs, 15 complete and 0 interrupted iterations
concurrency   [   6% ] 003/200 VUs  00m35.9s/10m00.0s

running (00m37.0s), 003/200 VUs, 15 complete and 0 interrupted iterations
concurrency   [   6% ] 003/200 VUs  00m36.9s/10m00.0s

running (00m38.0s), 003/200 VUs, 15 complete and 0 interrupted iterations
concurrency   [   6% ] 003/200 VUs  00m37.9s/10m00.0s

running (00m39.0s), 003/200 VUs, 15 complete and 0 interrupted iterations
concurrency   [   6% ] 003/200 VUs  00m38.9s/10m00.0s

running (00m40.0s), 003/200 VUs, 16 complete and 0 interrupted iterations
concurrency   [   7% ] 003/200 VUs  00m39.9s/10m00.0s

running (00m41.0s), 004/200 VUs, 18 complete and 0 interrupted iterations
concurrency   [   7% ] 004/200 VUs  00m40.9s/10m00.0s

running (00m42.0s), 004/200 VUs, 18 complete and 0 interrupted iterations
concurrency   [   7% ] 004/200 VUs  00m41.9s/10m00.0s

running (00m43.0s), 004/200 VUs, 18 complete and 0 interrupted iterations
concurrency   [   7% ] 004/200 VUs  00m42.9s/10m00.0s

running (00m44.0s), 004/200 VUs, 19 complete and 0 interrupted iterations
concurrency   [   7% ] 004/200 VUs  00m43.9s/10m00.0s

running (00m45.0s), 004/200 VUs, 19 complete and 0 interrupted iterations
concurrency   [   7% ] 004/200 VUs  00m44.9s/10m00.0s

running (00m46.0s), 004/200 VUs, 22 complete and 0 interrupted iterations
concurrency   [   8% ] 004/200 VUs  00m45.9s/10m00.0s

running (00m47.0s), 004/200 VUs, 22 complete and 0 interrupted iterations
concurrency   [   8% ] 004/200 VUs  00m46.9s/10m00.0s

running (00m48.0s), 004/200 VUs, 23 complete and 0 interrupted iterations
concurrency   [   8% ] 004/200 VUs  00m47.9s/10m00.0s

running (00m49.0s), 004/200 VUs, 23 complete and 0 interrupted iterations
concurrency   [   8% ] 004/200 VUs  00m48.9s/10m00.0s

running (00m50.0s), 004/200 VUs, 23 complete and 0 interrupted iterations
concurrency   [   8% ] 004/200 VUs  00m49.9s/10m00.0s

running (00m51.0s), 004/200 VUs, 26 complete and 0 interrupted iterations
concurrency   [   8% ] 004/200 VUs  00m50.9s/10m00.0s

running (00m52.0s), 004/200 VUs, 27 complete and 0 interrupted iterations
concurrency   [   9% ] 004/200 VUs  00m51.9s/10m00.0s

running (00m53.0s), 004/200 VUs, 27 complete and 0 interrupted iterations
concurrency   [   9% ] 004/200 VUs  00m52.9s/10m00.0s

running (00m54.0s), 005/200 VUs, 27 complete and 0 interrupted iterations
concurrency   [   9% ] 005/200 VUs  00m53.9s/10m00.0s

running (00m55.0s), 005/200 VUs, 27 complete and 0 interrupted iterations
concurrency   [   9% ] 005/200 VUs  00m54.9s/10m00.0s

running (00m56.0s), 005/200 VUs, 30 complete and 0 interrupted iterations
concurrency   [   9% ] 005/200 VUs  00m55.9s/10m00.0s

running (00m57.0s), 005/200 VUs, 31 complete and 0 interrupted iterations
concurrency   [   9% ] 005/200 VUs  00m56.9s/10m00.0s

running (00m58.0s), 005/200 VUs, 32 complete and 0 interrupted iterations
concurrency   [  10% ] 005/200 VUs  00m57.9s/10m00.0s

running (00m59.0s), 005/200 VUs, 32 complete and 0 interrupted iterations
concurrency   [  10% ] 005/200 VUs  00m58.9s/10m00.0s

running (01m00.0s), 005/200 VUs, 32 complete and 0 interrupted iterations
concurrency   [  10% ] 005/200 VUs  00m59.9s/10m00.0s

running (01m01.0s), 005/200 VUs, 36 complete and 0 interrupted iterations
concurrency   [  10% ] 005/200 VUs  01m00.9s/10m00.0s

running (01m02.0s), 005/200 VUs, 37 complete and 0 interrupted iterations
concurrency   [  10% ] 005/200 VUs  01m01.9s/10m00.0s

running (01m03.0s), 005/200 VUs, 37 complete and 0 interrupted iterations
concurrency   [  10% ] 005/200 VUs  01m02.9s/10m00.0s

running (01m04.0s), 005/200 VUs, 37 complete and 0 interrupted iterations
concurrency   [  11% ] 005/200 VUs  01m03.9s/10m00.0s

running (01m05.0s), 005/200 VUs, 40 complete and 0 interrupted iterations
concurrency   [  11% ] 005/200 VUs  01m04.9s/10m00.0s

running (01m06.0s), 005/200 VUs, 40 complete and 0 interrupted iterations
concurrency   [  11% ] 005/200 VUs  01m05.9s/10m00.0s

running (01m07.0s), 006/200 VUs, 42 complete and 0 interrupted iterations
concurrency   [  11% ] 006/200 VUs  01m06.9s/10m00.0s

running (01m08.0s), 006/200 VUs, 42 complete and 0 interrupted iterations
concurrency   [  11% ] 006/200 VUs  01m07.9s/10m00.0s

running (01m09.0s), 006/200 VUs, 42 complete and 0 interrupted iterations
concurrency   [  11% ] 006/200 VUs  01m08.9s/10m00.0s

running (01m10.0s), 006/200 VUs, 45 complete and 0 interrupted iterations
concurrency   [  12% ] 006/200 VUs  01m09.9s/10m00.0s

running (01m11.0s), 006/200 VUs, 47 complete and 0 interrupted iterations
concurrency   [  12% ] 006/200 VUs  01m10.9s/10m00.0s

running (01m12.0s), 006/200 VUs, 48 complete and 0 interrupted iterations
concurrency   [  12% ] 006/200 VUs  01m11.9s/10m00.0s

running (01m13.0s), 006/200 VUs, 48 complete and 0 interrupted iterations
concurrency   [  12% ] 006/200 VUs  01m12.9s/10m00.0s

running (01m14.0s), 006/200 VUs, 48 complete and 0 interrupted iterations
concurrency   [  12% ] 006/200 VUs  01m13.9s/10m00.0s

running (01m15.0s), 006/200 VUs, 48 complete and 0 interrupted iterations
concurrency   [  12% ] 006/200 VUs  01m14.9s/10m00.0s

running (01m16.0s), 006/200 VUs, 48 complete and 0 interrupted iterations
concurrency   [  13% ] 006/200 VUs  01m15.9s/10m00.0s

running (01m17.0s), 006/200 VUs, 54 complete and 0 interrupted iterations
concurrency   [  13% ] 006/200 VUs  01m16.9s/10m00.0s

running (01m18.0s), 006/200 VUs, 54 complete and 0 interrupted iterations
concurrency   [  13% ] 006/200 VUs  01m17.9s/10m00.0s

running (01m19.0s), 006/200 VUs, 54 complete and 0 interrupted iterations
concurrency   [  13% ] 006/200 VUs  01m18.9s/10m00.0s

running (01m20.0s), 006/200 VUs, 54 complete and 0 interrupted iterations
concurrency   [  13% ] 006/200 VUs  01m19.9s/10m00.0s

running (01m21.0s), 007/200 VUs, 54 complete and 0 interrupted iterations
concurrency   [  13% ] 007/200 VUs  01m20.9s/10m00.0s

running (01m22.0s), 007/200 VUs, 59 complete and 0 interrupted iterations
concurrency   [  14% ] 007/200 VUs  01m21.9s/10m00.0s

running (01m23.0s), 007/200 VUs, 60 complete and 0 interrupted iterations
concurrency   [  14% ] 007/200 VUs  01m22.9s/10m00.0s

running (01m24.0s), 007/200 VUs, 61 complete and 0 interrupted iterations
concurrency   [  14% ] 007/200 VUs  01m23.9s/10m00.0s

running (01m25.0s), 007/200 VUs, 61 complete and 0 interrupted iterations
concurrency   [  14% ] 007/200 VUs  01m24.9s/10m00.0s

running (01m26.0s), 007/200 VUs, 64 complete and 0 interrupted iterations
concurrency   [  14% ] 007/200 VUs  01m25.9s/10m00.0s

running (01m27.0s), 007/200 VUs, 66 complete and 0 interrupted iterations
concurrency   [  14% ] 007/200 VUs  01m26.9s/10m00.0s

running (01m28.0s), 007/200 VUs, 67 complete and 0 interrupted iterations
concurrency   [  15% ] 007/200 VUs  01m27.9s/10m00.0s

running (01m29.0s), 007/200 VUs, 68 complete and 0 interrupted iterations
concurrency   [  15% ] 007/200 VUs  01m28.9s/10m00.0s

running (01m30.0s), 007/200 VUs, 68 complete and 0 interrupted iterations
concurrency   [  15% ] 007/200 VUs  01m29.9s/10m00.0s

running (01m31.0s), 007/200 VUs, 68 complete and 0 interrupted iterations
concurrency   [  15% ] 007/200 VUs  01m30.9s/10m00.0s

running (01m32.0s), 007/200 VUs, 71 complete and 0 interrupted iterations
concurrency   [  15% ] 007/200 VUs  01m31.9s/10m00.0s

running (01m33.0s), 007/200 VUs, 75 complete and 0 interrupted iterations
concurrency   [  15% ] 007/200 VUs  01m32.9s/10m00.0s

running (01m34.0s), 008/200 VUs, 75 complete and 0 interrupted iterations
concurrency   [  16% ] 008/200 VUs  01m33.9s/10m00.0s

running (01m35.0s), 008/200 VUs, 75 complete and 0 interrupted iterations
concurrency   [  16% ] 008/200 VUs  01m34.9s/10m00.0s

running (01m36.0s), 008/200 VUs, 76 complete and 0 interrupted iterations
concurrency   [  16% ] 008/200 VUs  01m35.9s/10m00.0s

running (01m37.0s), 008/200 VUs, 76 complete and 0 interrupted iterations
concurrency   [  16% ] 008/200 VUs  01m36.9s/10m00.0s

running (01m38.0s), 008/200 VUs, 80 complete and 0 interrupted iterations
concurrency   [  16% ] 008/200 VUs  01m37.9s/10m00.0s

running (01m39.0s), 008/200 VUs, 83 complete and 0 interrupted iterations
concurrency   [  16% ] 008/200 VUs  01m38.9s/10m00.0s

running (01m40.0s), 008/200 VUs, 83 complete and 0 interrupted iterations
concurrency   [  17% ] 008/200 VUs  01m39.9s/10m00.0s

running (01m41.0s), 008/200 VUs, 83 complete and 0 interrupted iterations
concurrency   [  17% ] 008/200 VUs  01m40.9s/10m00.0s

running (01m42.0s), 008/200 VUs, 84 complete and 0 interrupted iterations
concurrency   [  17% ] 008/200 VUs  01m41.9s/10m00.0s

running (01m43.0s), 008/200 VUs, 86 complete and 0 interrupted iterations
concurrency   [  17% ] 008/200 VUs  01m42.9s/10m00.0s

running (01m44.0s), 008/200 VUs, 86 complete and 0 interrupted iterations
concurrency   [  17% ] 008/200 VUs  01m43.9s/10m00.0s

running (01m45.0s), 008/200 VUs, 88 complete and 0 interrupted iterations
concurrency   [  17% ] 008/200 VUs  01m44.9s/10m00.0s

running (01m46.0s), 008/200 VUs, 92 complete and 0 interrupted iterations
concurrency   [  18% ] 008/200 VUs  01m45.9s/10m00.0s

running (01m47.0s), 009/200 VUs, 92 complete and 0 interrupted iterations
concurrency   [  18% ] 009/200 VUs  01m46.9s/10m00.0s

running (01m48.0s), 009/200 VUs, 94 complete and 0 interrupted iterations
concurrency   [  18% ] 009/200 VUs  01m47.9s/10m00.0s

running (01m49.0s), 009/200 VUs, 94 complete and 0 interrupted iterations
concurrency   [  18% ] 009/200 VUs  01m48.9s/10m00.0s

running (01m50.0s), 009/200 VUs, 95 complete and 0 interrupted iterations
concurrency   [  18% ] 009/200 VUs  01m49.9s/10m00.0s

running (01m51.0s), 009/200 VUs, 100 complete and 0 interrupted iterations
concurrency   [  18% ] 009/200 VUs  01m50.9s/10m00.0s

running (01m52.0s), 009/200 VUs, 101 complete and 0 interrupted iterations
concurrency   [  19% ] 009/200 VUs  01m51.9s/10m00.0s

running (01m53.0s), 009/200 VUs, 103 complete and 0 interrupted iterations
concurrency   [  19% ] 009/200 VUs  01m52.9s/10m00.0s

running (01m54.0s), 009/200 VUs, 103 complete and 0 interrupted iterations
concurrency   [  19% ] 009/200 VUs  01m53.9s/10m00.0s

running (01m55.0s), 009/200 VUs, 105 complete and 0 interrupted iterations
concurrency   [  19% ] 009/200 VUs  01m54.9s/10m00.0s

running (01m56.0s), 009/200 VUs, 108 complete and 0 interrupted iterations
concurrency   [  19% ] 009/200 VUs  01m55.9s/10m00.0s

running (01m57.0s), 009/200 VUs, 110 complete and 0 interrupted iterations
concurrency   [  19% ] 009/200 VUs  01m56.9s/10m00.0s

running (01m58.0s), 009/200 VUs, 112 complete and 0 interrupted iterations
concurrency   [  20% ] 009/200 VUs  01m57.9s/10m00.0s

running (01m59.0s), 009/200 VUs, 112 complete and 0 interrupted iterations
concurrency   [  20% ] 009/200 VUs  01m58.9s/10m00.0s

running (02m00.0s), 009/200 VUs, 112 complete and 0 interrupted iterations
concurrency   [  20% ] 009/200 VUs  01m59.9s/10m00.0s

running (02m01.0s), 010/200 VUs, 112 complete and 0 interrupted iterations
concurrency   [  20% ] 010/200 VUs  02m00.9s/10m00.0s

running (02m02.0s), 010/200 VUs, 119 complete and 0 interrupted iterations
concurrency   [  20% ] 010/200 VUs  02m01.9s/10m00.0s

running (02m03.0s), 010/200 VUs, 121 complete and 0 interrupted iterations
concurrency   [  20% ] 010/200 VUs  02m02.9s/10m00.0s

running (02m04.0s), 011/200 VUs, 121 complete and 0 interrupted iterations
concurrency   [  21% ] 011/200 VUs  02m03.9s/10m00.0s

running (02m05.0s), 011/200 VUs, 121 complete and 0 interrupted iterations
concurrency   [  21% ] 011/200 VUs  02m04.9s/10m00.0s

running (02m06.0s), 011/200 VUs, 123 complete and 0 interrupted iterations
concurrency   [  21% ] 011/200 VUs  02m05.9s/10m00.0s

running (02m07.0s), 012/200 VUs, 124 complete and 0 interrupted iterations
concurrency   [  21% ] 012/200 VUs  02m06.9s/10m00.0s

running (02m08.0s), 012/200 VUs, 127 complete and 0 interrupted iterations
concurrency   [  21% ] 012/200 VUs  02m07.9s/10m00.0s

running (02m09.0s), 012/200 VUs, 132 complete and 0 interrupted iterations
concurrency   [  21% ] 012/200 VUs  02m08.9s/10m00.0s

running (02m10.0s), 013/200 VUs, 132 complete and 0 interrupted iterations
concurrency   [  22% ] 013/200 VUs  02m09.9s/10m00.0s

running (02m11.0s), 013/200 VUs, 132 complete and 0 interrupted iterations
concurrency   [  22% ] 013/200 VUs  02m10.9s/10m00.0s

running (02m12.0s), 013/200 VUs, 136 complete and 0 interrupted iterations
concurrency   [  22% ] 013/200 VUs  02m11.9s/10m00.0s

running (02m13.0s), 014/200 VUs, 136 complete and 0 interrupted iterations
concurrency   [  22% ] 014/200 VUs  02m12.9s/10m00.0s

running (02m14.0s), 014/200 VUs, 136 complete and 0 interrupted iterations
concurrency   [  22% ] 014/200 VUs  02m13.9s/10m00.0s

running (02m15.0s), 014/200 VUs, 141 complete and 0 interrupted iterations
concurrency   [  22% ] 014/200 VUs  02m14.9s/10m00.0s

running (02m16.0s), 015/200 VUs, 145 complete and 0 interrupted iterations
concurrency   [  23% ] 015/200 VUs  02m15.9s/10m00.0s

running (02m17.0s), 015/200 VUs, 145 complete and 0 interrupted iterations
concurrency   [  23% ] 015/200 VUs  02m16.9s/10m00.0s

running (02m18.0s), 015/200 VUs, 146 complete and 0 interrupted iterations
concurrency   [  23% ] 015/200 VUs  02m17.9s/10m00.0s

running (02m19.0s), 016/200 VUs, 150 complete and 0 interrupted iterations
concurrency   [  23% ] 016/200 VUs  02m18.9s/10m00.0s

running (02m20.0s), 016/200 VUs, 150 complete and 0 interrupted iterations
concurrency   [  23% ] 016/200 VUs  02m19.9s/10m00.0s

running (02m21.0s), 016/200 VUs, 150 complete and 0 interrupted iterations
concurrency   [  23% ] 016/200 VUs  02m20.9s/10m00.0s

running (02m22.0s), 017/200 VUs, 150 complete and 0 interrupted iterations
concurrency   [  24% ] 017/200 VUs  02m21.9s/10m00.0s

running (02m23.0s), 017/200 VUs, 150 complete and 0 interrupted iterations
concurrency   [  24% ] 017/200 VUs  02m22.9s/10m00.0s

running (02m24.0s), 017/200 VUs, 155 complete and 0 interrupted iterations
concurrency   [  24% ] 017/200 VUs  02m23.9s/10m00.0s

running (02m25.0s), 018/200 VUs, 160 complete and 0 interrupted iterations
concurrency   [  24% ] 018/200 VUs  02m24.9s/10m00.0s

running (02m26.0s), 018/200 VUs, 166 complete and 0 interrupted iterations
concurrency   [  24% ] 018/200 VUs  02m25.9s/10m00.0s

running (02m27.0s), 018/200 VUs, 167 complete and 0 interrupted iterations
concurrency   [  24% ] 018/200 VUs  02m26.9s/10m00.0s

running (02m28.0s), 019/200 VUs, 167 complete and 0 interrupted iterations
concurrency   [  25% ] 019/200 VUs  02m27.9s/10m00.0s

running (02m29.0s), 019/200 VUs, 167 complete and 0 interrupted iterations
concurrency   [  25% ] 019/200 VUs  02m28.9s/10m00.0s

running (02m30.0s), 019/200 VUs, 167 complete and 0 interrupted iterations
concurrency   [  25% ] 019/200 VUs  02m29.9s/10m00.0s

running (02m31.0s), 020/200 VUs, 167 complete and 0 interrupted iterations
concurrency   [  25% ] 020/200 VUs  02m30.9s/10m00.0s

running (02m32.0s), 020/200 VUs, 176 complete and 0 interrupted iterations
concurrency   [  25% ] 020/200 VUs  02m31.9s/10m00.0s

running (02m33.0s), 020/200 VUs, 178 complete and 0 interrupted iterations
concurrency   [  25% ] 020/200 VUs  02m32.9s/10m00.0s

running (02m34.0s), 021/200 VUs, 186 complete and 0 interrupted iterations
concurrency   [  26% ] 021/200 VUs  02m33.9s/10m00.0s

running (02m35.0s), 021/200 VUs, 186 complete and 0 interrupted iterations
concurrency   [  26% ] 021/200 VUs  02m34.9s/10m00.0s

running (02m36.0s), 021/200 VUs, 187 complete and 0 interrupted iterations
concurrency   [  26% ] 021/200 VUs  02m35.9s/10m00.0s

running (02m37.0s), 022/200 VUs, 187 complete and 0 interrupted iterations
concurrency   [  26% ] 022/200 VUs  02m36.9s/10m00.0s

running (02m38.0s), 022/200 VUs, 188 complete and 0 interrupted iterations
concurrency   [  26% ] 022/200 VUs  02m37.9s/10m00.0s

running (02m39.0s), 022/200 VUs, 192 complete and 0 interrupted iterations
concurrency   [  26% ] 022/200 VUs  02m38.9s/10m00.0s

running (02m40.0s), 023/200 VUs, 198 complete and 0 interrupted iterations
concurrency   [  27% ] 023/200 VUs  02m39.9s/10m00.0s

running (02m41.0s), 023/200 VUs, 198 complete and 0 interrupted iterations
concurrency   [  27% ] 023/200 VUs  02m40.9s/10m00.0s

running (02m42.0s), 023/200 VUs, 198 complete and 0 interrupted iterations
concurrency   [  27% ] 023/200 VUs  02m41.9s/10m00.0s

running (02m43.0s), 024/200 VUs, 205 complete and 0 interrupted iterations
concurrency   [  27% ] 024/200 VUs  02m42.9s/10m00.0s

running (02m44.0s), 024/200 VUs, 209 complete and 0 interrupted iterations
concurrency   [  27% ] 024/200 VUs  02m43.9s/10m00.0s

running (02m45.0s), 024/200 VUs, 213 complete and 0 interrupted iterations
concurrency   [  27% ] 024/200 VUs  02m44.9s/10m00.0s

running (02m46.0s), 025/200 VUs, 214 complete and 0 interrupted iterations
concurrency   [  28% ] 025/200 VUs  02m45.9s/10m00.0s

running (02m47.0s), 025/200 VUs, 214 complete and 0 interrupted iterations
concurrency   [  28% ] 025/200 VUs  02m46.9s/10m00.0s

running (02m48.0s), 025/200 VUs, 217 complete and 0 interrupted iterations
concurrency   [  28% ] 025/200 VUs  02m47.9s/10m00.0s

running (02m49.0s), 026/200 VUs, 224 complete and 0 interrupted iterations
concurrency   [  28% ] 026/200 VUs  02m48.9s/10m00.0s

running (02m50.0s), 026/200 VUs, 224 complete and 0 interrupted iterations
concurrency   [  28% ] 026/200 VUs  02m49.9s/10m00.0s

running (02m51.0s), 026/200 VUs, 224 complete and 0 interrupted iterations
concurrency   [  28% ] 026/200 VUs  02m50.9s/10m00.0s

running (02m52.0s), 027/200 VUs, 233 complete and 0 interrupted iterations
concurrency   [  29% ] 027/200 VUs  02m51.9s/10m00.0s

running (02m53.0s), 027/200 VUs, 233 complete and 0 interrupted iterations
concurrency   [  29% ] 027/200 VUs  02m52.9s/10m00.0s

running (02m54.0s), 027/200 VUs, 239 complete and 0 interrupted iterations
concurrency   [  29% ] 027/200 VUs  02m53.9s/10m00.0s

running (02m55.0s), 028/200 VUs, 242 complete and 0 interrupted iterations
concurrency   [  29% ] 028/200 VUs  02m54.9s/10m00.0s

running (02m56.0s), 028/200 VUs, 247 complete and 0 interrupted iterations
concurrency   [  29% ] 028/200 VUs  02m55.9s/10m00.0s

running (02m57.0s), 028/200 VUs, 250 complete and 0 interrupted iterations
concurrency   [  29% ] 028/200 VUs  02m56.9s/10m00.0s

running (02m58.0s), 029/200 VUs, 250 complete and 0 interrupted iterations
concurrency   [  30% ] 029/200 VUs  02m57.9s/10m00.0s

running (02m59.0s), 029/200 VUs, 256 complete and 0 interrupted iterations
concurrency   [  30% ] 029/200 VUs  02m58.9s/10m00.0s

running (03m00.0s), 029/200 VUs, 261 complete and 0 interrupted iterations
concurrency   [  30% ] 029/200 VUs  02m59.9s/10m00.0s

running (03m01.0s), 030/200 VUs, 264 complete and 0 interrupted iterations
concurrency   [  30% ] 030/200 VUs  03m00.9s/10m00.0s

running (03m02.0s), 030/200 VUs, 270 complete and 0 interrupted iterations
concurrency   [  30% ] 030/200 VUs  03m01.9s/10m00.0s

running (03m03.0s), 030/200 VUs, 278 complete and 0 interrupted iterations
concurrency   [  30% ] 030/200 VUs  03m02.9s/10m00.0s

running (03m04.0s), 031/200 VUs, 279 complete and 0 interrupted iterations
concurrency   [  31% ] 031/200 VUs  03m03.9s/10m00.0s

running (03m05.0s), 031/200 VUs, 279 complete and 0 interrupted iterations
concurrency   [  31% ] 031/200 VUs  03m04.9s/10m00.0s

running (03m06.0s), 031/200 VUs, 279 complete and 0 interrupted iterations
concurrency   [  31% ] 031/200 VUs  03m05.9s/10m00.0s

running (03m07.0s), 032/200 VUs, 285 complete and 0 interrupted iterations
concurrency   [  31% ] 032/200 VUs  03m06.9s/10m00.0s

running (03m08.0s), 032/200 VUs, 285 complete and 0 interrupted iterations
concurrency   [  31% ] 032/200 VUs  03m07.9s/10m00.0s

running (03m09.0s), 032/200 VUs, 285 complete and 0 interrupted iterations
concurrency   [  31% ] 032/200 VUs  03m08.9s/10m00.0s

running (03m10.0s), 033/200 VUs, 293 complete and 0 interrupted iterations
concurrency   [  32% ] 033/200 VUs  03m09.9s/10m00.0s

running (03m11.0s), 033/200 VUs, 298 complete and 0 interrupted iterations
concurrency   [  32% ] 033/200 VUs  03m10.9s/10m00.0s

running (03m12.0s), 033/200 VUs, 299 complete and 0 interrupted iterations
concurrency   [  32% ] 033/200 VUs  03m11.9s/10m00.0s

running (03m13.0s), 034/200 VUs, 310 complete and 0 interrupted iterations
concurrency   [  32% ] 034/200 VUs  03m12.9s/10m00.0s

running (03m14.0s), 034/200 VUs, 311 complete and 0 interrupted iterations
concurrency   [  32% ] 034/200 VUs  03m13.9s/10m00.0s

running (03m15.0s), 034/200 VUs, 317 complete and 0 interrupted iterations
concurrency   [  32% ] 034/200 VUs  03m14.9s/10m00.0s

running (03m16.0s), 035/200 VUs, 321 complete and 0 interrupted iterations
concurrency   [  33% ] 035/200 VUs  03m15.9s/10m00.0s

running (03m17.0s), 035/200 VUs, 321 complete and 0 interrupted iterations
concurrency   [  33% ] 035/200 VUs  03m16.9s/10m00.0s

running (03m18.0s), 035/200 VUs, 331 complete and 0 interrupted iterations
concurrency   [  33% ] 035/200 VUs  03m17.9s/10m00.0s

running (03m19.0s), 036/200 VUs, 331 complete and 0 interrupted iterations
concurrency   [  33% ] 036/200 VUs  03m18.9s/10m00.0s

running (03m20.0s), 036/200 VUs, 336 complete and 0 interrupted iterations
concurrency   [  33% ] 036/200 VUs  03m19.9s/10m00.0s

running (03m21.0s), 036/200 VUs, 338 complete and 0 interrupted iterations
concurrency   [  33% ] 036/200 VUs  03m20.9s/10m00.0s

running (03m22.0s), 037/200 VUs, 340 complete and 0 interrupted iterations
concurrency   [  34% ] 037/200 VUs  03m21.9s/10m00.0s

running (03m23.0s), 037/200 VUs, 347 complete and 0 interrupted iterations
concurrency   [  34% ] 037/200 VUs  03m22.9s/10m00.0s

running (03m24.0s), 037/200 VUs, 347 complete and 0 interrupted iterations
concurrency   [  34% ] 037/200 VUs  03m23.9s/10m00.0s

running (03m25.0s), 038/200 VUs, 356 complete and 0 interrupted iterations
concurrency   [  34% ] 038/200 VUs  03m24.9s/10m00.0s

running (03m26.0s), 038/200 VUs, 356 complete and 0 interrupted iterations
concurrency   [  34% ] 038/200 VUs  03m25.9s/10m00.0s

running (03m27.0s), 038/200 VUs, 362 complete and 0 interrupted iterations
concurrency   [  34% ] 038/200 VUs  03m26.9s/10m00.0s

running (03m28.0s), 039/200 VUs, 369 complete and 0 interrupted iterations
concurrency   [  35% ] 039/200 VUs  03m27.9s/10m00.0s

running (03m29.0s), 039/200 VUs, 373 complete and 0 interrupted iterations
concurrency   [  35% ] 039/200 VUs  03m28.9s/10m00.0s

running (03m30.0s), 039/200 VUs, 373 complete and 0 interrupted iterations
concurrency   [  35% ] 039/200 VUs  03m29.9s/10m00.0s

running (03m31.0s), 040/200 VUs, 373 complete and 0 interrupted iterations
concurrency   [  35% ] 040/200 VUs  03m30.9s/10m00.0s

running (03m32.0s), 040/200 VUs, 379 complete and 0 interrupted iterations
concurrency   [  35% ] 040/200 VUs  03m31.9s/10m00.0s

running (03m33.0s), 040/200 VUs, 386 complete and 0 interrupted iterations
concurrency   [  35% ] 040/200 VUs  03m32.9s/10m00.0s

running (03m34.0s), 041/200 VUs, 386 complete and 0 interrupted iterations
concurrency   [  36% ] 041/200 VUs  03m33.9s/10m00.0s

running (03m35.0s), 041/200 VUs, 394 complete and 0 interrupted iterations
concurrency   [  36% ] 041/200 VUs  03m34.9s/10m00.0s

running (03m36.0s), 041/200 VUs, 399 complete and 0 interrupted iterations
concurrency   [  36% ] 041/200 VUs  03m35.9s/10m00.0s

running (03m37.0s), 042/200 VUs, 399 complete and 0 interrupted iterations
concurrency   [  36% ] 042/200 VUs  03m36.9s/10m00.0s

running (03m38.0s), 042/200 VUs, 409 complete and 0 interrupted iterations
concurrency   [  36% ] 042/200 VUs  03m37.9s/10m00.0s

running (03m39.0s), 042/200 VUs, 413 complete and 0 interrupted iterations
concurrency   [  36% ] 042/200 VUs  03m38.9s/10m00.0s

running (03m40.0s), 043/200 VUs, 413 complete and 0 interrupted iterations
concurrency   [  37% ] 043/200 VUs  03m39.9s/10m00.0s

running (03m41.0s), 043/200 VUs, 415 complete and 0 interrupted iterations
concurrency   [  37% ] 043/200 VUs  03m40.9s/10m00.0s

running (03m42.0s), 043/200 VUs, 424 complete and 0 interrupted iterations
concurrency   [  37% ] 043/200 VUs  03m41.9s/10m00.0s

running (03m43.0s), 044/200 VUs, 427 complete and 0 interrupted iterations
concurrency   [  37% ] 044/200 VUs  03m42.9s/10m00.0s

running (03m44.0s), 044/200 VUs, 429 complete and 0 interrupted iterations
concurrency   [  37% ] 044/200 VUs  03m43.9s/10m00.0s

running (03m45.0s), 044/200 VUs, 439 complete and 0 interrupted iterations
concurrency   [  37% ] 044/200 VUs  03m44.9s/10m00.0s

running (03m46.0s), 045/200 VUs, 441 complete and 0 interrupted iterations
concurrency   [  38% ] 045/200 VUs  03m45.9s/10m00.0s

running (03m47.0s), 045/200 VUs, 441 complete and 0 interrupted iterations
concurrency   [  38% ] 045/200 VUs  03m46.9s/10m00.0s

running (03m48.0s), 045/200 VUs, 453 complete and 0 interrupted iterations
concurrency   [  38% ] 045/200 VUs  03m47.9s/10m00.0s

running (03m49.0s), 046/200 VUs, 456 complete and 0 interrupted iterations
concurrency   [  38% ] 046/200 VUs  03m48.9s/10m00.0s

running (03m50.0s), 046/200 VUs, 456 complete and 0 interrupted iterations
concurrency   [  38% ] 046/200 VUs  03m49.9s/10m00.0s

running (03m51.0s), 046/200 VUs, 456 complete and 0 interrupted iterations
concurrency   [  38% ] 046/200 VUs  03m50.9s/10m00.0s

running (03m52.0s), 047/200 VUs, 456 complete and 0 interrupted iterations
concurrency   [  39% ] 047/200 VUs  03m51.9s/10m00.0s

running (03m53.0s), 047/200 VUs, 456 complete and 0 interrupted iterations
concurrency   [  39% ] 047/200 VUs  03m52.9s/10m00.0s

running (03m54.0s), 047/200 VUs, 465 complete and 0 interrupted iterations
concurrency   [  39% ] 047/200 VUs  03m53.9s/10m00.0s

running (03m55.0s), 048/200 VUs, 474 complete and 0 interrupted iterations
concurrency   [  39% ] 048/200 VUs  03m54.9s/10m00.0s

running (03m56.0s), 048/200 VUs, 474 complete and 0 interrupted iterations
concurrency   [  39% ] 048/200 VUs  03m55.9s/10m00.0s

running (03m57.0s), 048/200 VUs, 476 complete and 0 interrupted iterations
concurrency   [  39% ] 048/200 VUs  03m56.9s/10m00.0s

running (03m58.0s), 049/200 VUs, 487 complete and 0 interrupted iterations
concurrency   [  40% ] 049/200 VUs  03m57.9s/10m00.0s

running (03m59.0s), 049/200 VUs, 487 complete and 0 interrupted iterations
concurrency   [  40% ] 049/200 VUs  03m58.9s/10m00.0s

running (04m00.0s), 049/200 VUs, 487 complete and 0 interrupted iterations
concurrency   [  40% ] 049/200 VUs  03m59.9s/10m00.0s

running (04m01.0s), 050/200 VUs, 497 complete and 0 interrupted iterations
concurrency   [  40% ] 050/200 VUs  04m00.9s/10m00.0s

running (04m02.0s), 050/200 VUs, 504 complete and 0 interrupted iterations
concurrency   [  40% ] 050/200 VUs  04m01.9s/10m00.0s

running (04m03.0s), 051/200 VUs, 504 complete and 0 interrupted iterations
concurrency   [  40% ] 051/200 VUs  04m02.9s/10m00.0s

running (04m04.0s), 051/200 VUs, 510 complete and 0 interrupted iterations
concurrency   [  41% ] 051/200 VUs  04m03.9s/10m00.0s

running (04m05.0s), 052/200 VUs, 516 complete and 0 interrupted iterations
concurrency   [  41% ] 052/200 VUs  04m04.9s/10m00.0s

running (04m06.0s), 052/200 VUs, 516 complete and 0 interrupted iterations
concurrency   [  41% ] 052/200 VUs  04m05.9s/10m00.0s

running (04m07.0s), 052/200 VUs, 516 complete and 0 interrupted iterations
concurrency   [  41% ] 052/200 VUs  04m06.9s/10m00.0s

running (04m08.0s), 053/200 VUs, 525 complete and 0 interrupted iterations
concurrency   [  41% ] 053/200 VUs  04m07.9s/10m00.0s

running (04m09.0s), 053/200 VUs, 533 complete and 0 interrupted iterations
concurrency   [  41% ] 053/200 VUs  04m08.9s/10m00.0s

running (04m10.0s), 054/200 VUs, 536 complete and 0 interrupted iterations
concurrency   [  42% ] 054/200 VUs  04m09.9s/10m00.0s

running (04m11.0s), 054/200 VUs, 536 complete and 0 interrupted iterations
concurrency   [  42% ] 054/200 VUs  04m10.9s/10m00.0s

running (04m12.0s), 054/200 VUs, 542 complete and 0 interrupted iterations
concurrency   [  42% ] 054/200 VUs  04m11.9s/10m00.0s

running (04m13.0s), 055/200 VUs, 552 complete and 0 interrupted iterations
concurrency   [  42% ] 055/200 VUs  04m12.9s/10m00.0s

running (04m14.0s), 055/200 VUs, 556 complete and 0 interrupted iterations
concurrency   [  42% ] 055/200 VUs  04m13.9s/10m00.0s

running (04m15.0s), 056/200 VUs, 559 complete and 0 interrupted iterations
concurrency   [  42% ] 056/200 VUs  04m14.9s/10m00.0s

running (04m16.0s), 056/200 VUs, 568 complete and 0 interrupted iterations
concurrency   [  43% ] 056/200 VUs  04m15.9s/10m00.0s

running (04m17.0s), 057/200 VUs, 568 complete and 0 interrupted iterations
concurrency   [  43% ] 057/200 VUs  04m16.9s/10m00.0s

running (04m18.0s), 057/200 VUs, 570 complete and 0 interrupted iterations
concurrency   [  43% ] 057/200 VUs  04m17.9s/10m00.0s

running (04m19.0s), 057/200 VUs, 580 complete and 0 interrupted iterations
concurrency   [  43% ] 057/200 VUs  04m18.9s/10m00.0s

running (04m20.0s), 058/200 VUs, 581 complete and 0 interrupted iterations
concurrency   [  43% ] 058/200 VUs  04m19.9s/10m00.0s

running (04m21.0s), 058/200 VUs, 581 complete and 0 interrupted iterations
concurrency   [  43% ] 058/200 VUs  04m20.9s/10m00.0s

running (04m22.0s), 059/200 VUs, 586 complete and 0 interrupted iterations
concurrency   [  44% ] 059/200 VUs  04m21.9s/10m00.0s

running (04m23.0s), 059/200 VUs, 594 complete and 0 interrupted iterations
concurrency   [  44% ] 059/200 VUs  04m22.9s/10m00.0s

running (04m24.0s), 059/200 VUs, 600 complete and 0 interrupted iterations
concurrency   [  44% ] 059/200 VUs  04m23.9s/10m00.0s

running (04m25.0s), 060/200 VUs, 600 complete and 0 interrupted iterations
concurrency   [  44% ] 060/200 VUs  04m24.9s/10m00.0s

running (04m26.0s), 060/200 VUs, 601 complete and 0 interrupted iterations
concurrency   [  44% ] 060/200 VUs  04m25.9s/10m00.0s

running (04m27.0s), 061/200 VUs, 611 complete and 0 interrupted iterations
concurrency   [  44% ] 061/200 VUs  04m26.9s/10m00.0s

running (04m28.0s), 061/200 VUs, 619 complete and 0 interrupted iterations
concurrency   [  45% ] 061/200 VUs  04m27.9s/10m00.0s

running (04m29.0s), 062/200 VUs, 620 complete and 0 interrupted iterations
concurrency   [  45% ] 062/200 VUs  04m28.9s/10m00.0s

running (04m30.0s), 062/200 VUs, 620 complete and 0 interrupted iterations
concurrency   [  45% ] 062/200 VUs  04m29.9s/10m00.0s

running (04m31.0s), 062/200 VUs, 627 complete and 0 interrupted iterations
concurrency   [  45% ] 062/200 VUs  04m30.9s/10m00.0s

running (04m32.0s), 063/200 VUs, 639 complete and 0 interrupted iterations
concurrency   [  45% ] 063/200 VUs  04m31.9s/10m00.0s

running (04m33.0s), 063/200 VUs, 640 complete and 0 interrupted iterations
concurrency   [  45% ] 063/200 VUs  04m32.9s/10m00.0s

running (04m34.0s), 064/200 VUs, 640 complete and 0 interrupted iterations
concurrency   [  46% ] 064/200 VUs  04m33.9s/10m00.0s

running (04m35.0s), 064/200 VUs, 643 complete and 0 interrupted iterations
concurrency   [  46% ] 064/200 VUs  04m34.9s/10m00.0s

running (04m36.0s), 064/200 VUs, 654 complete and 0 interrupted iterations
concurrency   [  46% ] 064/200 VUs  04m35.9s/10m00.0s

running (04m37.0s), 065/200 VUs, 660 complete and 0 interrupted iterations
concurrency   [  46% ] 065/200 VUs  04m36.9s/10m00.0s

running (04m38.0s), 065/200 VUs, 660 complete and 0 interrupted iterations
concurrency   [  46% ] 065/200 VUs  04m37.9s/10m00.0s

running (04m39.0s), 066/200 VUs, 660 complete and 0 interrupted iterations
concurrency   [  46% ] 066/200 VUs  04m38.9s/10m00.0s

running (04m40.0s), 066/200 VUs, 669 complete and 0 interrupted iterations
concurrency   [  47% ] 066/200 VUs  04m39.9s/10m00.0s

running (04m41.0s), 067/200 VUs, 676 complete and 0 interrupted iterations
concurrency   [  47% ] 067/200 VUs  04m40.9s/10m00.0s

running (04m42.0s), 067/200 VUs, 680 complete and 0 interrupted iterations
concurrency   [  47% ] 067/200 VUs  04m41.9s/10m00.0s

running (04m43.0s), 067/200 VUs, 680 complete and 0 interrupted iterations
concurrency   [  47% ] 067/200 VUs  04m42.9s/10m00.0s

running (04m44.0s), 068/200 VUs, 685 complete and 0 interrupted iterations
concurrency   [  47% ] 068/200 VUs  04m43.9s/10m00.0s

running (04m45.0s), 068/200 VUs, 695 complete and 0 interrupted iterations
concurrency   [  47% ] 068/200 VUs  04m44.9s/10m00.0s

running (04m46.0s), 069/200 VUs, 700 complete and 0 interrupted iterations
concurrency   [  48% ] 069/200 VUs  04m45.9s/10m00.0s

running (04m47.0s), 069/200 VUs, 700 complete and 0 interrupted iterations
concurrency   [  48% ] 069/200 VUs  04m46.9s/10m00.0s

running (04m48.0s), 069/200 VUs, 705 complete and 0 interrupted iterations
concurrency   [  48% ] 069/200 VUs  04m47.9s/10m00.0s

running (04m49.0s), 070/200 VUs, 715 complete and 0 interrupted iterations
concurrency   [  48% ] 070/200 VUs  04m48.9s/10m00.0s

running (04m50.0s), 070/200 VUs, 720 complete and 0 interrupted iterations
concurrency   [  48% ] 070/200 VUs  04m49.9s/10m00.0s

running (04m51.0s), 071/200 VUs, 720 complete and 0 interrupted iterations
concurrency   [  48% ] 071/200 VUs  04m50.9s/10m00.0s

running (04m52.0s), 071/200 VUs, 723 complete and 0 interrupted iterations
concurrency   [  49% ] 071/200 VUs  04m51.9s/10m00.0s

running (04m53.0s), 072/200 VUs, 734 complete and 0 interrupted iterations
concurrency   [  49% ] 072/200 VUs  04m52.9s/10m00.0s

running (04m54.0s), 072/200 VUs, 740 complete and 0 interrupted iterations
concurrency   [  49% ] 072/200 VUs  04m53.9s/10m00.0s

running (04m55.0s), 072/200 VUs, 740 complete and 0 interrupted iterations
concurrency   [  49% ] 072/200 VUs  04m54.9s/10m00.0s

running (04m56.0s), 073/200 VUs, 740 complete and 0 interrupted iterations
concurrency   [  49% ] 073/200 VUs  04m55.9s/10m00.0s

running (04m57.0s), 073/200 VUs, 750 complete and 0 interrupted iterations
concurrency   [  49% ] 073/200 VUs  04m56.9s/10m00.0s

running (04m58.0s), 074/200 VUs, 760 complete and 0 interrupted iterations
concurrency   [  50% ] 074/200 VUs  04m57.9s/10m00.0s

running (04m59.0s), 074/200 VUs, 760 complete and 0 interrupted iterations
concurrency   [  50% ] 074/200 VUs  04m58.9s/10m00.0s

running (05m00.0s), 074/200 VUs, 760 complete and 0 interrupted iterations
concurrency   [  50% ] 074/200 VUs  04m59.9s/10m00.0s

running (05m01.0s), 075/200 VUs, 770 complete and 0 interrupted iterations
concurrency   [  50% ] 075/200 VUs  05m00.9s/10m00.0s

running (05m02.0s), 075/200 VUs, 778 complete and 0 interrupted iterations
concurrency   [  50% ] 075/200 VUs  05m01.9s/10m00.0s

running (05m03.0s), 076/200 VUs, 780 complete and 0 interrupted iterations
concurrency   [  50% ] 076/200 VUs  05m02.9s/10m00.0s

running (05m04.0s), 076/200 VUs, 785 complete and 0 interrupted iterations
concurrency   [  51% ] 076/200 VUs  05m03.9s/10m00.0s

running (05m05.0s), 077/200 VUs, 791 complete and 0 interrupted iterations
concurrency   [  51% ] 077/200 VUs  05m04.9s/10m00.0s

running (05m06.0s), 077/200 VUs, 791 complete and 0 interrupted iterations
concurrency   [  51% ] 077/200 VUs  05m05.9s/10m00.0s

running (05m07.0s), 077/200 VUs, 792 complete and 0 interrupted iterations
concurrency   [  51% ] 077/200 VUs  05m06.9s/10m00.0s

running (05m08.0s), 078/200 VUs, 800 complete and 0 interrupted iterations
concurrency   [  51% ] 078/200 VUs  05m07.9s/10m00.0s

running (05m09.0s), 078/200 VUs, 808 complete and 0 interrupted iterations
concurrency   [  51% ] 078/200 VUs  05m08.9s/10m00.0s

running (05m10.0s), 079/200 VUs, 811 complete and 0 interrupted iterations
concurrency   [  52% ] 079/200 VUs  05m09.9s/10m00.0s

running (05m11.0s), 079/200 VUs, 811 complete and 0 interrupted iterations
concurrency   [  52% ] 079/200 VUs  05m10.9s/10m00.0s

running (05m12.0s), 079/200 VUs, 814 complete and 0 interrupted iterations
concurrency   [  52% ] 079/200 VUs  05m11.9s/10m00.0s

running (05m13.0s), 080/200 VUs, 822 complete and 0 interrupted iterations
concurrency   [  52% ] 080/200 VUs  05m12.9s/10m00.0s

running (05m14.0s), 080/200 VUs, 829 complete and 0 interrupted iterations
concurrency   [  52% ] 080/200 VUs  05m13.9s/10m00.0s

running (05m15.0s), 081/200 VUs, 831 complete and 0 interrupted iterations
concurrency   [  52% ] 081/200 VUs  05m14.9s/10m00.0s

running (05m16.0s), 081/200 VUs, 831 complete and 0 interrupted iterations
concurrency   [  53% ] 081/200 VUs  05m15.9s/10m00.0s

running (05m17.0s), 082/200 VUs, 836 complete and 0 interrupted iterations
concurrency   [  53% ] 082/200 VUs  05m16.9s/10m00.0s

running (05m18.0s), 082/200 VUs, 844 complete and 0 interrupted iterations
concurrency   [  53% ] 082/200 VUs  05m17.9s/10m00.0s

running (05m19.0s), 082/200 VUs, 851 complete and 0 interrupted iterations
concurrency   [  53% ] 082/200 VUs  05m18.9s/10m00.0s

running (05m20.0s), 083/200 VUs, 851 complete and 0 interrupted iterations
concurrency   [  53% ] 083/200 VUs  05m19.9s/10m00.0s

running (05m21.0s), 083/200 VUs, 853 complete and 0 interrupted iterations
concurrency   [  53% ] 083/200 VUs  05m20.9s/10m00.0s

running (05m22.0s), 084/200 VUs, 862 complete and 0 interrupted iterations
concurrency   [  54% ] 084/200 VUs  05m21.9s/10m00.0s

running (05m23.0s), 084/200 VUs, 870 complete and 0 interrupted iterations
concurrency   [  54% ] 084/200 VUs  05m22.9s/10m00.0s

running (05m24.0s), 084/200 VUs, 871 complete and 0 interrupted iterations
concurrency   [  54% ] 084/200 VUs  05m23.9s/10m00.0s

running (05m25.0s), 085/200 VUs, 871 complete and 0 interrupted iterations
concurrency   [  54% ] 085/200 VUs  05m24.9s/10m00.0s

running (05m26.0s), 085/200 VUs, 874 complete and 0 interrupted iterations
concurrency   [  54% ] 085/200 VUs  05m25.9s/10m00.0s

running (05m27.0s), 086/200 VUs, 881 complete and 0 interrupted iterations
concurrency   [  54% ] 086/200 VUs  05m26.9s/10m00.0s

running (05m28.0s), 086/200 VUs, 891 complete and 0 interrupted iterations
concurrency   [  55% ] 086/200 VUs  05m27.9s/10m00.0s

running (05m29.0s), 087/200 VUs, 891 complete and 0 interrupted iterations
concurrency   [  55% ] 087/200 VUs  05m28.9s/10m00.0s

running (05m30.0s), 087/200 VUs, 891 complete and 0 interrupted iterations
concurrency   [  55% ] 087/200 VUs  05m29.9s/10m00.0s

running (05m31.0s), 087/200 VUs, 898 complete and 0 interrupted iterations
concurrency   [  55% ] 087/200 VUs  05m30.9s/10m00.0s

running (05m32.0s), 088/200 VUs, 906 complete and 0 interrupted iterations
concurrency   [  55% ] 088/200 VUs  05m31.9s/10m00.0s

running (05m33.0s), 088/200 VUs, 911 complete and 0 interrupted iterations
concurrency   [  55% ] 088/200 VUs  05m32.9s/10m00.0s

running (05m34.0s), 089/200 VUs, 911 complete and 0 interrupted iterations
concurrency   [  56% ] 089/200 VUs  05m33.9s/10m00.0s

running (05m35.0s), 089/200 VUs, 911 complete and 0 interrupted iterations
concurrency   [  56% ] 089/200 VUs  05m34.9s/10m00.0s

running (05m36.0s), 089/200 VUs, 923 complete and 0 interrupted iterations
concurrency   [  56% ] 089/200 VUs  05m35.9s/10m00.0s

running (05m37.0s), 090/200 VUs, 931 complete and 0 interrupted iterations
concurrency   [  56% ] 090/200 VUs  05m36.9s/10m00.0s

running (05m38.0s), 090/200 VUs, 931 complete and 0 interrupted iterations
concurrency   [  56% ] 090/200 VUs  05m37.9s/10m00.0s

running (05m39.0s), 091/200 VUs, 931 complete and 0 interrupted iterations
concurrency   [  56% ] 091/200 VUs  05m38.9s/10m00.0s

running (05m40.0s), 091/200 VUs, 940 complete and 0 interrupted iterations
concurrency   [  57% ] 091/200 VUs  05m39.9s/10m00.0s

running (05m41.0s), 092/200 VUs, 946 complete and 0 interrupted iterations
concurrency   [  57% ] 092/200 VUs  05m40.9s/10m00.0s

running (05m42.0s), 092/200 VUs, 951 complete and 0 interrupted iterations
concurrency   [  57% ] 092/200 VUs  05m41.9s/10m00.0s

running (05m43.0s), 092/200 VUs, 951 complete and 0 interrupted iterations
concurrency   [  57% ] 092/200 VUs  05m42.9s/10m00.0s

running (05m44.0s), 093/200 VUs, 955 complete and 0 interrupted iterations
concurrency   [  57% ] 093/200 VUs  05m43.9s/10m00.0s

running (05m45.0s), 093/200 VUs, 961 complete and 0 interrupted iterations
concurrency   [  57% ] 093/200 VUs  05m44.9s/10m00.0s

running (05m46.0s), 094/200 VUs, 971 complete and 0 interrupted iterations
concurrency   [  58% ] 094/200 VUs  05m45.9s/10m00.0s

running (05m47.0s), 094/200 VUs, 971 complete and 0 interrupted iterations
concurrency   [  58% ] 094/200 VUs  05m46.9s/10m00.0s

running (05m48.0s), 094/200 VUs, 971 complete and 0 interrupted iterations
concurrency   [  58% ] 094/200 VUs  05m47.9s/10m00.0s

running (05m49.0s), 095/200 VUs, 979 complete and 0 interrupted iterations
concurrency   [  58% ] 095/200 VUs  05m48.9s/10m00.0s

running (05m50.0s), 095/200 VUs, 987 complete and 0 interrupted iterations
concurrency   [  58% ] 095/200 VUs  05m49.9s/10m00.0s

running (05m51.0s), 096/200 VUs, 991 complete and 0 interrupted iterations
concurrency   [  58% ] 096/200 VUs  05m50.9s/10m00.0s

running (05m52.0s), 096/200 VUs, 991 complete and 0 interrupted iterations
concurrency   [  59% ] 096/200 VUs  05m51.9s/10m00.0s

running (05m53.0s), 097/200 VUs, 994 complete and 0 interrupted iterations
concurrency   [  59% ] 097/200 VUs  05m52.9s/10m00.0s

running (05m54.0s), 097/200 VUs, 1003 complete and 0 interrupted iterations
concurrency   [  59% ] 097/200 VUs  05m53.9s/10m00.0s

running (05m55.0s), 097/200 VUs, 1011 complete and 0 interrupted iterations
concurrency   [  59% ] 097/200 VUs  05m54.9s/10m00.0s

running (05m56.0s), 098/200 VUs, 1011 complete and 0 interrupted iterations
concurrency   [  59% ] 098/200 VUs  05m55.9s/10m00.0s

running (05m57.0s), 098/200 VUs, 1011 complete and 0 interrupted iterations
concurrency   [  59% ] 098/200 VUs  05m56.9s/10m00.0s

running (05m58.0s), 099/200 VUs, 1019 complete and 0 interrupted iterations
concurrency   [  60% ] 099/200 VUs  05m57.9s/10m00.0s

running (05m59.0s), 099/200 VUs, 1026 complete and 0 interrupted iterations
concurrency   [  60% ] 099/200 VUs  05m58.9s/10m00.0s

running (06m00.0s), 099/200 VUs, 1031 complete and 0 interrupted iterations
concurrency   [  60% ] 099/200 VUs  05m59.9s/10m00.0s

running (06m01.0s), 100/200 VUs, 1031 complete and 0 interrupted iterations
concurrency   [  60% ] 100/200 VUs  06m00.9s/10m00.0s

running (06m02.0s), 101/200 VUs, 1032 complete and 0 interrupted iterations
concurrency   [  60% ] 101/200 VUs  06m01.9s/10m00.0s

running (06m03.0s), 102/200 VUs, 1041 complete and 0 interrupted iterations
concurrency   [  60% ] 102/200 VUs  06m02.9s/10m00.0s

running (06m04.0s), 103/200 VUs, 1051 complete and 0 interrupted iterations
concurrency   [  61% ] 103/200 VUs  06m03.9s/10m00.0s

running (06m05.0s), 104/200 VUs, 1051 complete and 0 interrupted iterations
concurrency   [  61% ] 104/200 VUs  06m04.9s/10m00.0s

running (06m06.0s), 104/200 VUs, 1051 complete and 0 interrupted iterations
concurrency   [  61% ] 104/200 VUs  06m05.9s/10m00.0s

running (06m07.0s), 105/200 VUs, 1055 complete and 0 interrupted iterations
concurrency   [  61% ] 105/200 VUs  06m06.9s/10m00.0s

running (06m08.0s), 106/200 VUs, 1063 complete and 0 interrupted iterations
concurrency   [  61% ] 106/200 VUs  06m07.9s/10m00.0s

running (06m09.0s), 107/200 VUs, 1071 complete and 0 interrupted iterations
concurrency   [  61% ] 107/200 VUs  06m08.9s/10m00.0s

running (06m10.0s), 108/200 VUs, 1071 complete and 0 interrupted iterations
concurrency   [  62% ] 108/200 VUs  06m09.9s/10m00.0s

running (06m11.0s), 109/200 VUs, 1071 complete and 0 interrupted iterations
concurrency   [  62% ] 109/200 VUs  06m10.9s/10m00.0s

running (06m12.0s), 109/200 VUs, 1079 complete and 0 interrupted iterations
concurrency   [  62% ] 109/200 VUs  06m11.9s/10m00.0s

running (06m13.0s), 110/200 VUs, 1087 complete and 0 interrupted iterations
concurrency   [  62% ] 110/200 VUs  06m12.9s/10m00.0s

running (06m14.0s), 111/200 VUs, 1091 complete and 0 interrupted iterations
concurrency   [  62% ] 111/200 VUs  06m13.9s/10m00.0s

running (06m15.0s), 112/200 VUs, 1091 complete and 0 interrupted iterations
concurrency   [  62% ] 112/200 VUs  06m14.9s/10m00.0s

running (06m16.0s), 113/200 VUs, 1094 complete and 0 interrupted iterations
concurrency   [  63% ] 113/200 VUs  06m15.9s/10m00.0s

running (06m17.0s), 114/200 VUs, 1102 complete and 0 interrupted iterations
concurrency   [  63% ] 114/200 VUs  06m16.9s/10m00.0s

running (06m18.0s), 114/200 VUs, 1111 complete and 0 interrupted iterations
concurrency   [  63% ] 114/200 VUs  06m17.9s/10m00.0s

running (06m19.0s), 115/200 VUs, 1111 complete and 0 interrupted iterations
concurrency   [  63% ] 115/200 VUs  06m18.9s/10m00.0s

running (06m20.0s), 116/200 VUs, 1111 complete and 0 interrupted iterations
concurrency   [  63% ] 116/200 VUs  06m19.9s/10m00.0s

running (06m21.0s), 117/200 VUs, 1117 complete and 0 interrupted iterations
concurrency   [  63% ] 117/200 VUs  06m20.9s/10m00.0s

running (06m22.0s), 118/200 VUs, 1127 complete and 0 interrupted iterations
concurrency   [  64% ] 118/200 VUs  06m21.9s/10m00.0s

running (06m23.0s), 119/200 VUs, 1131 complete and 0 interrupted iterations
concurrency   [  64% ] 119/200 VUs  06m22.9s/10m00.0s

running (06m24.0s), 119/200 VUs, 1131 complete and 0 interrupted iterations
concurrency   [  64% ] 119/200 VUs  06m23.9s/10m00.0s

running (06m25.0s), 120/200 VUs, 1131 complete and 0 interrupted iterations
concurrency   [  64% ] 120/200 VUs  06m24.9s/10m00.0s

running (06m26.0s), 121/200 VUs, 1140 complete and 0 interrupted iterations
concurrency   [  64% ] 121/200 VUs  06m25.9s/10m00.0s

running (06m27.0s), 122/200 VUs, 1149 complete and 0 interrupted iterations
concurrency   [  64% ] 122/200 VUs  06m26.9s/10m00.0s

running (06m28.0s), 123/200 VUs, 1151 complete and 0 interrupted iterations
concurrency   [  65% ] 123/200 VUs  06m27.9s/10m00.0s

running (06m29.0s), 124/200 VUs, 1151 complete and 0 interrupted iterations
concurrency   [  65% ] 124/200 VUs  06m28.9s/10m00.0s

running (06m30.0s), 124/200 VUs, 1152 complete and 0 interrupted iterations
concurrency   [  65% ] 124/200 VUs  06m29.9s/10m00.0s

running (06m31.0s), 125/200 VUs, 1159 complete and 0 interrupted iterations
concurrency   [  65% ] 125/200 VUs  06m30.9s/10m00.0s

running (06m32.0s), 126/200 VUs, 1171 complete and 0 interrupted iterations
concurrency   [  65% ] 126/200 VUs  06m31.9s/10m00.0s

running (06m33.0s), 127/200 VUs, 1171 complete and 0 interrupted iterations
concurrency   [  65% ] 127/200 VUs  06m32.9s/10m00.0s

running (06m34.0s), 128/200 VUs, 1171 complete and 0 interrupted iterations
concurrency   [  66% ] 128/200 VUs  06m33.9s/10m00.0s

running (06m35.0s), 129/200 VUs, 1177 complete and 0 interrupted iterations
concurrency   [  66% ] 129/200 VUs  06m34.9s/10m00.0s

running (06m36.0s), 129/200 VUs, 1188 complete and 0 interrupted iterations
concurrency   [  66% ] 129/200 VUs  06m35.9s/10m00.0s

running (06m37.0s), 130/200 VUs, 1191 complete and 0 interrupted iterations
concurrency   [  66% ] 130/200 VUs  06m36.9s/10m00.0s

running (06m38.0s), 131/200 VUs, 1191 complete and 0 interrupted iterations
concurrency   [  66% ] 131/200 VUs  06m37.9s/10m00.0s

running (06m39.0s), 132/200 VUs, 1195 complete and 0 interrupted iterations
concurrency   [  66% ] 132/200 VUs  06m38.9s/10m00.0s

running (06m40.0s), 133/200 VUs, 1204 complete and 0 interrupted iterations
concurrency   [  67% ] 133/200 VUs  06m39.9s/10m00.0s

running (06m41.0s), 134/200 VUs, 1211 complete and 0 interrupted iterations
concurrency   [  67% ] 134/200 VUs  06m40.9s/10m00.0s

running (06m42.0s), 134/200 VUs, 1211 complete and 0 interrupted iterations
concurrency   [  67% ] 134/200 VUs  06m41.9s/10m00.0s

running (06m43.0s), 135/200 VUs, 1213 complete and 0 interrupted iterations
concurrency   [  67% ] 135/200 VUs  06m42.9s/10m00.0s

running (06m44.0s), 136/200 VUs, 1221 complete and 0 interrupted iterations
concurrency   [  67% ] 136/200 VUs  06m43.9s/10m00.0s

running (06m45.0s), 137/200 VUs, 1231 complete and 0 interrupted iterations
concurrency   [  67% ] 137/200 VUs  06m44.9s/10m00.0s

running (06m46.0s), 138/200 VUs, 1231 complete and 0 interrupted iterations
concurrency   [  68% ] 138/200 VUs  06m45.9s/10m00.0s

running (06m47.0s), 139/200 VUs, 1231 complete and 0 interrupted iterations
concurrency   [  68% ] 139/200 VUs  06m46.9s/10m00.0s

running (06m48.0s), 139/200 VUs, 1242 complete and 0 interrupted iterations
concurrency   [  68% ] 139/200 VUs  06m47.9s/10m00.0s

running (06m49.0s), 140/200 VUs, 1250 complete and 0 interrupted iterations
concurrency   [  68% ] 140/200 VUs  06m48.9s/10m00.0s

running (06m50.0s), 141/200 VUs, 1251 complete and 0 interrupted iterations
concurrency   [  68% ] 141/200 VUs  06m49.9s/10m00.0s

running (06m51.0s), 142/200 VUs, 1251 complete and 0 interrupted iterations
concurrency   [  68% ] 142/200 VUs  06m50.9s/10m00.0s

running (06m52.0s), 143/200 VUs, 1253 complete and 0 interrupted iterations
concurrency   [  69% ] 143/200 VUs  06m51.9s/10m00.0s

running (06m53.0s), 144/200 VUs, 1263 complete and 0 interrupted iterations
concurrency   [  69% ] 144/200 VUs  06m52.9s/10m00.0s

running (06m54.0s), 144/200 VUs, 1269 complete and 0 interrupted iterations
concurrency   [  69% ] 144/200 VUs  06m53.9s/10m00.0s

running (06m55.0s), 145/200 VUs, 1271 complete and 0 interrupted iterations
concurrency   [  69% ] 145/200 VUs  06m54.9s/10m00.0s

running (06m56.0s), 146/200 VUs, 1271 complete and 0 interrupted iterations
concurrency   [  69% ] 146/200 VUs  06m55.9s/10m00.0s

running (06m57.0s), 147/200 VUs, 1272 complete and 0 interrupted iterations
concurrency   [  69% ] 147/200 VUs  06m56.9s/10m00.0s

running (06m58.0s), 148/200 VUs, 1284 complete and 0 interrupted iterations
concurrency   [  70% ] 148/200 VUs  06m57.9s/10m00.0s

running (06m59.0s), 149/200 VUs, 1291 complete and 0 interrupted iterations
concurrency   [  70% ] 149/200 VUs  06m58.9s/10m00.0s

running (07m00.0s), 149/200 VUs, 1291 complete and 0 interrupted iterations
concurrency   [  70% ] 149/200 VUs  06m59.9s/10m00.0s

running (07m01.0s), 150/200 VUs, 1291 complete and 0 interrupted iterations
concurrency   [  70% ] 150/200 VUs  07m00.9s/10m00.0s

running (07m02.0s), 151/200 VUs, 1295 complete and 0 interrupted iterations
concurrency   [  70% ] 151/200 VUs  07m01.9s/10m00.0s

running (07m03.0s), 152/200 VUs, 1306 complete and 0 interrupted iterations
concurrency   [  70% ] 152/200 VUs  07m02.9s/10m00.0s

running (07m04.0s), 153/200 VUs, 1311 complete and 0 interrupted iterations
concurrency   [  71% ] 153/200 VUs  07m03.9s/10m00.0s

running (07m05.0s), 154/200 VUs, 1311 complete and 0 interrupted iterations
concurrency   [  71% ] 154/200 VUs  07m04.9s/10m00.0s

running (07m06.0s), 154/200 VUs, 1312 complete and 0 interrupted iterations
concurrency   [  71% ] 154/200 VUs  07m05.9s/10m00.0s

running (07m07.0s), 155/200 VUs, 1323 complete and 0 interrupted iterations
concurrency   [  71% ] 155/200 VUs  07m06.9s/10m00.0s

running (07m08.0s), 156/200 VUs, 1331 complete and 0 interrupted iterations
concurrency   [  71% ] 156/200 VUs  07m07.9s/10m00.0s

running (07m09.0s), 157/200 VUs, 1331 complete and 0 interrupted iterations
concurrency   [  71% ] 157/200 VUs  07m08.9s/10m00.0s

running (07m10.0s), 158/200 VUs, 1331 complete and 0 interrupted iterations
concurrency   [  72% ] 158/200 VUs  07m09.9s/10m00.0s

running (07m11.0s), 159/200 VUs, 1343 complete and 0 interrupted iterations
concurrency   [  72% ] 159/200 VUs  07m10.9s/10m00.0s

running (07m12.0s), 159/200 VUs, 1351 complete and 0 interrupted iterations
concurrency   [  72% ] 159/200 VUs  07m11.9s/10m00.0s

running (07m13.0s), 160/200 VUs, 1351 complete and 0 interrupted iterations
concurrency   [  72% ] 160/200 VUs  07m12.9s/10m00.0s

running (07m14.0s), 161/200 VUs, 1356 complete and 0 interrupted iterations
concurrency   [  72% ] 161/200 VUs  07m13.9s/10m00.0s

running (07m15.0s), 162/200 VUs, 1368 complete and 0 interrupted iterations
concurrency   [  72% ] 162/200 VUs  07m14.9s/10m00.0s

running (07m16.0s), 163/200 VUs, 1371 complete and 0 interrupted iterations
concurrency   [  73% ] 163/200 VUs  07m15.9s/10m00.0s

running (07m17.0s), 164/200 VUs, 1371 complete and 0 interrupted iterations
concurrency   [  73% ] 164/200 VUs  07m16.9s/10m00.0s

running (07m18.0s), 164/200 VUs, 1373 complete and 0 interrupted iterations
concurrency   [  73% ] 164/200 VUs  07m17.9s/10m00.0s

running (07m19.0s), 165/200 VUs, 1382 complete and 0 interrupted iterations
concurrency   [  73% ] 165/200 VUs  07m18.9s/10m00.0s

running (07m20.0s), 166/200 VUs, 1391 complete and 0 interrupted iterations
concurrency   [  73% ] 166/200 VUs  07m19.9s/10m00.0s

running (07m21.0s), 167/200 VUs, 1391 complete and 0 interrupted iterations
concurrency   [  73% ] 167/200 VUs  07m20.9s/10m00.0s

running (07m22.0s), 168/200 VUs, 1392 complete and 0 interrupted iterations
concurrency   [  74% ] 168/200 VUs  07m21.9s/10m00.0s

running (07m23.0s), 169/200 VUs, 1399 complete and 0 interrupted iterations
concurrency   [  74% ] 169/200 VUs  07m22.9s/10m00.0s

running (07m24.0s), 169/200 VUs, 1411 complete and 0 interrupted iterations
concurrency   [  74% ] 169/200 VUs  07m23.9s/10m00.0s

running (07m25.0s), 170/200 VUs, 1411 complete and 0 interrupted iterations
concurrency   [  74% ] 170/200 VUs  07m24.9s/10m00.0s

running (07m26.0s), 171/200 VUs, 1411 complete and 0 interrupted iterations
concurrency   [  74% ] 171/200 VUs  07m25.9s/10m00.0s

running (07m27.0s), 172/200 VUs, 1420 complete and 0 interrupted iterations
concurrency   [  74% ] 172/200 VUs  07m26.9s/10m00.0s

running (07m28.0s), 173/200 VUs, 1431 complete and 0 interrupted iterations
concurrency   [  75% ] 173/200 VUs  07m27.9s/10m00.0s

running (07m29.0s), 174/200 VUs, 1431 complete and 0 interrupted iterations
concurrency   [  75% ] 174/200 VUs  07m28.9s/10m00.0s

running (07m30.0s), 174/200 VUs, 1431 complete and 0 interrupted iterations
concurrency   [  75% ] 174/200 VUs  07m29.9s/10m00.0s

running (07m31.0s), 175/200 VUs, 1440 complete and 0 interrupted iterations
concurrency   [  75% ] 175/200 VUs  07m30.9s/10m00.0s

running (07m32.0s), 176/200 VUs, 1448 complete and 0 interrupted iterations
concurrency   [  75% ] 176/200 VUs  07m31.9s/10m00.0s

running (07m33.0s), 177/200 VUs, 1451 complete and 0 interrupted iterations
concurrency   [  75% ] 177/200 VUs  07m32.9s/10m00.0s

running (07m34.0s), 178/200 VUs, 1451 complete and 0 interrupted iterations
concurrency   [  76% ] 178/200 VUs  07m33.9s/10m00.0s

running (07m35.0s), 179/200 VUs, 1454 complete and 0 interrupted iterations
concurrency   [  76% ] 179/200 VUs  07m34.9s/10m00.0s

running (07m36.0s), 179/200 VUs, 1464 complete and 0 interrupted iterations
concurrency   [  76% ] 179/200 VUs  07m35.9s/10m00.0s

running (07m37.0s), 180/200 VUs, 1471 complete and 0 interrupted iterations
concurrency   [  76% ] 180/200 VUs  07m36.9s/10m00.0s

running (07m38.0s), 181/200 VUs, 1471 complete and 0 interrupted iterations
concurrency   [  76% ] 181/200 VUs  07m37.9s/10m00.0s

running (07m39.0s), 182/200 VUs, 1471 complete and 0 interrupted iterations
concurrency   [  76% ] 182/200 VUs  07m38.9s/10m00.0s

running (07m40.0s), 183/200 VUs, 1478 complete and 0 interrupted iterations
concurrency   [  77% ] 183/200 VUs  07m39.9s/10m00.0s

running (07m41.0s), 184/200 VUs, 1487 complete and 0 interrupted iterations
concurrency   [  77% ] 184/200 VUs  07m40.9s/10m00.0s

running (07m42.0s), 184/200 VUs, 1491 complete and 0 interrupted iterations
concurrency   [  77% ] 184/200 VUs  07m41.9s/10m00.0s

running (07m43.0s), 185/200 VUs, 1491 complete and 0 interrupted iterations
concurrency   [  77% ] 185/200 VUs  07m42.9s/10m00.0s

running (07m44.0s), 186/200 VUs, 1491 complete and 0 interrupted iterations
concurrency   [  77% ] 186/200 VUs  07m43.9s/10m00.0s

running (07m45.0s), 187/200 VUs, 1502 complete and 0 interrupted iterations
concurrency   [  77% ] 187/200 VUs  07m44.9s/10m00.0s

running (07m46.0s), 188/200 VUs, 1511 complete and 0 interrupted iterations
concurrency   [  78% ] 188/200 VUs  07m45.9s/10m00.0s

running (07m47.0s), 189/200 VUs, 1514 complete and 0 interrupted iterations
concurrency   [  78% ] 189/200 VUs  07m46.9s/10m00.0s

running (07m48.0s), 189/200 VUs, 1516 complete and 0 interrupted iterations
concurrency   [  78% ] 189/200 VUs  07m47.9s/10m00.0s

running (07m49.0s), 190/200 VUs, 1520 complete and 0 interrupted iterations
concurrency   [  78% ] 190/200 VUs  07m48.9s/10m00.0s

running (07m50.0s), 191/200 VUs, 1534 complete and 0 interrupted iterations
concurrency   [  78% ] 191/200 VUs  07m49.9s/10m00.0s

running (07m51.0s), 192/200 VUs, 1535 complete and 0 interrupted iterations
concurrency   [  78% ] 192/200 VUs  07m50.9s/10m00.0s

running (07m52.0s), 193/200 VUs, 1535 complete and 0 interrupted iterations
concurrency   [  79% ] 193/200 VUs  07m51.9s/10m00.0s

running (07m53.0s), 194/200 VUs, 1539 complete and 0 interrupted iterations
concurrency   [  79% ] 194/200 VUs  07m52.9s/10m00.0s

running (07m54.0s), 194/200 VUs, 1550 complete and 0 interrupted iterations
concurrency   [  79% ] 194/200 VUs  07m53.9s/10m00.0s

running (07m55.0s), 195/200 VUs, 1551 complete and 0 interrupted iterations
concurrency   [  79% ] 195/200 VUs  07m54.9s/10m00.0s

running (07m56.0s), 196/200 VUs, 1555 complete and 0 interrupted iterations
concurrency   [  79% ] 196/200 VUs  07m55.9s/10m00.0s

running (07m57.0s), 197/200 VUs, 1565 complete and 0 interrupted iterations
concurrency   [  79% ] 197/200 VUs  07m56.9s/10m00.0s

running (07m58.0s), 198/200 VUs, 1569 complete and 0 interrupted iterations
concurrency   [  80% ] 198/200 VUs  07m57.9s/10m00.0s

running (07m59.0s), 199/200 VUs, 1572 complete and 0 interrupted iterations
concurrency   [  80% ] 199/200 VUs  07m58.9s/10m00.0s

running (08m00.0s), 199/200 VUs, 1586 complete and 0 interrupted iterations
concurrency   [  80% ] 199/200 VUs  07m59.9s/10m00.0s

running (08m01.0s), 200/200 VUs, 1586 complete and 0 interrupted iterations
concurrency   [  80% ] 200/200 VUs  08m00.9s/10m00.0s

running (08m02.0s), 200/200 VUs, 1588 complete and 0 interrupted iterations
concurrency   [  80% ] 200/200 VUs  08m01.9s/10m00.0s

running (08m03.0s), 200/200 VUs, 1604 complete and 0 interrupted iterations
concurrency   [  80% ] 200/200 VUs  08m02.9s/10m00.0s

running (08m04.0s), 200/200 VUs, 1604 complete and 0 interrupted iterations
concurrency   [  81% ] 200/200 VUs  08m03.9s/10m00.0s

running (08m05.0s), 200/200 VUs, 1609 complete and 0 interrupted iterations
concurrency   [  81% ] 200/200 VUs  08m04.9s/10m00.0s

running (08m06.0s), 200/200 VUs, 1609 complete and 0 interrupted iterations
concurrency   [  81% ] 200/200 VUs  08m05.9s/10m00.0s

running (08m07.0s), 200/200 VUs, 1610 complete and 0 interrupted iterations
concurrency   [  81% ] 200/200 VUs  08m06.9s/10m00.0s

running (08m08.0s), 200/200 VUs, 1627 complete and 0 interrupted iterations
concurrency   [  81% ] 200/200 VUs  08m07.9s/10m00.0s

running (08m09.0s), 200/200 VUs, 1632 complete and 0 interrupted iterations
concurrency   [  81% ] 200/200 VUs  08m08.9s/10m00.0s

running (08m10.0s), 200/200 VUs, 1632 complete and 0 interrupted iterations
concurrency   [  82% ] 200/200 VUs  08m09.9s/10m00.0s

running (08m11.0s), 200/200 VUs, 1637 complete and 0 interrupted iterations
concurrency   [  82% ] 200/200 VUs  08m10.9s/10m00.0s

running (08m12.0s), 200/200 VUs, 1653 complete and 0 interrupted iterations
concurrency   [  82% ] 200/200 VUs  08m11.9s/10m00.0s

running (08m13.0s), 200/200 VUs, 1658 complete and 0 interrupted iterations
concurrency   [  82% ] 200/200 VUs  08m12.9s/10m00.0s

running (08m14.0s), 200/200 VUs, 1665 complete and 0 interrupted iterations
concurrency   [  82% ] 200/200 VUs  08m13.9s/10m00.0s

running (08m15.0s), 200/200 VUs, 1676 complete and 0 interrupted iterations
concurrency   [  82% ] 200/200 VUs  08m14.9s/10m00.0s

running (08m16.0s), 200/200 VUs, 1676 complete and 0 interrupted iterations
concurrency   [  83% ] 200/200 VUs  08m15.9s/10m00.0s

running (08m17.0s), 200/200 VUs, 1676 complete and 0 interrupted iterations
concurrency   [  83% ] 200/200 VUs  08m16.9s/10m00.0s

running (08m18.0s), 200/200 VUs, 1677 complete and 0 interrupted iterations
concurrency   [  83% ] 200/200 VUs  08m17.9s/10m00.0s

running (08m19.0s), 200/200 VUs, 1677 complete and 0 interrupted iterations
concurrency   [  83% ] 200/200 VUs  08m18.9s/10m00.0s

running (08m20.0s), 200/200 VUs, 1677 complete and 0 interrupted iterations
concurrency   [  83% ] 200/200 VUs  08m19.9s/10m00.0s

running (08m21.0s), 200/200 VUs, 1695 complete and 0 interrupted iterations
concurrency   [  83% ] 200/200 VUs  08m20.9s/10m00.0s

running (08m22.0s), 200/200 VUs, 1706 complete and 0 interrupted iterations
concurrency   [  84% ] 200/200 VUs  08m21.9s/10m00.0s

running (08m23.0s), 200/200 VUs, 1706 complete and 0 interrupted iterations
concurrency   [  84% ] 200/200 VUs  08m22.9s/10m00.0s

running (08m24.0s), 200/200 VUs, 1709 complete and 0 interrupted iterations
concurrency   [  84% ] 200/200 VUs  08m23.9s/10m00.0s

running (08m25.0s), 200/200 VUs, 1725 complete and 0 interrupted iterations
concurrency   [  84% ] 200/200 VUs  08m24.9s/10m00.0s

running (08m26.0s), 200/200 VUs, 1729 complete and 0 interrupted iterations
concurrency   [  84% ] 200/200 VUs  08m25.9s/10m00.0s

running (08m27.0s), 200/200 VUs, 1729 complete and 0 interrupted iterations
concurrency   [  84% ] 200/200 VUs  08m26.9s/10m00.0s

running (08m28.0s), 200/200 VUs, 1729 complete and 0 interrupted iterations
concurrency   [  85% ] 200/200 VUs  08m27.9s/10m00.0s

running (08m29.0s), 200/200 VUs, 1729 complete and 0 interrupted iterations
concurrency   [  85% ] 200/200 VUs  08m28.9s/10m00.0s

running (08m30.0s), 200/200 VUs, 1741 complete and 0 interrupted iterations
concurrency   [  85% ] 200/200 VUs  08m29.9s/10m00.0s

running (08m31.0s), 200/200 VUs, 1751 complete and 0 interrupted iterations
concurrency   [  85% ] 200/200 VUs  08m30.9s/10m00.0s

running (08m32.0s), 200/200 VUs, 1751 complete and 0 interrupted iterations
concurrency   [  85% ] 200/200 VUs  08m31.9s/10m00.0s

running (08m33.0s), 200/200 VUs, 1752 complete and 0 interrupted iterations
concurrency   [  85% ] 200/200 VUs  08m32.9s/10m00.0s

running (08m34.0s), 200/200 VUs, 1773 complete and 0 interrupted iterations
concurrency   [  86% ] 200/200 VUs  08m33.9s/10m00.0s

running (08m35.0s), 200/200 VUs, 1781 complete and 0 interrupted iterations
concurrency   [  86% ] 200/200 VUs  08m34.9s/10m00.0s

running (08m36.0s), 200/200 VUs, 1788 complete and 0 interrupted iterations
concurrency   [  86% ] 200/200 VUs  08m35.9s/10m00.0s

running (08m37.0s), 200/200 VUs, 1788 complete and 0 interrupted iterations
concurrency   [  86% ] 200/200 VUs  08m36.9s/10m00.0s

running (08m38.0s), 200/200 VUs, 1796 complete and 0 interrupted iterations
concurrency   [  86% ] 200/200 VUs  08m37.9s/10m00.0s

running (08m39.0s), 200/200 VUs, 1809 complete and 0 interrupted iterations
concurrency   [  86% ] 200/200 VUs  08m38.9s/10m00.0s

running (08m40.0s), 200/200 VUs, 1811 complete and 0 interrupted iterations
concurrency   [  87% ] 200/200 VUs  08m39.9s/10m00.0s

running (08m41.0s), 200/200 VUs, 1816 complete and 0 interrupted iterations
concurrency   [  87% ] 200/200 VUs  08m40.9s/10m00.0s

running (08m42.0s), 200/200 VUs, 1829 complete and 0 interrupted iterations
concurrency   [  87% ] 200/200 VUs  08m41.9s/10m00.0s

running (08m43.0s), 200/200 VUs, 1829 complete and 0 interrupted iterations
concurrency   [  87% ] 200/200 VUs  08m42.9s/10m00.0s

running (08m44.0s), 200/200 VUs, 1832 complete and 0 interrupted iterations
concurrency   [  87% ] 200/200 VUs  08m43.9s/10m00.0s

running (08m45.0s), 200/200 VUs, 1837 complete and 0 interrupted iterations
concurrency   [  87% ] 200/200 VUs  08m44.9s/10m00.0s

running (08m46.0s), 200/200 VUs, 1851 complete and 0 interrupted iterations
concurrency   [  88% ] 200/200 VUs  08m45.9s/10m00.0s

running (08m47.0s), 200/200 VUs, 1851 complete and 0 interrupted iterations
concurrency   [  88% ] 200/200 VUs  08m46.9s/10m00.0s

running (08m48.0s), 200/200 VUs, 1855 complete and 0 interrupted iterations
concurrency   [  88% ] 200/200 VUs  08m47.9s/10m00.0s

running (08m49.0s), 200/200 VUs, 1863 complete and 0 interrupted iterations
concurrency   [  88% ] 200/200 VUs  08m48.9s/10m00.0s

running (08m50.0s), 200/200 VUs, 1871 complete and 0 interrupted iterations
concurrency   [  88% ] 200/200 VUs  08m49.9s/10m00.0s

running (08m51.0s), 200/200 VUs, 1876 complete and 0 interrupted iterations
concurrency   [  88% ] 200/200 VUs  08m50.9s/10m00.0s

running (08m52.0s), 200/200 VUs, 1876 complete and 0 interrupted iterations
concurrency   [  89% ] 200/200 VUs  08m51.9s/10m00.0s

running (08m53.0s), 200/200 VUs, 1877 complete and 0 interrupted iterations
concurrency   [  89% ] 200/200 VUs  08m52.9s/10m00.0s

running (08m54.0s), 200/200 VUs, 1877 complete and 0 interrupted iterations
concurrency   [  89% ] 200/200 VUs  08m53.9s/10m00.0s

running (08m55.0s), 200/200 VUs, 1877 complete and 0 interrupted iterations
concurrency   [  89% ] 200/200 VUs  08m54.9s/10m00.0s

running (08m56.0s), 200/200 VUs, 1877 complete and 0 interrupted iterations
concurrency   [  89% ] 200/200 VUs  08m55.9s/10m00.0s

running (08m57.0s), 200/200 VUs, 1892 complete and 0 interrupted iterations
concurrency   [  89% ] 200/200 VUs  08m56.9s/10m00.0s

running (08m58.0s), 200/200 VUs, 1895 complete and 0 interrupted iterations
concurrency   [  90% ] 200/200 VUs  08m57.9s/10m00.0s

running (08m59.0s), 200/200 VUs, 1901 complete and 0 interrupted iterations
concurrency   [  90% ] 200/200 VUs  08m58.9s/10m00.0s

running (09m00.0s), 200/200 VUs, 1922 complete and 0 interrupted iterations
concurrency   [  90% ] 200/200 VUs  08m59.9s/10m00.0s

running (09m01.0s), 200/200 VUs, 1929 complete and 0 interrupted iterations
concurrency   [  90% ] 200/200 VUs  09m00.9s/10m00.0s

running (09m02.0s), 200/200 VUs, 1929 complete and 0 interrupted iterations
concurrency   [  90% ] 200/200 VUs  09m01.9s/10m00.0s

running (09m03.0s), 200/200 VUs, 1929 complete and 0 interrupted iterations
concurrency   [  90% ] 200/200 VUs  09m02.9s/10m00.0s

running (09m04.0s), 200/200 VUs, 1929 complete and 0 interrupted iterations
concurrency   [  91% ] 200/200 VUs  09m03.9s/10m00.0s

running (09m05.0s), 200/200 VUs, 1932 complete and 0 interrupted iterations
concurrency   [  91% ] 200/200 VUs  09m04.9s/10m00.0s

running (09m06.0s), 200/200 VUs, 1943 complete and 0 interrupted iterations
concurrency   [  91% ] 200/200 VUs  09m05.9s/10m00.0s

running (09m07.0s), 200/200 VUs, 1952 complete and 0 interrupted iterations
concurrency   [  91% ] 200/200 VUs  09m06.9s/10m00.0s

running (09m08.0s), 200/200 VUs, 1960 complete and 0 interrupted iterations
concurrency   [  91% ] 200/200 VUs  09m07.9s/10m00.0s

running (09m09.0s), 200/200 VUs, 1969 complete and 0 interrupted iterations
concurrency   [  91% ] 200/200 VUs  09m08.9s/10m00.0s

running (09m10.0s), 200/200 VUs, 1977 complete and 0 interrupted iterations
concurrency   [  92% ] 200/200 VUs  09m09.9s/10m00.0s

running (09m11.0s), 200/200 VUs, 1988 complete and 0 interrupted iterations
concurrency   [  92% ] 200/200 VUs  09m10.9s/10m00.0s

running (09m12.0s), 200/200 VUs, 1996 complete and 0 interrupted iterations
concurrency   [  92% ] 200/200 VUs  09m11.9s/10m00.0s

running (09m13.0s), 200/200 VUs, 1996 complete and 0 interrupted iterations
concurrency   [  92% ] 200/200 VUs  09m12.9s/10m00.0s

running (09m14.0s), 200/200 VUs, 1996 complete and 0 interrupted iterations
concurrency   [  92% ] 200/200 VUs  09m13.9s/10m00.0s

running (09m15.0s), 200/200 VUs, 1998 complete and 0 interrupted iterations
concurrency   [  92% ] 200/200 VUs  09m14.9s/10m00.0s

running (09m16.0s), 200/200 VUs, 2014 complete and 0 interrupted iterations
concurrency   [  93% ] 200/200 VUs  09m15.9s/10m00.0s

running (09m17.0s), 200/200 VUs, 2024 complete and 0 interrupted iterations
concurrency   [  93% ] 200/200 VUs  09m16.9s/10m00.0s

running (09m18.0s), 200/200 VUs, 2024 complete and 0 interrupted iterations
concurrency   [  93% ] 200/200 VUs  09m17.9s/10m00.0s

running (09m19.0s), 200/200 VUs, 2027 complete and 0 interrupted iterations
concurrency   [  93% ] 200/200 VUs  09m18.9s/10m00.0s

running (09m20.0s), 200/200 VUs, 2034 complete and 0 interrupted iterations
concurrency   [  93% ] 200/200 VUs  09m19.9s/10m00.0s

running (09m21.0s), 200/200 VUs, 2034 complete and 0 interrupted iterations
concurrency   [  93% ] 200/200 VUs  09m20.9s/10m00.0s

running (09m22.0s), 200/200 VUs, 2049 complete and 0 interrupted iterations
concurrency   [  94% ] 200/200 VUs  09m21.9s/10m00.0s

running (09m23.0s), 200/200 VUs, 2057 complete and 0 interrupted iterations
concurrency   [  94% ] 200/200 VUs  09m22.9s/10m00.0s

running (09m24.0s), 200/200 VUs, 2063 complete and 0 interrupted iterations
concurrency   [  94% ] 200/200 VUs  09m23.9s/10m00.0s

running (09m25.0s), 200/200 VUs, 2066 complete and 0 interrupted iterations
concurrency   [  94% ] 200/200 VUs  09m24.9s/10m00.0s

running (09m26.0s), 200/200 VUs, 2076 complete and 0 interrupted iterations
concurrency   [  94% ] 200/200 VUs  09m25.9s/10m00.0s

running (09m27.0s), 200/200 VUs, 2077 complete and 0 interrupted iterations
concurrency   [  94% ] 200/200 VUs  09m26.9s/10m00.0s

running (09m28.0s), 200/200 VUs, 2077 complete and 0 interrupted iterations
concurrency   [  95% ] 200/200 VUs  09m27.9s/10m00.0s

running (09m29.0s), 200/200 VUs, 2077 complete and 0 interrupted iterations
concurrency   [  95% ] 200/200 VUs  09m28.9s/10m00.0s

running (09m30.0s), 200/200 VUs, 2077 complete and 0 interrupted iterations
concurrency   [  95% ] 200/200 VUs  09m29.9s/10m00.0s

running (09m31.0s), 200/200 VUs, 2077 complete and 0 interrupted iterations
concurrency   [  95% ] 200/200 VUs  09m30.9s/10m00.0s

running (09m32.0s), 200/200 VUs, 2090 complete and 0 interrupted iterations
concurrency   [  95% ] 200/200 VUs  09m31.9s/10m00.0s

running (09m33.0s), 200/200 VUs, 2092 complete and 0 interrupted iterations
concurrency   [  95% ] 200/200 VUs  09m32.9s/10m00.0s

running (09m34.0s), 200/200 VUs, 2101 complete and 0 interrupted iterations
concurrency   [  96% ] 200/200 VUs  09m33.9s/10m00.0s

running (09m35.0s), 200/200 VUs, 2105 complete and 0 interrupted iterations
concurrency   [  96% ] 200/200 VUs  09m34.9s/10m00.0s

running (09m36.0s), 200/200 VUs, 2129 complete and 0 interrupted iterations
concurrency   [  96% ] 200/200 VUs  09m35.9s/10m00.0s

running (09m37.0s), 200/200 VUs, 2129 complete and 0 interrupted iterations
concurrency   [  96% ] 200/200 VUs  09m36.9s/10m00.0s

running (09m38.0s), 200/200 VUs, 2129 complete and 0 interrupted iterations
concurrency   [  96% ] 200/200 VUs  09m37.9s/10m00.0s

running (09m39.0s), 200/200 VUs, 2129 complete and 0 interrupted iterations
concurrency   [  96% ] 200/200 VUs  09m38.9s/10m00.0s

running (09m40.0s), 200/200 VUs, 2129 complete and 0 interrupted iterations
concurrency   [  97% ] 200/200 VUs  09m39.9s/10m00.0s

running (09m41.0s), 200/200 VUs, 2143 complete and 0 interrupted iterations
concurrency   [  97% ] 200/200 VUs  09m40.9s/10m00.0s

running (09m42.0s), 200/200 VUs, 2145 complete and 0 interrupted iterations
concurrency   [  97% ] 200/200 VUs  09m41.9s/10m00.0s

running (09m43.0s), 200/200 VUs, 2152 complete and 0 interrupted iterations
concurrency   [  97% ] 200/200 VUs  09m42.9s/10m00.0s

running (09m44.0s), 200/200 VUs, 2161 complete and 0 interrupted iterations
concurrency   [  97% ] 200/200 VUs  09m43.9s/10m00.0s

running (09m45.0s), 200/200 VUs, 2166 complete and 0 interrupted iterations
concurrency   [  97% ] 200/200 VUs  09m44.9s/10m00.0s

running (09m46.0s), 200/200 VUs, 2178 complete and 0 interrupted iterations
concurrency   [  98% ] 200/200 VUs  09m45.9s/10m00.0s

running (09m47.0s), 200/200 VUs, 2195 complete and 0 interrupted iterations
concurrency   [  98% ] 200/200 VUs  09m46.9s/10m00.0s

running (09m48.0s), 200/200 VUs, 2196 complete and 0 interrupted iterations
concurrency   [  98% ] 200/200 VUs  09m47.9s/10m00.0s

running (09m49.0s), 200/200 VUs, 2201 complete and 0 interrupted iterations
concurrency   [  98% ] 200/200 VUs  09m48.9s/10m00.0s

running (09m50.0s), 200/200 VUs, 2217 complete and 0 interrupted iterations
concurrency   [  98% ] 200/200 VUs  09m49.9s/10m00.0s

running (09m51.0s), 200/200 VUs, 2224 complete and 0 interrupted iterations
concurrency   [  98% ] 200/200 VUs  09m50.9s/10m00.0s

running (09m52.0s), 200/200 VUs, 2225 complete and 0 interrupted iterations
concurrency   [  99% ] 200/200 VUs  09m51.9s/10m00.0s

running (09m53.0s), 200/200 VUs, 2225 complete and 0 interrupted iterations
concurrency   [  99% ] 200/200 VUs  09m52.9s/10m00.0s

running (09m54.0s), 200/200 VUs, 2234 complete and 0 interrupted iterations
concurrency   [  99% ] 200/200 VUs  09m53.9s/10m00.0s

running (09m55.0s), 200/200 VUs, 2234 complete and 0 interrupted iterations
concurrency   [  99% ] 200/200 VUs  09m54.9s/10m00.0s

running (09m56.0s), 200/200 VUs, 2234 complete and 0 interrupted iterations
concurrency   [  99% ] 200/200 VUs  09m55.9s/10m00.0s

running (09m57.0s), 200/200 VUs, 2234 complete and 0 interrupted iterations
concurrency   [  99% ] 200/200 VUs  09m56.9s/10m00.0s

running (09m58.0s), 200/200 VUs, 2234 complete and 0 interrupted iterations
concurrency   [ 100% ] 200/200 VUs  09m57.9s/10m00.0s

running (09m59.0s), 200/200 VUs, 2236 complete and 0 interrupted iterations
concurrency   [ 100% ] 200/200 VUs  09m58.9s/10m00.0s

running (10m00.0s), 200/200 VUs, 2241 complete and 0 interrupted iterations
concurrency   [ 100% ] 200/200 VUs  09m59.9s/10m00.0s

running (10m01.0s), 181/200 VUs, 2260 complete and 0 interrupted iterations
concurrency ↓ [ 100% ] 200/200 VUs  10m0s

running (10m02.0s), 164/200 VUs, 2277 complete and 0 interrupted iterations
concurrency ↓ [ 100% ] 200/200 VUs  10m0s

running (10m03.0s), 164/200 VUs, 2277 complete and 0 interrupted iterations
concurrency ↓ [ 100% ] 200/200 VUs  10m0s

running (10m04.0s), 164/200 VUs, 2277 complete and 0 interrupted iterations
concurrency ↓ [ 100% ] 200/200 VUs  10m0s

running (10m05.0s), 164/200 VUs, 2277 complete and 0 interrupted iterations
concurrency ↓ [ 100% ] 200/200 VUs  10m0s

running (10m06.0s), 164/200 VUs, 2277 complete and 0 interrupted iterations
concurrency ↓ [ 100% ] 200/200 VUs  10m0s

running (10m07.0s), 164/200 VUs, 2277 complete and 0 interrupted iterations
concurrency ↓ [ 100% ] 200/200 VUs  10m0s

running (10m08.0s), 151/200 VUs, 2290 complete and 0 interrupted iterations
concurrency ↓ [ 100% ] 200/200 VUs  10m0s

running (10m09.0s), 150/200 VUs, 2291 complete and 0 interrupted iterations
concurrency ↓ [ 100% ] 200/200 VUs  10m0s

running (10m10.0s), 141/200 VUs, 2300 complete and 0 interrupted iterations
concurrency ↓ [ 100% ] 200/200 VUs  10m0s

running (10m11.0s), 130/200 VUs, 2311 complete and 0 interrupted iterations
concurrency ↓ [ 100% ] 200/200 VUs  10m0s

running (10m12.0s), 128/200 VUs, 2313 complete and 0 interrupted iterations
concurrency ↓ [ 100% ] 200/200 VUs  10m0s

running (10m13.0s), 120/200 VUs, 2321 complete and 0 interrupted iterations
concurrency ↓ [ 100% ] 200/200 VUs  10m0s

running (10m14.0s), 116/200 VUs, 2325 complete and 0 interrupted iterations
concurrency ↓ [ 100% ] 200/200 VUs  10m0s

running (10m15.0s), 112/200 VUs, 2329 complete and 0 interrupted iterations
concurrency ↓ [ 100% ] 200/200 VUs  10m0s

running (10m16.0s), 112/200 VUs, 2329 complete and 0 interrupted iterations
concurrency ↓ [ 100% ] 200/200 VUs  10m0s

running (10m17.0s), 098/200 VUs, 2343 complete and 0 interrupted iterations
concurrency ↓ [ 100% ] 200/200 VUs  10m0s

running (10m18.0s), 092/200 VUs, 2349 complete and 0 interrupted iterations
concurrency ↓ [ 100% ] 200/200 VUs  10m0s

running (10m19.0s), 090/200 VUs, 2351 complete and 0 interrupted iterations
concurrency ↓ [ 100% ] 200/200 VUs  10m0s

running (10m20.0s), 082/200 VUs, 2359 complete and 0 interrupted iterations
concurrency ↓ [ 100% ] 200/200 VUs  10m0s

running (10m21.0s), 081/200 VUs, 2360 complete and 0 interrupted iterations
concurrency ↓ [ 100% ] 200/200 VUs  10m0s

running (10m22.0s), 071/200 VUs, 2370 complete and 0 interrupted iterations
concurrency ↓ [ 100% ] 200/200 VUs  10m0s

running (10m23.0s), 066/200 VUs, 2375 complete and 0 interrupted iterations
concurrency ↓ [ 100% ] 200/200 VUs  10m0s

running (10m24.0s), 056/200 VUs, 2385 complete and 0 interrupted iterations
concurrency ↓ [ 100% ] 200/200 VUs  10m0s

running (10m25.0s), 046/200 VUs, 2395 complete and 0 interrupted iterations
concurrency ↓ [ 100% ] 200/200 VUs  10m0s

running (10m26.0s), 036/200 VUs, 2405 complete and 0 interrupted iterations
concurrency ↓ [ 100% ] 200/200 VUs  10m0s

running (10m27.0s), 023/200 VUs, 2418 complete and 0 interrupted iterations
concurrency ↓ [ 100% ] 200/200 VUs  10m0s

running (10m28.0s), 007/200 VUs, 2434 complete and 0 interrupted iterations
concurrency ↓ [ 100% ] 200/200 VUs  10m0s

running (10m29.0s), 007/200 VUs, 2434 complete and 0 interrupted iterations
concurrency ↓ [ 100% ] 200/200 VUs  10m0s

running (10m30.0s), 007/200 VUs, 2434 complete and 0 interrupted iterations
concurrency ↓ [ 100% ] 200/200 VUs  10m0s

================ DSP benchmark summary ================
-- per-phase latency --
  catalog                    p50=114.5 ms  p95=460.0 ms  p99=625.6 ms  max=1111.6 ms  n=2441
  negotiation init (POST)    p50=16.5 ms  p95=109.2 ms  p99=141.1 ms  max=201.2 ms  n=2441
  time-to-AGREED (async)     p50=4518.0 ms  p95=6605.0 ms  p99=7317.6 ms  max=8107.0 ms  n=2441
  transfer init (POST)       p50=77.2 ms  p95=180.8 ms  p99=229.2 ms  max=338.0 ms  n=2441
  time-to-EDR (async)        p50=10368.0 ms  p95=27780.0 ms  p99=29829.6 ms  max=30109.0 ms  n=1541
  data pull                  p50=25.4 ms  p95=45.0 ms  p99=48.1 ms  max=450.4 ms  n=1541
-- end-to-end + throughput --
  e2e transaction            p50=15182.0 ms  p95=32509.0 ms  p99=34796.4 ms  max=36440.0 ms  n=1541
  data throughput (MB/s)     p50=0.2  p95=0.2  p99=0.2  max=0.2  n=1541
-- outcomes --
  transactions succeeded     count=1541  rate=2.446/s
  transactions failed        count=893  rate=1.417/s
  failed rate                rate=36.69%  (pass=893 fail=1541)
-- observer effect (poll load) --
  negotiation polls          count=44444  rate=70.545/s
  edr polls                  count=186020  rate=295.264/s
=======================================================
(full summary -> /home/rohitj/edc/benchmarking-factoryx-edc/resources/local-fx-mvd/k6-scripts/results/factoryx/concurrency-closed/2026-07-29T17-06-16Z/k6-summary.json; POLL_INTERVAL_MS=250; IDENTITY_MODE=on)

running (10m30.0s), 000/200 VUs, 2434 complete and 7 interrupted iterations
concurrency ✓ [ 100% ] 007/200 VUs  10m0s
Prometheus snapshot [1785344841..1785345487] svc=(provider-controlplane|provider-dataplane|consumer-controlplane|consumer-dataplane) win=1m -> /home/rohitj/edc/benchmarking-factoryx-edc/resources/local-fx-mvd/k6-scripts/results/factoryx/concurrency-closed/2026-07-29T17-06-16Z
  jvm-heap.csv (520 rows)
  jvm-gc-rate.csv (520 rows)
  jvm-threads.csv (520 rows)
  http-throughput.csv (520 rows)
  http-p95.csv (520 rows)
  http-errors.csv (260 rows)
  host-cpu-busy.csv (130 rows)
  host-mem-used.csv (130 rows)
>>> done: /home/rohitj/edc/benchmarking-factoryx-edc/resources/local-fx-mvd/k6-scripts/results/factoryx/concurrency-closed/2026-07-29T17-06-16Z  (k6 exit 0)
----- factoryx / smoke (rep 3) -----
>>> factoryx / smoke  ->  /home/rohitj/edc/benchmarking-factoryx-edc/resources/local-fx-mvd/k6-scripts/results/factoryx/smoke/2026-07-29T17-18-07Z
parity OK: lib/ + scenarios/ identical to /home/rohitj/edc/benchmarking-factoryx-edc/resources/local-fx-mvd/k6-scripts
Health: http://localhost:29010/management + prometheus  OK
Warmup 60s @ 2/s (discarded)
  (warmup non-zero exit ignored)

         /\      Grafana   /‾‾/  
    /\  /  \     |\  __   /  /   
   /  \/    \    | |/ /  /   ‾‾\ 
  /          \   |   (  |  (‾)  |
 / __________ \  |_|\_\  \_____/ 


     execution: local
        script: /home/rohitj/edc/benchmarking-factoryx-edc/resources/local-fx-mvd/k6-scripts/scenarios/smoke.js
        output: -

     scenarios: (100.00%) 1 scenario, 1 max VUs, 5m30s max duration (incl. graceful stop):
              * smoke: 5 iterations for each of 1 VUs (maxDuration: 5m0s, gracefulStop: 30s)


running (0m01.0s), 1/1 VUs, 0 complete and 0 interrupted iterations
smoke   [   0% ] 1 VUs  0m01.0s/5m0s  0/5 iters, 5 per VU

running (0m02.0s), 1/1 VUs, 0 complete and 0 interrupted iterations
smoke   [   0% ] 1 VUs  0m02.0s/5m0s  0/5 iters, 5 per VU

running (0m03.0s), 1/1 VUs, 0 complete and 0 interrupted iterations
smoke   [   0% ] 1 VUs  0m03.0s/5m0s  0/5 iters, 5 per VU

running (0m04.0s), 1/1 VUs, 0 complete and 0 interrupted iterations
smoke   [   0% ] 1 VUs  0m04.0s/5m0s  0/5 iters, 5 per VU

running (0m05.0s), 1/1 VUs, 0 complete and 0 interrupted iterations
smoke   [   0% ] 1 VUs  0m05.0s/5m0s  0/5 iters, 5 per VU

running (0m06.0s), 1/1 VUs, 1 complete and 0 interrupted iterations
smoke   [  20% ] 1 VUs  0m06.0s/5m0s  1/5 iters, 5 per VU

running (0m07.0s), 1/1 VUs, 1 complete and 0 interrupted iterations
smoke   [  20% ] 1 VUs  0m07.0s/5m0s  1/5 iters, 5 per VU

running (0m08.0s), 1/1 VUs, 1 complete and 0 interrupted iterations
smoke   [  20% ] 1 VUs  0m08.0s/5m0s  1/5 iters, 5 per VU

running (0m09.0s), 1/1 VUs, 1 complete and 0 interrupted iterations
smoke   [  20% ] 1 VUs  0m09.0s/5m0s  1/5 iters, 5 per VU

running (0m10.0s), 1/1 VUs, 2 complete and 0 interrupted iterations
smoke   [  40% ] 1 VUs  0m10.0s/5m0s  2/5 iters, 5 per VU

running (0m11.0s), 1/1 VUs, 2 complete and 0 interrupted iterations
smoke   [  40% ] 1 VUs  0m11.0s/5m0s  2/5 iters, 5 per VU

running (0m12.0s), 1/1 VUs, 2 complete and 0 interrupted iterations
smoke   [  40% ] 1 VUs  0m12.0s/5m0s  2/5 iters, 5 per VU

running (0m13.0s), 1/1 VUs, 2 complete and 0 interrupted iterations
smoke   [  40% ] 1 VUs  0m13.0s/5m0s  2/5 iters, 5 per VU

running (0m14.0s), 1/1 VUs, 3 complete and 0 interrupted iterations
smoke   [  60% ] 1 VUs  0m14.0s/5m0s  3/5 iters, 5 per VU

running (0m15.0s), 1/1 VUs, 3 complete and 0 interrupted iterations
smoke   [  60% ] 1 VUs  0m15.0s/5m0s  3/5 iters, 5 per VU

running (0m16.0s), 1/1 VUs, 3 complete and 0 interrupted iterations
smoke   [  60% ] 1 VUs  0m16.0s/5m0s  3/5 iters, 5 per VU

running (0m17.0s), 1/1 VUs, 3 complete and 0 interrupted iterations
smoke   [  60% ] 1 VUs  0m17.0s/5m0s  3/5 iters, 5 per VU

running (0m18.0s), 1/1 VUs, 3 complete and 0 interrupted iterations
smoke   [  60% ] 1 VUs  0m18.0s/5m0s  3/5 iters, 5 per VU

running (0m19.0s), 1/1 VUs, 4 complete and 0 interrupted iterations
smoke   [  80% ] 1 VUs  0m19.0s/5m0s  4/5 iters, 5 per VU

running (0m20.0s), 1/1 VUs, 4 complete and 0 interrupted iterations
smoke   [  80% ] 1 VUs  0m20.0s/5m0s  4/5 iters, 5 per VU

running (0m21.0s), 1/1 VUs, 4 complete and 0 interrupted iterations
smoke   [  80% ] 1 VUs  0m21.0s/5m0s  4/5 iters, 5 per VU

running (0m22.0s), 1/1 VUs, 4 complete and 0 interrupted iterations
smoke   [  80% ] 1 VUs  0m22.0s/5m0s  4/5 iters, 5 per VU

================ DSP benchmark summary ================
-- per-phase latency --
  catalog                    p50=67.4 ms  p95=84.2 ms  p99=86.9 ms  max=87.6 ms  n=5
  negotiation init (POST)    p50=7.3 ms  p95=7.3 ms  p99=7.3 ms  max=7.3 ms  n=5
  time-to-AGREED (async)     p50=2802.0 ms  p95=3012.8 ms  p99=3053.8 ms  max=3064.0 ms  n=5
  transfer init (POST)       p50=81.3 ms  p95=104.3 ms  p99=106.3 ms  max=106.8 ms  n=5
  time-to-EDR (async)        p50=1275.0 ms  p95=1986.8 ms  p99=2027.8 ms  max=2038.0 ms  n=5
  data pull                  p50=25.5 ms  p95=27.2 ms  p99=27.5 ms  max=27.5 ms  n=5
-- end-to-end + throughput --
  e2e transaction            p50=4273.0 ms  p95=4921.4 ms  p99=5006.7 ms  max=5028.0 ms  n=5
  data throughput (MB/s)     p50=0.2  p95=0.2  p99=0.2  max=0.2  n=5
-- outcomes --
  transactions succeeded     count=5  rate=0.225/s
  transactions failed        (no data)
  failed rate                rate=0.00%  (pass=0 fail=5)
-- observer effect (poll load) --
  negotiation polls          count=59  rate=2.650/s
  edr polls                  count=35  rate=1.572/s
=======================================================
(full summary -> /home/rohitj/edc/benchmarking-factoryx-edc/resources/local-fx-mvd/k6-scripts/results/factoryx/smoke/2026-07-29T17-18-07Z/k6-summary.json; POLL_INTERVAL_MS=250; IDENTITY_MODE=on)

running (0m22.3s), 0/1 VUs, 5 complete and 0 interrupted iterations
smoke ✓ [ 100% ] 1 VUs  0m22.2s/5m0s  5/5 iters, 5 per VU
Prometheus snapshot [1785345553..1785345590] svc=(provider-controlplane|provider-dataplane|consumer-controlplane|consumer-dataplane) win=1m -> /home/rohitj/edc/benchmarking-factoryx-edc/resources/local-fx-mvd/k6-scripts/results/factoryx/smoke/2026-07-29T17-18-07Z
  jvm-heap.csv (32 rows)
  jvm-gc-rate.csv (32 rows)
  jvm-threads.csv (32 rows)
  http-throughput.csv (32 rows)
  http-p95.csv (32 rows)
  http-errors.csv (16 rows)
  host-cpu-busy.csv (8 rows)
  host-mem-used.csv (8 rows)
>>> done: /home/rohitj/edc/benchmarking-factoryx-edc/resources/local-fx-mvd/k6-scripts/results/factoryx/smoke/2026-07-29T17-18-07Z  (k6 exit 0)
----- factoryx / saturation-open (rep 3) -----
>>> factoryx / saturation-open  ->  /home/rohitj/edc/benchmarking-factoryx-edc/resources/local-fx-mvd/k6-scripts/results/factoryx/saturation-open/2026-07-29T17-19-51Z
parity OK: lib/ + scenarios/ identical to /home/rohitj/edc/benchmarking-factoryx-edc/resources/local-fx-mvd/k6-scripts
Health: http://localhost:29010/management + prometheus  OK
Warmup 60s @ 2/s (discarded)

         /\      Grafana   /‾‾/  
    /\  /  \     |\  __   /  /   
   /  \/    \    | |/ /  /   ‾‾\ 
  /          \   |   (  |  (‾)  |
 / __________ \  |_|\_\  \_____/ 


     execution: local
        script: /home/rohitj/edc/benchmarking-factoryx-edc/resources/local-fx-mvd/k6-scripts/scenarios/saturation-open.js
        output: -

     scenarios: (100.00%) 1 scenario, 800 max VUs, 12m30s max duration (incl. graceful stop):
              * saturation: Up to 40.00 iterations/s for 12m0s over 6 stages (maxVUs: 100-800, gracefulStop: 30s)


running (00m01.0s), 000/100 VUs, 0 complete and 0 interrupted iterations
saturation   [   0% ] 000/100 VUs  00m01.0s/12m0s  01.00 iters/s

running (00m02.0s), 001/100 VUs, 0 complete and 0 interrupted iterations
saturation   [   0% ] 001/100 VUs  00m02.0s/12m0s  01.01 iters/s

running (00m03.0s), 002/100 VUs, 0 complete and 0 interrupted iterations
saturation   [   0% ] 002/100 VUs  00m03.0s/12m0s  01.02 iters/s

running (00m04.0s), 004/100 VUs, 0 complete and 0 interrupted iterations
saturation   [   1% ] 004/100 VUs  00m04.0s/12m0s  01.04 iters/s

running (00m05.0s), 005/100 VUs, 0 complete and 0 interrupted iterations
saturation   [   1% ] 005/100 VUs  00m05.0s/12m0s  01.04 iters/s

running (00m06.0s), 006/100 VUs, 0 complete and 0 interrupted iterations
saturation   [   1% ] 006/100 VUs  00m06.0s/12m0s  01.05 iters/s

running (00m07.0s), 006/100 VUs, 1 complete and 0 interrupted iterations
saturation   [   1% ] 006/100 VUs  00m07.0s/12m0s  01.06 iters/s

running (00m08.0s), 005/100 VUs, 3 complete and 0 interrupted iterations
saturation   [   1% ] 005/100 VUs  00m08.0s/12m0s  01.07 iters/s

running (00m09.0s), 005/100 VUs, 4 complete and 0 interrupted iterations
saturation   [   1% ] 005/100 VUs  00m09.0s/12m0s  01.08 iters/s

running (00m10.0s), 005/100 VUs, 5 complete and 0 interrupted iterations
saturation   [   1% ] 005/100 VUs  00m10.0s/12m0s  01.08 iters/s

running (00m11.0s), 006/100 VUs, 5 complete and 0 interrupted iterations
saturation   [   2% ] 006/100 VUs  00m11.0s/12m0s  01.09 iters/s

running (00m12.0s), 006/100 VUs, 6 complete and 0 interrupted iterations
saturation   [   2% ] 006/100 VUs  00m12.0s/12m0s  01.10 iters/s

running (00m13.0s), 005/100 VUs, 8 complete and 0 interrupted iterations
saturation   [   2% ] 005/100 VUs  00m13.0s/12m0s  01.11 iters/s

running (00m14.0s), 005/100 VUs, 9 complete and 0 interrupted iterations
saturation   [   2% ] 005/100 VUs  00m14.0s/12m0s  01.11 iters/s

running (00m15.0s), 006/100 VUs, 9 complete and 0 interrupted iterations
saturation   [   2% ] 006/100 VUs  00m15.0s/12m0s  01.12 iters/s

running (00m16.0s), 006/100 VUs, 11 complete and 0 interrupted iterations
saturation   [   2% ] 006/100 VUs  00m16.0s/12m0s  01.14 iters/s

running (00m17.0s), 006/100 VUs, 12 complete and 0 interrupted iterations
saturation   [   2% ] 006/100 VUs  00m17.0s/12m0s  01.14 iters/s

running (00m18.0s), 006/100 VUs, 13 complete and 0 interrupted iterations
saturation   [   2% ] 006/100 VUs  00m18.0s/12m0s  01.15 iters/s

running (00m19.0s), 007/100 VUs, 13 complete and 0 interrupted iterations
saturation   [   3% ] 007/100 VUs  00m19.0s/12m0s  01.16 iters/s

running (00m20.0s), 005/100 VUs, 16 complete and 0 interrupted iterations
saturation   [   3% ] 005/100 VUs  00m20.0s/12m0s  01.17 iters/s

running (00m21.0s), 005/100 VUs, 17 complete and 0 interrupted iterations
saturation   [   3% ] 005/100 VUs  00m21.0s/12m0s  01.17 iters/s

running (00m22.0s), 006/100 VUs, 17 complete and 0 interrupted iterations
saturation   [   3% ] 006/100 VUs  00m22.0s/12m0s  01.18 iters/s

running (00m23.0s), 005/100 VUs, 20 complete and 0 interrupted iterations
saturation   [   3% ] 005/100 VUs  00m23.0s/12m0s  01.19 iters/s

running (00m24.0s), 006/100 VUs, 20 complete and 0 interrupted iterations
saturation   [   3% ] 006/100 VUs  00m24.0s/12m0s  01.20 iters/s

running (00m25.0s), 005/100 VUs, 22 complete and 0 interrupted iterations
saturation   [   3% ] 005/100 VUs  00m25.0s/12m0s  01.21 iters/s

running (00m26.0s), 005/100 VUs, 23 complete and 0 interrupted iterations
saturation   [   4% ] 005/100 VUs  00m26.0s/12m0s  01.21 iters/s

running (00m27.0s), 006/100 VUs, 23 complete and 0 interrupted iterations
saturation   [   4% ] 006/100 VUs  00m27.0s/12m0s  01.22 iters/s

running (00m28.0s), 007/100 VUs, 24 complete and 0 interrupted iterations
saturation   [   4% ] 007/100 VUs  00m28.0s/12m0s  01.23 iters/s

running (00m29.0s), 006/100 VUs, 26 complete and 0 interrupted iterations
saturation   [   4% ] 006/100 VUs  00m29.0s/12m0s  01.24 iters/s

running (00m30.0s), 005/100 VUs, 28 complete and 0 interrupted iterations
saturation   [   4% ] 005/100 VUs  00m30.0s/12m0s  01.25 iters/s

running (00m31.0s), 005/100 VUs, 29 complete and 0 interrupted iterations
saturation   [   4% ] 005/100 VUs  00m31.0s/12m0s  01.25 iters/s

running (00m32.0s), 006/100 VUs, 30 complete and 0 interrupted iterations
saturation   [   4% ] 006/100 VUs  00m32.0s/12m0s  01.27 iters/s

running (00m33.0s), 006/100 VUs, 31 complete and 0 interrupted iterations
saturation   [   5% ] 006/100 VUs  00m33.0s/12m0s  01.27 iters/s

running (00m34.0s), 006/100 VUs, 32 complete and 0 interrupted iterations
saturation   [   5% ] 006/100 VUs  00m34.0s/12m0s  01.28 iters/s

running (00m35.0s), 006/100 VUs, 34 complete and 0 interrupted iterations
saturation   [   5% ] 006/100 VUs  00m35.0s/12m0s  01.29 iters/s

running (00m36.0s), 007/100 VUs, 34 complete and 0 interrupted iterations
saturation   [   5% ] 007/100 VUs  00m36.0s/12m0s  01.30 iters/s

running (00m37.0s), 006/100 VUs, 36 complete and 0 interrupted iterations
saturation   [   5% ] 006/100 VUs  00m37.0s/12m0s  01.31 iters/s

running (00m38.0s), 006/100 VUs, 37 complete and 0 interrupted iterations
saturation   [   5% ] 006/100 VUs  00m38.0s/12m0s  01.31 iters/s

running (00m39.0s), 006/100 VUs, 39 complete and 0 interrupted iterations
saturation   [   5% ] 006/100 VUs  00m39.0s/12m0s  01.33 iters/s

running (00m40.0s), 006/100 VUs, 40 complete and 0 interrupted iterations
saturation   [   6% ] 006/100 VUs  00m40.0s/12m0s  01.33 iters/s

running (00m41.0s), 007/100 VUs, 40 complete and 0 interrupted iterations
saturation   [   6% ] 007/100 VUs  00m41.0s/12m0s  01.34 iters/s

running (00m42.0s), 007/100 VUs, 42 complete and 0 interrupted iterations
saturation   [   6% ] 007/100 VUs  00m42.0s/12m0s  01.35 iters/s

running (00m43.0s), 006/100 VUs, 44 complete and 0 interrupted iterations
saturation   [   6% ] 006/100 VUs  00m43.0s/12m0s  01.36 iters/s

running (00m44.0s), 007/100 VUs, 45 complete and 0 interrupted iterations
saturation   [   6% ] 007/100 VUs  00m44.0s/12m0s  01.37 iters/s

running (00m45.0s), 008/100 VUs, 45 complete and 0 interrupted iterations
saturation   [   6% ] 008/100 VUs  00m45.0s/12m0s  01.38 iters/s

running (00m46.0s), 007/100 VUs, 47 complete and 0 interrupted iterations
saturation   [   6% ] 007/100 VUs  00m46.0s/12m0s  01.38 iters/s

running (00m47.0s), 006/100 VUs, 50 complete and 0 interrupted iterations
saturation   [   7% ] 006/100 VUs  00m47.0s/12m0s  01.39 iters/s

running (00m48.0s), 007/100 VUs, 50 complete and 0 interrupted iterations
saturation   [   7% ] 007/100 VUs  00m48.0s/12m0s  01.40 iters/s

running (00m49.0s), 005/100 VUs, 53 complete and 0 interrupted iterations
saturation   [   7% ] 005/100 VUs  00m49.0s/12m0s  01.41 iters/s

running (00m50.0s), 007/100 VUs, 53 complete and 0 interrupted iterations
saturation   [   7% ] 007/100 VUs  00m50.0s/12m0s  01.42 iters/s

running (00m51.0s), 006/100 VUs, 55 complete and 0 interrupted iterations
saturation   [   7% ] 006/100 VUs  00m51.0s/12m0s  01.42 iters/s

running (00m52.0s), 006/100 VUs, 57 complete and 0 interrupted iterations
saturation   [   7% ] 006/100 VUs  00m52.0s/12m0s  01.43 iters/s

running (00m53.0s), 007/100 VUs, 57 complete and 0 interrupted iterations
saturation   [   7% ] 007/100 VUs  00m53.0s/12m0s  01.44 iters/s

running (00m54.0s), 008/100 VUs, 58 complete and 0 interrupted iterations
saturation   [   7% ] 008/100 VUs  00m54.0s/12m0s  01.45 iters/s

running (00m55.0s), 007/100 VUs, 60 complete and 0 interrupted iterations
saturation   [   8% ] 007/100 VUs  00m55.0s/12m0s  01.46 iters/s

running (00m56.0s), 008/100 VUs, 61 complete and 0 interrupted iterations
saturation   [   8% ] 008/100 VUs  00m56.0s/12m0s  01.47 iters/s

running (00m57.0s), 008/100 VUs, 62 complete and 0 interrupted iterations
saturation   [   8% ] 008/100 VUs  00m57.0s/12m0s  01.47 iters/s

running (00m58.0s), 007/100 VUs, 64 complete and 0 interrupted iterations
saturation   [   8% ] 007/100 VUs  00m58.0s/12m0s  01.48 iters/s

running (00m59.0s), 007/100 VUs, 66 complete and 0 interrupted iterations
saturation   [   8% ] 007/100 VUs  00m59.0s/12m0s  01.49 iters/s

running (01m00.0s), 006/100 VUs, 68 complete and 0 interrupted iterations
saturation   [   8% ] 006/100 VUs  01m00.0s/12m0s  01.50 iters/s

running (01m01.0s), 007/100 VUs, 69 complete and 0 interrupted iterations
saturation   [   8% ] 007/100 VUs  01m01.0s/12m0s  01.51 iters/s

running (01m02.0s), 007/100 VUs, 70 complete and 0 interrupted iterations
saturation   [   9% ] 007/100 VUs  01m02.0s/12m0s  01.51 iters/s

running (01m03.0s), 007/100 VUs, 72 complete and 0 interrupted iterations
saturation   [   9% ] 007/100 VUs  01m03.0s/12m0s  01.52 iters/s

running (01m04.0s), 009/100 VUs, 72 complete and 0 interrupted iterations
saturation   [   9% ] 009/100 VUs  01m04.0s/12m0s  01.54 iters/s

running (01m05.0s), 008/100 VUs, 74 complete and 0 interrupted iterations
saturation   [   9% ] 008/100 VUs  01m05.0s/12m0s  01.54 iters/s

running (01m06.0s), 008/100 VUs, 76 complete and 0 interrupted iterations
saturation   [   9% ] 008/100 VUs  01m06.0s/12m0s  01.55 iters/s

running (01m07.0s), 007/100 VUs, 78 complete and 0 interrupted iterations
saturation   [   9% ] 007/100 VUs  01m07.0s/12m0s  01.56 iters/s

running (01m08.0s), 007/100 VUs, 80 complete and 0 interrupted iterations
saturation   [   9% ] 007/100 VUs  01m08.0s/12m0s  01.57 iters/s

running (01m09.0s), 008/100 VUs, 80 complete and 0 interrupted iterations
saturation   [  10% ] 008/100 VUs  01m09.0s/12m0s  01.57 iters/s

running (01m10.0s), 008/100 VUs, 82 complete and 0 interrupted iterations
saturation   [  10% ] 008/100 VUs  01m10.0s/12m0s  01.58 iters/s

running (01m11.0s), 007/100 VUs, 84 complete and 0 interrupted iterations
saturation   [  10% ] 007/100 VUs  01m11.0s/12m0s  01.59 iters/s

running (01m12.0s), 009/100 VUs, 84 complete and 0 interrupted iterations
saturation   [  10% ] 009/100 VUs  01m12.0s/12m0s  01.60 iters/s

running (01m13.0s), 007/100 VUs, 88 complete and 0 interrupted iterations
saturation   [  10% ] 007/100 VUs  01m13.0s/12m0s  01.61 iters/s

running (01m14.0s), 007/100 VUs, 89 complete and 0 interrupted iterations
saturation   [  10% ] 007/100 VUs  01m14.0s/12m0s  01.62 iters/s

running (01m15.0s), 008/100 VUs, 90 complete and 0 interrupted iterations
saturation   [  10% ] 008/100 VUs  01m15.0s/12m0s  01.63 iters/s

running (01m16.0s), 008/100 VUs, 92 complete and 0 interrupted iterations
saturation   [  11% ] 008/100 VUs  01m16.0s/12m0s  01.64 iters/s

running (01m17.0s), 009/100 VUs, 92 complete and 0 interrupted iterations
saturation   [  11% ] 009/100 VUs  01m17.0s/12m0s  01.64 iters/s

running (01m18.0s), 011/100 VUs, 92 complete and 0 interrupted iterations
saturation   [  11% ] 011/100 VUs  01m18.0s/12m0s  01.65 iters/s

running (01m19.0s), 007/100 VUs, 97 complete and 0 interrupted iterations
saturation   [  11% ] 007/100 VUs  01m19.0s/12m0s  01.66 iters/s

running (01m20.0s), 009/100 VUs, 97 complete and 0 interrupted iterations
saturation   [  11% ] 009/100 VUs  01m20.0s/12m0s  01.67 iters/s

running (01m21.0s), 010/100 VUs, 98 complete and 0 interrupted iterations
saturation   [  11% ] 010/100 VUs  01m21.0s/12m0s  01.68 iters/s

running (01m22.0s), 009/100 VUs, 100 complete and 0 interrupted iterations
saturation   [  11% ] 009/100 VUs  01m22.0s/12m0s  01.68 iters/s

running (01m23.0s), 009/100 VUs, 102 complete and 0 interrupted iterations
saturation   [  12% ] 009/100 VUs  01m23.0s/12m0s  01.69 iters/s

running (01m24.0s), 009/100 VUs, 104 complete and 0 interrupted iterations
saturation   [  12% ] 009/100 VUs  01m24.0s/12m0s  01.70 iters/s

running (01m25.0s), 011/100 VUs, 104 complete and 0 interrupted iterations
saturation   [  12% ] 011/100 VUs  01m25.0s/12m0s  01.71 iters/s

running (01m26.0s), 010/100 VUs, 106 complete and 0 interrupted iterations
saturation   [  12% ] 010/100 VUs  01m26.0s/12m0s  01.72 iters/s

running (01m27.0s), 011/100 VUs, 107 complete and 0 interrupted iterations
saturation   [  12% ] 011/100 VUs  01m27.0s/12m0s  01.72 iters/s

running (01m28.0s), 012/100 VUs, 108 complete and 0 interrupted iterations
saturation   [  12% ] 012/100 VUs  01m28.0s/12m0s  01.73 iters/s

running (01m29.0s), 009/100 VUs, 112 complete and 0 interrupted iterations
saturation   [  12% ] 009/100 VUs  01m29.0s/12m0s  01.74 iters/s

running (01m30.0s), 010/100 VUs, 113 complete and 0 interrupted iterations
saturation   [  12% ] 010/100 VUs  01m30.0s/12m0s  01.75 iters/s

running (01m31.0s), 012/100 VUs, 113 complete and 0 interrupted iterations
saturation   [  13% ] 012/100 VUs  01m31.0s/12m0s  01.76 iters/s

running (01m32.0s), 014/100 VUs, 113 complete and 0 interrupted iterations
saturation   [  13% ] 014/100 VUs  01m32.0s/12m0s  01.77 iters/s

running (01m33.0s), 009/100 VUs, 119 complete and 0 interrupted iterations
saturation   [  13% ] 009/100 VUs  01m33.0s/12m0s  01.77 iters/s

running (01m34.0s), 009/100 VUs, 121 complete and 0 interrupted iterations
saturation   [  13% ] 009/100 VUs  01m34.0s/12m0s  01.78 iters/s

running (01m35.0s), 009/100 VUs, 123 complete and 0 interrupted iterations
saturation   [  13% ] 009/100 VUs  01m35.0s/12m0s  01.79 iters/s

running (01m36.0s), 011/100 VUs, 123 complete and 0 interrupted iterations
saturation   [  13% ] 011/100 VUs  01m36.0s/12m0s  01.80 iters/s

running (01m37.0s), 011/100 VUs, 125 complete and 0 interrupted iterations
saturation   [  13% ] 011/100 VUs  01m37.0s/12m0s  01.81 iters/s

running (01m38.0s), 010/100 VUs, 127 complete and 0 interrupted iterations
saturation   [  14% ] 010/100 VUs  01m38.0s/12m0s  01.81 iters/s

running (01m39.0s), 011/100 VUs, 128 complete and 0 interrupted iterations
saturation   [  14% ] 011/100 VUs  01m39.0s/12m0s  01.82 iters/s

running (01m40.0s), 011/100 VUs, 130 complete and 0 interrupted iterations
saturation   [  14% ] 011/100 VUs  01m40.0s/12m0s  01.83 iters/s

running (01m41.0s), 012/100 VUs, 131 complete and 0 interrupted iterations
saturation   [  14% ] 012/100 VUs  01m41.0s/12m0s  01.84 iters/s

running (01m42.0s), 012/100 VUs, 133 complete and 0 interrupted iterations
saturation   [  14% ] 012/100 VUs  01m42.0s/12m0s  01.85 iters/s

running (01m43.0s), 009/100 VUs, 138 complete and 0 interrupted iterations
saturation   [  14% ] 009/100 VUs  01m43.0s/12m0s  01.86 iters/s

running (01m44.0s), 010/100 VUs, 138 complete and 0 interrupted iterations
saturation   [  14% ] 010/100 VUs  01m44.0s/12m0s  01.86 iters/s

running (01m45.0s), 009/100 VUs, 141 complete and 0 interrupted iterations
saturation   [  15% ] 009/100 VUs  01m45.0s/12m0s  01.87 iters/s

running (01m46.0s), 010/100 VUs, 142 complete and 0 interrupted iterations
saturation   [  15% ] 010/100 VUs  01m46.0s/12m0s  01.88 iters/s

running (01m47.0s), 010/100 VUs, 144 complete and 0 interrupted iterations
saturation   [  15% ] 010/100 VUs  01m47.0s/12m0s  01.89 iters/s

running (01m48.0s), 010/100 VUs, 146 complete and 0 interrupted iterations
saturation   [  15% ] 010/100 VUs  01m48.0s/12m0s  01.90 iters/s

running (01m49.0s), 012/100 VUs, 146 complete and 0 interrupted iterations
saturation   [  15% ] 012/100 VUs  01m49.0s/12m0s  01.91 iters/s

running (01m50.0s), 010/100 VUs, 150 complete and 0 interrupted iterations
saturation   [  15% ] 010/100 VUs  01m50.0s/12m0s  01.92 iters/s

running (01m51.0s), 010/100 VUs, 152 complete and 0 interrupted iterations
saturation   [  15% ] 010/100 VUs  01m51.0s/12m0s  01.93 iters/s

running (01m52.0s), 009/100 VUs, 155 complete and 0 interrupted iterations
saturation   [  16% ] 009/100 VUs  01m52.0s/12m0s  01.93 iters/s

running (01m53.0s), 011/100 VUs, 155 complete and 0 interrupted iterations
saturation   [  16% ] 011/100 VUs  01m53.0s/12m0s  01.94 iters/s

running (01m54.0s), 011/100 VUs, 157 complete and 0 interrupted iterations
saturation   [  16% ] 011/100 VUs  01m54.0s/12m0s  01.95 iters/s

running (01m55.0s), 010/100 VUs, 160 complete and 0 interrupted iterations
saturation   [  16% ] 010/100 VUs  01m55.0s/12m0s  01.96 iters/s

running (01m56.0s), 011/100 VUs, 160 complete and 0 interrupted iterations
saturation   [  16% ] 011/100 VUs  01m56.0s/12m0s  01.96 iters/s

running (01m57.0s), 010/100 VUs, 163 complete and 0 interrupted iterations
saturation   [  16% ] 010/100 VUs  01m57.0s/12m0s  01.97 iters/s

running (01m58.0s), 012/100 VUs, 163 complete and 0 interrupted iterations
saturation   [  16% ] 012/100 VUs  01m58.0s/12m0s  01.98 iters/s

running (01m59.0s), 009/100 VUs, 168 complete and 0 interrupted iterations
saturation   [  17% ] 009/100 VUs  01m59.0s/12m0s  01.99 iters/s

running (02m00.0s), 010/100 VUs, 169 complete and 0 interrupted iterations
saturation   [  17% ] 010/100 VUs  02m00.0s/12m0s  02.00 iters/s

running (02m01.0s), 010/100 VUs, 171 complete and 0 interrupted iterations
saturation   [  17% ] 010/100 VUs  02m01.0s/12m0s  02.02 iters/s

running (02m02.0s), 012/100 VUs, 171 complete and 0 interrupted iterations
saturation   [  17% ] 012/100 VUs  02m02.0s/12m0s  02.04 iters/s

running (02m03.0s), 012/100 VUs, 174 complete and 0 interrupted iterations
saturation   [  17% ] 012/100 VUs  02m03.0s/12m0s  02.08 iters/s

running (02m04.0s), 011/100 VUs, 177 complete and 0 interrupted iterations
saturation   [  17% ] 011/100 VUs  02m04.0s/12m0s  02.10 iters/s

running (02m05.0s), 010/100 VUs, 180 complete and 0 interrupted iterations
saturation   [  17% ] 010/100 VUs  02m05.0s/12m0s  02.13 iters/s

running (02m06.0s), 012/100 VUs, 180 complete and 0 interrupted iterations
saturation   [  17% ] 012/100 VUs  02m06.0s/12m0s  02.15 iters/s

running (02m07.0s), 012/100 VUs, 182 complete and 0 interrupted iterations
saturation   [  18% ] 012/100 VUs  02m07.0s/12m0s  02.17 iters/s

running (02m08.0s), 012/100 VUs, 184 complete and 0 interrupted iterations
saturation   [  18% ] 012/100 VUs  02m08.0s/12m0s  02.20 iters/s

running (02m09.0s), 013/100 VUs, 185 complete and 0 interrupted iterations
saturation   [  18% ] 013/100 VUs  02m09.0s/12m0s  02.22 iters/s

running (02m10.0s), 013/100 VUs, 188 complete and 0 interrupted iterations
saturation   [  18% ] 013/100 VUs  02m10.0s/12m0s  02.25 iters/s

running (02m11.0s), 015/100 VUs, 188 complete and 0 interrupted iterations
saturation   [  18% ] 015/100 VUs  02m11.0s/12m0s  02.27 iters/s

running (02m12.0s), 014/100 VUs, 191 complete and 0 interrupted iterations
saturation   [  18% ] 014/100 VUs  02m12.0s/12m0s  02.30 iters/s

running (02m13.0s), 017/100 VUs, 191 complete and 0 interrupted iterations
saturation   [  18% ] 017/100 VUs  02m13.0s/12m0s  02.33 iters/s

running (02m14.0s), 016/100 VUs, 194 complete and 0 interrupted iterations
saturation   [  19% ] 016/100 VUs  02m14.0s/12m0s  02.35 iters/s

running (02m15.0s), 014/100 VUs, 198 complete and 0 interrupted iterations
saturation   [  19% ] 014/100 VUs  02m15.0s/12m0s  02.37 iters/s

running (02m16.0s), 017/100 VUs, 198 complete and 0 interrupted iterations
saturation   [  19% ] 017/100 VUs  02m16.0s/12m0s  02.40 iters/s

running (02m17.0s), 015/100 VUs, 202 complete and 0 interrupted iterations
saturation   [  19% ] 015/100 VUs  02m17.0s/12m0s  02.42 iters/s

running (02m18.0s), 017/100 VUs, 202 complete and 0 interrupted iterations
saturation   [  19% ] 017/100 VUs  02m18.0s/12m0s  02.44 iters/s

running (02m19.0s), 014/100 VUs, 208 complete and 0 interrupted iterations
saturation   [  19% ] 014/100 VUs  02m19.0s/12m0s  02.47 iters/s

running (02m20.0s), 013/100 VUs, 211 complete and 0 interrupted iterations
saturation   [  19% ] 013/100 VUs  02m20.0s/12m0s  02.49 iters/s

running (02m21.0s), 016/100 VUs, 211 complete and 0 interrupted iterations
saturation   [  20% ] 016/100 VUs  02m21.0s/12m0s  02.52 iters/s

running (02m22.0s), 014/100 VUs, 215 complete and 0 interrupted iterations
saturation   [  20% ] 014/100 VUs  02m22.0s/12m0s  02.54 iters/s

running (02m23.0s), 013/100 VUs, 219 complete and 0 interrupted iterations
saturation   [  20% ] 013/100 VUs  02m23.0s/12m0s  02.57 iters/s

running (02m24.0s), 016/100 VUs, 219 complete and 0 interrupted iterations
saturation   [  20% ] 016/100 VUs  02m24.0s/12m0s  02.60 iters/s

running (02m25.0s), 014/100 VUs, 223 complete and 0 interrupted iterations
saturation   [  20% ] 014/100 VUs  02m25.0s/12m0s  02.62 iters/s

running (02m26.0s), 017/100 VUs, 223 complete and 0 interrupted iterations
saturation   [  20% ] 017/100 VUs  02m26.0s/12m0s  02.65 iters/s

running (02m27.0s), 016/100 VUs, 227 complete and 0 interrupted iterations
saturation   [  20% ] 016/100 VUs  02m27.0s/12m0s  02.68 iters/s

running (02m28.0s), 018/100 VUs, 227 complete and 0 interrupted iterations
saturation   [  21% ] 018/100 VUs  02m28.0s/12m0s  02.70 iters/s

running (02m29.0s), 018/100 VUs, 230 complete and 0 interrupted iterations
saturation   [  21% ] 018/100 VUs  02m29.0s/12m0s  02.72 iters/s

running (02m30.0s), 019/100 VUs, 232 complete and 0 interrupted iterations
saturation   [  21% ] 019/100 VUs  02m30.0s/12m0s  02.75 iters/s

running (02m31.0s), 015/100 VUs, 238 complete and 0 interrupted iterations
saturation   [  21% ] 015/100 VUs  02m31.0s/12m0s  02.77 iters/s

running (02m32.0s), 018/100 VUs, 238 complete and 0 interrupted iterations
saturation   [  21% ] 018/100 VUs  02m32.0s/12m0s  02.80 iters/s

running (02m33.0s), 021/100 VUs, 238 complete and 0 interrupted iterations
saturation   [  21% ] 021/100 VUs  02m33.0s/12m0s  02.82 iters/s

running (02m34.0s), 019/100 VUs, 243 complete and 0 interrupted iterations
saturation   [  21% ] 019/100 VUs  02m34.0s/12m0s  02.85 iters/s

running (02m35.0s), 018/100 VUs, 247 complete and 0 interrupted iterations
saturation   [  22% ] 018/100 VUs  02m35.0s/12m0s  02.88 iters/s

running (02m36.0s), 018/100 VUs, 250 complete and 0 interrupted iterations
saturation   [  22% ] 018/100 VUs  02m36.0s/12m0s  02.90 iters/s

running (02m37.0s), 017/100 VUs, 254 complete and 0 interrupted iterations
saturation   [  22% ] 017/100 VUs  02m37.0s/12m0s  02.93 iters/s

running (02m38.0s), 019/100 VUs, 254 complete and 0 interrupted iterations
saturation   [  22% ] 019/100 VUs  02m38.0s/12m0s  02.95 iters/s

running (02m39.0s), 022/100 VUs, 254 complete and 0 interrupted iterations
saturation   [  22% ] 022/100 VUs  02m39.0s/12m0s  02.97 iters/s

running (02m40.0s), 025/100 VUs, 254 complete and 0 interrupted iterations
saturation   [  22% ] 025/100 VUs  02m40.0s/12m0s  03.00 iters/s

running (02m41.0s), 023/100 VUs, 259 complete and 0 interrupted iterations
saturation   [  22% ] 023/100 VUs  02m41.0s/12m0s  03.02 iters/s

running (02m42.0s), 022/100 VUs, 263 complete and 0 interrupted iterations
saturation   [  22% ] 022/100 VUs  02m42.0s/12m0s  03.05 iters/s

running (02m43.0s), 020/100 VUs, 268 complete and 0 interrupted iterations
saturation   [  23% ] 020/100 VUs  02m43.0s/12m0s  03.07 iters/s

running (02m44.0s), 020/100 VUs, 272 complete and 0 interrupted iterations
saturation   [  23% ] 020/100 VUs  02m44.0s/12m0s  03.10 iters/s

running (02m45.0s), 019/100 VUs, 276 complete and 0 interrupted iterations
saturation   [  23% ] 019/100 VUs  02m45.0s/12m0s  03.13 iters/s

running (02m46.0s), 018/100 VUs, 280 complete and 0 interrupted iterations
saturation   [  23% ] 018/100 VUs  02m46.0s/12m0s  03.15 iters/s

running (02m47.0s), 021/100 VUs, 280 complete and 0 interrupted iterations
saturation   [  23% ] 021/100 VUs  02m47.0s/12m0s  03.17 iters/s

running (02m48.0s), 019/100 VUs, 285 complete and 0 interrupted iterations
saturation   [  23% ] 019/100 VUs  02m48.0s/12m0s  03.20 iters/s

running (02m49.0s), 022/100 VUs, 285 complete and 0 interrupted iterations
saturation   [  23% ] 022/100 VUs  02m49.0s/12m0s  03.22 iters/s

running (02m50.0s), 022/100 VUs, 289 complete and 0 interrupted iterations
saturation   [  24% ] 022/100 VUs  02m50.0s/12m0s  03.25 iters/s

running (02m51.0s), 024/100 VUs, 290 complete and 0 interrupted iterations
saturation   [  24% ] 024/100 VUs  02m51.0s/12m0s  03.27 iters/s

running (02m52.0s), 027/100 VUs, 290 complete and 0 interrupted iterations
saturation   [  24% ] 027/100 VUs  02m52.0s/12m0s  03.30 iters/s

running (02m53.0s), 027/100 VUs, 293 complete and 0 interrupted iterations
saturation   [  24% ] 027/100 VUs  02m53.0s/12m0s  03.32 iters/s

running (02m54.0s), 026/100 VUs, 298 complete and 0 interrupted iterations
saturation   [  24% ] 026/100 VUs  02m54.0s/12m0s  03.35 iters/s

running (02m55.0s), 028/100 VUs, 299 complete and 0 interrupted iterations
saturation   [  24% ] 028/100 VUs  02m55.0s/12m0s  03.37 iters/s

running (02m56.0s), 028/100 VUs, 303 complete and 0 interrupted iterations
saturation   [  24% ] 028/100 VUs  02m56.0s/12m0s  03.40 iters/s

running (02m57.0s), 027/100 VUs, 307 complete and 0 interrupted iterations
saturation   [  25% ] 027/100 VUs  02m57.0s/12m0s  03.42 iters/s

running (02m58.0s), 023/100 VUs, 314 complete and 0 interrupted iterations
saturation   [  25% ] 023/100 VUs  02m58.0s/12m0s  03.45 iters/s

running (02m59.0s), 027/100 VUs, 314 complete and 0 interrupted iterations
saturation   [  25% ] 027/100 VUs  02m59.0s/12m0s  03.47 iters/s

running (03m00.0s), 027/100 VUs, 317 complete and 0 interrupted iterations
saturation   [  25% ] 027/100 VUs  03m00.0s/12m0s  03.50 iters/s

running (03m01.0s), 028/100 VUs, 320 complete and 0 interrupted iterations
saturation   [  25% ] 028/100 VUs  03m01.0s/12m0s  03.52 iters/s

running (03m02.0s), 026/100 VUs, 325 complete and 0 interrupted iterations
saturation   [  25% ] 026/100 VUs  03m02.0s/12m0s  03.55 iters/s

running (03m03.0s), 027/100 VUs, 328 complete and 0 interrupted iterations
saturation   [  25% ] 027/100 VUs  03m03.0s/12m0s  03.57 iters/s

running (03m04.0s), 026/100 VUs, 333 complete and 0 interrupted iterations
saturation   [  26% ] 026/100 VUs  03m04.0s/12m0s  03.60 iters/s

running (03m05.0s), 024/100 VUs, 338 complete and 0 interrupted iterations
saturation   [  26% ] 024/100 VUs  03m05.0s/12m0s  03.62 iters/s

running (03m06.0s), 028/100 VUs, 338 complete and 0 interrupted iterations
saturation   [  26% ] 028/100 VUs  03m06.0s/12m0s  03.65 iters/s

running (03m07.0s), 029/100 VUs, 340 complete and 0 interrupted iterations
saturation   [  26% ] 029/100 VUs  03m07.0s/12m0s  03.67 iters/s

running (03m08.0s), 029/100 VUs, 344 complete and 0 interrupted iterations
saturation   [  26% ] 029/100 VUs  03m08.0s/12m0s  03.70 iters/s

running (03m09.0s), 028/100 VUs, 349 complete and 0 interrupted iterations
saturation   [  26% ] 028/100 VUs  03m09.0s/12m0s  03.72 iters/s

running (03m10.0s), 029/100 VUs, 352 complete and 0 interrupted iterations
saturation   [  26% ] 029/100 VUs  03m10.0s/12m0s  03.75 iters/s

running (03m11.0s), 032/100 VUs, 352 complete and 0 interrupted iterations
saturation   [  27% ] 032/100 VUs  03m11.0s/12m0s  03.77 iters/s

running (03m12.0s), 026/100 VUs, 362 complete and 0 interrupted iterations
saturation   [  27% ] 026/100 VUs  03m12.0s/12m0s  03.80 iters/s

running (03m13.0s), 028/100 VUs, 364 complete and 0 interrupted iterations
saturation   [  27% ] 028/100 VUs  03m13.0s/12m0s  03.82 iters/s

running (03m14.0s), 031/100 VUs, 365 complete and 0 interrupted iterations
saturation   [  27% ] 031/100 VUs  03m14.0s/12m0s  03.85 iters/s

running (03m15.0s), 027/100 VUs, 373 complete and 0 interrupted iterations
saturation   [  27% ] 027/100 VUs  03m15.0s/12m0s  03.88 iters/s

running (03m16.0s), 029/100 VUs, 375 complete and 0 interrupted iterations
saturation   [  27% ] 029/100 VUs  03m16.0s/12m0s  03.90 iters/s

running (03m17.0s), 027/100 VUs, 380 complete and 0 interrupted iterations
saturation   [  27% ] 027/100 VUs  03m17.0s/12m0s  03.92 iters/s

running (03m18.0s), 028/100 VUs, 383 complete and 0 interrupted iterations
saturation   [  27% ] 028/100 VUs  03m18.0s/12m0s  03.95 iters/s

running (03m19.0s), 026/100 VUs, 389 complete and 0 interrupted iterations
saturation   [  28% ] 026/100 VUs  03m19.0s/12m0s  03.97 iters/s

running (03m20.0s), 030/100 VUs, 389 complete and 0 interrupted iterations
saturation   [  28% ] 030/100 VUs  03m20.0s/12m0s  04.00 iters/s

running (03m21.0s), 025/100 VUs, 398 complete and 0 interrupted iterations
saturation   [  28% ] 025/100 VUs  03m21.0s/12m0s  04.02 iters/s

running (03m22.0s), 027/100 VUs, 400 complete and 0 interrupted iterations
saturation   [  28% ] 027/100 VUs  03m22.0s/12m0s  04.05 iters/s

running (03m23.0s), 027/100 VUs, 404 complete and 0 interrupted iterations
saturation   [  28% ] 027/100 VUs  03m23.0s/12m0s  04.07 iters/s

running (03m24.0s), 026/100 VUs, 410 complete and 0 interrupted iterations
saturation   [  28% ] 026/100 VUs  03m24.0s/12m0s  04.10 iters/s

running (03m25.0s), 030/100 VUs, 410 complete and 0 interrupted iterations
saturation   [  28% ] 030/100 VUs  03m25.0s/12m0s  04.13 iters/s

running (03m26.0s), 029/100 VUs, 415 complete and 0 interrupted iterations
saturation   [  29% ] 029/100 VUs  03m26.0s/12m0s  04.15 iters/s

running (03m27.0s), 029/100 VUs, 419 complete and 0 interrupted iterations
saturation   [  29% ] 029/100 VUs  03m27.0s/12m0s  04.17 iters/s

running (03m28.0s), 027/100 VUs, 425 complete and 0 interrupted iterations
saturation   [  29% ] 027/100 VUs  03m28.0s/12m0s  04.20 iters/s

running (03m29.0s), 030/100 VUs, 426 complete and 0 interrupted iterations
saturation   [  29% ] 030/100 VUs  03m29.0s/12m0s  04.22 iters/s

running (03m30.0s), 035/100 VUs, 426 complete and 0 interrupted iterations
saturation   [  29% ] 035/100 VUs  03m30.0s/12m0s  04.25 iters/s

running (03m31.0s), 039/100 VUs, 426 complete and 0 interrupted iterations
saturation   [  29% ] 039/100 VUs  03m31.0s/12m0s  04.27 iters/s

running (03m32.0s), 035/100 VUs, 434 complete and 0 interrupted iterations
saturation   [  29% ] 035/100 VUs  03m32.0s/12m0s  04.30 iters/s

running (03m33.0s), 037/100 VUs, 436 complete and 0 interrupted iterations
saturation   [  30% ] 037/100 VUs  03m33.0s/12m0s  04.32 iters/s

running (03m34.0s), 037/100 VUs, 441 complete and 0 interrupted iterations
saturation   [  30% ] 037/100 VUs  03m34.0s/12m0s  04.35 iters/s

running (03m35.0s), 041/100 VUs, 441 complete and 0 interrupted iterations
saturation   [  30% ] 041/100 VUs  03m35.0s/12m0s  04.37 iters/s

running (03m36.0s), 043/100 VUs, 444 complete and 0 interrupted iterations
saturation   [  30% ] 043/100 VUs  03m36.0s/12m0s  04.40 iters/s

running (03m37.0s), 039/100 VUs, 452 complete and 0 interrupted iterations
saturation   [  30% ] 039/100 VUs  03m37.0s/12m0s  04.42 iters/s

running (03m38.0s), 039/100 VUs, 456 complete and 0 interrupted iterations
saturation   [  30% ] 039/100 VUs  03m38.0s/12m0s  04.45 iters/s

running (03m39.0s), 040/100 VUs, 460 complete and 0 interrupted iterations
saturation   [  30% ] 040/100 VUs  03m39.0s/12m0s  04.47 iters/s

running (03m40.0s), 035/100 VUs, 469 complete and 0 interrupted iterations
saturation   [  31% ] 035/100 VUs  03m40.0s/12m0s  04.50 iters/s

running (03m41.0s), 040/100 VUs, 469 complete and 0 interrupted iterations
saturation   [  31% ] 040/100 VUs  03m41.0s/12m0s  04.52 iters/s

running (03m42.0s), 043/100 VUs, 470 complete and 0 interrupted iterations
saturation   [  31% ] 043/100 VUs  03m42.0s/12m0s  04.55 iters/s

running (03m43.0s), 037/100 VUs, 481 complete and 0 interrupted iterations
saturation   [  31% ] 037/100 VUs  03m43.0s/12m0s  04.57 iters/s

running (03m44.0s), 042/100 VUs, 481 complete and 0 interrupted iterations
saturation   [  31% ] 042/100 VUs  03m44.0s/12m0s  04.60 iters/s

running (03m45.0s), 037/100 VUs, 490 complete and 0 interrupted iterations
saturation   [  31% ] 037/100 VUs  03m45.0s/12m0s  04.62 iters/s

running (03m46.0s), 038/100 VUs, 494 complete and 0 interrupted iterations
saturation   [  31% ] 038/100 VUs  03m46.0s/12m0s  04.65 iters/s

running (03m47.0s), 037/100 VUs, 499 complete and 0 interrupted iterations
saturation   [  32% ] 037/100 VUs  03m47.0s/12m0s  04.67 iters/s

running (03m48.0s), 038/100 VUs, 503 complete and 0 interrupted iterations
saturation   [  32% ] 038/100 VUs  03m48.0s/12m0s  04.70 iters/s

running (03m49.0s), 038/100 VUs, 508 complete and 0 interrupted iterations
saturation   [  32% ] 038/100 VUs  03m49.0s/12m0s  04.72 iters/s

running (03m50.0s), 043/100 VUs, 508 complete and 0 interrupted iterations
saturation   [  32% ] 043/100 VUs  03m50.0s/12m0s  04.75 iters/s

running (03m51.0s), 047/100 VUs, 508 complete and 0 interrupted iterations
saturation   [  32% ] 047/100 VUs  03m51.0s/12m0s  04.77 iters/s

running (03m52.0s), 052/100 VUs, 508 complete and 0 interrupted iterations
saturation   [  32% ] 052/100 VUs  03m52.0s/12m0s  04.80 iters/s

running (03m53.0s), 057/100 VUs, 508 complete and 0 interrupted iterations
saturation   [  32% ] 057/100 VUs  03m53.0s/12m0s  04.82 iters/s

running (03m54.0s), 058/100 VUs, 512 complete and 0 interrupted iterations
saturation   [  32% ] 058/100 VUs  03m54.0s/12m0s  04.85 iters/s

running (03m55.0s), 055/100 VUs, 520 complete and 0 interrupted iterations
saturation   [  33% ] 055/100 VUs  03m55.0s/12m0s  04.88 iters/s

running (03m56.0s), 057/100 VUs, 523 complete and 0 interrupted iterations
saturation   [  33% ] 057/100 VUs  03m56.0s/12m0s  04.90 iters/s

running (03m57.0s), 061/100 VUs, 523 complete and 0 interrupted iterations
saturation   [  33% ] 061/100 VUs  03m57.0s/12m0s  04.92 iters/s

running (03m58.0s), 066/100 VUs, 523 complete and 0 interrupted iterations
saturation   [  33% ] 066/100 VUs  03m58.0s/12m0s  04.95 iters/s

running (03m59.0s), 071/100 VUs, 523 complete and 0 interrupted iterations
saturation   [  33% ] 071/100 VUs  03m59.0s/12m0s  04.97 iters/s

running (04m00.0s), 071/100 VUs, 528 complete and 0 interrupted iterations
saturation   [  33% ] 071/100 VUs  04m00.0s/12m0s  05.00 iters/s

running (04m01.0s), 066/100 VUs, 538 complete and 0 interrupted iterations
saturation   [  33% ] 066/100 VUs  04m01.0s/12m0s  05.04 iters/s

running (04m02.0s), 066/100 VUs, 543 complete and 0 interrupted iterations
saturation   [  34% ] 066/100 VUs  04m02.0s/12m0s  05.08 iters/s

running (04m03.0s), 071/100 VUs, 543 complete and 0 interrupted iterations
saturation   [  34% ] 071/100 VUs  04m03.0s/12m0s  05.12 iters/s

running (04m04.0s), 077/100 VUs, 543 complete and 0 interrupted iterations
saturation   [  34% ] 077/100 VUs  04m04.0s/12m0s  05.17 iters/s

running (04m05.0s), 078/100 VUs, 547 complete and 0 interrupted iterations
saturation   [  34% ] 078/100 VUs  04m05.0s/12m0s  05.21 iters/s

running (04m06.0s), 072/100 VUs, 558 complete and 0 interrupted iterations
saturation   [  34% ] 072/100 VUs  04m06.0s/12m0s  05.25 iters/s

running (04m07.0s), 072/100 VUs, 563 complete and 0 interrupted iterations
saturation   [  34% ] 072/100 VUs  04m07.0s/12m0s  05.29 iters/s

running (04m08.0s), 078/100 VUs, 563 complete and 0 interrupted iterations
saturation   [  34% ] 078/100 VUs  04m08.0s/12m0s  05.33 iters/s

running (04m09.0s), 083/100 VUs, 563 complete and 0 interrupted iterations
saturation   [  35% ] 083/100 VUs  04m09.0s/12m0s  05.37 iters/s

running (04m10.0s), 085/100 VUs, 566 complete and 0 interrupted iterations
saturation   [  35% ] 085/100 VUs  04m10.0s/12m0s  05.41 iters/s

running (04m11.0s), 081/100 VUs, 576 complete and 0 interrupted iterations
saturation   [  35% ] 081/100 VUs  04m11.0s/12m0s  05.46 iters/s

running (04m12.0s), 079/100 VUs, 583 complete and 0 interrupted iterations
saturation   [  35% ] 079/100 VUs  04m12.0s/12m0s  05.50 iters/s

running (04m13.0s), 085/100 VUs, 583 complete and 0 interrupted iterations
saturation   [  35% ] 085/100 VUs  04m13.0s/12m0s  05.54 iters/s

running (04m14.0s), 090/100 VUs, 583 complete and 0 interrupted iterations
saturation   [  35% ] 090/100 VUs  04m14.0s/12m0s  05.58 iters/s

running (04m15.0s), 090/100 VUs, 589 complete and 0 interrupted iterations
saturation   [  35% ] 090/100 VUs  04m15.0s/12m0s  05.62 iters/s

running (04m16.0s), 086/100 VUs, 599 complete and 0 interrupted iterations
saturation   [  36% ] 086/100 VUs  04m16.0s/12m0s  05.67 iters/s

running (04m17.0s), 087/100 VUs, 603 complete and 0 interrupted iterations
saturation   [  36% ] 087/100 VUs  04m17.0s/12m0s  05.70 iters/s

running (04m18.0s), 093/100 VUs, 603 complete and 0 interrupted iterations
saturation   [  36% ] 093/100 VUs  04m18.0s/12m0s  05.75 iters/s

running (04m19.0s), 099/100 VUs, 603 complete and 0 interrupted iterations
saturation   [  36% ] 099/100 VUs  04m19.0s/12m0s  05.79 iters/s

running (04m20.0s), 097/100 VUs, 611 complete and 0 interrupted iterations
saturation   [  36% ] 097/100 VUs  04m20.0s/12m0s  05.83 iters/s

running (04m21.0s), 093/100 VUs, 620 complete and 0 interrupted iterations
saturation   [  36% ] 093/100 VUs  04m21.0s/12m0s  05.87 iters/s

running (04m22.0s), 096/100 VUs, 623 complete and 0 interrupted iterations
saturation   [  36% ] 096/100 VUs  04m22.0s/12m0s  05.91 iters/s

running (04m23.0s), 101/101 VUs, 623 complete and 0 interrupted iterations
saturation   [  37% ] 101/101 VUs  04m23.0s/12m0s  05.95 iters/s

running (04m24.0s), 104/104 VUs, 623 complete and 0 interrupted iterations
saturation   [  37% ] 104/104 VUs  04m24.0s/12m0s  06.00 iters/s

running (04m25.0s), 100/105 VUs, 632 complete and 0 interrupted iterations
saturation   [  37% ] 100/105 VUs  04m25.0s/12m0s  06.04 iters/s

running (04m26.0s), 097/105 VUs, 641 complete and 0 interrupted iterations
saturation   [  37% ] 097/105 VUs  04m26.0s/12m0s  06.08 iters/s

running (04m27.0s), 101/105 VUs, 643 complete and 0 interrupted iterations
saturation   [  37% ] 101/105 VUs  04m27.0s/12m0s  06.12 iters/s

running (04m28.0s), 106/107 VUs, 643 complete and 0 interrupted iterations
saturation   [  37% ] 106/107 VUs  04m28.0s/12m0s  06.17 iters/s

running (04m29.0s), 109/110 VUs, 643 complete and 0 interrupted iterations
saturation   [  37% ] 109/110 VUs  04m29.0s/12m0s  06.21 iters/s

running (04m30.0s), 108/111 VUs, 649 complete and 0 interrupted iterations
saturation   [  37% ] 108/111 VUs  04m30.0s/12m0s  06.25 iters/s

running (04m31.0s), 104/111 VUs, 659 complete and 0 interrupted iterations
saturation   [  38% ] 104/111 VUs  04m31.0s/12m0s  06.29 iters/s

running (04m32.0s), 107/111 VUs, 663 complete and 0 interrupted iterations
saturation   [  38% ] 107/111 VUs  04m32.0s/12m0s  06.33 iters/s

running (04m33.0s), 112/112 VUs, 663 complete and 0 interrupted iterations
saturation   [  38% ] 112/112 VUs  04m33.0s/12m0s  06.37 iters/s

running (04m34.0s), 115/115 VUs, 663 complete and 0 interrupted iterations
saturation   [  38% ] 115/115 VUs  04m34.0s/12m0s  06.41 iters/s

running (04m35.0s), 115/117 VUs, 668 complete and 0 interrupted iterations
saturation   [  38% ] 115/117 VUs  04m35.0s/12m0s  06.46 iters/s

running (04m36.0s), 108/117 VUs, 681 complete and 0 interrupted iterations
saturation   [  38% ] 108/117 VUs  04m36.0s/12m0s  06.50 iters/s

running (04m37.0s), 113/117 VUs, 683 complete and 0 interrupted iterations
saturation   [  38% ] 113/117 VUs  04m37.0s/12m0s  06.54 iters/s

running (04m38.0s), 118/118 VUs, 683 complete and 0 interrupted iterations
saturation   [  39% ] 118/118 VUs  04m38.0s/12m0s  06.58 iters/s

running (04m39.0s), 121/122 VUs, 683 complete and 0 interrupted iterations
saturation   [  39% ] 121/122 VUs  04m39.0s/12m0s  06.62 iters/s

running (04m40.0s), 118/123 VUs, 692 complete and 0 interrupted iterations
saturation   [  39% ] 118/123 VUs  04m40.0s/12m0s  06.67 iters/s

running (04m41.0s), 114/123 VUs, 702 complete and 0 interrupted iterations
saturation   [  39% ] 114/123 VUs  04m41.0s/12m0s  06.71 iters/s

running (04m42.0s), 120/123 VUs, 703 complete and 0 interrupted iterations
saturation   [  39% ] 120/123 VUs  04m42.0s/12m0s  06.75 iters/s

running (04m43.0s), 125/125 VUs, 703 complete and 0 interrupted iterations
saturation   [  39% ] 125/125 VUs  04m43.0s/12m0s  06.79 iters/s

running (04m44.0s), 128/129 VUs, 703 complete and 0 interrupted iterations
saturation   [  39% ] 128/129 VUs  04m44.0s/12m0s  06.83 iters/s

running (04m45.0s), 127/130 VUs, 709 complete and 0 interrupted iterations
saturation   [  40% ] 127/130 VUs  04m45.0s/12m0s  06.87 iters/s

running (04m46.0s), 124/130 VUs, 719 complete and 0 interrupted iterations
saturation   [  40% ] 124/130 VUs  04m46.0s/12m0s  06.91 iters/s

running (04m47.0s), 127/130 VUs, 723 complete and 0 interrupted iterations
saturation   [  40% ] 127/130 VUs  04m47.0s/12m0s  06.96 iters/s

running (04m48.0s), 132/132 VUs, 723 complete and 0 interrupted iterations
saturation   [  40% ] 132/132 VUs  04m48.0s/12m0s  07.00 iters/s

running (04m49.0s), 135/135 VUs, 724 complete and 0 interrupted iterations
saturation   [  40% ] 135/135 VUs  04m49.0s/12m0s  07.04 iters/s

running (04m50.0s), 132/136 VUs, 733 complete and 0 interrupted iterations
saturation   [  40% ] 132/136 VUs  04m50.0s/12m0s  07.08 iters/s

running (04m51.0s), 129/136 VUs, 743 complete and 0 interrupted iterations
saturation   [  40% ] 129/136 VUs  04m51.0s/12m0s  07.12 iters/s

running (04m52.0s), 136/137 VUs, 743 complete and 0 interrupted iterations
saturation   [  41% ] 136/137 VUs  04m52.0s/12m0s  07.17 iters/s

running (04m53.0s), 140/140 VUs, 743 complete and 0 interrupted iterations
saturation   [  41% ] 140/140 VUs  04m53.0s/12m0s  07.21 iters/s

running (04m54.0s), 143/144 VUs, 743 complete and 0 interrupted iterations
saturation   [  41% ] 143/144 VUs  04m54.0s/12m0s  07.25 iters/s

running (04m55.0s), 142/145 VUs, 750 complete and 0 interrupted iterations
saturation   [  41% ] 142/145 VUs  04m55.0s/12m0s  07.29 iters/s

running (04m56.0s), 142/145 VUs, 758 complete and 0 interrupted iterations
saturation   [  41% ] 142/145 VUs  04m56.0s/12m0s  07.33 iters/s

running (04m57.0s), 144/145 VUs, 763 complete and 0 interrupted iterations
saturation   [  41% ] 144/145 VUs  04m57.0s/12m0s  07.37 iters/s

running (04m58.0s), 148/148 VUs, 763 complete and 0 interrupted iterations
saturation   [  41% ] 148/148 VUs  04m58.0s/12m0s  07.41 iters/s

running (04m59.0s), 152/152 VUs, 763 complete and 0 interrupted iterations
saturation   [  42% ] 152/152 VUs  04m59.0s/12m0s  07.46 iters/s

running (05m00.0s), 152/154 VUs, 768 complete and 0 interrupted iterations
saturation   [  42% ] 152/154 VUs  05m00.0s/12m0s  07.50 iters/s

running (05m01.0s), 151/154 VUs, 777 complete and 0 interrupted iterations
saturation   [  42% ] 151/154 VUs  05m01.0s/12m0s  07.54 iters/s

running (05m02.0s), 151/155 VUs, 783 complete and 0 interrupted iterations
saturation   [  42% ] 151/155 VUs  05m02.0s/12m0s  07.58 iters/s

running (05m03.0s), 157/157 VUs, 783 complete and 0 interrupted iterations
saturation   [  42% ] 157/157 VUs  05m03.0s/12m0s  07.62 iters/s

running (05m04.0s), 161/161 VUs, 783 complete and 0 interrupted iterations
saturation   [  42% ] 161/161 VUs  05m04.0s/12m0s  07.67 iters/s

running (05m05.0s), 160/162 VUs, 790 complete and 0 interrupted iterations
saturation   [  42% ] 160/162 VUs  05m05.0s/12m0s  07.71 iters/s

running (05m06.0s), 160/162 VUs, 798 complete and 0 interrupted iterations
saturation   [  42% ] 160/162 VUs  05m06.0s/12m0s  07.75 iters/s

running (05m07.0s), 162/163 VUs, 803 complete and 0 interrupted iterations
saturation   [  43% ] 162/163 VUs  05m07.0s/12m0s  07.79 iters/s

running (05m08.0s), 166/167 VUs, 803 complete and 0 interrupted iterations
saturation   [  43% ] 166/167 VUs  05m08.0s/12m0s  07.83 iters/s

running (05m09.0s), 170/170 VUs, 803 complete and 0 interrupted iterations
saturation   [  43% ] 170/170 VUs  05m09.0s/12m0s  07.87 iters/s

running (05m10.0s), 169/171 VUs, 811 complete and 0 interrupted iterations
saturation   [  43% ] 169/171 VUs  05m10.0s/12m0s  07.91 iters/s

running (05m11.0s), 168/171 VUs, 820 complete and 0 interrupted iterations
saturation   [  43% ] 168/171 VUs  05m11.0s/12m0s  07.96 iters/s

running (05m12.0s), 172/172 VUs, 823 complete and 0 interrupted iterations
saturation   [  43% ] 172/172 VUs  05m12.0s/12m0s  08.00 iters/s

running (05m13.0s), 176/176 VUs, 823 complete and 0 interrupted iterations
saturation   [  43% ] 176/176 VUs  05m13.0s/12m0s  08.04 iters/s

running (05m14.0s), 180/180 VUs, 823 complete and 0 interrupted iterations
saturation   [  44% ] 180/180 VUs  05m14.0s/12m0s  08.08 iters/s

running (05m15.0s), 180/182 VUs, 829 complete and 0 interrupted iterations
saturation   [  44% ] 180/182 VUs  05m15.0s/12m0s  08.12 iters/s

running (05m16.0s), 180/183 VUs, 837 complete and 0 interrupted iterations
saturation   [  44% ] 180/183 VUs  05m16.0s/12m0s  08.17 iters/s

running (05m17.0s), 182/183 VUs, 843 complete and 0 interrupted iterations
saturation   [  44% ] 182/183 VUs  05m17.0s/12m0s  08.21 iters/s

running (05m18.0s), 186/187 VUs, 843 complete and 0 interrupted iterations
saturation   [  44% ] 186/187 VUs  05m18.0s/12m0s  08.25 iters/s

running (05m19.0s), 190/191 VUs, 843 complete and 0 interrupted iterations
saturation   [  44% ] 190/191 VUs  05m19.0s/12m0s  08.29 iters/s

running (05m20.0s), 189/192 VUs, 852 complete and 0 interrupted iterations
saturation   [  44% ] 189/192 VUs  05m20.0s/12m0s  08.33 iters/s

running (05m21.0s), 189/192 VUs, 860 complete and 0 interrupted iterations
saturation   [  45% ] 189/192 VUs  05m21.0s/12m0s  08.37 iters/s

running (05m22.0s), 193/193 VUs, 863 complete and 0 interrupted iterations
saturation   [  45% ] 193/193 VUs  05m22.0s/12m0s  08.41 iters/s

running (05m23.0s), 197/198 VUs, 863 complete and 0 interrupted iterations
saturation   [  45% ] 197/198 VUs  05m23.0s/12m0s  08.46 iters/s

running (05m24.0s), 201/202 VUs, 863 complete and 0 interrupted iterations
saturation   [  45% ] 201/202 VUs  05m24.0s/12m0s  08.50 iters/s

running (05m25.0s), 202/203 VUs, 870 complete and 0 interrupted iterations
saturation   [  45% ] 202/203 VUs  05m25.0s/12m0s  08.54 iters/s

running (05m26.0s), 200/203 VUs, 880 complete and 0 interrupted iterations
saturation   [  45% ] 200/203 VUs  05m26.0s/12m0s  08.58 iters/s

running (05m27.0s), 204/204 VUs, 884 complete and 0 interrupted iterations
saturation   [  45% ] 204/204 VUs  05m27.0s/12m0s  08.62 iters/s

running (05m28.0s), 207/207 VUs, 887 complete and 0 interrupted iterations
saturation   [  46% ] 207/207 VUs  05m28.0s/12m0s  08.67 iters/s

running (05m29.0s), 208/208 VUs, 893 complete and 0 interrupted iterations
saturation   [  46% ] 208/208 VUs  05m29.0s/12m0s  08.71 iters/s

running (05m30.0s), 212/213 VUs, 893 complete and 0 interrupted iterations
saturation   [  46% ] 212/213 VUs  05m30.0s/12m0s  08.75 iters/s

running (05m31.0s), 213/214 VUs, 900 complete and 0 interrupted iterations
saturation   [  46% ] 213/214 VUs  05m31.0s/12m0s  08.79 iters/s

running (05m32.0s), 209/214 VUs, 912 complete and 0 interrupted iterations
saturation   [  46% ] 209/214 VUs  05m32.0s/12m0s  08.83 iters/s

running (05m33.0s), 214/215 VUs, 915 complete and 0 interrupted iterations
saturation   [  46% ] 214/215 VUs  05m33.0s/12m0s  08.87 iters/s

running (05m34.0s), 219/219 VUs, 915 complete and 0 interrupted iterations
saturation   [  46% ] 219/219 VUs  05m34.0s/12m0s  08.91 iters/s

running (05m35.0s), 221/221 VUs, 920 complete and 0 interrupted iterations
saturation   [  47% ] 221/221 VUs  05m35.0s/12m0s  08.96 iters/s

running (05m36.0s), 224/225 VUs, 922 complete and 0 interrupted iterations
saturation   [  47% ] 224/225 VUs  05m36.0s/12m0s  09.00 iters/s

running (05m37.0s), 227/229 VUs, 924 complete and 0 interrupted iterations
saturation   [  47% ] 227/229 VUs  05m37.0s/12m0s  09.04 iters/s

running (05m38.0s), 222/229 VUs, 938 complete and 0 interrupted iterations
saturation   [  47% ] 222/229 VUs  05m38.0s/12m0s  09.08 iters/s

running (05m39.0s), 221/229 VUs, 948 complete and 0 interrupted iterations
saturation   [  47% ] 221/229 VUs  05m39.0s/12m0s  09.12 iters/s

running (05m40.0s), 223/229 VUs, 955 complete and 0 interrupted iterations
saturation   [  47% ] 223/229 VUs  05m40.0s/12m0s  09.16 iters/s

running (05m41.0s), 229/229 VUs, 959 complete and 0 interrupted iterations
saturation   [  47% ] 229/229 VUs  05m41.0s/12m0s  09.21 iters/s

running (05m42.0s), 227/230 VUs, 969 complete and 0 interrupted iterations
saturation   [  47% ] 227/230 VUs  05m42.0s/12m0s  09.25 iters/s

running (05m43.0s), 231/231 VUs, 973 complete and 0 interrupted iterations
saturation   [  48% ] 231/231 VUs  05m43.0s/12m0s  09.29 iters/s

running (05m44.0s), 232/233 VUs, 979 complete and 0 interrupted iterations
saturation   [  48% ] 232/233 VUs  05m44.0s/12m0s  09.33 iters/s

running (05m45.0s), 235/235 VUs, 984 complete and 0 interrupted iterations
saturation   [  48% ] 235/235 VUs  05m45.0s/12m0s  09.37 iters/s

running (05m46.0s), 231/236 VUs, 996 complete and 0 interrupted iterations
saturation   [  48% ] 231/236 VUs  05m46.0s/12m0s  09.41 iters/s

running (05m47.0s), 235/238 VUs, 1000 complete and 0 interrupted iterations
saturation   [  48% ] 235/238 VUs  05m47.0s/12m0s  09.46 iters/s

running (05m48.0s), 237/239 VUs, 1006 complete and 0 interrupted iterations
saturation   [  48% ] 237/239 VUs  05m48.0s/12m0s  09.50 iters/s

running (05m49.0s), 243/243 VUs, 1006 complete and 0 interrupted iterations
saturation   [  48% ] 243/243 VUs  05m49.0s/12m0s  09.54 iters/s

running (05m50.0s), 247/248 VUs, 1006 complete and 0 interrupted iterations
saturation   [  49% ] 247/248 VUs  05m50.0s/12m0s  09.58 iters/s

running (05m51.0s), 248/248 VUs, 1015 complete and 0 interrupted iterations
saturation   [  49% ] 248/248 VUs  05m51.0s/12m0s  09.62 iters/s

running (05m52.0s), 252/253 VUs, 1015 complete and 0 interrupted iterations
saturation   [  49% ] 252/253 VUs  05m52.0s/12m0s  09.66 iters/s

running (05m53.0s), 251/253 VUs, 1026 complete and 0 interrupted iterations
saturation   [  49% ] 251/253 VUs  05m53.0s/12m0s  09.71 iters/s

running (05m54.0s), 251/253 VUs, 1036 complete and 0 interrupted iterations
saturation   [  49% ] 251/253 VUs  05m54.0s/12m0s  09.75 iters/s

running (05m55.0s), 253/254 VUs, 1043 complete and 0 interrupted iterations
saturation   [  49% ] 253/254 VUs  05m55.0s/12m0s  09.79 iters/s

running (05m56.0s), 249/254 VUs, 1056 complete and 0 interrupted iterations
saturation   [  49% ] 249/254 VUs  05m56.0s/12m0s  09.83 iters/s

running (05m57.0s), 251/254 VUs, 1064 complete and 0 interrupted iterations
saturation   [  50% ] 251/254 VUs  05m57.0s/12m0s  09.87 iters/s

running (05m58.0s), 255/256 VUs, 1068 complete and 0 interrupted iterations
saturation   [  50% ] 255/256 VUs  05m58.0s/12m0s  09.91 iters/s

running (05m59.0s), 260/261 VUs, 1068 complete and 0 interrupted iterations
saturation   [  50% ] 260/261 VUs  05m59.0s/12m0s  09.96 iters/s

running (06m00.0s), 259/264 VUs, 1076 complete and 0 interrupted iterations
saturation   [  50% ] 259/264 VUs  06m00.0s/12m0s  10.00 iters/s

running (06m01.0s), 266/267 VUs, 1076 complete and 0 interrupted iterations
saturation   [  50% ] 266/267 VUs  06m01.0s/12m0s  10.08 iters/s

running (06m02.0s), 269/269 VUs, 1081 complete and 0 interrupted iterations
saturation   [  50% ] 269/269 VUs  06m02.0s/12m0s  10.16 iters/s

running (06m03.0s), 267/270 VUs, 1092 complete and 0 interrupted iterations
saturation   [  50% ] 267/270 VUs  06m03.0s/12m0s  10.24 iters/s

running (06m04.0s), 268/271 VUs, 1101 complete and 0 interrupted iterations
saturation   [  51% ] 268/271 VUs  06m04.0s/12m0s  10.33 iters/s

running (06m05.0s), 271/272 VUs, 1107 complete and 0 interrupted iterations
saturation   [  51% ] 271/272 VUs  06m05.0s/12m0s  10.41 iters/s

running (06m06.0s), 275/275 VUs, 1111 complete and 0 interrupted iterations
saturation   [  51% ] 275/275 VUs  06m06.0s/12m0s  10.50 iters/s

running (06m07.0s), 272/276 VUs, 1123 complete and 0 interrupted iterations
saturation   [  51% ] 272/276 VUs  06m07.0s/12m0s  10.58 iters/s

running (06m08.0s), 276/276 VUs, 1130 complete and 0 interrupted iterations
saturation   [  51% ] 276/276 VUs  06m08.0s/12m0s  10.67 iters/s

running (06m09.0s), 281/281 VUs, 1130 complete and 0 interrupted iterations
saturation   [  51% ] 281/281 VUs  06m09.0s/12m0s  10.74 iters/s

running (06m10.0s), 276/285 VUs, 1142 complete and 0 interrupted iterations
saturation   [  51% ] 276/285 VUs  06m10.0s/12m0s  10.83 iters/s

running (06m11.0s), 278/285 VUs, 1151 complete and 0 interrupted iterations
saturation   [  52% ] 278/285 VUs  06m11.0s/12m0s  10.91 iters/s

running (06m12.0s), 284/285 VUs, 1156 complete and 0 interrupted iterations
saturation   [  52% ] 284/285 VUs  06m12.0s/12m0s  11.00 iters/s

running (06m13.0s), 283/289 VUs, 1164 complete and 0 interrupted iterations
saturation   [  52% ] 283/289 VUs  06m13.0s/12m0s  11.08 iters/s

running (06m14.0s), 287/289 VUs, 1171 complete and 0 interrupted iterations
saturation   [  52% ] 287/289 VUs  06m14.0s/12m0s  11.16 iters/s

running (06m15.0s), 289/290 VUs, 1179 complete and 0 interrupted iterations
saturation   [  52% ] 289/290 VUs  06m15.0s/12m0s  11.24 iters/s

running (06m16.0s), 295/296 VUs, 1179 complete and 0 interrupted iterations
saturation   [  52% ] 295/296 VUs  06m16.0s/12m0s  11.33 iters/s

running (06m17.0s), 293/299 VUs, 1189 complete and 0 interrupted iterations
saturation   [  52% ] 293/299 VUs  06m17.0s/12m0s  11.41 iters/s

running (06m18.0s), 300/300 VUs, 1193 complete and 0 interrupted iterations
saturation   [  52% ] 300/300 VUs  06m18.0s/12m0s  11.50 iters/s

running (06m19.0s), 299/301 VUs, 1204 complete and 0 interrupted iterations
saturation   [  53% ] 299/301 VUs  06m19.0s/12m0s  11.58 iters/s

running (06m20.0s), 303/303 VUs, 1210 complete and 0 interrupted iterations
saturation   [  53% ] 303/303 VUs  06m20.0s/12m0s  11.67 iters/s

running (06m21.0s), 300/306 VUs, 1221 complete and 0 interrupted iterations
saturation   [  53% ] 300/306 VUs  06m21.0s/12m0s  11.74 iters/s

running (06m22.0s), 309/309 VUs, 1221 complete and 0 interrupted iterations
saturation   [  53% ] 309/309 VUs  06m22.0s/12m0s  11.83 iters/s

running (06m23.0s), 315/315 VUs, 1221 complete and 0 interrupted iterations
saturation   [  53% ] 315/315 VUs  06m23.0s/12m0s  11.91 iters/s

running (06m24.0s), 321/321 VUs, 1221 complete and 0 interrupted iterations
saturation   [  53% ] 321/321 VUs  06m24.0s/12m0s  12.00 iters/s

running (06m25.0s), 319/323 VUs, 1233 complete and 0 interrupted iterations
saturation   [  53% ] 319/323 VUs  06m25.0s/12m0s  12.08 iters/s

running (06m26.0s), 323/323 VUs, 1241 complete and 0 interrupted iterations
saturation   [  54% ] 323/323 VUs  06m26.0s/12m0s  12.16 iters/s

running (06m27.0s), 322/326 VUs, 1251 complete and 0 interrupted iterations
saturation   [  54% ] 322/326 VUs  06m27.0s/12m0s  12.24 iters/s

running (06m28.0s), 328/329 VUs, 1255 complete and 0 interrupted iterations
saturation   [  54% ] 328/329 VUs  06m28.0s/12m0s  12.33 iters/s

running (06m29.0s), 334/334 VUs, 1256 complete and 0 interrupted iterations
saturation   [  54% ] 334/334 VUs  06m29.0s/12m0s  12.41 iters/s

running (06m30.0s), 338/339 VUs, 1260 complete and 0 interrupted iterations
saturation   [  54% ] 338/339 VUs  06m30.0s/12m0s  12.50 iters/s

running (06m31.0s), 339/340 VUs, 1270 complete and 0 interrupted iterations
saturation   [  54% ] 339/340 VUs  06m31.0s/12m0s  12.58 iters/s

running (06m32.0s), 343/344 VUs, 1275 complete and 0 interrupted iterations
saturation   [  54% ] 343/344 VUs  06m32.0s/12m0s  12.67 iters/s

running (06m33.0s), 334/347 VUs, 1293 complete and 0 interrupted iterations
saturation   [  55% ] 334/347 VUs  06m33.0s/12m0s  12.74 iters/s

running (06m34.0s), 345/347 VUs, 1295 complete and 0 interrupted iterations
saturation   [  55% ] 345/347 VUs  06m34.0s/12m0s  12.83 iters/s

running (06m35.0s), 338/347 VUs, 1315 complete and 0 interrupted iterations
saturation   [  55% ] 338/347 VUs  06m35.0s/12m0s  12.91 iters/s

running (06m36.0s), 343/347 VUs, 1323 complete and 0 interrupted iterations
saturation   [  55% ] 343/347 VUs  06m36.0s/12m0s  13.00 iters/s

running (06m37.0s), 348/351 VUs, 1327 complete and 0 interrupted iterations
saturation   [  55% ] 348/351 VUs  06m37.0s/12m0s  13.08 iters/s

running (06m38.0s), 351/351 VUs, 1337 complete and 0 interrupted iterations
saturation   [  55% ] 351/351 VUs  06m38.0s/12m0s  13.16 iters/s

running (06m39.0s), 357/358 VUs, 1337 complete and 0 interrupted iterations
saturation   [  55% ] 357/358 VUs  06m39.0s/12m0s  13.24 iters/s

running (06m40.0s), 364/365 VUs, 1337 complete and 0 interrupted iterations
saturation   [  56% ] 364/365 VUs  06m40.0s/12m0s  13.33 iters/s

running (06m41.0s), 357/365 VUs, 1357 complete and 0 interrupted iterations
saturation   [  56% ] 357/365 VUs  06m41.0s/12m0s  13.41 iters/s

running (06m42.0s), 367/368 VUs, 1357 complete and 0 interrupted iterations
saturation   [  56% ] 367/368 VUs  06m42.0s/12m0s  13.49 iters/s

running (06m43.0s), 359/370 VUs, 1377 complete and 0 interrupted iterations
saturation   [  56% ] 359/370 VUs  06m43.0s/12m0s  13.58 iters/s

running (06m44.0s), 368/371 VUs, 1381 complete and 0 interrupted iterations
saturation   [  56% ] 368/371 VUs  06m44.0s/12m0s  13.67 iters/s

running (06m45.0s), 367/373 VUs, 1393 complete and 0 interrupted iterations
saturation   [  56% ] 367/373 VUs  06m45.0s/12m0s  13.74 iters/s

running (06m46.0s), 375/375 VUs, 1397 complete and 0 interrupted iterations
saturation   [  56% ] 375/375 VUs  06m46.0s/12m0s  13.83 iters/s

running (06m47.0s), 380/382 VUs, 1399 complete and 0 interrupted iterations
saturation   [  57% ] 380/382 VUs  06m47.0s/12m0s  13.91 iters/s

running (06m48.0s), 381/384 VUs, 1410 complete and 0 interrupted iterations
saturation   [  57% ] 381/384 VUs  06m48.0s/12m0s  14.00 iters/s

running (06m49.0s), 386/386 VUs, 1417 complete and 0 interrupted iterations
saturation   [  57% ] 386/386 VUs  06m49.0s/12m0s  14.08 iters/s

running (06m50.0s), 386/391 VUs, 1426 complete and 0 interrupted iterations
saturation   [  57% ] 386/391 VUs  06m50.0s/12m0s  14.16 iters/s

running (06m51.0s), 388/392 VUs, 1437 complete and 0 interrupted iterations
saturation   [  57% ] 388/392 VUs  06m51.0s/12m0s  14.24 iters/s

running (06m52.0s), 397/398 VUs, 1437 complete and 0 interrupted iterations
saturation   [  57% ] 397/398 VUs  06m52.0s/12m0s  14.33 iters/s

running (06m53.0s), 401/401 VUs, 1444 complete and 0 interrupted iterations
saturation   [  57% ] 401/401 VUs  06m53.0s/12m0s  14.41 iters/s

running (06m54.0s), 402/402 VUs, 1456 complete and 0 interrupted iterations
saturation   [  57% ] 402/402 VUs  06m54.0s/12m0s  14.49 iters/s

running (06m55.0s), 406/407 VUs, 1462 complete and 0 interrupted iterations
saturation   [  58% ] 406/407 VUs  06m55.0s/12m0s  14.58 iters/s

running (06m56.0s), 405/411 VUs, 1474 complete and 0 interrupted iterations
saturation   [  58% ] 405/411 VUs  06m56.0s/12m0s  14.67 iters/s

running (06m57.0s), 413/414 VUs, 1477 complete and 0 interrupted iterations
saturation   [  58% ] 413/414 VUs  06m57.0s/12m0s  14.75 iters/s

running (06m58.0s), 421/421 VUs, 1477 complete and 0 interrupted iterations
saturation   [  58% ] 421/421 VUs  06m58.0s/12m0s  14.83 iters/s

running (06m59.0s), 420/424 VUs, 1490 complete and 0 interrupted iterations
saturation   [  58% ] 420/424 VUs  06m59.0s/12m0s  14.91 iters/s

running (07m00.0s), 426/426 VUs, 1497 complete and 0 interrupted iterations
saturation   [  58% ] 426/426 VUs  07m00.0s/12m0s  15.00 iters/s

running (07m01.0s), 433/433 VUs, 1498 complete and 0 interrupted iterations
saturation   [  58% ] 433/433 VUs  07m01.0s/12m0s  15.08 iters/s

running (07m02.0s), 440/441 VUs, 1498 complete and 0 interrupted iterations
saturation   [  59% ] 440/441 VUs  07m02.0s/12m0s  15.16 iters/s

running (07m03.0s), 435/442 VUs, 1517 complete and 0 interrupted iterations
saturation   [  59% ] 435/442 VUs  07m03.0s/12m0s  15.25 iters/s

running (07m04.0s), 446/447 VUs, 1517 complete and 0 interrupted iterations
saturation   [  59% ] 446/447 VUs  07m04.0s/12m0s  15.33 iters/s

running (07m05.0s), 447/449 VUs, 1529 complete and 0 interrupted iterations
saturation   [  59% ] 447/449 VUs  07m05.0s/12m0s  15.41 iters/s

running (07m06.0s), 449/452 VUs, 1539 complete and 0 interrupted iterations
saturation   [  59% ] 449/452 VUs  07m06.0s/12m0s  15.49 iters/s

running (07m07.0s), 452/453 VUs, 1551 complete and 0 interrupted iterations
saturation   [  59% ] 452/453 VUs  07m07.0s/12m0s  15.58 iters/s

running (07m08.0s), 455/456 VUs, 1561 complete and 0 interrupted iterations
saturation   [  59% ] 455/456 VUs  07m08.0s/12m0s  15.67 iters/s

running (07m09.0s), 459/460 VUs, 1568 complete and 0 interrupted iterations
saturation   [  60% ] 459/460 VUs  07m09.0s/12m0s  15.75 iters/s

running (07m10.0s), 466/466 VUs, 1571 complete and 0 interrupted iterations
saturation   [  60% ] 466/466 VUs  07m10.0s/12m0s  15.83 iters/s

running (07m11.0s), 469/473 VUs, 1577 complete and 0 interrupted iterations
saturation   [  60% ] 469/473 VUs  07m11.0s/12m0s  15.91 iters/s

running (07m12.0s), 471/473 VUs, 1591 complete and 0 interrupted iterations
saturation   [  60% ] 471/473 VUs  07m12.0s/12m0s  16.00 iters/s

running (07m13.0s), 480/480 VUs, 1591 complete and 0 interrupted iterations
saturation   [  60% ] 480/480 VUs  07m13.0s/12m0s  16.08 iters/s

running (07m14.0s), 488/488 VUs, 1591 complete and 0 interrupted iterations
saturation   [  60% ] 488/488 VUs  07m14.0s/12m0s  16.16 iters/s

running (07m15.0s), 489/494 VUs, 1600 complete and 0 interrupted iterations
saturation   [  60% ] 489/494 VUs  07m15.0s/12m0s  16.25 iters/s

running (07m16.0s), 494/495 VUs, 1611 complete and 0 interrupted iterations
saturation   [  61% ] 494/495 VUs  07m16.0s/12m0s  16.33 iters/s

running (07m17.0s), 490/496 VUs, 1630 complete and 0 interrupted iterations
saturation   [  61% ] 490/496 VUs  07m17.0s/12m0s  16.41 iters/s

running (07m18.0s), 500/501 VUs, 1631 complete and 0 interrupted iterations
saturation   [  61% ] 500/501 VUs  07m18.0s/12m0s  16.49 iters/s

running (07m19.0s), 497/501 VUs, 1651 complete and 0 interrupted iterations
saturation   [  61% ] 497/501 VUs  07m19.0s/12m0s  16.58 iters/s

running (07m20.0s), 502/505 VUs, 1659 complete and 0 interrupted iterations
saturation   [  61% ] 502/505 VUs  07m20.0s/12m0s  16.67 iters/s

running (07m21.0s), 511/512 VUs, 1659 complete and 0 interrupted iterations
saturation   [  61% ] 511/512 VUs  07m21.0s/12m0s  16.75 iters/s

running (07m22.0s), 508/514 VUs, 1677 complete and 0 interrupted iterations
saturation   [  61% ] 508/514 VUs  07m22.0s/12m0s  16.83 iters/s

running (07m23.0s), 519/520 VUs, 1677 complete and 0 interrupted iterations
saturation   [  62% ] 519/520 VUs  07m23.0s/12m0s  16.91 iters/s

running (07m24.0s), 528/528 VUs, 1677 complete and 0 interrupted iterations
saturation   [  62% ] 528/528 VUs  07m24.0s/12m0s  17.00 iters/s

running (07m25.0s), 536/537 VUs, 1677 complete and 0 interrupted iterations
saturation   [  62% ] 536/537 VUs  07m25.0s/12m0s  17.08 iters/s

running (07m26.0s), 543/544 VUs, 1680 complete and 0 interrupted iterations
saturation   [  62% ] 543/544 VUs  07m26.0s/12m0s  17.16 iters/s

running (07m27.0s), 546/547 VUs, 1691 complete and 0 interrupted iterations
saturation   [  62% ] 546/547 VUs  07m27.0s/12m0s  17.25 iters/s

running (07m28.0s), 552/552 VUs, 1697 complete and 0 interrupted iterations
saturation   [  62% ] 552/552 VUs  07m28.0s/12m0s  17.33 iters/s

running (07m29.0s), 560/561 VUs, 1698 complete and 0 interrupted iterations
saturation   [  62% ] 560/561 VUs  07m29.0s/12m0s  17.41 iters/s

running (07m30.0s), 561/564 VUs, 1711 complete and 0 interrupted iterations
saturation   [  62% ] 561/564 VUs  07m30.0s/12m0s  17.50 iters/s

running (07m31.0s), 565/565 VUs, 1724 complete and 0 interrupted iterations
saturation   [  63% ] 565/565 VUs  07m31.0s/12m0s  17.58 iters/s

running (07m32.0s), 568/571 VUs, 1733 complete and 0 interrupted iterations
saturation   [  63% ] 568/571 VUs  07m32.0s/12m0s  17.67 iters/s

running (07m33.0s), 566/571 VUs, 1752 complete and 0 interrupted iterations
saturation   [  63% ] 566/571 VUs  07m33.0s/12m0s  17.75 iters/s

running (07m34.0s), 569/571 VUs, 1767 complete and 0 interrupted iterations
saturation   [  63% ] 569/571 VUs  07m34.0s/12m0s  17.83 iters/s

running (07m35.0s), 571/575 VUs, 1779 complete and 0 interrupted iterations
saturation   [  63% ] 571/575 VUs  07m35.0s/12m0s  17.91 iters/s

running (07m36.0s), 561/576 VUs, 1806 complete and 0 interrupted iterations
saturation   [  63% ] 561/576 VUs  07m36.0s/12m0s  18.00 iters/s

================ DSP benchmark summary ================
-- per-phase latency --
  catalog                    p50=166.1 ms  p95=881.0 ms  p99=1166.1 ms  max=1641.3 ms  n=2358
  negotiation init (POST)    p50=50.9 ms  p95=167.6 ms  p99=283.4 ms  max=482.1 ms  n=2358
  time-to-AGREED (async)     p50=4606.0 ms  p95=25360.6 ms  p99=29253.6 ms  max=30393.0 ms  n=1927
  transfer init (POST)       p50=87.7 ms  p95=242.0 ms  p99=374.9 ms  max=640.7 ms  n=1927
  time-to-EDR (async)        p50=4566.0 ms  p95=28538.4 ms  p99=29805.4 ms  max=30097.0 ms  n=889
  data pull                  p50=25.5 ms  p95=44.8 ms  p99=46.9 ms  max=63.3 ms  n=889
-- end-to-end + throughput --
  e2e transaction            p50=8594.0 ms  p95=32071.0 ms  p99=34978.5 ms  max=35760.0 ms  n=889
  data throughput (MB/s)     p50=0.2  p95=0.2  p99=0.2  max=0.3  n=889
-- outcomes --
  transactions succeeded     count=889  rate=1.948/s
  transactions failed        count=917  rate=2.010/s
  failed rate                rate=50.78%  (pass=917 fail=889)
-- observer effect (poll load) --
  negotiation polls          count=80049  rate=175.442/s
  edr polls                  count=150913  rate=330.754/s
=======================================================
(full summary -> /home/rohitj/edc/benchmarking-factoryx-edc/resources/local-fx-mvd/k6-scripts/results/factoryx/saturation-open/2026-07-29T17-19-51Z/k6-summary.json; POLL_INTERVAL_MS=250; IDENTITY_MODE=on)

running (07m36.3s), 000/576 VUs, 1806 complete and 561 interrupted iterations
saturation ✗ [  63% ] 538/576 VUs  07m36.1s/12m0s  18.00 iters/s
time="2026-07-29T17:28:33Z" level=error msg="thresholds on metrics 'dsp_transaction_failed_rate' were crossed; at least one has abortOnFail enabled, stopping test prematurely"
Prometheus snapshot [1785345656..1785346128] svc=(provider-controlplane|provider-dataplane|consumer-controlplane|consumer-dataplane) win=1m -> /home/rohitj/edc/benchmarking-factoryx-edc/resources/local-fx-mvd/k6-scripts/results/factoryx/saturation-open/2026-07-29T17-19-51Z
  jvm-heap.csv (380 rows)
  jvm-gc-rate.csv (380 rows)
  jvm-threads.csv (380 rows)
  http-throughput.csv (380 rows)
  http-p95.csv (380 rows)
  http-errors.csv (190 rows)
  host-cpu-busy.csv (95 rows)
  host-mem-used.csv (95 rows)
>>> done: /home/rohitj/edc/benchmarking-factoryx-edc/resources/local-fx-mvd/k6-scripts/results/factoryx/saturation-open/2026-07-29T17-19-51Z  (k6 exit 99)
  (saturation-open rep 3 exited non-zero)
----- factoryx / steady (rep 3) -----
>>> factoryx / steady  ->  /home/rohitj/edc/benchmarking-factoryx-edc/resources/local-fx-mvd/k6-scripts/results/factoryx/steady/2026-07-29T17-28-48Z
parity OK: lib/ + scenarios/ identical to /home/rohitj/edc/benchmarking-factoryx-edc/resources/local-fx-mvd/k6-scripts
Health: http://localhost:29010/management + prometheus  OK
Warmup 60s @ 2/s (discarded)
  (warmup non-zero exit ignored)

         /\      Grafana   /‾‾/  
    /\  /  \     |\  __   /  /   
   /  \/    \    | |/ /  /   ‾‾\ 
  /          \   |   (  |  (‾)  |
 / __________ \  |_|\_\  \_____/ 


     execution: local
        script: /home/rohitj/edc/benchmarking-factoryx-edc/resources/local-fx-mvd/k6-scripts/scenarios/steady.js
        output: -

     scenarios: (100.00%) 1 scenario, 200 max VUs, 10m30s max duration (incl. graceful stop):
              * steady: 5.00 iterations/s for 10m0s (maxVUs: 50-200, gracefulStop: 30s)


running (00m01.0s), 005/050 VUs, 0 complete and 0 interrupted iterations
steady   [   0% ] 005/050 VUs  00m01.0s/10m0s  5.00 iters/s

running (00m02.0s), 010/050 VUs, 0 complete and 0 interrupted iterations
steady   [   0% ] 010/050 VUs  00m02.0s/10m0s  5.00 iters/s

running (00m03.0s), 015/050 VUs, 0 complete and 0 interrupted iterations
steady   [   0% ] 015/050 VUs  00m03.0s/10m0s  5.00 iters/s

running (00m04.0s), 020/050 VUs, 0 complete and 0 interrupted iterations
steady   [   1% ] 020/050 VUs  00m04.0s/10m0s  5.00 iters/s

running (00m05.0s), 025/050 VUs, 0 complete and 0 interrupted iterations
steady   [   1% ] 025/050 VUs  00m05.0s/10m0s  5.00 iters/s

running (00m06.0s), 030/050 VUs, 0 complete and 0 interrupted iterations
steady   [   1% ] 030/050 VUs  00m06.0s/10m0s  5.00 iters/s

running (00m07.0s), 035/050 VUs, 0 complete and 0 interrupted iterations
steady   [   1% ] 035/050 VUs  00m07.0s/10m0s  5.00 iters/s

running (00m08.0s), 040/050 VUs, 0 complete and 0 interrupted iterations
steady   [   1% ] 040/050 VUs  00m08.0s/10m0s  5.00 iters/s

running (00m09.0s), 045/050 VUs, 0 complete and 0 interrupted iterations
steady   [   1% ] 045/050 VUs  00m09.0s/10m0s  5.00 iters/s

running (00m10.0s), 050/050 VUs, 0 complete and 0 interrupted iterations
steady   [   2% ] 050/050 VUs  00m10.0s/10m0s  5.00 iters/s

running (00m11.0s), 052/053 VUs, 0 complete and 0 interrupted iterations
steady   [   2% ] 052/053 VUs  00m11.0s/10m0s  5.00 iters/s

running (00m12.0s), 055/055 VUs, 0 complete and 0 interrupted iterations
steady   [   2% ] 055/055 VUs  00m12.0s/10m0s  5.00 iters/s

running (00m13.0s), 057/058 VUs, 0 complete and 0 interrupted iterations
steady   [   2% ] 057/058 VUs  00m13.0s/10m0s  5.00 iters/s

running (00m14.0s), 060/060 VUs, 0 complete and 0 interrupted iterations
steady   [   2% ] 060/060 VUs  00m14.0s/10m0s  5.00 iters/s

running (00m15.0s), 062/063 VUs, 0 complete and 0 interrupted iterations
steady   [   2% ] 062/063 VUs  00m15.0s/10m0s  5.00 iters/s

running (00m16.0s), 065/065 VUs, 0 complete and 0 interrupted iterations
steady   [   3% ] 065/065 VUs  00m16.0s/10m0s  5.00 iters/s

running (00m17.0s), 067/068 VUs, 0 complete and 0 interrupted iterations
steady   [   3% ] 067/068 VUs  00m17.0s/10m0s  5.00 iters/s

running (00m18.0s), 070/070 VUs, 0 complete and 0 interrupted iterations
steady   [   3% ] 070/070 VUs  00m18.0s/10m0s  5.00 iters/s

running (00m19.0s), 072/073 VUs, 0 complete and 0 interrupted iterations
steady   [   3% ] 072/073 VUs  00m19.0s/10m0s  5.00 iters/s

running (00m20.0s), 075/075 VUs, 0 complete and 0 interrupted iterations
steady   [   3% ] 075/075 VUs  00m20.0s/10m0s  5.00 iters/s

running (00m21.0s), 077/078 VUs, 0 complete and 0 interrupted iterations
steady   [   3% ] 077/078 VUs  00m21.0s/10m0s  5.00 iters/s

running (00m22.0s), 080/080 VUs, 0 complete and 0 interrupted iterations
steady   [   4% ] 080/080 VUs  00m22.0s/10m0s  5.00 iters/s

running (00m23.0s), 082/083 VUs, 0 complete and 0 interrupted iterations
steady   [   4% ] 082/083 VUs  00m23.0s/10m0s  5.00 iters/s

running (00m24.0s), 085/085 VUs, 0 complete and 0 interrupted iterations
steady   [   4% ] 085/085 VUs  00m24.0s/10m0s  5.00 iters/s

running (00m25.0s), 087/088 VUs, 0 complete and 0 interrupted iterations
steady   [   4% ] 087/088 VUs  00m25.0s/10m0s  5.00 iters/s

running (00m26.0s), 090/090 VUs, 0 complete and 0 interrupted iterations
steady   [   4% ] 090/090 VUs  00m26.0s/10m0s  5.00 iters/s

running (00m27.0s), 092/093 VUs, 0 complete and 0 interrupted iterations
steady   [   4% ] 092/093 VUs  00m27.0s/10m0s  5.00 iters/s

running (00m28.0s), 095/095 VUs, 0 complete and 0 interrupted iterations
steady   [   5% ] 095/095 VUs  00m28.0s/10m0s  5.00 iters/s

running (00m29.0s), 097/098 VUs, 0 complete and 0 interrupted iterations
steady   [   5% ] 097/098 VUs  00m29.0s/10m0s  5.00 iters/s

running (00m30.0s), 100/100 VUs, 0 complete and 0 interrupted iterations
steady   [   5% ] 100/100 VUs  00m30.0s/10m0s  5.00 iters/s

running (00m31.0s), 102/103 VUs, 0 complete and 0 interrupted iterations
steady   [   5% ] 102/103 VUs  00m31.0s/10m0s  5.00 iters/s

running (00m32.0s), 105/105 VUs, 0 complete and 0 interrupted iterations
steady   [   5% ] 105/105 VUs  00m32.0s/10m0s  5.00 iters/s

running (00m33.0s), 107/108 VUs, 0 complete and 0 interrupted iterations
steady   [   5% ] 107/108 VUs  00m33.0s/10m0s  5.00 iters/s

running (00m34.0s), 110/110 VUs, 0 complete and 0 interrupted iterations
steady   [   6% ] 110/110 VUs  00m34.0s/10m0s  5.00 iters/s

running (00m35.0s), 109/112 VUs, 4 complete and 0 interrupted iterations
steady   [   6% ] 109/112 VUs  00m35.0s/10m0s  5.00 iters/s

running (00m36.0s), 113/113 VUs, 4 complete and 0 interrupted iterations
steady   [   6% ] 113/113 VUs  00m36.0s/10m0s  5.00 iters/s

running (00m37.0s), 110/115 VUs, 10 complete and 0 interrupted iterations
steady   [   6% ] 110/115 VUs  00m37.0s/10m0s  5.00 iters/s

running (00m38.0s), 108/115 VUs, 17 complete and 0 interrupted iterations
steady   [   6% ] 108/115 VUs  00m38.0s/10m0s  5.00 iters/s

running (00m39.0s), 107/115 VUs, 23 complete and 0 interrupted iterations
steady   [   6% ] 107/115 VUs  00m39.0s/10m0s  5.00 iters/s

running (00m40.0s), 103/115 VUs, 32 complete and 0 interrupted iterations
steady   [   7% ] 103/115 VUs  00m40.0s/10m0s  5.00 iters/s

running (00m41.0s), 101/115 VUs, 39 complete and 0 interrupted iterations
steady   [   7% ] 101/115 VUs  00m41.0s/10m0s  5.00 iters/s

running (00m42.0s), 100/115 VUs, 45 complete and 0 interrupted iterations
steady   [   7% ] 100/115 VUs  00m42.0s/10m0s  5.00 iters/s

running (00m43.0s), 101/115 VUs, 49 complete and 0 interrupted iterations
steady   [   7% ] 101/115 VUs  00m43.0s/10m0s  5.00 iters/s

running (00m44.0s), 106/115 VUs, 49 complete and 0 interrupted iterations
steady   [   7% ] 106/115 VUs  00m44.0s/10m0s  5.00 iters/s

running (00m45.0s), 107/115 VUs, 53 complete and 0 interrupted iterations
steady   [   7% ] 107/115 VUs  00m45.0s/10m0s  5.00 iters/s

running (00m46.0s), 110/115 VUs, 55 complete and 0 interrupted iterations
steady   [   8% ] 110/115 VUs  00m46.0s/10m0s  5.00 iters/s

running (00m47.0s), 110/115 VUs, 60 complete and 0 interrupted iterations
steady   [   8% ] 110/115 VUs  00m47.0s/10m0s  5.00 iters/s

running (00m48.0s), 112/115 VUs, 63 complete and 0 interrupted iterations
steady   [   8% ] 112/115 VUs  00m48.0s/10m0s  5.00 iters/s

running (00m49.0s), 115/115 VUs, 65 complete and 0 interrupted iterations
steady   [   8% ] 115/115 VUs  00m49.0s/10m0s  5.00 iters/s

running (00m50.0s), 117/118 VUs, 65 complete and 0 interrupted iterations
steady   [   8% ] 117/118 VUs  00m50.0s/10m0s  5.00 iters/s

running (00m51.0s), 118/118 VUs, 69 complete and 0 interrupted iterations
steady   [   8% ] 118/118 VUs  00m51.0s/10m0s  5.00 iters/s

running (00m52.0s), 120/121 VUs, 69 complete and 0 interrupted iterations
steady   [   9% ] 120/121 VUs  00m52.0s/10m0s  5.00 iters/s

running (00m53.0s), 120/121 VUs, 74 complete and 0 interrupted iterations
steady   [   9% ] 120/121 VUs  00m53.0s/10m0s  5.00 iters/s

running (00m54.0s), 122/122 VUs, 76 complete and 0 interrupted iterations
steady   [   9% ] 122/122 VUs  00m54.0s/10m0s  5.00 iters/s

running (00m55.0s), 124/125 VUs, 76 complete and 0 interrupted iterations
steady   [   9% ] 124/125 VUs  00m55.0s/10m0s  5.00 iters/s

running (00m56.0s), 125/125 VUs, 80 complete and 0 interrupted iterations
steady   [   9% ] 125/125 VUs  00m56.0s/10m0s  5.00 iters/s

running (00m57.0s), 123/128 VUs, 84 complete and 0 interrupted iterations
steady   [   9% ] 123/128 VUs  00m57.0s/10m0s  5.00 iters/s

running (00m58.0s), 128/128 VUs, 84 complete and 0 interrupted iterations
steady   [  10% ] 128/128 VUs  00m58.0s/10m0s  5.00 iters/s

running (00m59.0s), 125/129 VUs, 91 complete and 0 interrupted iterations
steady   [  10% ] 125/129 VUs  00m59.0s/10m0s  5.00 iters/s

running (01m00.0s), 126/129 VUs, 95 complete and 0 interrupted iterations
steady   [  10% ] 126/129 VUs  01m00.0s/10m0s  5.00 iters/s

running (01m01.0s), 130/130 VUs, 95 complete and 0 interrupted iterations
steady   [  10% ] 130/130 VUs  01m01.0s/10m0s  5.00 iters/s

running (01m02.0s), 132/133 VUs, 95 complete and 0 interrupted iterations
steady   [  10% ] 132/133 VUs  01m02.0s/10m0s  5.00 iters/s

running (01m03.0s), 130/134 VUs, 101 complete and 0 interrupted iterations
steady   [  10% ] 130/134 VUs  01m03.0s/10m0s  5.00 iters/s

running (01m04.0s), 123/134 VUs, 113 complete and 0 interrupted iterations
steady   [  11% ] 123/134 VUs  01m04.0s/10m0s  5.00 iters/s

running (01m05.0s), 126/134 VUs, 115 complete and 0 interrupted iterations
steady   [  11% ] 126/134 VUs  01m05.0s/10m0s  5.00 iters/s

running (01m06.0s), 131/134 VUs, 115 complete and 0 interrupted iterations
steady   [  11% ] 131/134 VUs  01m06.0s/10m0s  5.00 iters/s

running (01m07.0s), 132/134 VUs, 119 complete and 0 interrupted iterations
steady   [  11% ] 132/134 VUs  01m07.0s/10m0s  5.00 iters/s

running (01m08.0s), 125/134 VUs, 131 complete and 0 interrupted iterations
steady   [  11% ] 125/134 VUs  01m08.0s/10m0s  5.00 iters/s

running (01m09.0s), 126/134 VUs, 135 complete and 0 interrupted iterations
steady   [  11% ] 126/134 VUs  01m09.0s/10m0s  5.00 iters/s

running (01m10.0s), 131/134 VUs, 135 complete and 0 interrupted iterations
steady   [  12% ] 131/134 VUs  01m10.0s/10m0s  5.00 iters/s

running (01m11.0s), 129/135 VUs, 141 complete and 0 interrupted iterations
steady   [  12% ] 129/135 VUs  01m11.0s/10m0s  5.00 iters/s

running (01m12.0s), 126/135 VUs, 149 complete and 0 interrupted iterations
steady   [  12% ] 126/135 VUs  01m12.0s/10m0s  5.00 iters/s

running (01m13.0s), 125/135 VUs, 155 complete and 0 interrupted iterations
steady   [  12% ] 125/135 VUs  01m13.0s/10m0s  5.00 iters/s

running (01m14.0s), 130/135 VUs, 155 complete and 0 interrupted iterations
steady   [  12% ] 130/135 VUs  01m14.0s/10m0s  5.00 iters/s

running (01m15.0s), 135/135 VUs, 155 complete and 0 interrupted iterations
steady   [  12% ] 135/135 VUs  01m15.0s/10m0s  5.00 iters/s

running (01m16.0s), 131/136 VUs, 163 complete and 0 interrupted iterations
steady   [  13% ] 131/136 VUs  01m16.0s/10m0s  5.00 iters/s

running (01m17.0s), 126/136 VUs, 173 complete and 0 interrupted iterations
steady   [  13% ] 126/136 VUs  01m17.0s/10m0s  5.00 iters/s

running (01m18.0s), 129/136 VUs, 175 complete and 0 interrupted iterations
steady   [  13% ] 129/136 VUs  01m18.0s/10m0s  5.00 iters/s

running (01m19.0s), 134/136 VUs, 175 complete and 0 interrupted iterations
steady   [  13% ] 134/136 VUs  01m19.0s/10m0s  5.00 iters/s

running (01m20.0s), 135/137 VUs, 178 complete and 0 interrupted iterations
steady   [  13% ] 135/137 VUs  01m20.0s/10m0s  5.00 iters/s

running (01m21.0s), 131/137 VUs, 187 complete and 0 interrupted iterations
steady   [  13% ] 131/137 VUs  01m21.0s/10m0s  5.00 iters/s

running (01m22.0s), 128/137 VUs, 195 complete and 0 interrupted iterations
steady   [  14% ] 128/137 VUs  01m22.0s/10m0s  5.00 iters/s

running (01m23.0s), 133/137 VUs, 195 complete and 0 interrupted iterations
steady   [  14% ] 133/137 VUs  01m23.0s/10m0s  5.00 iters/s

running (01m24.0s), 135/138 VUs, 197 complete and 0 interrupted iterations
steady   [  14% ] 135/138 VUs  01m24.0s/10m0s  5.00 iters/s

running (01m25.0s), 132/138 VUs, 205 complete and 0 interrupted iterations
steady   [  14% ] 132/138 VUs  01m25.0s/10m0s  5.00 iters/s

running (01m26.0s), 127/138 VUs, 215 complete and 0 interrupted iterations
steady   [  14% ] 127/138 VUs  01m26.0s/10m0s  5.00 iters/s

running (01m27.0s), 132/138 VUs, 215 complete and 0 interrupted iterations
steady   [  14% ] 132/138 VUs  01m27.0s/10m0s  5.00 iters/s

running (01m28.0s), 137/138 VUs, 215 complete and 0 interrupted iterations
steady   [  15% ] 137/138 VUs  01m28.0s/10m0s  5.00 iters/s

running (01m29.0s), 135/139 VUs, 221 complete and 0 interrupted iterations
steady   [  15% ] 135/139 VUs  01m29.0s/10m0s  5.00 iters/s

running (01m30.0s), 134/139 VUs, 227 complete and 0 interrupted iterations
steady   [  15% ] 134/139 VUs  01m30.0s/10m0s  5.00 iters/s

running (01m31.0s), 135/139 VUs, 231 complete and 0 interrupted iterations
steady   [  15% ] 135/139 VUs  01m31.0s/10m0s  5.00 iters/s

running (01m32.0s), 136/139 VUs, 235 complete and 0 interrupted iterations
steady   [  15% ] 136/139 VUs  01m32.0s/10m0s  5.00 iters/s

running (01m33.0s), 140/140 VUs, 235 complete and 0 interrupted iterations
steady   [  15% ] 140/140 VUs  01m33.0s/10m0s  5.00 iters/s

running (01m34.0s), 142/143 VUs, 235 complete and 0 interrupted iterations
steady   [  16% ] 142/143 VUs  01m34.0s/10m0s  5.00 iters/s

running (01m35.0s), 141/144 VUs, 240 complete and 0 interrupted iterations
steady   [  16% ] 141/144 VUs  01m35.0s/10m0s  5.00 iters/s

running (01m36.0s), 140/144 VUs, 246 complete and 0 interrupted iterations
steady   [  16% ] 140/144 VUs  01m36.0s/10m0s  5.00 iters/s

running (01m37.0s), 136/144 VUs, 255 complete and 0 interrupted iterations
steady   [  16% ] 136/144 VUs  01m37.0s/10m0s  5.00 iters/s

running (01m38.0s), 141/144 VUs, 255 complete and 0 interrupted iterations
steady   [  16% ] 141/144 VUs  01m38.0s/10m0s  5.00 iters/s

running (01m39.0s), 145/145 VUs, 255 complete and 0 interrupted iterations
steady   [  16% ] 145/145 VUs  01m39.0s/10m0s  5.00 iters/s

running (01m40.0s), 143/147 VUs, 260 complete and 0 interrupted iterations
steady   [  17% ] 143/147 VUs  01m40.0s/10m0s  5.00 iters/s

running (01m41.0s), 139/147 VUs, 269 complete and 0 interrupted iterations
steady   [  17% ] 139/147 VUs  01m41.0s/10m0s  5.00 iters/s

running (01m42.0s), 138/147 VUs, 275 complete and 0 interrupted iterations
steady   [  17% ] 138/147 VUs  01m42.0s/10m0s  5.00 iters/s

running (01m43.0s), 143/147 VUs, 275 complete and 0 interrupted iterations
steady   [  17% ] 143/147 VUs  01m43.0s/10m0s  5.00 iters/s

running (01m44.0s), 147/148 VUs, 275 complete and 0 interrupted iterations
steady   [  17% ] 147/148 VUs  01m44.0s/10m0s  5.00 iters/s

running (01m45.0s), 147/149 VUs, 279 complete and 0 interrupted iterations
steady   [  17% ] 147/149 VUs  01m45.0s/10m0s  5.00 iters/s

running (01m46.0s), 141/149 VUs, 290 complete and 0 interrupted iterations
steady   [  18% ] 141/149 VUs  01m46.0s/10m0s  5.00 iters/s

running (01m47.0s), 141/149 VUs, 295 complete and 0 interrupted iterations
steady   [  18% ] 141/149 VUs  01m47.0s/10m0s  5.00 iters/s

running (01m48.0s), 146/149 VUs, 295 complete and 0 interrupted iterations
steady   [  18% ] 146/149 VUs  01m48.0s/10m0s  5.00 iters/s

running (01m49.0s), 150/150 VUs, 295 complete and 0 interrupted iterations
steady   [  18% ] 150/150 VUs  01m49.0s/10m0s  5.00 iters/s

running (01m50.0s), 148/152 VUs, 300 complete and 0 interrupted iterations
steady   [  18% ] 148/152 VUs  01m50.0s/10m0s  5.00 iters/s

running (01m51.0s), 143/152 VUs, 310 complete and 0 interrupted iterations
steady   [  18% ] 143/152 VUs  01m51.0s/10m0s  5.00 iters/s

running (01m52.0s), 143/152 VUs, 315 complete and 0 interrupted iterations
steady   [  19% ] 143/152 VUs  01m52.0s/10m0s  5.00 iters/s

running (01m53.0s), 148/152 VUs, 315 complete and 0 interrupted iterations
steady   [  19% ] 148/152 VUs  01m53.0s/10m0s  5.00 iters/s

running (01m54.0s), 149/152 VUs, 319 complete and 0 interrupted iterations
steady   [  19% ] 149/152 VUs  01m54.0s/10m0s  5.00 iters/s

running (01m55.0s), 152/153 VUs, 320 complete and 0 interrupted iterations
steady   [  19% ] 152/153 VUs  01m55.0s/10m0s  5.00 iters/s

running (01m56.0s), 148/153 VUs, 329 complete and 0 interrupted iterations
steady   [  19% ] 148/153 VUs  01m56.0s/10m0s  5.00 iters/s

running (01m57.0s), 147/153 VUs, 335 complete and 0 interrupted iterations
steady   [  19% ] 147/153 VUs  01m57.0s/10m0s  5.00 iters/s

running (01m58.0s), 145/153 VUs, 342 complete and 0 interrupted iterations
steady   [  20% ] 145/153 VUs  01m58.0s/10m0s  5.00 iters/s

running (01m59.0s), 147/153 VUs, 345 complete and 0 interrupted iterations
steady   [  20% ] 147/153 VUs  01m59.0s/10m0s  5.00 iters/s

running (02m00.0s), 149/153 VUs, 348 complete and 0 interrupted iterations
steady   [  20% ] 149/153 VUs  02m00.0s/10m0s  5.00 iters/s

running (02m01.0s), 153/154 VUs, 348 complete and 0 interrupted iterations
steady   [  20% ] 153/154 VUs  02m01.0s/10m0s  5.00 iters/s

running (02m02.0s), 152/154 VUs, 354 complete and 0 interrupted iterations
steady   [  20% ] 152/154 VUs  02m02.0s/10m0s  5.00 iters/s

running (02m03.0s), 154/155 VUs, 356 complete and 0 interrupted iterations
steady   [  20% ] 154/155 VUs  02m03.0s/10m0s  5.00 iters/s

running (02m04.0s), 150/157 VUs, 363 complete and 0 interrupted iterations
steady   [  21% ] 150/157 VUs  02m04.0s/10m0s  5.00 iters/s

running (02m05.0s), 145/157 VUs, 373 complete and 0 interrupted iterations
steady   [  21% ] 145/157 VUs  02m05.0s/10m0s  5.00 iters/s

running (02m06.0s), 147/157 VUs, 376 complete and 0 interrupted iterations
steady   [  21% ] 147/157 VUs  02m06.0s/10m0s  5.00 iters/s

running (02m07.0s), 150/157 VUs, 378 complete and 0 interrupted iterations
steady   [  21% ] 150/157 VUs  02m07.0s/10m0s  5.00 iters/s

running (02m08.0s), 150/157 VUs, 383 complete and 0 interrupted iterations
steady   [  21% ] 150/157 VUs  02m08.0s/10m0s  5.00 iters/s

running (02m09.0s), 151/157 VUs, 387 complete and 0 interrupted iterations
steady   [  21% ] 151/157 VUs  02m09.0s/10m0s  5.00 iters/s

running (02m10.0s), 151/157 VUs, 392 complete and 0 interrupted iterations
steady   [  22% ] 151/157 VUs  02m10.0s/10m0s  5.00 iters/s

running (02m11.0s), 154/157 VUs, 394 complete and 0 interrupted iterations
steady   [  22% ] 154/157 VUs  02m11.0s/10m0s  5.00 iters/s

running (02m12.0s), 158/158 VUs, 394 complete and 0 interrupted iterations
steady   [  22% ] 158/158 VUs  02m12.0s/10m0s  5.00 iters/s

running (02m13.0s), 155/159 VUs, 401 complete and 0 interrupted iterations
steady   [  22% ] 155/159 VUs  02m13.0s/10m0s  5.00 iters/s

running (02m14.0s), 159/160 VUs, 401 complete and 0 interrupted iterations
steady   [  22% ] 159/160 VUs  02m14.0s/10m0s  5.00 iters/s

running (02m15.0s), 156/162 VUs, 407 complete and 0 interrupted iterations
steady   [  22% ] 156/162 VUs  02m15.0s/10m0s  5.00 iters/s

running (02m16.0s), 161/162 VUs, 407 complete and 0 interrupted iterations
steady   [  23% ] 161/162 VUs  02m16.0s/10m0s  5.00 iters/s

running (02m17.0s), 164/164 VUs, 407 complete and 0 interrupted iterations
steady   [  23% ] 164/164 VUs  02m17.0s/10m0s  5.00 iters/s

running (02m18.0s), 158/165 VUs, 417 complete and 0 interrupted iterations
steady   [  23% ] 158/165 VUs  02m18.0s/10m0s  5.00 iters/s

running (02m19.0s), 157/165 VUs, 423 complete and 0 interrupted iterations
steady   [  23% ] 157/165 VUs  02m19.0s/10m0s  5.00 iters/s

running (02m20.0s), 162/165 VUs, 423 complete and 0 interrupted iterations
steady   [  23% ] 162/165 VUs  02m20.0s/10m0s  5.00 iters/s

running (02m21.0s), 166/166 VUs, 423 complete and 0 interrupted iterations
steady   [  23% ] 166/166 VUs  02m21.0s/10m0s  5.00 iters/s

running (02m22.0s), 167/168 VUs, 425 complete and 0 interrupted iterations
steady   [  24% ] 167/168 VUs  02m22.0s/10m0s  5.00 iters/s

running (02m23.0s), 155/168 VUs, 442 complete and 0 interrupted iterations
steady   [  24% ] 155/168 VUs  02m23.0s/10m0s  5.00 iters/s

running (02m24.0s), 156/168 VUs, 446 complete and 0 interrupted iterations
steady   [  24% ] 156/168 VUs  02m24.0s/10m0s  5.00 iters/s

running (02m25.0s), 161/168 VUs, 446 complete and 0 interrupted iterations
steady   [  24% ] 161/168 VUs  02m25.0s/10m0s  5.00 iters/s

running (02m26.0s), 166/168 VUs, 446 complete and 0 interrupted iterations
steady   [  24% ] 166/168 VUs  02m26.0s/10m0s  5.00 iters/s

running (02m27.0s), 169/169 VUs, 447 complete and 0 interrupted iterations
steady   [  24% ] 169/169 VUs  02m27.0s/10m0s  5.00 iters/s

running (02m28.0s), 156/170 VUs, 464 complete and 0 interrupted iterations
steady   [  25% ] 156/170 VUs  02m28.0s/10m0s  5.00 iters/s

running (02m29.0s), 153/170 VUs, 472 complete and 0 interrupted iterations
steady   [  25% ] 153/170 VUs  02m29.0s/10m0s  5.00 iters/s

running (02m30.0s), 150/170 VUs, 480 complete and 0 interrupted iterations
steady   [  25% ] 150/170 VUs  02m30.0s/10m0s  5.00 iters/s

running (02m31.0s), 151/170 VUs, 484 complete and 0 interrupted iterations
steady   [  25% ] 151/170 VUs  02m31.0s/10m0s  5.00 iters/s

running (02m32.0s), 156/170 VUs, 484 complete and 0 interrupted iterations
steady   [  25% ] 156/170 VUs  02m32.0s/10m0s  5.00 iters/s

running (02m33.0s), 156/170 VUs, 489 complete and 0 interrupted iterations
steady   [  25% ] 156/170 VUs  02m33.0s/10m0s  5.00 iters/s

running (02m34.0s), 152/170 VUs, 498 complete and 0 interrupted iterations
steady   [  26% ] 152/170 VUs  02m34.0s/10m0s  5.00 iters/s

running (02m35.0s), 157/170 VUs, 498 complete and 0 interrupted iterations
steady   [  26% ] 157/170 VUs  02m35.0s/10m0s  5.00 iters/s

running (02m36.0s), 162/170 VUs, 498 complete and 0 interrupted iterations
steady   [  26% ] 162/170 VUs  02m36.0s/10m0s  5.00 iters/s

running (02m37.0s), 160/170 VUs, 505 complete and 0 interrupted iterations
steady   [  26% ] 160/170 VUs  02m37.0s/10m0s  5.00 iters/s

running (02m38.0s), 158/170 VUs, 512 complete and 0 interrupted iterations
steady   [  26% ] 158/170 VUs  02m38.0s/10m0s  5.00 iters/s

running (02m39.0s), 163/170 VUs, 512 complete and 0 interrupted iterations
steady   [  26% ] 163/170 VUs  02m39.0s/10m0s  5.00 iters/s

running (02m40.0s), 159/170 VUs, 521 complete and 0 interrupted iterations
steady   [  27% ] 159/170 VUs  02m40.0s/10m0s  5.00 iters/s

running (02m41.0s), 157/170 VUs, 528 complete and 0 interrupted iterations
steady   [  27% ] 157/170 VUs  02m41.0s/10m0s  5.00 iters/s

running (02m42.0s), 158/170 VUs, 532 complete and 0 interrupted iterations
steady   [  27% ] 158/170 VUs  02m42.0s/10m0s  5.00 iters/s

running (02m43.0s), 158/170 VUs, 537 complete and 0 interrupted iterations
steady   [  27% ] 158/170 VUs  02m43.0s/10m0s  5.00 iters/s

running (02m44.0s), 163/170 VUs, 537 complete and 0 interrupted iterations
steady   [  27% ] 163/170 VUs  02m44.0s/10m0s  5.00 iters/s

running (02m45.0s), 159/170 VUs, 546 complete and 0 interrupted iterations
steady   [  27% ] 159/170 VUs  02m45.0s/10m0s  5.00 iters/s

running (02m46.0s), 158/170 VUs, 552 complete and 0 interrupted iterations
steady   [  28% ] 158/170 VUs  02m46.0s/10m0s  5.00 iters/s

running (02m47.0s), 159/170 VUs, 556 complete and 0 interrupted iterations
steady   [  28% ] 159/170 VUs  02m47.0s/10m0s  5.00 iters/s

running (02m48.0s), 157/170 VUs, 563 complete and 0 interrupted iterations
steady   [  28% ] 157/170 VUs  02m48.0s/10m0s  5.00 iters/s

running (02m49.0s), 157/170 VUs, 568 complete and 0 interrupted iterations
steady   [  28% ] 157/170 VUs  02m49.0s/10m0s  5.00 iters/s

running (02m50.0s), 160/170 VUs, 570 complete and 0 interrupted iterations
steady   [  28% ] 160/170 VUs  02m50.0s/10m0s  5.00 iters/s

running (02m51.0s), 161/170 VUs, 574 complete and 0 interrupted iterations
steady   [  28% ] 161/170 VUs  02m51.0s/10m0s  5.00 iters/s

running (02m52.0s), 160/170 VUs, 580 complete and 0 interrupted iterations
steady   [  29% ] 160/170 VUs  02m52.0s/10m0s  5.00 iters/s

running (02m53.0s), 159/170 VUs, 586 complete and 0 interrupted iterations
steady   [  29% ] 159/170 VUs  02m53.0s/10m0s  5.00 iters/s

running (02m54.0s), 158/170 VUs, 592 complete and 0 interrupted iterations
steady   [  29% ] 158/170 VUs  02m54.0s/10m0s  5.00 iters/s

running (02m55.0s), 160/170 VUs, 595 complete and 0 interrupted iterations
steady   [  29% ] 160/170 VUs  02m55.0s/10m0s  5.00 iters/s

running (02m56.0s), 160/170 VUs, 600 complete and 0 interrupted iterations
steady   [  29% ] 160/170 VUs  02m56.0s/10m0s  5.00 iters/s

running (02m57.0s), 165/170 VUs, 600 complete and 0 interrupted iterations
steady   [  29% ] 165/170 VUs  02m57.0s/10m0s  5.00 iters/s

running (02m58.0s), 165/170 VUs, 605 complete and 0 interrupted iterations
steady   [  30% ] 165/170 VUs  02m58.0s/10m0s  5.00 iters/s

running (02m59.0s), 168/170 VUs, 607 complete and 0 interrupted iterations
steady   [  30% ] 168/170 VUs  02m59.0s/10m0s  5.00 iters/s

running (03m00.0s), 171/172 VUs, 607 complete and 0 interrupted iterations
steady   [  30% ] 171/172 VUs  03m00.0s/10m0s  5.00 iters/s

running (03m01.0s), 169/172 VUs, 614 complete and 0 interrupted iterations
steady   [  30% ] 169/172 VUs  03m01.0s/10m0s  5.00 iters/s

running (03m02.0s), 169/173 VUs, 618 complete and 0 interrupted iterations
steady   [  30% ] 169/173 VUs  03m02.0s/10m0s  5.00 iters/s

running (03m03.0s), 172/174 VUs, 619 complete and 0 interrupted iterations
steady   [  30% ] 172/174 VUs  03m03.0s/10m0s  5.00 iters/s

running (03m04.0s), 171/174 VUs, 625 complete and 0 interrupted iterations
steady   [  31% ] 171/174 VUs  03m04.0s/10m0s  5.00 iters/s

running (03m05.0s), 168/175 VUs, 632 complete and 0 interrupted iterations
steady   [  31% ] 168/175 VUs  03m05.0s/10m0s  5.00 iters/s

running (03m06.0s), 169/175 VUs, 636 complete and 0 interrupted iterations
steady   [  31% ] 169/175 VUs  03m06.0s/10m0s  5.00 iters/s

running (03m07.0s), 170/175 VUs, 640 complete and 0 interrupted iterations
steady   [  31% ] 170/175 VUs  03m07.0s/10m0s  5.00 iters/s

running (03m08.0s), 169/175 VUs, 646 complete and 0 interrupted iterations
steady   [  31% ] 169/175 VUs  03m08.0s/10m0s  5.00 iters/s

running (03m09.0s), 174/175 VUs, 646 complete and 0 interrupted iterations
steady   [  31% ] 174/175 VUs  03m09.0s/10m0s  5.00 iters/s

running (03m10.0s), 164/176 VUs, 660 complete and 0 interrupted iterations
steady   [  32% ] 164/176 VUs  03m10.0s/10m0s  5.00 iters/s

running (03m11.0s), 168/176 VUs, 661 complete and 0 interrupted iterations
steady   [  32% ] 168/176 VUs  03m11.0s/10m0s  5.00 iters/s

running (03m12.0s), 173/176 VUs, 661 complete and 0 interrupted iterations
steady   [  32% ] 173/176 VUs  03m12.0s/10m0s  5.00 iters/s

running (03m13.0s), 168/176 VUs, 671 complete and 0 interrupted iterations
steady   [  32% ] 168/176 VUs  03m13.0s/10m0s  5.00 iters/s

running (03m14.0s), 173/176 VUs, 671 complete and 0 interrupted iterations
steady   [  32% ] 173/176 VUs  03m14.0s/10m0s  5.00 iters/s

running (03m15.0s), 177/177 VUs, 671 complete and 0 interrupted iterations
steady   [  32% ] 177/177 VUs  03m15.0s/10m0s  5.00 iters/s

running (03m16.0s), 175/179 VUs, 676 complete and 0 interrupted iterations
steady   [  33% ] 175/179 VUs  03m16.0s/10m0s  5.00 iters/s

running (03m17.0s), 171/179 VUs, 685 complete and 0 interrupted iterations
steady   [  33% ] 171/179 VUs  03m17.0s/10m0s  5.00 iters/s

running (03m18.0s), 170/179 VUs, 691 complete and 0 interrupted iterations
steady   [  33% ] 170/179 VUs  03m18.0s/10m0s  5.00 iters/s

running (03m19.0s), 175/179 VUs, 691 complete and 0 interrupted iterations
steady   [  33% ] 175/179 VUs  03m19.0s/10m0s  5.00 iters/s

running (03m20.0s), 179/180 VUs, 691 complete and 0 interrupted iterations
steady   [  33% ] 179/180 VUs  03m20.0s/10m0s  5.00 iters/s

running (03m21.0s), 171/181 VUs, 703 complete and 0 interrupted iterations
steady   [  33% ] 171/181 VUs  03m21.0s/10m0s  5.00 iters/s

running (03m22.0s), 167/181 VUs, 712 complete and 0 interrupted iterations
steady   [  34% ] 167/181 VUs  03m22.0s/10m0s  5.00 iters/s

running (03m23.0s), 166/181 VUs, 718 complete and 0 interrupted iterations
steady   [  34% ] 166/181 VUs  03m23.0s/10m0s  5.00 iters/s

running (03m24.0s), 162/181 VUs, 727 complete and 0 interrupted iterations
steady   [  34% ] 162/181 VUs  03m24.0s/10m0s  5.00 iters/s

running (03m25.0s), 165/181 VUs, 729 complete and 0 interrupted iterations
steady   [  34% ] 165/181 VUs  03m25.0s/10m0s  5.00 iters/s

running (03m26.0s), 163/181 VUs, 736 complete and 0 interrupted iterations
steady   [  34% ] 163/181 VUs  03m26.0s/10m0s  5.00 iters/s

running (03m27.0s), 168/181 VUs, 736 complete and 0 interrupted iterations
steady   [  34% ] 168/181 VUs  03m27.0s/10m0s  5.00 iters/s

running (03m28.0s), 166/181 VUs, 743 complete and 0 interrupted iterations
steady   [  35% ] 166/181 VUs  03m28.0s/10m0s  5.00 iters/s

running (03m29.0s), 171/181 VUs, 743 complete and 0 interrupted iterations
steady   [  35% ] 171/181 VUs  03m29.0s/10m0s  5.00 iters/s

running (03m30.0s), 163/181 VUs, 756 complete and 0 interrupted iterations
steady   [  35% ] 163/181 VUs  03m30.0s/10m0s  5.00 iters/s

running (03m31.0s), 163/181 VUs, 761 complete and 0 interrupted iterations
steady   [  35% ] 163/181 VUs  03m31.0s/10m0s  5.00 iters/s

running (03m32.0s), 168/181 VUs, 761 complete and 0 interrupted iterations
steady   [  35% ] 168/181 VUs  03m32.0s/10m0s  5.00 iters/s

running (03m33.0s), 173/181 VUs, 761 complete and 0 interrupted iterations
steady   [  35% ] 173/181 VUs  03m33.0s/10m0s  5.00 iters/s

running (03m34.0s), 162/181 VUs, 777 complete and 0 interrupted iterations
steady   [  36% ] 162/181 VUs  03m34.0s/10m0s  5.00 iters/s

running (03m35.0s), 164/181 VUs, 780 complete and 0 interrupted iterations
steady   [  36% ] 164/181 VUs  03m35.0s/10m0s  5.00 iters/s

running (03m36.0s), 169/181 VUs, 780 complete and 0 interrupted iterations
steady   [  36% ] 169/181 VUs  03m36.0s/10m0s  5.00 iters/s

running (03m37.0s), 166/181 VUs, 788 complete and 0 interrupted iterations
steady   [  36% ] 166/181 VUs  03m37.0s/10m0s  5.00 iters/s

running (03m38.0s), 162/181 VUs, 797 complete and 0 interrupted iterations
steady   [  36% ] 162/181 VUs  03m38.0s/10m0s  5.00 iters/s

running (03m39.0s), 163/181 VUs, 801 complete and 0 interrupted iterations
steady   [  36% ] 163/181 VUs  03m39.0s/10m0s  5.00 iters/s

running (03m40.0s), 168/181 VUs, 801 complete and 0 interrupted iterations
steady   [  37% ] 168/181 VUs  03m40.0s/10m0s  5.00 iters/s

running (03m41.0s), 167/181 VUs, 807 complete and 0 interrupted iterations
steady   [  37% ] 167/181 VUs  03m41.0s/10m0s  5.00 iters/s

running (03m42.0s), 172/181 VUs, 807 complete and 0 interrupted iterations
steady   [  37% ] 172/181 VUs  03m42.0s/10m0s  5.00 iters/s

running (03m43.0s), 167/181 VUs, 817 complete and 0 interrupted iterations
steady   [  37% ] 167/181 VUs  03m43.0s/10m0s  5.00 iters/s

running (03m44.0s), 167/181 VUs, 822 complete and 0 interrupted iterations
steady   [  37% ] 167/181 VUs  03m44.0s/10m0s  5.00 iters/s

running (03m45.0s), 162/181 VUs, 832 complete and 0 interrupted iterations
steady   [  37% ] 162/181 VUs  03m45.0s/10m0s  5.00 iters/s

running (03m46.0s), 157/181 VUs, 842 complete and 0 interrupted iterations
steady   [  38% ] 157/181 VUs  03m46.0s/10m0s  5.00 iters/s

running (03m47.0s), 162/181 VUs, 842 complete and 0 interrupted iterations
steady   [  38% ] 162/181 VUs  03m47.0s/10m0s  5.00 iters/s

running (03m48.0s), 164/181 VUs, 845 complete and 0 interrupted iterations
steady   [  38% ] 164/181 VUs  03m48.0s/10m0s  5.00 iters/s

running (03m49.0s), 163/181 VUs, 851 complete and 0 interrupted iterations
steady   [  38% ] 163/181 VUs  03m49.0s/10m0s  5.00 iters/s

running (03m50.0s), 166/181 VUs, 853 complete and 0 interrupted iterations
steady   [  38% ] 166/181 VUs  03m50.0s/10m0s  5.00 iters/s

running (03m51.0s), 171/181 VUs, 853 complete and 0 interrupted iterations
steady   [  38% ] 171/181 VUs  03m51.0s/10m0s  5.00 iters/s

running (03m52.0s), 169/181 VUs, 860 complete and 0 interrupted iterations
steady   [  39% ] 169/181 VUs  03m52.0s/10m0s  5.00 iters/s

running (03m53.0s), 174/181 VUs, 860 complete and 0 interrupted iterations
steady   [  39% ] 174/181 VUs  03m53.0s/10m0s  5.00 iters/s

running (03m54.0s), 170/181 VUs, 869 complete and 0 interrupted iterations
steady   [  39% ] 170/181 VUs  03m54.0s/10m0s  5.00 iters/s

running (03m55.0s), 172/181 VUs, 872 complete and 0 interrupted iterations
steady   [  39% ] 172/181 VUs  03m55.0s/10m0s  5.00 iters/s

running (03m56.0s), 177/181 VUs, 872 complete and 0 interrupted iterations
steady   [  39% ] 177/181 VUs  03m56.0s/10m0s  5.00 iters/s

running (03m57.0s), 172/181 VUs, 882 complete and 0 interrupted iterations
steady   [  39% ] 172/181 VUs  03m57.0s/10m0s  5.00 iters/s

running (03m58.0s), 170/181 VUs, 889 complete and 0 interrupted iterations
steady   [  40% ] 170/181 VUs  03m58.0s/10m0s  5.00 iters/s

running (03m59.0s), 169/181 VUs, 895 complete and 0 interrupted iterations
steady   [  40% ] 169/181 VUs  03m59.0s/10m0s  5.00 iters/s

running (04m00.0s), 167/181 VUs, 902 complete and 0 interrupted iterations
steady   [  40% ] 167/181 VUs  04m00.0s/10m0s  5.00 iters/s

running (04m01.0s), 171/181 VUs, 903 complete and 0 interrupted iterations
steady   [  40% ] 171/181 VUs  04m01.0s/10m0s  5.00 iters/s

running (04m02.0s), 170/181 VUs, 909 complete and 0 interrupted iterations
steady   [  40% ] 170/181 VUs  04m02.0s/10m0s  5.00 iters/s

running (04m03.0s), 174/181 VUs, 910 complete and 0 interrupted iterations
steady   [  40% ] 174/181 VUs  04m03.0s/10m0s  5.00 iters/s

running (04m04.0s), 179/181 VUs, 910 complete and 0 interrupted iterations
steady   [  41% ] 179/181 VUs  04m04.0s/10m0s  5.00 iters/s

running (04m05.0s), 178/182 VUs, 915 complete and 0 interrupted iterations
steady   [  41% ] 178/182 VUs  04m05.0s/10m0s  5.00 iters/s

running (04m06.0s), 178/183 VUs, 919 complete and 0 interrupted iterations
steady   [  41% ] 178/183 VUs  04m06.0s/10m0s  5.00 iters/s

running (04m07.0s), 179/183 VUs, 923 complete and 0 interrupted iterations
steady   [  41% ] 179/183 VUs  04m07.0s/10m0s  5.00 iters/s

running (04m08.0s), 183/184 VUs, 923 complete and 0 interrupted iterations
steady   [  41% ] 183/184 VUs  04m08.0s/10m0s  5.00 iters/s

running (04m09.0s), 186/186 VUs, 923 complete and 0 interrupted iterations
steady   [  41% ] 186/186 VUs  04m09.0s/10m0s  5.00 iters/s

running (04m10.0s), 181/188 VUs, 931 complete and 0 interrupted iterations
steady   [  42% ] 181/188 VUs  04m10.0s/10m0s  5.00 iters/s

running (04m11.0s), 174/188 VUs, 943 complete and 0 interrupted iterations
steady   [  42% ] 174/188 VUs  04m11.0s/10m0s  5.00 iters/s

running (04m12.0s), 169/188 VUs, 953 complete and 0 interrupted iterations
steady   [  42% ] 169/188 VUs  04m12.0s/10m0s  5.00 iters/s

running (04m13.0s), 163/188 VUs, 964 complete and 0 interrupted iterations
steady   [  42% ] 163/188 VUs  04m13.0s/10m0s  5.00 iters/s

running (04m14.0s), 163/188 VUs, 969 complete and 0 interrupted iterations
steady   [  42% ] 163/188 VUs  04m14.0s/10m0s  5.00 iters/s

running (04m15.0s), 159/188 VUs, 978 complete and 0 interrupted iterations
steady   [  42% ] 159/188 VUs  04m15.0s/10m0s  5.00 iters/s

running (04m16.0s), 160/188 VUs, 982 complete and 0 interrupted iterations
steady   [  43% ] 160/188 VUs  04m16.0s/10m0s  5.00 iters/s

running (04m17.0s), 165/188 VUs, 982 complete and 0 interrupted iterations
steady   [  43% ] 165/188 VUs  04m17.0s/10m0s  5.00 iters/s

running (04m18.0s), 170/188 VUs, 982 complete and 0 interrupted iterations
steady   [  43% ] 170/188 VUs  04m18.0s/10m0s  5.00 iters/s

running (04m19.0s), 166/188 VUs, 991 complete and 0 interrupted iterations
steady   [  43% ] 166/188 VUs  04m19.0s/10m0s  5.00 iters/s

running (04m20.0s), 171/188 VUs, 991 complete and 0 interrupted iterations
steady   [  43% ] 171/188 VUs  04m20.0s/10m0s  5.00 iters/s

running (04m21.0s), 166/188 VUs, 1001 complete and 0 interrupted iterations
steady   [  43% ] 166/188 VUs  04m21.0s/10m0s  5.00 iters/s

running (04m22.0s), 161/188 VUs, 1011 complete and 0 interrupted iterations
steady   [  44% ] 161/188 VUs  04m22.0s/10m0s  5.00 iters/s

running (04m23.0s), 159/188 VUs, 1018 complete and 0 interrupted iterations
steady   [  44% ] 159/188 VUs  04m23.0s/10m0s  5.00 iters/s

running (04m24.0s), 158/188 VUs, 1024 complete and 0 interrupted iterations
steady   [  44% ] 158/188 VUs  04m24.0s/10m0s  5.00 iters/s

running (04m25.0s), 160/188 VUs, 1027 complete and 0 interrupted iterations
steady   [  44% ] 160/188 VUs  04m25.0s/10m0s  5.00 iters/s

running (04m26.0s), 165/188 VUs, 1027 complete and 0 interrupted iterations
steady   [  44% ] 165/188 VUs  04m26.0s/10m0s  5.00 iters/s

running (04m27.0s), 160/188 VUs, 1037 complete and 0 interrupted iterations
steady   [  44% ] 160/188 VUs  04m27.0s/10m0s  5.00 iters/s

running (04m28.0s), 165/188 VUs, 1037 complete and 0 interrupted iterations
steady   [  45% ] 165/188 VUs  04m28.0s/10m0s  5.00 iters/s

running (04m29.0s), 165/188 VUs, 1042 complete and 0 interrupted iterations
steady   [  45% ] 165/188 VUs  04m29.0s/10m0s  5.00 iters/s

running (04m30.0s), 163/188 VUs, 1049 complete and 0 interrupted iterations
steady   [  45% ] 163/188 VUs  04m30.0s/10m0s  5.00 iters/s

running (04m31.0s), 164/188 VUs, 1053 complete and 0 interrupted iterations
steady   [  45% ] 164/188 VUs  04m31.0s/10m0s  5.00 iters/s

running (04m32.0s), 160/188 VUs, 1062 complete and 0 interrupted iterations
steady   [  45% ] 160/188 VUs  04m32.0s/10m0s  5.00 iters/s

running (04m33.0s), 156/188 VUs, 1071 complete and 0 interrupted iterations
steady   [  45% ] 156/188 VUs  04m33.0s/10m0s  5.00 iters/s

running (04m34.0s), 158/188 VUs, 1074 complete and 0 interrupted iterations
steady   [  46% ] 158/188 VUs  04m34.0s/10m0s  5.00 iters/s

running (04m35.0s), 157/188 VUs, 1080 complete and 0 interrupted iterations
steady   [  46% ] 157/188 VUs  04m35.0s/10m0s  5.00 iters/s

running (04m36.0s), 156/188 VUs, 1086 complete and 0 interrupted iterations
steady   [  46% ] 156/188 VUs  04m36.0s/10m0s  5.00 iters/s

running (04m37.0s), 161/188 VUs, 1086 complete and 0 interrupted iterations
steady   [  46% ] 161/188 VUs  04m37.0s/10m0s  5.00 iters/s

running (04m38.0s), 160/188 VUs, 1092 complete and 0 interrupted iterations
steady   [  46% ] 160/188 VUs  04m38.0s/10m0s  5.00 iters/s

running (04m39.0s), 163/188 VUs, 1094 complete and 0 interrupted iterations
steady   [  46% ] 163/188 VUs  04m39.0s/10m0s  5.00 iters/s

running (04m40.0s), 162/188 VUs, 1100 complete and 0 interrupted iterations
steady   [  47% ] 162/188 VUs  04m40.0s/10m0s  5.00 iters/s

running (04m41.0s), 167/188 VUs, 1100 complete and 0 interrupted iterations
steady   [  47% ] 167/188 VUs  04m41.0s/10m0s  5.00 iters/s

running (04m42.0s), 164/188 VUs, 1108 complete and 0 interrupted iterations
steady   [  47% ] 164/188 VUs  04m42.0s/10m0s  5.00 iters/s

running (04m43.0s), 169/188 VUs, 1108 complete and 0 interrupted iterations
steady   [  47% ] 169/188 VUs  04m43.0s/10m0s  5.00 iters/s

running (04m44.0s), 166/188 VUs, 1116 complete and 0 interrupted iterations
steady   [  47% ] 166/188 VUs  04m44.0s/10m0s  5.00 iters/s

running (04m45.0s), 165/188 VUs, 1122 complete and 0 interrupted iterations
steady   [  47% ] 165/188 VUs  04m45.0s/10m0s  5.00 iters/s

running (04m46.0s), 168/188 VUs, 1124 complete and 0 interrupted iterations
steady   [  48% ] 168/188 VUs  04m46.0s/10m0s  5.00 iters/s

running (04m47.0s), 173/188 VUs, 1124 complete and 0 interrupted iterations
steady   [  48% ] 173/188 VUs  04m47.0s/10m0s  5.00 iters/s

running (04m48.0s), 169/188 VUs, 1133 complete and 0 interrupted iterations
steady   [  48% ] 169/188 VUs  04m48.0s/10m0s  5.00 iters/s

running (04m49.0s), 174/188 VUs, 1133 complete and 0 interrupted iterations
steady   [  48% ] 174/188 VUs  04m49.0s/10m0s  5.00 iters/s

running (04m50.0s), 173/188 VUs, 1139 complete and 0 interrupted iterations
steady   [  48% ] 173/188 VUs  04m50.0s/10m0s  5.00 iters/s

running (04m51.0s), 173/188 VUs, 1144 complete and 0 interrupted iterations
steady   [  48% ] 173/188 VUs  04m51.0s/10m0s  5.00 iters/s

running (04m52.0s), 170/188 VUs, 1152 complete and 0 interrupted iterations
steady   [  49% ] 170/188 VUs  04m52.0s/10m0s  5.00 iters/s

running (04m53.0s), 163/188 VUs, 1164 complete and 0 interrupted iterations
steady   [  49% ] 163/188 VUs  04m53.0s/10m0s  5.00 iters/s

running (04m54.0s), 164/188 VUs, 1168 complete and 0 interrupted iterations
steady   [  49% ] 164/188 VUs  04m54.0s/10m0s  5.00 iters/s

running (04m55.0s), 162/188 VUs, 1175 complete and 0 interrupted iterations
steady   [  49% ] 162/188 VUs  04m55.0s/10m0s  5.00 iters/s

running (04m56.0s), 163/188 VUs, 1179 complete and 0 interrupted iterations
steady   [  49% ] 163/188 VUs  04m56.0s/10m0s  5.00 iters/s

running (04m57.0s), 168/188 VUs, 1179 complete and 0 interrupted iterations
steady   [  49% ] 168/188 VUs  04m57.0s/10m0s  5.00 iters/s

running (04m58.0s), 166/188 VUs, 1186 complete and 0 interrupted iterations
steady   [  50% ] 166/188 VUs  04m58.0s/10m0s  5.00 iters/s

running (04m59.0s), 165/188 VUs, 1192 complete and 0 interrupted iterations
steady   [  50% ] 165/188 VUs  04m59.0s/10m0s  5.00 iters/s

running (05m00.0s), 166/188 VUs, 1196 complete and 0 interrupted iterations
steady   [  50% ] 166/188 VUs  05m00.0s/10m0s  5.00 iters/s

running (05m01.0s), 167/188 VUs, 1200 complete and 0 interrupted iterations
steady   [  50% ] 167/188 VUs  05m01.0s/10m0s  5.00 iters/s

running (05m02.0s), 169/188 VUs, 1203 complete and 0 interrupted iterations
steady   [  50% ] 169/188 VUs  05m02.0s/10m0s  5.00 iters/s

running (05m03.0s), 171/188 VUs, 1206 complete and 0 interrupted iterations
steady   [  50% ] 171/188 VUs  05m03.0s/10m0s  5.00 iters/s

running (05m04.0s), 169/188 VUs, 1213 complete and 0 interrupted iterations
steady   [  51% ] 169/188 VUs  05m04.0s/10m0s  5.00 iters/s

running (05m05.0s), 165/188 VUs, 1222 complete and 0 interrupted iterations
steady   [  51% ] 165/188 VUs  05m05.0s/10m0s  5.00 iters/s

running (05m06.0s), 162/188 VUs, 1230 complete and 0 interrupted iterations
steady   [  51% ] 162/188 VUs  05m06.0s/10m0s  5.00 iters/s

running (05m07.0s), 163/188 VUs, 1234 complete and 0 interrupted iterations
steady   [  51% ] 163/188 VUs  05m07.0s/10m0s  5.00 iters/s

running (05m08.0s), 162/188 VUs, 1240 complete and 0 interrupted iterations
steady   [  51% ] 162/188 VUs  05m08.0s/10m0s  5.00 iters/s

running (05m09.0s), 167/188 VUs, 1240 complete and 0 interrupted iterations
steady   [  51% ] 167/188 VUs  05m09.0s/10m0s  5.00 iters/s

running (05m10.0s), 164/188 VUs, 1248 complete and 0 interrupted iterations
steady   [  52% ] 164/188 VUs  05m10.0s/10m0s  5.00 iters/s

running (05m11.0s), 169/188 VUs, 1248 complete and 0 interrupted iterations
steady   [  52% ] 169/188 VUs  05m11.0s/10m0s  5.00 iters/s

running (05m12.0s), 169/188 VUs, 1253 complete and 0 interrupted iterations
steady   [  52% ] 169/188 VUs  05m12.0s/10m0s  5.00 iters/s

running (05m13.0s), 174/188 VUs, 1253 complete and 0 interrupted iterations
steady   [  52% ] 174/188 VUs  05m13.0s/10m0s  5.00 iters/s

running (05m14.0s), 175/188 VUs, 1257 complete and 0 interrupted iterations
steady   [  52% ] 175/188 VUs  05m14.0s/10m0s  5.00 iters/s

running (05m15.0s), 168/188 VUs, 1269 complete and 0 interrupted iterations
steady   [  52% ] 168/188 VUs  05m15.0s/10m0s  5.00 iters/s

running (05m16.0s), 164/188 VUs, 1278 complete and 0 interrupted iterations
steady   [  53% ] 164/188 VUs  05m16.0s/10m0s  5.00 iters/s

running (05m17.0s), 160/188 VUs, 1287 complete and 0 interrupted iterations
steady   [  53% ] 160/188 VUs  05m17.0s/10m0s  5.00 iters/s

running (05m18.0s), 159/188 VUs, 1293 complete and 0 interrupted iterations
steady   [  53% ] 159/188 VUs  05m18.0s/10m0s  5.00 iters/s

running (05m19.0s), 162/188 VUs, 1295 complete and 0 interrupted iterations
steady   [  53% ] 162/188 VUs  05m19.0s/10m0s  5.00 iters/s

running (05m20.0s), 167/188 VUs, 1295 complete and 0 interrupted iterations
steady   [  53% ] 167/188 VUs  05m20.0s/10m0s  5.00 iters/s

running (05m21.0s), 166/188 VUs, 1301 complete and 0 interrupted iterations
steady   [  53% ] 166/188 VUs  05m21.0s/10m0s  5.00 iters/s

running (05m22.0s), 171/188 VUs, 1301 complete and 0 interrupted iterations
steady   [  54% ] 171/188 VUs  05m22.0s/10m0s  5.00 iters/s

running (05m23.0s), 175/188 VUs, 1302 complete and 0 interrupted iterations
steady   [  54% ] 175/188 VUs  05m23.0s/10m0s  5.00 iters/s

running (05m24.0s), 169/188 VUs, 1313 complete and 0 interrupted iterations
steady   [  54% ] 169/188 VUs  05m24.0s/10m0s  5.00 iters/s

running (05m25.0s), 167/188 VUs, 1320 complete and 0 interrupted iterations
steady   [  54% ] 167/188 VUs  05m25.0s/10m0s  5.00 iters/s

running (05m26.0s), 167/188 VUs, 1325 complete and 0 interrupted iterations
steady   [  54% ] 167/188 VUs  05m26.0s/10m0s  5.00 iters/s

running (05m27.0s), 170/188 VUs, 1327 complete and 0 interrupted iterations
steady   [  54% ] 170/188 VUs  05m27.0s/10m0s  5.00 iters/s

running (05m28.0s), 168/188 VUs, 1334 complete and 0 interrupted iterations
steady   [  55% ] 168/188 VUs  05m28.0s/10m0s  5.00 iters/s

running (05m29.0s), 166/188 VUs, 1341 complete and 0 interrupted iterations
steady   [  55% ] 166/188 VUs  05m29.0s/10m0s  5.00 iters/s

running (05m30.0s), 167/188 VUs, 1345 complete and 0 interrupted iterations
steady   [  55% ] 167/188 VUs  05m30.0s/10m0s  5.00 iters/s

running (05m31.0s), 165/188 VUs, 1352 complete and 0 interrupted iterations
steady   [  55% ] 165/188 VUs  05m31.0s/10m0s  5.00 iters/s

running (05m32.0s), 167/188 VUs, 1355 complete and 0 interrupted iterations
steady   [  55% ] 167/188 VUs  05m32.0s/10m0s  5.00 iters/s

running (05m33.0s), 166/188 VUs, 1361 complete and 0 interrupted iterations
steady   [  55% ] 166/188 VUs  05m33.0s/10m0s  5.00 iters/s

running (05m34.0s), 171/188 VUs, 1361 complete and 0 interrupted iterations
steady   [  56% ] 171/188 VUs  05m34.0s/10m0s  5.00 iters/s

running (05m35.0s), 170/188 VUs, 1367 complete and 0 interrupted iterations
steady   [  56% ] 170/188 VUs  05m35.0s/10m0s  5.00 iters/s

running (05m36.0s), 174/188 VUs, 1368 complete and 0 interrupted iterations
steady   [  56% ] 174/188 VUs  05m36.0s/10m0s  5.00 iters/s

running (05m37.0s), 174/188 VUs, 1373 complete and 0 interrupted iterations
steady   [  56% ] 174/188 VUs  05m37.0s/10m0s  5.00 iters/s

running (05m38.0s), 171/188 VUs, 1381 complete and 0 interrupted iterations
steady   [  56% ] 171/188 VUs  05m38.0s/10m0s  5.00 iters/s

running (05m39.0s), 171/188 VUs, 1386 complete and 0 interrupted iterations
steady   [  56% ] 171/188 VUs  05m39.0s/10m0s  5.00 iters/s

running (05m40.0s), 169/188 VUs, 1393 complete and 0 interrupted iterations
steady   [  57% ] 169/188 VUs  05m40.0s/10m0s  5.00 iters/s

running (05m41.0s), 169/188 VUs, 1398 complete and 0 interrupted iterations
steady   [  57% ] 169/188 VUs  05m41.0s/10m0s  5.00 iters/s

running (05m42.0s), 169/188 VUs, 1403 complete and 0 interrupted iterations
steady   [  57% ] 169/188 VUs  05m42.0s/10m0s  5.00 iters/s

running (05m43.0s), 169/188 VUs, 1408 complete and 0 interrupted iterations
steady   [  57% ] 169/188 VUs  05m43.0s/10m0s  5.00 iters/s

running (05m44.0s), 170/188 VUs, 1412 complete and 0 interrupted iterations
steady   [  57% ] 170/188 VUs  05m44.0s/10m0s  5.00 iters/s

running (05m45.0s), 168/188 VUs, 1419 complete and 0 interrupted iterations
steady   [  57% ] 168/188 VUs  05m45.0s/10m0s  5.00 iters/s

running (05m46.0s), 171/188 VUs, 1421 complete and 0 interrupted iterations
steady   [  58% ] 171/188 VUs  05m46.0s/10m0s  5.00 iters/s

running (05m47.0s), 165/188 VUs, 1432 complete and 0 interrupted iterations
steady   [  58% ] 165/188 VUs  05m47.0s/10m0s  5.00 iters/s

running (05m48.0s), 167/188 VUs, 1435 complete and 0 interrupted iterations
steady   [  58% ] 167/188 VUs  05m48.0s/10m0s  5.00 iters/s

running (05m49.0s), 166/188 VUs, 1441 complete and 0 interrupted iterations
steady   [  58% ] 166/188 VUs  05m49.0s/10m0s  5.00 iters/s

running (05m50.0s), 162/188 VUs, 1450 complete and 0 interrupted iterations
steady   [  58% ] 162/188 VUs  05m50.0s/10m0s  5.00 iters/s

running (05m51.0s), 164/188 VUs, 1453 complete and 0 interrupted iterations
steady   [  58% ] 164/188 VUs  05m51.0s/10m0s  5.00 iters/s

running (05m52.0s), 169/188 VUs, 1453 complete and 0 interrupted iterations
steady   [  59% ] 169/188 VUs  05m52.0s/10m0s  5.00 iters/s

running (05m53.0s), 169/188 VUs, 1458 complete and 0 interrupted iterations
steady   [  59% ] 169/188 VUs  05m53.0s/10m0s  5.00 iters/s

running (05m54.0s), 169/188 VUs, 1463 complete and 0 interrupted iterations
steady   [  59% ] 169/188 VUs  05m54.0s/10m0s  5.00 iters/s

running (05m55.0s), 167/188 VUs, 1470 complete and 0 interrupted iterations
steady   [  59% ] 167/188 VUs  05m55.0s/10m0s  5.00 iters/s

running (05m56.0s), 171/188 VUs, 1471 complete and 0 interrupted iterations
steady   [  59% ] 171/188 VUs  05m56.0s/10m0s  5.00 iters/s

running (05m57.0s), 176/188 VUs, 1471 complete and 0 interrupted iterations
steady   [  59% ] 176/188 VUs  05m57.0s/10m0s  5.00 iters/s

running (05m58.0s), 172/188 VUs, 1480 complete and 0 interrupted iterations
steady   [  60% ] 172/188 VUs  05m58.0s/10m0s  5.00 iters/s

running (05m59.0s), 169/188 VUs, 1488 complete and 0 interrupted iterations
steady   [  60% ] 169/188 VUs  05m59.0s/10m0s  5.00 iters/s

running (06m00.0s), 174/188 VUs, 1488 complete and 0 interrupted iterations
steady   [  60% ] 174/188 VUs  06m00.0s/10m0s  5.00 iters/s

running (06m01.0s), 179/188 VUs, 1488 complete and 0 interrupted iterations
steady   [  60% ] 179/188 VUs  06m01.0s/10m0s  5.00 iters/s

running (06m02.0s), 175/188 VUs, 1497 complete and 0 interrupted iterations
steady   [  60% ] 175/188 VUs  06m02.0s/10m0s  5.00 iters/s

running (06m03.0s), 177/188 VUs, 1500 complete and 0 interrupted iterations
steady   [  60% ] 177/188 VUs  06m03.0s/10m0s  5.00 iters/s

running (06m04.0s), 179/188 VUs, 1503 complete and 0 interrupted iterations
steady   [  61% ] 179/188 VUs  06m04.0s/10m0s  5.00 iters/s

running (06m05.0s), 184/188 VUs, 1503 complete and 0 interrupted iterations
steady   [  61% ] 184/188 VUs  06m05.0s/10m0s  5.00 iters/s

running (06m06.0s), 183/188 VUs, 1509 complete and 0 interrupted iterations
steady   [  61% ] 183/188 VUs  06m06.0s/10m0s  5.00 iters/s

running (06m07.0s), 181/188 VUs, 1516 complete and 0 interrupted iterations
steady   [  61% ] 181/188 VUs  06m07.0s/10m0s  5.00 iters/s

running (06m08.0s), 185/188 VUs, 1517 complete and 0 interrupted iterations
steady   [  61% ] 185/188 VUs  06m08.0s/10m0s  5.00 iters/s

running (06m09.0s), 178/188 VUs, 1529 complete and 0 interrupted iterations
steady   [  61% ] 178/188 VUs  06m09.0s/10m0s  5.00 iters/s

running (06m10.0s), 174/188 VUs, 1538 complete and 0 interrupted iterations
steady   [  62% ] 174/188 VUs  06m10.0s/10m0s  5.00 iters/s

running (06m11.0s), 171/188 VUs, 1546 complete and 0 interrupted iterations
steady   [  62% ] 171/188 VUs  06m11.0s/10m0s  5.00 iters/s

running (06m12.0s), 170/188 VUs, 1552 complete and 0 interrupted iterations
steady   [  62% ] 170/188 VUs  06m12.0s/10m0s  5.00 iters/s

running (06m13.0s), 167/188 VUs, 1560 complete and 0 interrupted iterations
steady   [  62% ] 167/188 VUs  06m13.0s/10m0s  5.00 iters/s

running (06m14.0s), 166/188 VUs, 1566 complete and 0 interrupted iterations
steady   [  62% ] 166/188 VUs  06m14.0s/10m0s  5.00 iters/s

running (06m15.0s), 171/188 VUs, 1566 complete and 0 interrupted iterations
steady   [  62% ] 171/188 VUs  06m15.0s/10m0s  5.00 iters/s

running (06m16.0s), 171/188 VUs, 1571 complete and 0 interrupted iterations
steady   [  63% ] 171/188 VUs  06m16.0s/10m0s  5.00 iters/s

running (06m17.0s), 168/188 VUs, 1579 complete and 0 interrupted iterations
steady   [  63% ] 168/188 VUs  06m17.0s/10m0s  5.00 iters/s

running (06m18.0s), 170/188 VUs, 1582 complete and 0 interrupted iterations
steady   [  63% ] 170/188 VUs  06m18.0s/10m0s  5.00 iters/s

running (06m19.0s), 167/188 VUs, 1590 complete and 0 interrupted iterations
steady   [  63% ] 167/188 VUs  06m19.0s/10m0s  5.00 iters/s

running (06m20.0s), 168/188 VUs, 1594 complete and 0 interrupted iterations
steady   [  63% ] 168/188 VUs  06m20.0s/10m0s  5.00 iters/s

running (06m21.0s), 170/188 VUs, 1597 complete and 0 interrupted iterations
steady   [  63% ] 170/188 VUs  06m21.0s/10m0s  5.00 iters/s

running (06m22.0s), 175/188 VUs, 1597 complete and 0 interrupted iterations
steady   [  64% ] 175/188 VUs  06m22.0s/10m0s  5.00 iters/s

running (06m23.0s), 170/188 VUs, 1607 complete and 0 interrupted iterations
steady   [  64% ] 170/188 VUs  06m23.0s/10m0s  5.00 iters/s

running (06m24.0s), 171/188 VUs, 1611 complete and 0 interrupted iterations
steady   [  64% ] 171/188 VUs  06m24.0s/10m0s  5.00 iters/s

running (06m25.0s), 170/188 VUs, 1617 complete and 0 interrupted iterations
steady   [  64% ] 170/188 VUs  06m25.0s/10m0s  5.00 iters/s

running (06m26.0s), 167/188 VUs, 1625 complete and 0 interrupted iterations
steady   [  64% ] 167/188 VUs  06m26.0s/10m0s  5.00 iters/s

running (06m27.0s), 170/188 VUs, 1627 complete and 0 interrupted iterations
steady   [  64% ] 170/188 VUs  06m27.0s/10m0s  5.00 iters/s

running (06m28.0s), 170/188 VUs, 1632 complete and 0 interrupted iterations
steady   [  65% ] 170/188 VUs  06m28.0s/10m0s  5.00 iters/s

running (06m29.0s), 170/188 VUs, 1637 complete and 0 interrupted iterations
steady   [  65% ] 170/188 VUs  06m29.0s/10m0s  5.00 iters/s

running (06m30.0s), 169/188 VUs, 1643 complete and 0 interrupted iterations
steady   [  65% ] 169/188 VUs  06m30.0s/10m0s  5.00 iters/s

running (06m31.0s), 169/188 VUs, 1648 complete and 0 interrupted iterations
steady   [  65% ] 169/188 VUs  06m31.0s/10m0s  5.00 iters/s

running (06m32.0s), 171/188 VUs, 1651 complete and 0 interrupted iterations
steady   [  65% ] 171/188 VUs  06m32.0s/10m0s  5.00 iters/s

running (06m33.0s), 176/188 VUs, 1651 complete and 0 interrupted iterations
steady   [  65% ] 176/188 VUs  06m33.0s/10m0s  5.00 iters/s

running (06m34.0s), 176/188 VUs, 1656 complete and 0 interrupted iterations
steady   [  66% ] 176/188 VUs  06m34.0s/10m0s  5.00 iters/s

running (06m35.0s), 175/188 VUs, 1662 complete and 0 interrupted iterations
steady   [  66% ] 175/188 VUs  06m35.0s/10m0s  5.00 iters/s

running (06m36.0s), 175/188 VUs, 1667 complete and 0 interrupted iterations
steady   [  66% ] 175/188 VUs  06m36.0s/10m0s  5.00 iters/s

running (06m37.0s), 180/188 VUs, 1667 complete and 0 interrupted iterations
steady   [  66% ] 180/188 VUs  06m37.0s/10m0s  5.00 iters/s

running (06m38.0s), 185/188 VUs, 1667 complete and 0 interrupted iterations
steady   [  66% ] 185/188 VUs  06m38.0s/10m0s  5.00 iters/s

running (06m39.0s), 189/189 VUs, 1667 complete and 0 interrupted iterations
steady   [  66% ] 189/189 VUs  06m39.0s/10m0s  5.00 iters/s

running (06m40.0s), 179/189 VUs, 1682 complete and 0 interrupted iterations
steady   [  67% ] 179/189 VUs  06m40.0s/10m0s  5.00 iters/s

running (06m41.0s), 176/189 VUs, 1690 complete and 0 interrupted iterations
steady   [  67% ] 176/189 VUs  06m41.0s/10m0s  5.00 iters/s

running (06m42.0s), 181/189 VUs, 1690 complete and 0 interrupted iterations
steady   [  67% ] 181/189 VUs  06m42.0s/10m0s  5.00 iters/s

running (06m43.0s), 186/189 VUs, 1690 complete and 0 interrupted iterations
steady   [  67% ] 186/189 VUs  06m43.0s/10m0s  5.00 iters/s

running (06m44.0s), 179/189 VUs, 1702 complete and 0 interrupted iterations
steady   [  67% ] 179/189 VUs  06m44.0s/10m0s  5.00 iters/s

running (06m45.0s), 173/189 VUs, 1713 complete and 0 interrupted iterations
steady   [  67% ] 173/189 VUs  06m45.0s/10m0s  5.00 iters/s

running (06m46.0s), 178/189 VUs, 1713 complete and 0 interrupted iterations
steady   [  68% ] 178/189 VUs  06m46.0s/10m0s  5.00 iters/s

running (06m47.0s), 177/189 VUs, 1719 complete and 0 interrupted iterations
steady   [  68% ] 177/189 VUs  06m47.0s/10m0s  5.00 iters/s

running (06m48.0s), 175/189 VUs, 1726 complete and 0 interrupted iterations
steady   [  68% ] 175/189 VUs  06m48.0s/10m0s  5.00 iters/s

running (06m49.0s), 180/189 VUs, 1726 complete and 0 interrupted iterations
steady   [  68% ] 180/189 VUs  06m49.0s/10m0s  5.00 iters/s

running (06m50.0s), 172/189 VUs, 1739 complete and 0 interrupted iterations
steady   [  68% ] 172/189 VUs  06m50.0s/10m0s  5.00 iters/s

running (06m51.0s), 174/189 VUs, 1742 complete and 0 interrupted iterations
steady   [  68% ] 174/189 VUs  06m51.0s/10m0s  5.00 iters/s

running (06m52.0s), 179/189 VUs, 1742 complete and 0 interrupted iterations
steady   [  69% ] 179/189 VUs  06m52.0s/10m0s  5.00 iters/s

running (06m53.0s), 173/189 VUs, 1753 complete and 0 interrupted iterations
steady   [  69% ] 173/189 VUs  06m53.0s/10m0s  5.00 iters/s

running (06m54.0s), 172/189 VUs, 1759 complete and 0 interrupted iterations
steady   [  69% ] 172/189 VUs  06m54.0s/10m0s  5.00 iters/s

running (06m55.0s), 177/189 VUs, 1759 complete and 0 interrupted iterations
steady   [  69% ] 177/189 VUs  06m55.0s/10m0s  5.00 iters/s

running (06m56.0s), 170/189 VUs, 1771 complete and 0 interrupted iterations
steady   [  69% ] 170/189 VUs  06m56.0s/10m0s  5.00 iters/s

running (06m57.0s), 167/189 VUs, 1779 complete and 0 interrupted iterations
steady   [  69% ] 167/189 VUs  06m57.0s/10m0s  5.00 iters/s

running (06m58.0s), 166/189 VUs, 1785 complete and 0 interrupted iterations
steady   [  70% ] 166/189 VUs  06m58.0s/10m0s  5.00 iters/s

running (06m59.0s), 163/189 VUs, 1793 complete and 0 interrupted iterations
steady   [  70% ] 163/189 VUs  06m59.0s/10m0s  5.00 iters/s

running (07m00.0s), 162/189 VUs, 1799 complete and 0 interrupted iterations
steady   [  70% ] 162/189 VUs  07m00.0s/10m0s  5.00 iters/s

running (07m01.0s), 167/189 VUs, 1799 complete and 0 interrupted iterations
steady   [  70% ] 167/189 VUs  07m01.0s/10m0s  5.00 iters/s

running (07m02.0s), 168/189 VUs, 1803 complete and 0 interrupted iterations
steady   [  70% ] 168/189 VUs  07m02.0s/10m0s  5.00 iters/s

running (07m03.0s), 173/189 VUs, 1803 complete and 0 interrupted iterations
steady   [  70% ] 173/189 VUs  07m03.0s/10m0s  5.00 iters/s

running (07m04.0s), 173/189 VUs, 1808 complete and 0 interrupted iterations
steady   [  71% ] 173/189 VUs  07m04.0s/10m0s  5.00 iters/s

running (07m05.0s), 178/189 VUs, 1808 complete and 0 interrupted iterations
steady   [  71% ] 178/189 VUs  07m05.0s/10m0s  5.00 iters/s

running (07m06.0s), 179/189 VUs, 1812 complete and 0 interrupted iterations
steady   [  71% ] 179/189 VUs  07m06.0s/10m0s  5.00 iters/s

running (07m07.0s), 175/189 VUs, 1821 complete and 0 interrupted iterations
steady   [  71% ] 175/189 VUs  07m07.0s/10m0s  5.00 iters/s

running (07m08.0s), 176/189 VUs, 1825 complete and 0 interrupted iterations
steady   [  71% ] 176/189 VUs  07m08.0s/10m0s  5.00 iters/s

running (07m09.0s), 176/189 VUs, 1830 complete and 0 interrupted iterations
steady   [  71% ] 176/189 VUs  07m09.0s/10m0s  5.00 iters/s

running (07m10.0s), 168/189 VUs, 1843 complete and 0 interrupted iterations
steady   [  72% ] 168/189 VUs  07m10.0s/10m0s  5.00 iters/s

running (07m11.0s), 168/189 VUs, 1848 complete and 0 interrupted iterations
steady   [  72% ] 168/189 VUs  07m11.0s/10m0s  5.00 iters/s

running (07m12.0s), 173/189 VUs, 1848 complete and 0 interrupted iterations
steady   [  72% ] 173/189 VUs  07m12.0s/10m0s  5.00 iters/s

running (07m13.0s), 169/189 VUs, 1857 complete and 0 interrupted iterations
steady   [  72% ] 169/189 VUs  07m13.0s/10m0s  5.00 iters/s

running (07m14.0s), 167/189 VUs, 1864 complete and 0 interrupted iterations
steady   [  72% ] 167/189 VUs  07m14.0s/10m0s  5.00 iters/s

running (07m15.0s), 168/189 VUs, 1868 complete and 0 interrupted iterations
steady   [  72% ] 168/189 VUs  07m15.0s/10m0s  5.00 iters/s

running (07m16.0s), 173/189 VUs, 1868 complete and 0 interrupted iterations
steady   [  73% ] 173/189 VUs  07m16.0s/10m0s  5.00 iters/s

running (07m17.0s), 178/189 VUs, 1868 complete and 0 interrupted iterations
steady   [  73% ] 178/189 VUs  07m17.0s/10m0s  5.00 iters/s

running (07m18.0s), 171/189 VUs, 1880 complete and 0 interrupted iterations
steady   [  73% ] 171/189 VUs  07m18.0s/10m0s  5.00 iters/s

running (07m19.0s), 176/189 VUs, 1880 complete and 0 interrupted iterations
steady   [  73% ] 176/189 VUs  07m19.0s/10m0s  5.00 iters/s

running (07m20.0s), 181/189 VUs, 1880 complete and 0 interrupted iterations
steady   [  73% ] 181/189 VUs  07m20.0s/10m0s  5.00 iters/s

running (07m21.0s), 176/189 VUs, 1890 complete and 0 interrupted iterations
steady   [  73% ] 176/189 VUs  07m21.0s/10m0s  5.00 iters/s

running (07m22.0s), 179/189 VUs, 1892 complete and 0 interrupted iterations
steady   [  74% ] 179/189 VUs  07m22.0s/10m0s  5.00 iters/s

running (07m23.0s), 173/189 VUs, 1903 complete and 0 interrupted iterations
steady   [  74% ] 173/189 VUs  07m23.0s/10m0s  5.00 iters/s

running (07m24.0s), 174/189 VUs, 1907 complete and 0 interrupted iterations
steady   [  74% ] 174/189 VUs  07m24.0s/10m0s  5.00 iters/s

running (07m25.0s), 171/189 VUs, 1915 complete and 0 interrupted iterations
steady   [  74% ] 171/189 VUs  07m25.0s/10m0s  5.00 iters/s

running (07m26.0s), 171/189 VUs, 1920 complete and 0 interrupted iterations
steady   [  74% ] 171/189 VUs  07m26.0s/10m0s  5.00 iters/s

running (07m27.0s), 170/189 VUs, 1926 complete and 0 interrupted iterations
steady   [  74% ] 170/189 VUs  07m27.0s/10m0s  5.00 iters/s

running (07m28.0s), 169/189 VUs, 1932 complete and 0 interrupted iterations
steady   [  75% ] 169/189 VUs  07m28.0s/10m0s  5.00 iters/s

running (07m29.0s), 168/189 VUs, 1938 complete and 0 interrupted iterations
steady   [  75% ] 168/189 VUs  07m29.0s/10m0s  5.00 iters/s

running (07m30.0s), 169/189 VUs, 1942 complete and 0 interrupted iterations
steady   [  75% ] 169/189 VUs  07m30.0s/10m0s  5.00 iters/s

running (07m31.0s), 169/189 VUs, 1947 complete and 0 interrupted iterations
steady   [  75% ] 169/189 VUs  07m31.0s/10m0s  5.00 iters/s

running (07m32.0s), 174/189 VUs, 1947 complete and 0 interrupted iterations
steady   [  75% ] 174/189 VUs  07m32.0s/10m0s  5.00 iters/s

running (07m33.0s), 174/189 VUs, 1952 complete and 0 interrupted iterations
steady   [  75% ] 174/189 VUs  07m33.0s/10m0s  5.00 iters/s

running (07m34.0s), 173/189 VUs, 1958 complete and 0 interrupted iterations
steady   [  76% ] 173/189 VUs  07m34.0s/10m0s  5.00 iters/s

running (07m35.0s), 168/189 VUs, 1968 complete and 0 interrupted iterations
steady   [  76% ] 168/189 VUs  07m35.0s/10m0s  5.00 iters/s

running (07m36.0s), 169/189 VUs, 1972 complete and 0 interrupted iterations
steady   [  76% ] 169/189 VUs  07m36.0s/10m0s  5.00 iters/s

running (07m37.0s), 172/189 VUs, 1974 complete and 0 interrupted iterations
steady   [  76% ] 172/189 VUs  07m37.0s/10m0s  5.00 iters/s

running (07m38.0s), 177/189 VUs, 1974 complete and 0 interrupted iterations
steady   [  76% ] 177/189 VUs  07m38.0s/10m0s  5.00 iters/s

running (07m39.0s), 173/189 VUs, 1983 complete and 0 interrupted iterations
steady   [  76% ] 173/189 VUs  07m39.0s/10m0s  5.00 iters/s

running (07m40.0s), 171/189 VUs, 1990 complete and 0 interrupted iterations
steady   [  77% ] 171/189 VUs  07m40.0s/10m0s  5.00 iters/s

running (07m41.0s), 171/189 VUs, 1995 complete and 0 interrupted iterations
steady   [  77% ] 171/189 VUs  07m41.0s/10m0s  5.00 iters/s

running (07m42.0s), 172/189 VUs, 1999 complete and 0 interrupted iterations
steady   [  77% ] 172/189 VUs  07m42.0s/10m0s  5.00 iters/s

running (07m43.0s), 177/189 VUs, 1999 complete and 0 interrupted iterations
steady   [  77% ] 177/189 VUs  07m43.0s/10m0s  5.00 iters/s

running (07m44.0s), 181/189 VUs, 2000 complete and 0 interrupted iterations
steady   [  77% ] 181/189 VUs  07m44.0s/10m0s  5.00 iters/s

running (07m45.0s), 167/189 VUs, 2019 complete and 0 interrupted iterations
steady   [  77% ] 167/189 VUs  07m45.0s/10m0s  5.00 iters/s

running (07m46.0s), 170/189 VUs, 2021 complete and 0 interrupted iterations
steady   [  78% ] 170/189 VUs  07m46.0s/10m0s  5.00 iters/s

running (07m47.0s), 166/189 VUs, 2030 complete and 0 interrupted iterations
steady   [  78% ] 166/189 VUs  07m47.0s/10m0s  5.00 iters/s

running (07m48.0s), 165/189 VUs, 2036 complete and 0 interrupted iterations
steady   [  78% ] 165/189 VUs  07m48.0s/10m0s  5.00 iters/s

running (07m49.0s), 169/189 VUs, 2037 complete and 0 interrupted iterations
steady   [  78% ] 169/189 VUs  07m49.0s/10m0s  5.00 iters/s

running (07m50.0s), 170/189 VUs, 2041 complete and 0 interrupted iterations
steady   [  78% ] 170/189 VUs  07m50.0s/10m0s  5.00 iters/s

running (07m51.0s), 174/189 VUs, 2042 complete and 0 interrupted iterations
steady   [  78% ] 174/189 VUs  07m51.0s/10m0s  5.00 iters/s

running (07m52.0s), 179/189 VUs, 2042 complete and 0 interrupted iterations
steady   [  79% ] 179/189 VUs  07m52.0s/10m0s  5.00 iters/s

running (07m53.0s), 184/189 VUs, 2042 complete and 0 interrupted iterations
steady   [  79% ] 184/189 VUs  07m53.0s/10m0s  5.00 iters/s

running (07m54.0s), 178/189 VUs, 2053 complete and 0 interrupted iterations
steady   [  79% ] 178/189 VUs  07m54.0s/10m0s  5.00 iters/s

running (07m55.0s), 171/189 VUs, 2065 complete and 0 interrupted iterations
steady   [  79% ] 171/189 VUs  07m55.0s/10m0s  5.00 iters/s

running (07m56.0s), 176/189 VUs, 2065 complete and 0 interrupted iterations
steady   [  79% ] 176/189 VUs  07m56.0s/10m0s  5.00 iters/s

running (07m57.0s), 175/189 VUs, 2071 complete and 0 interrupted iterations
steady   [  79% ] 175/189 VUs  07m57.0s/10m0s  5.00 iters/s

running (07m58.0s), 167/189 VUs, 2084 complete and 0 interrupted iterations
steady   [  80% ] 167/189 VUs  07m58.0s/10m0s  5.00 iters/s

running (07m59.0s), 172/189 VUs, 2084 complete and 0 interrupted iterations
steady   [  80% ] 172/189 VUs  07m59.0s/10m0s  5.00 iters/s

running (08m00.0s), 177/189 VUs, 2084 complete and 0 interrupted iterations
steady   [  80% ] 177/189 VUs  08m00.0s/10m0s  5.00 iters/s

running (08m01.0s), 175/189 VUs, 2091 complete and 0 interrupted iterations
steady   [  80% ] 175/189 VUs  08m01.0s/10m0s  5.00 iters/s

running (08m02.0s), 176/189 VUs, 2095 complete and 0 interrupted iterations
steady   [  80% ] 176/189 VUs  08m02.0s/10m0s  5.00 iters/s

running (08m03.0s), 176/189 VUs, 2100 complete and 0 interrupted iterations
steady   [  80% ] 176/189 VUs  08m03.0s/10m0s  5.00 iters/s

running (08m04.0s), 181/189 VUs, 2100 complete and 0 interrupted iterations
steady   [  81% ] 181/189 VUs  08m04.0s/10m0s  5.00 iters/s

running (08m05.0s), 182/189 VUs, 2104 complete and 0 interrupted iterations
steady   [  81% ] 182/189 VUs  08m05.0s/10m0s  5.00 iters/s

running (08m06.0s), 184/189 VUs, 2107 complete and 0 interrupted iterations
steady   [  81% ] 184/189 VUs  08m06.0s/10m0s  5.00 iters/s

running (08m07.0s), 184/189 VUs, 2112 complete and 0 interrupted iterations
steady   [  81% ] 184/189 VUs  08m07.0s/10m0s  5.00 iters/s

running (08m08.0s), 184/189 VUs, 2117 complete and 0 interrupted iterations
steady   [  81% ] 184/189 VUs  08m08.0s/10m0s  5.00 iters/s

running (08m09.0s), 184/189 VUs, 2122 complete and 0 interrupted iterations
steady   [  81% ] 184/189 VUs  08m09.0s/10m0s  5.00 iters/s

running (08m10.0s), 185/189 VUs, 2126 complete and 0 interrupted iterations
steady   [  82% ] 185/189 VUs  08m10.0s/10m0s  5.00 iters/s

running (08m11.0s), 185/189 VUs, 2131 complete and 0 interrupted iterations
steady   [  82% ] 185/189 VUs  08m11.0s/10m0s  5.00 iters/s

running (08m12.0s), 187/189 VUs, 2134 complete and 0 interrupted iterations
steady   [  82% ] 187/189 VUs  08m12.0s/10m0s  5.00 iters/s

running (08m13.0s), 182/189 VUs, 2144 complete and 0 interrupted iterations
steady   [  82% ] 182/189 VUs  08m13.0s/10m0s  5.00 iters/s

running (08m14.0s), 179/189 VUs, 2152 complete and 0 interrupted iterations
steady   [  82% ] 179/189 VUs  08m14.0s/10m0s  5.00 iters/s

running (08m15.0s), 184/189 VUs, 2152 complete and 0 interrupted iterations
steady   [  82% ] 184/189 VUs  08m15.0s/10m0s  5.00 iters/s

running (08m16.0s), 189/189 VUs, 2152 complete and 0 interrupted iterations
steady   [  83% ] 189/189 VUs  08m16.0s/10m0s  5.00 iters/s

running (08m17.0s), 189/192 VUs, 2154 complete and 0 interrupted iterations
steady   [  83% ] 189/192 VUs  08m17.0s/10m0s  5.00 iters/s

running (08m18.0s), 177/192 VUs, 2171 complete and 0 interrupted iterations
steady   [  83% ] 177/192 VUs  08m18.0s/10m0s  5.00 iters/s

running (08m19.0s), 176/192 VUs, 2177 complete and 0 interrupted iterations
steady   [  83% ] 176/192 VUs  08m19.0s/10m0s  5.00 iters/s

running (08m20.0s), 177/192 VUs, 2181 complete and 0 interrupted iterations
steady   [  83% ] 177/192 VUs  08m20.0s/10m0s  5.00 iters/s

running (08m21.0s), 171/192 VUs, 2192 complete and 0 interrupted iterations
steady   [  83% ] 171/192 VUs  08m21.0s/10m0s  5.00 iters/s

running (08m22.0s), 165/192 VUs, 2203 complete and 0 interrupted iterations
steady   [  84% ] 165/192 VUs  08m22.0s/10m0s  5.00 iters/s

running (08m23.0s), 170/192 VUs, 2203 complete and 0 interrupted iterations
steady   [  84% ] 170/192 VUs  08m23.0s/10m0s  5.00 iters/s

running (08m24.0s), 174/192 VUs, 2204 complete and 0 interrupted iterations
steady   [  84% ] 174/192 VUs  08m24.0s/10m0s  5.00 iters/s

running (08m25.0s), 170/192 VUs, 2213 complete and 0 interrupted iterations
steady   [  84% ] 170/192 VUs  08m25.0s/10m0s  5.00 iters/s

running (08m26.0s), 170/192 VUs, 2218 complete and 0 interrupted iterations
steady   [  84% ] 170/192 VUs  08m26.0s/10m0s  5.00 iters/s

running (08m27.0s), 170/192 VUs, 2223 complete and 0 interrupted iterations
steady   [  84% ] 170/192 VUs  08m27.0s/10m0s  5.00 iters/s

running (08m28.0s), 175/192 VUs, 2223 complete and 0 interrupted iterations
steady   [  85% ] 175/192 VUs  08m28.0s/10m0s  5.00 iters/s

running (08m29.0s), 172/192 VUs, 2231 complete and 0 interrupted iterations
steady   [  85% ] 172/192 VUs  08m29.0s/10m0s  5.00 iters/s

running (08m30.0s), 177/192 VUs, 2231 complete and 0 interrupted iterations
steady   [  85% ] 177/192 VUs  08m30.0s/10m0s  5.00 iters/s

running (08m31.0s), 182/192 VUs, 2231 complete and 0 interrupted iterations
steady   [  85% ] 182/192 VUs  08m31.0s/10m0s  5.00 iters/s

running (08m32.0s), 187/192 VUs, 2231 complete and 0 interrupted iterations
steady   [  85% ] 187/192 VUs  08m32.0s/10m0s  5.00 iters/s

running (08m33.0s), 173/192 VUs, 2250 complete and 0 interrupted iterations
steady   [  85% ] 173/192 VUs  08m33.0s/10m0s  5.00 iters/s

running (08m34.0s), 174/192 VUs, 2254 complete and 0 interrupted iterations
steady   [  86% ] 174/192 VUs  08m34.0s/10m0s  5.00 iters/s

running (08m35.0s), 173/192 VUs, 2260 complete and 0 interrupted iterations
steady   [  86% ] 173/192 VUs  08m35.0s/10m0s  5.00 iters/s

running (08m36.0s), 168/192 VUs, 2270 complete and 0 interrupted iterations
steady   [  86% ] 168/192 VUs  08m36.0s/10m0s  5.00 iters/s

running (08m37.0s), 168/192 VUs, 2275 complete and 0 interrupted iterations
steady   [  86% ] 168/192 VUs  08m37.0s/10m0s  5.00 iters/s

running (08m38.0s), 169/192 VUs, 2279 complete and 0 interrupted iterations
steady   [  86% ] 169/192 VUs  08m38.0s/10m0s  5.00 iters/s

running (08m39.0s), 171/192 VUs, 2282 complete and 0 interrupted iterations
steady   [  86% ] 171/192 VUs  08m39.0s/10m0s  5.00 iters/s

running (08m40.0s), 167/192 VUs, 2291 complete and 0 interrupted iterations
steady   [  87% ] 167/192 VUs  08m40.0s/10m0s  5.00 iters/s

running (08m41.0s), 164/192 VUs, 2299 complete and 0 interrupted iterations
steady   [  87% ] 164/192 VUs  08m41.0s/10m0s  5.00 iters/s

running (08m42.0s), 162/192 VUs, 2306 complete and 0 interrupted iterations
steady   [  87% ] 162/192 VUs  08m42.0s/10m0s  5.00 iters/s

running (08m43.0s), 161/192 VUs, 2312 complete and 0 interrupted iterations
steady   [  87% ] 161/192 VUs  08m43.0s/10m0s  5.00 iters/s

running (08m44.0s), 159/192 VUs, 2319 complete and 0 interrupted iterations
steady   [  87% ] 159/192 VUs  08m44.0s/10m0s  5.00 iters/s

running (08m45.0s), 164/192 VUs, 2319 complete and 0 interrupted iterations
steady   [  87% ] 164/192 VUs  08m45.0s/10m0s  5.00 iters/s

running (08m46.0s), 165/192 VUs, 2323 complete and 0 interrupted iterations
steady   [  88% ] 165/192 VUs  08m46.0s/10m0s  5.00 iters/s

running (08m47.0s), 165/192 VUs, 2328 complete and 0 interrupted iterations
steady   [  88% ] 165/192 VUs  08m47.0s/10m0s  5.00 iters/s

running (08m48.0s), 165/192 VUs, 2333 complete and 0 interrupted iterations
steady   [  88% ] 165/192 VUs  08m48.0s/10m0s  5.00 iters/s

running (08m49.0s), 169/192 VUs, 2334 complete and 0 interrupted iterations
steady   [  88% ] 169/192 VUs  08m49.0s/10m0s  5.00 iters/s

running (08m50.0s), 174/192 VUs, 2334 complete and 0 interrupted iterations
steady   [  88% ] 174/192 VUs  08m50.0s/10m0s  5.00 iters/s

running (08m51.0s), 172/192 VUs, 2341 complete and 0 interrupted iterations
steady   [  88% ] 172/192 VUs  08m51.0s/10m0s  5.00 iters/s

running (08m52.0s), 177/192 VUs, 2341 complete and 0 interrupted iterations
steady   [  89% ] 177/192 VUs  08m52.0s/10m0s  5.00 iters/s

running (08m53.0s), 172/192 VUs, 2351 complete and 0 interrupted iterations
steady   [  89% ] 172/192 VUs  08m53.0s/10m0s  5.00 iters/s

running (08m54.0s), 169/192 VUs, 2359 complete and 0 interrupted iterations
steady   [  89% ] 169/192 VUs  08m54.0s/10m0s  5.00 iters/s

running (08m55.0s), 167/192 VUs, 2366 complete and 0 interrupted iterations
steady   [  89% ] 167/192 VUs  08m55.0s/10m0s  5.00 iters/s

running (08m56.0s), 163/192 VUs, 2375 complete and 0 interrupted iterations
steady   [  89% ] 163/192 VUs  08m56.0s/10m0s  5.00 iters/s

running (08m57.0s), 164/192 VUs, 2379 complete and 0 interrupted iterations
steady   [  89% ] 164/192 VUs  08m57.0s/10m0s  5.00 iters/s

running (08m58.0s), 164/192 VUs, 2384 complete and 0 interrupted iterations
steady   [  90% ] 164/192 VUs  08m58.0s/10m0s  5.00 iters/s

running (08m59.0s), 164/192 VUs, 2389 complete and 0 interrupted iterations
steady   [  90% ] 164/192 VUs  08m59.0s/10m0s  5.00 iters/s

running (09m00.0s), 167/192 VUs, 2391 complete and 0 interrupted iterations
steady   [  90% ] 167/192 VUs  09m00.0s/10m0s  5.00 iters/s

running (09m01.0s), 166/192 VUs, 2397 complete and 0 interrupted iterations
steady   [  90% ] 166/192 VUs  09m01.0s/10m0s  5.00 iters/s

running (09m02.0s), 170/192 VUs, 2398 complete and 0 interrupted iterations
steady   [  90% ] 170/192 VUs  09m02.0s/10m0s  5.00 iters/s

running (09m03.0s), 173/192 VUs, 2400 complete and 0 interrupted iterations
steady   [  90% ] 173/192 VUs  09m03.0s/10m0s  5.00 iters/s

running (09m04.0s), 174/192 VUs, 2404 complete and 0 interrupted iterations
steady   [  91% ] 174/192 VUs  09m04.0s/10m0s  5.00 iters/s

running (09m05.0s), 179/192 VUs, 2404 complete and 0 interrupted iterations
steady   [  91% ] 179/192 VUs  09m05.0s/10m0s  5.00 iters/s

running (09m06.0s), 184/192 VUs, 2404 complete and 0 interrupted iterations
steady   [  91% ] 184/192 VUs  09m06.0s/10m0s  5.00 iters/s

running (09m07.0s), 180/192 VUs, 2413 complete and 0 interrupted iterations
steady   [  91% ] 180/192 VUs  09m07.0s/10m0s  5.00 iters/s

running (09m08.0s), 185/192 VUs, 2413 complete and 0 interrupted iterations
steady   [  91% ] 185/192 VUs  09m08.0s/10m0s  5.00 iters/s

running (09m09.0s), 181/192 VUs, 2422 complete and 0 interrupted iterations
steady   [  91% ] 181/192 VUs  09m09.0s/10m0s  5.00 iters/s

running (09m10.0s), 182/192 VUs, 2426 complete and 0 interrupted iterations
steady   [  92% ] 182/192 VUs  09m10.0s/10m0s  5.00 iters/s

running (09m11.0s), 174/192 VUs, 2439 complete and 0 interrupted iterations
steady   [  92% ] 174/192 VUs  09m11.0s/10m0s  5.00 iters/s

running (09m12.0s), 176/192 VUs, 2442 complete and 0 interrupted iterations
steady   [  92% ] 176/192 VUs  09m12.0s/10m0s  5.00 iters/s

running (09m13.0s), 178/192 VUs, 2445 complete and 0 interrupted iterations
steady   [  92% ] 178/192 VUs  09m13.0s/10m0s  5.00 iters/s

running (09m14.0s), 169/192 VUs, 2459 complete and 0 interrupted iterations
steady   [  92% ] 169/192 VUs  09m14.0s/10m0s  5.00 iters/s

running (09m15.0s), 167/192 VUs, 2466 complete and 0 interrupted iterations
steady   [  92% ] 167/192 VUs  09m15.0s/10m0s  5.00 iters/s

running (09m16.0s), 165/192 VUs, 2473 complete and 0 interrupted iterations
steady   [  93% ] 165/192 VUs  09m16.0s/10m0s  5.00 iters/s

running (09m17.0s), 166/192 VUs, 2477 complete and 0 interrupted iterations
steady   [  93% ] 166/192 VUs  09m17.0s/10m0s  5.00 iters/s

running (09m18.0s), 167/192 VUs, 2481 complete and 0 interrupted iterations
steady   [  93% ] 167/192 VUs  09m18.0s/10m0s  5.00 iters/s

running (09m19.0s), 172/192 VUs, 2481 complete and 0 interrupted iterations
steady   [  93% ] 172/192 VUs  09m19.0s/10m0s  5.00 iters/s

running (09m20.0s), 177/192 VUs, 2481 complete and 0 interrupted iterations
steady   [  93% ] 177/192 VUs  09m20.0s/10m0s  5.00 iters/s

running (09m21.0s), 182/192 VUs, 2481 complete and 0 interrupted iterations
steady   [  93% ] 182/192 VUs  09m21.0s/10m0s  5.00 iters/s

running (09m22.0s), 182/192 VUs, 2486 complete and 0 interrupted iterations
steady   [  94% ] 182/192 VUs  09m22.0s/10m0s  5.00 iters/s

running (09m23.0s), 175/192 VUs, 2498 complete and 0 interrupted iterations
steady   [  94% ] 175/192 VUs  09m23.0s/10m0s  5.00 iters/s

running (09m24.0s), 171/192 VUs, 2507 complete and 0 interrupted iterations
steady   [  94% ] 171/192 VUs  09m24.0s/10m0s  5.00 iters/s

running (09m25.0s), 171/192 VUs, 2512 complete and 0 interrupted iterations
steady   [  94% ] 171/192 VUs  09m25.0s/10m0s  5.00 iters/s

running (09m26.0s), 173/192 VUs, 2515 complete and 0 interrupted iterations
steady   [  94% ] 173/192 VUs  09m26.0s/10m0s  5.00 iters/s

running (09m27.0s), 178/192 VUs, 2515 complete and 0 interrupted iterations
steady   [  94% ] 178/192 VUs  09m27.0s/10m0s  5.00 iters/s

running (09m28.0s), 171/192 VUs, 2527 complete and 0 interrupted iterations
steady   [  95% ] 171/192 VUs  09m28.0s/10m0s  5.00 iters/s

running (09m29.0s), 172/192 VUs, 2531 complete and 0 interrupted iterations
steady   [  95% ] 172/192 VUs  09m29.0s/10m0s  5.00 iters/s

running (09m30.0s), 177/192 VUs, 2531 complete and 0 interrupted iterations
steady   [  95% ] 177/192 VUs  09m30.0s/10m0s  5.00 iters/s

running (09m31.0s), 181/192 VUs, 2532 complete and 0 interrupted iterations
steady   [  95% ] 181/192 VUs  09m31.0s/10m0s  5.00 iters/s

running (09m32.0s), 175/192 VUs, 2543 complete and 0 interrupted iterations
steady   [  95% ] 175/192 VUs  09m32.0s/10m0s  5.00 iters/s

running (09m33.0s), 180/192 VUs, 2543 complete and 0 interrupted iterations
steady   [  95% ] 180/192 VUs  09m33.0s/10m0s  5.00 iters/s

running (09m34.0s), 177/192 VUs, 2551 complete and 0 interrupted iterations
steady   [  96% ] 177/192 VUs  09m34.0s/10m0s  5.00 iters/s

running (09m35.0s), 173/192 VUs, 2560 complete and 0 interrupted iterations
steady   [  96% ] 173/192 VUs  09m35.0s/10m0s  5.00 iters/s

running (09m36.0s), 173/192 VUs, 2565 complete and 0 interrupted iterations
steady   [  96% ] 173/192 VUs  09m36.0s/10m0s  5.00 iters/s

running (09m37.0s), 170/192 VUs, 2573 complete and 0 interrupted iterations
steady   [  96% ] 170/192 VUs  09m37.0s/10m0s  5.00 iters/s

running (09m38.0s), 169/192 VUs, 2579 complete and 0 interrupted iterations
steady   [  96% ] 169/192 VUs  09m38.0s/10m0s  5.00 iters/s

running (09m39.0s), 174/192 VUs, 2579 complete and 0 interrupted iterations
steady   [  96% ] 174/192 VUs  09m39.0s/10m0s  5.00 iters/s

running (09m40.0s), 179/192 VUs, 2579 complete and 0 interrupted iterations
steady   [  97% ] 179/192 VUs  09m40.0s/10m0s  5.00 iters/s

running (09m41.0s), 171/192 VUs, 2592 complete and 0 interrupted iterations
steady   [  97% ] 171/192 VUs  09m41.0s/10m0s  5.00 iters/s

running (09m42.0s), 169/192 VUs, 2599 complete and 0 interrupted iterations
steady   [  97% ] 169/192 VUs  09m42.0s/10m0s  5.00 iters/s

running (09m43.0s), 169/192 VUs, 2604 complete and 0 interrupted iterations
steady   [  97% ] 169/192 VUs  09m43.0s/10m0s  5.00 iters/s

running (09m44.0s), 166/192 VUs, 2612 complete and 0 interrupted iterations
steady   [  97% ] 166/192 VUs  09m44.0s/10m0s  5.00 iters/s

running (09m45.0s), 166/192 VUs, 2617 complete and 0 interrupted iterations
steady   [  97% ] 166/192 VUs  09m45.0s/10m0s  5.00 iters/s

running (09m46.0s), 164/192 VUs, 2624 complete and 0 interrupted iterations
steady   [  98% ] 164/192 VUs  09m46.0s/10m0s  5.00 iters/s

running (09m47.0s), 164/192 VUs, 2629 complete and 0 interrupted iterations
steady   [  98% ] 164/192 VUs  09m47.0s/10m0s  5.00 iters/s

running (09m48.0s), 163/192 VUs, 2635 complete and 0 interrupted iterations
steady   [  98% ] 163/192 VUs  09m48.0s/10m0s  5.00 iters/s

running (09m49.0s), 163/192 VUs, 2640 complete and 0 interrupted iterations
steady   [  98% ] 163/192 VUs  09m49.0s/10m0s  5.00 iters/s

running (09m50.0s), 163/192 VUs, 2645 complete and 0 interrupted iterations
steady   [  98% ] 163/192 VUs  09m50.0s/10m0s  5.00 iters/s

running (09m51.0s), 168/192 VUs, 2645 complete and 0 interrupted iterations
steady   [  98% ] 168/192 VUs  09m51.0s/10m0s  5.00 iters/s

running (09m52.0s), 166/192 VUs, 2652 complete and 0 interrupted iterations
steady   [  99% ] 166/192 VUs  09m52.0s/10m0s  5.00 iters/s

running (09m53.0s), 171/192 VUs, 2652 complete and 0 interrupted iterations
steady   [  99% ] 171/192 VUs  09m53.0s/10m0s  5.00 iters/s

running (09m54.0s), 168/192 VUs, 2660 complete and 0 interrupted iterations
steady   [  99% ] 168/192 VUs  09m54.0s/10m0s  5.00 iters/s

running (09m55.0s), 167/192 VUs, 2666 complete and 0 interrupted iterations
steady   [  99% ] 167/192 VUs  09m55.0s/10m0s  5.00 iters/s

running (09m56.0s), 162/192 VUs, 2676 complete and 0 interrupted iterations
steady   [  99% ] 162/192 VUs  09m56.0s/10m0s  5.00 iters/s

running (09m57.0s), 161/192 VUs, 2682 complete and 0 interrupted iterations
steady   [  99% ] 161/192 VUs  09m57.0s/10m0s  5.00 iters/s

running (09m58.0s), 162/192 VUs, 2686 complete and 0 interrupted iterations
steady   [ 100% ] 162/192 VUs  09m58.0s/10m0s  5.00 iters/s

running (09m59.0s), 161/192 VUs, 2692 complete and 0 interrupted iterations
steady   [ 100% ] 161/192 VUs  09m59.0s/10m0s  5.00 iters/s

running (10m00.0s), 163/192 VUs, 2695 complete and 0 interrupted iterations
steady   [ 100% ] 163/192 VUs  10m00.0s/10m0s  5.00 iters/s

running (10m01.0s), 159/192 VUs, 2700 complete and 0 interrupted iterations
steady ↓ [ 100% ] 164/192 VUs  10m0s  5.00 iters/s

running (10m02.0s), 159/192 VUs, 2700 complete and 0 interrupted iterations
steady ↓ [ 100% ] 164/192 VUs  10m0s  5.00 iters/s

running (10m03.0s), 156/192 VUs, 2703 complete and 0 interrupted iterations
steady ↓ [ 100% ] 164/192 VUs  10m0s  5.00 iters/s

running (10m04.0s), 155/192 VUs, 2704 complete and 0 interrupted iterations
steady ↓ [ 100% ] 164/192 VUs  10m0s  5.00 iters/s

running (10m05.0s), 152/192 VUs, 2707 complete and 0 interrupted iterations
steady ↓ [ 100% ] 164/192 VUs  10m0s  5.00 iters/s

running (10m06.0s), 149/192 VUs, 2710 complete and 0 interrupted iterations
steady ↓ [ 100% ] 164/192 VUs  10m0s  5.00 iters/s

running (10m07.0s), 146/192 VUs, 2713 complete and 0 interrupted iterations
steady ↓ [ 100% ] 164/192 VUs  10m0s  5.00 iters/s

running (10m08.0s), 140/192 VUs, 2719 complete and 0 interrupted iterations
steady ↓ [ 100% ] 164/192 VUs  10m0s  5.00 iters/s

running (10m09.0s), 134/192 VUs, 2725 complete and 0 interrupted iterations
steady ↓ [ 100% ] 164/192 VUs  10m0s  5.00 iters/s

running (10m10.0s), 126/192 VUs, 2733 complete and 0 interrupted iterations
steady ↓ [ 100% ] 164/192 VUs  10m0s  5.00 iters/s

running (10m11.0s), 120/192 VUs, 2739 complete and 0 interrupted iterations
steady ↓ [ 100% ] 164/192 VUs  10m0s  5.00 iters/s

running (10m12.0s), 115/192 VUs, 2744 complete and 0 interrupted iterations
steady ↓ [ 100% ] 164/192 VUs  10m0s  5.00 iters/s

running (10m13.0s), 106/192 VUs, 2753 complete and 0 interrupted iterations
steady ↓ [ 100% ] 164/192 VUs  10m0s  5.00 iters/s

running (10m14.0s), 098/192 VUs, 2761 complete and 0 interrupted iterations
steady ↓ [ 100% ] 164/192 VUs  10m0s  5.00 iters/s

running (10m15.0s), 097/192 VUs, 2762 complete and 0 interrupted iterations
steady ↓ [ 100% ] 164/192 VUs  10m0s  5.00 iters/s

running (10m16.0s), 091/192 VUs, 2768 complete and 0 interrupted iterations
steady ↓ [ 100% ] 164/192 VUs  10m0s  5.00 iters/s

running (10m17.0s), 086/192 VUs, 2773 complete and 0 interrupted iterations
steady ↓ [ 100% ] 164/192 VUs  10m0s  5.00 iters/s

running (10m18.0s), 081/192 VUs, 2778 complete and 0 interrupted iterations
steady ↓ [ 100% ] 164/192 VUs  10m0s  5.00 iters/s

running (10m19.0s), 076/192 VUs, 2783 complete and 0 interrupted iterations
steady ↓ [ 100% ] 164/192 VUs  10m0s  5.00 iters/s

running (10m20.0s), 071/192 VUs, 2788 complete and 0 interrupted iterations
steady ↓ [ 100% ] 164/192 VUs  10m0s  5.00 iters/s

running (10m21.0s), 071/192 VUs, 2788 complete and 0 interrupted iterations
steady ↓ [ 100% ] 164/192 VUs  10m0s  5.00 iters/s

running (10m22.0s), 068/192 VUs, 2791 complete and 0 interrupted iterations
steady ↓ [ 100% ] 164/192 VUs  10m0s  5.00 iters/s

running (10m23.0s), 056/192 VUs, 2803 complete and 0 interrupted iterations
steady ↓ [ 100% ] 164/192 VUs  10m0s  5.00 iters/s

running (10m24.0s), 048/192 VUs, 2811 complete and 0 interrupted iterations
steady ↓ [ 100% ] 164/192 VUs  10m0s  5.00 iters/s

running (10m25.0s), 041/192 VUs, 2818 complete and 0 interrupted iterations
steady ↓ [ 100% ] 164/192 VUs  10m0s  5.00 iters/s

running (10m26.0s), 036/192 VUs, 2823 complete and 0 interrupted iterations
steady ↓ [ 100% ] 164/192 VUs  10m0s  5.00 iters/s

running (10m27.0s), 036/192 VUs, 2823 complete and 0 interrupted iterations
steady ↓ [ 100% ] 164/192 VUs  10m0s  5.00 iters/s

running (10m28.0s), 036/192 VUs, 2823 complete and 0 interrupted iterations
steady ↓ [ 100% ] 164/192 VUs  10m0s  5.00 iters/s

running (10m29.0s), 028/192 VUs, 2831 complete and 0 interrupted iterations
steady ↓ [ 100% ] 164/192 VUs  10m0s  5.00 iters/s

running (10m30.0s), 020/192 VUs, 2839 complete and 0 interrupted iterations
steady ↓ [ 100% ] 164/192 VUs  10m0s  5.00 iters/s

================ DSP benchmark summary ================
-- per-phase latency --
  catalog                    p50=121.7 ms  p95=428.4 ms  p99=688.8 ms  max=1263.3 ms  n=2859
  negotiation init (POST)    p50=46.7 ms  p95=153.8 ms  p99=199.0 ms  max=356.5 ms  n=2859
  time-to-AGREED (async)     p50=3913.0 ms  p95=6279.0 ms  p99=7262.8 ms  max=8562.0 ms  n=2859
  transfer init (POST)       p50=81.8 ms  p95=190.2 ms  p99=276.9 ms  max=422.5 ms  n=2859
  time-to-EDR (async)        p50=26789.0 ms  p95=30069.0 ms  p99=30099.9 ms  max=30140.0 ms  n=265
  data pull                  p50=25.1 ms  p95=44.6 ms  p99=46.7 ms  max=62.1 ms  n=265
-- end-to-end + throughput --
  e2e transaction            p50=30574.0 ms  p95=36026.0 ms  p99=37075.3 ms  max=37899.0 ms  n=265
  data throughput (MB/s)     p50=0.2  p95=0.2  p99=0.2  max=0.2  n=265
-- outcomes --
  transactions succeeded     count=265  rate=0.421/s
  transactions failed        count=2574  rate=4.086/s
  failed rate                rate=90.67%  (pass=2574 fail=265)
-- observer effect (poll load) --
  negotiation polls          count=46721  rate=74.159/s
  edr polls                  count=339575  rate=538.998/s
=======================================================
(full summary -> /home/rohitj/edc/benchmarking-factoryx-edc/resources/local-fx-mvd/k6-scripts/results/factoryx/steady/2026-07-29T17-28-48Z/k6-summary.json; POLL_INTERVAL_MS=250; IDENTITY_MODE=on)

running (10m30.0s), 000/192 VUs, 2839 complete and 20 interrupted iterations
steady ✓ [ 100% ] 020/192 VUs  10m0s  5.00 iters/s
time="2026-07-29T17:40:49Z" level=error msg="thresholds on metrics 'dsp_transaction_failed_rate, e2e_transaction_duration, time_to_edr' have been crossed"
Prometheus snapshot [1785346219..1785346864] svc=(provider-controlplane|provider-dataplane|consumer-controlplane|consumer-dataplane) win=1m -> /home/rohitj/edc/benchmarking-factoryx-edc/resources/local-fx-mvd/k6-scripts/results/factoryx/steady/2026-07-29T17-28-48Z
  jvm-heap.csv (520 rows)
  jvm-gc-rate.csv (520 rows)
  jvm-threads.csv (520 rows)
  http-throughput.csv (520 rows)
  http-p95.csv (520 rows)
  http-errors.csv (260 rows)
  host-cpu-busy.csv (130 rows)
  host-mem-used.csv (130 rows)
>>> done: /home/rohitj/edc/benchmarking-factoryx-edc/resources/local-fx-mvd/k6-scripts/results/factoryx/steady/2026-07-29T17-28-48Z  (k6 exit 99)
  (steady rep 3 exited non-zero)
