----- factoryx / catalog-sweep (rep 1) -----
>>> factoryx / catalog-sweep  ->  /home/rohitj/edc/benchmarking-factoryx-edc/resources/local-fx-mvd/k6-scripts/results/factoryx/on/catalog-sweep/2026-08-02T15-39-02Z
parity OK: lib/ + scenarios/ + orchestration/ + tools/ identical to /home/rohitj/edc/benchmarking-factoryx-edc/resources/local-fx-mvd/k6-scripts
Health: http://localhost:29010/management + prometheus  OK
Warmup 60s @ 2/s (discarded)
k6 -> Prometheus remote-write: http://localhost:9090/api/v1/write

         /\      Grafana   /‾‾/  
    /\  /  \     |\  __   /  /   
   /  \/    \    | |/ /  /   ‾‾\ 
  /          \   |   (  |  (‾)  |
 / __________ \  |_|\_\  \_____/ 


     execution: local
        script: /home/rohitj/edc/benchmarking-factoryx-edc/resources/local-fx-mvd/k6-scripts/scenarios/catalog-sweep.js
        output: Prometheus remote write (http://localhost:9090/api/v1/write)

     scenarios: (100.00%) 1 scenario, 4 max VUs, 2m0s max duration (incl. graceful stop):
              * catalog: 4 looping VUs for 1m30s (gracefulStop: 30s)


running (0m01.0s), 4/4 VUs, 31 complete and 0 interrupted iterations
catalog   [   1% ] 4 VUs  0m00.9s/1m30s

running (0m02.0s), 4/4 VUs, 70 complete and 0 interrupted iterations
catalog   [   2% ] 4 VUs  0m01.9s/1m30s

running (0m03.0s), 4/4 VUs, 102 complete and 0 interrupted iterations
catalog   [   3% ] 4 VUs  0m02.9s/1m30s

running (0m04.0s), 4/4 VUs, 138 complete and 0 interrupted iterations
catalog   [   4% ] 4 VUs  0m03.9s/1m30s

running (0m05.0s), 4/4 VUs, 179 complete and 0 interrupted iterations
catalog   [   5% ] 4 VUs  0m04.9s/1m30s

running (0m06.0s), 4/4 VUs, 210 complete and 0 interrupted iterations
catalog   [   7% ] 4 VUs  0m05.9s/1m30s

running (0m07.0s), 4/4 VUs, 252 complete and 0 interrupted iterations
catalog   [   8% ] 4 VUs  0m06.9s/1m30s

running (0m08.0s), 4/4 VUs, 287 complete and 0 interrupted iterations
catalog   [   9% ] 4 VUs  0m07.9s/1m30s

running (0m09.0s), 4/4 VUs, 323 complete and 0 interrupted iterations
catalog   [  10% ] 4 VUs  0m08.9s/1m30s

running (0m10.0s), 4/4 VUs, 359 complete and 0 interrupted iterations
catalog   [  11% ] 4 VUs  0m09.9s/1m30s

running (0m11.0s), 4/4 VUs, 394 complete and 0 interrupted iterations
catalog   [  12% ] 4 VUs  0m10.9s/1m30s

running (0m12.0s), 4/4 VUs, 436 complete and 0 interrupted iterations
catalog   [  13% ] 4 VUs  0m11.9s/1m30s

running (0m13.0s), 4/4 VUs, 476 complete and 0 interrupted iterations
catalog   [  14% ] 4 VUs  0m12.9s/1m30s

running (0m14.0s), 4/4 VUs, 513 complete and 0 interrupted iterations
catalog   [  15% ] 4 VUs  0m13.9s/1m30s

running (0m15.0s), 4/4 VUs, 549 complete and 0 interrupted iterations
catalog   [  17% ] 4 VUs  0m14.9s/1m30s

running (0m16.0s), 4/4 VUs, 583 complete and 0 interrupted iterations
catalog   [  18% ] 4 VUs  0m15.9s/1m30s

running (0m17.0s), 4/4 VUs, 618 complete and 0 interrupted iterations
catalog   [  19% ] 4 VUs  0m16.9s/1m30s

running (0m18.0s), 4/4 VUs, 655 complete and 0 interrupted iterations
catalog   [  20% ] 4 VUs  0m17.9s/1m30s

running (0m19.0s), 4/4 VUs, 687 complete and 0 interrupted iterations
catalog   [  21% ] 4 VUs  0m18.9s/1m30s

running (0m20.0s), 4/4 VUs, 726 complete and 0 interrupted iterations
catalog   [  22% ] 4 VUs  0m19.9s/1m30s

running (0m21.0s), 4/4 VUs, 761 complete and 0 interrupted iterations
catalog   [  23% ] 4 VUs  0m20.9s/1m30s

running (0m22.0s), 4/4 VUs, 801 complete and 0 interrupted iterations
catalog   [  24% ] 4 VUs  0m21.9s/1m30s

running (0m23.0s), 4/4 VUs, 835 complete and 0 interrupted iterations
catalog   [  25% ] 4 VUs  0m22.9s/1m30s

running (0m24.0s), 4/4 VUs, 867 complete and 0 interrupted iterations
catalog   [  27% ] 4 VUs  0m23.9s/1m30s

running (0m25.0s), 4/4 VUs, 907 complete and 0 interrupted iterations
catalog   [  28% ] 4 VUs  0m24.9s/1m30s

running (0m26.0s), 4/4 VUs, 945 complete and 0 interrupted iterations
catalog   [  29% ] 4 VUs  0m25.9s/1m30s

running (0m27.0s), 4/4 VUs, 984 complete and 0 interrupted iterations
catalog   [  30% ] 4 VUs  0m26.9s/1m30s

running (0m28.0s), 4/4 VUs, 1028 complete and 0 interrupted iterations
catalog   [  31% ] 4 VUs  0m27.9s/1m30s

running (0m29.0s), 4/4 VUs, 1063 complete and 0 interrupted iterations
catalog   [  32% ] 4 VUs  0m28.9s/1m30s

running (0m30.0s), 4/4 VUs, 1102 complete and 0 interrupted iterations
catalog   [  33% ] 4 VUs  0m29.9s/1m30s

running (0m31.0s), 4/4 VUs, 1137 complete and 0 interrupted iterations
catalog   [  34% ] 4 VUs  0m30.9s/1m30s

running (0m32.0s), 4/4 VUs, 1173 complete and 0 interrupted iterations
catalog   [  35% ] 4 VUs  0m31.9s/1m30s

running (0m33.0s), 4/4 VUs, 1216 complete and 0 interrupted iterations
catalog   [  37% ] 4 VUs  0m32.9s/1m30s

running (0m34.0s), 4/4 VUs, 1253 complete and 0 interrupted iterations
catalog   [  38% ] 4 VUs  0m33.9s/1m30s

running (0m35.0s), 4/4 VUs, 1289 complete and 0 interrupted iterations
catalog   [  39% ] 4 VUs  0m34.9s/1m30s

running (0m36.0s), 4/4 VUs, 1321 complete and 0 interrupted iterations
catalog   [  40% ] 4 VUs  0m35.9s/1m30s

running (0m37.0s), 4/4 VUs, 1362 complete and 0 interrupted iterations
catalog   [  41% ] 4 VUs  0m36.9s/1m30s

running (0m38.0s), 4/4 VUs, 1402 complete and 0 interrupted iterations
catalog   [  42% ] 4 VUs  0m37.9s/1m30s

running (0m39.0s), 4/4 VUs, 1437 complete and 0 interrupted iterations
catalog   [  43% ] 4 VUs  0m38.9s/1m30s

running (0m40.0s), 4/4 VUs, 1474 complete and 0 interrupted iterations
catalog   [  44% ] 4 VUs  0m39.9s/1m30s

running (0m41.0s), 4/4 VUs, 1512 complete and 0 interrupted iterations
catalog   [  45% ] 4 VUs  0m40.9s/1m30s

running (0m42.0s), 4/4 VUs, 1549 complete and 0 interrupted iterations
catalog   [  47% ] 4 VUs  0m41.9s/1m30s

running (0m43.0s), 4/4 VUs, 1590 complete and 0 interrupted iterations
catalog   [  48% ] 4 VUs  0m42.9s/1m30s

running (0m44.0s), 4/4 VUs, 1626 complete and 0 interrupted iterations
catalog   [  49% ] 4 VUs  0m43.9s/1m30s

running (0m45.0s), 4/4 VUs, 1657 complete and 0 interrupted iterations
catalog   [  50% ] 4 VUs  0m44.9s/1m30s

running (0m46.0s), 4/4 VUs, 1701 complete and 0 interrupted iterations
catalog   [  51% ] 4 VUs  0m45.9s/1m30s

running (0m47.0s), 4/4 VUs, 1732 complete and 0 interrupted iterations
catalog   [  52% ] 4 VUs  0m46.9s/1m30s

running (0m48.0s), 4/4 VUs, 1774 complete and 0 interrupted iterations
catalog   [  53% ] 4 VUs  0m47.9s/1m30s

running (0m49.0s), 4/4 VUs, 1810 complete and 0 interrupted iterations
catalog   [  54% ] 4 VUs  0m48.9s/1m30s

running (0m50.0s), 4/4 VUs, 1845 complete and 0 interrupted iterations
catalog   [  55% ] 4 VUs  0m49.9s/1m30s

running (0m51.0s), 4/4 VUs, 1883 complete and 0 interrupted iterations
catalog   [  57% ] 4 VUs  0m50.9s/1m30s

running (0m52.0s), 4/4 VUs, 1919 complete and 0 interrupted iterations
catalog   [  58% ] 4 VUs  0m51.9s/1m30s

running (0m53.0s), 4/4 VUs, 1958 complete and 0 interrupted iterations
catalog   [  59% ] 4 VUs  0m52.9s/1m30s

running (0m54.0s), 4/4 VUs, 1993 complete and 0 interrupted iterations
catalog   [  60% ] 4 VUs  0m53.9s/1m30s

running (0m55.0s), 4/4 VUs, 2024 complete and 0 interrupted iterations
catalog   [  61% ] 4 VUs  0m54.9s/1m30s

running (0m56.0s), 4/4 VUs, 2067 complete and 0 interrupted iterations
catalog   [  62% ] 4 VUs  0m55.9s/1m30s

running (0m57.0s), 4/4 VUs, 2101 complete and 0 interrupted iterations
catalog   [  63% ] 4 VUs  0m56.9s/1m30s

running (0m58.0s), 4/4 VUs, 2137 complete and 0 interrupted iterations
catalog   [  64% ] 4 VUs  0m57.9s/1m30s

running (0m59.0s), 4/4 VUs, 2174 complete and 0 interrupted iterations
catalog   [  65% ] 4 VUs  0m58.9s/1m30s

running (1m00.0s), 4/4 VUs, 2213 complete and 0 interrupted iterations
catalog   [  67% ] 4 VUs  0m59.9s/1m30s

running (1m01.0s), 4/4 VUs, 2249 complete and 0 interrupted iterations
catalog   [  68% ] 4 VUs  1m00.9s/1m30s

running (1m02.0s), 4/4 VUs, 2286 complete and 0 interrupted iterations
catalog   [  69% ] 4 VUs  1m01.9s/1m30s

running (1m03.0s), 4/4 VUs, 2319 complete and 0 interrupted iterations
catalog   [  70% ] 4 VUs  1m02.9s/1m30s

running (1m04.0s), 4/4 VUs, 2353 complete and 0 interrupted iterations
catalog   [  71% ] 4 VUs  1m03.9s/1m30s

running (1m05.0s), 4/4 VUs, 2391 complete and 0 interrupted iterations
catalog   [  72% ] 4 VUs  1m04.9s/1m30s

running (1m06.0s), 4/4 VUs, 2427 complete and 0 interrupted iterations
catalog   [  73% ] 4 VUs  1m05.9s/1m30s

running (1m07.0s), 4/4 VUs, 2467 complete and 0 interrupted iterations
catalog   [  74% ] 4 VUs  1m06.9s/1m30s

running (1m08.0s), 4/4 VUs, 2503 complete and 0 interrupted iterations
catalog   [  75% ] 4 VUs  1m07.9s/1m30s

running (1m09.0s), 4/4 VUs, 2538 complete and 0 interrupted iterations
catalog   [  77% ] 4 VUs  1m08.9s/1m30s

running (1m10.0s), 4/4 VUs, 2574 complete and 0 interrupted iterations
catalog   [  78% ] 4 VUs  1m09.9s/1m30s

running (1m11.0s), 4/4 VUs, 2610 complete and 0 interrupted iterations
catalog   [  79% ] 4 VUs  1m10.9s/1m30s

running (1m12.0s), 4/4 VUs, 2642 complete and 0 interrupted iterations
catalog   [  80% ] 4 VUs  1m11.9s/1m30s

running (1m13.0s), 4/4 VUs, 2683 complete and 0 interrupted iterations
catalog   [  81% ] 4 VUs  1m12.9s/1m30s

running (1m14.0s), 4/4 VUs, 2719 complete and 0 interrupted iterations
catalog   [  82% ] 4 VUs  1m13.9s/1m30s

running (1m15.0s), 4/4 VUs, 2753 complete and 0 interrupted iterations
catalog   [  83% ] 4 VUs  1m14.9s/1m30s

running (1m16.0s), 4/4 VUs, 2793 complete and 0 interrupted iterations
catalog   [  84% ] 4 VUs  1m15.9s/1m30s

running (1m17.0s), 4/4 VUs, 2824 complete and 0 interrupted iterations
catalog   [  85% ] 4 VUs  1m16.9s/1m30s

running (1m18.0s), 4/4 VUs, 2867 complete and 0 interrupted iterations
catalog   [  87% ] 4 VUs  1m17.9s/1m30s

running (1m19.0s), 4/4 VUs, 2901 complete and 0 interrupted iterations
catalog   [  88% ] 4 VUs  1m18.9s/1m30s

running (1m20.0s), 4/4 VUs, 2940 complete and 0 interrupted iterations
catalog   [  89% ] 4 VUs  1m19.9s/1m30s

running (1m21.0s), 4/4 VUs, 2972 complete and 0 interrupted iterations
catalog   [  90% ] 4 VUs  1m20.9s/1m30s

running (1m22.0s), 4/4 VUs, 3008 complete and 0 interrupted iterations
catalog   [  91% ] 4 VUs  1m21.9s/1m30s

running (1m23.0s), 4/4 VUs, 3050 complete and 0 interrupted iterations
catalog   [  92% ] 4 VUs  1m22.9s/1m30s

running (1m24.0s), 4/4 VUs, 3086 complete and 0 interrupted iterations
catalog   [  93% ] 4 VUs  1m23.9s/1m30s

running (1m25.0s), 4/4 VUs, 3120 complete and 0 interrupted iterations
catalog   [  94% ] 4 VUs  1m24.9s/1m30s

running (1m26.0s), 4/4 VUs, 3163 complete and 0 interrupted iterations
catalog   [  95% ] 4 VUs  1m25.9s/1m30s

running (1m27.0s), 4/4 VUs, 3196 complete and 0 interrupted iterations
catalog   [  97% ] 4 VUs  1m26.9s/1m30s

running (1m28.0s), 4/4 VUs, 3236 complete and 0 interrupted iterations
catalog   [  98% ] 4 VUs  1m27.9s/1m30s

running (1m29.0s), 4/4 VUs, 3272 complete and 0 interrupted iterations
catalog   [  99% ] 4 VUs  1m28.9s/1m30s

running (1m30.0s), 4/4 VUs, 3305 complete and 0 interrupted iterations
catalog   [ 100% ] 4 VUs  1m29.9s/1m30s

================ DSP benchmark summary ================
-- per-phase latency --
  catalog                    p50=114.6 ms  p95=157.0 ms  p99=177.1 ms  max=242.8 ms  n=3313
  negotiation init (POST)    (no data)
  time-to-AGREED (async)     (no data)
  transfer init (POST)       (no data)
  time-to-EDR (async)        (no data)
  data pull                  (no data)
-- end-to-end + throughput --
  e2e transaction            (no data)
  data throughput (MB/s)     (no data)
-- outcomes --
  transactions succeeded     count=3313  rate=36.708/s
  transactions failed        (no data)
  failed rate                rate=0.00%  (pass=0 fail=3313)
    of which TERMINATED      (no data)
    of which TIMED OUT       (no data)
    of which HTTP-FAILED     (no data)
  failure accounting       (no failures)
-- observer effect (poll load) --
  negotiation polls          (no data)
  edr polls                  (no data)
  polls per transaction     negotiation=0.0  edr=0.0  (timeout ceiling=120)
=======================================================
(full summary -> /home/rohitj/edc/benchmarking-factoryx-edc/resources/local-fx-mvd/k6-scripts/results/factoryx/on/catalog-sweep/2026-08-02T15-39-02Z/k6-summary.json; POLL_INTERVAL_MS=250; IDENTITY_MODE=on)

running (1m30.3s), 0/4 VUs, 3313 complete and 0 interrupted iterations
catalog ✓ [ 100% ] 4 VUs  1m30s
Prometheus snapshot [1785685208..1785685313] svc=(provider-controlplane|provider-dataplane|consumer-controlplane|consumer-dataplane) win=1m -> /home/rohitj/edc/benchmarking-factoryx-edc/resources/local-fx-mvd/k6-scripts/results/factoryx/on/catalog-sweep/2026-08-02T15-39-02Z
  jvm-heap.csv (88 rows)
  jvm-gc-rate.csv (88 rows)
  jvm-threads.csv (88 rows)
  http-throughput.csv (88 rows)
  http-p95.csv (88 rows)
  http-errors.csv (44 rows)
  http-errors-5xx.csv (0 rows)
  http-status.csv (44 rows)
  host-cpu-busy.csv (22 rows)
  host-mem-used.csv (22 rows)
  5xx: no 5xx in window (confirmed: http-status has 44 samples, so the status label IS scraped)
  logs -> /home/rohitj/edc/benchmarking-factoryx-edc/resources/local-fx-mvd/k6-scripts/results/factoryx/on/catalog-sweep/2026-08-02T15-39-02Z/logs (4 files)
    consumer-controlplane.log:0
    consumer-dataplane.log:0
    provider-controlplane.log:0
    provider-dataplane.log:0
VALIDITY  ok=3313  failed=0  failed_rate=0%  dropped_iterations=0
>>> done: /home/rohitj/edc/benchmarking-factoryx-edc/resources/local-fx-mvd/k6-scripts/results/factoryx/on/catalog-sweep/2026-08-02T15-39-02Z  (k6 exit 0)
>>> factoryx / catalog-sweep  ->  /home/rohitj/edc/benchmarking-factoryx-edc/resources/local-fx-mvd/k6-scripts/results/factoryx/on/catalog-sweep/2026-08-02T15-41-54Z
parity OK: lib/ + scenarios/ + orchestration/ + tools/ identical to /home/rohitj/edc/benchmarking-factoryx-edc/resources/local-fx-mvd/k6-scripts
Health: http://localhost:29010/management + prometheus  OK
Warmup 60s @ 2/s (discarded)
k6 -> Prometheus remote-write: http://localhost:9090/api/v1/write

         /\      Grafana   /‾‾/  
    /\  /  \     |\  __   /  /   
   /  \/    \    | |/ /  /   ‾‾\ 
  /          \   |   (  |  (‾)  |
 / __________ \  |_|\_\  \_____/ 


     execution: local
        script: /home/rohitj/edc/benchmarking-factoryx-edc/resources/local-fx-mvd/k6-scripts/scenarios/catalog-sweep.js
        output: Prometheus remote write (http://localhost:9090/api/v1/write)

     scenarios: (100.00%) 1 scenario, 4 max VUs, 2m0s max duration (incl. graceful stop):
              * catalog: 4 looping VUs for 1m30s (gracefulStop: 30s)


running (0m01.0s), 4/4 VUs, 16 complete and 0 interrupted iterations
catalog   [   1% ] 4 VUs  0m00.6s/1m30s

running (0m02.0s), 4/4 VUs, 55 complete and 0 interrupted iterations
catalog   [   2% ] 4 VUs  0m01.6s/1m30s

running (0m03.0s), 4/4 VUs, 88 complete and 0 interrupted iterations
catalog   [   3% ] 4 VUs  0m02.6s/1m30s

running (0m04.0s), 4/4 VUs, 120 complete and 0 interrupted iterations
catalog   [   4% ] 4 VUs  0m03.6s/1m30s

running (0m05.0s), 4/4 VUs, 151 complete and 0 interrupted iterations
catalog   [   5% ] 4 VUs  0m04.6s/1m30s

running (0m06.0s), 4/4 VUs, 167 complete and 0 interrupted iterations
catalog   [   6% ] 4 VUs  0m05.6s/1m30s

running (0m07.0s), 4/4 VUs, 187 complete and 0 interrupted iterations
catalog   [   7% ] 4 VUs  0m06.6s/1m30s

running (0m08.0s), 4/4 VUs, 222 complete and 0 interrupted iterations
catalog   [   8% ] 4 VUs  0m07.6s/1m30s

running (0m09.0s), 4/4 VUs, 254 complete and 0 interrupted iterations
catalog   [  10% ] 4 VUs  0m08.6s/1m30s

running (0m10.0s), 4/4 VUs, 288 complete and 0 interrupted iterations
catalog   [  11% ] 4 VUs  0m09.6s/1m30s

running (0m11.0s), 4/4 VUs, 319 complete and 0 interrupted iterations
catalog   [  12% ] 4 VUs  0m10.6s/1m30s

running (0m12.0s), 4/4 VUs, 349 complete and 0 interrupted iterations
catalog   [  13% ] 4 VUs  0m11.6s/1m30s

running (0m13.0s), 4/4 VUs, 382 complete and 0 interrupted iterations
catalog   [  14% ] 4 VUs  0m12.6s/1m30s

running (0m14.0s), 4/4 VUs, 414 complete and 0 interrupted iterations
catalog   [  15% ] 4 VUs  0m13.6s/1m30s

running (0m15.0s), 4/4 VUs, 447 complete and 0 interrupted iterations
catalog   [  16% ] 4 VUs  0m14.6s/1m30s

running (0m16.0s), 4/4 VUs, 475 complete and 0 interrupted iterations
catalog   [  17% ] 4 VUs  0m15.6s/1m30s

running (0m17.0s), 4/4 VUs, 507 complete and 0 interrupted iterations
catalog   [  18% ] 4 VUs  0m16.6s/1m30s

running (0m18.0s), 4/4 VUs, 547 complete and 0 interrupted iterations
catalog   [  20% ] 4 VUs  0m17.6s/1m30s

running (0m19.0s), 4/4 VUs, 576 complete and 0 interrupted iterations
catalog   [  21% ] 4 VUs  0m18.6s/1m30s

running (0m20.0s), 4/4 VUs, 603 complete and 0 interrupted iterations
catalog   [  22% ] 4 VUs  0m19.6s/1m30s

running (0m21.0s), 4/4 VUs, 637 complete and 0 interrupted iterations
catalog   [  23% ] 4 VUs  0m20.6s/1m30s

running (0m22.0s), 4/4 VUs, 668 complete and 0 interrupted iterations
catalog   [  24% ] 4 VUs  0m21.6s/1m30s

running (0m23.0s), 4/4 VUs, 704 complete and 0 interrupted iterations
catalog   [  25% ] 4 VUs  0m22.6s/1m30s

running (0m24.0s), 4/4 VUs, 737 complete and 0 interrupted iterations
catalog   [  26% ] 4 VUs  0m23.6s/1m30s

running (0m25.0s), 4/4 VUs, 773 complete and 0 interrupted iterations
catalog   [  27% ] 4 VUs  0m24.6s/1m30s

running (0m26.0s), 4/4 VUs, 799 complete and 0 interrupted iterations
catalog   [  28% ] 4 VUs  0m25.6s/1m30s

running (0m27.0s), 4/4 VUs, 832 complete and 0 interrupted iterations
catalog   [  30% ] 4 VUs  0m26.6s/1m30s

running (0m28.0s), 4/4 VUs, 865 complete and 0 interrupted iterations
catalog   [  31% ] 4 VUs  0m27.6s/1m30s

running (0m29.0s), 4/4 VUs, 903 complete and 0 interrupted iterations
catalog   [  32% ] 4 VUs  0m28.6s/1m30s

running (0m30.0s), 4/4 VUs, 938 complete and 0 interrupted iterations
catalog   [  33% ] 4 VUs  0m29.6s/1m30s

running (0m31.0s), 4/4 VUs, 973 complete and 0 interrupted iterations
catalog   [  34% ] 4 VUs  0m30.6s/1m30s

running (0m32.0s), 4/4 VUs, 1004 complete and 0 interrupted iterations
catalog   [  35% ] 4 VUs  0m31.6s/1m30s

running (0m33.0s), 4/4 VUs, 1040 complete and 0 interrupted iterations
catalog   [  36% ] 4 VUs  0m32.6s/1m30s

running (0m34.0s), 4/4 VUs, 1075 complete and 0 interrupted iterations
catalog   [  37% ] 4 VUs  0m33.6s/1m30s

running (0m35.0s), 4/4 VUs, 1109 complete and 0 interrupted iterations
catalog   [  38% ] 4 VUs  0m34.6s/1m30s

running (0m36.0s), 4/4 VUs, 1142 complete and 0 interrupted iterations
catalog   [  40% ] 4 VUs  0m35.6s/1m30s

running (0m37.0s), 4/4 VUs, 1173 complete and 0 interrupted iterations
catalog   [  41% ] 4 VUs  0m36.6s/1m30s

running (0m38.0s), 4/4 VUs, 1203 complete and 0 interrupted iterations
catalog   [  42% ] 4 VUs  0m37.6s/1m30s

running (0m39.0s), 4/4 VUs, 1237 complete and 0 interrupted iterations
catalog   [  43% ] 4 VUs  0m38.6s/1m30s

running (0m40.0s), 4/4 VUs, 1271 complete and 0 interrupted iterations
catalog   [  44% ] 4 VUs  0m39.6s/1m30s

running (0m41.0s), 4/4 VUs, 1305 complete and 0 interrupted iterations
catalog   [  45% ] 4 VUs  0m40.6s/1m30s

running (0m42.0s), 4/4 VUs, 1343 complete and 0 interrupted iterations
catalog   [  46% ] 4 VUs  0m41.6s/1m30s

running (0m43.0s), 4/4 VUs, 1369 complete and 0 interrupted iterations
catalog   [  47% ] 4 VUs  0m42.6s/1m30s

running (0m44.0s), 4/4 VUs, 1389 complete and 0 interrupted iterations
catalog   [  48% ] 4 VUs  0m43.6s/1m30s

running (0m45.0s), 4/4 VUs, 1430 complete and 0 interrupted iterations
catalog   [  50% ] 4 VUs  0m44.6s/1m30s

running (0m46.0s), 4/4 VUs, 1465 complete and 0 interrupted iterations
catalog   [  51% ] 4 VUs  0m45.6s/1m30s

running (0m47.0s), 4/4 VUs, 1496 complete and 0 interrupted iterations
catalog   [  52% ] 4 VUs  0m46.6s/1m30s

running (0m48.0s), 4/4 VUs, 1534 complete and 0 interrupted iterations
catalog   [  53% ] 4 VUs  0m47.6s/1m30s

running (0m49.0s), 4/4 VUs, 1565 complete and 0 interrupted iterations
catalog   [  54% ] 4 VUs  0m48.6s/1m30s

running (0m50.0s), 4/4 VUs, 1598 complete and 0 interrupted iterations
catalog   [  55% ] 4 VUs  0m49.6s/1m30s

running (0m51.0s), 4/4 VUs, 1631 complete and 0 interrupted iterations
catalog   [  56% ] 4 VUs  0m50.6s/1m30s

running (0m52.0s), 4/4 VUs, 1666 complete and 0 interrupted iterations
catalog   [  57% ] 4 VUs  0m51.6s/1m30s

running (0m53.0s), 4/4 VUs, 1709 complete and 0 interrupted iterations
catalog   [  58% ] 4 VUs  0m52.6s/1m30s

running (0m54.0s), 4/4 VUs, 1742 complete and 0 interrupted iterations
catalog   [  60% ] 4 VUs  0m53.6s/1m30s

running (0m55.0s), 4/4 VUs, 1776 complete and 0 interrupted iterations
catalog   [  61% ] 4 VUs  0m54.6s/1m30s

running (0m56.0s), 4/4 VUs, 1811 complete and 0 interrupted iterations
catalog   [  62% ] 4 VUs  0m55.6s/1m30s

running (0m57.0s), 4/4 VUs, 1847 complete and 0 interrupted iterations
catalog   [  63% ] 4 VUs  0m56.6s/1m30s

running (0m58.0s), 4/4 VUs, 1879 complete and 0 interrupted iterations
catalog   [  64% ] 4 VUs  0m57.6s/1m30s

running (0m59.0s), 4/4 VUs, 1915 complete and 0 interrupted iterations
catalog   [  65% ] 4 VUs  0m58.6s/1m30s

running (1m00.0s), 4/4 VUs, 1947 complete and 0 interrupted iterations
catalog   [  66% ] 4 VUs  0m59.6s/1m30s

running (1m01.0s), 4/4 VUs, 1980 complete and 0 interrupted iterations
catalog   [  67% ] 4 VUs  1m00.6s/1m30s

running (1m02.0s), 4/4 VUs, 2015 complete and 0 interrupted iterations
catalog   [  68% ] 4 VUs  1m01.6s/1m30s

running (1m03.0s), 4/4 VUs, 2049 complete and 0 interrupted iterations
catalog   [  70% ] 4 VUs  1m02.6s/1m30s

running (1m04.0s), 4/4 VUs, 2082 complete and 0 interrupted iterations
catalog   [  71% ] 4 VUs  1m03.6s/1m30s

running (1m05.0s), 4/4 VUs, 2116 complete and 0 interrupted iterations
catalog   [  72% ] 4 VUs  1m04.6s/1m30s

running (1m06.0s), 4/4 VUs, 2155 complete and 0 interrupted iterations
catalog   [  73% ] 4 VUs  1m05.6s/1m30s

running (1m07.0s), 4/4 VUs, 2187 complete and 0 interrupted iterations
catalog   [  74% ] 4 VUs  1m06.6s/1m30s

running (1m08.0s), 4/4 VUs, 2224 complete and 0 interrupted iterations
catalog   [  75% ] 4 VUs  1m07.6s/1m30s

running (1m09.0s), 4/4 VUs, 2262 complete and 0 interrupted iterations
catalog   [  76% ] 4 VUs  1m08.6s/1m30s

running (1m10.0s), 4/4 VUs, 2290 complete and 0 interrupted iterations
catalog   [  77% ] 4 VUs  1m09.6s/1m30s

running (1m11.0s), 4/4 VUs, 2329 complete and 0 interrupted iterations
catalog   [  78% ] 4 VUs  1m10.6s/1m30s

running (1m12.0s), 4/4 VUs, 2361 complete and 0 interrupted iterations
catalog   [  80% ] 4 VUs  1m11.6s/1m30s

running (1m13.0s), 4/4 VUs, 2394 complete and 0 interrupted iterations
catalog   [  81% ] 4 VUs  1m12.6s/1m30s

running (1m14.0s), 4/4 VUs, 2428 complete and 0 interrupted iterations
catalog   [  82% ] 4 VUs  1m13.6s/1m30s

running (1m15.0s), 4/4 VUs, 2460 complete and 0 interrupted iterations
catalog   [  83% ] 4 VUs  1m14.6s/1m30s

running (1m16.0s), 4/4 VUs, 2482 complete and 0 interrupted iterations
catalog   [  84% ] 4 VUs  1m15.6s/1m30s

running (1m17.0s), 4/4 VUs, 2500 complete and 0 interrupted iterations
catalog   [  85% ] 4 VUs  1m16.6s/1m30s

running (1m18.0s), 4/4 VUs, 2516 complete and 0 interrupted iterations
catalog   [  86% ] 4 VUs  1m17.6s/1m30s

running (1m19.0s), 4/4 VUs, 2549 complete and 0 interrupted iterations
catalog   [  87% ] 4 VUs  1m18.6s/1m30s

running (1m20.0s), 4/4 VUs, 2580 complete and 0 interrupted iterations
catalog   [  88% ] 4 VUs  1m19.6s/1m30s

running (1m21.0s), 4/4 VUs, 2614 complete and 0 interrupted iterations
catalog   [  90% ] 4 VUs  1m20.6s/1m30s

running (1m22.0s), 4/4 VUs, 2647 complete and 0 interrupted iterations
catalog   [  91% ] 4 VUs  1m21.6s/1m30s

running (1m23.0s), 4/4 VUs, 2682 complete and 0 interrupted iterations
catalog   [  92% ] 4 VUs  1m22.6s/1m30s

running (1m24.0s), 4/4 VUs, 2717 complete and 0 interrupted iterations
catalog   [  93% ] 4 VUs  1m23.6s/1m30s

running (1m25.0s), 4/4 VUs, 2749 complete and 0 interrupted iterations
catalog   [  94% ] 4 VUs  1m24.6s/1m30s

running (1m26.0s), 4/4 VUs, 2789 complete and 0 interrupted iterations
catalog   [  95% ] 4 VUs  1m25.6s/1m30s

running (1m27.0s), 4/4 VUs, 2826 complete and 0 interrupted iterations
catalog   [  96% ] 4 VUs  1m26.6s/1m30s

running (1m28.0s), 4/4 VUs, 2860 complete and 0 interrupted iterations
catalog   [  97% ] 4 VUs  1m27.6s/1m30s

running (1m29.0s), 4/4 VUs, 2893 complete and 0 interrupted iterations
catalog   [  98% ] 4 VUs  1m28.6s/1m30s

running (1m30.0s), 4/4 VUs, 2928 complete and 0 interrupted iterations
catalog   [ 100% ] 4 VUs  1m29.6s/1m30s

================ DSP benchmark summary ================
-- per-phase latency --
  catalog                    p50=125.8 ms  p95=175.3 ms  p99=275.9 ms  max=316.8 ms  n=2950
  negotiation init (POST)    (no data)
  time-to-AGREED (async)     (no data)
  transfer init (POST)       (no data)
  time-to-EDR (async)        (no data)
  data pull                  (no data)
-- end-to-end + throughput --
  e2e transaction            (no data)
  data throughput (MB/s)     (no data)
-- outcomes --
  transactions succeeded     count=2950  rate=32.588/s
  transactions failed        (no data)
  failed rate                rate=0.00%  (pass=0 fail=2950)
    of which TERMINATED      (no data)
    of which TIMED OUT       (no data)
    of which HTTP-FAILED     (no data)
  failure accounting       (no failures)
-- observer effect (poll load) --
  negotiation polls          (no data)
  edr polls                  (no data)
  polls per transaction     negotiation=0.0  edr=0.0  (timeout ceiling=120)
=======================================================
(full summary -> /home/rohitj/edc/benchmarking-factoryx-edc/resources/local-fx-mvd/k6-scripts/results/factoryx/on/catalog-sweep/2026-08-02T15-41-54Z/k6-summary.json; POLL_INTERVAL_MS=250; IDENTITY_MODE=on)

running (1m30.5s), 0/4 VUs, 2950 complete and 0 interrupted iterations
catalog ✓ [ 100% ] 4 VUs  1m30s
Prometheus snapshot [1785685379..1785685485] svc=(provider-controlplane|provider-dataplane|consumer-controlplane|consumer-dataplane) win=1m -> /home/rohitj/edc/benchmarking-factoryx-edc/resources/local-fx-mvd/k6-scripts/results/factoryx/on/catalog-sweep/2026-08-02T15-41-54Z
  jvm-heap.csv (88 rows)
  jvm-gc-rate.csv (88 rows)
  jvm-threads.csv (88 rows)
  http-throughput.csv (88 rows)
  http-p95.csv (88 rows)
  http-errors.csv (44 rows)
  http-errors-5xx.csv (0 rows)
  http-status.csv (44 rows)
  host-cpu-busy.csv (22 rows)
  host-mem-used.csv (22 rows)
  5xx: no 5xx in window (confirmed: http-status has 44 samples, so the status label IS scraped)
  logs -> /home/rohitj/edc/benchmarking-factoryx-edc/resources/local-fx-mvd/k6-scripts/results/factoryx/on/catalog-sweep/2026-08-02T15-41-54Z/logs (4 files)
    consumer-controlplane.log:0
    consumer-dataplane.log:0
    provider-controlplane.log:0
    provider-dataplane.log:0
VALIDITY  ok=2950  failed=0  failed_rate=0%  dropped_iterations=0
>>> done: /home/rohitj/edc/benchmarking-factoryx-edc/resources/local-fx-mvd/k6-scripts/results/factoryx/on/catalog-sweep/2026-08-02T15-41-54Z  (k6 exit 0)
>>> factoryx / catalog-sweep  ->  /home/rohitj/edc/benchmarking-factoryx-edc/resources/local-fx-mvd/k6-scripts/results/factoryx/on/catalog-sweep/2026-08-02T15-44-46Z
parity OK: lib/ + scenarios/ + orchestration/ + tools/ identical to /home/rohitj/edc/benchmarking-factoryx-edc/resources/local-fx-mvd/k6-scripts
Health: http://localhost:29010/management + prometheus  OK
Warmup 60s @ 2/s (discarded)
k6 -> Prometheus remote-write: http://localhost:9090/api/v1/write

         /\      Grafana   /‾‾/  
    /\  /  \     |\  __   /  /   
   /  \/    \    | |/ /  /   ‾‾\ 
  /          \   |   (  |  (‾)  |
 / __________ \  |_|\_\  \_____/ 


     execution: local
        script: /home/rohitj/edc/benchmarking-factoryx-edc/resources/local-fx-mvd/k6-scripts/scenarios/catalog-sweep.js
        output: Prometheus remote write (http://localhost:9090/api/v1/write)

     scenarios: (100.00%) 1 scenario, 4 max VUs, 2m0s max duration (incl. graceful stop):
              * catalog: 4 looping VUs for 1m30s (gracefulStop: 30s)


Run       [ 100% ] setup()
catalog   [   0% ]

running (0m02.0s), 4/4 VUs, 0 complete and 0 interrupted iterations
catalog   [   0% ] 4 VUs  0m00.1s/1m30s

running (0m03.0s), 4/4 VUs, 20 complete and 0 interrupted iterations
catalog   [   1% ] 4 VUs  0m01.1s/1m30s

running (0m04.0s), 4/4 VUs, 43 complete and 0 interrupted iterations
catalog   [   2% ] 4 VUs  0m02.1s/1m30s

running (0m05.0s), 4/4 VUs, 61 complete and 0 interrupted iterations
catalog   [   3% ] 4 VUs  0m03.1s/1m30s

running (0m06.0s), 4/4 VUs, 80 complete and 0 interrupted iterations
catalog   [   5% ] 4 VUs  0m04.1s/1m30s

running (0m07.0s), 4/4 VUs, 102 complete and 0 interrupted iterations
catalog   [   6% ] 4 VUs  0m05.1s/1m30s

running (0m08.0s), 4/4 VUs, 123 complete and 0 interrupted iterations
catalog   [   7% ] 4 VUs  0m06.1s/1m30s

running (0m09.0s), 4/4 VUs, 143 complete and 0 interrupted iterations
catalog   [   8% ] 4 VUs  0m07.1s/1m30s

running (0m10.0s), 4/4 VUs, 166 complete and 0 interrupted iterations
catalog   [   9% ] 4 VUs  0m08.1s/1m30s

running (0m11.0s), 4/4 VUs, 186 complete and 0 interrupted iterations
catalog   [  10% ] 4 VUs  0m09.1s/1m30s

running (0m12.0s), 4/4 VUs, 209 complete and 0 interrupted iterations
catalog   [  11% ] 4 VUs  0m10.1s/1m30s

running (0m13.0s), 4/4 VUs, 233 complete and 0 interrupted iterations
catalog   [  12% ] 4 VUs  0m11.1s/1m30s

running (0m14.0s), 4/4 VUs, 252 complete and 0 interrupted iterations
catalog   [  13% ] 4 VUs  0m12.1s/1m30s

running (0m15.0s), 4/4 VUs, 278 complete and 0 interrupted iterations
catalog   [  15% ] 4 VUs  0m13.1s/1m30s

running (0m16.0s), 4/4 VUs, 301 complete and 0 interrupted iterations
catalog   [  16% ] 4 VUs  0m14.1s/1m30s

running (0m17.0s), 4/4 VUs, 322 complete and 0 interrupted iterations
catalog   [  17% ] 4 VUs  0m15.1s/1m30s

running (0m18.0s), 4/4 VUs, 345 complete and 0 interrupted iterations
catalog   [  18% ] 4 VUs  0m16.1s/1m30s

running (0m19.0s), 4/4 VUs, 367 complete and 0 interrupted iterations
catalog   [  19% ] 4 VUs  0m17.1s/1m30s

running (0m20.0s), 4/4 VUs, 386 complete and 0 interrupted iterations
catalog   [  20% ] 4 VUs  0m18.1s/1m30s

running (0m21.0s), 4/4 VUs, 411 complete and 0 interrupted iterations
catalog   [  21% ] 4 VUs  0m19.1s/1m30s

running (0m22.0s), 4/4 VUs, 429 complete and 0 interrupted iterations
catalog   [  22% ] 4 VUs  0m20.1s/1m30s

running (0m23.0s), 4/4 VUs, 454 complete and 0 interrupted iterations
catalog   [  23% ] 4 VUs  0m21.1s/1m30s

running (0m24.0s), 4/4 VUs, 474 complete and 0 interrupted iterations
catalog   [  25% ] 4 VUs  0m22.1s/1m30s

running (0m25.0s), 4/4 VUs, 497 complete and 0 interrupted iterations
catalog   [  26% ] 4 VUs  0m23.1s/1m30s

running (0m26.0s), 4/4 VUs, 516 complete and 0 interrupted iterations
catalog   [  27% ] 4 VUs  0m24.1s/1m30s

running (0m27.0s), 4/4 VUs, 533 complete and 0 interrupted iterations
catalog   [  28% ] 4 VUs  0m25.1s/1m30s

running (0m28.0s), 4/4 VUs, 557 complete and 0 interrupted iterations
catalog   [  29% ] 4 VUs  0m26.1s/1m30s

running (0m29.0s), 4/4 VUs, 577 complete and 0 interrupted iterations
catalog   [  30% ] 4 VUs  0m27.1s/1m30s

running (0m30.0s), 4/4 VUs, 601 complete and 0 interrupted iterations
catalog   [  31% ] 4 VUs  0m28.1s/1m30s

running (0m31.0s), 4/4 VUs, 618 complete and 0 interrupted iterations
catalog   [  32% ] 4 VUs  0m29.1s/1m30s

running (0m32.0s), 4/4 VUs, 641 complete and 0 interrupted iterations
catalog   [  33% ] 4 VUs  0m30.1s/1m30s

running (0m33.0s), 4/4 VUs, 663 complete and 0 interrupted iterations
catalog   [  35% ] 4 VUs  0m31.1s/1m30s

running (0m34.0s), 4/4 VUs, 684 complete and 0 interrupted iterations
catalog   [  36% ] 4 VUs  0m32.1s/1m30s

running (0m35.0s), 4/4 VUs, 703 complete and 0 interrupted iterations
catalog   [  37% ] 4 VUs  0m33.1s/1m30s

running (0m36.0s), 4/4 VUs, 726 complete and 0 interrupted iterations
catalog   [  38% ] 4 VUs  0m34.1s/1m30s

running (0m37.0s), 4/4 VUs, 747 complete and 0 interrupted iterations
catalog   [  39% ] 4 VUs  0m35.1s/1m30s

running (0m38.0s), 4/4 VUs, 772 complete and 0 interrupted iterations
catalog   [  40% ] 4 VUs  0m36.1s/1m30s

running (0m39.0s), 4/4 VUs, 791 complete and 0 interrupted iterations
catalog   [  41% ] 4 VUs  0m37.1s/1m30s

running (0m40.0s), 4/4 VUs, 813 complete and 0 interrupted iterations
catalog   [  42% ] 4 VUs  0m38.1s/1m30s

running (0m41.0s), 4/4 VUs, 835 complete and 0 interrupted iterations
catalog   [  43% ] 4 VUs  0m39.1s/1m30s

running (0m42.0s), 4/4 VUs, 855 complete and 0 interrupted iterations
catalog   [  45% ] 4 VUs  0m40.1s/1m30s

running (0m43.0s), 4/4 VUs, 879 complete and 0 interrupted iterations
catalog   [  46% ] 4 VUs  0m41.1s/1m30s

running (0m44.0s), 4/4 VUs, 900 complete and 0 interrupted iterations
catalog   [  47% ] 4 VUs  0m42.1s/1m30s

running (0m45.0s), 4/4 VUs, 919 complete and 0 interrupted iterations
catalog   [  48% ] 4 VUs  0m43.1s/1m30s

running (0m46.0s), 4/4 VUs, 942 complete and 0 interrupted iterations
catalog   [  49% ] 4 VUs  0m44.1s/1m30s

running (0m47.0s), 4/4 VUs, 960 complete and 0 interrupted iterations
catalog   [  50% ] 4 VUs  0m45.1s/1m30s

running (0m48.0s), 4/4 VUs, 983 complete and 0 interrupted iterations
catalog   [  51% ] 4 VUs  0m46.1s/1m30s

running (0m49.0s), 4/4 VUs, 1004 complete and 0 interrupted iterations
catalog   [  52% ] 4 VUs  0m47.1s/1m30s

running (0m50.0s), 4/4 VUs, 1027 complete and 0 interrupted iterations
catalog   [  53% ] 4 VUs  0m48.1s/1m30s

running (0m51.0s), 4/4 VUs, 1050 complete and 0 interrupted iterations
catalog   [  55% ] 4 VUs  0m49.1s/1m30s

running (0m52.0s), 4/4 VUs, 1072 complete and 0 interrupted iterations
catalog   [  56% ] 4 VUs  0m50.1s/1m30s

running (0m53.0s), 4/4 VUs, 1092 complete and 0 interrupted iterations
catalog   [  57% ] 4 VUs  0m51.1s/1m30s

running (0m54.0s), 4/4 VUs, 1112 complete and 0 interrupted iterations
catalog   [  58% ] 4 VUs  0m52.1s/1m30s

running (0m55.0s), 4/4 VUs, 1134 complete and 0 interrupted iterations
catalog   [  59% ] 4 VUs  0m53.1s/1m30s

running (0m56.0s), 4/4 VUs, 1155 complete and 0 interrupted iterations
catalog   [  60% ] 4 VUs  0m54.1s/1m30s

running (0m57.0s), 4/4 VUs, 1173 complete and 0 interrupted iterations
catalog   [  61% ] 4 VUs  0m55.1s/1m30s

running (0m58.0s), 4/4 VUs, 1194 complete and 0 interrupted iterations
catalog   [  62% ] 4 VUs  0m56.1s/1m30s

running (0m59.0s), 4/4 VUs, 1216 complete and 0 interrupted iterations
catalog   [  63% ] 4 VUs  0m57.1s/1m30s

running (1m00.0s), 4/4 VUs, 1236 complete and 0 interrupted iterations
catalog   [  65% ] 4 VUs  0m58.1s/1m30s

running (1m01.0s), 4/4 VUs, 1256 complete and 0 interrupted iterations
catalog   [  66% ] 4 VUs  0m59.1s/1m30s

running (1m02.0s), 4/4 VUs, 1278 complete and 0 interrupted iterations
catalog   [  67% ] 4 VUs  1m00.1s/1m30s

running (1m03.0s), 4/4 VUs, 1298 complete and 0 interrupted iterations
catalog   [  68% ] 4 VUs  1m01.1s/1m30s

running (1m04.0s), 4/4 VUs, 1317 complete and 0 interrupted iterations
catalog   [  69% ] 4 VUs  1m02.1s/1m30s

running (1m05.0s), 4/4 VUs, 1341 complete and 0 interrupted iterations
catalog   [  70% ] 4 VUs  1m03.1s/1m30s

running (1m06.0s), 4/4 VUs, 1357 complete and 0 interrupted iterations
catalog   [  71% ] 4 VUs  1m04.1s/1m30s

running (1m07.0s), 4/4 VUs, 1381 complete and 0 interrupted iterations
catalog   [  72% ] 4 VUs  1m05.1s/1m30s

running (1m08.0s), 4/4 VUs, 1400 complete and 0 interrupted iterations
catalog   [  73% ] 4 VUs  1m06.1s/1m30s

running (1m09.0s), 4/4 VUs, 1424 complete and 0 interrupted iterations
catalog   [  75% ] 4 VUs  1m07.1s/1m30s

running (1m10.0s), 4/4 VUs, 1447 complete and 0 interrupted iterations
catalog   [  76% ] 4 VUs  1m08.1s/1m30s

running (1m11.0s), 4/4 VUs, 1466 complete and 0 interrupted iterations
catalog   [  77% ] 4 VUs  1m09.1s/1m30s

running (1m12.0s), 4/4 VUs, 1491 complete and 0 interrupted iterations
catalog   [  78% ] 4 VUs  1m10.1s/1m30s

running (1m13.0s), 4/4 VUs, 1510 complete and 0 interrupted iterations
catalog   [  79% ] 4 VUs  1m11.1s/1m30s

running (1m14.0s), 4/4 VUs, 1535 complete and 0 interrupted iterations
catalog   [  80% ] 4 VUs  1m12.1s/1m30s

running (1m15.0s), 4/4 VUs, 1553 complete and 0 interrupted iterations
catalog   [  81% ] 4 VUs  1m13.1s/1m30s

running (1m16.0s), 4/4 VUs, 1576 complete and 0 interrupted iterations
catalog   [  82% ] 4 VUs  1m14.1s/1m30s

running (1m17.0s), 4/4 VUs, 1598 complete and 0 interrupted iterations
catalog   [  83% ] 4 VUs  1m15.1s/1m30s

running (1m18.0s), 4/4 VUs, 1619 complete and 0 interrupted iterations
catalog   [  85% ] 4 VUs  1m16.1s/1m30s

running (1m19.0s), 4/4 VUs, 1641 complete and 0 interrupted iterations
catalog   [  86% ] 4 VUs  1m17.1s/1m30s

running (1m20.0s), 4/4 VUs, 1665 complete and 0 interrupted iterations
catalog   [  87% ] 4 VUs  1m18.1s/1m30s

running (1m21.0s), 4/4 VUs, 1684 complete and 0 interrupted iterations
catalog   [  88% ] 4 VUs  1m19.1s/1m30s

running (1m22.0s), 4/4 VUs, 1703 complete and 0 interrupted iterations
catalog   [  89% ] 4 VUs  1m20.1s/1m30s

running (1m23.0s), 4/4 VUs, 1721 complete and 0 interrupted iterations
catalog   [  90% ] 4 VUs  1m21.1s/1m30s

running (1m24.0s), 4/4 VUs, 1745 complete and 0 interrupted iterations
catalog   [  91% ] 4 VUs  1m22.1s/1m30s

running (1m25.0s), 4/4 VUs, 1769 complete and 0 interrupted iterations
catalog   [  92% ] 4 VUs  1m23.1s/1m30s

running (1m26.0s), 4/4 VUs, 1789 complete and 0 interrupted iterations
catalog   [  93% ] 4 VUs  1m24.1s/1m30s

running (1m27.0s), 4/4 VUs, 1816 complete and 0 interrupted iterations
catalog   [  95% ] 4 VUs  1m25.1s/1m30s

running (1m28.0s), 4/4 VUs, 1834 complete and 0 interrupted iterations
catalog   [  96% ] 4 VUs  1m26.1s/1m30s

running (1m29.0s), 4/4 VUs, 1858 complete and 0 interrupted iterations
catalog   [  97% ] 4 VUs  1m27.1s/1m30s

running (1m30.0s), 4/4 VUs, 1878 complete and 0 interrupted iterations
catalog   [  98% ] 4 VUs  1m28.1s/1m30s

running (1m31.0s), 4/4 VUs, 1899 complete and 0 interrupted iterations
catalog   [  99% ] 4 VUs  1m29.1s/1m30s

================ DSP benchmark summary ================
-- per-phase latency --
  catalog                    p50=170.0 ms  p95=260.7 ms  p99=300.7 ms  max=340.7 ms  n=1922
  negotiation init (POST)    (no data)
  time-to-AGREED (async)     (no data)
  transfer init (POST)       (no data)
  time-to-EDR (async)        (no data)
  data pull                  (no data)
-- end-to-end + throughput --
  e2e transaction            (no data)
  data throughput (MB/s)     (no data)
-- outcomes --
  transactions succeeded     count=1922  rate=20.906/s
  transactions failed        (no data)
  failed rate                rate=0.00%  (pass=0 fail=1922)
    of which TERMINATED      (no data)
    of which TIMED OUT       (no data)
    of which HTTP-FAILED     (no data)
  failure accounting       (no failures)
-- observer effect (poll load) --
  negotiation polls          (no data)
  edr polls                  (no data)
  polls per transaction     negotiation=0.0  edr=0.0  (timeout ceiling=120)
=======================================================
(full summary -> /home/rohitj/edc/benchmarking-factoryx-edc/resources/local-fx-mvd/k6-scripts/results/factoryx/on/catalog-sweep/2026-08-02T15-44-46Z/k6-summary.json; POLL_INTERVAL_MS=250; IDENTITY_MODE=on)

running (1m31.9s), 0/4 VUs, 1922 complete and 0 interrupted iterations
catalog ✓ [ 100% ] 4 VUs  1m30s
Prometheus snapshot [1785685551..1785685659] svc=(provider-controlplane|provider-dataplane|consumer-controlplane|consumer-dataplane) win=1m -> /home/rohitj/edc/benchmarking-factoryx-edc/resources/local-fx-mvd/k6-scripts/results/factoryx/on/catalog-sweep/2026-08-02T15-44-46Z
  jvm-heap.csv (88 rows)
  jvm-gc-rate.csv (88 rows)
  jvm-threads.csv (88 rows)
  http-throughput.csv (88 rows)
  http-p95.csv (88 rows)
  http-errors.csv (44 rows)
  http-errors-5xx.csv (0 rows)
  http-status.csv (44 rows)
  host-cpu-busy.csv (22 rows)
  host-mem-used.csv (22 rows)
  5xx: no 5xx in window (confirmed: http-status has 44 samples, so the status label IS scraped)
  logs -> /home/rohitj/edc/benchmarking-factoryx-edc/resources/local-fx-mvd/k6-scripts/results/factoryx/on/catalog-sweep/2026-08-02T15-44-46Z/logs (4 files)
    consumer-controlplane.log:0
    consumer-dataplane.log:0
    provider-controlplane.log:0
    provider-dataplane.log:0
VALIDITY  ok=1922  failed=0  failed_rate=0%  dropped_iterations=0
>>> done: /home/rohitj/edc/benchmarking-factoryx-edc/resources/local-fx-mvd/k6-scripts/results/factoryx/on/catalog-sweep/2026-08-02T15-44-46Z  (k6 exit 0)
>>> factoryx / catalog-sweep  ->  /home/rohitj/edc/benchmarking-factoryx-edc/resources/local-fx-mvd/k6-scripts/results/factoryx/on/catalog-sweep/2026-08-02T15-47-39Z
parity OK: lib/ + scenarios/ + orchestration/ + tools/ identical to /home/rohitj/edc/benchmarking-factoryx-edc/resources/local-fx-mvd/k6-scripts
Health: http://localhost:29010/management + prometheus  OK
Warmup 60s @ 2/s (discarded)
k6 -> Prometheus remote-write: http://localhost:9090/api/v1/write

         /\      Grafana   /‾‾/  
    /\  /  \     |\  __   /  /   
   /  \/    \    | |/ /  /   ‾‾\ 
  /          \   |   (  |  (‾)  |
 / __________ \  |_|\_\  \_____/ 


     execution: local
        script: /home/rohitj/edc/benchmarking-factoryx-edc/resources/local-fx-mvd/k6-scripts/scenarios/catalog-sweep.js
        output: Prometheus remote write (http://localhost:9090/api/v1/write)

     scenarios: (100.00%) 1 scenario, 4 max VUs, 2m0s max duration (incl. graceful stop):
              * catalog: 4 looping VUs for 1m30s (gracefulStop: 30s)


Run       [ 100% ] setup()
catalog   [   0% ]

Run       [ 100% ] setup()
catalog   [   0% ]

Run       [ 100% ] setup()
catalog   [   0% ]

Run       [ 100% ] setup()
catalog   [   0% ]

Run       [ 100% ] setup()
catalog   [   0% ]

Run       [ 100% ] setup()
catalog   [   0% ]

Run       [ 100% ] setup()
catalog   [   0% ]

Run       [ 100% ] setup()
catalog   [   0% ]

Run       [ 100% ] setup()
catalog   [   0% ]

Run       [ 100% ] setup()
catalog   [   0% ]

Run       [ 100% ] setup()
catalog   [   0% ]

Run       [ 100% ] setup()
catalog   [   0% ]

Run       [ 100% ] setup()
catalog   [   0% ]

Run       [ 100% ] setup()
catalog   [   0% ]

Run       [ 100% ] setup()
catalog   [   0% ]

Run       [ 100% ] setup()
catalog   [   0% ]

Run       [ 100% ] setup()
catalog   [   0% ]

Run       [ 100% ] setup()
catalog   [   0% ]

running (0m19.0s), 4/4 VUs, 0 complete and 0 interrupted iterations
catalog   [   0% ] 4 VUs  0m00.1s/1m30s

running (0m20.0s), 4/4 VUs, 0 complete and 0 interrupted iterations
catalog   [   1% ] 4 VUs  0m01.1s/1m30s

running (0m21.0s), 4/4 VUs, 4 complete and 0 interrupted iterations
catalog   [   2% ] 4 VUs  0m02.1s/1m30s

running (0m22.0s), 4/4 VUs, 8 complete and 0 interrupted iterations
catalog   [   3% ] 4 VUs  0m03.1s/1m30s

running (0m23.0s), 4/4 VUs, 9 complete and 0 interrupted iterations
catalog   [   5% ] 4 VUs  0m04.1s/1m30s

running (0m24.0s), 4/4 VUs, 12 complete and 0 interrupted iterations
catalog   [   6% ] 4 VUs  0m05.1s/1m30s

running (0m25.0s), 4/4 VUs, 16 complete and 0 interrupted iterations
catalog   [   7% ] 4 VUs  0m06.1s/1m30s

running (0m26.0s), 4/4 VUs, 19 complete and 0 interrupted iterations
catalog   [   8% ] 4 VUs  0m07.1s/1m30s

running (0m27.0s), 4/4 VUs, 22 complete and 0 interrupted iterations
catalog   [   9% ] 4 VUs  0m08.1s/1m30s

running (0m28.0s), 4/4 VUs, 24 complete and 0 interrupted iterations
catalog   [  10% ] 4 VUs  0m09.1s/1m30s

running (0m29.0s), 4/4 VUs, 28 complete and 0 interrupted iterations
catalog   [  11% ] 4 VUs  0m10.1s/1m30s

running (0m30.0s), 4/4 VUs, 31 complete and 0 interrupted iterations
catalog   [  12% ] 4 VUs  0m11.1s/1m30s

running (0m31.0s), 4/4 VUs, 35 complete and 0 interrupted iterations
catalog   [  13% ] 4 VUs  0m12.1s/1m30s

running (0m32.0s), 4/4 VUs, 37 complete and 0 interrupted iterations
catalog   [  15% ] 4 VUs  0m13.1s/1m30s

running (0m33.0s), 4/4 VUs, 41 complete and 0 interrupted iterations
catalog   [  16% ] 4 VUs  0m14.1s/1m30s

running (0m34.0s), 4/4 VUs, 45 complete and 0 interrupted iterations
catalog   [  17% ] 4 VUs  0m15.1s/1m30s

running (0m35.0s), 4/4 VUs, 47 complete and 0 interrupted iterations
catalog   [  18% ] 4 VUs  0m16.1s/1m30s

running (0m36.0s), 4/4 VUs, 49 complete and 0 interrupted iterations
catalog   [  19% ] 4 VUs  0m17.1s/1m30s

running (0m37.0s), 4/4 VUs, 53 complete and 0 interrupted iterations
catalog   [  20% ] 4 VUs  0m18.1s/1m30s

running (0m38.0s), 4/4 VUs, 56 complete and 0 interrupted iterations
catalog   [  21% ] 4 VUs  0m19.1s/1m30s

running (0m39.0s), 4/4 VUs, 59 complete and 0 interrupted iterations
catalog   [  22% ] 4 VUs  0m20.1s/1m30s

running (0m40.0s), 4/4 VUs, 61 complete and 0 interrupted iterations
catalog   [  23% ] 4 VUs  0m21.1s/1m30s

running (0m41.0s), 4/4 VUs, 65 complete and 0 interrupted iterations
catalog   [  25% ] 4 VUs  0m22.1s/1m30s

running (0m42.0s), 4/4 VUs, 67 complete and 0 interrupted iterations
catalog   [  26% ] 4 VUs  0m23.1s/1m30s

running (0m43.0s), 4/4 VUs, 71 complete and 0 interrupted iterations
catalog   [  27% ] 4 VUs  0m24.1s/1m30s

running (0m44.0s), 4/4 VUs, 73 complete and 0 interrupted iterations
catalog   [  28% ] 4 VUs  0m25.1s/1m30s

running (0m45.0s), 4/4 VUs, 77 complete and 0 interrupted iterations
catalog   [  29% ] 4 VUs  0m26.1s/1m30s

running (0m46.0s), 4/4 VUs, 80 complete and 0 interrupted iterations
catalog   [  30% ] 4 VUs  0m27.1s/1m30s

running (0m47.0s), 4/4 VUs, 83 complete and 0 interrupted iterations
catalog   [  31% ] 4 VUs  0m28.1s/1m30s

running (0m48.0s), 4/4 VUs, 86 complete and 0 interrupted iterations
catalog   [  32% ] 4 VUs  0m29.1s/1m30s

running (0m49.0s), 4/4 VUs, 89 complete and 0 interrupted iterations
catalog   [  33% ] 4 VUs  0m30.1s/1m30s

running (0m50.0s), 4/4 VUs, 92 complete and 0 interrupted iterations
catalog   [  35% ] 4 VUs  0m31.1s/1m30s

running (0m51.0s), 4/4 VUs, 95 complete and 0 interrupted iterations
catalog   [  36% ] 4 VUs  0m32.1s/1m30s

running (0m52.0s), 4/4 VUs, 98 complete and 0 interrupted iterations
catalog   [  37% ] 4 VUs  0m33.1s/1m30s

running (0m53.0s), 4/4 VUs, 101 complete and 0 interrupted iterations
catalog   [  38% ] 4 VUs  0m34.1s/1m30s

running (0m54.0s), 4/4 VUs, 104 complete and 0 interrupted iterations
catalog   [  39% ] 4 VUs  0m35.1s/1m30s

running (0m55.0s), 4/4 VUs, 107 complete and 0 interrupted iterations
catalog   [  40% ] 4 VUs  0m36.1s/1m30s

running (0m56.0s), 4/4 VUs, 110 complete and 0 interrupted iterations
catalog   [  41% ] 4 VUs  0m37.1s/1m30s

running (0m57.0s), 4/4 VUs, 113 complete and 0 interrupted iterations
catalog   [  42% ] 4 VUs  0m38.1s/1m30s

running (0m58.0s), 4/4 VUs, 117 complete and 0 interrupted iterations
catalog   [  43% ] 4 VUs  0m39.1s/1m30s

running (0m59.0s), 4/4 VUs, 120 complete and 0 interrupted iterations
catalog   [  45% ] 4 VUs  0m40.1s/1m30s

running (1m00.0s), 4/4 VUs, 122 complete and 0 interrupted iterations
catalog   [  46% ] 4 VUs  0m41.1s/1m30s

running (1m01.0s), 4/4 VUs, 126 complete and 0 interrupted iterations
catalog   [  47% ] 4 VUs  0m42.1s/1m30s

running (1m02.0s), 4/4 VUs, 129 complete and 0 interrupted iterations
catalog   [  48% ] 4 VUs  0m43.1s/1m30s

running (1m03.0s), 4/4 VUs, 131 complete and 0 interrupted iterations
catalog   [  49% ] 4 VUs  0m44.1s/1m30s

running (1m04.0s), 4/4 VUs, 135 complete and 0 interrupted iterations
catalog   [  50% ] 4 VUs  0m45.1s/1m30s

running (1m05.0s), 4/4 VUs, 137 complete and 0 interrupted iterations
catalog   [  51% ] 4 VUs  0m46.1s/1m30s

running (1m06.0s), 4/4 VUs, 141 complete and 0 interrupted iterations
catalog   [  52% ] 4 VUs  0m47.1s/1m30s

running (1m07.0s), 4/4 VUs, 143 complete and 0 interrupted iterations
catalog   [  53% ] 4 VUs  0m48.1s/1m30s

running (1m08.0s), 4/4 VUs, 147 complete and 0 interrupted iterations
catalog   [  55% ] 4 VUs  0m49.1s/1m30s

running (1m09.0s), 4/4 VUs, 150 complete and 0 interrupted iterations
catalog   [  56% ] 4 VUs  0m50.1s/1m30s

running (1m10.0s), 4/4 VUs, 153 complete and 0 interrupted iterations
catalog   [  57% ] 4 VUs  0m51.1s/1m30s

running (1m11.0s), 4/4 VUs, 156 complete and 0 interrupted iterations
catalog   [  58% ] 4 VUs  0m52.1s/1m30s

running (1m12.0s), 4/4 VUs, 158 complete and 0 interrupted iterations
catalog   [  59% ] 4 VUs  0m53.1s/1m30s

running (1m13.0s), 4/4 VUs, 162 complete and 0 interrupted iterations
catalog   [  60% ] 4 VUs  0m54.1s/1m30s

running (1m14.0s), 4/4 VUs, 165 complete and 0 interrupted iterations
catalog   [  61% ] 4 VUs  0m55.1s/1m30s

running (1m15.0s), 4/4 VUs, 168 complete and 0 interrupted iterations
catalog   [  62% ] 4 VUs  0m56.1s/1m30s

running (1m16.0s), 4/4 VUs, 172 complete and 0 interrupted iterations
catalog   [  63% ] 4 VUs  0m57.1s/1m30s

running (1m17.0s), 4/4 VUs, 174 complete and 0 interrupted iterations
catalog   [  65% ] 4 VUs  0m58.1s/1m30s

running (1m18.0s), 4/4 VUs, 177 complete and 0 interrupted iterations
catalog   [  66% ] 4 VUs  0m59.1s/1m30s

running (1m19.0s), 4/4 VUs, 180 complete and 0 interrupted iterations
catalog   [  67% ] 4 VUs  1m00.1s/1m30s

running (1m20.0s), 4/4 VUs, 183 complete and 0 interrupted iterations
catalog   [  68% ] 4 VUs  1m01.1s/1m30s

running (1m21.0s), 4/4 VUs, 187 complete and 0 interrupted iterations
catalog   [  69% ] 4 VUs  1m02.1s/1m30s

running (1m22.0s), 4/4 VUs, 190 complete and 0 interrupted iterations
catalog   [  70% ] 4 VUs  1m03.1s/1m30s

running (1m23.0s), 4/4 VUs, 192 complete and 0 interrupted iterations
catalog   [  71% ] 4 VUs  1m04.1s/1m30s

running (1m24.0s), 4/4 VUs, 196 complete and 0 interrupted iterations
catalog   [  72% ] 4 VUs  1m05.1s/1m30s

running (1m25.0s), 4/4 VUs, 199 complete and 0 interrupted iterations
catalog   [  73% ] 4 VUs  1m06.1s/1m30s

running (1m26.0s), 4/4 VUs, 200 complete and 0 interrupted iterations
catalog   [  75% ] 4 VUs  1m07.1s/1m30s

running (1m27.0s), 4/4 VUs, 204 complete and 0 interrupted iterations
catalog   [  76% ] 4 VUs  1m08.1s/1m30s

running (1m28.0s), 4/4 VUs, 208 complete and 0 interrupted iterations
catalog   [  77% ] 4 VUs  1m09.1s/1m30s

running (1m29.0s), 4/4 VUs, 209 complete and 0 interrupted iterations
catalog   [  78% ] 4 VUs  1m10.1s/1m30s

running (1m30.0s), 4/4 VUs, 212 complete and 0 interrupted iterations
catalog   [  79% ] 4 VUs  1m11.1s/1m30s

running (1m31.0s), 4/4 VUs, 216 complete and 0 interrupted iterations
catalog   [  80% ] 4 VUs  1m12.1s/1m30s

running (1m32.0s), 4/4 VUs, 220 complete and 0 interrupted iterations
catalog   [  81% ] 4 VUs  1m13.1s/1m30s

running (1m33.0s), 4/4 VUs, 224 complete and 0 interrupted iterations
catalog   [  82% ] 4 VUs  1m14.1s/1m30s

running (1m34.0s), 4/4 VUs, 226 complete and 0 interrupted iterations
catalog   [  83% ] 4 VUs  1m15.1s/1m30s

running (1m35.0s), 4/4 VUs, 230 complete and 0 interrupted iterations
catalog   [  85% ] 4 VUs  1m16.1s/1m30s

running (1m36.0s), 4/4 VUs, 233 complete and 0 interrupted iterations
catalog   [  86% ] 4 VUs  1m17.1s/1m30s

running (1m37.0s), 4/4 VUs, 236 complete and 0 interrupted iterations
catalog   [  87% ] 4 VUs  1m18.1s/1m30s

running (1m38.0s), 4/4 VUs, 240 complete and 0 interrupted iterations
catalog   [  88% ] 4 VUs  1m19.1s/1m30s

running (1m39.0s), 4/4 VUs, 243 complete and 0 interrupted iterations
catalog   [  89% ] 4 VUs  1m20.1s/1m30s

running (1m40.0s), 4/4 VUs, 245 complete and 0 interrupted iterations
catalog   [  90% ] 4 VUs  1m21.1s/1m30s

running (1m41.0s), 4/4 VUs, 249 complete and 0 interrupted iterations
catalog   [  91% ] 4 VUs  1m22.1s/1m30s

running (1m42.0s), 4/4 VUs, 252 complete and 0 interrupted iterations
catalog   [  92% ] 4 VUs  1m23.1s/1m30s

running (1m43.0s), 4/4 VUs, 256 complete and 0 interrupted iterations
catalog   [  93% ] 4 VUs  1m24.1s/1m30s

running (1m44.0s), 4/4 VUs, 258 complete and 0 interrupted iterations
catalog   [  95% ] 4 VUs  1m25.1s/1m30s

running (1m45.0s), 4/4 VUs, 262 complete and 0 interrupted iterations
catalog   [  96% ] 4 VUs  1m26.1s/1m30s

running (1m46.0s), 4/4 VUs, 266 complete and 0 interrupted iterations
catalog   [  97% ] 4 VUs  1m27.1s/1m30s

running (1m47.0s), 4/4 VUs, 270 complete and 0 interrupted iterations
catalog   [  98% ] 4 VUs  1m28.1s/1m30s

running (1m48.0s), 4/4 VUs, 272 complete and 0 interrupted iterations
catalog   [  99% ] 4 VUs  1m29.1s/1m30s

running (1m49.0s), 4/4 VUs, 274 complete and 0 interrupted iterations
catalog ↓ [ 100% ] 4 VUs  1m30s

================ DSP benchmark summary ================
-- per-phase latency --
  catalog                    p50=1178.0 ms  p95=1547.3 ms  p99=1674.7 ms  max=1713.0 ms  n=278
  negotiation init (POST)    (no data)
  time-to-AGREED (async)     (no data)
  transfer init (POST)       (no data)
  time-to-EDR (async)        (no data)
  data pull                  (no data)
-- end-to-end + throughput --
  e2e transaction            (no data)
  data throughput (MB/s)     (no data)
-- outcomes --
  transactions succeeded     count=278  rate=2.542/s
  transactions failed        (no data)
  failed rate                rate=0.00%  (pass=0 fail=278)
    of which TERMINATED      (no data)
    of which TIMED OUT       (no data)
    of which HTTP-FAILED     (no data)
  failure accounting       (no failures)
-- observer effect (poll load) --
  negotiation polls          (no data)
  edr polls                  (no data)
  polls per transaction     negotiation=0.0  edr=0.0  (timeout ceiling=120)
=======================================================
(full summary -> /home/rohitj/edc/benchmarking-factoryx-edc/resources/local-fx-mvd/k6-scripts/results/factoryx/on/catalog-sweep/2026-08-02T15-47-39Z/k6-summary.json; POLL_INTERVAL_MS=250; IDENTITY_MODE=on)

running (1m49.4s), 0/4 VUs, 278 complete and 0 interrupted iterations
catalog ✓ [ 100% ] 4 VUs  1m30s
Prometheus snapshot [1785685725..1785685850] svc=(provider-controlplane|provider-dataplane|consumer-controlplane|consumer-dataplane) win=1m -> /home/rohitj/edc/benchmarking-factoryx-edc/resources/local-fx-mvd/k6-scripts/results/factoryx/on/catalog-sweep/2026-08-02T15-47-39Z
  jvm-heap.csv (104 rows)
  jvm-gc-rate.csv (104 rows)
  jvm-threads.csv (104 rows)
  http-throughput.csv (104 rows)
  http-p95.csv (104 rows)
  http-errors.csv (52 rows)
  http-errors-5xx.csv (0 rows)
  http-status.csv (52 rows)
  host-cpu-busy.csv (26 rows)
  host-mem-used.csv (26 rows)
  5xx: no 5xx in window (confirmed: http-status has 52 samples, so the status label IS scraped)
  logs -> /home/rohitj/edc/benchmarking-factoryx-edc/resources/local-fx-mvd/k6-scripts/results/factoryx/on/catalog-sweep/2026-08-02T15-47-39Z/logs (4 files)
    consumer-controlplane.log:0
    consumer-dataplane.log:0
    provider-controlplane.log:0
    provider-dataplane.log:0
VALIDITY  ok=278  failed=0  failed_rate=0%  dropped_iterations=0
>>> done: /home/rohitj/edc/benchmarking-factoryx-edc/resources/local-fx-mvd/k6-scripts/results/factoryx/on/catalog-sweep/2026-08-02T15-47-39Z  (k6 exit 0)
----- factoryx / catalog-sweep (rep 2) -----
>>> factoryx / catalog-sweep  ->  /home/rohitj/edc/benchmarking-factoryx-edc/resources/local-fx-mvd/k6-scripts/results/factoryx/on/catalog-sweep/2026-08-02T15-50-50Z
parity OK: lib/ + scenarios/ + orchestration/ + tools/ identical to /home/rohitj/edc/benchmarking-factoryx-edc/resources/local-fx-mvd/k6-scripts
Health: http://localhost:29010/management + prometheus  OK
Warmup 60s @ 2/s (discarded)
k6 -> Prometheus remote-write: http://localhost:9090/api/v1/write

         /\      Grafana   /‾‾/  
    /\  /  \     |\  __   /  /   
   /  \/    \    | |/ /  /   ‾‾\ 
  /          \   |   (  |  (‾)  |
 / __________ \  |_|\_\  \_____/ 


     execution: local
        script: /home/rohitj/edc/benchmarking-factoryx-edc/resources/local-fx-mvd/k6-scripts/scenarios/catalog-sweep.js
        output: Prometheus remote write (http://localhost:9090/api/v1/write)

     scenarios: (100.00%) 1 scenario, 4 max VUs, 2m0s max duration (incl. graceful stop):
              * catalog: 4 looping VUs for 1m30s (gracefulStop: 30s)


running (0m01.0s), 4/4 VUs, 1 complete and 0 interrupted iterations
catalog   [   1% ] 4 VUs  0m01.0s/1m30s

running (0m02.0s), 4/4 VUs, 4 complete and 0 interrupted iterations
catalog   [   2% ] 4 VUs  0m02.0s/1m30s

running (0m03.0s), 4/4 VUs, 6 complete and 0 interrupted iterations
catalog   [   3% ] 4 VUs  0m03.0s/1m30s

running (0m04.0s), 4/4 VUs, 9 complete and 0 interrupted iterations
catalog   [   4% ] 4 VUs  0m04.0s/1m30s

running (0m05.0s), 4/4 VUs, 13 complete and 0 interrupted iterations
catalog   [   6% ] 4 VUs  0m05.0s/1m30s

running (0m06.0s), 4/4 VUs, 16 complete and 0 interrupted iterations
catalog   [   7% ] 4 VUs  0m06.0s/1m30s

running (0m07.0s), 4/4 VUs, 20 complete and 0 interrupted iterations
catalog   [   8% ] 4 VUs  0m07.0s/1m30s

running (0m08.0s), 4/4 VUs, 23 complete and 0 interrupted iterations
catalog   [   9% ] 4 VUs  0m08.0s/1m30s

running (0m09.0s), 4/4 VUs, 26 complete and 0 interrupted iterations
catalog   [  10% ] 4 VUs  0m09.0s/1m30s

running (0m10.0s), 4/4 VUs, 29 complete and 0 interrupted iterations
catalog   [  11% ] 4 VUs  0m10.0s/1m30s

running (0m11.0s), 4/4 VUs, 32 complete and 0 interrupted iterations
catalog   [  12% ] 4 VUs  0m11.0s/1m30s

running (0m12.0s), 4/4 VUs, 35 complete and 0 interrupted iterations
catalog   [  13% ] 4 VUs  0m12.0s/1m30s

running (0m13.0s), 4/4 VUs, 38 complete and 0 interrupted iterations
catalog   [  14% ] 4 VUs  0m13.0s/1m30s

running (0m14.0s), 4/4 VUs, 41 complete and 0 interrupted iterations
catalog   [  16% ] 4 VUs  0m14.0s/1m30s

running (0m15.0s), 4/4 VUs, 43 complete and 0 interrupted iterations
catalog   [  17% ] 4 VUs  0m15.0s/1m30s

running (0m16.0s), 4/4 VUs, 47 complete and 0 interrupted iterations
catalog   [  18% ] 4 VUs  0m16.0s/1m30s

running (0m17.0s), 4/4 VUs, 51 complete and 0 interrupted iterations
catalog   [  19% ] 4 VUs  0m17.0s/1m30s

running (0m18.0s), 4/4 VUs, 53 complete and 0 interrupted iterations
catalog   [  20% ] 4 VUs  0m18.0s/1m30s

running (0m19.0s), 4/4 VUs, 57 complete and 0 interrupted iterations
catalog   [  21% ] 4 VUs  0m19.0s/1m30s

running (0m20.0s), 4/4 VUs, 59 complete and 0 interrupted iterations
catalog   [  22% ] 4 VUs  0m20.0s/1m30s

running (0m21.0s), 4/4 VUs, 63 complete and 0 interrupted iterations
catalog   [  23% ] 4 VUs  0m21.0s/1m30s

running (0m22.0s), 4/4 VUs, 65 complete and 0 interrupted iterations
catalog   [  24% ] 4 VUs  0m22.0s/1m30s

running (0m23.0s), 4/4 VUs, 69 complete and 0 interrupted iterations
catalog   [  26% ] 4 VUs  0m23.0s/1m30s

running (0m24.0s), 4/4 VUs, 73 complete and 0 interrupted iterations
catalog   [  27% ] 4 VUs  0m24.0s/1m30s

running (0m25.0s), 4/4 VUs, 74 complete and 0 interrupted iterations
catalog   [  28% ] 4 VUs  0m25.0s/1m30s

running (0m26.0s), 4/4 VUs, 77 complete and 0 interrupted iterations
catalog   [  29% ] 4 VUs  0m26.0s/1m30s

running (0m27.0s), 4/4 VUs, 81 complete and 0 interrupted iterations
catalog   [  30% ] 4 VUs  0m27.0s/1m30s

running (0m28.0s), 4/4 VUs, 83 complete and 0 interrupted iterations
catalog   [  31% ] 4 VUs  0m28.0s/1m30s

running (0m29.0s), 4/4 VUs, 85 complete and 0 interrupted iterations
catalog   [  32% ] 4 VUs  0m29.0s/1m30s

running (0m30.0s), 4/4 VUs, 89 complete and 0 interrupted iterations
catalog   [  33% ] 4 VUs  0m30.0s/1m30s

running (0m31.0s), 4/4 VUs, 93 complete and 0 interrupted iterations
catalog   [  34% ] 4 VUs  0m31.0s/1m30s

running (0m32.0s), 4/4 VUs, 95 complete and 0 interrupted iterations
catalog   [  36% ] 4 VUs  0m32.0s/1m30s

running (0m33.0s), 4/4 VUs, 99 complete and 0 interrupted iterations
catalog   [  37% ] 4 VUs  0m33.0s/1m30s

running (0m34.0s), 4/4 VUs, 101 complete and 0 interrupted iterations
catalog   [  38% ] 4 VUs  0m34.0s/1m30s

running (0m35.0s), 4/4 VUs, 105 complete and 0 interrupted iterations
catalog   [  39% ] 4 VUs  0m35.0s/1m30s

running (0m36.0s), 4/4 VUs, 107 complete and 0 interrupted iterations
catalog   [  40% ] 4 VUs  0m36.0s/1m30s

running (0m37.0s), 4/4 VUs, 111 complete and 0 interrupted iterations
catalog   [  41% ] 4 VUs  0m37.0s/1m30s

running (0m38.0s), 4/4 VUs, 113 complete and 0 interrupted iterations
catalog   [  42% ] 4 VUs  0m38.0s/1m30s

running (0m39.0s), 4/4 VUs, 117 complete and 0 interrupted iterations
catalog   [  43% ] 4 VUs  0m39.0s/1m30s

running (0m40.0s), 4/4 VUs, 121 complete and 0 interrupted iterations
catalog   [  44% ] 4 VUs  0m40.0s/1m30s

running (0m41.0s), 4/4 VUs, 123 complete and 0 interrupted iterations
catalog   [  46% ] 4 VUs  0m41.0s/1m30s

running (0m42.0s), 4/4 VUs, 126 complete and 0 interrupted iterations
catalog   [  47% ] 4 VUs  0m42.0s/1m30s

running (0m43.0s), 4/4 VUs, 129 complete and 0 interrupted iterations
catalog   [  48% ] 4 VUs  0m43.0s/1m30s

running (0m44.0s), 4/4 VUs, 132 complete and 0 interrupted iterations
catalog   [  49% ] 4 VUs  0m44.0s/1m30s

running (0m45.0s), 4/4 VUs, 136 complete and 0 interrupted iterations
catalog   [  50% ] 4 VUs  0m45.0s/1m30s

running (0m46.0s), 4/4 VUs, 138 complete and 0 interrupted iterations
catalog   [  51% ] 4 VUs  0m46.0s/1m30s

running (0m47.0s), 4/4 VUs, 142 complete and 0 interrupted iterations
catalog   [  52% ] 4 VUs  0m47.0s/1m30s

running (0m48.0s), 4/4 VUs, 145 complete and 0 interrupted iterations
catalog   [  53% ] 4 VUs  0m48.0s/1m30s

running (0m49.0s), 4/4 VUs, 148 complete and 0 interrupted iterations
catalog   [  54% ] 4 VUs  0m49.0s/1m30s

running (0m50.0s), 4/4 VUs, 150 complete and 0 interrupted iterations
catalog   [  56% ] 4 VUs  0m50.0s/1m30s

running (0m51.0s), 4/4 VUs, 154 complete and 0 interrupted iterations
catalog   [  57% ] 4 VUs  0m51.0s/1m30s

running (0m52.0s), 4/4 VUs, 158 complete and 0 interrupted iterations
catalog   [  58% ] 4 VUs  0m52.0s/1m30s

running (0m53.0s), 4/4 VUs, 160 complete and 0 interrupted iterations
catalog   [  59% ] 4 VUs  0m53.0s/1m30s

running (0m54.0s), 4/4 VUs, 163 complete and 0 interrupted iterations
catalog   [  60% ] 4 VUs  0m54.0s/1m30s

running (0m55.0s), 4/4 VUs, 166 complete and 0 interrupted iterations
catalog   [  61% ] 4 VUs  0m55.0s/1m30s

running (0m56.0s), 4/4 VUs, 170 complete and 0 interrupted iterations
catalog   [  62% ] 4 VUs  0m56.0s/1m30s

running (0m57.0s), 4/4 VUs, 172 complete and 0 interrupted iterations
catalog   [  63% ] 4 VUs  0m57.0s/1m30s

running (0m58.0s), 4/4 VUs, 176 complete and 0 interrupted iterations
catalog   [  64% ] 4 VUs  0m58.0s/1m30s

running (0m59.0s), 4/4 VUs, 178 complete and 0 interrupted iterations
catalog   [  66% ] 4 VUs  0m59.0s/1m30s

running (1m00.0s), 4/4 VUs, 181 complete and 0 interrupted iterations
catalog   [  67% ] 4 VUs  1m00.0s/1m30s

running (1m01.0s), 4/4 VUs, 184 complete and 0 interrupted iterations
catalog   [  68% ] 4 VUs  1m01.0s/1m30s

running (1m02.0s), 4/4 VUs, 188 complete and 0 interrupted iterations
catalog   [  69% ] 4 VUs  1m02.0s/1m30s

running (1m03.0s), 4/4 VUs, 191 complete and 0 interrupted iterations
catalog   [  70% ] 4 VUs  1m03.0s/1m30s

running (1m04.0s), 4/4 VUs, 193 complete and 0 interrupted iterations
catalog   [  71% ] 4 VUs  1m04.0s/1m30s

running (1m05.0s), 4/4 VUs, 196 complete and 0 interrupted iterations
catalog   [  72% ] 4 VUs  1m05.0s/1m30s

running (1m06.0s), 4/4 VUs, 200 complete and 0 interrupted iterations
catalog   [  73% ] 4 VUs  1m06.0s/1m30s

running (1m07.0s), 4/4 VUs, 202 complete and 0 interrupted iterations
catalog   [  74% ] 4 VUs  1m07.0s/1m30s

running (1m08.0s), 4/4 VUs, 205 complete and 0 interrupted iterations
catalog   [  76% ] 4 VUs  1m08.0s/1m30s

running (1m09.0s), 4/4 VUs, 208 complete and 0 interrupted iterations
catalog   [  77% ] 4 VUs  1m09.0s/1m30s

running (1m10.0s), 4/4 VUs, 212 complete and 0 interrupted iterations
catalog   [  78% ] 4 VUs  1m10.0s/1m30s

running (1m11.0s), 4/4 VUs, 214 complete and 0 interrupted iterations
catalog   [  79% ] 4 VUs  1m11.0s/1m30s

running (1m12.0s), 4/4 VUs, 217 complete and 0 interrupted iterations
catalog   [  80% ] 4 VUs  1m12.0s/1m30s

running (1m13.0s), 4/4 VUs, 220 complete and 0 interrupted iterations
catalog   [  81% ] 4 VUs  1m13.0s/1m30s

running (1m14.0s), 4/4 VUs, 224 complete and 0 interrupted iterations
catalog   [  82% ] 4 VUs  1m14.0s/1m30s

running (1m15.0s), 4/4 VUs, 227 complete and 0 interrupted iterations
catalog   [  83% ] 4 VUs  1m15.0s/1m30s

running (1m16.0s), 4/4 VUs, 230 complete and 0 interrupted iterations
catalog   [  84% ] 4 VUs  1m16.0s/1m30s

running (1m17.0s), 4/4 VUs, 232 complete and 0 interrupted iterations
catalog   [  86% ] 4 VUs  1m17.0s/1m30s

running (1m18.0s), 4/4 VUs, 236 complete and 0 interrupted iterations
catalog   [  87% ] 4 VUs  1m18.0s/1m30s

running (1m19.0s), 4/4 VUs, 240 complete and 0 interrupted iterations
catalog   [  88% ] 4 VUs  1m19.0s/1m30s

running (1m20.0s), 4/4 VUs, 243 complete and 0 interrupted iterations
catalog   [  89% ] 4 VUs  1m20.0s/1m30s

running (1m21.0s), 4/4 VUs, 244 complete and 0 interrupted iterations
catalog   [  90% ] 4 VUs  1m21.0s/1m30s

running (1m22.0s), 4/4 VUs, 248 complete and 0 interrupted iterations
catalog   [  91% ] 4 VUs  1m22.0s/1m30s

running (1m23.0s), 4/4 VUs, 251 complete and 0 interrupted iterations
catalog   [  92% ] 4 VUs  1m23.0s/1m30s

running (1m24.0s), 4/4 VUs, 255 complete and 0 interrupted iterations
catalog   [  93% ] 4 VUs  1m24.0s/1m30s

running (1m25.0s), 4/4 VUs, 257 complete and 0 interrupted iterations
catalog   [  94% ] 4 VUs  1m25.0s/1m30s

running (1m26.0s), 4/4 VUs, 261 complete and 0 interrupted iterations
catalog   [  96% ] 4 VUs  1m26.0s/1m30s

running (1m27.0s), 4/4 VUs, 264 complete and 0 interrupted iterations
catalog   [  97% ] 4 VUs  1m27.0s/1m30s

running (1m28.0s), 4/4 VUs, 267 complete and 0 interrupted iterations
catalog   [  98% ] 4 VUs  1m28.0s/1m30s

running (1m29.0s), 4/4 VUs, 269 complete and 0 interrupted iterations
catalog   [  99% ] 4 VUs  1m29.0s/1m30s

running (1m30.0s), 4/4 VUs, 273 complete and 0 interrupted iterations
catalog   [ 100% ] 4 VUs  1m30.0s/1m30s

running (1m31.0s), 1/4 VUs, 276 complete and 0 interrupted iterations
catalog ↓ [ 100% ] 4 VUs  1m30s

================ DSP benchmark summary ================
-- per-phase latency --
  catalog                    p50=1202.1 ms  p95=1525.3 ms  p99=1653.3 ms  max=1735.0 ms  n=277
  negotiation init (POST)    (no data)
  time-to-AGREED (async)     (no data)
  transfer init (POST)       (no data)
  time-to-EDR (async)        (no data)
  data pull                  (no data)
-- end-to-end + throughput --
  e2e transaction            (no data)
  data throughput (MB/s)     (no data)
-- outcomes --
  transactions succeeded     count=277  rate=3.041/s
  transactions failed        (no data)
  failed rate                rate=0.00%  (pass=0 fail=277)
    of which TERMINATED      (no data)
    of which TIMED OUT       (no data)
    of which HTTP-FAILED     (no data)
  failure accounting       (no failures)
-- observer effect (poll load) --
  negotiation polls          (no data)
  edr polls                  (no data)
  polls per transaction     negotiation=0.0  edr=0.0  (timeout ceiling=120)
=======================================================
(full summary -> /home/rohitj/edc/benchmarking-factoryx-edc/resources/local-fx-mvd/k6-scripts/results/factoryx/on/catalog-sweep/2026-08-02T15-50-50Z/k6-summary.json; POLL_INTERVAL_MS=250; IDENTITY_MODE=on)

running (1m31.1s), 0/4 VUs, 277 complete and 0 interrupted iterations
catalog ✓ [ 100% ] 4 VUs  1m30s
Prometheus snapshot [1785685917..1785686023] svc=(provider-controlplane|provider-dataplane|consumer-controlplane|consumer-dataplane) win=1m -> /home/rohitj/edc/benchmarking-factoryx-edc/resources/local-fx-mvd/k6-scripts/results/factoryx/on/catalog-sweep/2026-08-02T15-50-50Z
  jvm-heap.csv (88 rows)
  jvm-gc-rate.csv (88 rows)
  jvm-threads.csv (88 rows)
  http-throughput.csv (88 rows)
  http-p95.csv (88 rows)
  http-errors.csv (44 rows)
  http-errors-5xx.csv (0 rows)
  http-status.csv (44 rows)
  host-cpu-busy.csv (22 rows)
  host-mem-used.csv (22 rows)
  5xx: no 5xx in window (confirmed: http-status has 44 samples, so the status label IS scraped)
  logs -> /home/rohitj/edc/benchmarking-factoryx-edc/resources/local-fx-mvd/k6-scripts/results/factoryx/on/catalog-sweep/2026-08-02T15-50-50Z/logs (4 files)
    consumer-controlplane.log:0
    consumer-dataplane.log:0
    provider-controlplane.log:0
    provider-dataplane.log:0
VALIDITY  ok=277  failed=0  failed_rate=0%  dropped_iterations=0
>>> done: /home/rohitj/edc/benchmarking-factoryx-edc/resources/local-fx-mvd/k6-scripts/results/factoryx/on/catalog-sweep/2026-08-02T15-50-50Z  (k6 exit 0)
>>> factoryx / catalog-sweep  ->  /home/rohitj/edc/benchmarking-factoryx-edc/resources/local-fx-mvd/k6-scripts/results/factoryx/on/catalog-sweep/2026-08-02T15-53-44Z
parity OK: lib/ + scenarios/ + orchestration/ + tools/ identical to /home/rohitj/edc/benchmarking-factoryx-edc/resources/local-fx-mvd/k6-scripts
Health: http://localhost:29010/management + prometheus  OK
Warmup 60s @ 2/s (discarded)
k6 -> Prometheus remote-write: http://localhost:9090/api/v1/write

         /\      Grafana   /‾‾/  
    /\  /  \     |\  __   /  /   
   /  \/    \    | |/ /  /   ‾‾\ 
  /          \   |   (  |  (‾)  |
 / __________ \  |_|\_\  \_____/ 


     execution: local
        script: /home/rohitj/edc/benchmarking-factoryx-edc/resources/local-fx-mvd/k6-scripts/scenarios/catalog-sweep.js
        output: Prometheus remote write (http://localhost:9090/api/v1/write)

     scenarios: (100.00%) 1 scenario, 4 max VUs, 2m0s max duration (incl. graceful stop):
              * catalog: 4 looping VUs for 1m30s (gracefulStop: 30s)


running (0m01.0s), 4/4 VUs, 0 complete and 0 interrupted iterations
catalog   [   1% ] 4 VUs  0m01.0s/1m30s

running (0m02.0s), 4/4 VUs, 4 complete and 0 interrupted iterations
catalog   [   2% ] 4 VUs  0m02.0s/1m30s

running (0m03.0s), 4/4 VUs, 5 complete and 0 interrupted iterations
catalog   [   3% ] 4 VUs  0m03.0s/1m30s

running (0m04.0s), 4/4 VUs, 8 complete and 0 interrupted iterations
catalog   [   4% ] 4 VUs  0m04.0s/1m30s

running (0m05.0s), 4/4 VUs, 12 complete and 0 interrupted iterations
catalog   [   6% ] 4 VUs  0m05.0s/1m30s

running (0m06.0s), 4/4 VUs, 16 complete and 0 interrupted iterations
catalog   [   7% ] 4 VUs  0m06.0s/1m30s

running (0m07.0s), 4/4 VUs, 19 complete and 0 interrupted iterations
catalog   [   8% ] 4 VUs  0m07.0s/1m30s

running (0m08.0s), 4/4 VUs, 23 complete and 0 interrupted iterations
catalog   [   9% ] 4 VUs  0m08.0s/1m30s

running (0m09.0s), 4/4 VUs, 26 complete and 0 interrupted iterations
catalog   [  10% ] 4 VUs  0m09.0s/1m30s

running (0m10.0s), 4/4 VUs, 28 complete and 0 interrupted iterations
catalog   [  11% ] 4 VUs  0m10.0s/1m30s

running (0m11.0s), 4/4 VUs, 32 complete and 0 interrupted iterations
catalog   [  12% ] 4 VUs  0m11.0s/1m30s

running (0m12.0s), 4/4 VUs, 36 complete and 0 interrupted iterations
catalog   [  13% ] 4 VUs  0m12.0s/1m30s

running (0m13.0s), 4/4 VUs, 39 complete and 0 interrupted iterations
catalog   [  14% ] 4 VUs  0m13.0s/1m30s

running (0m14.0s), 4/4 VUs, 42 complete and 0 interrupted iterations
catalog   [  16% ] 4 VUs  0m14.0s/1m30s

running (0m15.0s), 4/4 VUs, 46 complete and 0 interrupted iterations
catalog   [  17% ] 4 VUs  0m15.0s/1m30s

running (0m16.0s), 4/4 VUs, 49 complete and 0 interrupted iterations
catalog   [  18% ] 4 VUs  0m16.0s/1m30s

running (0m17.0s), 4/4 VUs, 51 complete and 0 interrupted iterations
catalog   [  19% ] 4 VUs  0m17.0s/1m30s

running (0m18.0s), 4/4 VUs, 55 complete and 0 interrupted iterations
catalog   [  20% ] 4 VUs  0m18.0s/1m30s

running (0m19.0s), 4/4 VUs, 59 complete and 0 interrupted iterations
catalog   [  21% ] 4 VUs  0m19.0s/1m30s

running (0m20.0s), 4/4 VUs, 61 complete and 0 interrupted iterations
catalog   [  22% ] 4 VUs  0m20.0s/1m30s

running (0m21.0s), 4/4 VUs, 63 complete and 0 interrupted iterations
catalog   [  23% ] 4 VUs  0m21.0s/1m30s

running (0m22.0s), 4/4 VUs, 67 complete and 0 interrupted iterations
catalog   [  24% ] 4 VUs  0m22.0s/1m30s

running (0m23.0s), 4/4 VUs, 71 complete and 0 interrupted iterations
catalog   [  26% ] 4 VUs  0m23.0s/1m30s

running (0m24.0s), 4/4 VUs, 73 complete and 0 interrupted iterations
catalog   [  27% ] 4 VUs  0m24.0s/1m30s

running (0m25.0s), 4/4 VUs, 76 complete and 0 interrupted iterations
catalog   [  28% ] 4 VUs  0m25.0s/1m30s

running (0m26.0s), 4/4 VUs, 79 complete and 0 interrupted iterations
catalog   [  29% ] 4 VUs  0m26.0s/1m30s

running (0m27.0s), 4/4 VUs, 82 complete and 0 interrupted iterations
catalog   [  30% ] 4 VUs  0m27.0s/1m30s

running (0m28.0s), 4/4 VUs, 85 complete and 0 interrupted iterations
catalog   [  31% ] 4 VUs  0m28.0s/1m30s

running (0m29.0s), 4/4 VUs, 88 complete and 0 interrupted iterations
catalog   [  32% ] 4 VUs  0m29.0s/1m30s

running (0m30.0s), 4/4 VUs, 91 complete and 0 interrupted iterations
catalog   [  33% ] 4 VUs  0m30.0s/1m30s

running (0m31.0s), 4/4 VUs, 94 complete and 0 interrupted iterations
catalog   [  34% ] 4 VUs  0m31.0s/1m30s

running (0m32.0s), 4/4 VUs, 97 complete and 0 interrupted iterations
catalog   [  36% ] 4 VUs  0m32.0s/1m30s

running (0m33.0s), 4/4 VUs, 101 complete and 0 interrupted iterations
catalog   [  37% ] 4 VUs  0m33.0s/1m30s

running (0m34.0s), 4/4 VUs, 104 complete and 0 interrupted iterations
catalog   [  38% ] 4 VUs  0m34.0s/1m30s

running (0m35.0s), 4/4 VUs, 107 complete and 0 interrupted iterations
catalog   [  39% ] 4 VUs  0m35.0s/1m30s

running (0m36.0s), 4/4 VUs, 110 complete and 0 interrupted iterations
catalog   [  40% ] 4 VUs  0m36.0s/1m30s

running (0m37.0s), 4/4 VUs, 114 complete and 0 interrupted iterations
catalog   [  41% ] 4 VUs  0m37.0s/1m30s

running (0m38.0s), 4/4 VUs, 115 complete and 0 interrupted iterations
catalog   [  42% ] 4 VUs  0m38.0s/1m30s

running (0m39.0s), 4/4 VUs, 119 complete and 0 interrupted iterations
catalog   [  43% ] 4 VUs  0m39.0s/1m30s

running (0m40.0s), 4/4 VUs, 123 complete and 0 interrupted iterations
catalog   [  44% ] 4 VUs  0m40.0s/1m30s

running (0m41.0s), 4/4 VUs, 125 complete and 0 interrupted iterations
catalog   [  46% ] 4 VUs  0m41.0s/1m30s

running (0m42.0s), 4/4 VUs, 127 complete and 0 interrupted iterations
catalog   [  47% ] 4 VUs  0m42.0s/1m30s

running (0m43.0s), 4/4 VUs, 131 complete and 0 interrupted iterations
catalog   [  48% ] 4 VUs  0m43.0s/1m30s

running (0m44.0s), 4/4 VUs, 134 complete and 0 interrupted iterations
catalog   [  49% ] 4 VUs  0m44.0s/1m30s

running (0m45.0s), 4/4 VUs, 138 complete and 0 interrupted iterations
catalog   [  50% ] 4 VUs  0m45.0s/1m30s

running (0m46.0s), 4/4 VUs, 140 complete and 0 interrupted iterations
catalog   [  51% ] 4 VUs  0m46.0s/1m30s

running (0m47.0s), 4/4 VUs, 144 complete and 0 interrupted iterations
catalog   [  52% ] 4 VUs  0m47.0s/1m30s

running (0m48.0s), 4/4 VUs, 147 complete and 0 interrupted iterations
catalog   [  53% ] 4 VUs  0m48.0s/1m30s

running (0m49.0s), 4/4 VUs, 150 complete and 0 interrupted iterations
catalog   [  54% ] 4 VUs  0m49.0s/1m30s

running (0m50.0s), 4/4 VUs, 153 complete and 0 interrupted iterations
catalog   [  56% ] 4 VUs  0m50.0s/1m30s

running (0m51.0s), 4/4 VUs, 156 complete and 0 interrupted iterations
catalog   [  57% ] 4 VUs  0m51.0s/1m30s

running (0m52.0s), 4/4 VUs, 160 complete and 0 interrupted iterations
catalog   [  58% ] 4 VUs  0m52.0s/1m30s

running (0m53.0s), 4/4 VUs, 162 complete and 0 interrupted iterations
catalog   [  59% ] 4 VUs  0m53.0s/1m30s

running (0m54.0s), 4/4 VUs, 164 complete and 0 interrupted iterations
catalog   [  60% ] 4 VUs  0m54.0s/1m30s

running (0m55.0s), 4/4 VUs, 168 complete and 0 interrupted iterations
catalog   [  61% ] 4 VUs  0m55.0s/1m30s

running (0m56.0s), 4/4 VUs, 171 complete and 0 interrupted iterations
catalog   [  62% ] 4 VUs  0m56.0s/1m30s

running (0m57.0s), 4/4 VUs, 174 complete and 0 interrupted iterations
catalog   [  63% ] 4 VUs  0m57.0s/1m30s

running (0m58.0s), 4/4 VUs, 178 complete and 0 interrupted iterations
catalog   [  64% ] 4 VUs  0m58.0s/1m30s

running (0m59.0s), 4/4 VUs, 180 complete and 0 interrupted iterations
catalog   [  66% ] 4 VUs  0m59.0s/1m30s

running (1m00.0s), 4/4 VUs, 183 complete and 0 interrupted iterations
catalog   [  67% ] 4 VUs  1m00.0s/1m30s

running (1m01.0s), 4/4 VUs, 186 complete and 0 interrupted iterations
catalog   [  68% ] 4 VUs  1m01.0s/1m30s

running (1m02.0s), 4/4 VUs, 190 complete and 0 interrupted iterations
catalog   [  69% ] 4 VUs  1m02.0s/1m30s

running (1m03.0s), 4/4 VUs, 192 complete and 0 interrupted iterations
catalog   [  70% ] 4 VUs  1m03.0s/1m30s

running (1m04.0s), 4/4 VUs, 196 complete and 0 interrupted iterations
catalog   [  71% ] 4 VUs  1m04.0s/1m30s

running (1m05.0s), 4/4 VUs, 199 complete and 0 interrupted iterations
catalog   [  72% ] 4 VUs  1m05.0s/1m30s

running (1m06.0s), 4/4 VUs, 203 complete and 0 interrupted iterations
catalog   [  73% ] 4 VUs  1m06.0s/1m30s

running (1m07.0s), 4/4 VUs, 204 complete and 0 interrupted iterations
catalog   [  74% ] 4 VUs  1m07.0s/1m30s

running (1m08.0s), 4/4 VUs, 208 complete and 0 interrupted iterations
catalog   [  76% ] 4 VUs  1m08.0s/1m30s

running (1m09.0s), 4/4 VUs, 212 complete and 0 interrupted iterations
catalog   [  77% ] 4 VUs  1m09.0s/1m30s

running (1m10.0s), 4/4 VUs, 215 complete and 0 interrupted iterations
catalog   [  78% ] 4 VUs  1m10.0s/1m30s

running (1m11.0s), 4/4 VUs, 216 complete and 0 interrupted iterations
catalog   [  79% ] 4 VUs  1m11.0s/1m30s

running (1m12.0s), 4/4 VUs, 220 complete and 0 interrupted iterations
catalog   [  80% ] 4 VUs  1m12.0s/1m30s

running (1m13.0s), 4/4 VUs, 224 complete and 0 interrupted iterations
catalog   [  81% ] 4 VUs  1m13.0s/1m30s

running (1m14.0s), 4/4 VUs, 227 complete and 0 interrupted iterations
catalog   [  82% ] 4 VUs  1m14.0s/1m30s

running (1m15.0s), 4/4 VUs, 229 complete and 0 interrupted iterations
catalog   [  83% ] 4 VUs  1m15.0s/1m30s

running (1m16.0s), 4/4 VUs, 233 complete and 0 interrupted iterations
catalog   [  84% ] 4 VUs  1m16.0s/1m30s

running (1m17.0s), 4/4 VUs, 237 complete and 0 interrupted iterations
catalog   [  86% ] 4 VUs  1m17.0s/1m30s

running (1m18.0s), 4/4 VUs, 240 complete and 0 interrupted iterations
catalog   [  87% ] 4 VUs  1m18.0s/1m30s

running (1m19.0s), 4/4 VUs, 241 complete and 0 interrupted iterations
catalog   [  88% ] 4 VUs  1m19.0s/1m30s

running (1m20.0s), 4/4 VUs, 245 complete and 0 interrupted iterations
catalog   [  89% ] 4 VUs  1m20.0s/1m30s

running (1m21.0s), 4/4 VUs, 249 complete and 0 interrupted iterations
catalog   [  90% ] 4 VUs  1m21.0s/1m30s

running (1m22.0s), 4/4 VUs, 252 complete and 0 interrupted iterations
catalog   [  91% ] 4 VUs  1m22.0s/1m30s

running (1m23.0s), 4/4 VUs, 255 complete and 0 interrupted iterations
catalog   [  92% ] 4 VUs  1m23.0s/1m30s

running (1m24.0s), 4/4 VUs, 258 complete and 0 interrupted iterations
catalog   [  93% ] 4 VUs  1m24.0s/1m30s

running (1m25.0s), 4/4 VUs, 262 complete and 0 interrupted iterations
catalog   [  94% ] 4 VUs  1m25.0s/1m30s

running (1m26.0s), 4/4 VUs, 265 complete and 0 interrupted iterations
catalog   [  96% ] 4 VUs  1m26.0s/1m30s

running (1m27.0s), 4/4 VUs, 267 complete and 0 interrupted iterations
catalog   [  97% ] 4 VUs  1m27.0s/1m30s

running (1m28.0s), 4/4 VUs, 271 complete and 0 interrupted iterations
catalog   [  98% ] 4 VUs  1m28.0s/1m30s

running (1m29.0s), 4/4 VUs, 274 complete and 0 interrupted iterations
catalog   [  99% ] 4 VUs  1m29.0s/1m30s

running (1m30.0s), 4/4 VUs, 277 complete and 0 interrupted iterations
catalog   [ 100% ] 4 VUs  1m30.0s/1m30s

running (1m31.0s), 0/4 VUs, 281 complete and 0 interrupted iterations
catalog ✓ [ 100% ] 4 VUs  1m30s

================ DSP benchmark summary ================
-- per-phase latency --
  catalog                    p50=1169.7 ms  p95=1533.6 ms  p99=1651.6 ms  max=1745.1 ms  n=281
  negotiation init (POST)    (no data)
  time-to-AGREED (async)     (no data)
  transfer init (POST)       (no data)
  time-to-EDR (async)        (no data)
  data pull                  (no data)
-- end-to-end + throughput --
  e2e transaction            (no data)
  data throughput (MB/s)     (no data)
-- outcomes --
  transactions succeeded     count=281  rate=3.088/s
  transactions failed        (no data)
  failed rate                rate=0.00%  (pass=0 fail=281)
    of which TERMINATED      (no data)
    of which TIMED OUT       (no data)
    of which HTTP-FAILED     (no data)
  failure accounting       (no failures)
-- observer effect (poll load) --
  negotiation polls          (no data)
  edr polls                  (no data)
  polls per transaction     negotiation=0.0  edr=0.0  (timeout ceiling=120)
=======================================================
(full summary -> /home/rohitj/edc/benchmarking-factoryx-edc/resources/local-fx-mvd/k6-scripts/results/factoryx/on/catalog-sweep/2026-08-02T15-53-44Z/k6-summary.json; POLL_INTERVAL_MS=250; IDENTITY_MODE=on)

running (1m31.0s), 0/4 VUs, 281 complete and 0 interrupted iterations
catalog ✓ [ 100% ] 4 VUs  1m30s
Prometheus snapshot [1785686091..1785686197] svc=(provider-controlplane|provider-dataplane|consumer-controlplane|consumer-dataplane) win=1m -> /home/rohitj/edc/benchmarking-factoryx-edc/resources/local-fx-mvd/k6-scripts/results/factoryx/on/catalog-sweep/2026-08-02T15-53-44Z
  jvm-heap.csv (88 rows)
  jvm-gc-rate.csv (88 rows)
  jvm-threads.csv (88 rows)
  http-throughput.csv (88 rows)
  http-p95.csv (88 rows)
  http-errors.csv (44 rows)
  http-errors-5xx.csv (0 rows)
  http-status.csv (44 rows)
  host-cpu-busy.csv (22 rows)
  host-mem-used.csv (22 rows)
  5xx: no 5xx in window (confirmed: http-status has 44 samples, so the status label IS scraped)
  logs -> /home/rohitj/edc/benchmarking-factoryx-edc/resources/local-fx-mvd/k6-scripts/results/factoryx/on/catalog-sweep/2026-08-02T15-53-44Z/logs (4 files)
    consumer-controlplane.log:0
    consumer-dataplane.log:0
    provider-controlplane.log:0
    provider-dataplane.log:0
VALIDITY  ok=281  failed=0  failed_rate=0%  dropped_iterations=0
>>> done: /home/rohitj/edc/benchmarking-factoryx-edc/resources/local-fx-mvd/k6-scripts/results/factoryx/on/catalog-sweep/2026-08-02T15-53-44Z  (k6 exit 0)
>>> factoryx / catalog-sweep  ->  /home/rohitj/edc/benchmarking-factoryx-edc/resources/local-fx-mvd/k6-scripts/results/factoryx/on/catalog-sweep/2026-08-02T15-56-38Z
parity OK: lib/ + scenarios/ + orchestration/ + tools/ identical to /home/rohitj/edc/benchmarking-factoryx-edc/resources/local-fx-mvd/k6-scripts
Health: http://localhost:29010/management + prometheus  OK
Warmup 60s @ 2/s (discarded)
k6 -> Prometheus remote-write: http://localhost:9090/api/v1/write

         /\      Grafana   /‾‾/  
    /\  /  \     |\  __   /  /   
   /  \/    \    | |/ /  /   ‾‾\ 
  /          \   |   (  |  (‾)  |
 / __________ \  |_|\_\  \_____/ 


     execution: local
        script: /home/rohitj/edc/benchmarking-factoryx-edc/resources/local-fx-mvd/k6-scripts/scenarios/catalog-sweep.js
        output: Prometheus remote write (http://localhost:9090/api/v1/write)

     scenarios: (100.00%) 1 scenario, 4 max VUs, 2m0s max duration (incl. graceful stop):
              * catalog: 4 looping VUs for 1m30s (gracefulStop: 30s)


running (0m01.0s), 4/4 VUs, 0 complete and 0 interrupted iterations
catalog   [   1% ] 4 VUs  0m00.8s/1m30s

running (0m02.0s), 4/4 VUs, 4 complete and 0 interrupted iterations
catalog   [   2% ] 4 VUs  0m01.8s/1m30s

running (0m03.0s), 4/4 VUs, 8 complete and 0 interrupted iterations
catalog   [   3% ] 4 VUs  0m02.8s/1m30s

running (0m04.0s), 4/4 VUs, 8 complete and 0 interrupted iterations
catalog   [   4% ] 4 VUs  0m03.8s/1m30s

running (0m05.0s), 4/4 VUs, 12 complete and 0 interrupted iterations
catalog   [   5% ] 4 VUs  0m04.8s/1m30s

running (0m06.0s), 4/4 VUs, 16 complete and 0 interrupted iterations
catalog   [   6% ] 4 VUs  0m05.8s/1m30s

running (0m07.0s), 4/4 VUs, 18 complete and 0 interrupted iterations
catalog   [   8% ] 4 VUs  0m06.8s/1m30s

running (0m08.0s), 4/4 VUs, 20 complete and 0 interrupted iterations
catalog   [   9% ] 4 VUs  0m07.8s/1m30s

running (0m09.0s), 4/4 VUs, 24 complete and 0 interrupted iterations
catalog   [  10% ] 4 VUs  0m08.8s/1m30s

running (0m10.0s), 4/4 VUs, 28 complete and 0 interrupted iterations
catalog   [  11% ] 4 VUs  0m09.8s/1m30s

running (0m11.0s), 4/4 VUs, 30 complete and 0 interrupted iterations
catalog   [  12% ] 4 VUs  0m10.8s/1m30s

running (0m12.0s), 4/4 VUs, 33 complete and 0 interrupted iterations
catalog   [  13% ] 4 VUs  0m11.8s/1m30s

running (0m13.0s), 4/4 VUs, 37 complete and 0 interrupted iterations
catalog   [  14% ] 4 VUs  0m12.8s/1m30s

running (0m14.0s), 4/4 VUs, 40 complete and 0 interrupted iterations
catalog   [  15% ] 4 VUs  0m13.8s/1m30s

running (0m15.0s), 4/4 VUs, 43 complete and 0 interrupted iterations
catalog   [  16% ] 4 VUs  0m14.8s/1m30s

running (0m16.0s), 4/4 VUs, 47 complete and 0 interrupted iterations
catalog   [  18% ] 4 VUs  0m15.8s/1m30s

running (0m17.0s), 4/4 VUs, 50 complete and 0 interrupted iterations
catalog   [  19% ] 4 VUs  0m16.8s/1m30s

running (0m18.0s), 4/4 VUs, 53 complete and 0 interrupted iterations
catalog   [  20% ] 4 VUs  0m17.8s/1m30s

running (0m19.0s), 4/4 VUs, 56 complete and 0 interrupted iterations
catalog   [  21% ] 4 VUs  0m18.8s/1m30s

running (0m20.0s), 4/4 VUs, 59 complete and 0 interrupted iterations
catalog   [  22% ] 4 VUs  0m19.8s/1m30s

running (0m21.0s), 4/4 VUs, 62 complete and 0 interrupted iterations
catalog   [  23% ] 4 VUs  0m20.8s/1m30s

running (0m22.0s), 4/4 VUs, 65 complete and 0 interrupted iterations
catalog   [  24% ] 4 VUs  0m21.8s/1m30s

running (0m23.0s), 4/4 VUs, 69 complete and 0 interrupted iterations
catalog   [  25% ] 4 VUs  0m22.8s/1m30s

running (0m24.0s), 4/4 VUs, 71 complete and 0 interrupted iterations
catalog   [  26% ] 4 VUs  0m23.8s/1m30s

running (0m25.0s), 4/4 VUs, 75 complete and 0 interrupted iterations
catalog   [  28% ] 4 VUs  0m24.8s/1m30s

running (0m26.0s), 4/4 VUs, 78 complete and 0 interrupted iterations
catalog   [  29% ] 4 VUs  0m25.8s/1m30s

running (0m27.0s), 4/4 VUs, 80 complete and 0 interrupted iterations
catalog   [  30% ] 4 VUs  0m26.8s/1m30s

running (0m28.0s), 4/4 VUs, 84 complete and 0 interrupted iterations
catalog   [  31% ] 4 VUs  0m27.8s/1m30s

running (0m29.0s), 4/4 VUs, 86 complete and 0 interrupted iterations
catalog   [  32% ] 4 VUs  0m28.8s/1m30s

running (0m30.0s), 4/4 VUs, 90 complete and 0 interrupted iterations
catalog   [  33% ] 4 VUs  0m29.8s/1m30s

running (0m31.0s), 4/4 VUs, 94 complete and 0 interrupted iterations
catalog   [  34% ] 4 VUs  0m30.8s/1m30s

running (0m32.0s), 4/4 VUs, 96 complete and 0 interrupted iterations
catalog   [  35% ] 4 VUs  0m31.8s/1m30s

running (0m33.0s), 4/4 VUs, 98 complete and 0 interrupted iterations
catalog   [  36% ] 4 VUs  0m32.8s/1m30s

running (0m34.0s), 4/4 VUs, 102 complete and 0 interrupted iterations
catalog   [  38% ] 4 VUs  0m33.8s/1m30s

running (0m35.0s), 4/4 VUs, 105 complete and 0 interrupted iterations
catalog   [  39% ] 4 VUs  0m34.8s/1m30s

running (0m36.0s), 4/4 VUs, 108 complete and 0 interrupted iterations
catalog   [  40% ] 4 VUs  0m35.8s/1m30s

running (0m37.0s), 4/4 VUs, 111 complete and 0 interrupted iterations
catalog   [  41% ] 4 VUs  0m36.8s/1m30s

running (0m38.0s), 4/4 VUs, 115 complete and 0 interrupted iterations
catalog   [  42% ] 4 VUs  0m37.8s/1m30s

running (0m39.0s), 4/4 VUs, 119 complete and 0 interrupted iterations
catalog   [  43% ] 4 VUs  0m38.8s/1m30s

running (0m40.0s), 4/4 VUs, 121 complete and 0 interrupted iterations
catalog   [  44% ] 4 VUs  0m39.8s/1m30s

running (0m41.0s), 4/4 VUs, 125 complete and 0 interrupted iterations
catalog   [  45% ] 4 VUs  0m40.8s/1m30s

running (0m42.0s), 4/4 VUs, 127 complete and 0 interrupted iterations
catalog   [  46% ] 4 VUs  0m41.8s/1m30s

running (0m43.0s), 4/4 VUs, 131 complete and 0 interrupted iterations
catalog   [  48% ] 4 VUs  0m42.8s/1m30s

running (0m44.0s), 4/4 VUs, 133 complete and 0 interrupted iterations
catalog   [  49% ] 4 VUs  0m43.8s/1m30s

running (0m45.0s), 4/4 VUs, 137 complete and 0 interrupted iterations
catalog   [  50% ] 4 VUs  0m44.8s/1m30s

running (0m46.0s), 4/4 VUs, 141 complete and 0 interrupted iterations
catalog   [  51% ] 4 VUs  0m45.8s/1m30s

running (0m47.0s), 4/4 VUs, 143 complete and 0 interrupted iterations
catalog   [  52% ] 4 VUs  0m46.8s/1m30s

running (0m48.0s), 4/4 VUs, 147 complete and 0 interrupted iterations
catalog   [  53% ] 4 VUs  0m47.8s/1m30s

running (0m49.0s), 4/4 VUs, 149 complete and 0 interrupted iterations
catalog   [  54% ] 4 VUs  0m48.8s/1m30s

running (0m50.0s), 4/4 VUs, 153 complete and 0 interrupted iterations
catalog   [  55% ] 4 VUs  0m49.8s/1m30s

running (0m51.0s), 4/4 VUs, 157 complete and 0 interrupted iterations
catalog   [  56% ] 4 VUs  0m50.8s/1m30s

running (0m52.0s), 4/4 VUs, 159 complete and 0 interrupted iterations
catalog   [  58% ] 4 VUs  0m51.8s/1m30s

running (0m53.0s), 4/4 VUs, 163 complete and 0 interrupted iterations
catalog   [  59% ] 4 VUs  0m52.8s/1m30s

running (0m54.0s), 4/4 VUs, 165 complete and 0 interrupted iterations
catalog   [  60% ] 4 VUs  0m53.8s/1m30s

running (0m55.0s), 4/4 VUs, 167 complete and 0 interrupted iterations
catalog   [  61% ] 4 VUs  0m54.8s/1m30s

running (0m56.0s), 4/4 VUs, 171 complete and 0 interrupted iterations
catalog   [  62% ] 4 VUs  0m55.8s/1m30s

running (0m57.0s), 4/4 VUs, 174 complete and 0 interrupted iterations
catalog   [  63% ] 4 VUs  0m56.8s/1m30s

running (0m58.0s), 4/4 VUs, 177 complete and 0 interrupted iterations
catalog   [  64% ] 4 VUs  0m57.8s/1m30s

running (0m59.0s), 4/4 VUs, 180 complete and 0 interrupted iterations
catalog   [  65% ] 4 VUs  0m58.8s/1m30s

running (1m00.0s), 4/4 VUs, 183 complete and 0 interrupted iterations
catalog   [  66% ] 4 VUs  0m59.8s/1m30s

running (1m01.0s), 4/4 VUs, 186 complete and 0 interrupted iterations
catalog   [  68% ] 4 VUs  1m00.8s/1m30s

running (1m02.0s), 4/4 VUs, 189 complete and 0 interrupted iterations
catalog   [  69% ] 4 VUs  1m01.8s/1m30s

running (1m03.0s), 4/4 VUs, 191 complete and 0 interrupted iterations
catalog   [  70% ] 4 VUs  1m02.8s/1m30s

running (1m04.0s), 4/4 VUs, 195 complete and 0 interrupted iterations
catalog   [  71% ] 4 VUs  1m03.8s/1m30s

running (1m05.0s), 4/4 VUs, 199 complete and 0 interrupted iterations
catalog   [  72% ] 4 VUs  1m04.8s/1m30s

running (1m06.0s), 4/4 VUs, 200 complete and 0 interrupted iterations
catalog   [  73% ] 4 VUs  1m05.8s/1m30s

running (1m07.0s), 4/4 VUs, 203 complete and 0 interrupted iterations
catalog   [  74% ] 4 VUs  1m06.8s/1m30s

running (1m08.0s), 4/4 VUs, 207 complete and 0 interrupted iterations
catalog   [  75% ] 4 VUs  1m07.8s/1m30s

running (1m09.0s), 4/4 VUs, 211 complete and 0 interrupted iterations
catalog   [  76% ] 4 VUs  1m08.8s/1m30s

running (1m10.0s), 4/4 VUs, 213 complete and 0 interrupted iterations
catalog   [  78% ] 4 VUs  1m09.8s/1m30s

running (1m11.0s), 4/4 VUs, 216 complete and 0 interrupted iterations
catalog   [  79% ] 4 VUs  1m10.8s/1m30s

running (1m12.0s), 4/4 VUs, 220 complete and 0 interrupted iterations
catalog   [  80% ] 4 VUs  1m11.8s/1m30s

running (1m13.0s), 4/4 VUs, 223 complete and 0 interrupted iterations
catalog   [  81% ] 4 VUs  1m12.8s/1m30s

running (1m14.0s), 4/4 VUs, 225 complete and 0 interrupted iterations
catalog   [  82% ] 4 VUs  1m13.8s/1m30s

running (1m15.0s), 4/4 VUs, 229 complete and 0 interrupted iterations
catalog   [  83% ] 4 VUs  1m14.8s/1m30s

running (1m16.0s), 4/4 VUs, 233 complete and 0 interrupted iterations
catalog   [  84% ] 4 VUs  1m15.8s/1m30s

running (1m17.0s), 4/4 VUs, 237 complete and 0 interrupted iterations
catalog   [  85% ] 4 VUs  1m16.8s/1m30s

running (1m18.0s), 4/4 VUs, 240 complete and 0 interrupted iterations
catalog   [  86% ] 4 VUs  1m17.8s/1m30s

running (1m19.0s), 4/4 VUs, 242 complete and 0 interrupted iterations
catalog   [  88% ] 4 VUs  1m18.8s/1m30s

running (1m20.0s), 4/4 VUs, 246 complete and 0 interrupted iterations
catalog   [  89% ] 4 VUs  1m19.8s/1m30s

running (1m21.0s), 4/4 VUs, 249 complete and 0 interrupted iterations
catalog   [  90% ] 4 VUs  1m20.8s/1m30s

running (1m22.0s), 4/4 VUs, 252 complete and 0 interrupted iterations
catalog   [  91% ] 4 VUs  1m21.8s/1m30s

running (1m23.0s), 4/4 VUs, 255 complete and 0 interrupted iterations
catalog   [  92% ] 4 VUs  1m22.8s/1m30s

running (1m24.0s), 4/4 VUs, 257 complete and 0 interrupted iterations
catalog   [  93% ] 4 VUs  1m23.8s/1m30s

running (1m25.0s), 4/4 VUs, 261 complete and 0 interrupted iterations
catalog   [  94% ] 4 VUs  1m24.8s/1m30s

running (1m26.0s), 4/4 VUs, 263 complete and 0 interrupted iterations
catalog   [  95% ] 4 VUs  1m25.8s/1m30s

running (1m27.0s), 4/4 VUs, 267 complete and 0 interrupted iterations
catalog   [  96% ] 4 VUs  1m26.8s/1m30s

running (1m28.0s), 4/4 VUs, 270 complete and 0 interrupted iterations
catalog   [  98% ] 4 VUs  1m27.8s/1m30s

running (1m29.0s), 4/4 VUs, 273 complete and 0 interrupted iterations
catalog   [  99% ] 4 VUs  1m28.8s/1m30s

running (1m30.0s), 4/4 VUs, 275 complete and 0 interrupted iterations
catalog   [ 100% ] 4 VUs  1m29.8s/1m30s

running (1m31.0s), 2/4 VUs, 279 complete and 0 interrupted iterations
catalog ↓ [ 100% ] 4 VUs  1m30s

================ DSP benchmark summary ================
-- per-phase latency --
  catalog                    p50=1177.2 ms  p95=1512.0 ms  p99=1599.8 ms  max=1681.2 ms  n=281
  negotiation init (POST)    (no data)
  time-to-AGREED (async)     (no data)
  transfer init (POST)       (no data)
  time-to-EDR (async)        (no data)
  data pull                  (no data)
-- end-to-end + throughput --
  e2e transaction            (no data)
  data throughput (MB/s)     (no data)
-- outcomes --
  transactions succeeded     count=281  rate=3.079/s
  transactions failed        (no data)
  failed rate                rate=0.00%  (pass=0 fail=281)
    of which TERMINATED      (no data)
    of which TIMED OUT       (no data)
    of which HTTP-FAILED     (no data)
  failure accounting       (no failures)
-- observer effect (poll load) --
  negotiation polls          (no data)
  edr polls                  (no data)
  polls per transaction     negotiation=0.0  edr=0.0  (timeout ceiling=120)
=======================================================
(full summary -> /home/rohitj/edc/benchmarking-factoryx-edc/resources/local-fx-mvd/k6-scripts/results/factoryx/on/catalog-sweep/2026-08-02T15-56-38Z/k6-summary.json; POLL_INTERVAL_MS=250; IDENTITY_MODE=on)

running (1m31.3s), 0/4 VUs, 281 complete and 0 interrupted iterations
catalog ✓ [ 100% ] 4 VUs  1m30s
Prometheus snapshot [1785686264..1785686371] svc=(provider-controlplane|provider-dataplane|consumer-controlplane|consumer-dataplane) win=1m -> /home/rohitj/edc/benchmarking-factoryx-edc/resources/local-fx-mvd/k6-scripts/results/factoryx/on/catalog-sweep/2026-08-02T15-56-38Z
  jvm-heap.csv (88 rows)
  jvm-gc-rate.csv (88 rows)
  jvm-threads.csv (88 rows)
  http-throughput.csv (88 rows)
  http-p95.csv (88 rows)
  http-errors.csv (44 rows)
  http-errors-5xx.csv (0 rows)
  http-status.csv (44 rows)
  host-cpu-busy.csv (22 rows)
  host-mem-used.csv (22 rows)
  5xx: no 5xx in window (confirmed: http-status has 44 samples, so the status label IS scraped)
  logs -> /home/rohitj/edc/benchmarking-factoryx-edc/resources/local-fx-mvd/k6-scripts/results/factoryx/on/catalog-sweep/2026-08-02T15-56-38Z/logs (4 files)
    consumer-controlplane.log:0
    consumer-dataplane.log:0
    provider-controlplane.log:0
    provider-dataplane.log:0
VALIDITY  ok=281  failed=0  failed_rate=0%  dropped_iterations=0
>>> done: /home/rohitj/edc/benchmarking-factoryx-edc/resources/local-fx-mvd/k6-scripts/results/factoryx/on/catalog-sweep/2026-08-02T15-56-38Z  (k6 exit 0)
>>> factoryx / catalog-sweep  ->  /home/rohitj/edc/benchmarking-factoryx-edc/resources/local-fx-mvd/k6-scripts/results/factoryx/on/catalog-sweep/2026-08-02T15-59-32Z
parity OK: lib/ + scenarios/ + orchestration/ + tools/ identical to /home/rohitj/edc/benchmarking-factoryx-edc/resources/local-fx-mvd/k6-scripts
Health: http://localhost:29010/management + prometheus  OK
Warmup 60s @ 2/s (discarded)
k6 -> Prometheus remote-write: http://localhost:9090/api/v1/write

         /\      Grafana   /‾‾/  
    /\  /  \     |\  __   /  /   
   /  \/    \    | |/ /  /   ‾‾\ 
  /          \   |   (  |  (‾)  |
 / __________ \  |_|\_\  \_____/ 


     execution: local
        script: /home/rohitj/edc/benchmarking-factoryx-edc/resources/local-fx-mvd/k6-scripts/scenarios/catalog-sweep.js
        output: Prometheus remote write (http://localhost:9090/api/v1/write)

     scenarios: (100.00%) 1 scenario, 4 max VUs, 2m0s max duration (incl. graceful stop):
              * catalog: 4 looping VUs for 1m30s (gracefulStop: 30s)


Run       [ 100% ] setup()
catalog   [   0% ]

Run       [ 100% ] setup()
catalog   [   0% ]

running (0m03.0s), 4/4 VUs, 0 complete and 0 interrupted iterations
catalog   [   1% ] 4 VUs  0m00.6s/1m30s

running (0m04.0s), 4/4 VUs, 4 complete and 0 interrupted iterations
catalog   [   2% ] 4 VUs  0m01.6s/1m30s

running (0m05.0s), 4/4 VUs, 4 complete and 0 interrupted iterations
catalog   [   3% ] 4 VUs  0m02.6s/1m30s

running (0m06.0s), 4/4 VUs, 8 complete and 0 interrupted iterations
catalog   [   4% ] 4 VUs  0m03.6s/1m30s

running (0m07.0s), 4/4 VUs, 12 complete and 0 interrupted iterations
catalog   [   5% ] 4 VUs  0m04.6s/1m30s

running (0m08.0s), 4/4 VUs, 14 complete and 0 interrupted iterations
catalog   [   6% ] 4 VUs  0m05.6s/1m30s

running (0m09.0s), 4/4 VUs, 18 complete and 0 interrupted iterations
catalog   [   7% ] 4 VUs  0m06.6s/1m30s

running (0m10.0s), 4/4 VUs, 21 complete and 0 interrupted iterations
catalog   [   8% ] 4 VUs  0m07.6s/1m30s

running (0m11.0s), 4/4 VUs, 24 complete and 0 interrupted iterations
catalog   [  10% ] 4 VUs  0m08.6s/1m30s

running (0m12.0s), 4/4 VUs, 28 complete and 0 interrupted iterations
catalog   [  11% ] 4 VUs  0m09.6s/1m30s

running (0m13.0s), 4/4 VUs, 31 complete and 0 interrupted iterations
catalog   [  12% ] 4 VUs  0m10.6s/1m30s

running (0m14.0s), 4/4 VUs, 35 complete and 0 interrupted iterations
catalog   [  13% ] 4 VUs  0m11.6s/1m30s

running (0m15.0s), 4/4 VUs, 36 complete and 0 interrupted iterations
catalog   [  14% ] 4 VUs  0m12.6s/1m30s

running (0m16.0s), 4/4 VUs, 40 complete and 0 interrupted iterations
catalog   [  15% ] 4 VUs  0m13.6s/1m30s

running (0m17.0s), 4/4 VUs, 44 complete and 0 interrupted iterations
catalog   [  16% ] 4 VUs  0m14.6s/1m30s

running (0m18.0s), 4/4 VUs, 47 complete and 0 interrupted iterations
catalog   [  17% ] 4 VUs  0m15.6s/1m30s

running (0m19.0s), 4/4 VUs, 48 complete and 0 interrupted iterations
catalog   [  18% ] 4 VUs  0m16.6s/1m30s

running (0m20.0s), 4/4 VUs, 52 complete and 0 interrupted iterations
catalog   [  20% ] 4 VUs  0m17.6s/1m30s

running (0m21.0s), 4/4 VUs, 56 complete and 0 interrupted iterations
catalog   [  21% ] 4 VUs  0m18.6s/1m30s

running (0m22.0s), 4/4 VUs, 60 complete and 0 interrupted iterations
catalog   [  22% ] 4 VUs  0m19.6s/1m30s

running (0m23.0s), 4/4 VUs, 63 complete and 0 interrupted iterations
catalog   [  23% ] 4 VUs  0m20.6s/1m30s

running (0m24.0s), 4/4 VUs, 65 complete and 0 interrupted iterations
catalog   [  24% ] 4 VUs  0m21.6s/1m30s

running (0m25.0s), 4/4 VUs, 69 complete and 0 interrupted iterations
catalog   [  25% ] 4 VUs  0m22.6s/1m30s

running (0m26.0s), 4/4 VUs, 73 complete and 0 interrupted iterations
catalog   [  26% ] 4 VUs  0m23.6s/1m30s

running (0m27.0s), 4/4 VUs, 75 complete and 0 interrupted iterations
catalog   [  27% ] 4 VUs  0m24.6s/1m30s

running (0m28.0s), 4/4 VUs, 79 complete and 0 interrupted iterations
catalog   [  28% ] 4 VUs  0m25.6s/1m30s

running (0m29.0s), 4/4 VUs, 83 complete and 0 interrupted iterations
catalog   [  30% ] 4 VUs  0m26.6s/1m30s

running (0m30.0s), 4/4 VUs, 85 complete and 0 interrupted iterations
catalog   [  31% ] 4 VUs  0m27.6s/1m30s

running (0m31.0s), 4/4 VUs, 87 complete and 0 interrupted iterations
catalog   [  32% ] 4 VUs  0m28.6s/1m30s

running (0m32.0s), 4/4 VUs, 91 complete and 0 interrupted iterations
catalog   [  33% ] 4 VUs  0m29.6s/1m30s

running (0m33.0s), 4/4 VUs, 95 complete and 0 interrupted iterations
catalog   [  34% ] 4 VUs  0m30.6s/1m30s

running (0m34.0s), 4/4 VUs, 97 complete and 0 interrupted iterations
catalog   [  35% ] 4 VUs  0m31.6s/1m30s

running (0m35.0s), 4/4 VUs, 100 complete and 0 interrupted iterations
catalog   [  36% ] 4 VUs  0m32.6s/1m30s

running (0m36.0s), 4/4 VUs, 103 complete and 0 interrupted iterations
catalog   [  37% ] 4 VUs  0m33.6s/1m30s

running (0m37.0s), 4/4 VUs, 105 complete and 0 interrupted iterations
catalog   [  38% ] 4 VUs  0m34.6s/1m30s

running (0m38.0s), 4/4 VUs, 108 complete and 0 interrupted iterations
catalog   [  40% ] 4 VUs  0m35.6s/1m30s

running (0m39.0s), 4/4 VUs, 111 complete and 0 interrupted iterations
catalog   [  41% ] 4 VUs  0m36.6s/1m30s

running (0m40.0s), 4/4 VUs, 115 complete and 0 interrupted iterations
catalog   [  42% ] 4 VUs  0m37.6s/1m30s

running (0m41.0s), 4/4 VUs, 118 complete and 0 interrupted iterations
catalog   [  43% ] 4 VUs  0m38.6s/1m30s

running (0m42.0s), 4/4 VUs, 121 complete and 0 interrupted iterations
catalog   [  44% ] 4 VUs  0m39.6s/1m30s

running (0m43.0s), 4/4 VUs, 125 complete and 0 interrupted iterations
catalog   [  45% ] 4 VUs  0m40.6s/1m30s

running (0m44.0s), 4/4 VUs, 128 complete and 0 interrupted iterations
catalog   [  46% ] 4 VUs  0m41.6s/1m30s

running (0m45.0s), 4/4 VUs, 131 complete and 0 interrupted iterations
catalog   [  47% ] 4 VUs  0m42.6s/1m30s

running (0m46.0s), 4/4 VUs, 135 complete and 0 interrupted iterations
catalog   [  48% ] 4 VUs  0m43.6s/1m30s

running (0m47.0s), 4/4 VUs, 137 complete and 0 interrupted iterations
catalog   [  50% ] 4 VUs  0m44.6s/1m30s

running (0m48.0s), 4/4 VUs, 141 complete and 0 interrupted iterations
catalog   [  51% ] 4 VUs  0m45.6s/1m30s

running (0m49.0s), 4/4 VUs, 145 complete and 0 interrupted iterations
catalog   [  52% ] 4 VUs  0m46.6s/1m30s

running (0m50.0s), 4/4 VUs, 147 complete and 0 interrupted iterations
catalog   [  53% ] 4 VUs  0m47.6s/1m30s

running (0m51.0s), 4/4 VUs, 151 complete and 0 interrupted iterations
catalog   [  54% ] 4 VUs  0m48.6s/1m30s

running (0m52.0s), 4/4 VUs, 153 complete and 0 interrupted iterations
catalog   [  55% ] 4 VUs  0m49.6s/1m30s

running (0m53.0s), 4/4 VUs, 157 complete and 0 interrupted iterations
catalog   [  56% ] 4 VUs  0m50.6s/1m30s

running (0m54.0s), 4/4 VUs, 161 complete and 0 interrupted iterations
catalog   [  57% ] 4 VUs  0m51.6s/1m30s

running (0m55.0s), 4/4 VUs, 163 complete and 0 interrupted iterations
catalog   [  58% ] 4 VUs  0m52.6s/1m30s

running (0m56.0s), 4/4 VUs, 166 complete and 0 interrupted iterations
catalog   [  60% ] 4 VUs  0m53.6s/1m30s

running (0m57.0s), 4/4 VUs, 169 complete and 0 interrupted iterations
catalog   [  61% ] 4 VUs  0m54.6s/1m30s

running (0m58.0s), 4/4 VUs, 172 complete and 0 interrupted iterations
catalog   [  62% ] 4 VUs  0m55.6s/1m30s

running (0m59.0s), 4/4 VUs, 175 complete and 0 interrupted iterations
catalog   [  63% ] 4 VUs  0m56.6s/1m30s

running (1m00.0s), 4/4 VUs, 178 complete and 0 interrupted iterations
catalog   [  64% ] 4 VUs  0m57.6s/1m30s

running (1m01.0s), 4/4 VUs, 181 complete and 0 interrupted iterations
catalog   [  65% ] 4 VUs  0m58.6s/1m30s

running (1m02.0s), 4/4 VUs, 185 complete and 0 interrupted iterations
catalog   [  66% ] 4 VUs  0m59.6s/1m30s

running (1m03.0s), 4/4 VUs, 187 complete and 0 interrupted iterations
catalog   [  67% ] 4 VUs  1m00.6s/1m30s

running (1m04.0s), 4/4 VUs, 190 complete and 0 interrupted iterations
catalog   [  68% ] 4 VUs  1m01.6s/1m30s

running (1m05.0s), 4/4 VUs, 193 complete and 0 interrupted iterations
catalog   [  70% ] 4 VUs  1m02.6s/1m30s

running (1m06.0s), 4/4 VUs, 197 complete and 0 interrupted iterations
catalog   [  71% ] 4 VUs  1m03.6s/1m30s

running (1m07.0s), 4/4 VUs, 200 complete and 0 interrupted iterations
catalog   [  72% ] 4 VUs  1m04.6s/1m30s

running (1m08.0s), 4/4 VUs, 203 complete and 0 interrupted iterations
catalog   [  73% ] 4 VUs  1m05.6s/1m30s

running (1m09.0s), 4/4 VUs, 206 complete and 0 interrupted iterations
catalog   [  74% ] 4 VUs  1m06.6s/1m30s

running (1m10.0s), 4/4 VUs, 209 complete and 0 interrupted iterations
catalog   [  75% ] 4 VUs  1m07.6s/1m30s

running (1m11.0s), 4/4 VUs, 211 complete and 0 interrupted iterations
catalog   [  76% ] 4 VUs  1m08.6s/1m30s

running (1m12.0s), 4/4 VUs, 215 complete and 0 interrupted iterations
catalog   [  77% ] 4 VUs  1m09.6s/1m30s

running (1m13.0s), 4/4 VUs, 219 complete and 0 interrupted iterations
catalog   [  78% ] 4 VUs  1m10.6s/1m30s

running (1m14.0s), 4/4 VUs, 222 complete and 0 interrupted iterations
catalog   [  80% ] 4 VUs  1m11.6s/1m30s

running (1m15.0s), 4/4 VUs, 225 complete and 0 interrupted iterations
catalog   [  81% ] 4 VUs  1m12.6s/1m30s

running (1m16.0s), 4/4 VUs, 228 complete and 0 interrupted iterations
catalog   [  82% ] 4 VUs  1m13.6s/1m30s

running (1m17.0s), 4/4 VUs, 231 complete and 0 interrupted iterations
catalog   [  83% ] 4 VUs  1m14.6s/1m30s

running (1m18.0s), 4/4 VUs, 233 complete and 0 interrupted iterations
catalog   [  84% ] 4 VUs  1m15.6s/1m30s

running (1m19.0s), 4/4 VUs, 237 complete and 0 interrupted iterations
catalog   [  85% ] 4 VUs  1m16.6s/1m30s

running (1m20.0s), 4/4 VUs, 240 complete and 0 interrupted iterations
catalog   [  86% ] 4 VUs  1m17.6s/1m30s

running (1m21.0s), 4/4 VUs, 243 complete and 0 interrupted iterations
catalog   [  87% ] 4 VUs  1m18.6s/1m30s

running (1m22.0s), 4/4 VUs, 246 complete and 0 interrupted iterations
catalog   [  88% ] 4 VUs  1m19.6s/1m30s

running (1m23.0s), 4/4 VUs, 249 complete and 0 interrupted iterations
catalog   [  90% ] 4 VUs  1m20.6s/1m30s

running (1m24.0s), 4/4 VUs, 253 complete and 0 interrupted iterations
catalog   [  91% ] 4 VUs  1m21.6s/1m30s

running (1m25.0s), 4/4 VUs, 255 complete and 0 interrupted iterations
catalog   [  92% ] 4 VUs  1m22.6s/1m30s

running (1m26.0s), 4/4 VUs, 258 complete and 0 interrupted iterations
catalog   [  93% ] 4 VUs  1m23.6s/1m30s

running (1m27.0s), 4/4 VUs, 262 complete and 0 interrupted iterations
catalog   [  94% ] 4 VUs  1m24.6s/1m30s

running (1m28.0s), 4/4 VUs, 264 complete and 0 interrupted iterations
catalog   [  95% ] 4 VUs  1m25.6s/1m30s

running (1m29.0s), 4/4 VUs, 267 complete and 0 interrupted iterations
catalog   [  96% ] 4 VUs  1m26.6s/1m30s

running (1m30.0s), 4/4 VUs, 270 complete and 0 interrupted iterations
catalog   [  97% ] 4 VUs  1m27.6s/1m30s

running (1m31.0s), 4/4 VUs, 274 complete and 0 interrupted iterations
catalog   [  98% ] 4 VUs  1m28.6s/1m30s

running (1m32.0s), 4/4 VUs, 278 complete and 0 interrupted iterations
catalog   [ 100% ] 4 VUs  1m29.6s/1m30s

running (1m33.0s), 3/4 VUs, 280 complete and 0 interrupted iterations
catalog ↓ [ 100% ] 4 VUs  1m30s

================ DSP benchmark summary ================
-- per-phase latency --
  catalog                    p50=1170.6 ms  p95=1515.8 ms  p99=1608.0 ms  max=1670.5 ms  n=283
  negotiation init (POST)    (no data)
  time-to-AGREED (async)     (no data)
  transfer init (POST)       (no data)
  time-to-EDR (async)        (no data)
  data pull                  (no data)
-- end-to-end + throughput --
  e2e transaction            (no data)
  data throughput (MB/s)     (no data)
-- outcomes --
  transactions succeeded     count=283  rate=3.032/s
  transactions failed        (no data)
  failed rate                rate=0.00%  (pass=0 fail=283)
    of which TERMINATED      (no data)
    of which TIMED OUT       (no data)
    of which HTTP-FAILED     (no data)
  failure accounting       (no failures)
-- observer effect (poll load) --
  negotiation polls          (no data)
  edr polls                  (no data)
  polls per transaction     negotiation=0.0  edr=0.0  (timeout ceiling=120)
=======================================================
(full summary -> /home/rohitj/edc/benchmarking-factoryx-edc/resources/local-fx-mvd/k6-scripts/results/factoryx/on/catalog-sweep/2026-08-02T15-59-32Z/k6-summary.json; POLL_INTERVAL_MS=250; IDENTITY_MODE=on)

running (1m33.3s), 0/4 VUs, 283 complete and 0 interrupted iterations
catalog ✓ [ 100% ] 4 VUs  1m30s
Prometheus snapshot [1785686438..1785686547] svc=(provider-controlplane|provider-dataplane|consumer-controlplane|consumer-dataplane) win=1m -> /home/rohitj/edc/benchmarking-factoryx-edc/resources/local-fx-mvd/k6-scripts/results/factoryx/on/catalog-sweep/2026-08-02T15-59-32Z
  jvm-heap.csv (88 rows)
  jvm-gc-rate.csv (88 rows)
  jvm-threads.csv (88 rows)
  http-throughput.csv (88 rows)
  http-p95.csv (88 rows)
  http-errors.csv (44 rows)
  http-errors-5xx.csv (0 rows)
  http-status.csv (44 rows)
  host-cpu-busy.csv (22 rows)
  host-mem-used.csv (22 rows)
  5xx: no 5xx in window (confirmed: http-status has 44 samples, so the status label IS scraped)
  logs -> /home/rohitj/edc/benchmarking-factoryx-edc/resources/local-fx-mvd/k6-scripts/results/factoryx/on/catalog-sweep/2026-08-02T15-59-32Z/logs (4 files)
    consumer-controlplane.log:0
    consumer-dataplane.log:0
    provider-controlplane.log:0
    provider-dataplane.log:0
VALIDITY  ok=283  failed=0  failed_rate=0%  dropped_iterations=0
>>> done: /home/rohitj/edc/benchmarking-factoryx-edc/resources/local-fx-mvd/k6-scripts/results/factoryx/on/catalog-sweep/2026-08-02T15-59-32Z  (k6 exit 0)
