----- factoryx / saturation-open (rep 1) -----
>>> factoryx / saturation-open  ->  /home/rohitj/edc/benchmarking-factoryx-edc/resources/local-fx-mvd/k6-scripts/results/factoryx/saturation-open/2026-07-31T11-31-42Z
parity OK: lib/ + scenarios/ + orchestration/ + tools/ identical to /home/rohitj/edc/benchmarking-factoryx-edc/resources/local-fx-mvd/k6-scripts
Health: http://localhost:29010/management + prometheus  OK
Warmup 60s @ 2/s (discarded)
k6 -> Prometheus remote-write: http://localhost:9090/api/v1/write

         /\      Grafana   /‾‾/  
    /\  /  \     |\  __   /  /   
   /  \/    \    | |/ /  /   ‾‾\ 
  /          \   |   (  |  (‾)  |
 / __________ \  |_|\_\  \_____/ 


     execution: local
        script: /home/rohitj/edc/benchmarking-factoryx-edc/resources/local-fx-mvd/k6-scripts/scenarios/saturation-open.js
        output: Prometheus remote write (http://localhost:9090/api/v1/write)

     scenarios: (100.00%) 1 scenario, 800 max VUs, 11m0s max duration (incl. graceful stop):
              * saturation: Up to 12.00 iterations/s for 10m30s over 7 stages (maxVUs: 100-800, gracefulStop: 30s)


running (00m01.0s), 000/100 VUs, 0 complete and 0 interrupted iterations
saturation   [   0% ] 000/100 VUs  00m01.0s/10m30s  01.00 iters/s

running (00m02.0s), 001/100 VUs, 0 complete and 0 interrupted iterations
saturation   [   0% ] 001/100 VUs  00m02.0s/10m30s  01.00 iters/s

running (00m03.0s), 002/100 VUs, 0 complete and 0 interrupted iterations
saturation   [   0% ] 002/100 VUs  00m03.0s/10m30s  01.00 iters/s

running (00m04.0s), 003/100 VUs, 0 complete and 0 interrupted iterations
saturation   [   1% ] 003/100 VUs  00m04.0s/10m30s  01.00 iters/s

running (00m05.0s), 004/100 VUs, 0 complete and 0 interrupted iterations
saturation   [   1% ] 004/100 VUs  00m05.0s/10m30s  01.00 iters/s

running (00m06.0s), 005/100 VUs, 0 complete and 0 interrupted iterations
saturation   [   1% ] 005/100 VUs  00m06.0s/10m30s  01.00 iters/s

running (00m07.0s), 006/100 VUs, 0 complete and 0 interrupted iterations
saturation   [   1% ] 006/100 VUs  00m07.0s/10m30s  01.00 iters/s

running (00m08.0s), 006/100 VUs, 1 complete and 0 interrupted iterations
saturation   [   1% ] 006/100 VUs  00m08.0s/10m30s  01.00 iters/s

running (00m09.0s), 004/100 VUs, 4 complete and 0 interrupted iterations
saturation   [   1% ] 004/100 VUs  00m09.0s/10m30s  01.00 iters/s

running (00m10.0s), 005/100 VUs, 4 complete and 0 interrupted iterations
saturation   [   2% ] 005/100 VUs  00m10.0s/10m30s  01.00 iters/s

running (00m11.0s), 005/100 VUs, 5 complete and 0 interrupted iterations
saturation   [   2% ] 005/100 VUs  00m11.0s/10m30s  01.00 iters/s

running (00m12.0s), 004/100 VUs, 7 complete and 0 interrupted iterations
saturation   [   2% ] 004/100 VUs  00m12.0s/10m30s  01.00 iters/s

running (00m13.0s), 003/100 VUs, 9 complete and 0 interrupted iterations
saturation   [   2% ] 003/100 VUs  00m13.0s/10m30s  01.00 iters/s

running (00m14.0s), 003/100 VUs, 10 complete and 0 interrupted iterations
saturation   [   2% ] 003/100 VUs  00m14.0s/10m30s  01.00 iters/s

running (00m15.0s), 004/100 VUs, 10 complete and 0 interrupted iterations
saturation   [   2% ] 004/100 VUs  00m15.0s/10m30s  01.00 iters/s

running (00m16.0s), 004/100 VUs, 11 complete and 0 interrupted iterations
saturation   [   3% ] 004/100 VUs  00m16.0s/10m30s  01.00 iters/s

running (00m17.0s), 004/100 VUs, 12 complete and 0 interrupted iterations
saturation   [   3% ] 004/100 VUs  00m17.0s/10m30s  01.00 iters/s

running (00m18.0s), 005/100 VUs, 12 complete and 0 interrupted iterations
saturation   [   3% ] 005/100 VUs  00m18.0s/10m30s  01.00 iters/s

running (00m19.0s), 006/100 VUs, 12 complete and 0 interrupted iterations
saturation   [   3% ] 006/100 VUs  00m19.0s/10m30s  01.00 iters/s

running (00m20.0s), 004/100 VUs, 15 complete and 0 interrupted iterations
saturation   [   3% ] 004/100 VUs  00m20.0s/10m30s  01.00 iters/s

running (00m21.0s), 005/100 VUs, 15 complete and 0 interrupted iterations
saturation   [   3% ] 005/100 VUs  00m21.0s/10m30s  01.00 iters/s

running (00m22.0s), 006/100 VUs, 15 complete and 0 interrupted iterations
saturation   [   3% ] 006/100 VUs  00m22.0s/10m30s  01.00 iters/s

running (00m23.0s), 005/100 VUs, 17 complete and 0 interrupted iterations
saturation   [   4% ] 005/100 VUs  00m23.0s/10m30s  01.00 iters/s

running (00m24.0s), 003/100 VUs, 20 complete and 0 interrupted iterations
saturation   [   4% ] 003/100 VUs  00m24.0s/10m30s  01.00 iters/s

running (00m25.0s), 004/100 VUs, 20 complete and 0 interrupted iterations
saturation   [   4% ] 004/100 VUs  00m25.0s/10m30s  01.00 iters/s

running (00m26.0s), 004/100 VUs, 21 complete and 0 interrupted iterations
saturation   [   4% ] 004/100 VUs  00m26.0s/10m30s  01.00 iters/s

running (00m27.0s), 004/100 VUs, 22 complete and 0 interrupted iterations
saturation   [   4% ] 004/100 VUs  00m27.0s/10m30s  01.00 iters/s

running (00m28.0s), 004/100 VUs, 23 complete and 0 interrupted iterations
saturation   [   4% ] 004/100 VUs  00m28.0s/10m30s  01.00 iters/s

running (00m29.0s), 005/100 VUs, 23 complete and 0 interrupted iterations
saturation   [   5% ] 005/100 VUs  00m29.0s/10m30s  01.00 iters/s

running (00m30.0s), 004/100 VUs, 25 complete and 0 interrupted iterations
saturation   [   5% ] 004/100 VUs  00m30.0s/10m30s  01.00 iters/s

running (00m31.0s), 004/100 VUs, 26 complete and 0 interrupted iterations
saturation   [   5% ] 004/100 VUs  00m31.0s/10m30s  01.00 iters/s

running (00m32.0s), 004/100 VUs, 27 complete and 0 interrupted iterations
saturation   [   5% ] 004/100 VUs  00m32.0s/10m30s  01.00 iters/s

running (00m33.0s), 004/100 VUs, 28 complete and 0 interrupted iterations
saturation   [   5% ] 004/100 VUs  00m33.0s/10m30s  01.00 iters/s

running (00m34.0s), 005/100 VUs, 28 complete and 0 interrupted iterations
saturation   [   5% ] 005/100 VUs  00m34.0s/10m30s  01.00 iters/s

running (00m35.0s), 005/100 VUs, 29 complete and 0 interrupted iterations
saturation   [   6% ] 005/100 VUs  00m35.0s/10m30s  01.00 iters/s

running (00m36.0s), 005/100 VUs, 30 complete and 0 interrupted iterations
saturation   [   6% ] 005/100 VUs  00m36.0s/10m30s  01.00 iters/s

running (00m37.0s), 004/100 VUs, 32 complete and 0 interrupted iterations
saturation   [   6% ] 004/100 VUs  00m37.0s/10m30s  01.00 iters/s

running (00m38.0s), 004/100 VUs, 33 complete and 0 interrupted iterations
saturation   [   6% ] 004/100 VUs  00m38.0s/10m30s  01.00 iters/s

running (00m39.0s), 005/100 VUs, 33 complete and 0 interrupted iterations
saturation   [   6% ] 005/100 VUs  00m39.0s/10m30s  01.00 iters/s

running (00m40.0s), 005/100 VUs, 34 complete and 0 interrupted iterations
saturation   [   6% ] 005/100 VUs  00m40.0s/10m30s  01.00 iters/s

running (00m41.0s), 005/100 VUs, 35 complete and 0 interrupted iterations
saturation   [   7% ] 005/100 VUs  00m41.0s/10m30s  01.00 iters/s

running (00m42.0s), 004/100 VUs, 37 complete and 0 interrupted iterations
saturation   [   7% ] 004/100 VUs  00m42.0s/10m30s  01.00 iters/s

running (00m43.0s), 004/100 VUs, 38 complete and 0 interrupted iterations
saturation   [   7% ] 004/100 VUs  00m43.0s/10m30s  01.00 iters/s

running (00m44.0s), 004/100 VUs, 39 complete and 0 interrupted iterations
saturation   [   7% ] 004/100 VUs  00m44.0s/10m30s  01.00 iters/s

running (00m45.0s), 004/100 VUs, 40 complete and 0 interrupted iterations
saturation   [   7% ] 004/100 VUs  00m45.0s/10m30s  01.00 iters/s

running (00m46.0s), 005/100 VUs, 40 complete and 0 interrupted iterations
saturation   [   7% ] 005/100 VUs  00m46.0s/10m30s  01.00 iters/s

running (00m47.0s), 004/100 VUs, 42 complete and 0 interrupted iterations
saturation   [   7% ] 004/100 VUs  00m47.0s/10m30s  01.00 iters/s

running (00m48.0s), 004/100 VUs, 43 complete and 0 interrupted iterations
saturation   [   8% ] 004/100 VUs  00m48.0s/10m30s  01.00 iters/s

running (00m49.0s), 004/100 VUs, 44 complete and 0 interrupted iterations
saturation   [   8% ] 004/100 VUs  00m49.0s/10m30s  01.00 iters/s

running (00m50.0s), 004/100 VUs, 45 complete and 0 interrupted iterations
saturation   [   8% ] 004/100 VUs  00m50.0s/10m30s  01.00 iters/s

running (00m51.0s), 005/100 VUs, 45 complete and 0 interrupted iterations
saturation   [   8% ] 005/100 VUs  00m51.0s/10m30s  01.00 iters/s

running (00m52.0s), 004/100 VUs, 47 complete and 0 interrupted iterations
saturation   [   8% ] 004/100 VUs  00m52.0s/10m30s  01.00 iters/s

running (00m53.0s), 004/100 VUs, 48 complete and 0 interrupted iterations
saturation   [   8% ] 004/100 VUs  00m53.0s/10m30s  01.00 iters/s

running (00m54.0s), 004/100 VUs, 49 complete and 0 interrupted iterations
saturation   [   9% ] 004/100 VUs  00m54.0s/10m30s  01.00 iters/s

running (00m55.0s), 003/100 VUs, 51 complete and 0 interrupted iterations
saturation   [   9% ] 003/100 VUs  00m55.0s/10m30s  01.00 iters/s

running (00m56.0s), 003/100 VUs, 52 complete and 0 interrupted iterations
saturation   [   9% ] 003/100 VUs  00m56.0s/10m30s  01.00 iters/s

running (00m57.0s), 004/100 VUs, 52 complete and 0 interrupted iterations
saturation   [   9% ] 004/100 VUs  00m57.0s/10m30s  01.00 iters/s

running (00m58.0s), 004/100 VUs, 53 complete and 0 interrupted iterations
saturation   [   9% ] 004/100 VUs  00m58.0s/10m30s  01.00 iters/s

running (00m59.0s), 004/100 VUs, 54 complete and 0 interrupted iterations
saturation   [   9% ] 004/100 VUs  00m59.0s/10m30s  01.00 iters/s

running (01m00.0s), 005/100 VUs, 54 complete and 0 interrupted iterations
saturation   [  10% ] 005/100 VUs  01m00.0s/10m30s  01.00 iters/s

running (01m01.0s), 005/100 VUs, 55 complete and 0 interrupted iterations
saturation   [  10% ] 005/100 VUs  01m01.0s/10m30s  01.00 iters/s

running (01m02.0s), 004/100 VUs, 57 complete and 0 interrupted iterations
saturation   [  10% ] 004/100 VUs  01m02.0s/10m30s  01.00 iters/s

running (01m03.0s), 004/100 VUs, 58 complete and 0 interrupted iterations
saturation   [  10% ] 004/100 VUs  01m03.0s/10m30s  01.00 iters/s

running (01m04.0s), 004/100 VUs, 59 complete and 0 interrupted iterations
saturation   [  10% ] 004/100 VUs  01m04.0s/10m30s  01.00 iters/s

running (01m05.0s), 004/100 VUs, 60 complete and 0 interrupted iterations
saturation   [  10% ] 004/100 VUs  01m05.0s/10m30s  01.00 iters/s

running (01m06.0s), 005/100 VUs, 60 complete and 0 interrupted iterations
saturation   [  10% ] 005/100 VUs  01m06.0s/10m30s  01.00 iters/s

running (01m07.0s), 004/100 VUs, 62 complete and 0 interrupted iterations
saturation   [  11% ] 004/100 VUs  01m07.0s/10m30s  01.00 iters/s

running (01m08.0s), 004/100 VUs, 63 complete and 0 interrupted iterations
saturation   [  11% ] 004/100 VUs  01m08.0s/10m30s  01.00 iters/s

running (01m09.0s), 004/100 VUs, 64 complete and 0 interrupted iterations
saturation   [  11% ] 004/100 VUs  01m09.0s/10m30s  01.00 iters/s

running (01m10.0s), 005/100 VUs, 64 complete and 0 interrupted iterations
saturation   [  11% ] 005/100 VUs  01m10.0s/10m30s  01.00 iters/s

running (01m11.0s), 004/100 VUs, 66 complete and 0 interrupted iterations
saturation   [  11% ] 004/100 VUs  01m11.0s/10m30s  01.00 iters/s

running (01m12.0s), 004/100 VUs, 67 complete and 0 interrupted iterations
saturation   [  11% ] 004/100 VUs  01m12.0s/10m30s  01.00 iters/s

running (01m13.0s), 004/100 VUs, 68 complete and 0 interrupted iterations
saturation   [  12% ] 004/100 VUs  01m13.0s/10m30s  01.00 iters/s

running (01m14.0s), 004/100 VUs, 69 complete and 0 interrupted iterations
saturation   [  12% ] 004/100 VUs  01m14.0s/10m30s  01.00 iters/s

running (01m15.0s), 004/100 VUs, 70 complete and 0 interrupted iterations
saturation   [  12% ] 004/100 VUs  01m15.0s/10m30s  01.00 iters/s

running (01m16.0s), 005/100 VUs, 70 complete and 0 interrupted iterations
saturation   [  12% ] 005/100 VUs  01m16.0s/10m30s  01.00 iters/s

running (01m17.0s), 005/100 VUs, 71 complete and 0 interrupted iterations
saturation   [  12% ] 005/100 VUs  01m17.0s/10m30s  01.00 iters/s

running (01m18.0s), 003/100 VUs, 74 complete and 0 interrupted iterations
saturation   [  12% ] 003/100 VUs  01m18.0s/10m30s  01.00 iters/s

running (01m19.0s), 004/100 VUs, 74 complete and 0 interrupted iterations
saturation   [  13% ] 004/100 VUs  01m19.0s/10m30s  01.00 iters/s

running (01m20.0s), 004/100 VUs, 75 complete and 0 interrupted iterations
saturation   [  13% ] 004/100 VUs  01m20.0s/10m30s  01.00 iters/s

running (01m21.0s), 004/100 VUs, 76 complete and 0 interrupted iterations
saturation   [  13% ] 004/100 VUs  01m21.0s/10m30s  01.00 iters/s

running (01m22.0s), 004/100 VUs, 77 complete and 0 interrupted iterations
saturation   [  13% ] 004/100 VUs  01m22.0s/10m30s  01.00 iters/s

running (01m23.0s), 004/100 VUs, 78 complete and 0 interrupted iterations
saturation   [  13% ] 004/100 VUs  01m23.0s/10m30s  01.00 iters/s

running (01m24.0s), 004/100 VUs, 79 complete and 0 interrupted iterations
saturation   [  13% ] 004/100 VUs  01m24.0s/10m30s  01.00 iters/s

running (01m25.0s), 004/100 VUs, 80 complete and 0 interrupted iterations
saturation   [  13% ] 004/100 VUs  01m25.0s/10m30s  01.00 iters/s

running (01m26.0s), 004/100 VUs, 81 complete and 0 interrupted iterations
saturation   [  14% ] 004/100 VUs  01m26.0s/10m30s  01.00 iters/s

running (01m27.0s), 004/100 VUs, 82 complete and 0 interrupted iterations
saturation   [  14% ] 004/100 VUs  01m27.0s/10m30s  01.00 iters/s

running (01m28.0s), 005/100 VUs, 82 complete and 0 interrupted iterations
saturation   [  14% ] 005/100 VUs  01m28.0s/10m30s  01.00 iters/s

running (01m29.0s), 004/100 VUs, 84 complete and 0 interrupted iterations
saturation   [  14% ] 004/100 VUs  01m29.0s/10m30s  01.00 iters/s

running (01m30.0s), 004/100 VUs, 85 complete and 0 interrupted iterations
saturation   [  14% ] 004/100 VUs  01m30.0s/10m30s  01.00 iters/s

running (01m31.0s), 004/100 VUs, 86 complete and 0 interrupted iterations
saturation   [  14% ] 004/100 VUs  01m31.0s/10m30s  01.01 iters/s

running (01m32.0s), 004/100 VUs, 87 complete and 0 interrupted iterations
saturation   [  15% ] 004/100 VUs  01m32.0s/10m30s  01.02 iters/s

running (01m33.0s), 005/100 VUs, 88 complete and 0 interrupted iterations
saturation   [  15% ] 005/100 VUs  01m33.0s/10m30s  01.04 iters/s

running (01m34.0s), 004/100 VUs, 90 complete and 0 interrupted iterations
saturation   [  15% ] 004/100 VUs  01m34.0s/10m30s  01.05 iters/s

running (01m35.0s), 005/100 VUs, 90 complete and 0 interrupted iterations
saturation   [  15% ] 005/100 VUs  01m35.0s/10m30s  01.06 iters/s

running (01m36.0s), 005/100 VUs, 91 complete and 0 interrupted iterations
saturation   [  15% ] 005/100 VUs  01m36.0s/10m30s  01.07 iters/s

running (01m37.0s), 005/100 VUs, 92 complete and 0 interrupted iterations
saturation   [  15% ] 005/100 VUs  01m37.0s/10m30s  01.08 iters/s

running (01m38.0s), 006/100 VUs, 92 complete and 0 interrupted iterations
saturation   [  16% ] 006/100 VUs  01m38.0s/10m30s  01.09 iters/s

running (01m39.0s), 006/100 VUs, 93 complete and 0 interrupted iterations
saturation   [  16% ] 006/100 VUs  01m39.0s/10m30s  01.10 iters/s

running (01m40.0s), 004/100 VUs, 96 complete and 0 interrupted iterations
saturation   [  16% ] 004/100 VUs  01m40.0s/10m30s  01.11 iters/s

running (01m41.0s), 005/100 VUs, 96 complete and 0 interrupted iterations
saturation   [  16% ] 005/100 VUs  01m41.0s/10m30s  01.12 iters/s

running (01m42.0s), 005/100 VUs, 97 complete and 0 interrupted iterations
saturation   [  16% ] 005/100 VUs  01m42.0s/10m30s  01.13 iters/s

running (01m43.0s), 004/100 VUs, 99 complete and 0 interrupted iterations
saturation   [  16% ] 004/100 VUs  01m43.0s/10m30s  01.14 iters/s

running (01m44.0s), 005/100 VUs, 100 complete and 0 interrupted iterations
saturation   [  17% ] 005/100 VUs  01m44.0s/10m30s  01.16 iters/s

running (01m45.0s), 005/100 VUs, 101 complete and 0 interrupted iterations
saturation   [  17% ] 005/100 VUs  01m45.0s/10m30s  01.17 iters/s

running (01m46.0s), 006/100 VUs, 101 complete and 0 interrupted iterations
saturation   [  17% ] 006/100 VUs  01m46.0s/10m30s  01.18 iters/s

running (01m47.0s), 005/100 VUs, 103 complete and 0 interrupted iterations
saturation   [  17% ] 005/100 VUs  01m47.0s/10m30s  01.19 iters/s

running (01m48.0s), 005/100 VUs, 104 complete and 0 interrupted iterations
saturation   [  17% ] 005/100 VUs  01m48.0s/10m30s  01.20 iters/s

running (01m49.0s), 005/100 VUs, 105 complete and 0 interrupted iterations
saturation   [  17% ] 005/100 VUs  01m49.0s/10m30s  01.21 iters/s

running (01m50.0s), 007/100 VUs, 105 complete and 0 interrupted iterations
saturation   [  17% ] 007/100 VUs  01m50.0s/10m30s  01.22 iters/s

running (01m51.0s), 005/100 VUs, 108 complete and 0 interrupted iterations
saturation   [  18% ] 005/100 VUs  01m51.0s/10m30s  01.23 iters/s

running (01m52.0s), 006/100 VUs, 108 complete and 0 interrupted iterations
saturation   [  18% ] 006/100 VUs  01m52.0s/10m30s  01.24 iters/s

running (01m53.0s), 005/100 VUs, 110 complete and 0 interrupted iterations
saturation   [  18% ] 005/100 VUs  01m53.0s/10m30s  01.25 iters/s

running (01m54.0s), 006/100 VUs, 111 complete and 0 interrupted iterations
saturation   [  18% ] 006/100 VUs  01m54.0s/10m30s  01.27 iters/s

running (01m55.0s), 006/100 VUs, 112 complete and 0 interrupted iterations
saturation   [  18% ] 006/100 VUs  01m55.0s/10m30s  01.28 iters/s

running (01m56.0s), 006/100 VUs, 113 complete and 0 interrupted iterations
saturation   [  18% ] 006/100 VUs  01m56.0s/10m30s  01.29 iters/s

running (01m57.0s), 006/100 VUs, 114 complete and 0 interrupted iterations
saturation   [  19% ] 006/100 VUs  01m57.0s/10m30s  01.30 iters/s

running (01m58.0s), 006/100 VUs, 116 complete and 0 interrupted iterations
saturation   [  19% ] 006/100 VUs  01m58.0s/10m30s  01.31 iters/s

running (01m59.0s), 007/100 VUs, 116 complete and 0 interrupted iterations
saturation   [  19% ] 007/100 VUs  01m59.0s/10m30s  01.32 iters/s

running (02m00.0s), 007/100 VUs, 117 complete and 0 interrupted iterations
saturation   [  19% ] 007/100 VUs  02m00.0s/10m30s  01.33 iters/s

running (02m01.0s), 006/100 VUs, 120 complete and 0 interrupted iterations
saturation   [  19% ] 006/100 VUs  02m01.0s/10m30s  01.35 iters/s

running (02m02.0s), 007/100 VUs, 120 complete and 0 interrupted iterations
saturation   [  19% ] 007/100 VUs  02m02.0s/10m30s  01.35 iters/s

running (02m03.0s), 008/100 VUs, 120 complete and 0 interrupted iterations
saturation   [  20% ] 008/100 VUs  02m03.0s/10m30s  01.36 iters/s

running (02m04.0s), 010/100 VUs, 120 complete and 0 interrupted iterations
saturation   [  20% ] 010/100 VUs  02m04.0s/10m30s  01.38 iters/s

running (02m05.0s), 011/100 VUs, 120 complete and 0 interrupted iterations
saturation   [  20% ] 011/100 VUs  02m05.0s/10m30s  01.39 iters/s

running (02m06.0s), 012/100 VUs, 121 complete and 0 interrupted iterations
saturation   [  20% ] 012/100 VUs  02m06.0s/10m30s  01.40 iters/s

running (02m07.0s), 006/100 VUs, 128 complete and 0 interrupted iterations
saturation   [  20% ] 006/100 VUs  02m07.0s/10m30s  01.41 iters/s

running (02m08.0s), 006/100 VUs, 129 complete and 0 interrupted iterations
saturation   [  20% ] 006/100 VUs  02m08.0s/10m30s  01.42 iters/s

running (02m09.0s), 006/100 VUs, 131 complete and 0 interrupted iterations
saturation   [  20% ] 006/100 VUs  02m09.0s/10m30s  01.43 iters/s

running (02m10.0s), 006/100 VUs, 132 complete and 0 interrupted iterations
saturation   [  21% ] 006/100 VUs  02m10.0s/10m30s  01.44 iters/s

running (02m11.0s), 008/100 VUs, 132 complete and 0 interrupted iterations
saturation   [  21% ] 008/100 VUs  02m11.0s/10m30s  01.46 iters/s

running (02m12.0s), 007/100 VUs, 134 complete and 0 interrupted iterations
saturation   [  21% ] 007/100 VUs  02m12.0s/10m30s  01.46 iters/s

running (02m13.0s), 007/100 VUs, 136 complete and 0 interrupted iterations
saturation   [  21% ] 007/100 VUs  02m13.0s/10m30s  01.48 iters/s

running (02m14.0s), 008/100 VUs, 136 complete and 0 interrupted iterations
saturation   [  21% ] 008/100 VUs  02m14.0s/10m30s  01.49 iters/s

running (02m15.0s), 006/100 VUs, 140 complete and 0 interrupted iterations
saturation   [  21% ] 006/100 VUs  02m15.0s/10m30s  01.50 iters/s

running (02m16.0s), 006/100 VUs, 141 complete and 0 interrupted iterations
saturation   [  22% ] 006/100 VUs  02m16.0s/10m30s  01.51 iters/s

running (02m17.0s), 007/100 VUs, 142 complete and 0 interrupted iterations
saturation   [  22% ] 007/100 VUs  02m17.0s/10m30s  01.52 iters/s

running (02m18.0s), 006/100 VUs, 144 complete and 0 interrupted iterations
saturation   [  22% ] 006/100 VUs  02m18.0s/10m30s  01.53 iters/s

running (02m19.0s), 008/100 VUs, 144 complete and 0 interrupted iterations
saturation   [  22% ] 008/100 VUs  02m19.0s/10m30s  01.55 iters/s

running (02m20.0s), 005/100 VUs, 148 complete and 0 interrupted iterations
saturation   [  22% ] 005/100 VUs  02m20.0s/10m30s  01.55 iters/s

running (02m21.0s), 007/100 VUs, 148 complete and 0 interrupted iterations
saturation   [  22% ] 007/100 VUs  02m21.0s/10m30s  01.57 iters/s

running (02m22.0s), 008/100 VUs, 148 complete and 0 interrupted iterations
saturation   [  23% ] 008/100 VUs  02m22.0s/10m30s  01.57 iters/s

running (02m23.0s), 006/100 VUs, 152 complete and 0 interrupted iterations
saturation   [  23% ] 006/100 VUs  02m23.0s/10m30s  01.59 iters/s

running (02m24.0s), 008/100 VUs, 152 complete and 0 interrupted iterations
saturation   [  23% ] 008/100 VUs  02m24.0s/10m30s  01.60 iters/s

running (02m25.0s), 009/100 VUs, 152 complete and 0 interrupted iterations
saturation   [  23% ] 009/100 VUs  02m25.0s/10m30s  01.61 iters/s

running (02m26.0s), 007/100 VUs, 156 complete and 0 interrupted iterations
saturation   [  23% ] 007/100 VUs  02m26.0s/10m30s  01.62 iters/s

running (02m27.0s), 007/100 VUs, 157 complete and 0 interrupted iterations
saturation   [  23% ] 007/100 VUs  02m27.0s/10m30s  01.63 iters/s

running (02m28.0s), 008/100 VUs, 158 complete and 0 interrupted iterations
saturation   [  23% ] 008/100 VUs  02m28.0s/10m30s  01.64 iters/s

running (02m29.0s), 008/100 VUs, 160 complete and 0 interrupted iterations
saturation   [  24% ] 008/100 VUs  02m29.0s/10m30s  01.66 iters/s

running (02m30.0s), 007/100 VUs, 162 complete and 0 interrupted iterations
saturation   [  24% ] 007/100 VUs  02m30.0s/10m30s  01.66 iters/s

running (02m31.0s), 009/100 VUs, 162 complete and 0 interrupted iterations
saturation   [  24% ] 009/100 VUs  02m31.0s/10m30s  01.68 iters/s

running (02m32.0s), 011/100 VUs, 162 complete and 0 interrupted iterations
saturation   [  24% ] 011/100 VUs  02m32.0s/10m30s  01.69 iters/s

running (02m33.0s), 008/100 VUs, 166 complete and 0 interrupted iterations
saturation   [  24% ] 008/100 VUs  02m33.0s/10m30s  01.70 iters/s

running (02m34.0s), 009/100 VUs, 167 complete and 0 interrupted iterations
saturation   [  24% ] 009/100 VUs  02m34.0s/10m30s  01.71 iters/s

running (02m35.0s), 011/100 VUs, 167 complete and 0 interrupted iterations
saturation   [  25% ] 011/100 VUs  02m35.0s/10m30s  01.72 iters/s

running (02m36.0s), 011/100 VUs, 169 complete and 0 interrupted iterations
saturation   [  25% ] 011/100 VUs  02m36.0s/10m30s  01.74 iters/s

running (02m37.0s), 010/100 VUs, 171 complete and 0 interrupted iterations
saturation   [  25% ] 010/100 VUs  02m37.0s/10m30s  01.74 iters/s

running (02m38.0s), 010/100 VUs, 173 complete and 0 interrupted iterations
saturation   [  25% ] 010/100 VUs  02m38.0s/10m30s  01.75 iters/s

running (02m39.0s), 009/100 VUs, 176 complete and 0 interrupted iterations
saturation   [  25% ] 009/100 VUs  02m39.0s/10m30s  01.77 iters/s

running (02m40.0s), 011/100 VUs, 176 complete and 0 interrupted iterations
saturation   [  25% ] 011/100 VUs  02m40.0s/10m30s  01.78 iters/s

running (02m41.0s), 009/100 VUs, 179 complete and 0 interrupted iterations
saturation   [  26% ] 009/100 VUs  02m41.0s/10m30s  01.79 iters/s

running (02m42.0s), 009/100 VUs, 181 complete and 0 interrupted iterations
saturation   [  26% ] 009/100 VUs  02m42.0s/10m30s  01.80 iters/s

running (02m43.0s), 009/100 VUs, 183 complete and 0 interrupted iterations
saturation   [  26% ] 009/100 VUs  02m43.0s/10m30s  01.81 iters/s

running (02m44.0s), 009/100 VUs, 185 complete and 0 interrupted iterations
saturation   [  26% ] 009/100 VUs  02m44.0s/10m30s  01.82 iters/s

running (02m45.0s), 010/100 VUs, 186 complete and 0 interrupted iterations
saturation   [  26% ] 010/100 VUs  02m45.0s/10m30s  01.83 iters/s

running (02m46.0s), 010/100 VUs, 188 complete and 0 interrupted iterations
saturation   [  26% ] 010/100 VUs  02m46.0s/10m30s  01.85 iters/s

running (02m47.0s), 011/100 VUs, 188 complete and 0 interrupted iterations
saturation   [  27% ] 011/100 VUs  02m47.0s/10m30s  01.85 iters/s

running (02m48.0s), 010/100 VUs, 191 complete and 0 interrupted iterations
saturation   [  27% ] 010/100 VUs  02m48.0s/10m30s  01.86 iters/s

running (02m49.0s), 010/100 VUs, 193 complete and 0 interrupted iterations
saturation   [  27% ] 010/100 VUs  02m49.0s/10m30s  01.88 iters/s

running (02m50.0s), 009/100 VUs, 196 complete and 0 interrupted iterations
saturation   [  27% ] 009/100 VUs  02m50.0s/10m30s  01.89 iters/s

running (02m51.0s), 011/100 VUs, 196 complete and 0 interrupted iterations
saturation   [  27% ] 011/100 VUs  02m51.0s/10m30s  01.90 iters/s

running (02m52.0s), 011/100 VUs, 198 complete and 0 interrupted iterations
saturation   [  27% ] 011/100 VUs  02m52.0s/10m30s  01.91 iters/s

running (02m53.0s), 011/100 VUs, 200 complete and 0 interrupted iterations
saturation   [  27% ] 011/100 VUs  02m53.0s/10m30s  01.92 iters/s

running (02m54.0s), 013/100 VUs, 200 complete and 0 interrupted iterations
saturation   [  28% ] 013/100 VUs  02m54.0s/10m30s  01.94 iters/s

running (02m55.0s), 011/100 VUs, 204 complete and 0 interrupted iterations
saturation   [  28% ] 011/100 VUs  02m55.0s/10m30s  01.95 iters/s

running (02m56.0s), 011/100 VUs, 206 complete and 0 interrupted iterations
saturation   [  28% ] 011/100 VUs  02m56.0s/10m30s  01.96 iters/s

running (02m57.0s), 010/100 VUs, 208 complete and 0 interrupted iterations
saturation   [  28% ] 010/100 VUs  02m57.0s/10m30s  01.96 iters/s

running (02m58.0s), 012/100 VUs, 208 complete and 0 interrupted iterations
saturation   [  28% ] 012/100 VUs  02m58.0s/10m30s  01.97 iters/s

running (02m59.0s), 011/100 VUs, 211 complete and 0 interrupted iterations
saturation   [  28% ] 011/100 VUs  02m59.0s/10m30s  01.99 iters/s

running (03m00.0s), 012/100 VUs, 212 complete and 0 interrupted iterations
saturation   [  29% ] 012/100 VUs  03m00.0s/10m30s  02.00 iters/s

running (03m01.0s), 012/100 VUs, 214 complete and 0 interrupted iterations
saturation   [  29% ] 012/100 VUs  03m01.0s/10m30s  02.01 iters/s

running (03m02.0s), 011/100 VUs, 217 complete and 0 interrupted iterations
saturation   [  29% ] 011/100 VUs  03m02.0s/10m30s  02.02 iters/s

running (03m03.0s), 010/100 VUs, 220 complete and 0 interrupted iterations
saturation   [  29% ] 010/100 VUs  03m03.0s/10m30s  02.03 iters/s

running (03m04.0s), 010/100 VUs, 222 complete and 0 interrupted iterations
saturation   [  29% ] 010/100 VUs  03m04.0s/10m30s  02.04 iters/s

running (03m05.0s), 013/100 VUs, 222 complete and 0 interrupted iterations
saturation   [  29% ] 013/100 VUs  03m05.0s/10m30s  02.06 iters/s

running (03m06.0s), 012/100 VUs, 225 complete and 0 interrupted iterations
saturation   [  30% ] 012/100 VUs  03m06.0s/10m30s  02.07 iters/s

running (03m07.0s), 014/100 VUs, 225 complete and 0 interrupted iterations
saturation   [  30% ] 014/100 VUs  03m07.0s/10m30s  02.08 iters/s

running (03m08.0s), 012/100 VUs, 229 complete and 0 interrupted iterations
saturation   [  30% ] 012/100 VUs  03m08.0s/10m30s  02.09 iters/s

running (03m09.0s), 012/100 VUs, 231 complete and 0 interrupted iterations
saturation   [  30% ] 012/100 VUs  03m09.0s/10m30s  02.10 iters/s

running (03m10.0s), 011/100 VUs, 234 complete and 0 interrupted iterations
saturation   [  30% ] 011/100 VUs  03m10.0s/10m30s  02.11 iters/s

running (03m11.0s), 013/100 VUs, 234 complete and 0 interrupted iterations
saturation   [  30% ] 013/100 VUs  03m11.0s/10m30s  02.12 iters/s

running (03m12.0s), 012/100 VUs, 237 complete and 0 interrupted iterations
saturation   [  30% ] 012/100 VUs  03m12.0s/10m30s  02.13 iters/s

running (03m13.0s), 013/100 VUs, 238 complete and 0 interrupted iterations
saturation   [  31% ] 013/100 VUs  03m13.0s/10m30s  02.14 iters/s

running (03m14.0s), 010/100 VUs, 243 complete and 0 interrupted iterations
saturation   [  31% ] 010/100 VUs  03m14.0s/10m30s  02.15 iters/s

running (03m15.0s), 013/100 VUs, 243 complete and 0 interrupted iterations
saturation   [  31% ] 013/100 VUs  03m15.0s/10m30s  02.17 iters/s

running (03m16.0s), 012/100 VUs, 246 complete and 0 interrupted iterations
saturation   [  31% ] 012/100 VUs  03m16.0s/10m30s  02.18 iters/s

running (03m17.0s), 014/100 VUs, 246 complete and 0 interrupted iterations
saturation   [  31% ] 014/100 VUs  03m17.0s/10m30s  02.19 iters/s

running (03m18.0s), 013/100 VUs, 249 complete and 0 interrupted iterations
saturation   [  31% ] 013/100 VUs  03m18.0s/10m30s  02.20 iters/s

running (03m19.0s), 015/100 VUs, 249 complete and 0 interrupted iterations
saturation   [  32% ] 015/100 VUs  03m19.0s/10m30s  02.21 iters/s

running (03m20.0s), 012/100 VUs, 255 complete and 0 interrupted iterations
saturation   [  32% ] 012/100 VUs  03m20.0s/10m30s  02.22 iters/s

running (03m21.0s), 014/100 VUs, 255 complete and 0 interrupted iterations
saturation   [  32% ] 014/100 VUs  03m21.0s/10m30s  02.23 iters/s

running (03m22.0s), 013/100 VUs, 258 complete and 0 interrupted iterations
saturation   [  32% ] 013/100 VUs  03m22.0s/10m30s  02.24 iters/s

running (03m23.0s), 012/100 VUs, 261 complete and 0 interrupted iterations
saturation   [  32% ] 012/100 VUs  03m23.0s/10m30s  02.25 iters/s

running (03m24.0s), 015/100 VUs, 261 complete and 0 interrupted iterations
saturation   [  32% ] 015/100 VUs  03m24.0s/10m30s  02.27 iters/s

running (03m25.0s), 011/100 VUs, 267 complete and 0 interrupted iterations
saturation   [  33% ] 011/100 VUs  03m25.0s/10m30s  02.28 iters/s

running (03m26.0s), 013/100 VUs, 267 complete and 0 interrupted iterations
saturation   [  33% ] 013/100 VUs  03m26.0s/10m30s  02.29 iters/s

running (03m27.0s), 012/100 VUs, 270 complete and 0 interrupted iterations
saturation   [  33% ] 012/100 VUs  03m27.0s/10m30s  02.30 iters/s

running (03m28.0s), 015/100 VUs, 270 complete and 0 interrupted iterations
saturation   [  33% ] 015/100 VUs  03m28.0s/10m30s  02.31 iters/s

running (03m29.0s), 014/100 VUs, 273 complete and 0 interrupted iterations
saturation   [  33% ] 014/100 VUs  03m29.0s/10m30s  02.32 iters/s

running (03m30.0s), 016/100 VUs, 273 complete and 0 interrupted iterations
saturation   [  33% ] 016/100 VUs  03m30.0s/10m30s  02.33 iters/s

running (03m31.0s), 015/100 VUs, 277 complete and 0 interrupted iterations
saturation   [  33% ] 015/100 VUs  03m31.0s/10m30s  02.35 iters/s

running (03m32.0s), 013/100 VUs, 281 complete and 0 interrupted iterations
saturation   [  34% ] 013/100 VUs  03m32.0s/10m30s  02.35 iters/s

running (03m33.0s), 014/100 VUs, 282 complete and 0 interrupted iterations
saturation   [  34% ] 014/100 VUs  03m33.0s/10m30s  02.36 iters/s

running (03m34.0s), 012/100 VUs, 287 complete and 0 interrupted iterations
saturation   [  34% ] 012/100 VUs  03m34.0s/10m30s  02.38 iters/s

running (03m35.0s), 013/100 VUs, 288 complete and 0 interrupted iterations
saturation   [  34% ] 013/100 VUs  03m35.0s/10m30s  02.39 iters/s

running (03m36.0s), 013/100 VUs, 291 complete and 0 interrupted iterations
saturation   [  34% ] 013/100 VUs  03m36.0s/10m30s  02.40 iters/s

running (03m37.0s), 014/100 VUs, 292 complete and 0 interrupted iterations
saturation   [  34% ] 014/100 VUs  03m37.0s/10m30s  02.41 iters/s

running (03m38.0s), 013/100 VUs, 295 complete and 0 interrupted iterations
saturation   [  35% ] 013/100 VUs  03m38.0s/10m30s  02.42 iters/s

running (03m39.0s), 016/100 VUs, 295 complete and 0 interrupted iterations
saturation   [  35% ] 016/100 VUs  03m39.0s/10m30s  02.43 iters/s

running (03m40.0s), 014/100 VUs, 299 complete and 0 interrupted iterations
saturation   [  35% ] 014/100 VUs  03m40.0s/10m30s  02.44 iters/s

running (03m41.0s), 014/100 VUs, 302 complete and 0 interrupted iterations
saturation   [  35% ] 014/100 VUs  03m41.0s/10m30s  02.46 iters/s

running (03m42.0s), 014/100 VUs, 304 complete and 0 interrupted iterations
saturation   [  35% ] 014/100 VUs  03m42.0s/10m30s  02.47 iters/s

running (03m43.0s), 016/100 VUs, 305 complete and 0 interrupted iterations
saturation   [  35% ] 016/100 VUs  03m43.0s/10m30s  02.48 iters/s

running (03m44.0s), 018/100 VUs, 305 complete and 0 interrupted iterations
saturation   [  36% ] 018/100 VUs  03m44.0s/10m30s  02.49 iters/s

running (03m45.0s), 017/100 VUs, 309 complete and 0 interrupted iterations
saturation   [  36% ] 017/100 VUs  03m45.0s/10m30s  02.50 iters/s

running (03m46.0s), 019/100 VUs, 309 complete and 0 interrupted iterations
saturation   [  36% ] 019/100 VUs  03m46.0s/10m30s  02.51 iters/s

running (03m47.0s), 018/100 VUs, 313 complete and 0 interrupted iterations
saturation   [  36% ] 018/100 VUs  03m47.0s/10m30s  02.52 iters/s

running (03m48.0s), 014/100 VUs, 319 complete and 0 interrupted iterations
saturation   [  36% ] 014/100 VUs  03m48.0s/10m30s  02.53 iters/s

running (03m49.0s), 015/100 VUs, 321 complete and 0 interrupted iterations
saturation   [  36% ] 015/100 VUs  03m49.0s/10m30s  02.55 iters/s

running (03m50.0s), 016/100 VUs, 322 complete and 0 interrupted iterations
saturation   [  37% ] 016/100 VUs  03m50.0s/10m30s  02.55 iters/s

running (03m51.0s), 014/100 VUs, 327 complete and 0 interrupted iterations
saturation   [  37% ] 014/100 VUs  03m51.0s/10m30s  02.57 iters/s

running (03m52.0s), 015/100 VUs, 328 complete and 0 interrupted iterations
saturation   [  37% ] 015/100 VUs  03m52.0s/10m30s  02.58 iters/s

running (03m53.0s), 018/100 VUs, 328 complete and 0 interrupted iterations
saturation   [  37% ] 018/100 VUs  03m53.0s/10m30s  02.59 iters/s

running (03m54.0s), 017/100 VUs, 332 complete and 0 interrupted iterations
saturation   [  37% ] 017/100 VUs  03m54.0s/10m30s  02.60 iters/s

running (03m55.0s), 019/100 VUs, 332 complete and 0 interrupted iterations
saturation   [  37% ] 019/100 VUs  03m55.0s/10m30s  02.61 iters/s

running (03m56.0s), 021/100 VUs, 333 complete and 0 interrupted iterations
saturation   [  37% ] 021/100 VUs  03m56.0s/10m30s  02.62 iters/s

running (03m57.0s), 017/100 VUs, 339 complete and 0 interrupted iterations
saturation   [  38% ] 017/100 VUs  03m57.0s/10m30s  02.63 iters/s

running (03m58.0s), 020/100 VUs, 339 complete and 0 interrupted iterations
saturation   [  38% ] 020/100 VUs  03m58.0s/10m30s  02.64 iters/s

running (03m59.0s), 017/100 VUs, 345 complete and 0 interrupted iterations
saturation   [  38% ] 017/100 VUs  03m59.0s/10m30s  02.66 iters/s

running (04m00.0s), 017/100 VUs, 347 complete and 0 interrupted iterations
saturation   [  38% ] 017/100 VUs  04m00.0s/10m30s  02.66 iters/s

running (04m01.0s), 014/100 VUs, 353 complete and 0 interrupted iterations
saturation   [  38% ] 014/100 VUs  04m01.0s/10m30s  02.68 iters/s

running (04m02.0s), 015/100 VUs, 355 complete and 0 interrupted iterations
saturation   [  38% ] 015/100 VUs  04m02.0s/10m30s  02.69 iters/s

running (04m03.0s), 017/100 VUs, 355 complete and 0 interrupted iterations
saturation   [  39% ] 017/100 VUs  04m03.0s/10m30s  02.70 iters/s

running (04m04.0s), 015/100 VUs, 360 complete and 0 interrupted iterations
saturation   [  39% ] 015/100 VUs  04m04.0s/10m30s  02.71 iters/s

running (04m05.0s), 018/100 VUs, 360 complete and 0 interrupted iterations
saturation   [  39% ] 018/100 VUs  04m05.0s/10m30s  02.72 iters/s

running (04m06.0s), 017/100 VUs, 364 complete and 0 interrupted iterations
saturation   [  39% ] 017/100 VUs  04m06.0s/10m30s  02.73 iters/s

running (04m07.0s), 015/100 VUs, 368 complete and 0 interrupted iterations
saturation   [  39% ] 015/100 VUs  04m07.0s/10m30s  02.74 iters/s

running (04m08.0s), 018/100 VUs, 368 complete and 0 interrupted iterations
saturation   [  39% ] 018/100 VUs  04m08.0s/10m30s  02.75 iters/s

running (04m09.0s), 016/100 VUs, 373 complete and 0 interrupted iterations
saturation   [  40% ] 016/100 VUs  04m09.0s/10m30s  02.77 iters/s

running (04m10.0s), 019/100 VUs, 373 complete and 0 interrupted iterations
saturation   [  40% ] 019/100 VUs  04m10.0s/10m30s  02.78 iters/s

running (04m11.0s), 017/100 VUs, 377 complete and 0 interrupted iterations
saturation   [  40% ] 017/100 VUs  04m11.0s/10m30s  02.79 iters/s

running (04m12.0s), 018/100 VUs, 379 complete and 0 interrupted iterations
saturation   [  40% ] 018/100 VUs  04m12.0s/10m30s  02.80 iters/s

running (04m13.0s), 017/100 VUs, 383 complete and 0 interrupted iterations
saturation   [  40% ] 017/100 VUs  04m13.0s/10m30s  02.81 iters/s

running (04m14.0s), 020/100 VUs, 383 complete and 0 interrupted iterations
saturation   [  40% ] 020/100 VUs  04m14.0s/10m30s  02.82 iters/s

running (04m15.0s), 018/100 VUs, 388 complete and 0 interrupted iterations
saturation   [  40% ] 018/100 VUs  04m15.0s/10m30s  02.83 iters/s

running (04m16.0s), 020/100 VUs, 388 complete and 0 interrupted iterations
saturation   [  41% ] 020/100 VUs  04m16.0s/10m30s  02.84 iters/s

running (04m17.0s), 018/100 VUs, 393 complete and 0 interrupted iterations
saturation   [  41% ] 018/100 VUs  04m17.0s/10m30s  02.85 iters/s

running (04m18.0s), 021/100 VUs, 393 complete and 0 interrupted iterations
saturation   [  41% ] 021/100 VUs  04m18.0s/10m30s  02.87 iters/s

running (04m19.0s), 019/100 VUs, 398 complete and 0 interrupted iterations
saturation   [  41% ] 019/100 VUs  04m19.0s/10m30s  02.88 iters/s

running (04m20.0s), 017/100 VUs, 403 complete and 0 interrupted iterations
saturation   [  41% ] 017/100 VUs  04m20.0s/10m30s  02.89 iters/s

running (04m21.0s), 020/100 VUs, 403 complete and 0 interrupted iterations
saturation   [  41% ] 020/100 VUs  04m21.0s/10m30s  02.90 iters/s

running (04m22.0s), 019/100 VUs, 407 complete and 0 interrupted iterations
saturation   [  42% ] 019/100 VUs  04m22.0s/10m30s  02.91 iters/s

running (04m23.0s), 021/100 VUs, 408 complete and 0 interrupted iterations
saturation   [  42% ] 021/100 VUs  04m23.0s/10m30s  02.92 iters/s

running (04m24.0s), 024/100 VUs, 408 complete and 0 interrupted iterations
saturation   [  42% ] 024/100 VUs  04m24.0s/10m30s  02.93 iters/s

running (04m25.0s), 022/100 VUs, 413 complete and 0 interrupted iterations
saturation   [  42% ] 022/100 VUs  04m25.0s/10m30s  02.95 iters/s

running (04m26.0s), 020/100 VUs, 417 complete and 0 interrupted iterations
saturation   [  42% ] 020/100 VUs  04m26.0s/10m30s  02.95 iters/s

running (04m27.0s), 020/100 VUs, 420 complete and 0 interrupted iterations
saturation   [  42% ] 020/100 VUs  04m27.0s/10m30s  02.96 iters/s

running (04m28.0s), 020/100 VUs, 423 complete and 0 interrupted iterations
saturation   [  43% ] 020/100 VUs  04m28.0s/10m30s  02.98 iters/s

running (04m29.0s), 016/100 VUs, 430 complete and 0 interrupted iterations
saturation   [  43% ] 016/100 VUs  04m29.0s/10m30s  02.99 iters/s

running (04m30.0s), 016/100 VUs, 433 complete and 0 interrupted iterations
saturation   [  43% ] 016/100 VUs  04m30.0s/10m30s  03.00 iters/s

running (04m31.0s), 016/100 VUs, 436 complete and 0 interrupted iterations
saturation   [  43% ] 016/100 VUs  04m31.0s/10m30s  03.02 iters/s

running (04m32.0s), 019/100 VUs, 436 complete and 0 interrupted iterations
saturation   [  43% ] 019/100 VUs  04m32.0s/10m30s  03.04 iters/s

running (04m33.0s), 022/100 VUs, 436 complete and 0 interrupted iterations
saturation   [  43% ] 022/100 VUs  04m33.0s/10m30s  03.06 iters/s

running (04m34.0s), 021/100 VUs, 441 complete and 0 interrupted iterations
saturation   [  43% ] 021/100 VUs  04m34.0s/10m30s  03.09 iters/s

running (04m35.0s), 020/100 VUs, 445 complete and 0 interrupted iterations
saturation   [  44% ] 020/100 VUs  04m35.0s/10m30s  03.11 iters/s

running (04m36.0s), 020/100 VUs, 448 complete and 0 interrupted iterations
saturation   [  44% ] 020/100 VUs  04m36.0s/10m30s  03.13 iters/s

running (04m37.0s), 023/100 VUs, 448 complete and 0 interrupted iterations
saturation   [  44% ] 023/100 VUs  04m37.0s/10m30s  03.16 iters/s

running (04m38.0s), 022/100 VUs, 452 complete and 0 interrupted iterations
saturation   [  44% ] 022/100 VUs  04m38.0s/10m30s  03.18 iters/s

running (04m39.0s), 022/100 VUs, 455 complete and 0 interrupted iterations
saturation   [  44% ] 022/100 VUs  04m39.0s/10m30s  03.20 iters/s

running (04m40.0s), 022/100 VUs, 458 complete and 0 interrupted iterations
saturation   [  44% ] 022/100 VUs  04m40.0s/10m30s  03.22 iters/s

running (04m41.0s), 020/100 VUs, 464 complete and 0 interrupted iterations
saturation   [  45% ] 020/100 VUs  04m41.0s/10m30s  03.25 iters/s

running (04m42.0s), 019/100 VUs, 468 complete and 0 interrupted iterations
saturation   [  45% ] 019/100 VUs  04m42.0s/10m30s  03.27 iters/s

running (04m43.0s), 022/100 VUs, 468 complete and 0 interrupted iterations
saturation   [  45% ] 022/100 VUs  04m43.0s/10m30s  03.29 iters/s

running (04m44.0s), 021/100 VUs, 473 complete and 0 interrupted iterations
saturation   [  45% ] 021/100 VUs  04m44.0s/10m30s  03.31 iters/s

running (04m45.0s), 023/100 VUs, 474 complete and 0 interrupted iterations
saturation   [  45% ] 023/100 VUs  04m45.0s/10m30s  03.33 iters/s

running (04m46.0s), 024/100 VUs, 476 complete and 0 interrupted iterations
saturation   [  45% ] 024/100 VUs  04m46.0s/10m30s  03.35 iters/s

running (04m47.0s), 025/100 VUs, 479 complete and 0 interrupted iterations
saturation   [  46% ] 025/100 VUs  04m47.0s/10m30s  03.38 iters/s

running (04m48.0s), 028/100 VUs, 479 complete and 0 interrupted iterations
saturation   [  46% ] 028/100 VUs  04m48.0s/10m30s  03.40 iters/s

running (04m49.0s), 028/100 VUs, 482 complete and 0 interrupted iterations
saturation   [  46% ] 028/100 VUs  04m49.0s/10m30s  03.42 iters/s

running (04m50.0s), 026/100 VUs, 488 complete and 0 interrupted iterations
saturation   [  46% ] 026/100 VUs  04m50.0s/10m30s  03.44 iters/s

running (04m51.0s), 029/100 VUs, 488 complete and 0 interrupted iterations
saturation   [  46% ] 029/100 VUs  04m51.0s/10m30s  03.46 iters/s

running (04m52.0s), 026/100 VUs, 495 complete and 0 interrupted iterations
saturation   [  46% ] 026/100 VUs  04m52.0s/10m30s  03.49 iters/s

running (04m53.0s), 025/100 VUs, 499 complete and 0 interrupted iterations
saturation   [  47% ] 025/100 VUs  04m53.0s/10m30s  03.51 iters/s

running (04m54.0s), 022/100 VUs, 506 complete and 0 interrupted iterations
saturation   [  47% ] 022/100 VUs  04m54.0s/10m30s  03.53 iters/s

running (04m55.0s), 023/100 VUs, 508 complete and 0 interrupted iterations
saturation   [  47% ] 023/100 VUs  04m55.0s/10m30s  03.55 iters/s

running (04m56.0s), 027/100 VUs, 508 complete and 0 interrupted iterations
saturation   [  47% ] 027/100 VUs  04m56.0s/10m30s  03.58 iters/s

running (04m57.0s), 030/100 VUs, 508 complete and 0 interrupted iterations
saturation   [  47% ] 030/100 VUs  04m57.0s/10m30s  03.60 iters/s

running (04m58.0s), 034/100 VUs, 508 complete and 0 interrupted iterations
saturation   [  47% ] 034/100 VUs  04m58.0s/10m30s  03.62 iters/s

running (04m59.0s), 033/100 VUs, 513 complete and 0 interrupted iterations
saturation   [  47% ] 033/100 VUs  04m59.0s/10m30s  03.65 iters/s

running (05m00.0s), 031/100 VUs, 518 complete and 0 interrupted iterations
saturation   [  48% ] 031/100 VUs  05m00.0s/10m30s  03.66 iters/s

running (05m01.0s), 032/100 VUs, 521 complete and 0 interrupted iterations
saturation   [  48% ] 032/100 VUs  05m01.0s/10m30s  03.69 iters/s

running (05m02.0s), 031/100 VUs, 526 complete and 0 interrupted iterations
saturation   [  48% ] 031/100 VUs  05m02.0s/10m30s  03.71 iters/s

running (05m03.0s), 031/100 VUs, 529 complete and 0 interrupted iterations
saturation   [  48% ] 031/100 VUs  05m03.0s/10m30s  03.73 iters/s

running (05m04.0s), 028/100 VUs, 536 complete and 0 interrupted iterations
saturation   [  48% ] 028/100 VUs  05m04.0s/10m30s  03.75 iters/s

running (05m05.0s), 031/100 VUs, 537 complete and 0 interrupted iterations
saturation   [  48% ] 031/100 VUs  05m05.0s/10m30s  03.78 iters/s

running (05m06.0s), 029/100 VUs, 543 complete and 0 interrupted iterations
saturation   [  49% ] 029/100 VUs  05m06.0s/10m30s  03.80 iters/s

running (05m07.0s), 033/100 VUs, 543 complete and 0 interrupted iterations
saturation   [  49% ] 033/100 VUs  05m07.0s/10m30s  03.82 iters/s

running (05m08.0s), 035/100 VUs, 544 complete and 0 interrupted iterations
saturation   [  49% ] 035/100 VUs  05m08.0s/10m30s  03.84 iters/s

running (05m09.0s), 033/100 VUs, 550 complete and 0 interrupted iterations
saturation   [  49% ] 033/100 VUs  05m09.0s/10m30s  03.86 iters/s

running (05m10.0s), 034/100 VUs, 553 complete and 0 interrupted iterations
saturation   [  49% ] 034/100 VUs  05m10.0s/10m30s  03.89 iters/s

running (05m11.0s), 032/100 VUs, 559 complete and 0 interrupted iterations
saturation   [  49% ] 032/100 VUs  05m11.0s/10m30s  03.91 iters/s

running (05m12.0s), 036/100 VUs, 559 complete and 0 interrupted iterations
saturation   [  50% ] 036/100 VUs  05m12.0s/10m30s  03.93 iters/s

running (05m13.0s), 032/100 VUs, 567 complete and 0 interrupted iterations
saturation   [  50% ] 032/100 VUs  05m13.0s/10m30s  03.96 iters/s

running (05m14.0s), 035/100 VUs, 568 complete and 0 interrupted iterations
saturation   [  50% ] 035/100 VUs  05m14.0s/10m30s  03.98 iters/s

running (05m15.0s), 032/100 VUs, 575 complete and 0 interrupted iterations
saturation   [  50% ] 032/100 VUs  05m15.0s/10m30s  04.00 iters/s

running (05m16.0s), 036/100 VUs, 575 complete and 0 interrupted iterations
saturation   [  50% ] 036/100 VUs  05m16.0s/10m30s  04.02 iters/s

running (05m17.0s), 032/100 VUs, 583 complete and 0 interrupted iterations
saturation   [  50% ] 032/100 VUs  05m17.0s/10m30s  04.04 iters/s

running (05m18.0s), 035/100 VUs, 584 complete and 0 interrupted iterations
saturation   [  50% ] 035/100 VUs  05m18.0s/10m30s  04.07 iters/s

running (05m19.0s), 034/100 VUs, 589 complete and 0 interrupted iterations
saturation   [  51% ] 034/100 VUs  05m19.0s/10m30s  04.09 iters/s

running (05m20.0s), 033/100 VUs, 594 complete and 0 interrupted iterations
saturation   [  51% ] 033/100 VUs  05m20.0s/10m30s  04.11 iters/s

running (05m21.0s), 033/100 VUs, 598 complete and 0 interrupted iterations
saturation   [  51% ] 033/100 VUs  05m21.0s/10m30s  04.13 iters/s

running (05m22.0s), 032/100 VUs, 603 complete and 0 interrupted iterations
saturation   [  51% ] 032/100 VUs  05m22.0s/10m30s  04.15 iters/s

running (05m23.0s), 035/100 VUs, 605 complete and 0 interrupted iterations
saturation   [  51% ] 035/100 VUs  05m23.0s/10m30s  04.18 iters/s

running (05m24.0s), 033/100 VUs, 611 complete and 0 interrupted iterations
saturation   [  51% ] 033/100 VUs  05m24.0s/10m30s  04.20 iters/s

running (05m25.0s), 037/100 VUs, 611 complete and 0 interrupted iterations
saturation   [  52% ] 037/100 VUs  05m25.0s/10m30s  04.22 iters/s

running (05m26.0s), 033/100 VUs, 619 complete and 0 interrupted iterations
saturation   [  52% ] 033/100 VUs  05m26.0s/10m30s  04.24 iters/s

running (05m27.0s), 036/100 VUs, 620 complete and 0 interrupted iterations
saturation   [  52% ] 036/100 VUs  05m27.0s/10m30s  04.26 iters/s

running (05m28.0s), 035/100 VUs, 626 complete and 0 interrupted iterations
saturation   [  52% ] 035/100 VUs  05m28.0s/10m30s  04.29 iters/s

running (05m29.0s), 039/100 VUs, 626 complete and 0 interrupted iterations
saturation   [  52% ] 039/100 VUs  05m29.0s/10m30s  04.31 iters/s

running (05m30.0s), 038/100 VUs, 631 complete and 0 interrupted iterations
saturation   [  52% ] 038/100 VUs  05m30.0s/10m30s  04.33 iters/s

running (05m31.0s), 043/100 VUs, 631 complete and 0 interrupted iterations
saturation   [  53% ] 043/100 VUs  05m31.0s/10m30s  04.36 iters/s

running (05m32.0s), 043/100 VUs, 635 complete and 0 interrupted iterations
saturation   [  53% ] 043/100 VUs  05m32.0s/10m30s  04.38 iters/s

running (05m33.0s), 036/100 VUs, 646 complete and 0 interrupted iterations
saturation   [  53% ] 036/100 VUs  05m33.0s/10m30s  04.40 iters/s

running (05m34.0s), 040/100 VUs, 647 complete and 0 interrupted iterations
saturation   [  53% ] 040/100 VUs  05m34.0s/10m30s  04.42 iters/s

running (05m35.0s), 043/100 VUs, 648 complete and 0 interrupted iterations
saturation   [  53% ] 043/100 VUs  05m35.0s/10m30s  04.44 iters/s

running (05m36.0s), 039/100 VUs, 657 complete and 0 interrupted iterations
saturation   [  53% ] 039/100 VUs  05m36.0s/10m30s  04.47 iters/s

running (05m37.0s), 039/100 VUs, 661 complete and 0 interrupted iterations
saturation   [  53% ] 039/100 VUs  05m37.0s/10m30s  04.49 iters/s

running (05m38.0s), 041/100 VUs, 664 complete and 0 interrupted iterations
saturation   [  54% ] 041/100 VUs  05m38.0s/10m30s  04.51 iters/s

running (05m39.0s), 038/100 VUs, 671 complete and 0 interrupted iterations
saturation   [  54% ] 038/100 VUs  05m39.0s/10m30s  04.53 iters/s

running (05m40.0s), 041/100 VUs, 673 complete and 0 interrupted iterations
saturation   [  54% ] 041/100 VUs  05m40.0s/10m30s  04.56 iters/s

running (05m41.0s), 038/100 VUs, 680 complete and 0 interrupted iterations
saturation   [  54% ] 038/100 VUs  05m41.0s/10m30s  04.58 iters/s

running (05m42.0s), 039/100 VUs, 684 complete and 0 interrupted iterations
saturation   [  54% ] 039/100 VUs  05m42.0s/10m30s  04.60 iters/s

running (05m43.0s), 043/100 VUs, 685 complete and 0 interrupted iterations
saturation   [  54% ] 043/100 VUs  05m43.0s/10m30s  04.62 iters/s

running (05m44.0s), 046/100 VUs, 686 complete and 0 interrupted iterations
saturation   [  55% ] 046/100 VUs  05m44.0s/10m30s  04.64 iters/s

running (05m45.0s), 041/100 VUs, 696 complete and 0 interrupted iterations
saturation   [  55% ] 041/100 VUs  05m45.0s/10m30s  04.67 iters/s

running (05m46.0s), 043/100 VUs, 698 complete and 0 interrupted iterations
saturation   [  55% ] 043/100 VUs  05m46.0s/10m30s  04.69 iters/s

running (05m47.0s), 045/100 VUs, 701 complete and 0 interrupted iterations
saturation   [  55% ] 045/100 VUs  05m47.0s/10m30s  04.71 iters/s

running (05m48.0s), 042/100 VUs, 709 complete and 0 interrupted iterations
saturation   [  55% ] 042/100 VUs  05m48.0s/10m30s  04.73 iters/s

running (05m49.0s), 044/100 VUs, 712 complete and 0 interrupted iterations
saturation   [  55% ] 044/100 VUs  05m49.0s/10m30s  04.76 iters/s

running (05m50.0s), 044/100 VUs, 716 complete and 0 interrupted iterations
saturation   [  56% ] 044/100 VUs  05m50.0s/10m30s  04.77 iters/s

running (05m51.0s), 042/100 VUs, 723 complete and 0 interrupted iterations
saturation   [  56% ] 042/100 VUs  05m51.0s/10m30s  04.80 iters/s

running (05m52.0s), 043/100 VUs, 727 complete and 0 interrupted iterations
saturation   [  56% ] 043/100 VUs  05m52.0s/10m30s  04.82 iters/s

running (05m53.0s), 042/100 VUs, 733 complete and 0 interrupted iterations
saturation   [  56% ] 042/100 VUs  05m53.0s/10m30s  04.84 iters/s

running (05m54.0s), 043/100 VUs, 737 complete and 0 interrupted iterations
saturation   [  56% ] 043/100 VUs  05m54.0s/10m30s  04.87 iters/s

running (05m55.0s), 047/100 VUs, 738 complete and 0 interrupted iterations
saturation   [  56% ] 047/100 VUs  05m55.0s/10m30s  04.89 iters/s

running (05m56.0s), 051/100 VUs, 738 complete and 0 interrupted iterations
saturation   [  57% ] 051/100 VUs  05m56.0s/10m30s  04.91 iters/s

running (05m57.0s), 054/100 VUs, 740 complete and 0 interrupted iterations
saturation   [  57% ] 054/100 VUs  05m57.0s/10m30s  04.93 iters/s

running (05m58.0s), 049/100 VUs, 750 complete and 0 interrupted iterations
saturation   [  57% ] 049/100 VUs  05m58.0s/10m30s  04.95 iters/s

running (05m59.0s), 054/100 VUs, 750 complete and 0 interrupted iterations
saturation   [  57% ] 054/100 VUs  05m59.0s/10m30s  04.98 iters/s

running (06m00.0s), 050/100 VUs, 759 complete and 0 interrupted iterations
saturation   [  57% ] 050/100 VUs  06m00.0s/10m30s  05.00 iters/s

running (06m01.0s), 055/100 VUs, 759 complete and 0 interrupted iterations
saturation   [  57% ] 055/100 VUs  06m01.0s/10m30s  05.03 iters/s

running (06m02.0s), 060/100 VUs, 759 complete and 0 interrupted iterations
saturation   [  57% ] 060/100 VUs  06m02.0s/10m30s  05.06 iters/s

running (06m03.0s), 058/100 VUs, 766 complete and 0 interrupted iterations
saturation   [  58% ] 058/100 VUs  06m03.0s/10m30s  05.10 iters/s

running (06m04.0s), 055/100 VUs, 775 complete and 0 interrupted iterations
saturation   [  58% ] 055/100 VUs  06m04.0s/10m30s  05.13 iters/s

running (06m05.0s), 060/100 VUs, 775 complete and 0 interrupted iterations
saturation   [  58% ] 060/100 VUs  06m05.0s/10m30s  05.17 iters/s

running (06m06.0s), 065/100 VUs, 775 complete and 0 interrupted iterations
saturation   [  58% ] 065/100 VUs  06m06.0s/10m30s  05.20 iters/s

running (06m07.0s), 064/100 VUs, 781 complete and 0 interrupted iterations
saturation   [  58% ] 064/100 VUs  06m07.0s/10m30s  05.23 iters/s

running (06m08.0s), 058/100 VUs, 792 complete and 0 interrupted iterations
saturation   [  58% ] 058/100 VUs  06m08.0s/10m30s  05.26 iters/s

running (06m09.0s), 061/100 VUs, 795 complete and 0 interrupted iterations
saturation   [  59% ] 061/100 VUs  06m09.0s/10m30s  05.30 iters/s

running (06m10.0s), 066/100 VUs, 795 complete and 0 interrupted iterations
saturation   [  59% ] 066/100 VUs  06m10.0s/10m30s  05.33 iters/s

running (06m11.0s), 070/100 VUs, 796 complete and 0 interrupted iterations
saturation   [  59% ] 070/100 VUs  06m11.0s/10m30s  05.36 iters/s

running (06m12.0s), 068/100 VUs, 804 complete and 0 interrupted iterations
saturation   [  59% ] 068/100 VUs  06m12.0s/10m30s  05.40 iters/s

running (06m13.0s), 063/100 VUs, 814 complete and 0 interrupted iterations
saturation   [  59% ] 063/100 VUs  06m13.0s/10m30s  05.43 iters/s

running (06m14.0s), 068/100 VUs, 815 complete and 0 interrupted iterations
saturation   [  59% ] 068/100 VUs  06m14.0s/10m30s  05.47 iters/s

running (06m15.0s), 073/100 VUs, 815 complete and 0 interrupted iterations
saturation   [  60% ] 073/100 VUs  06m15.0s/10m30s  05.50 iters/s

running (06m16.0s), 074/100 VUs, 820 complete and 0 interrupted iterations
saturation   [  60% ] 074/100 VUs  06m16.0s/10m30s  05.53 iters/s

running (06m17.0s), 070/100 VUs, 829 complete and 0 interrupted iterations
saturation   [  60% ] 070/100 VUs  06m17.0s/10m30s  05.56 iters/s

running (06m18.0s), 070/100 VUs, 835 complete and 0 interrupted iterations
saturation   [  60% ] 070/100 VUs  06m18.0s/10m30s  05.60 iters/s

running (06m19.0s), 075/100 VUs, 835 complete and 0 interrupted iterations
saturation   [  60% ] 075/100 VUs  06m19.0s/10m30s  05.63 iters/s

running (06m20.0s), 081/100 VUs, 835 complete and 0 interrupted iterations
saturation   [  60% ] 081/100 VUs  06m20.0s/10m30s  05.67 iters/s

running (06m21.0s), 080/100 VUs, 842 complete and 0 interrupted iterations
saturation   [  60% ] 080/100 VUs  06m21.0s/10m30s  05.70 iters/s

running (06m22.0s), 076/100 VUs, 851 complete and 0 interrupted iterations
saturation   [  61% ] 076/100 VUs  06m22.0s/10m30s  05.73 iters/s

running (06m23.0s), 078/100 VUs, 855 complete and 0 interrupted iterations
saturation   [  61% ] 078/100 VUs  06m23.0s/10m30s  05.76 iters/s

running (06m24.0s), 084/100 VUs, 855 complete and 0 interrupted iterations
saturation   [  61% ] 084/100 VUs  06m24.0s/10m30s  05.80 iters/s

running (06m25.0s), 089/100 VUs, 856 complete and 0 interrupted iterations
saturation   [  61% ] 089/100 VUs  06m25.0s/10m30s  05.83 iters/s

running (06m26.0s), 087/100 VUs, 864 complete and 0 interrupted iterations
saturation   [  61% ] 087/100 VUs  06m26.0s/10m30s  05.87 iters/s

running (06m27.0s), 082/100 VUs, 874 complete and 0 interrupted iterations
saturation   [  61% ] 082/100 VUs  06m27.0s/10m30s  05.90 iters/s

running (06m28.0s), 087/100 VUs, 875 complete and 0 interrupted iterations
saturation   [  62% ] 087/100 VUs  06m28.0s/10m30s  05.93 iters/s

running (06m29.0s), 093/100 VUs, 875 complete and 0 interrupted iterations
saturation   [  62% ] 093/100 VUs  06m29.0s/10m30s  05.96 iters/s

running (06m30.0s), 097/100 VUs, 877 complete and 0 interrupted iterations
saturation   [  62% ] 097/100 VUs  06m30.0s/10m30s  06.00 iters/s

running (06m31.0s), 091/100 VUs, 889 complete and 0 interrupted iterations
saturation   [  62% ] 091/100 VUs  06m31.0s/10m30s  06.03 iters/s

running (06m32.0s), 091/100 VUs, 895 complete and 0 interrupted iterations
saturation   [  62% ] 091/100 VUs  06m32.0s/10m30s  06.06 iters/s

running (06m33.0s), 097/100 VUs, 895 complete and 0 interrupted iterations
saturation   [  62% ] 097/100 VUs  06m33.0s/10m30s  06.10 iters/s

running (06m34.0s), 101/102 VUs, 895 complete and 0 interrupted iterations
saturation   [  63% ] 101/102 VUs  06m34.0s/10m30s  06.13 iters/s

running (06m35.0s), 101/103 VUs, 901 complete and 0 interrupted iterations
saturation   [  63% ] 101/103 VUs  06m35.0s/10m30s  06.17 iters/s

running (06m36.0s), 096/103 VUs, 912 complete and 0 interrupted iterations
saturation   [  63% ] 096/103 VUs  06m36.0s/10m30s  06.20 iters/s

running (06m37.0s), 099/103 VUs, 915 complete and 0 interrupted iterations
saturation   [  63% ] 099/103 VUs  06m37.0s/10m30s  06.23 iters/s

running (06m38.0s), 104/104 VUs, 915 complete and 0 interrupted iterations
saturation   [  63% ] 104/104 VUs  06m38.0s/10m30s  06.26 iters/s

running (06m39.0s), 107/107 VUs, 916 complete and 0 interrupted iterations
saturation   [  63% ] 107/107 VUs  06m39.0s/10m30s  06.30 iters/s

running (06m40.0s), 103/107 VUs, 926 complete and 0 interrupted iterations
saturation   [  63% ] 103/107 VUs  06m40.0s/10m30s  06.33 iters/s

running (06m41.0s), 100/107 VUs, 935 complete and 0 interrupted iterations
saturation   [  64% ] 100/107 VUs  06m41.0s/10m30s  06.36 iters/s

running (06m42.0s), 107/107 VUs, 935 complete and 0 interrupted iterations
saturation   [  64% ] 107/107 VUs  06m42.0s/10m30s  06.40 iters/s

running (06m43.0s), 110/110 VUs, 935 complete and 0 interrupted iterations
saturation   [  64% ] 110/110 VUs  06m43.0s/10m30s  06.43 iters/s

running (06m44.0s), 109/112 VUs, 940 complete and 0 interrupted iterations
saturation   [  64% ] 109/112 VUs  06m44.0s/10m30s  06.46 iters/s

running (06m45.0s), 107/112 VUs, 949 complete and 0 interrupted iterations
saturation   [  64% ] 107/112 VUs  06m45.0s/10m30s  06.50 iters/s

running (06m46.0s), 107/112 VUs, 955 complete and 0 interrupted iterations
saturation   [  64% ] 107/112 VUs  06m46.0s/10m30s  06.53 iters/s

running (06m47.0s), 113/113 VUs, 955 complete and 0 interrupted iterations
saturation   [  65% ] 113/113 VUs  06m47.0s/10m30s  06.57 iters/s

running (06m48.0s), 116/117 VUs, 955 complete and 0 interrupted iterations
saturation   [  65% ] 116/117 VUs  06m48.0s/10m30s  06.60 iters/s

running (06m49.0s), 113/117 VUs, 964 complete and 0 interrupted iterations
saturation   [  65% ] 113/117 VUs  06m49.0s/10m30s  06.63 iters/s

running (06m50.0s), 110/117 VUs, 974 complete and 0 interrupted iterations
saturation   [  65% ] 110/117 VUs  06m50.0s/10m30s  06.67 iters/s

running (06m51.0s), 116/117 VUs, 975 complete and 0 interrupted iterations
saturation   [  65% ] 116/117 VUs  06m51.0s/10m30s  06.70 iters/s

running (06m52.0s), 119/120 VUs, 975 complete and 0 interrupted iterations
saturation   [  65% ] 119/120 VUs  06m52.0s/10m30s  06.73 iters/s

running (06m53.0s), 120/123 VUs, 978 complete and 0 interrupted iterations
saturation   [  66% ] 120/123 VUs  06m53.0s/10m30s  06.77 iters/s

running (06m54.0s), 117/123 VUs, 988 complete and 0 interrupted iterations
saturation   [  66% ] 117/123 VUs  06m54.0s/10m30s  06.80 iters/s

running (06m55.0s), 117/123 VUs, 995 complete and 0 interrupted iterations
saturation   [  66% ] 117/123 VUs  06m55.0s/10m30s  06.83 iters/s

running (06m56.0s), 123/123 VUs, 995 complete and 0 interrupted iterations
saturation   [  66% ] 123/123 VUs  06m56.0s/10m30s  06.86 iters/s

running (06m57.0s), 126/127 VUs, 995 complete and 0 interrupted iterations
saturation   [  66% ] 126/127 VUs  06m57.0s/10m30s  06.90 iters/s

running (06m58.0s), 122/127 VUs, 1006 complete and 0 interrupted iterations
saturation   [  66% ] 122/127 VUs  06m58.0s/10m30s  06.93 iters/s

running (06m59.0s), 121/127 VUs, 1014 complete and 0 interrupted iterations
saturation   [  67% ] 121/127 VUs  06m59.0s/10m30s  06.96 iters/s

running (07m00.0s), 127/127 VUs, 1015 complete and 0 interrupted iterations
saturation   [  67% ] 127/127 VUs  07m00.0s/10m30s  07.00 iters/s

running (07m01.0s), 130/131 VUs, 1015 complete and 0 interrupted iterations
saturation   [  67% ] 130/131 VUs  07m01.0s/10m30s  07.03 iters/s

running (07m02.0s), 130/133 VUs, 1020 complete and 0 interrupted iterations
saturation   [  67% ] 130/133 VUs  07m02.0s/10m30s  07.06 iters/s

running (07m03.0s), 129/133 VUs, 1028 complete and 0 interrupted iterations
saturation   [  67% ] 129/133 VUs  07m03.0s/10m30s  07.10 iters/s

running (07m04.0s), 129/133 VUs, 1035 complete and 0 interrupted iterations
saturation   [  67% ] 129/133 VUs  07m04.0s/10m30s  07.13 iters/s

running (07m05.0s), 135/135 VUs, 1035 complete and 0 interrupted iterations
saturation   [  67% ] 135/135 VUs  07m05.0s/10m30s  07.17 iters/s

running (07m06.0s), 138/139 VUs, 1035 complete and 0 interrupted iterations
saturation   [  68% ] 138/139 VUs  07m06.0s/10m30s  07.20 iters/s

running (07m07.0s), 136/140 VUs, 1043 complete and 0 interrupted iterations
saturation   [  68% ] 136/140 VUs  07m07.0s/10m30s  07.23 iters/s

running (07m08.0s), 136/140 VUs, 1050 complete and 0 interrupted iterations
saturation   [  68% ] 136/140 VUs  07m08.0s/10m30s  07.26 iters/s

running (07m09.0s), 139/140 VUs, 1055 complete and 0 interrupted iterations
saturation   [  68% ] 139/140 VUs  07m09.0s/10m30s  07.30 iters/s

running (07m10.0s), 143/143 VUs, 1055 complete and 0 interrupted iterations
saturation   [  68% ] 143/143 VUs  07m10.0s/10m30s  07.33 iters/s

running (07m11.0s), 146/147 VUs, 1055 complete and 0 interrupted iterations
saturation   [  68% ] 146/147 VUs  07m11.0s/10m30s  07.36 iters/s

running (07m12.0s), 143/147 VUs, 1066 complete and 0 interrupted iterations
saturation   [  69% ] 143/147 VUs  07m12.0s/10m30s  07.40 iters/s

running (07m13.0s), 141/147 VUs, 1075 complete and 0 interrupted iterations
saturation   [  69% ] 141/147 VUs  07m13.0s/10m30s  07.43 iters/s

running (07m14.0s), 147/148 VUs, 1075 complete and 0 interrupted iterations
saturation   [  69% ] 147/148 VUs  07m14.0s/10m30s  07.46 iters/s

running (07m15.0s), 151/152 VUs, 1075 complete and 0 interrupted iterations
saturation   [  69% ] 151/152 VUs  07m15.0s/10m30s  07.50 iters/s

running (07m16.0s), 151/154 VUs, 1080 complete and 0 interrupted iterations
saturation   [  69% ] 151/154 VUs  07m16.0s/10m30s  07.53 iters/s

running (07m17.0s), 148/154 VUs, 1091 complete and 0 interrupted iterations
saturation   [  69% ] 148/154 VUs  07m17.0s/10m30s  07.57 iters/s

running (07m18.0s), 152/154 VUs, 1095 complete and 0 interrupted iterations
saturation   [  70% ] 152/154 VUs  07m18.0s/10m30s  07.60 iters/s

running (07m19.0s), 156/157 VUs, 1095 complete and 0 interrupted iterations
saturation   [  70% ] 156/157 VUs  07m19.0s/10m30s  07.63 iters/s

running (07m20.0s), 157/160 VUs, 1099 complete and 0 interrupted iterations
saturation   [  70% ] 157/160 VUs  07m20.0s/10m30s  07.67 iters/s

running (07m21.0s), 156/160 VUs, 1108 complete and 0 interrupted iterations
saturation   [  70% ] 156/160 VUs  07m21.0s/10m30s  07.70 iters/s

running (07m22.0s), 156/160 VUs, 1115 complete and 0 interrupted iterations
saturation   [  70% ] 156/160 VUs  07m22.0s/10m30s  07.73 iters/s

running (07m23.0s), 162/162 VUs, 1115 complete and 0 interrupted iterations
saturation   [  70% ] 162/162 VUs  07m23.0s/10m30s  07.77 iters/s

running (07m24.0s), 166/166 VUs, 1115 complete and 0 interrupted iterations
saturation   [  70% ] 166/166 VUs  07m24.0s/10m30s  07.80 iters/s

running (07m25.0s), 164/167 VUs, 1124 complete and 0 interrupted iterations
saturation   [  71% ] 164/167 VUs  07m25.0s/10m30s  07.83 iters/s

running (07m26.0s), 161/167 VUs, 1134 complete and 0 interrupted iterations
saturation   [  71% ] 161/167 VUs  07m26.0s/10m30s  07.86 iters/s

running (07m27.0s), 167/168 VUs, 1135 complete and 0 interrupted iterations
saturation   [  71% ] 167/168 VUs  07m27.0s/10m30s  07.90 iters/s

running (07m28.0s), 171/172 VUs, 1135 complete and 0 interrupted iterations
saturation   [  71% ] 171/172 VUs  07m28.0s/10m30s  07.93 iters/s

running (07m29.0s), 175/175 VUs, 1136 complete and 0 interrupted iterations
saturation   [  71% ] 175/175 VUs  07m29.0s/10m30s  07.96 iters/s

running (07m30.0s), 170/176 VUs, 1148 complete and 0 interrupted iterations
saturation   [  71% ] 170/176 VUs  07m30.0s/10m30s  08.00 iters/s

running (07m31.0s), 171/176 VUs, 1155 complete and 0 interrupted iterations
saturation   [  72% ] 171/176 VUs  07m31.0s/10m30s  08.04 iters/s

running (07m32.0s), 177/178 VUs, 1155 complete and 0 interrupted iterations
saturation   [  72% ] 177/178 VUs  07m32.0s/10m30s  08.09 iters/s

running (07m33.0s), 181/182 VUs, 1155 complete and 0 interrupted iterations
saturation   [  72% ] 181/182 VUs  07m33.0s/10m30s  08.13 iters/s

running (07m34.0s), 179/183 VUs, 1164 complete and 0 interrupted iterations
saturation   [  72% ] 179/183 VUs  07m34.0s/10m30s  08.18 iters/s

running (07m35.0s), 179/183 VUs, 1173 complete and 0 interrupted iterations
saturation   [  72% ] 179/183 VUs  07m35.0s/10m30s  08.22 iters/s

running (07m36.0s), 184/184 VUs, 1175 complete and 0 interrupted iterations
saturation   [  72% ] 184/184 VUs  07m36.0s/10m30s  08.27 iters/s

running (07m37.0s), 188/188 VUs, 1175 complete and 0 interrupted iterations
saturation   [  73% ] 188/188 VUs  07m37.0s/10m30s  08.31 iters/s

running (07m38.0s), 191/191 VUs, 1178 complete and 0 interrupted iterations
saturation   [  73% ] 191/191 VUs  07m38.0s/10m30s  08.36 iters/s

running (07m39.0s), 189/192 VUs, 1187 complete and 0 interrupted iterations
saturation   [  73% ] 189/192 VUs  07m39.0s/10m30s  08.40 iters/s

running (07m40.0s), 189/192 VUs, 1195 complete and 0 interrupted iterations
saturation   [  73% ] 189/192 VUs  07m40.0s/10m30s  08.44 iters/s

running (07m41.0s), 195/195 VUs, 1195 complete and 0 interrupted iterations
saturation   [  73% ] 195/195 VUs  07m41.0s/10m30s  08.49 iters/s

running (07m42.0s), 199/199 VUs, 1195 complete and 0 interrupted iterations
saturation   [  73% ] 199/199 VUs  07m42.0s/10m30s  08.53 iters/s

running (07m43.0s), 200/202 VUs, 1200 complete and 0 interrupted iterations
saturation   [  73% ] 200/202 VUs  07m43.0s/10m30s  08.58 iters/s

running (07m44.0s), 201/202 VUs, 1207 complete and 0 interrupted iterations
saturation   [  74% ] 201/202 VUs  07m44.0s/10m30s  08.62 iters/s

running (07m45.0s), 201/203 VUs, 1215 complete and 0 interrupted iterations
saturation   [  74% ] 201/203 VUs  07m45.0s/10m30s  08.66 iters/s

running (07m46.0s), 206/207 VUs, 1215 complete and 0 interrupted iterations
saturation   [  74% ] 206/207 VUs  07m46.0s/10m30s  08.71 iters/s

running (07m47.0s), 206/210 VUs, 1221 complete and 0 interrupted iterations
saturation   [  74% ] 206/210 VUs  07m47.0s/10m30s  08.76 iters/s

running (07m48.0s), 208/210 VUs, 1227 complete and 0 interrupted iterations
saturation   [  74% ] 208/210 VUs  07m48.0s/10m30s  08.80 iters/s

running (07m49.0s), 211/212 VUs, 1231 complete and 0 interrupted iterations
saturation   [  74% ] 211/212 VUs  07m49.0s/10m30s  08.84 iters/s

running (07m50.0s), 209/213 VUs, 1241 complete and 0 interrupted iterations
saturation   [  75% ] 209/213 VUs  07m50.0s/10m30s  08.89 iters/s

running (07m51.0s), 215/216 VUs, 1241 complete and 0 interrupted iterations
saturation   [  75% ] 215/216 VUs  07m51.0s/10m30s  08.93 iters/s

running (07m52.0s), 220/220 VUs, 1241 complete and 0 interrupted iterations
saturation   [  75% ] 220/220 VUs  07m52.0s/10m30s  08.98 iters/s

running (07m53.0s), 215/220 VUs, 1255 complete and 0 interrupted iterations
saturation   [  75% ] 215/220 VUs  07m53.0s/10m30s  09.02 iters/s

running (07m54.0s), 219/220 VUs, 1260 complete and 0 interrupted iterations
saturation   [  75% ] 219/220 VUs  07m54.0s/10m30s  09.07 iters/s

running (07m55.0s), 219/221 VUs, 1268 complete and 0 interrupted iterations
saturation   [  75% ] 219/221 VUs  07m55.0s/10m30s  09.11 iters/s

running (07m56.0s), 224/225 VUs, 1268 complete and 0 interrupted iterations
saturation   [  76% ] 224/225 VUs  07m56.0s/10m30s  09.15 iters/s

running (07m57.0s), 229/229 VUs, 1268 complete and 0 interrupted iterations
saturation   [  76% ] 229/229 VUs  07m57.0s/10m30s  09.20 iters/s

running (07m58.0s), 233/233 VUs, 1270 complete and 0 interrupted iterations
saturation   [  76% ] 233/233 VUs  07m58.0s/10m30s  09.24 iters/s

running (07m59.0s), 232/235 VUs, 1278 complete and 0 interrupted iterations
saturation   [  76% ] 232/235 VUs  07m59.0s/10m30s  09.29 iters/s

running (08m00.0s), 231/235 VUs, 1288 complete and 0 interrupted iterations
saturation   [  76% ] 231/235 VUs  08m00.0s/10m30s  09.33 iters/s

running (08m01.0s), 230/235 VUs, 1298 complete and 0 interrupted iterations
saturation   [  76% ] 230/235 VUs  08m01.0s/10m30s  09.37 iters/s

running (08m02.0s), 231/235 VUs, 1307 complete and 0 interrupted iterations
saturation   [  77% ] 231/235 VUs  08m02.0s/10m30s  09.42 iters/s

running (08m03.0s), 233/235 VUs, 1314 complete and 0 interrupted iterations
saturation   [  77% ] 233/235 VUs  08m03.0s/10m30s  09.46 iters/s

running (08m04.0s), 234/236 VUs, 1322 complete and 0 interrupted iterations
saturation   [  77% ] 234/236 VUs  08m04.0s/10m30s  09.51 iters/s

running (08m05.0s), 232/236 VUs, 1333 complete and 0 interrupted iterations
saturation   [  77% ] 232/236 VUs  08m05.0s/10m30s  09.55 iters/s

running (08m06.0s), 238/239 VUs, 1334 complete and 0 interrupted iterations
saturation   [  77% ] 238/239 VUs  08m06.0s/10m30s  09.60 iters/s

running (08m07.0s), 237/242 VUs, 1342 complete and 0 interrupted iterations
saturation   [  77% ] 237/242 VUs  08m07.0s/10m30s  09.64 iters/s

running (08m08.0s), 243/243 VUs, 1344 complete and 0 interrupted iterations
saturation   [  77% ] 243/243 VUs  08m08.0s/10m30s  09.69 iters/s

running (08m09.0s), 239/244 VUs, 1357 complete and 0 interrupted iterations
saturation   [  78% ] 239/244 VUs  08m09.0s/10m30s  09.73 iters/s

running (08m10.0s), 242/244 VUs, 1364 complete and 0 interrupted iterations
saturation   [  78% ] 242/244 VUs  08m10.0s/10m30s  09.78 iters/s

running (08m11.0s), 245/247 VUs, 1367 complete and 0 interrupted iterations
saturation   [  78% ] 245/247 VUs  08m11.0s/10m30s  09.82 iters/s

running (08m12.0s), 246/250 VUs, 1373 complete and 0 interrupted iterations
saturation   [  78% ] 246/250 VUs  08m12.0s/10m30s  09.86 iters/s

running (08m13.0s), 253/253 VUs, 1373 complete and 0 interrupted iterations
saturation   [  78% ] 253/253 VUs  08m13.0s/10m30s  09.91 iters/s

running (08m14.0s), 258/258 VUs, 1373 complete and 0 interrupted iterations
saturation   [  78% ] 258/258 VUs  08m14.0s/10m30s  09.95 iters/s

running (08m15.0s), 257/259 VUs, 1383 complete and 0 interrupted iterations
saturation   [  79% ] 257/259 VUs  08m15.0s/10m30s  10.00 iters/s

running (08m16.0s), 263/263 VUs, 1383 complete and 0 interrupted iterations
saturation   [  79% ] 263/263 VUs  08m16.0s/10m30s  10.04 iters/s

running (08m17.0s), 261/267 VUs, 1391 complete and 0 interrupted iterations
saturation   [  79% ] 261/267 VUs  08m17.0s/10m30s  10.09 iters/s

running (08m18.0s), 260/267 VUs, 1402 complete and 0 interrupted iterations
saturation   [  79% ] 260/267 VUs  08m18.0s/10m30s  10.13 iters/s

running (08m19.0s), 263/267 VUs, 1409 complete and 0 interrupted iterations
saturation   [  79% ] 263/267 VUs  08m19.0s/10m30s  10.17 iters/s

running (08m20.0s), 264/269 VUs, 1417 complete and 0 interrupted iterations
saturation   [  79% ] 264/269 VUs  08m20.0s/10m30s  10.22 iters/s

running (08m21.0s), 265/269 VUs, 1426 complete and 0 interrupted iterations
saturation   [  80% ] 265/269 VUs  08m21.0s/10m30s  10.27 iters/s

running (08m22.0s), 265/269 VUs, 1436 complete and 0 interrupted iterations
saturation   [  80% ] 265/269 VUs  08m22.0s/10m30s  10.31 iters/s

running (08m23.0s), 265/269 VUs, 1446 complete and 0 interrupted iterations
saturation   [  80% ] 265/269 VUs  08m23.0s/10m30s  10.35 iters/s

running (08m24.0s), 265/269 VUs, 1457 complete and 0 interrupted iterations
saturation   [  80% ] 265/269 VUs  08m24.0s/10m30s  10.40 iters/s

running (08m25.0s), 271/272 VUs, 1458 complete and 0 interrupted iterations
saturation   [  80% ] 271/272 VUs  08m25.0s/10m30s  10.44 iters/s

running (08m26.0s), 277/277 VUs, 1458 complete and 0 interrupted iterations
saturation   [  80% ] 277/277 VUs  08m26.0s/10m30s  10.49 iters/s

running (08m27.0s), 274/279 VUs, 1469 complete and 0 interrupted iterations
saturation   [  80% ] 274/279 VUs  08m27.0s/10m30s  10.53 iters/s

running (08m28.0s), 278/279 VUs, 1476 complete and 0 interrupted iterations
saturation   [  81% ] 278/279 VUs  08m28.0s/10m30s  10.58 iters/s

running (08m29.0s), 275/280 VUs, 1488 complete and 0 interrupted iterations
saturation   [  81% ] 275/280 VUs  08m29.0s/10m30s  10.62 iters/s

running (08m30.0s), 279/280 VUs, 1495 complete and 0 interrupted iterations
saturation   [  81% ] 279/280 VUs  08m30.0s/10m30s  10.66 iters/s

running (08m31.0s), 281/282 VUs, 1502 complete and 0 interrupted iterations
saturation   [  81% ] 281/282 VUs  08m31.0s/10m30s  10.71 iters/s

running (08m32.0s), 286/287 VUs, 1502 complete and 0 interrupted iterations
saturation   [  81% ] 286/287 VUs  08m32.0s/10m30s  10.75 iters/s

running (08m33.0s), 291/292 VUs, 1503 complete and 0 interrupted iterations
saturation   [  81% ] 291/292 VUs  08m33.0s/10m30s  10.80 iters/s

running (08m34.0s), 293/294 VUs, 1510 complete and 0 interrupted iterations
saturation   [  82% ] 293/294 VUs  08m34.0s/10m30s  10.84 iters/s

running (08m35.0s), 294/295 VUs, 1519 complete and 0 interrupted iterations
saturation   [  82% ] 294/295 VUs  08m35.0s/10m30s  10.89 iters/s

running (08m36.0s), 296/298 VUs, 1525 complete and 0 interrupted iterations
saturation   [  82% ] 296/298 VUs  08m36.0s/10m30s  10.93 iters/s

running (08m37.0s), 298/298 VUs, 1534 complete and 0 interrupted iterations
saturation   [  82% ] 298/298 VUs  08m37.0s/10m30s  10.98 iters/s

running (08m38.0s), 293/301 VUs, 1547 complete and 0 interrupted iterations
saturation   [  82% ] 293/301 VUs  08m38.0s/10m30s  11.02 iters/s

running (08m39.0s), 293/301 VUs, 1558 complete and 0 interrupted iterations
saturation   [  82% ] 293/301 VUs  08m39.0s/10m30s  11.07 iters/s

running (08m40.0s), 302/303 VUs, 1558 complete and 0 interrupted iterations
saturation   [  83% ] 302/303 VUs  08m40.0s/10m30s  11.11 iters/s

running (08m41.0s), 302/303 VUs, 1569 complete and 0 interrupted iterations
saturation   [  83% ] 302/303 VUs  08m41.0s/10m30s  11.15 iters/s

running (08m42.0s), 304/306 VUs, 1575 complete and 0 interrupted iterations
saturation   [  83% ] 304/306 VUs  08m42.0s/10m30s  11.20 iters/s

running (08m43.0s), 307/307 VUs, 1582 complete and 0 interrupted iterations
saturation   [  83% ] 307/307 VUs  08m43.0s/10m30s  11.24 iters/s

running (08m44.0s), 305/308 VUs, 1595 complete and 0 interrupted iterations
saturation   [  83% ] 305/308 VUs  08m44.0s/10m30s  11.29 iters/s

running (08m45.0s), 303/308 VUs, 1608 complete and 0 interrupted iterations
saturation   [  83% ] 303/308 VUs  08m45.0s/10m30s  11.33 iters/s

running (08m46.0s), 307/309 VUs, 1614 complete and 0 interrupted iterations
saturation   [  83% ] 307/309 VUs  08m46.0s/10m30s  11.37 iters/s

running (08m47.0s), 303/309 VUs, 1630 complete and 0 interrupted iterations
saturation   [  84% ] 303/309 VUs  08m47.0s/10m30s  11.42 iters/s

running (08m48.0s), 311/312 VUs, 1630 complete and 0 interrupted iterations
saturation   [  84% ] 311/312 VUs  08m48.0s/10m30s  11.46 iters/s

running (08m49.0s), 317/318 VUs, 1630 complete and 0 interrupted iterations
saturation   [  84% ] 317/318 VUs  08m49.0s/10m30s  11.51 iters/s

running (08m50.0s), 319/320 VUs, 1637 complete and 0 interrupted iterations
saturation   [  84% ] 319/320 VUs  08m50.0s/10m30s  11.55 iters/s

running (08m51.0s), 325/326 VUs, 1637 complete and 0 interrupted iterations
saturation   [  84% ] 325/326 VUs  08m51.0s/10m30s  11.60 iters/s

running (08m52.0s), 319/328 VUs, 1652 complete and 0 interrupted iterations
saturation   [  84% ] 319/328 VUs  08m52.0s/10m30s  11.64 iters/s

running (08m53.0s), 327/329 VUs, 1655 complete and 0 interrupted iterations
saturation   [  85% ] 327/329 VUs  08m53.0s/10m30s  11.69 iters/s

running (08m54.0s), 327/329 VUs, 1667 complete and 0 interrupted iterations
saturation   [  85% ] 327/329 VUs  08m54.0s/10m30s  11.73 iters/s

running (08m55.0s), 327/332 VUs, 1676 complete and 0 interrupted iterations
saturation   [  85% ] 327/332 VUs  08m55.0s/10m30s  11.78 iters/s

running (08m56.0s), 333/333 VUs, 1680 complete and 0 interrupted iterations
saturation   [  85% ] 333/333 VUs  08m56.0s/10m30s  11.82 iters/s

running (08m57.0s), 329/335 VUs, 1694 complete and 0 interrupted iterations
saturation   [  85% ] 329/335 VUs  08m57.0s/10m30s  11.86 iters/s

running (08m58.0s), 335/338 VUs, 1697 complete and 0 interrupted iterations
saturation   [  85% ] 335/338 VUs  08m58.0s/10m30s  11.91 iters/s

running (08m59.0s), 332/338 VUs, 1712 complete and 0 interrupted iterations
saturation   [  86% ] 332/338 VUs  08m59.0s/10m30s  11.95 iters/s

running (09m00.0s), 330/338 VUs, 1726 complete and 0 interrupted iterations
saturation   [  86% ] 330/338 VUs  09m00.0s/10m30s  12.00 iters/s

running (09m01.0s), 340/340 VUs, 1726 complete and 0 interrupted iterations
saturation   [  86% ] 340/340 VUs  09m01.0s/10m30s  12.00 iters/s

running (09m02.0s), 338/344 VUs, 1736 complete and 0 interrupted iterations
saturation   [  86% ] 338/344 VUs  09m02.0s/10m30s  12.00 iters/s

running (09m03.0s), 346/347 VUs, 1737 complete and 0 interrupted iterations
saturation   [  86% ] 346/347 VUs  09m03.0s/10m30s  12.00 iters/s

running (09m04.0s), 341/350 VUs, 1751 complete and 0 interrupted iterations
saturation   [  86% ] 341/350 VUs  09m04.0s/10m30s  12.00 iters/s

running (09m05.0s), 350/351 VUs, 1753 complete and 0 interrupted iterations
saturation   [  87% ] 350/351 VUs  09m05.0s/10m30s  12.00 iters/s

running (09m06.0s), 351/354 VUs, 1761 complete and 0 interrupted iterations
saturation   [  87% ] 351/354 VUs  09m06.0s/10m30s  12.00 iters/s

running (09m07.0s), 348/354 VUs, 1776 complete and 0 interrupted iterations
saturation   [  87% ] 348/354 VUs  09m07.0s/10m30s  12.00 iters/s

running (09m08.0s), 346/355 VUs, 1789 complete and 0 interrupted iterations
saturation   [  87% ] 346/355 VUs  09m08.0s/10m30s  12.00 iters/s

running (09m09.0s), 355/356 VUs, 1791 complete and 0 interrupted iterations
saturation   [  87% ] 355/356 VUs  09m09.0s/10m30s  12.00 iters/s

running (09m10.0s), 357/361 VUs, 1796 complete and 0 interrupted iterations
saturation   [  87% ] 357/361 VUs  09m10.0s/10m30s  12.00 iters/s

running (09m11.0s), 361/361 VUs, 1804 complete and 0 interrupted iterations
saturation   [  87% ] 361/361 VUs  09m11.0s/10m30s  12.00 iters/s

running (09m12.0s), 358/363 VUs, 1817 complete and 0 interrupted iterations
saturation   [  88% ] 358/363 VUs  09m12.0s/10m30s  12.00 iters/s

running (09m13.0s), 363/365 VUs, 1822 complete and 0 interrupted iterations
saturation   [  88% ] 363/365 VUs  09m13.0s/10m30s  12.00 iters/s

running (09m14.0s), 359/366 VUs, 1837 complete and 0 interrupted iterations
saturation   [  88% ] 359/366 VUs  09m14.0s/10m30s  12.00 iters/s

running (09m15.0s), 368/369 VUs, 1837 complete and 0 interrupted iterations
saturation   [  88% ] 368/369 VUs  09m15.0s/10m30s  12.00 iters/s

running (09m16.0s), 364/372 VUs, 1850 complete and 0 interrupted iterations
saturation   [  88% ] 364/372 VUs  09m16.0s/10m30s  12.00 iters/s

running (09m17.0s), 370/372 VUs, 1856 complete and 0 interrupted iterations
saturation   [  88% ] 370/372 VUs  09m17.0s/10m30s  12.00 iters/s

running (09m18.0s), 364/374 VUs, 1872 complete and 0 interrupted iterations
saturation   [  89% ] 364/374 VUs  09m18.0s/10m30s  12.00 iters/s

running (09m19.0s), 374/375 VUs, 1873 complete and 0 interrupted iterations
saturation   [  89% ] 374/375 VUs  09m19.0s/10m30s  12.00 iters/s

running (09m20.0s), 380/381 VUs, 1873 complete and 0 interrupted iterations
saturation   [  89% ] 380/381 VUs  09m20.0s/10m30s  12.00 iters/s

running (09m21.0s), 386/387 VUs, 1873 complete and 0 interrupted iterations
saturation   [  89% ] 386/387 VUs  09m21.0s/10m30s  12.00 iters/s

running (09m22.0s), 377/388 VUs, 1893 complete and 0 interrupted iterations
saturation   [  89% ] 377/388 VUs  09m22.0s/10m30s  12.00 iters/s

running (09m23.0s), 388/388 VUs, 1894 complete and 0 interrupted iterations
saturation   [  89% ] 388/388 VUs  09m23.0s/10m30s  12.00 iters/s

running (09m24.0s), 380/389 VUs, 1913 complete and 0 interrupted iterations
saturation   [  90% ] 380/389 VUs  09m24.0s/10m30s  12.00 iters/s

running (09m25.0s), 388/389 VUs, 1917 complete and 0 interrupted iterations
saturation   [  90% ] 388/389 VUs  09m25.0s/10m30s  12.00 iters/s

running (09m26.0s), 391/392 VUs, 1923 complete and 0 interrupted iterations
saturation   [  90% ] 391/392 VUs  09m26.0s/10m30s  12.00 iters/s

running (09m27.0s), 392/393 VUs, 1933 complete and 0 interrupted iterations
saturation   [  90% ] 392/393 VUs  09m27.0s/10m30s  12.00 iters/s

running (09m28.0s), 398/399 VUs, 1933 complete and 0 interrupted iterations
saturation   [  90% ] 398/399 VUs  09m28.0s/10m30s  12.00 iters/s

running (09m29.0s), 390/399 VUs, 1953 complete and 0 interrupted iterations
saturation   [  90% ] 390/399 VUs  09m29.0s/10m30s  12.00 iters/s

running (09m30.0s), 400/401 VUs, 1953 complete and 0 interrupted iterations
saturation   [  90% ] 400/401 VUs  09m30.0s/10m30s  12.00 iters/s

running (09m31.0s), 394/401 VUs, 1971 complete and 0 interrupted iterations
saturation   [  91% ] 394/401 VUs  09m31.0s/10m30s  12.00 iters/s

running (09m32.0s), 400/402 VUs, 1976 complete and 0 interrupted iterations
saturation   [  91% ] 400/402 VUs  09m32.0s/10m30s  12.00 iters/s

running (09m33.0s), 395/402 VUs, 1993 complete and 0 interrupted iterations
saturation   [  91% ] 395/402 VUs  09m33.0s/10m30s  12.00 iters/s

running (09m34.0s), 404/405 VUs, 1993 complete and 0 interrupted iterations
saturation   [  91% ] 404/405 VUs  09m34.0s/10m30s  12.00 iters/s

running (09m35.0s), 410/411 VUs, 1993 complete and 0 interrupted iterations
saturation   [  91% ] 410/411 VUs  09m35.0s/10m30s  12.00 iters/s

running (09m36.0s), 402/415 VUs, 2009 complete and 0 interrupted iterations
saturation   [  91% ] 402/415 VUs  09m36.0s/10m30s  12.00 iters/s

running (09m37.0s), 410/415 VUs, 2013 complete and 0 interrupted iterations
saturation   [  92% ] 410/415 VUs  09m37.0s/10m30s  12.00 iters/s

running (09m38.0s), 413/417 VUs, 2020 complete and 0 interrupted iterations
saturation   [  92% ] 413/417 VUs  09m38.0s/10m30s  12.00 iters/s

running (09m39.0s), 413/417 VUs, 2032 complete and 0 interrupted iterations
saturation   [  92% ] 413/417 VUs  09m39.0s/10m30s  12.00 iters/s

running (09m40.0s), 409/420 VUs, 2045 complete and 0 interrupted iterations
saturation   [  92% ] 409/420 VUs  09m40.0s/10m30s  12.00 iters/s

running (09m41.0s), 414/420 VUs, 2052 complete and 0 interrupted iterations
saturation   [  92% ] 414/420 VUs  09m41.0s/10m30s  12.00 iters/s

running (09m42.0s), 419/422 VUs, 2057 complete and 0 interrupted iterations
saturation   [  92% ] 419/422 VUs  09m42.0s/10m30s  12.00 iters/s

running (09m43.0s), 416/422 VUs, 2072 complete and 0 interrupted iterations
saturation   [  93% ] 416/422 VUs  09m43.0s/10m30s  12.00 iters/s

running (09m44.0s), 422/424 VUs, 2076 complete and 0 interrupted iterations
saturation   [  93% ] 422/424 VUs  09m44.0s/10m30s  12.00 iters/s

running (09m45.0s), 418/424 VUs, 2092 complete and 0 interrupted iterations
saturation   [  93% ] 418/424 VUs  09m45.0s/10m30s  12.00 iters/s

running (09m46.0s), 427/427 VUs, 2092 complete and 0 interrupted iterations
saturation   [  93% ] 427/427 VUs  09m46.0s/10m30s  12.00 iters/s

running (09m47.0s), 433/433 VUs, 2092 complete and 0 interrupted iterations
saturation   [  93% ] 433/433 VUs  09m47.0s/10m30s  12.00 iters/s

running (09m48.0s), 425/434 VUs, 2111 complete and 0 interrupted iterations
saturation   [  93% ] 425/434 VUs  09m48.0s/10m30s  12.00 iters/s

running (09m49.0s), 435/435 VUs, 2112 complete and 0 interrupted iterations
saturation   [  93% ] 435/435 VUs  09m49.0s/10m30s  12.00 iters/s

running (09m50.0s), 431/435 VUs, 2128 complete and 0 interrupted iterations
saturation   [  94% ] 431/435 VUs  09m50.0s/10m30s  12.00 iters/s

running (09m51.0s), 437/439 VUs, 2130 complete and 0 interrupted iterations
saturation   [  94% ] 437/439 VUs  09m51.0s/10m30s  12.00 iters/s

running (09m52.0s), 431/439 VUs, 2148 complete and 0 interrupted iterations
saturation   [  94% ] 431/439 VUs  09m52.0s/10m30s  12.00 iters/s

running (09m53.0s), 438/440 VUs, 2152 complete and 0 interrupted iterations
saturation   [  94% ] 438/440 VUs  09m53.0s/10m30s  12.00 iters/s

running (09m54.0s), 438/440 VUs, 2164 complete and 0 interrupted iterations
saturation   [  94% ] 438/440 VUs  09m54.0s/10m30s  12.00 iters/s

running (09m55.0s), 443/443 VUs, 2168 complete and 0 interrupted iterations
saturation   [  94% ] 443/443 VUs  09m55.0s/10m30s  12.00 iters/s

running (09m56.0s), 439/447 VUs, 2180 complete and 0 interrupted iterations
saturation   [  95% ] 439/447 VUs  09m56.0s/10m30s  12.00 iters/s

running (09m57.0s), 444/447 VUs, 2187 complete and 0 interrupted iterations
saturation   [  95% ] 444/447 VUs  09m57.0s/10m30s  12.00 iters/s

running (09m58.0s), 447/447 VUs, 2196 complete and 0 interrupted iterations
saturation   [  95% ] 447/447 VUs  09m58.0s/10m30s  12.00 iters/s

running (09m59.0s), 444/450 VUs, 2208 complete and 0 interrupted iterations
saturation   [  95% ] 444/450 VUs  09m59.0s/10m30s  12.00 iters/s

running (10m00.0s), 453/453 VUs, 2208 complete and 0 interrupted iterations
saturation   [  95% ] 453/453 VUs  10m00.0s/10m30s  12.00 iters/s

running (10m01.0s), 444/454 VUs, 2228 complete and 0 interrupted iterations
saturation   [  95% ] 444/454 VUs  10m01.0s/10m30s  12.00 iters/s

running (10m02.0s), 454/454 VUs, 2230 complete and 0 interrupted iterations
saturation   [  96% ] 454/454 VUs  10m02.0s/10m30s  12.00 iters/s

running (10m03.0s), 449/456 VUs, 2245 complete and 0 interrupted iterations
saturation   [  96% ] 449/456 VUs  10m03.0s/10m30s  12.00 iters/s

running (10m04.0s), 457/457 VUs, 2248 complete and 0 interrupted iterations
saturation   [  96% ] 457/457 VUs  10m04.0s/10m30s  12.00 iters/s

running (10m05.0s), 456/461 VUs, 2257 complete and 0 interrupted iterations
saturation   [  96% ] 456/461 VUs  10m05.0s/10m30s  12.00 iters/s

running (10m06.0s), 457/461 VUs, 2268 complete and 0 interrupted iterations
saturation   [  96% ] 457/461 VUs  10m06.0s/10m30s  12.00 iters/s

running (10m07.0s), 456/462 VUs, 2280 complete and 0 interrupted iterations
saturation   [  96% ] 456/462 VUs  10m07.0s/10m30s  12.00 iters/s

running (10m08.0s), 460/462 VUs, 2288 complete and 0 interrupted iterations
saturation   [  97% ] 460/462 VUs  10m08.0s/10m30s  12.00 iters/s

running (10m09.0s), 464/465 VUs, 2293 complete and 0 interrupted iterations
saturation   [  97% ] 464/465 VUs  10m09.0s/10m30s  12.00 iters/s

running (10m10.0s), 461/465 VUs, 2308 complete and 0 interrupted iterations
saturation   [  97% ] 461/465 VUs  10m10.0s/10m30s  12.00 iters/s

running (10m11.0s), 469/469 VUs, 2308 complete and 0 interrupted iterations
saturation   [  97% ] 469/469 VUs  10m11.0s/10m30s  12.00 iters/s

running (10m12.0s), 469/474 VUs, 2315 complete and 0 interrupted iterations
saturation   [  97% ] 469/474 VUs  10m12.0s/10m30s  12.00 iters/s

running (10m13.0s), 474/475 VUs, 2321 complete and 0 interrupted iterations
saturation   [  97% ] 474/475 VUs  10m13.0s/10m30s  12.00 iters/s

running (10m14.0s), 468/475 VUs, 2339 complete and 0 interrupted iterations
saturation   [  97% ] 468/475 VUs  10m14.0s/10m30s  12.00 iters/s

running (10m15.0s), 471/475 VUs, 2348 complete and 0 interrupted iterations
saturation   [  98% ] 471/475 VUs  10m15.0s/10m30s  12.00 iters/s

running (10m16.0s), 479/479 VUs, 2348 complete and 0 interrupted iterations
saturation   [  98% ] 479/479 VUs  10m16.0s/10m30s  12.00 iters/s

running (10m17.0s), 469/481 VUs, 2368 complete and 0 interrupted iterations
saturation   [  98% ] 469/481 VUs  10m17.0s/10m30s  12.00 iters/s

running (10m18.0s), 475/481 VUs, 2374 complete and 0 interrupted iterations
saturation   [  98% ] 475/481 VUs  10m18.0s/10m30s  12.00 iters/s

running (10m19.0s), 475/481 VUs, 2386 complete and 0 interrupted iterations
saturation   [  98% ] 475/481 VUs  10m19.0s/10m30s  12.00 iters/s

running (10m20.0s), 483/483 VUs, 2388 complete and 0 interrupted iterations
saturation   [  98% ] 483/483 VUs  10m20.0s/10m30s  12.00 iters/s

running (10m21.0s), 480/488 VUs, 2398 complete and 0 interrupted iterations
saturation   [  99% ] 480/488 VUs  10m21.0s/10m30s  12.00 iters/s

running (10m22.0s), 483/488 VUs, 2407 complete and 0 interrupted iterations
saturation   [  99% ] 483/488 VUs  10m22.0s/10m30s  12.00 iters/s

running (10m23.0s), 483/488 VUs, 2419 complete and 0 interrupted iterations
saturation   [  99% ] 483/488 VUs  10m23.0s/10m30s  12.00 iters/s

running (10m24.0s), 486/488 VUs, 2428 complete and 0 interrupted iterations
saturation   [  99% ] 486/488 VUs  10m24.0s/10m30s  12.00 iters/s

running (10m25.0s), 485/492 VUs, 2437 complete and 0 interrupted iterations
saturation   [  99% ] 485/492 VUs  10m25.0s/10m30s  12.00 iters/s

running (10m26.0s), 486/492 VUs, 2448 complete and 0 interrupted iterations
saturation   [  99% ] 486/492 VUs  10m26.0s/10m30s  12.00 iters/s

running (10m27.0s), 490/494 VUs, 2454 complete and 0 interrupted iterations
saturation   [ 100% ] 490/494 VUs  10m27.0s/10m30s  12.00 iters/s

running (10m28.0s), 490/497 VUs, 2463 complete and 0 interrupted iterations
saturation   [ 100% ] 490/497 VUs  10m28.0s/10m30s  12.00 iters/s

================ DSP benchmark summary ================
-- per-phase latency --
  catalog                    p50=135.3 ms  p95=678.9 ms  p99=888.9 ms  max=1189.0 ms  n=2948
  negotiation init (POST)    p50=12.3 ms  p95=115.0 ms  p99=150.3 ms  max=221.7 ms  n=2948
  time-to-AGREED (async)     p50=4402.5 ms  p95=19604.3 ms  p99=22496.0 ms  max=23130.0 ms  n=2708
  transfer init (POST)       p50=74.8 ms  p95=180.7 ms  p99=243.3 ms  max=385.8 ms  n=2708
  time-to-EDR (async)        p50=4802.0 ms  p95=25749.8 ms  p99=28565.5 ms  max=30090.0 ms  n=1225
  data pull                  p50=26.8 ms  p95=46.3 ms  p99=48.9 ms  max=66.6 ms  n=1225
-- end-to-end + throughput --
  e2e transaction            p50=8814.0 ms  p95=29933.4 ms  p99=32905.8 ms  max=36455.0 ms  n=1225
  data throughput (MB/s)     p50=0.2  p95=0.2  p99=0.2  max=0.2  n=1225
-- outcomes --
  transactions succeeded     count=1225  rate=1.948/s
  transactions failed        count=1238  rate=1.969/s
  failed rate                rate=50.26%  (pass=1238 fail=1225)
    of which TERMINATED      (no data)
    of which TIMED OUT       count=1238  rate=1.969/s
-- observer effect (poll load) --
  negotiation polls          count=83687  rate=133.109/s
  edr polls                  count=207960  rate=330.771/s
  polls per transaction     negotiation=34.0  edr=84.4  (timeout ceiling=120)  <-- WARNING: near the 120-poll timeout ceiling; system is past its knee
=======================================================
(full summary -> /home/rohitj/edc/benchmarking-factoryx-edc/resources/local-fx-mvd/k6-scripts/results/factoryx/saturation-open/2026-07-31T11-31-42Z/k6-summary.json; POLL_INTERVAL_MS=250; IDENTITY_MODE=on)

running (10m28.7s), 000/497 VUs, 2463 complete and 490 interrupted iterations
saturation ✗ [ 100% ] 490/497 VUs  10m28.0s/10m30s  12.00 iters/s
time="2026-07-31T11:43:17Z" level=error msg="thresholds on metrics 'dsp_transaction_failed_rate' were crossed; at least one has abortOnFail enabled, stopping test prematurely"
Prometheus snapshot [1785497568..1785498212] svc=(provider-controlplane|provider-dataplane|consumer-controlplane|consumer-dataplane) win=1m -> /home/rohitj/edc/benchmarking-factoryx-edc/resources/local-fx-mvd/k6-scripts/results/factoryx/saturation-open/2026-07-31T11-31-42Z
  jvm-heap.csv (516 rows)
  jvm-gc-rate.csv (516 rows)
  jvm-threads.csv (516 rows)
  http-throughput.csv (516 rows)
  http-p95.csv (516 rows)
  http-errors.csv (258 rows)
  host-cpu-busy.csv (129 rows)
  host-mem-used.csv (129 rows)
  logs -> /home/rohitj/edc/benchmarking-factoryx-edc/resources/local-fx-mvd/k6-scripts/results/factoryx/saturation-open/2026-07-31T11-31-42Z/logs (4 files)
    consumer-controlplane.log:0
    consumer-dataplane.log:0
    provider-controlplane.log:0
    provider-dataplane.log:0
VALIDITY  ok=1225  failed=1238  failed_rate=50%  dropped_iterations=397  <-- OFFERED RATE NOT DELIVERED (raise MAX_VUS or lower RATE)  <-- >5% FAILURES: past the knee, not a valid operating point
>>> done: /home/rohitj/edc/benchmarking-factoryx-edc/resources/local-fx-mvd/k6-scripts/results/factoryx/saturation-open/2026-07-31T11-31-42Z  (k6 exit 99)
  (saturation-open rep 1 exited non-zero)
----- factoryx / concurrency-closed (rep 1) -----
>>> factoryx / concurrency-closed  ->  /home/rohitj/edc/benchmarking-factoryx-edc/resources/local-fx-mvd/k6-scripts/results/factoryx/concurrency-closed/2026-07-31T11-43-33Z
parity OK: lib/ + scenarios/ + orchestration/ + tools/ identical to /home/rohitj/edc/benchmarking-factoryx-edc/resources/local-fx-mvd/k6-scripts
Health: http://localhost:29010/management + prometheus  OK
Warmup 60s @ 2/s (discarded)
  (warmup non-zero exit ignored)
k6 -> Prometheus remote-write: http://localhost:9090/api/v1/write

         /\      Grafana   /‾‾/  
    /\  /  \     |\  __   /  /   
   /  \/    \    | |/ /  /   ‾‾\ 
  /          \   |   (  |  (‾)  |
 / __________ \  |_|\_\  \_____/ 


     execution: local
        script: /home/rohitj/edc/benchmarking-factoryx-edc/resources/local-fx-mvd/k6-scripts/scenarios/concurrency-closed.js
        output: Prometheus remote write (http://localhost:9090/api/v1/write)

     scenarios: (100.00%) 1 scenario, 50 max VUs, 8m0s max duration (incl. graceful stop):
              * concurrency: Up to 50 looping VUs for 7m30s over 5 stages (gracefulRampDown: 30s, gracefulStop: 30s)


running (0m01.0s), 01/50 VUs, 0 complete and 0 interrupted iterations
concurrency   [   0% ] 01/50 VUs  0m01.0s/7m30.0s

running (0m02.0s), 01/50 VUs, 0 complete and 0 interrupted iterations
concurrency   [   0% ] 01/50 VUs  0m02.0s/7m30.0s

running (0m03.0s), 01/50 VUs, 0 complete and 0 interrupted iterations
concurrency   [   1% ] 01/50 VUs  0m03.0s/7m30.0s

running (0m04.0s), 01/50 VUs, 0 complete and 0 interrupted iterations
concurrency   [   1% ] 01/50 VUs  0m04.0s/7m30.0s

running (0m05.0s), 01/50 VUs, 0 complete and 0 interrupted iterations
concurrency   [   1% ] 01/50 VUs  0m05.0s/7m30.0s

running (0m06.0s), 01/50 VUs, 0 complete and 0 interrupted iterations
concurrency   [   1% ] 01/50 VUs  0m06.0s/7m30.0s

running (0m07.0s), 01/50 VUs, 0 complete and 0 interrupted iterations
concurrency   [   2% ] 01/50 VUs  0m07.0s/7m30.0s

running (0m08.0s), 01/50 VUs, 0 complete and 0 interrupted iterations
concurrency   [   2% ] 01/50 VUs  0m08.0s/7m30.0s

running (0m09.0s), 01/50 VUs, 0 complete and 0 interrupted iterations
concurrency   [   2% ] 01/50 VUs  0m09.0s/7m30.0s

running (0m10.0s), 01/50 VUs, 0 complete and 0 interrupted iterations
concurrency   [   2% ] 01/50 VUs  0m10.0s/7m30.0s

running (0m11.0s), 01/50 VUs, 0 complete and 0 interrupted iterations
concurrency   [   2% ] 01/50 VUs  0m11.0s/7m30.0s

running (0m12.0s), 01/50 VUs, 0 complete and 0 interrupted iterations
concurrency   [   3% ] 01/50 VUs  0m12.0s/7m30.0s

running (0m13.0s), 01/50 VUs, 0 complete and 0 interrupted iterations
concurrency   [   3% ] 01/50 VUs  0m13.0s/7m30.0s

running (0m14.0s), 01/50 VUs, 0 complete and 0 interrupted iterations
concurrency   [   3% ] 01/50 VUs  0m14.0s/7m30.0s

running (0m15.0s), 01/50 VUs, 0 complete and 0 interrupted iterations
concurrency   [   3% ] 01/50 VUs  0m15.0s/7m30.0s

running (0m16.0s), 01/50 VUs, 0 complete and 0 interrupted iterations
concurrency   [   4% ] 01/50 VUs  0m16.0s/7m30.0s

running (0m17.0s), 01/50 VUs, 0 complete and 0 interrupted iterations
concurrency   [   4% ] 01/50 VUs  0m17.0s/7m30.0s

running (0m18.0s), 01/50 VUs, 0 complete and 0 interrupted iterations
concurrency   [   4% ] 01/50 VUs  0m18.0s/7m30.0s

running (0m19.0s), 01/50 VUs, 0 complete and 0 interrupted iterations
concurrency   [   4% ] 01/50 VUs  0m19.0s/7m30.0s

running (0m20.0s), 01/50 VUs, 0 complete and 0 interrupted iterations
concurrency   [   4% ] 01/50 VUs  0m20.0s/7m30.0s

running (0m21.0s), 01/50 VUs, 0 complete and 0 interrupted iterations
concurrency   [   5% ] 01/50 VUs  0m21.0s/7m30.0s

running (0m22.0s), 01/50 VUs, 0 complete and 0 interrupted iterations
concurrency   [   5% ] 01/50 VUs  0m22.0s/7m30.0s

running (0m23.0s), 02/50 VUs, 0 complete and 0 interrupted iterations
concurrency   [   5% ] 02/50 VUs  0m23.0s/7m30.0s

running (0m24.0s), 02/50 VUs, 0 complete and 0 interrupted iterations
concurrency   [   5% ] 02/50 VUs  0m24.0s/7m30.0s

running (0m25.0s), 02/50 VUs, 0 complete and 0 interrupted iterations
concurrency   [   6% ] 02/50 VUs  0m25.0s/7m30.0s

running (0m26.0s), 02/50 VUs, 0 complete and 0 interrupted iterations
concurrency   [   6% ] 02/50 VUs  0m26.0s/7m30.0s

running (0m27.0s), 02/50 VUs, 0 complete and 0 interrupted iterations
concurrency   [   6% ] 02/50 VUs  0m27.0s/7m30.0s

running (0m28.0s), 02/50 VUs, 0 complete and 0 interrupted iterations
concurrency   [   6% ] 02/50 VUs  0m28.0s/7m30.0s

running (0m29.0s), 02/50 VUs, 0 complete and 0 interrupted iterations
concurrency   [   6% ] 02/50 VUs  0m29.0s/7m30.0s

running (0m30.0s), 02/50 VUs, 0 complete and 0 interrupted iterations
concurrency   [   7% ] 02/50 VUs  0m30.0s/7m30.0s

running (0m31.0s), 02/50 VUs, 0 complete and 0 interrupted iterations
concurrency   [   7% ] 02/50 VUs  0m31.0s/7m30.0s

running (0m32.0s), 02/50 VUs, 0 complete and 0 interrupted iterations
concurrency   [   7% ] 02/50 VUs  0m32.0s/7m30.0s

running (0m33.0s), 02/50 VUs, 1 complete and 0 interrupted iterations
concurrency   [   7% ] 02/50 VUs  0m33.0s/7m30.0s

running (0m34.0s), 02/50 VUs, 1 complete and 0 interrupted iterations
concurrency   [   8% ] 02/50 VUs  0m34.0s/7m30.0s

running (0m35.0s), 02/50 VUs, 1 complete and 0 interrupted iterations
concurrency   [   8% ] 02/50 VUs  0m35.0s/7m30.0s

running (0m36.0s), 02/50 VUs, 1 complete and 0 interrupted iterations
concurrency   [   8% ] 02/50 VUs  0m36.0s/7m30.0s

running (0m37.0s), 02/50 VUs, 1 complete and 0 interrupted iterations
concurrency   [   8% ] 02/50 VUs  0m37.0s/7m30.0s

running (0m38.0s), 02/50 VUs, 1 complete and 0 interrupted iterations
concurrency   [   8% ] 02/50 VUs  0m38.0s/7m30.0s

running (0m39.0s), 02/50 VUs, 1 complete and 0 interrupted iterations
concurrency   [   9% ] 02/50 VUs  0m39.0s/7m30.0s

running (0m40.0s), 02/50 VUs, 1 complete and 0 interrupted iterations
concurrency   [   9% ] 02/50 VUs  0m40.0s/7m30.0s

running (0m41.0s), 02/50 VUs, 1 complete and 0 interrupted iterations
concurrency   [   9% ] 02/50 VUs  0m41.0s/7m30.0s

running (0m42.0s), 02/50 VUs, 1 complete and 0 interrupted iterations
concurrency   [   9% ] 02/50 VUs  0m42.0s/7m30.0s

running (0m43.0s), 02/50 VUs, 1 complete and 0 interrupted iterations
concurrency   [  10% ] 02/50 VUs  0m43.0s/7m30.0s

running (0m44.0s), 02/50 VUs, 1 complete and 0 interrupted iterations
concurrency   [  10% ] 02/50 VUs  0m44.0s/7m30.0s

running (0m45.0s), 02/50 VUs, 1 complete and 0 interrupted iterations
concurrency   [  10% ] 02/50 VUs  0m45.0s/7m30.0s

running (0m46.0s), 03/50 VUs, 1 complete and 0 interrupted iterations
concurrency   [  10% ] 03/50 VUs  0m46.0s/7m30.0s

running (0m47.0s), 03/50 VUs, 1 complete and 0 interrupted iterations
concurrency   [  10% ] 03/50 VUs  0m47.0s/7m30.0s

running (0m48.0s), 03/50 VUs, 1 complete and 0 interrupted iterations
concurrency   [  11% ] 03/50 VUs  0m48.0s/7m30.0s

running (0m49.0s), 03/50 VUs, 1 complete and 0 interrupted iterations
concurrency   [  11% ] 03/50 VUs  0m49.0s/7m30.0s

running (0m50.0s), 03/50 VUs, 1 complete and 0 interrupted iterations
concurrency   [  11% ] 03/50 VUs  0m50.0s/7m30.0s

running (0m51.0s), 03/50 VUs, 1 complete and 0 interrupted iterations
concurrency   [  11% ] 03/50 VUs  0m51.0s/7m30.0s

running (0m52.0s), 03/50 VUs, 1 complete and 0 interrupted iterations
concurrency   [  12% ] 03/50 VUs  0m52.0s/7m30.0s

running (0m53.0s), 03/50 VUs, 1 complete and 0 interrupted iterations
concurrency   [  12% ] 03/50 VUs  0m53.0s/7m30.0s

running (0m54.0s), 03/50 VUs, 1 complete and 0 interrupted iterations
concurrency   [  12% ] 03/50 VUs  0m54.0s/7m30.0s

running (0m55.0s), 03/50 VUs, 1 complete and 0 interrupted iterations
concurrency   [  12% ] 03/50 VUs  0m55.0s/7m30.0s

running (0m56.0s), 03/50 VUs, 2 complete and 0 interrupted iterations
concurrency   [  12% ] 03/50 VUs  0m56.0s/7m30.0s

running (0m57.0s), 03/50 VUs, 2 complete and 0 interrupted iterations
concurrency   [  13% ] 03/50 VUs  0m57.0s/7m30.0s

running (0m58.0s), 03/50 VUs, 2 complete and 0 interrupted iterations
concurrency   [  13% ] 03/50 VUs  0m58.0s/7m30.0s

running (0m59.0s), 03/50 VUs, 2 complete and 0 interrupted iterations
concurrency   [  13% ] 03/50 VUs  0m59.0s/7m30.0s

running (1m00.0s), 03/50 VUs, 2 complete and 0 interrupted iterations
concurrency   [  13% ] 03/50 VUs  1m00.0s/7m30.0s

running (1m01.0s), 03/50 VUs, 2 complete and 0 interrupted iterations
concurrency   [  14% ] 03/50 VUs  1m01.0s/7m30.0s

running (1m02.0s), 03/50 VUs, 2 complete and 0 interrupted iterations
concurrency   [  14% ] 03/50 VUs  1m02.0s/7m30.0s

================ DSP benchmark summary ================
-- per-phase latency --
  catalog                    p50=86.7 ms  p95=117.7 ms  p99=119.6 ms  max=120.0 ms  n=5
  negotiation init (POST)    p50=7.8 ms  p95=86.9 ms  p99=99.2 ms  max=102.2 ms  n=5
  time-to-AGREED (async)     p50=2543.0 ms  p95=2571.0 ms  p99=2576.6 ms  max=2578.0 ms  n=5
  transfer init (POST)       p50=13.5 ms  p95=82.8 ms  p99=90.5 ms  max=92.4 ms  n=5
  time-to-EDR (async)        (no data)
  data pull                  (no data)
-- end-to-end + throughput --
  e2e transaction            (no data)
  data throughput (MB/s)     (no data)
-- outcomes --
  transactions succeeded     (no data)
  transactions failed        count=2  rate=0.032/s
  failed rate                rate=100.00%  (pass=2 fail=0)
    of which TERMINATED      (no data)
    of which TIMED OUT       count=2  rate=0.032/s
-- observer effect (poll load) --
  negotiation polls          count=53  rate=0.855/s
  edr polls                  count=420  rate=6.776/s
  polls per transaction     negotiation=26.5  edr=210.0  (timeout ceiling=120)  <-- WARNING: near the 120-poll timeout ceiling; system is past its knee
=======================================================
(full summary -> /home/rohitj/edc/benchmarking-factoryx-edc/resources/local-fx-mvd/k6-scripts/results/factoryx/concurrency-closed/2026-07-31T11-43-33Z/k6-summary.json; POLL_INTERVAL_MS=250; IDENTITY_MODE=on)

running (1m02.0s), 00/50 VUs, 2 complete and 3 interrupted iterations
concurrency ✗ [  14% ] 03/50 VUs  1m02.0s/7m30.0s
time="2026-07-31T11:46:06Z" level=error msg="thresholds on metrics 'dsp_transaction_failed_rate' were crossed; at least one has abortOnFail enabled, stopping test prematurely"
Prometheus snapshot [1785498304..1785498381] svc=(provider-controlplane|provider-dataplane|consumer-controlplane|consumer-dataplane) win=1m -> /home/rohitj/edc/benchmarking-factoryx-edc/resources/local-fx-mvd/k6-scripts/results/factoryx/concurrency-closed/2026-07-31T11-43-33Z
  jvm-heap.csv (64 rows)
  jvm-gc-rate.csv (64 rows)
  jvm-threads.csv (64 rows)
  http-throughput.csv (64 rows)
  http-p95.csv (64 rows)
  http-errors.csv (32 rows)
  host-cpu-busy.csv (16 rows)
  host-mem-used.csv (16 rows)
  logs -> /home/rohitj/edc/benchmarking-factoryx-edc/resources/local-fx-mvd/k6-scripts/results/factoryx/concurrency-closed/2026-07-31T11-43-33Z/logs (4 files)
    consumer-controlplane.log:0
    consumer-dataplane.log:0
    provider-controlplane.log:0
    provider-dataplane.log:0
VALIDITY  ok=0  failed=2  failed_rate=100%  dropped_iterations=0  <-- >5% FAILURES: past the knee, not a valid operating point
>>> done: /home/rohitj/edc/benchmarking-factoryx-edc/resources/local-fx-mvd/k6-scripts/results/factoryx/concurrency-closed/2026-07-31T11-43-33Z  (k6 exit 99)
  (concurrency-closed rep 1 exited non-zero)
----- factoryx / concurrency-closed (rep 2) -----
>>> factoryx / concurrency-closed  ->  /home/rohitj/edc/benchmarking-factoryx-edc/resources/local-fx-mvd/k6-scripts/results/factoryx/concurrency-closed/2026-07-31T11-46-22Z
parity OK: lib/ + scenarios/ + orchestration/ + tools/ identical to /home/rohitj/edc/benchmarking-factoryx-edc/resources/local-fx-mvd/k6-scripts
Health: http://localhost:29010/management + prometheus  OK
Warmup 60s @ 2/s (discarded)
k6 -> Prometheus remote-write: http://localhost:9090/api/v1/write

         /\      Grafana   /‾‾/  
    /\  /  \     |\  __   /  /   
   /  \/    \    | |/ /  /   ‾‾\ 
  /          \   |   (  |  (‾)  |
 / __________ \  |_|\_\  \_____/ 


     execution: local
        script: /home/rohitj/edc/benchmarking-factoryx-edc/resources/local-fx-mvd/k6-scripts/scenarios/concurrency-closed.js
        output: Prometheus remote write (http://localhost:9090/api/v1/write)

     scenarios: (100.00%) 1 scenario, 50 max VUs, 8m0s max duration (incl. graceful stop):
              * concurrency: Up to 50 looping VUs for 7m30s over 5 stages (gracefulRampDown: 30s, gracefulStop: 30s)


running (0m01.0s), 01/50 VUs, 0 complete and 0 interrupted iterations
concurrency   [   0% ] 01/50 VUs  0m01.0s/7m30.0s

running (0m02.0s), 01/50 VUs, 0 complete and 0 interrupted iterations
concurrency   [   0% ] 01/50 VUs  0m02.0s/7m30.0s

running (0m03.0s), 01/50 VUs, 0 complete and 0 interrupted iterations
concurrency   [   1% ] 01/50 VUs  0m03.0s/7m30.0s

running (0m04.0s), 01/50 VUs, 0 complete and 0 interrupted iterations
concurrency   [   1% ] 01/50 VUs  0m04.0s/7m30.0s

running (0m05.0s), 01/50 VUs, 0 complete and 0 interrupted iterations
concurrency   [   1% ] 01/50 VUs  0m05.0s/7m30.0s

running (0m06.0s), 01/50 VUs, 1 complete and 0 interrupted iterations
concurrency   [   1% ] 01/50 VUs  0m06.0s/7m30.0s

running (0m07.0s), 01/50 VUs, 1 complete and 0 interrupted iterations
concurrency   [   2% ] 01/50 VUs  0m07.0s/7m30.0s

running (0m08.0s), 01/50 VUs, 1 complete and 0 interrupted iterations
concurrency   [   2% ] 01/50 VUs  0m08.0s/7m30.0s

running (0m09.0s), 01/50 VUs, 1 complete and 0 interrupted iterations
concurrency   [   2% ] 01/50 VUs  0m09.0s/7m30.0s

running (0m10.0s), 01/50 VUs, 2 complete and 0 interrupted iterations
concurrency   [   2% ] 01/50 VUs  0m10.0s/7m30.0s

running (0m11.0s), 01/50 VUs, 2 complete and 0 interrupted iterations
concurrency   [   2% ] 01/50 VUs  0m11.0s/7m30.0s

running (0m12.0s), 01/50 VUs, 2 complete and 0 interrupted iterations
concurrency   [   3% ] 01/50 VUs  0m12.0s/7m30.0s

running (0m13.0s), 01/50 VUs, 2 complete and 0 interrupted iterations
concurrency   [   3% ] 01/50 VUs  0m13.0s/7m30.0s

running (0m14.0s), 01/50 VUs, 2 complete and 0 interrupted iterations
concurrency   [   3% ] 01/50 VUs  0m14.0s/7m30.0s

running (0m15.0s), 01/50 VUs, 3 complete and 0 interrupted iterations
concurrency   [   3% ] 01/50 VUs  0m15.0s/7m30.0s

running (0m16.0s), 01/50 VUs, 3 complete and 0 interrupted iterations
concurrency   [   4% ] 01/50 VUs  0m16.0s/7m30.0s

running (0m17.0s), 01/50 VUs, 3 complete and 0 interrupted iterations
concurrency   [   4% ] 01/50 VUs  0m17.0s/7m30.0s

running (0m18.0s), 01/50 VUs, 3 complete and 0 interrupted iterations
concurrency   [   4% ] 01/50 VUs  0m18.0s/7m30.0s

running (0m19.0s), 01/50 VUs, 3 complete and 0 interrupted iterations
concurrency   [   4% ] 01/50 VUs  0m19.0s/7m30.0s

running (0m20.0s), 01/50 VUs, 4 complete and 0 interrupted iterations
concurrency   [   4% ] 01/50 VUs  0m20.0s/7m30.0s

running (0m21.0s), 01/50 VUs, 4 complete and 0 interrupted iterations
concurrency   [   5% ] 01/50 VUs  0m21.0s/7m30.0s

running (0m22.0s), 01/50 VUs, 4 complete and 0 interrupted iterations
concurrency   [   5% ] 01/50 VUs  0m22.0s/7m30.0s

running (0m23.0s), 02/50 VUs, 4 complete and 0 interrupted iterations
concurrency   [   5% ] 02/50 VUs  0m23.0s/7m30.0s

running (0m24.0s), 02/50 VUs, 5 complete and 0 interrupted iterations
concurrency   [   5% ] 02/50 VUs  0m24.0s/7m30.0s

running (0m25.0s), 02/50 VUs, 5 complete and 0 interrupted iterations
concurrency   [   6% ] 02/50 VUs  0m25.0s/7m30.0s

running (0m26.0s), 02/50 VUs, 5 complete and 0 interrupted iterations
concurrency   [   6% ] 02/50 VUs  0m26.0s/7m30.0s

running (0m27.0s), 02/50 VUs, 5 complete and 0 interrupted iterations
concurrency   [   6% ] 02/50 VUs  0m27.0s/7m30.0s

running (0m28.0s), 02/50 VUs, 7 complete and 0 interrupted iterations
concurrency   [   6% ] 02/50 VUs  0m28.0s/7m30.0s

running (0m29.0s), 02/50 VUs, 7 complete and 0 interrupted iterations
concurrency   [   6% ] 02/50 VUs  0m29.0s/7m30.0s

running (0m30.0s), 02/50 VUs, 7 complete and 0 interrupted iterations
concurrency   [   7% ] 02/50 VUs  0m30.0s/7m30.0s

running (0m31.0s), 02/50 VUs, 7 complete and 0 interrupted iterations
concurrency   [   7% ] 02/50 VUs  0m31.0s/7m30.0s

running (0m32.0s), 02/50 VUs, 7 complete and 0 interrupted iterations
concurrency   [   7% ] 02/50 VUs  0m32.0s/7m30.0s

running (0m33.0s), 02/50 VUs, 7 complete and 0 interrupted iterations
concurrency   [   7% ] 02/50 VUs  0m33.0s/7m30.0s

running (0m34.0s), 02/50 VUs, 7 complete and 0 interrupted iterations
concurrency   [   8% ] 02/50 VUs  0m34.0s/7m30.0s

running (0m35.0s), 02/50 VUs, 9 complete and 0 interrupted iterations
concurrency   [   8% ] 02/50 VUs  0m35.0s/7m30.0s

running (0m36.0s), 02/50 VUs, 9 complete and 0 interrupted iterations
concurrency   [   8% ] 02/50 VUs  0m36.0s/7m30.0s

running (0m37.0s), 02/50 VUs, 9 complete and 0 interrupted iterations
concurrency   [   8% ] 02/50 VUs  0m37.0s/7m30.0s

running (0m38.0s), 02/50 VUs, 9 complete and 0 interrupted iterations
concurrency   [   8% ] 02/50 VUs  0m38.0s/7m30.0s

running (0m39.0s), 02/50 VUs, 9 complete and 0 interrupted iterations
concurrency   [   9% ] 02/50 VUs  0m39.0s/7m30.0s

running (0m40.0s), 02/50 VUs, 9 complete and 0 interrupted iterations
concurrency   [   9% ] 02/50 VUs  0m40.0s/7m30.0s

running (0m41.0s), 02/50 VUs, 11 complete and 0 interrupted iterations
concurrency   [   9% ] 02/50 VUs  0m41.0s/7m30.0s

running (0m42.0s), 02/50 VUs, 11 complete and 0 interrupted iterations
concurrency   [   9% ] 02/50 VUs  0m42.0s/7m30.0s

running (0m43.0s), 02/50 VUs, 11 complete and 0 interrupted iterations
concurrency   [  10% ] 02/50 VUs  0m43.0s/7m30.0s

running (0m44.0s), 02/50 VUs, 11 complete and 0 interrupted iterations
concurrency   [  10% ] 02/50 VUs  0m44.0s/7m30.0s

running (0m45.0s), 02/50 VUs, 11 complete and 0 interrupted iterations
concurrency   [  10% ] 02/50 VUs  0m45.0s/7m30.0s

running (0m46.0s), 03/50 VUs, 13 complete and 0 interrupted iterations
concurrency   [  10% ] 03/50 VUs  0m46.0s/7m30.0s

running (0m47.0s), 03/50 VUs, 13 complete and 0 interrupted iterations
concurrency   [  10% ] 03/50 VUs  0m47.0s/7m30.0s

running (0m48.0s), 03/50 VUs, 13 complete and 0 interrupted iterations
concurrency   [  11% ] 03/50 VUs  0m48.0s/7m30.0s

running (0m49.0s), 03/50 VUs, 13 complete and 0 interrupted iterations
concurrency   [  11% ] 03/50 VUs  0m49.0s/7m30.0s

running (0m50.0s), 03/50 VUs, 16 complete and 0 interrupted iterations
concurrency   [  11% ] 03/50 VUs  0m50.0s/7m30.0s

running (0m51.0s), 03/50 VUs, 16 complete and 0 interrupted iterations
concurrency   [  11% ] 03/50 VUs  0m51.0s/7m30.0s

running (0m52.0s), 03/50 VUs, 16 complete and 0 interrupted iterations
concurrency   [  12% ] 03/50 VUs  0m52.0s/7m30.0s

running (0m53.0s), 03/50 VUs, 16 complete and 0 interrupted iterations
concurrency   [  12% ] 03/50 VUs  0m53.0s/7m30.0s

running (0m54.0s), 03/50 VUs, 16 complete and 0 interrupted iterations
concurrency   [  12% ] 03/50 VUs  0m54.0s/7m30.0s

running (0m55.0s), 03/50 VUs, 19 complete and 0 interrupted iterations
concurrency   [  12% ] 03/50 VUs  0m55.0s/7m30.0s

running (0m56.0s), 03/50 VUs, 19 complete and 0 interrupted iterations
concurrency   [  12% ] 03/50 VUs  0m56.0s/7m30.0s

running (0m57.0s), 03/50 VUs, 19 complete and 0 interrupted iterations
concurrency   [  13% ] 03/50 VUs  0m57.0s/7m30.0s

running (0m58.0s), 03/50 VUs, 19 complete and 0 interrupted iterations
concurrency   [  13% ] 03/50 VUs  0m58.0s/7m30.0s

running (0m59.0s), 03/50 VUs, 19 complete and 0 interrupted iterations
concurrency   [  13% ] 03/50 VUs  0m59.0s/7m30.0s

running (1m00.0s), 03/50 VUs, 19 complete and 0 interrupted iterations
concurrency   [  13% ] 03/50 VUs  1m00.0s/7m30.0s

running (1m01.0s), 03/50 VUs, 22 complete and 0 interrupted iterations
concurrency   [  14% ] 03/50 VUs  1m01.0s/7m30.0s

running (1m02.0s), 03/50 VUs, 22 complete and 0 interrupted iterations
concurrency   [  14% ] 03/50 VUs  1m02.0s/7m30.0s

running (1m03.0s), 03/50 VUs, 22 complete and 0 interrupted iterations
concurrency   [  14% ] 03/50 VUs  1m03.0s/7m30.0s

running (1m04.0s), 03/50 VUs, 22 complete and 0 interrupted iterations
concurrency   [  14% ] 03/50 VUs  1m04.0s/7m30.0s

running (1m05.0s), 03/50 VUs, 22 complete and 0 interrupted iterations
concurrency   [  14% ] 03/50 VUs  1m05.0s/7m30.0s

running (1m06.0s), 03/50 VUs, 22 complete and 0 interrupted iterations
concurrency   [  15% ] 03/50 VUs  1m06.0s/7m30.0s

running (1m07.0s), 03/50 VUs, 25 complete and 0 interrupted iterations
concurrency   [  15% ] 03/50 VUs  1m07.0s/7m30.0s

running (1m08.0s), 04/50 VUs, 25 complete and 0 interrupted iterations
concurrency   [  15% ] 04/50 VUs  1m08.0s/7m30.0s

running (1m09.0s), 04/50 VUs, 25 complete and 0 interrupted iterations
concurrency   [  15% ] 04/50 VUs  1m09.0s/7m30.0s

running (1m10.0s), 04/50 VUs, 25 complete and 0 interrupted iterations
concurrency   [  16% ] 04/50 VUs  1m10.0s/7m30.0s

running (1m11.0s), 04/50 VUs, 25 complete and 0 interrupted iterations
concurrency   [  16% ] 04/50 VUs  1m11.0s/7m30.0s

running (1m12.0s), 04/50 VUs, 29 complete and 0 interrupted iterations
concurrency   [  16% ] 04/50 VUs  1m12.0s/7m30.0s

running (1m13.0s), 04/50 VUs, 29 complete and 0 interrupted iterations
concurrency   [  16% ] 04/50 VUs  1m13.0s/7m30.0s

running (1m14.0s), 04/50 VUs, 29 complete and 0 interrupted iterations
concurrency   [  16% ] 04/50 VUs  1m14.0s/7m30.0s

running (1m15.0s), 04/50 VUs, 29 complete and 0 interrupted iterations
concurrency   [  17% ] 04/50 VUs  1m15.0s/7m30.0s

running (1m16.0s), 04/50 VUs, 29 complete and 0 interrupted iterations
concurrency   [  17% ] 04/50 VUs  1m16.0s/7m30.0s

running (1m17.0s), 04/50 VUs, 33 complete and 0 interrupted iterations
concurrency   [  17% ] 04/50 VUs  1m17.0s/7m30.0s

running (1m18.0s), 04/50 VUs, 33 complete and 0 interrupted iterations
concurrency   [  17% ] 04/50 VUs  1m18.0s/7m30.0s

running (1m19.0s), 04/50 VUs, 33 complete and 0 interrupted iterations
concurrency   [  18% ] 04/50 VUs  1m19.0s/7m30.0s

running (1m20.0s), 04/50 VUs, 33 complete and 0 interrupted iterations
concurrency   [  18% ] 04/50 VUs  1m20.0s/7m30.0s

running (1m21.0s), 04/50 VUs, 33 complete and 0 interrupted iterations
concurrency   [  18% ] 04/50 VUs  1m21.0s/7m30.0s

running (1m22.0s), 04/50 VUs, 37 complete and 0 interrupted iterations
concurrency   [  18% ] 04/50 VUs  1m22.0s/7m30.0s

running (1m23.0s), 04/50 VUs, 37 complete and 0 interrupted iterations
concurrency   [  18% ] 04/50 VUs  1m23.0s/7m30.0s

running (1m24.0s), 04/50 VUs, 37 complete and 0 interrupted iterations
concurrency   [  19% ] 04/50 VUs  1m24.0s/7m30.0s

running (1m25.0s), 04/50 VUs, 37 complete and 0 interrupted iterations
concurrency   [  19% ] 04/50 VUs  1m25.0s/7m30.0s

running (1m26.0s), 04/50 VUs, 38 complete and 0 interrupted iterations
concurrency   [  19% ] 04/50 VUs  1m26.0s/7m30.0s

running (1m27.0s), 04/50 VUs, 41 complete and 0 interrupted iterations
concurrency   [  19% ] 04/50 VUs  1m27.0s/7m30.0s

running (1m28.0s), 04/50 VUs, 41 complete and 0 interrupted iterations
concurrency   [  20% ] 04/50 VUs  1m28.0s/7m30.0s

running (1m29.0s), 04/50 VUs, 41 complete and 0 interrupted iterations
concurrency   [  20% ] 04/50 VUs  1m29.0s/7m30.0s

running (1m30.0s), 04/50 VUs, 41 complete and 0 interrupted iterations
concurrency   [  20% ] 04/50 VUs  1m30.0s/7m30.0s

running (1m31.0s), 05/50 VUs, 44 complete and 0 interrupted iterations
concurrency   [  20% ] 05/50 VUs  1m31.0s/7m30.0s

running (1m32.0s), 05/50 VUs, 45 complete and 0 interrupted iterations
concurrency   [  20% ] 05/50 VUs  1m32.0s/7m30.0s

running (1m33.0s), 05/50 VUs, 45 complete and 0 interrupted iterations
concurrency   [  21% ] 05/50 VUs  1m33.0s/7m30.0s

running (1m34.0s), 05/50 VUs, 45 complete and 0 interrupted iterations
concurrency   [  21% ] 05/50 VUs  1m34.0s/7m30.0s

running (1m35.0s), 05/50 VUs, 45 complete and 0 interrupted iterations
concurrency   [  21% ] 05/50 VUs  1m35.0s/7m30.0s

running (1m36.0s), 05/50 VUs, 49 complete and 0 interrupted iterations
concurrency   [  21% ] 05/50 VUs  1m36.0s/7m30.0s

running (1m37.0s), 05/50 VUs, 50 complete and 0 interrupted iterations
concurrency   [  22% ] 05/50 VUs  1m37.0s/7m30.0s

running (1m38.0s), 05/50 VUs, 50 complete and 0 interrupted iterations
concurrency   [  22% ] 05/50 VUs  1m38.0s/7m30.0s

running (1m39.0s), 05/50 VUs, 50 complete and 0 interrupted iterations
concurrency   [  22% ] 05/50 VUs  1m39.0s/7m30.0s

running (1m40.0s), 05/50 VUs, 50 complete and 0 interrupted iterations
concurrency   [  22% ] 05/50 VUs  1m40.0s/7m30.0s

running (1m41.0s), 05/50 VUs, 51 complete and 0 interrupted iterations
concurrency   [  22% ] 05/50 VUs  1m41.0s/7m30.0s

running (1m42.0s), 05/50 VUs, 55 complete and 0 interrupted iterations
concurrency   [  23% ] 05/50 VUs  1m42.0s/7m30.0s

running (1m43.0s), 05/50 VUs, 55 complete and 0 interrupted iterations
concurrency   [  23% ] 05/50 VUs  1m43.0s/7m30.0s

running (1m44.0s), 05/50 VUs, 55 complete and 0 interrupted iterations
concurrency   [  23% ] 05/50 VUs  1m44.0s/7m30.0s

running (1m45.0s), 05/50 VUs, 55 complete and 0 interrupted iterations
concurrency   [  23% ] 05/50 VUs  1m45.0s/7m30.0s

running (1m46.0s), 05/50 VUs, 55 complete and 0 interrupted iterations
concurrency   [  24% ] 05/50 VUs  1m46.0s/7m30.0s

running (1m47.0s), 05/50 VUs, 60 complete and 0 interrupted iterations
concurrency   [  24% ] 05/50 VUs  1m47.0s/7m30.0s

running (1m48.0s), 05/50 VUs, 60 complete and 0 interrupted iterations
concurrency   [  24% ] 05/50 VUs  1m48.0s/7m30.0s

running (1m49.0s), 06/50 VUs, 60 complete and 0 interrupted iterations
concurrency   [  24% ] 06/50 VUs  1m49.0s/7m30.0s

running (1m50.0s), 06/50 VUs, 60 complete and 0 interrupted iterations
concurrency   [  24% ] 06/50 VUs  1m50.0s/7m30.0s

running (1m51.0s), 06/50 VUs, 62 complete and 0 interrupted iterations
concurrency   [  25% ] 06/50 VUs  1m51.0s/7m30.0s

running (1m52.0s), 06/50 VUs, 65 complete and 0 interrupted iterations
concurrency   [  25% ] 06/50 VUs  1m52.0s/7m30.0s

running (1m53.0s), 06/50 VUs, 66 complete and 0 interrupted iterations
concurrency   [  25% ] 06/50 VUs  1m53.0s/7m30.0s

running (1m54.0s), 06/50 VUs, 66 complete and 0 interrupted iterations
concurrency   [  25% ] 06/50 VUs  1m54.0s/7m30.0s

running (1m55.0s), 06/50 VUs, 66 complete and 0 interrupted iterations
concurrency   [  26% ] 06/50 VUs  1m55.0s/7m30.0s

running (1m56.0s), 06/50 VUs, 66 complete and 0 interrupted iterations
concurrency   [  26% ] 06/50 VUs  1m56.0s/7m30.0s

running (1m57.0s), 06/50 VUs, 71 complete and 0 interrupted iterations
concurrency   [  26% ] 06/50 VUs  1m57.0s/7m30.0s

running (1m58.0s), 06/50 VUs, 72 complete and 0 interrupted iterations
concurrency   [  26% ] 06/50 VUs  1m58.0s/7m30.0s

running (1m59.0s), 06/50 VUs, 72 complete and 0 interrupted iterations
concurrency   [  26% ] 06/50 VUs  1m59.0s/7m30.0s

running (2m00.0s), 06/50 VUs, 72 complete and 0 interrupted iterations
concurrency   [  27% ] 06/50 VUs  2m00.0s/7m30.0s

running (2m01.0s), 06/50 VUs, 74 complete and 0 interrupted iterations
concurrency   [  27% ] 06/50 VUs  2m01.0s/7m30.0s

running (2m02.0s), 06/50 VUs, 74 complete and 0 interrupted iterations
concurrency   [  27% ] 06/50 VUs  2m02.0s/7m30.0s

running (2m03.0s), 06/50 VUs, 78 complete and 0 interrupted iterations
concurrency   [  27% ] 06/50 VUs  2m03.0s/7m30.0s

running (2m04.0s), 06/50 VUs, 78 complete and 0 interrupted iterations
concurrency   [  28% ] 06/50 VUs  2m04.0s/7m30.0s

running (2m05.0s), 06/50 VUs, 79 complete and 0 interrupted iterations
concurrency   [  28% ] 06/50 VUs  2m05.0s/7m30.0s

running (2m06.0s), 06/50 VUs, 80 complete and 0 interrupted iterations
concurrency   [  28% ] 06/50 VUs  2m06.0s/7m30.0s

running (2m07.0s), 07/50 VUs, 81 complete and 0 interrupted iterations
concurrency   [  28% ] 07/50 VUs  2m07.0s/7m30.0s

running (2m08.0s), 07/50 VUs, 81 complete and 0 interrupted iterations
concurrency   [  28% ] 07/50 VUs  2m08.0s/7m30.0s

running (2m09.0s), 07/50 VUs, 82 complete and 0 interrupted iterations
concurrency   [  29% ] 07/50 VUs  2m09.0s/7m30.0s

running (2m10.0s), 07/50 VUs, 84 complete and 0 interrupted iterations
concurrency   [  29% ] 07/50 VUs  2m10.0s/7m30.0s

running (2m11.0s), 07/50 VUs, 86 complete and 0 interrupted iterations
concurrency   [  29% ] 07/50 VUs  2m11.0s/7m30.0s

running (2m12.0s), 07/50 VUs, 88 complete and 0 interrupted iterations
concurrency   [  29% ] 07/50 VUs  2m12.0s/7m30.0s

running (2m13.0s), 07/50 VUs, 88 complete and 0 interrupted iterations
concurrency   [  30% ] 07/50 VUs  2m13.0s/7m30.0s

running (2m14.0s), 07/50 VUs, 88 complete and 0 interrupted iterations
concurrency   [  30% ] 07/50 VUs  2m14.0s/7m30.0s

running (2m15.0s), 07/50 VUs, 91 complete and 0 interrupted iterations
concurrency   [  30% ] 07/50 VUs  2m15.0s/7m30.0s

running (2m16.0s), 07/50 VUs, 92 complete and 0 interrupted iterations
concurrency   [  30% ] 07/50 VUs  2m16.0s/7m30.0s

running (2m17.0s), 07/50 VUs, 95 complete and 0 interrupted iterations
concurrency   [  30% ] 07/50 VUs  2m17.0s/7m30.0s

running (2m18.0s), 07/50 VUs, 95 complete and 0 interrupted iterations
concurrency   [  31% ] 07/50 VUs  2m18.0s/7m30.0s

running (2m19.0s), 07/50 VUs, 95 complete and 0 interrupted iterations
concurrency   [  31% ] 07/50 VUs  2m19.0s/7m30.0s

running (2m20.0s), 07/50 VUs, 97 complete and 0 interrupted iterations
concurrency   [  31% ] 07/50 VUs  2m20.0s/7m30.0s

running (2m21.0s), 07/50 VUs, 101 complete and 0 interrupted iterations
concurrency   [  31% ] 07/50 VUs  2m21.0s/7m30.0s

running (2m22.0s), 07/50 VUs, 102 complete and 0 interrupted iterations
concurrency   [  32% ] 07/50 VUs  2m22.0s/7m30.0s

running (2m23.0s), 07/50 VUs, 102 complete and 0 interrupted iterations
concurrency   [  32% ] 07/50 VUs  2m23.0s/7m30.0s

running (2m24.0s), 07/50 VUs, 102 complete and 0 interrupted iterations
concurrency   [  32% ] 07/50 VUs  2m24.0s/7m30.0s

running (2m25.0s), 08/50 VUs, 106 complete and 0 interrupted iterations
concurrency   [  32% ] 08/50 VUs  2m25.0s/7m30.0s

running (2m26.0s), 08/50 VUs, 106 complete and 0 interrupted iterations
concurrency   [  32% ] 08/50 VUs  2m26.0s/7m30.0s

running (2m27.0s), 08/50 VUs, 109 complete and 0 interrupted iterations
concurrency   [  33% ] 08/50 VUs  2m27.0s/7m30.0s

running (2m28.0s), 08/50 VUs, 110 complete and 0 interrupted iterations
concurrency   [  33% ] 08/50 VUs  2m28.0s/7m30.0s

running (2m29.0s), 08/50 VUs, 110 complete and 0 interrupted iterations
concurrency   [  33% ] 08/50 VUs  2m29.0s/7m30.0s

running (2m30.0s), 08/50 VUs, 110 complete and 0 interrupted iterations
concurrency   [  33% ] 08/50 VUs  2m30.0s/7m30.0s

running (2m31.0s), 08/50 VUs, 114 complete and 0 interrupted iterations
concurrency   [  34% ] 08/50 VUs  2m31.0s/7m30.0s

running (2m32.0s), 08/50 VUs, 117 complete and 0 interrupted iterations
concurrency   [  34% ] 08/50 VUs  2m32.0s/7m30.0s

running (2m33.0s), 08/50 VUs, 118 complete and 0 interrupted iterations
concurrency   [  34% ] 08/50 VUs  2m33.0s/7m30.0s

running (2m34.0s), 08/50 VUs, 118 complete and 0 interrupted iterations
concurrency   [  34% ] 08/50 VUs  2m34.0s/7m30.0s

running (2m35.0s), 08/50 VUs, 118 complete and 0 interrupted iterations
concurrency   [  34% ] 08/50 VUs  2m35.0s/7m30.0s

running (2m36.0s), 08/50 VUs, 118 complete and 0 interrupted iterations
concurrency   [  35% ] 08/50 VUs  2m36.0s/7m30.0s

running (2m37.0s), 08/50 VUs, 125 complete and 0 interrupted iterations
concurrency   [  35% ] 08/50 VUs  2m37.0s/7m30.0s

running (2m38.0s), 08/50 VUs, 126 complete and 0 interrupted iterations
concurrency   [  35% ] 08/50 VUs  2m38.0s/7m30.0s

running (2m39.0s), 08/50 VUs, 126 complete and 0 interrupted iterations
concurrency   [  35% ] 08/50 VUs  2m39.0s/7m30.0s

running (2m40.0s), 08/50 VUs, 126 complete and 0 interrupted iterations
concurrency   [  36% ] 08/50 VUs  2m40.0s/7m30.0s

running (2m41.0s), 08/50 VUs, 126 complete and 0 interrupted iterations
concurrency   [  36% ] 08/50 VUs  2m41.0s/7m30.0s

running (2m42.0s), 08/50 VUs, 126 complete and 0 interrupted iterations
concurrency   [  36% ] 08/50 VUs  2m42.0s/7m30.0s

running (2m43.0s), 09/50 VUs, 132 complete and 0 interrupted iterations
concurrency   [  36% ] 09/50 VUs  2m43.0s/7m30.0s

running (2m44.0s), 09/50 VUs, 134 complete and 0 interrupted iterations
concurrency   [  36% ] 09/50 VUs  2m44.0s/7m30.0s

running (2m45.0s), 09/50 VUs, 134 complete and 0 interrupted iterations
concurrency   [  37% ] 09/50 VUs  2m45.0s/7m30.0s

running (2m46.0s), 09/50 VUs, 134 complete and 0 interrupted iterations
concurrency   [  37% ] 09/50 VUs  2m46.0s/7m30.0s

running (2m47.0s), 09/50 VUs, 134 complete and 0 interrupted iterations
concurrency   [  37% ] 09/50 VUs  2m47.0s/7m30.0s

running (2m48.0s), 09/50 VUs, 141 complete and 0 interrupted iterations
concurrency   [  37% ] 09/50 VUs  2m48.0s/7m30.0s

running (2m49.0s), 09/50 VUs, 143 complete and 0 interrupted iterations
concurrency   [  38% ] 09/50 VUs  2m49.0s/7m30.0s

running (2m50.0s), 09/50 VUs, 143 complete and 0 interrupted iterations
concurrency   [  38% ] 09/50 VUs  2m50.0s/7m30.0s

running (2m51.0s), 09/50 VUs, 143 complete and 0 interrupted iterations
concurrency   [  38% ] 09/50 VUs  2m51.0s/7m30.0s

running (2m52.0s), 09/50 VUs, 143 complete and 0 interrupted iterations
concurrency   [  38% ] 09/50 VUs  2m52.0s/7m30.0s

running (2m53.0s), 09/50 VUs, 148 complete and 0 interrupted iterations
concurrency   [  38% ] 09/50 VUs  2m53.0s/7m30.0s

running (2m54.0s), 09/50 VUs, 148 complete and 0 interrupted iterations
concurrency   [  39% ] 09/50 VUs  2m54.0s/7m30.0s

running (2m55.0s), 09/50 VUs, 152 complete and 0 interrupted iterations
concurrency   [  39% ] 09/50 VUs  2m55.0s/7m30.0s

running (2m56.0s), 09/50 VUs, 152 complete and 0 interrupted iterations
concurrency   [  39% ] 09/50 VUs  2m56.0s/7m30.0s

running (2m57.0s), 09/50 VUs, 152 complete and 0 interrupted iterations
concurrency   [  39% ] 09/50 VUs  2m57.0s/7m30.0s

running (2m58.0s), 09/50 VUs, 155 complete and 0 interrupted iterations
concurrency   [  40% ] 09/50 VUs  2m58.0s/7m30.0s

running (2m59.0s), 09/50 VUs, 156 complete and 0 interrupted iterations
concurrency   [  40% ] 09/50 VUs  2m59.0s/7m30.0s

running (3m00.0s), 09/50 VUs, 161 complete and 0 interrupted iterations
concurrency   [  40% ] 09/50 VUs  3m00.0s/7m30.0s

running (3m01.0s), 10/50 VUs, 161 complete and 0 interrupted iterations
concurrency   [  40% ] 10/50 VUs  3m01.0s/7m30.0s

running (3m02.0s), 10/50 VUs, 161 complete and 0 interrupted iterations
concurrency   [  40% ] 10/50 VUs  3m02.0s/7m30.0s

running (3m03.0s), 10/50 VUs, 164 complete and 0 interrupted iterations
concurrency   [  41% ] 10/50 VUs  3m03.0s/7m30.0s

running (3m04.0s), 10/50 VUs, 164 complete and 0 interrupted iterations
concurrency   [  41% ] 10/50 VUs  3m04.0s/7m30.0s

running (3m05.0s), 10/50 VUs, 164 complete and 0 interrupted iterations
concurrency   [  41% ] 10/50 VUs  3m05.0s/7m30.0s

running (3m06.0s), 10/50 VUs, 166 complete and 0 interrupted iterations
concurrency   [  41% ] 10/50 VUs  3m06.0s/7m30.0s

running (3m07.0s), 10/50 VUs, 167 complete and 0 interrupted iterations
concurrency   [  42% ] 10/50 VUs  3m07.0s/7m30.0s

running (3m08.0s), 10/50 VUs, 173 complete and 0 interrupted iterations
concurrency   [  42% ] 10/50 VUs  3m08.0s/7m30.0s

running (3m09.0s), 10/50 VUs, 174 complete and 0 interrupted iterations
concurrency   [  42% ] 10/50 VUs  3m09.0s/7m30.0s

running (3m10.0s), 11/50 VUs, 174 complete and 0 interrupted iterations
concurrency   [  42% ] 11/50 VUs  3m10.0s/7m30.0s

running (3m11.0s), 11/50 VUs, 174 complete and 0 interrupted iterations
concurrency   [  42% ] 11/50 VUs  3m11.0s/7m30.0s

running (3m12.0s), 11/50 VUs, 177 complete and 0 interrupted iterations
concurrency   [  43% ] 11/50 VUs  3m12.0s/7m30.0s

running (3m13.0s), 11/50 VUs, 178 complete and 0 interrupted iterations
concurrency   [  43% ] 11/50 VUs  3m13.0s/7m30.0s

running (3m14.0s), 11/50 VUs, 181 complete and 0 interrupted iterations
concurrency   [  43% ] 11/50 VUs  3m14.0s/7m30.0s

running (3m15.0s), 11/50 VUs, 181 complete and 0 interrupted iterations
concurrency   [  43% ] 11/50 VUs  3m15.0s/7m30.0s

running (3m16.0s), 11/50 VUs, 185 complete and 0 interrupted iterations
concurrency   [  44% ] 11/50 VUs  3m16.0s/7m30.0s

running (3m17.0s), 11/50 VUs, 185 complete and 0 interrupted iterations
concurrency   [  44% ] 11/50 VUs  3m17.0s/7m30.0s

running (3m18.0s), 11/50 VUs, 185 complete and 0 interrupted iterations
concurrency   [  44% ] 11/50 VUs  3m18.0s/7m30.0s

running (3m19.0s), 12/50 VUs, 185 complete and 0 interrupted iterations
concurrency   [  44% ] 12/50 VUs  3m19.0s/7m30.0s

running (3m20.0s), 12/50 VUs, 185 complete and 0 interrupted iterations
concurrency   [  44% ] 12/50 VUs  3m20.0s/7m30.0s

running (3m21.0s), 12/50 VUs, 188 complete and 0 interrupted iterations
concurrency   [  45% ] 12/50 VUs  3m21.0s/7m30.0s

running (3m22.0s), 12/50 VUs, 196 complete and 0 interrupted iterations
concurrency   [  45% ] 12/50 VUs  3m22.0s/7m30.0s

running (3m23.0s), 12/50 VUs, 196 complete and 0 interrupted iterations
concurrency   [  45% ] 12/50 VUs  3m23.0s/7m30.0s

running (3m24.0s), 12/50 VUs, 197 complete and 0 interrupted iterations
concurrency   [  45% ] 12/50 VUs  3m24.0s/7m30.0s

running (3m25.0s), 12/50 VUs, 197 complete and 0 interrupted iterations
concurrency   [  46% ] 12/50 VUs  3m25.0s/7m30.0s

running (3m26.0s), 12/50 VUs, 197 complete and 0 interrupted iterations
concurrency   [  46% ] 12/50 VUs  3m26.0s/7m30.0s

running (3m27.0s), 12/50 VUs, 197 complete and 0 interrupted iterations
concurrency   [  46% ] 12/50 VUs  3m27.0s/7m30.0s

running (3m28.0s), 13/50 VUs, 197 complete and 0 interrupted iterations
concurrency   [  46% ] 13/50 VUs  3m28.0s/7m30.0s

running (3m29.0s), 13/50 VUs, 207 complete and 0 interrupted iterations
concurrency   [  46% ] 13/50 VUs  3m29.0s/7m30.0s

running (3m30.0s), 13/50 VUs, 209 complete and 0 interrupted iterations
concurrency   [  47% ] 13/50 VUs  3m30.0s/7m30.0s

running (3m31.0s), 13/50 VUs, 209 complete and 0 interrupted iterations
concurrency   [  47% ] 13/50 VUs  3m31.0s/7m30.0s

running (3m32.0s), 13/50 VUs, 211 complete and 0 interrupted iterations
concurrency   [  47% ] 13/50 VUs  3m32.0s/7m30.0s

running (3m33.0s), 13/50 VUs, 213 complete and 0 interrupted iterations
concurrency   [  47% ] 13/50 VUs  3m33.0s/7m30.0s

running (3m34.0s), 13/50 VUs, 220 complete and 0 interrupted iterations
concurrency   [  48% ] 13/50 VUs  3m34.0s/7m30.0s

running (3m35.0s), 13/50 VUs, 222 complete and 0 interrupted iterations
concurrency   [  48% ] 13/50 VUs  3m35.0s/7m30.0s

running (3m36.0s), 13/50 VUs, 222 complete and 0 interrupted iterations
concurrency   [  48% ] 13/50 VUs  3m36.0s/7m30.0s

running (3m37.0s), 14/50 VUs, 223 complete and 0 interrupted iterations
concurrency   [  48% ] 14/50 VUs  3m37.0s/7m30.0s

running (3m38.0s), 14/50 VUs, 227 complete and 0 interrupted iterations
concurrency   [  48% ] 14/50 VUs  3m38.0s/7m30.0s

running (3m39.0s), 14/50 VUs, 234 complete and 0 interrupted iterations
concurrency   [  49% ] 14/50 VUs  3m39.0s/7m30.0s

running (3m40.0s), 14/50 VUs, 235 complete and 0 interrupted iterations
concurrency   [  49% ] 14/50 VUs  3m40.0s/7m30.0s

running (3m41.0s), 14/50 VUs, 236 complete and 0 interrupted iterations
concurrency   [  49% ] 14/50 VUs  3m41.0s/7m30.0s

running (3m42.0s), 14/50 VUs, 236 complete and 0 interrupted iterations
concurrency   [  49% ] 14/50 VUs  3m42.0s/7m30.0s

running (3m43.0s), 14/50 VUs, 240 complete and 0 interrupted iterations
concurrency   [  50% ] 14/50 VUs  3m43.0s/7m30.0s

running (3m44.0s), 14/50 VUs, 240 complete and 0 interrupted iterations
concurrency   [  50% ] 14/50 VUs  3m44.0s/7m30.0s

running (3m45.0s), 14/50 VUs, 245 complete and 0 interrupted iterations
concurrency   [  50% ] 14/50 VUs  3m45.0s/7m30.0s

running (3m46.0s), 15/50 VUs, 249 complete and 0 interrupted iterations
concurrency   [  50% ] 15/50 VUs  3m46.0s/7m30.0s

running (3m47.0s), 15/50 VUs, 254 complete and 0 interrupted iterations
concurrency   [  50% ] 15/50 VUs  3m47.0s/7m30.0s

running (3m48.0s), 15/50 VUs, 254 complete and 0 interrupted iterations
concurrency   [  51% ] 15/50 VUs  3m48.0s/7m30.0s

running (3m49.0s), 15/50 VUs, 254 complete and 0 interrupted iterations
concurrency   [  51% ] 15/50 VUs  3m49.0s/7m30.0s

running (3m50.0s), 15/50 VUs, 254 complete and 0 interrupted iterations
concurrency   [  51% ] 15/50 VUs  3m50.0s/7m30.0s

running (3m51.0s), 15/50 VUs, 254 complete and 0 interrupted iterations
concurrency   [  51% ] 15/50 VUs  3m51.0s/7m30.0s

running (3m52.0s), 15/50 VUs, 262 complete and 0 interrupted iterations
concurrency   [  52% ] 15/50 VUs  3m52.0s/7m30.0s

running (3m53.0s), 15/50 VUs, 264 complete and 0 interrupted iterations
concurrency   [  52% ] 15/50 VUs  3m53.0s/7m30.0s

running (3m54.0s), 15/50 VUs, 269 complete and 0 interrupted iterations
concurrency   [  52% ] 15/50 VUs  3m54.0s/7m30.0s

running (3m55.0s), 16/50 VUs, 269 complete and 0 interrupted iterations
concurrency   [  52% ] 16/50 VUs  3m55.0s/7m30.0s

running (3m56.0s), 16/50 VUs, 269 complete and 0 interrupted iterations
concurrency   [  52% ] 16/50 VUs  3m56.0s/7m30.0s

running (3m57.0s), 16/50 VUs, 269 complete and 0 interrupted iterations
concurrency   [  53% ] 16/50 VUs  3m57.0s/7m30.0s

running (3m58.0s), 16/50 VUs, 269 complete and 0 interrupted iterations
concurrency   [  53% ] 16/50 VUs  3m58.0s/7m30.0s

running (3m59.0s), 16/50 VUs, 272 complete and 0 interrupted iterations
concurrency   [  53% ] 16/50 VUs  3m59.0s/7m30.0s

running (4m00.0s), 16/50 VUs, 279 complete and 0 interrupted iterations
concurrency   [  53% ] 16/50 VUs  4m00.0s/7m30.0s

running (4m01.0s), 16/50 VUs, 283 complete and 0 interrupted iterations
concurrency   [  54% ] 16/50 VUs  4m01.0s/7m30.0s

running (4m02.0s), 16/50 VUs, 285 complete and 0 interrupted iterations
concurrency   [  54% ] 16/50 VUs  4m02.0s/7m30.0s

running (4m03.0s), 16/50 VUs, 285 complete and 0 interrupted iterations
concurrency   [  54% ] 16/50 VUs  4m03.0s/7m30.0s

running (4m04.0s), 17/50 VUs, 287 complete and 0 interrupted iterations
concurrency   [  54% ] 17/50 VUs  4m04.0s/7m30.0s

running (4m05.0s), 17/50 VUs, 289 complete and 0 interrupted iterations
concurrency   [  54% ] 17/50 VUs  4m05.0s/7m30.0s

running (4m06.0s), 17/50 VUs, 295 complete and 0 interrupted iterations
concurrency   [  55% ] 17/50 VUs  4m06.0s/7m30.0s

running (4m07.0s), 17/50 VUs, 299 complete and 0 interrupted iterations
concurrency   [  55% ] 17/50 VUs  4m07.0s/7m30.0s

running (4m08.0s), 17/50 VUs, 301 complete and 0 interrupted iterations
concurrency   [  55% ] 17/50 VUs  4m08.0s/7m30.0s

running (4m09.0s), 17/50 VUs, 304 complete and 0 interrupted iterations
concurrency   [  55% ] 17/50 VUs  4m09.0s/7m30.0s

running (4m10.0s), 17/50 VUs, 306 complete and 0 interrupted iterations
concurrency   [  56% ] 17/50 VUs  4m10.0s/7m30.0s

running (4m11.0s), 17/50 VUs, 306 complete and 0 interrupted iterations
concurrency   [  56% ] 17/50 VUs  4m11.0s/7m30.0s

running (4m12.0s), 17/50 VUs, 306 complete and 0 interrupted iterations
concurrency   [  56% ] 17/50 VUs  4m12.0s/7m30.0s

running (4m13.0s), 18/50 VUs, 306 complete and 0 interrupted iterations
concurrency   [  56% ] 18/50 VUs  4m13.0s/7m30.0s

running (4m14.0s), 18/50 VUs, 306 complete and 0 interrupted iterations
concurrency   [  56% ] 18/50 VUs  4m14.0s/7m30.0s

running (4m15.0s), 18/50 VUs, 307 complete and 0 interrupted iterations
concurrency   [  57% ] 18/50 VUs  4m15.0s/7m30.0s

running (4m16.0s), 18/50 VUs, 316 complete and 0 interrupted iterations
concurrency   [  57% ] 18/50 VUs  4m16.0s/7m30.0s

running (4m17.0s), 18/50 VUs, 322 complete and 0 interrupted iterations
concurrency   [  57% ] 18/50 VUs  4m17.0s/7m30.0s

running (4m18.0s), 18/50 VUs, 324 complete and 0 interrupted iterations
concurrency   [  57% ] 18/50 VUs  4m18.0s/7m30.0s

running (4m19.0s), 18/50 VUs, 325 complete and 0 interrupted iterations
concurrency   [  58% ] 18/50 VUs  4m19.0s/7m30.0s

running (4m20.0s), 18/50 VUs, 329 complete and 0 interrupted iterations
concurrency   [  58% ] 18/50 VUs  4m20.0s/7m30.0s

running (4m21.0s), 18/50 VUs, 331 complete and 0 interrupted iterations
concurrency   [  58% ] 18/50 VUs  4m21.0s/7m30.0s

running (4m22.0s), 19/50 VUs, 338 complete and 0 interrupted iterations
concurrency   [  58% ] 19/50 VUs  4m22.0s/7m30.0s

running (4m23.0s), 19/50 VUs, 342 complete and 0 interrupted iterations
concurrency   [  58% ] 19/50 VUs  4m23.0s/7m30.0s

running (4m24.0s), 19/50 VUs, 342 complete and 0 interrupted iterations
concurrency   [  59% ] 19/50 VUs  4m24.0s/7m30.0s

running (4m25.0s), 19/50 VUs, 342 complete and 0 interrupted iterations
concurrency   [  59% ] 19/50 VUs  4m25.0s/7m30.0s

running (4m26.0s), 19/50 VUs, 342 complete and 0 interrupted iterations
concurrency   [  59% ] 19/50 VUs  4m26.0s/7m30.0s

running (4m27.0s), 19/50 VUs, 342 complete and 0 interrupted iterations
concurrency   [  59% ] 19/50 VUs  4m27.0s/7m30.0s

running (4m28.0s), 19/50 VUs, 351 complete and 0 interrupted iterations
concurrency   [  60% ] 19/50 VUs  4m28.0s/7m30.0s

running (4m29.0s), 19/50 VUs, 354 complete and 0 interrupted iterations
concurrency   [  60% ] 19/50 VUs  4m29.0s/7m30.0s

running (4m30.0s), 19/50 VUs, 361 complete and 0 interrupted iterations
concurrency   [  60% ] 19/50 VUs  4m30.0s/7m30.0s

running (4m31.0s), 20/50 VUs, 361 complete and 0 interrupted iterations
concurrency   [  60% ] 20/50 VUs  4m31.0s/7m30.0s

running (4m32.0s), 20/50 VUs, 361 complete and 0 interrupted iterations
concurrency   [  60% ] 20/50 VUs  4m32.0s/7m30.0s

running (4m33.0s), 20/50 VUs, 361 complete and 0 interrupted iterations
concurrency   [  61% ] 20/50 VUs  4m33.0s/7m30.0s

running (4m34.0s), 21/50 VUs, 361 complete and 0 interrupted iterations
concurrency   [  61% ] 21/50 VUs  4m34.0s/7m30.0s

running (4m35.0s), 21/50 VUs, 364 complete and 0 interrupted iterations
concurrency   [  61% ] 21/50 VUs  4m35.0s/7m30.0s

running (4m36.0s), 21/50 VUs, 365 complete and 0 interrupted iterations
concurrency   [  61% ] 21/50 VUs  4m36.0s/7m30.0s

running (4m37.0s), 22/50 VUs, 373 complete and 0 interrupted iterations
concurrency   [  62% ] 22/50 VUs  4m37.0s/7m30.0s

running (4m38.0s), 22/50 VUs, 374 complete and 0 interrupted iterations
concurrency   [  62% ] 22/50 VUs  4m38.0s/7m30.0s

running (4m39.0s), 22/50 VUs, 382 complete and 0 interrupted iterations
concurrency   [  62% ] 22/50 VUs  4m39.0s/7m30.0s

running (4m40.0s), 23/50 VUs, 382 complete and 0 interrupted iterations
concurrency   [  62% ] 23/50 VUs  4m40.0s/7m30.0s

running (4m41.0s), 23/50 VUs, 385 complete and 0 interrupted iterations
concurrency   [  62% ] 23/50 VUs  4m41.0s/7m30.0s

running (4m42.0s), 23/50 VUs, 385 complete and 0 interrupted iterations
concurrency   [  63% ] 23/50 VUs  4m42.0s/7m30.0s

running (4m43.0s), 24/50 VUs, 385 complete and 0 interrupted iterations
concurrency   [  63% ] 24/50 VUs  4m43.0s/7m30.0s

running (4m44.0s), 24/50 VUs, 385 complete and 0 interrupted iterations
concurrency   [  63% ] 24/50 VUs  4m44.0s/7m30.0s

running (4m45.0s), 24/50 VUs, 385 complete and 0 interrupted iterations
concurrency   [  63% ] 24/50 VUs  4m45.0s/7m30.0s

running (4m46.0s), 25/50 VUs, 391 complete and 0 interrupted iterations
concurrency   [  64% ] 25/50 VUs  4m46.0s/7m30.0s

running (4m47.0s), 25/50 VUs, 398 complete and 0 interrupted iterations
concurrency   [  64% ] 25/50 VUs  4m47.0s/7m30.0s

running (4m48.0s), 25/50 VUs, 398 complete and 0 interrupted iterations
concurrency   [  64% ] 25/50 VUs  4m48.0s/7m30.0s

running (4m49.0s), 26/50 VUs, 405 complete and 0 interrupted iterations
concurrency   [  64% ] 26/50 VUs  4m49.0s/7m30.0s

running (4m50.0s), 26/50 VUs, 409 complete and 0 interrupted iterations
concurrency   [  64% ] 26/50 VUs  4m50.0s/7m30.0s

running (4m51.0s), 26/50 VUs, 409 complete and 0 interrupted iterations
concurrency   [  65% ] 26/50 VUs  4m51.0s/7m30.0s

running (4m52.0s), 27/50 VUs, 409 complete and 0 interrupted iterations
concurrency   [  65% ] 27/50 VUs  4m52.0s/7m30.0s

running (4m53.0s), 27/50 VUs, 412 complete and 0 interrupted iterations
concurrency   [  65% ] 27/50 VUs  4m53.0s/7m30.0s

running (4m54.0s), 27/50 VUs, 417 complete and 0 interrupted iterations
concurrency   [  65% ] 27/50 VUs  4m54.0s/7m30.0s

running (4m55.0s), 28/50 VUs, 417 complete and 0 interrupted iterations
concurrency   [  66% ] 28/50 VUs  4m55.0s/7m30.0s

running (4m56.0s), 28/50 VUs, 426 complete and 0 interrupted iterations
concurrency   [  66% ] 28/50 VUs  4m56.0s/7m30.0s

running (4m57.0s), 28/50 VUs, 430 complete and 0 interrupted iterations
concurrency   [  66% ] 28/50 VUs  4m57.0s/7m30.0s

running (4m58.0s), 29/50 VUs, 436 complete and 0 interrupted iterations
concurrency   [  66% ] 29/50 VUs  4m58.0s/7m30.0s

running (4m59.0s), 29/50 VUs, 439 complete and 0 interrupted iterations
concurrency   [  66% ] 29/50 VUs  4m59.0s/7m30.0s

running (5m00.0s), 29/50 VUs, 439 complete and 0 interrupted iterations
concurrency   [  67% ] 29/50 VUs  5m00.0s/7m30.0s

running (5m01.0s), 30/50 VUs, 445 complete and 0 interrupted iterations
concurrency   [  67% ] 30/50 VUs  5m01.0s/7m30.0s

running (5m02.0s), 30/50 VUs, 448 complete and 0 interrupted iterations
concurrency   [  67% ] 30/50 VUs  5m02.0s/7m30.0s

running (5m03.0s), 30/50 VUs, 449 complete and 0 interrupted iterations
concurrency   [  67% ] 30/50 VUs  5m03.0s/7m30.0s

running (5m04.0s), 31/50 VUs, 449 complete and 0 interrupted iterations
concurrency   [  68% ] 31/50 VUs  5m04.0s/7m30.0s

running (5m05.0s), 31/50 VUs, 457 complete and 0 interrupted iterations
concurrency   [  68% ] 31/50 VUs  5m05.0s/7m30.0s

running (5m06.0s), 31/50 VUs, 459 complete and 0 interrupted iterations
concurrency   [  68% ] 31/50 VUs  5m06.0s/7m30.0s

running (5m07.0s), 32/50 VUs, 463 complete and 0 interrupted iterations
concurrency   [  68% ] 32/50 VUs  5m07.0s/7m30.0s

running (5m08.0s), 32/50 VUs, 468 complete and 0 interrupted iterations
concurrency   [  68% ] 32/50 VUs  5m08.0s/7m30.0s

running (5m09.0s), 32/50 VUs, 471 complete and 0 interrupted iterations
concurrency   [  69% ] 32/50 VUs  5m09.0s/7m30.0s

running (5m10.0s), 33/50 VUs, 478 complete and 0 interrupted iterations
concurrency   [  69% ] 33/50 VUs  5m10.0s/7m30.0s

running (5m11.0s), 33/50 VUs, 480 complete and 0 interrupted iterations
concurrency   [  69% ] 33/50 VUs  5m11.0s/7m30.0s

running (5m12.0s), 33/50 VUs, 487 complete and 0 interrupted iterations
concurrency   [  69% ] 33/50 VUs  5m12.0s/7m30.0s

running (5m13.0s), 34/50 VUs, 492 complete and 0 interrupted iterations
concurrency   [  70% ] 34/50 VUs  5m13.0s/7m30.0s

running (5m14.0s), 34/50 VUs, 493 complete and 0 interrupted iterations
concurrency   [  70% ] 34/50 VUs  5m14.0s/7m30.0s

running (5m15.0s), 34/50 VUs, 500 complete and 0 interrupted iterations
concurrency   [  70% ] 34/50 VUs  5m15.0s/7m30.0s

running (5m16.0s), 35/50 VUs, 503 complete and 0 interrupted iterations
concurrency   [  70% ] 35/50 VUs  5m16.0s/7m30.0s

running (5m17.0s), 35/50 VUs, 504 complete and 0 interrupted iterations
concurrency   [  70% ] 35/50 VUs  5m17.0s/7m30.0s

running (5m18.0s), 35/50 VUs, 511 complete and 0 interrupted iterations
concurrency   [  71% ] 35/50 VUs  5m18.0s/7m30.0s

running (5m19.0s), 36/50 VUs, 516 complete and 0 interrupted iterations
concurrency   [  71% ] 36/50 VUs  5m19.0s/7m30.0s

running (5m20.0s), 36/50 VUs, 518 complete and 0 interrupted iterations
concurrency   [  71% ] 36/50 VUs  5m20.0s/7m30.0s

running (5m21.0s), 36/50 VUs, 521 complete and 0 interrupted iterations
concurrency   [  71% ] 36/50 VUs  5m21.0s/7m30.0s

running (5m22.0s), 37/50 VUs, 526 complete and 0 interrupted iterations
concurrency   [  72% ] 37/50 VUs  5m22.0s/7m30.0s

running (5m23.0s), 37/50 VUs, 532 complete and 0 interrupted iterations
concurrency   [  72% ] 37/50 VUs  5m23.0s/7m30.0s

running (5m24.0s), 37/50 VUs, 533 complete and 0 interrupted iterations
concurrency   [  72% ] 37/50 VUs  5m24.0s/7m30.0s

running (5m25.0s), 38/50 VUs, 539 complete and 0 interrupted iterations
concurrency   [  72% ] 38/50 VUs  5m25.0s/7m30.0s

running (5m26.0s), 38/50 VUs, 543 complete and 0 interrupted iterations
concurrency   [  72% ] 38/50 VUs  5m26.0s/7m30.0s

running (5m27.0s), 38/50 VUs, 547 complete and 0 interrupted iterations
concurrency   [  73% ] 38/50 VUs  5m27.0s/7m30.0s

running (5m28.0s), 39/50 VUs, 552 complete and 0 interrupted iterations
concurrency   [  73% ] 39/50 VUs  5m28.0s/7m30.0s

running (5m29.0s), 39/50 VUs, 555 complete and 0 interrupted iterations
concurrency   [  73% ] 39/50 VUs  5m29.0s/7m30.0s

running (5m30.0s), 39/50 VUs, 558 complete and 0 interrupted iterations
concurrency   [  73% ] 39/50 VUs  5m30.0s/7m30.0s

running (5m31.0s), 40/50 VUs, 563 complete and 0 interrupted iterations
concurrency   [  74% ] 40/50 VUs  5m31.0s/7m30.0s

running (5m32.0s), 40/50 VUs, 566 complete and 0 interrupted iterations
concurrency   [  74% ] 40/50 VUs  5m32.0s/7m30.0s

running (5m33.0s), 40/50 VUs, 566 complete and 0 interrupted iterations
concurrency   [  74% ] 40/50 VUs  5m33.0s/7m30.0s

running (5m34.0s), 41/50 VUs, 574 complete and 0 interrupted iterations
concurrency   [  74% ] 41/50 VUs  5m34.0s/7m30.0s

running (5m35.0s), 41/50 VUs, 579 complete and 0 interrupted iterations
concurrency   [  74% ] 41/50 VUs  5m35.0s/7m30.0s

running (5m36.0s), 41/50 VUs, 579 complete and 0 interrupted iterations
concurrency   [  75% ] 41/50 VUs  5m36.0s/7m30.0s

running (5m37.0s), 42/50 VUs, 589 complete and 0 interrupted iterations
concurrency   [  75% ] 42/50 VUs  5m37.0s/7m30.0s

running (5m38.0s), 42/50 VUs, 591 complete and 0 interrupted iterations
concurrency   [  75% ] 42/50 VUs  5m38.0s/7m30.0s

running (5m39.0s), 42/50 VUs, 598 complete and 0 interrupted iterations
concurrency   [  75% ] 42/50 VUs  5m39.0s/7m30.0s

running (5m40.0s), 43/50 VUs, 599 complete and 0 interrupted iterations
concurrency   [  76% ] 43/50 VUs  5m40.0s/7m30.0s

running (5m41.0s), 43/50 VUs, 606 complete and 0 interrupted iterations
concurrency   [  76% ] 43/50 VUs  5m41.0s/7m30.0s

running (5m42.0s), 43/50 VUs, 606 complete and 0 interrupted iterations
concurrency   [  76% ] 43/50 VUs  5m42.0s/7m30.0s

running (5m43.0s), 44/50 VUs, 611 complete and 0 interrupted iterations
concurrency   [  76% ] 44/50 VUs  5m43.0s/7m30.0s

running (5m44.0s), 44/50 VUs, 619 complete and 0 interrupted iterations
concurrency   [  76% ] 44/50 VUs  5m44.0s/7m30.0s

running (5m45.0s), 44/50 VUs, 620 complete and 0 interrupted iterations
concurrency   [  77% ] 44/50 VUs  5m45.0s/7m30.0s

running (5m46.0s), 45/50 VUs, 620 complete and 0 interrupted iterations
concurrency   [  77% ] 45/50 VUs  5m46.0s/7m30.0s

running (5m47.0s), 45/50 VUs, 629 complete and 0 interrupted iterations
concurrency   [  77% ] 45/50 VUs  5m47.0s/7m30.0s

running (5m48.0s), 45/50 VUs, 632 complete and 0 interrupted iterations
concurrency   [  77% ] 45/50 VUs  5m48.0s/7m30.0s

running (5m49.0s), 46/50 VUs, 632 complete and 0 interrupted iterations
concurrency   [  78% ] 46/50 VUs  5m49.0s/7m30.0s

running (5m50.0s), 46/50 VUs, 639 complete and 0 interrupted iterations
concurrency   [  78% ] 46/50 VUs  5m50.0s/7m30.0s

running (5m51.0s), 46/50 VUs, 647 complete and 0 interrupted iterations
concurrency   [  78% ] 46/50 VUs  5m51.0s/7m30.0s

running (5m52.0s), 47/50 VUs, 652 complete and 0 interrupted iterations
concurrency   [  78% ] 47/50 VUs  5m52.0s/7m30.0s

running (5m53.0s), 47/50 VUs, 652 complete and 0 interrupted iterations
concurrency   [  78% ] 47/50 VUs  5m53.0s/7m30.0s

running (5m54.0s), 47/50 VUs, 656 complete and 0 interrupted iterations
concurrency   [  79% ] 47/50 VUs  5m54.0s/7m30.0s

running (5m55.0s), 48/50 VUs, 665 complete and 0 interrupted iterations
concurrency   [  79% ] 48/50 VUs  5m55.0s/7m30.0s

running (5m56.0s), 48/50 VUs, 666 complete and 0 interrupted iterations
concurrency   [  79% ] 48/50 VUs  5m56.0s/7m30.0s

running (5m57.0s), 48/50 VUs, 673 complete and 0 interrupted iterations
concurrency   [  79% ] 48/50 VUs  5m57.0s/7m30.0s

running (5m58.0s), 49/50 VUs, 673 complete and 0 interrupted iterations
concurrency   [  80% ] 49/50 VUs  5m58.0s/7m30.0s

running (5m59.0s), 49/50 VUs, 680 complete and 0 interrupted iterations
concurrency   [  80% ] 49/50 VUs  5m59.0s/7m30.0s

running (6m00.0s), 49/50 VUs, 680 complete and 0 interrupted iterations
concurrency   [  80% ] 49/50 VUs  6m00.0s/7m30.0s

running (6m01.0s), 50/50 VUs, 680 complete and 0 interrupted iterations
concurrency   [  80% ] 50/50 VUs  6m01.0s/7m30.0s

running (6m02.0s), 50/50 VUs, 689 complete and 0 interrupted iterations
concurrency   [  80% ] 50/50 VUs  6m02.0s/7m30.0s

running (6m03.0s), 50/50 VUs, 698 complete and 0 interrupted iterations
concurrency   [  81% ] 50/50 VUs  6m03.0s/7m30.0s

running (6m04.0s), 50/50 VUs, 699 complete and 0 interrupted iterations
concurrency   [  81% ] 50/50 VUs  6m04.0s/7m30.0s

running (6m05.0s), 50/50 VUs, 699 complete and 0 interrupted iterations
concurrency   [  81% ] 50/50 VUs  6m05.0s/7m30.0s

running (6m06.0s), 50/50 VUs, 705 complete and 0 interrupted iterations
concurrency   [  81% ] 50/50 VUs  6m06.0s/7m30.0s

running (6m07.0s), 50/50 VUs, 714 complete and 0 interrupted iterations
concurrency   [  82% ] 50/50 VUs  6m07.0s/7m30.0s

running (6m08.0s), 50/50 VUs, 716 complete and 0 interrupted iterations
concurrency   [  82% ] 50/50 VUs  6m08.0s/7m30.0s

running (6m09.0s), 50/50 VUs, 716 complete and 0 interrupted iterations
concurrency   [  82% ] 50/50 VUs  6m09.0s/7m30.0s

running (6m10.0s), 50/50 VUs, 722 complete and 0 interrupted iterations
concurrency   [  82% ] 50/50 VUs  6m10.0s/7m30.0s

running (6m11.0s), 50/50 VUs, 731 complete and 0 interrupted iterations
concurrency   [  82% ] 50/50 VUs  6m11.0s/7m30.0s

running (6m12.0s), 50/50 VUs, 736 complete and 0 interrupted iterations
concurrency   [  83% ] 50/50 VUs  6m12.0s/7m30.0s

running (6m13.0s), 50/50 VUs, 736 complete and 0 interrupted iterations
concurrency   [  83% ] 50/50 VUs  6m13.0s/7m30.0s

running (6m14.0s), 50/50 VUs, 741 complete and 0 interrupted iterations
concurrency   [  83% ] 50/50 VUs  6m14.0s/7m30.0s

running (6m15.0s), 50/50 VUs, 749 complete and 0 interrupted iterations
concurrency   [  83% ] 50/50 VUs  6m15.0s/7m30.0s

running (6m16.0s), 50/50 VUs, 749 complete and 0 interrupted iterations
concurrency   [  84% ] 50/50 VUs  6m16.0s/7m30.0s

running (6m17.0s), 50/50 VUs, 755 complete and 0 interrupted iterations
concurrency   [  84% ] 50/50 VUs  6m17.0s/7m30.0s

running (6m18.0s), 50/50 VUs, 762 complete and 0 interrupted iterations
concurrency   [  84% ] 50/50 VUs  6m18.0s/7m30.0s

running (6m19.0s), 50/50 VUs, 766 complete and 0 interrupted iterations
concurrency   [  84% ] 50/50 VUs  6m19.0s/7m30.0s

running (6m20.0s), 50/50 VUs, 766 complete and 0 interrupted iterations
concurrency   [  84% ] 50/50 VUs  6m20.0s/7m30.0s

running (6m21.0s), 50/50 VUs, 774 complete and 0 interrupted iterations
concurrency   [  85% ] 50/50 VUs  6m21.0s/7m30.0s

running (6m22.0s), 50/50 VUs, 782 complete and 0 interrupted iterations
concurrency   [  85% ] 50/50 VUs  6m22.0s/7m30.0s

running (6m23.0s), 50/50 VUs, 782 complete and 0 interrupted iterations
concurrency   [  85% ] 50/50 VUs  6m23.0s/7m30.0s

running (6m24.0s), 50/50 VUs, 782 complete and 0 interrupted iterations
concurrency   [  85% ] 50/50 VUs  6m24.0s/7m30.0s

running (6m25.0s), 50/50 VUs, 797 complete and 0 interrupted iterations
concurrency   [  86% ] 50/50 VUs  6m25.0s/7m30.0s

running (6m26.0s), 50/50 VUs, 799 complete and 0 interrupted iterations
concurrency   [  86% ] 50/50 VUs  6m26.0s/7m30.0s

running (6m27.0s), 50/50 VUs, 805 complete and 0 interrupted iterations
concurrency   [  86% ] 50/50 VUs  6m27.0s/7m30.0s

running (6m28.0s), 50/50 VUs, 805 complete and 0 interrupted iterations
concurrency   [  86% ] 50/50 VUs  6m28.0s/7m30.0s

running (6m29.0s), 50/50 VUs, 810 complete and 0 interrupted iterations
concurrency   [  86% ] 50/50 VUs  6m29.0s/7m30.0s

running (6m30.0s), 50/50 VUs, 819 complete and 0 interrupted iterations
concurrency   [  87% ] 50/50 VUs  6m30.0s/7m30.0s

running (6m31.0s), 50/50 VUs, 819 complete and 0 interrupted iterations
concurrency   [  87% ] 50/50 VUs  6m31.0s/7m30.0s

running (6m32.0s), 50/50 VUs, 819 complete and 0 interrupted iterations
concurrency   [  87% ] 50/50 VUs  6m32.0s/7m30.0s

running (6m33.0s), 50/50 VUs, 824 complete and 0 interrupted iterations
concurrency   [  87% ] 50/50 VUs  6m33.0s/7m30.0s

running (6m34.0s), 50/50 VUs, 832 complete and 0 interrupted iterations
concurrency   [  88% ] 50/50 VUs  6m34.0s/7m30.0s

running (6m35.0s), 50/50 VUs, 839 complete and 0 interrupted iterations
concurrency   [  88% ] 50/50 VUs  6m35.0s/7m30.0s

running (6m36.0s), 50/50 VUs, 839 complete and 0 interrupted iterations
concurrency   [  88% ] 50/50 VUs  6m36.0s/7m30.0s

running (6m37.0s), 50/50 VUs, 844 complete and 0 interrupted iterations
concurrency   [  88% ] 50/50 VUs  6m37.0s/7m30.0s

running (6m38.0s), 50/50 VUs, 851 complete and 0 interrupted iterations
concurrency   [  88% ] 50/50 VUs  6m38.0s/7m30.0s

running (6m39.0s), 50/50 VUs, 856 complete and 0 interrupted iterations
concurrency   [  89% ] 50/50 VUs  6m39.0s/7m30.0s

running (6m40.0s), 50/50 VUs, 856 complete and 0 interrupted iterations
concurrency   [  89% ] 50/50 VUs  6m40.0s/7m30.0s

running (6m41.0s), 50/50 VUs, 864 complete and 0 interrupted iterations
concurrency   [  89% ] 50/50 VUs  6m41.0s/7m30.0s

running (6m42.0s), 50/50 VUs, 869 complete and 0 interrupted iterations
concurrency   [  89% ] 50/50 VUs  6m42.0s/7m30.0s

running (6m43.0s), 50/50 VUs, 869 complete and 0 interrupted iterations
concurrency   [  90% ] 50/50 VUs  6m43.0s/7m30.0s

running (6m44.0s), 50/50 VUs, 876 complete and 0 interrupted iterations
concurrency   [  90% ] 50/50 VUs  6m44.0s/7m30.0s

running (6m45.0s), 50/50 VUs, 883 complete and 0 interrupted iterations
concurrency   [  90% ] 50/50 VUs  6m45.0s/7m30.0s

running (6m46.0s), 50/50 VUs, 884 complete and 0 interrupted iterations
concurrency   [  90% ] 50/50 VUs  6m46.0s/7m30.0s

running (6m47.0s), 50/50 VUs, 884 complete and 0 interrupted iterations
concurrency   [  90% ] 50/50 VUs  6m47.0s/7m30.0s

running (6m48.0s), 50/50 VUs, 895 complete and 0 interrupted iterations
concurrency   [  91% ] 50/50 VUs  6m48.0s/7m30.0s

running (6m49.0s), 50/50 VUs, 903 complete and 0 interrupted iterations
concurrency   [  91% ] 50/50 VUs  6m49.0s/7m30.0s

running (6m50.0s), 50/50 VUs, 903 complete and 0 interrupted iterations
concurrency   [  91% ] 50/50 VUs  6m50.0s/7m30.0s

running (6m51.0s), 50/50 VUs, 903 complete and 0 interrupted iterations
concurrency   [  91% ] 50/50 VUs  6m51.0s/7m30.0s

running (6m52.0s), 50/50 VUs, 910 complete and 0 interrupted iterations
concurrency   [  92% ] 50/50 VUs  6m52.0s/7m30.0s

running (6m53.0s), 50/50 VUs, 920 complete and 0 interrupted iterations
concurrency   [  92% ] 50/50 VUs  6m53.0s/7m30.0s

running (6m54.0s), 50/50 VUs, 923 complete and 0 interrupted iterations
concurrency   [  92% ] 50/50 VUs  6m54.0s/7m30.0s

running (6m55.0s), 50/50 VUs, 923 complete and 0 interrupted iterations
concurrency   [  92% ] 50/50 VUs  6m55.0s/7m30.0s

running (6m56.0s), 50/50 VUs, 925 complete and 0 interrupted iterations
concurrency   [  92% ] 50/50 VUs  6m56.0s/7m30.0s

running (6m57.0s), 50/50 VUs, 935 complete and 0 interrupted iterations
concurrency   [  93% ] 50/50 VUs  6m57.0s/7m30.0s

running (6m58.0s), 50/50 VUs, 943 complete and 0 interrupted iterations
concurrency   [  93% ] 50/50 VUs  6m58.0s/7m30.0s

running (6m59.0s), 50/50 VUs, 943 complete and 0 interrupted iterations
concurrency   [  93% ] 50/50 VUs  6m59.0s/7m30.0s

running (7m00.0s), 50/50 VUs, 943 complete and 0 interrupted iterations
concurrency   [  93% ] 50/50 VUs  7m00.0s/7m30.0s

running (7m01.0s), 50/50 VUs, 949 complete and 0 interrupted iterations
concurrency   [  94% ] 50/50 VUs  7m01.0s/7m30.0s

running (7m02.0s), 50/50 VUs, 960 complete and 0 interrupted iterations
concurrency   [  94% ] 50/50 VUs  7m02.0s/7m30.0s

running (7m03.0s), 50/50 VUs, 961 complete and 0 interrupted iterations
concurrency   [  94% ] 50/50 VUs  7m03.0s/7m30.0s

running (7m04.0s), 50/50 VUs, 961 complete and 0 interrupted iterations
concurrency   [  94% ] 50/50 VUs  7m04.0s/7m30.0s

running (7m05.0s), 50/50 VUs, 967 complete and 0 interrupted iterations
concurrency   [  94% ] 50/50 VUs  7m05.0s/7m30.0s

running (7m06.0s), 50/50 VUs, 976 complete and 0 interrupted iterations
concurrency   [  95% ] 50/50 VUs  7m06.0s/7m30.0s

running (7m07.0s), 50/50 VUs, 981 complete and 0 interrupted iterations
concurrency   [  95% ] 50/50 VUs  7m07.0s/7m30.0s

running (7m08.0s), 50/50 VUs, 981 complete and 0 interrupted iterations
concurrency   [  95% ] 50/50 VUs  7m08.0s/7m30.0s

running (7m09.0s), 50/50 VUs, 984 complete and 0 interrupted iterations
concurrency   [  95% ] 50/50 VUs  7m09.0s/7m30.0s

running (7m10.0s), 50/50 VUs, 994 complete and 0 interrupted iterations
concurrency   [  96% ] 50/50 VUs  7m10.0s/7m30.0s

running (7m11.0s), 50/50 VUs, 1001 complete and 0 interrupted iterations
concurrency   [  96% ] 50/50 VUs  7m11.0s/7m30.0s

running (7m12.0s), 50/50 VUs, 1001 complete and 0 interrupted iterations
concurrency   [  96% ] 50/50 VUs  7m12.0s/7m30.0s

running (7m13.0s), 50/50 VUs, 1009 complete and 0 interrupted iterations
concurrency   [  96% ] 50/50 VUs  7m13.0s/7m30.0s

running (7m14.0s), 50/50 VUs, 1014 complete and 0 interrupted iterations
concurrency   [  96% ] 50/50 VUs  7m14.0s/7m30.0s

running (7m15.0s), 50/50 VUs, 1018 complete and 0 interrupted iterations
concurrency   [  97% ] 50/50 VUs  7m15.0s/7m30.0s

running (7m16.0s), 50/50 VUs, 1019 complete and 0 interrupted iterations
concurrency   [  97% ] 50/50 VUs  7m16.0s/7m30.0s

running (7m17.0s), 50/50 VUs, 1024 complete and 0 interrupted iterations
concurrency   [  97% ] 50/50 VUs  7m17.0s/7m30.0s

running (7m18.0s), 50/50 VUs, 1031 complete and 0 interrupted iterations
concurrency   [  97% ] 50/50 VUs  7m18.0s/7m30.0s

running (7m19.0s), 50/50 VUs, 1031 complete and 0 interrupted iterations
concurrency   [  98% ] 50/50 VUs  7m19.0s/7m30.0s

running (7m20.0s), 50/50 VUs, 1031 complete and 0 interrupted iterations
concurrency   [  98% ] 50/50 VUs  7m20.0s/7m30.0s

running (7m21.0s), 50/50 VUs, 1036 complete and 0 interrupted iterations
concurrency   [  98% ] 50/50 VUs  7m21.0s/7m30.0s

running (7m22.0s), 50/50 VUs, 1049 complete and 0 interrupted iterations
concurrency   [  98% ] 50/50 VUs  7m22.0s/7m30.0s

running (7m23.0s), 50/50 VUs, 1051 complete and 0 interrupted iterations
concurrency   [  98% ] 50/50 VUs  7m23.0s/7m30.0s

running (7m24.0s), 50/50 VUs, 1051 complete and 0 interrupted iterations
concurrency   [  99% ] 50/50 VUs  7m24.0s/7m30.0s

running (7m25.0s), 50/50 VUs, 1055 complete and 0 interrupted iterations
concurrency   [  99% ] 50/50 VUs  7m25.0s/7m30.0s

running (7m26.0s), 50/50 VUs, 1065 complete and 0 interrupted iterations
concurrency   [  99% ] 50/50 VUs  7m26.0s/7m30.0s

running (7m27.0s), 50/50 VUs, 1069 complete and 0 interrupted iterations
concurrency   [  99% ] 50/50 VUs  7m27.0s/7m30.0s

running (7m28.0s), 50/50 VUs, 1069 complete and 0 interrupted iterations
concurrency   [ 100% ] 50/50 VUs  7m28.0s/7m30.0s

running (7m29.0s), 50/50 VUs, 1071 complete and 0 interrupted iterations
concurrency   [ 100% ] 50/50 VUs  7m29.0s/7m30.0s

running (7m30.0s), 50/50 VUs, 1080 complete and 0 interrupted iterations
concurrency   [ 100% ] 50/50 VUs  7m30.0s/7m30.0s

running (7m31.0s), 42/50 VUs, 1088 complete and 0 interrupted iterations
concurrency ↓ [ 100% ] 50/50 VUs  7m30s

running (7m32.0s), 41/50 VUs, 1089 complete and 0 interrupted iterations
concurrency ↓ [ 100% ] 50/50 VUs  7m30s

running (7m33.0s), 40/50 VUs, 1090 complete and 0 interrupted iterations
concurrency ↓ [ 100% ] 50/50 VUs  7m30s

running (7m34.0s), 29/50 VUs, 1101 complete and 0 interrupted iterations
concurrency ↓ [ 100% ] 50/50 VUs  7m30s

running (7m35.0s), 21/50 VUs, 1109 complete and 0 interrupted iterations
concurrency ↓ [ 100% ] 50/50 VUs  7m30s

running (7m36.0s), 21/50 VUs, 1109 complete and 0 interrupted iterations
concurrency ↓ [ 100% ] 50/50 VUs  7m30s

running (7m37.0s), 14/50 VUs, 1116 complete and 0 interrupted iterations
concurrency ↓ [ 100% ] 50/50 VUs  7m30s

running (7m38.0s), 06/50 VUs, 1124 complete and 0 interrupted iterations
concurrency ↓ [ 100% ] 50/50 VUs  7m30s

================ DSP benchmark summary ================
-- per-phase latency --
  catalog                    p50=95.7 ms  p95=216.8 ms  p99=403.1 ms  max=560.5 ms  n=1130
  negotiation init (POST)    p50=7.9 ms  p95=106.3 ms  p99=137.7 ms  max=247.0 ms  n=1130
  time-to-AGREED (async)     p50=3340.5 ms  p95=4870.4 ms  p99=5424.2 ms  max=6289.0 ms  n=1130
  transfer init (POST)       p50=56.3 ms  p95=111.4 ms  p99=142.4 ms  max=229.7 ms  n=1130
  time-to-EDR (async)        p50=5072.0 ms  p95=8898.0 ms  p99=9382.5 ms  max=9904.0 ms  n=1130
  data pull                  p50=25.5 ms  p95=44.9 ms  p99=47.3 ms  max=63.9 ms  n=1130
-- end-to-end + throughput --
  e2e transaction            p50=9312.5 ms  p95=12231.2 ms  p99=12892.0 ms  max=13407.0 ms  n=1130
  data throughput (MB/s)     p50=0.2  p95=0.2  p99=0.2  max=0.2  n=1130
-- outcomes --
  transactions succeeded     count=1130  rate=2.463/s
  transactions failed        (no data)
  failed rate                rate=0.00%  (pass=0 fail=1130)
    of which TERMINATED      (no data)
    of which TIMED OUT       (no data)
-- observer effect (poll load) --
  negotiation polls          count=15904  rate=34.667/s
  edr polls                  count=24432  rate=53.257/s
  polls per transaction     negotiation=14.1  edr=21.6  (timeout ceiling=120)
=======================================================
(full summary -> /home/rohitj/edc/benchmarking-factoryx-edc/resources/local-fx-mvd/k6-scripts/results/factoryx/concurrency-closed/2026-07-31T11-46-22Z/k6-summary.json; POLL_INTERVAL_MS=250; IDENTITY_MODE=on)

running (7m38.8s), 00/50 VUs, 1130 complete and 0 interrupted iterations
concurrency ✓ [ 100% ] 00/50 VUs  7m30s
Prometheus snapshot [1785498447..1785498921] svc=(provider-controlplane|provider-dataplane|consumer-controlplane|consumer-dataplane) win=1m -> /home/rohitj/edc/benchmarking-factoryx-edc/resources/local-fx-mvd/k6-scripts/results/factoryx/concurrency-closed/2026-07-31T11-46-22Z
  jvm-heap.csv (380 rows)
  jvm-gc-rate.csv (380 rows)
  jvm-threads.csv (380 rows)
  http-throughput.csv (380 rows)
  http-p95.csv (380 rows)
  http-errors.csv (190 rows)
  host-cpu-busy.csv (95 rows)
  host-mem-used.csv (95 rows)
  logs -> /home/rohitj/edc/benchmarking-factoryx-edc/resources/local-fx-mvd/k6-scripts/results/factoryx/concurrency-closed/2026-07-31T11-46-22Z/logs (4 files)
    consumer-controlplane.log:0
    consumer-dataplane.log:0
    provider-controlplane.log:0
    provider-dataplane.log:0
VALIDITY  ok=1130  failed=0  failed_rate=0%  dropped_iterations=0
>>> done: /home/rohitj/edc/benchmarking-factoryx-edc/resources/local-fx-mvd/k6-scripts/results/factoryx/concurrency-closed/2026-07-31T11-46-22Z  (k6 exit 0)
----- factoryx / saturation-open (rep 2) -----
>>> factoryx / saturation-open  ->  /home/rohitj/edc/benchmarking-factoryx-edc/resources/local-fx-mvd/k6-scripts/results/factoryx/saturation-open/2026-07-31T11-55-21Z
parity OK: lib/ + scenarios/ + orchestration/ + tools/ identical to /home/rohitj/edc/benchmarking-factoryx-edc/resources/local-fx-mvd/k6-scripts
Health: http://localhost:29010/management + prometheus  OK
Warmup 60s @ 2/s (discarded)
k6 -> Prometheus remote-write: http://localhost:9090/api/v1/write

         /\      Grafana   /‾‾/  
    /\  /  \     |\  __   /  /   
   /  \/    \    | |/ /  /   ‾‾\ 
  /          \   |   (  |  (‾)  |
 / __________ \  |_|\_\  \_____/ 


     execution: local
        script: /home/rohitj/edc/benchmarking-factoryx-edc/resources/local-fx-mvd/k6-scripts/scenarios/saturation-open.js
        output: Prometheus remote write (http://localhost:9090/api/v1/write)

     scenarios: (100.00%) 1 scenario, 800 max VUs, 11m0s max duration (incl. graceful stop):
              * saturation: Up to 12.00 iterations/s for 10m30s over 7 stages (maxVUs: 100-800, gracefulStop: 30s)


running (00m01.0s), 000/100 VUs, 0 complete and 0 interrupted iterations
saturation   [   0% ] 000/100 VUs  00m01.0s/10m30s  01.00 iters/s

running (00m02.0s), 001/100 VUs, 0 complete and 0 interrupted iterations
saturation   [   0% ] 001/100 VUs  00m02.0s/10m30s  01.00 iters/s

running (00m03.0s), 002/100 VUs, 0 complete and 0 interrupted iterations
saturation   [   0% ] 002/100 VUs  00m03.0s/10m30s  01.00 iters/s

running (00m04.0s), 003/100 VUs, 0 complete and 0 interrupted iterations
saturation   [   1% ] 003/100 VUs  00m04.0s/10m30s  01.00 iters/s

running (00m05.0s), 003/100 VUs, 1 complete and 0 interrupted iterations
saturation   [   1% ] 003/100 VUs  00m05.0s/10m30s  01.00 iters/s

running (00m06.0s), 004/100 VUs, 1 complete and 0 interrupted iterations
saturation   [   1% ] 004/100 VUs  00m06.0s/10m30s  01.00 iters/s

running (00m07.0s), 005/100 VUs, 1 complete and 0 interrupted iterations
saturation   [   1% ] 005/100 VUs  00m07.0s/10m30s  01.00 iters/s

running (00m08.0s), 005/100 VUs, 2 complete and 0 interrupted iterations
saturation   [   1% ] 005/100 VUs  00m08.0s/10m30s  01.00 iters/s

running (00m09.0s), 004/100 VUs, 4 complete and 0 interrupted iterations
saturation   [   1% ] 004/100 VUs  00m09.0s/10m30s  01.00 iters/s

running (00m10.0s), 004/100 VUs, 5 complete and 0 interrupted iterations
saturation   [   2% ] 004/100 VUs  00m10.0s/10m30s  01.00 iters/s

running (00m11.0s), 004/100 VUs, 6 complete and 0 interrupted iterations
saturation   [   2% ] 004/100 VUs  00m11.0s/10m30s  01.00 iters/s

running (00m12.0s), 004/100 VUs, 7 complete and 0 interrupted iterations
saturation   [   2% ] 004/100 VUs  00m12.0s/10m30s  01.00 iters/s

running (00m13.0s), 005/100 VUs, 7 complete and 0 interrupted iterations
saturation   [   2% ] 005/100 VUs  00m13.0s/10m30s  01.00 iters/s

running (00m14.0s), 004/100 VUs, 9 complete and 0 interrupted iterations
saturation   [   2% ] 004/100 VUs  00m14.0s/10m30s  01.00 iters/s

running (00m15.0s), 004/100 VUs, 10 complete and 0 interrupted iterations
saturation   [   2% ] 004/100 VUs  00m15.0s/10m30s  01.00 iters/s

running (00m16.0s), 004/100 VUs, 11 complete and 0 interrupted iterations
saturation   [   3% ] 004/100 VUs  00m16.0s/10m30s  01.00 iters/s

running (00m17.0s), 003/100 VUs, 13 complete and 0 interrupted iterations
saturation   [   3% ] 003/100 VUs  00m17.0s/10m30s  01.00 iters/s

running (00m18.0s), 004/100 VUs, 13 complete and 0 interrupted iterations
saturation   [   3% ] 004/100 VUs  00m18.0s/10m30s  01.00 iters/s

running (00m19.0s), 004/100 VUs, 14 complete and 0 interrupted iterations
saturation   [   3% ] 004/100 VUs  00m19.0s/10m30s  01.00 iters/s

running (00m20.0s), 005/100 VUs, 14 complete and 0 interrupted iterations
saturation   [   3% ] 005/100 VUs  00m20.0s/10m30s  01.00 iters/s

running (00m21.0s), 005/100 VUs, 15 complete and 0 interrupted iterations
saturation   [   3% ] 005/100 VUs  00m21.0s/10m30s  01.00 iters/s

running (00m22.0s), 004/100 VUs, 17 complete and 0 interrupted iterations
saturation   [   3% ] 004/100 VUs  00m22.0s/10m30s  01.00 iters/s

running (00m23.0s), 004/100 VUs, 18 complete and 0 interrupted iterations
saturation   [   4% ] 004/100 VUs  00m23.0s/10m30s  01.00 iters/s

running (00m24.0s), 004/100 VUs, 19 complete and 0 interrupted iterations
saturation   [   4% ] 004/100 VUs  00m24.0s/10m30s  01.00 iters/s

running (00m25.0s), 005/100 VUs, 19 complete and 0 interrupted iterations
saturation   [   4% ] 005/100 VUs  00m25.0s/10m30s  01.00 iters/s

running (00m26.0s), 005/100 VUs, 20 complete and 0 interrupted iterations
saturation   [   4% ] 005/100 VUs  00m26.0s/10m30s  01.00 iters/s

running (00m27.0s), 005/100 VUs, 21 complete and 0 interrupted iterations
saturation   [   4% ] 005/100 VUs  00m27.0s/10m30s  01.00 iters/s

running (00m28.0s), 004/100 VUs, 23 complete and 0 interrupted iterations
saturation   [   4% ] 004/100 VUs  00m28.0s/10m30s  01.00 iters/s

running (00m29.0s), 004/100 VUs, 24 complete and 0 interrupted iterations
saturation   [   5% ] 004/100 VUs  00m29.0s/10m30s  01.00 iters/s

running (00m30.0s), 005/100 VUs, 24 complete and 0 interrupted iterations
saturation   [   5% ] 005/100 VUs  00m30.0s/10m30s  01.00 iters/s

running (00m31.0s), 005/100 VUs, 25 complete and 0 interrupted iterations
saturation   [   5% ] 005/100 VUs  00m31.0s/10m30s  01.00 iters/s

running (00m32.0s), 005/100 VUs, 26 complete and 0 interrupted iterations
saturation   [   5% ] 005/100 VUs  00m32.0s/10m30s  01.00 iters/s

running (00m33.0s), 005/100 VUs, 27 complete and 0 interrupted iterations
saturation   [   5% ] 005/100 VUs  00m33.0s/10m30s  01.00 iters/s

running (00m34.0s), 004/100 VUs, 29 complete and 0 interrupted iterations
saturation   [   5% ] 004/100 VUs  00m34.0s/10m30s  01.00 iters/s

running (00m35.0s), 004/100 VUs, 30 complete and 0 interrupted iterations
saturation   [   6% ] 004/100 VUs  00m35.0s/10m30s  01.00 iters/s

running (00m36.0s), 004/100 VUs, 31 complete and 0 interrupted iterations
saturation   [   6% ] 004/100 VUs  00m36.0s/10m30s  01.00 iters/s

running (00m37.0s), 005/100 VUs, 31 complete and 0 interrupted iterations
saturation   [   6% ] 005/100 VUs  00m37.0s/10m30s  01.00 iters/s

running (00m38.0s), 005/100 VUs, 32 complete and 0 interrupted iterations
saturation   [   6% ] 005/100 VUs  00m38.0s/10m30s  01.00 iters/s

running (00m39.0s), 005/100 VUs, 33 complete and 0 interrupted iterations
saturation   [   6% ] 005/100 VUs  00m39.0s/10m30s  01.00 iters/s

running (00m40.0s), 004/100 VUs, 35 complete and 0 interrupted iterations
saturation   [   6% ] 004/100 VUs  00m40.0s/10m30s  01.00 iters/s

running (00m41.0s), 005/100 VUs, 35 complete and 0 interrupted iterations
saturation   [   7% ] 005/100 VUs  00m41.0s/10m30s  01.00 iters/s

running (00m42.0s), 004/100 VUs, 37 complete and 0 interrupted iterations
saturation   [   7% ] 004/100 VUs  00m42.0s/10m30s  01.00 iters/s

running (00m43.0s), 004/100 VUs, 38 complete and 0 interrupted iterations
saturation   [   7% ] 004/100 VUs  00m43.0s/10m30s  01.00 iters/s

running (00m44.0s), 005/100 VUs, 38 complete and 0 interrupted iterations
saturation   [   7% ] 005/100 VUs  00m44.0s/10m30s  01.00 iters/s

running (00m45.0s), 005/100 VUs, 39 complete and 0 interrupted iterations
saturation   [   7% ] 005/100 VUs  00m45.0s/10m30s  01.00 iters/s

running (00m46.0s), 004/100 VUs, 41 complete and 0 interrupted iterations
saturation   [   7% ] 004/100 VUs  00m46.0s/10m30s  01.00 iters/s

running (00m47.0s), 004/100 VUs, 42 complete and 0 interrupted iterations
saturation   [   7% ] 004/100 VUs  00m47.0s/10m30s  01.00 iters/s

running (00m48.0s), 005/100 VUs, 42 complete and 0 interrupted iterations
saturation   [   8% ] 005/100 VUs  00m48.0s/10m30s  01.00 iters/s

running (00m49.0s), 005/100 VUs, 43 complete and 0 interrupted iterations
saturation   [   8% ] 005/100 VUs  00m49.0s/10m30s  01.00 iters/s

running (00m50.0s), 005/100 VUs, 44 complete and 0 interrupted iterations
saturation   [   8% ] 005/100 VUs  00m50.0s/10m30s  01.00 iters/s

running (00m51.0s), 006/100 VUs, 44 complete and 0 interrupted iterations
saturation   [   8% ] 006/100 VUs  00m51.0s/10m30s  01.00 iters/s

running (00m52.0s), 004/100 VUs, 47 complete and 0 interrupted iterations
saturation   [   8% ] 004/100 VUs  00m52.0s/10m30s  01.00 iters/s

running (00m53.0s), 004/100 VUs, 48 complete and 0 interrupted iterations
saturation   [   8% ] 004/100 VUs  00m53.0s/10m30s  01.00 iters/s

running (00m54.0s), 004/100 VUs, 49 complete and 0 interrupted iterations
saturation   [   9% ] 004/100 VUs  00m54.0s/10m30s  01.00 iters/s

running (00m55.0s), 004/100 VUs, 50 complete and 0 interrupted iterations
saturation   [   9% ] 004/100 VUs  00m55.0s/10m30s  01.00 iters/s

running (00m56.0s), 005/100 VUs, 50 complete and 0 interrupted iterations
saturation   [   9% ] 005/100 VUs  00m56.0s/10m30s  01.00 iters/s

running (00m57.0s), 004/100 VUs, 52 complete and 0 interrupted iterations
saturation   [   9% ] 004/100 VUs  00m57.0s/10m30s  01.00 iters/s

running (00m58.0s), 004/100 VUs, 53 complete and 0 interrupted iterations
saturation   [   9% ] 004/100 VUs  00m58.0s/10m30s  01.00 iters/s

running (00m59.0s), 004/100 VUs, 54 complete and 0 interrupted iterations
saturation   [   9% ] 004/100 VUs  00m59.0s/10m30s  01.00 iters/s

running (01m00.0s), 005/100 VUs, 54 complete and 0 interrupted iterations
saturation   [  10% ] 005/100 VUs  01m00.0s/10m30s  01.00 iters/s

running (01m01.0s), 005/100 VUs, 55 complete and 0 interrupted iterations
saturation   [  10% ] 005/100 VUs  01m01.0s/10m30s  01.00 iters/s

running (01m02.0s), 003/100 VUs, 58 complete and 0 interrupted iterations
saturation   [  10% ] 003/100 VUs  01m02.0s/10m30s  01.00 iters/s

running (01m03.0s), 003/100 VUs, 59 complete and 0 interrupted iterations
saturation   [  10% ] 003/100 VUs  01m03.0s/10m30s  01.00 iters/s

running (01m04.0s), 004/100 VUs, 59 complete and 0 interrupted iterations
saturation   [  10% ] 004/100 VUs  01m04.0s/10m30s  01.00 iters/s

running (01m05.0s), 005/100 VUs, 59 complete and 0 interrupted iterations
saturation   [  10% ] 005/100 VUs  01m05.0s/10m30s  01.00 iters/s

running (01m06.0s), 003/100 VUs, 62 complete and 0 interrupted iterations
saturation   [  10% ] 003/100 VUs  01m06.0s/10m30s  01.00 iters/s

running (01m07.0s), 004/100 VUs, 62 complete and 0 interrupted iterations
saturation   [  11% ] 004/100 VUs  01m07.0s/10m30s  01.00 iters/s

running (01m08.0s), 004/100 VUs, 63 complete and 0 interrupted iterations
saturation   [  11% ] 004/100 VUs  01m08.0s/10m30s  01.00 iters/s

running (01m09.0s), 005/100 VUs, 63 complete and 0 interrupted iterations
saturation   [  11% ] 005/100 VUs  01m09.0s/10m30s  01.00 iters/s

running (01m10.0s), 005/100 VUs, 64 complete and 0 interrupted iterations
saturation   [  11% ] 005/100 VUs  01m10.0s/10m30s  01.00 iters/s

running (01m11.0s), 005/100 VUs, 65 complete and 0 interrupted iterations
saturation   [  11% ] 005/100 VUs  01m11.0s/10m30s  01.00 iters/s

running (01m12.0s), 004/100 VUs, 67 complete and 0 interrupted iterations
saturation   [  11% ] 004/100 VUs  01m12.0s/10m30s  01.00 iters/s

running (01m13.0s), 005/100 VUs, 67 complete and 0 interrupted iterations
saturation   [  12% ] 005/100 VUs  01m13.0s/10m30s  01.00 iters/s

running (01m14.0s), 005/100 VUs, 68 complete and 0 interrupted iterations
saturation   [  12% ] 005/100 VUs  01m14.0s/10m30s  01.00 iters/s

running (01m15.0s), 004/100 VUs, 70 complete and 0 interrupted iterations
saturation   [  12% ] 004/100 VUs  01m15.0s/10m30s  01.00 iters/s

running (01m16.0s), 005/100 VUs, 70 complete and 0 interrupted iterations
saturation   [  12% ] 005/100 VUs  01m16.0s/10m30s  01.00 iters/s

running (01m17.0s), 005/100 VUs, 71 complete and 0 interrupted iterations
saturation   [  12% ] 005/100 VUs  01m17.0s/10m30s  01.00 iters/s

running (01m18.0s), 004/100 VUs, 73 complete and 0 interrupted iterations
saturation   [  12% ] 004/100 VUs  01m18.0s/10m30s  01.00 iters/s

running (01m19.0s), 004/100 VUs, 74 complete and 0 interrupted iterations
saturation   [  13% ] 004/100 VUs  01m19.0s/10m30s  01.00 iters/s

running (01m20.0s), 004/100 VUs, 75 complete and 0 interrupted iterations
saturation   [  13% ] 004/100 VUs  01m20.0s/10m30s  01.00 iters/s

running (01m21.0s), 005/100 VUs, 75 complete and 0 interrupted iterations
saturation   [  13% ] 005/100 VUs  01m21.0s/10m30s  01.00 iters/s

running (01m22.0s), 005/100 VUs, 76 complete and 0 interrupted iterations
saturation   [  13% ] 005/100 VUs  01m22.0s/10m30s  01.00 iters/s

running (01m23.0s), 004/100 VUs, 78 complete and 0 interrupted iterations
saturation   [  13% ] 004/100 VUs  01m23.0s/10m30s  01.00 iters/s

running (01m24.0s), 005/100 VUs, 78 complete and 0 interrupted iterations
saturation   [  13% ] 005/100 VUs  01m24.0s/10m30s  01.00 iters/s

running (01m25.0s), 004/100 VUs, 80 complete and 0 interrupted iterations
saturation   [  13% ] 004/100 VUs  01m25.0s/10m30s  01.00 iters/s

running (01m26.0s), 004/100 VUs, 81 complete and 0 interrupted iterations
saturation   [  14% ] 004/100 VUs  01m26.0s/10m30s  01.00 iters/s

running (01m27.0s), 005/100 VUs, 81 complete and 0 interrupted iterations
saturation   [  14% ] 005/100 VUs  01m27.0s/10m30s  01.00 iters/s

running (01m28.0s), 004/100 VUs, 83 complete and 0 interrupted iterations
saturation   [  14% ] 004/100 VUs  01m28.0s/10m30s  01.00 iters/s

running (01m29.0s), 004/100 VUs, 84 complete and 0 interrupted iterations
saturation   [  14% ] 004/100 VUs  01m29.0s/10m30s  01.00 iters/s

running (01m30.0s), 005/100 VUs, 84 complete and 0 interrupted iterations
saturation   [  14% ] 005/100 VUs  01m30.0s/10m30s  01.00 iters/s

running (01m31.0s), 005/100 VUs, 85 complete and 0 interrupted iterations
saturation   [  14% ] 005/100 VUs  01m31.0s/10m30s  01.01 iters/s

running (01m32.0s), 003/100 VUs, 88 complete and 0 interrupted iterations
saturation   [  15% ] 003/100 VUs  01m32.0s/10m30s  01.02 iters/s

running (01m33.0s), 005/100 VUs, 88 complete and 0 interrupted iterations
saturation   [  15% ] 005/100 VUs  01m33.0s/10m30s  01.04 iters/s

running (01m34.0s), 005/100 VUs, 89 complete and 0 interrupted iterations
saturation   [  15% ] 005/100 VUs  01m34.0s/10m30s  01.05 iters/s

running (01m35.0s), 005/100 VUs, 90 complete and 0 interrupted iterations
saturation   [  15% ] 005/100 VUs  01m35.0s/10m30s  01.06 iters/s

running (01m36.0s), 005/100 VUs, 91 complete and 0 interrupted iterations
saturation   [  15% ] 005/100 VUs  01m36.0s/10m30s  01.07 iters/s

running (01m37.0s), 005/100 VUs, 92 complete and 0 interrupted iterations
saturation   [  15% ] 005/100 VUs  01m37.0s/10m30s  01.08 iters/s

running (01m38.0s), 006/100 VUs, 92 complete and 0 interrupted iterations
saturation   [  16% ] 006/100 VUs  01m38.0s/10m30s  01.09 iters/s

running (01m39.0s), 005/100 VUs, 94 complete and 0 interrupted iterations
saturation   [  16% ] 005/100 VUs  01m39.0s/10m30s  01.10 iters/s

running (01m40.0s), 005/100 VUs, 95 complete and 0 interrupted iterations
saturation   [  16% ] 005/100 VUs  01m40.0s/10m30s  01.11 iters/s

running (01m41.0s), 005/100 VUs, 96 complete and 0 interrupted iterations
saturation   [  16% ] 005/100 VUs  01m41.0s/10m30s  01.12 iters/s

running (01m42.0s), 006/100 VUs, 96 complete and 0 interrupted iterations
saturation   [  16% ] 006/100 VUs  01m42.0s/10m30s  01.13 iters/s

running (01m43.0s), 005/100 VUs, 98 complete and 0 interrupted iterations
saturation   [  16% ] 005/100 VUs  01m43.0s/10m30s  01.14 iters/s

running (01m44.0s), 006/100 VUs, 99 complete and 0 interrupted iterations
saturation   [  17% ] 006/100 VUs  01m44.0s/10m30s  01.16 iters/s

running (01m45.0s), 007/100 VUs, 99 complete and 0 interrupted iterations
saturation   [  17% ] 007/100 VUs  01m45.0s/10m30s  01.17 iters/s

running (01m46.0s), 005/100 VUs, 102 complete and 0 interrupted iterations
saturation   [  17% ] 005/100 VUs  01m46.0s/10m30s  01.18 iters/s

running (01m47.0s), 005/100 VUs, 103 complete and 0 interrupted iterations
saturation   [  17% ] 005/100 VUs  01m47.0s/10m30s  01.19 iters/s

running (01m48.0s), 006/100 VUs, 103 complete and 0 interrupted iterations
saturation   [  17% ] 006/100 VUs  01m48.0s/10m30s  01.20 iters/s

running (01m49.0s), 005/100 VUs, 105 complete and 0 interrupted iterations
saturation   [  17% ] 005/100 VUs  01m49.0s/10m30s  01.21 iters/s

running (01m50.0s), 006/100 VUs, 106 complete and 0 interrupted iterations
saturation   [  17% ] 006/100 VUs  01m50.0s/10m30s  01.22 iters/s

running (01m51.0s), 007/100 VUs, 106 complete and 0 interrupted iterations
saturation   [  18% ] 007/100 VUs  01m51.0s/10m30s  01.23 iters/s

running (01m52.0s), 005/100 VUs, 109 complete and 0 interrupted iterations
saturation   [  18% ] 005/100 VUs  01m52.0s/10m30s  01.24 iters/s

running (01m53.0s), 005/100 VUs, 110 complete and 0 interrupted iterations
saturation   [  18% ] 005/100 VUs  01m53.0s/10m30s  01.25 iters/s

running (01m54.0s), 006/100 VUs, 111 complete and 0 interrupted iterations
saturation   [  18% ] 006/100 VUs  01m54.0s/10m30s  01.27 iters/s

running (01m55.0s), 006/100 VUs, 112 complete and 0 interrupted iterations
saturation   [  18% ] 006/100 VUs  01m55.0s/10m30s  01.28 iters/s

running (01m56.0s), 006/100 VUs, 113 complete and 0 interrupted iterations
saturation   [  18% ] 006/100 VUs  01m56.0s/10m30s  01.29 iters/s

running (01m57.0s), 006/100 VUs, 114 complete and 0 interrupted iterations
saturation   [  19% ] 006/100 VUs  01m57.0s/10m30s  01.30 iters/s

running (01m58.0s), 007/100 VUs, 115 complete and 0 interrupted iterations
saturation   [  19% ] 007/100 VUs  01m58.0s/10m30s  01.31 iters/s

running (01m59.0s), 006/100 VUs, 117 complete and 0 interrupted iterations
saturation   [  19% ] 006/100 VUs  01m59.0s/10m30s  01.32 iters/s

running (02m00.0s), 005/100 VUs, 119 complete and 0 interrupted iterations
saturation   [  19% ] 005/100 VUs  02m00.0s/10m30s  01.33 iters/s

running (02m01.0s), 007/100 VUs, 119 complete and 0 interrupted iterations
saturation   [  19% ] 007/100 VUs  02m01.0s/10m30s  01.35 iters/s

running (02m02.0s), 008/100 VUs, 119 complete and 0 interrupted iterations
saturation   [  19% ] 008/100 VUs  02m02.0s/10m30s  01.35 iters/s

running (02m03.0s), 008/100 VUs, 120 complete and 0 interrupted iterations
saturation   [  20% ] 008/100 VUs  02m03.0s/10m30s  01.36 iters/s

running (02m04.0s), 008/100 VUs, 122 complete and 0 interrupted iterations
saturation   [  20% ] 008/100 VUs  02m04.0s/10m30s  01.38 iters/s

running (02m05.0s), 007/100 VUs, 124 complete and 0 interrupted iterations
saturation   [  20% ] 007/100 VUs  02m05.0s/10m30s  01.39 iters/s

running (02m06.0s), 007/100 VUs, 126 complete and 0 interrupted iterations
saturation   [  20% ] 007/100 VUs  02m06.0s/10m30s  01.40 iters/s

running (02m07.0s), 008/100 VUs, 126 complete and 0 interrupted iterations
saturation   [  20% ] 008/100 VUs  02m07.0s/10m30s  01.41 iters/s

running (02m08.0s), 006/100 VUs, 129 complete and 0 interrupted iterations
saturation   [  20% ] 006/100 VUs  02m08.0s/10m30s  01.42 iters/s

running (02m09.0s), 008/100 VUs, 129 complete and 0 interrupted iterations
saturation   [  20% ] 008/100 VUs  02m09.0s/10m30s  01.43 iters/s

running (02m10.0s), 007/100 VUs, 131 complete and 0 interrupted iterations
saturation   [  21% ] 007/100 VUs  02m10.0s/10m30s  01.44 iters/s

running (02m11.0s), 007/100 VUs, 133 complete and 0 interrupted iterations
saturation   [  21% ] 007/100 VUs  02m11.0s/10m30s  01.46 iters/s

running (02m12.0s), 006/100 VUs, 135 complete and 0 interrupted iterations
saturation   [  21% ] 006/100 VUs  02m12.0s/10m30s  01.46 iters/s

running (02m13.0s), 008/100 VUs, 135 complete and 0 interrupted iterations
saturation   [  21% ] 008/100 VUs  02m13.0s/10m30s  01.48 iters/s

running (02m14.0s), 007/100 VUs, 137 complete and 0 interrupted iterations
saturation   [  21% ] 007/100 VUs  02m14.0s/10m30s  01.49 iters/s

running (02m15.0s), 007/100 VUs, 139 complete and 0 interrupted iterations
saturation   [  21% ] 007/100 VUs  02m15.0s/10m30s  01.50 iters/s

running (02m16.0s), 006/100 VUs, 141 complete and 0 interrupted iterations
saturation   [  22% ] 006/100 VUs  02m16.0s/10m30s  01.51 iters/s

running (02m17.0s), 006/100 VUs, 143 complete and 0 interrupted iterations
saturation   [  22% ] 006/100 VUs  02m17.0s/10m30s  01.52 iters/s

running (02m18.0s), 007/100 VUs, 143 complete and 0 interrupted iterations
saturation   [  22% ] 007/100 VUs  02m18.0s/10m30s  01.53 iters/s

running (02m19.0s), 007/100 VUs, 145 complete and 0 interrupted iterations
saturation   [  22% ] 007/100 VUs  02m19.0s/10m30s  01.55 iters/s

running (02m20.0s), 006/100 VUs, 147 complete and 0 interrupted iterations
saturation   [  22% ] 006/100 VUs  02m20.0s/10m30s  01.55 iters/s

running (02m21.0s), 008/100 VUs, 147 complete and 0 interrupted iterations
saturation   [  22% ] 008/100 VUs  02m21.0s/10m30s  01.57 iters/s

running (02m22.0s), 007/100 VUs, 149 complete and 0 interrupted iterations
saturation   [  23% ] 007/100 VUs  02m22.0s/10m30s  01.57 iters/s

running (02m23.0s), 008/100 VUs, 150 complete and 0 interrupted iterations
saturation   [  23% ] 008/100 VUs  02m23.0s/10m30s  01.59 iters/s

running (02m24.0s), 007/100 VUs, 153 complete and 0 interrupted iterations
saturation   [  23% ] 007/100 VUs  02m24.0s/10m30s  01.60 iters/s

running (02m25.0s), 008/100 VUs, 153 complete and 0 interrupted iterations
saturation   [  23% ] 008/100 VUs  02m25.0s/10m30s  01.61 iters/s

running (02m26.0s), 008/100 VUs, 155 complete and 0 interrupted iterations
saturation   [  23% ] 008/100 VUs  02m26.0s/10m30s  01.62 iters/s

running (02m27.0s), 009/100 VUs, 155 complete and 0 interrupted iterations
saturation   [  23% ] 009/100 VUs  02m27.0s/10m30s  01.63 iters/s

running (02m28.0s), 011/100 VUs, 155 complete and 0 interrupted iterations
saturation   [  23% ] 011/100 VUs  02m28.0s/10m30s  01.64 iters/s

running (02m29.0s), 009/100 VUs, 159 complete and 0 interrupted iterations
saturation   [  24% ] 009/100 VUs  02m29.0s/10m30s  01.66 iters/s

running (02m30.0s), 006/100 VUs, 163 complete and 0 interrupted iterations
saturation   [  24% ] 006/100 VUs  02m30.0s/10m30s  01.66 iters/s

running (02m31.0s), 008/100 VUs, 163 complete and 0 interrupted iterations
saturation   [  24% ] 008/100 VUs  02m31.0s/10m30s  01.68 iters/s

running (02m32.0s), 008/100 VUs, 165 complete and 0 interrupted iterations
saturation   [  24% ] 008/100 VUs  02m32.0s/10m30s  01.69 iters/s

running (02m33.0s), 006/100 VUs, 168 complete and 0 interrupted iterations
saturation   [  24% ] 006/100 VUs  02m33.0s/10m30s  01.70 iters/s

running (02m34.0s), 008/100 VUs, 168 complete and 0 interrupted iterations
saturation   [  24% ] 008/100 VUs  02m34.0s/10m30s  01.71 iters/s

running (02m35.0s), 008/100 VUs, 170 complete and 0 interrupted iterations
saturation   [  25% ] 008/100 VUs  02m35.0s/10m30s  01.72 iters/s

running (02m36.0s), 008/100 VUs, 172 complete and 0 interrupted iterations
saturation   [  25% ] 008/100 VUs  02m36.0s/10m30s  01.74 iters/s

running (02m37.0s), 009/100 VUs, 172 complete and 0 interrupted iterations
saturation   [  25% ] 009/100 VUs  02m37.0s/10m30s  01.74 iters/s

running (02m38.0s), 009/100 VUs, 174 complete and 0 interrupted iterations
saturation   [  25% ] 009/100 VUs  02m38.0s/10m30s  01.75 iters/s

running (02m39.0s), 009/100 VUs, 176 complete and 0 interrupted iterations
saturation   [  25% ] 009/100 VUs  02m39.0s/10m30s  01.77 iters/s

running (02m40.0s), 008/100 VUs, 179 complete and 0 interrupted iterations
saturation   [  25% ] 008/100 VUs  02m40.0s/10m30s  01.78 iters/s

running (02m41.0s), 009/100 VUs, 179 complete and 0 interrupted iterations
saturation   [  26% ] 009/100 VUs  02m41.0s/10m30s  01.79 iters/s

running (02m42.0s), 011/100 VUs, 179 complete and 0 interrupted iterations
saturation   [  26% ] 011/100 VUs  02m42.0s/10m30s  01.80 iters/s

running (02m43.0s), 010/100 VUs, 182 complete and 0 interrupted iterations
saturation   [  26% ] 010/100 VUs  02m43.0s/10m30s  01.81 iters/s

running (02m44.0s), 009/100 VUs, 185 complete and 0 interrupted iterations
saturation   [  26% ] 009/100 VUs  02m44.0s/10m30s  01.82 iters/s

running (02m45.0s), 011/100 VUs, 185 complete and 0 interrupted iterations
saturation   [  26% ] 011/100 VUs  02m45.0s/10m30s  01.83 iters/s

running (02m46.0s), 008/100 VUs, 190 complete and 0 interrupted iterations
saturation   [  26% ] 008/100 VUs  02m46.0s/10m30s  01.85 iters/s

running (02m47.0s), 009/100 VUs, 190 complete and 0 interrupted iterations
saturation   [  27% ] 009/100 VUs  02m47.0s/10m30s  01.85 iters/s

running (02m48.0s), 009/100 VUs, 192 complete and 0 interrupted iterations
saturation   [  27% ] 009/100 VUs  02m48.0s/10m30s  01.86 iters/s

running (02m49.0s), 011/100 VUs, 192 complete and 0 interrupted iterations
saturation   [  27% ] 011/100 VUs  02m49.0s/10m30s  01.88 iters/s

running (02m50.0s), 010/100 VUs, 195 complete and 0 interrupted iterations
saturation   [  27% ] 010/100 VUs  02m50.0s/10m30s  01.89 iters/s

running (02m51.0s), 010/100 VUs, 197 complete and 0 interrupted iterations
saturation   [  27% ] 010/100 VUs  02m51.0s/10m30s  01.90 iters/s

running (02m52.0s), 009/100 VUs, 200 complete and 0 interrupted iterations
saturation   [  27% ] 009/100 VUs  02m52.0s/10m30s  01.91 iters/s

running (02m53.0s), 011/100 VUs, 200 complete and 0 interrupted iterations
saturation   [  27% ] 011/100 VUs  02m53.0s/10m30s  01.92 iters/s

running (02m54.0s), 010/100 VUs, 203 complete and 0 interrupted iterations
saturation   [  28% ] 010/100 VUs  02m54.0s/10m30s  01.94 iters/s

running (02m55.0s), 010/100 VUs, 205 complete and 0 interrupted iterations
saturation   [  28% ] 010/100 VUs  02m55.0s/10m30s  01.95 iters/s

running (02m56.0s), 011/100 VUs, 205 complete and 0 interrupted iterations
saturation   [  28% ] 011/100 VUs  02m56.0s/10m30s  01.95 iters/s

running (02m57.0s), 010/100 VUs, 208 complete and 0 interrupted iterations
saturation   [  28% ] 010/100 VUs  02m57.0s/10m30s  01.96 iters/s

running (02m58.0s), 012/100 VUs, 208 complete and 0 interrupted iterations
saturation   [  28% ] 012/100 VUs  02m58.0s/10m30s  01.97 iters/s

running (02m59.0s), 011/100 VUs, 211 complete and 0 interrupted iterations
saturation   [  28% ] 011/100 VUs  02m59.0s/10m30s  01.99 iters/s

running (03m00.0s), 010/100 VUs, 214 complete and 0 interrupted iterations
saturation   [  29% ] 010/100 VUs  03m00.0s/10m30s  02.00 iters/s

running (03m01.0s), 011/100 VUs, 215 complete and 0 interrupted iterations
saturation   [  29% ] 011/100 VUs  03m01.0s/10m30s  02.01 iters/s

running (03m02.0s), 011/100 VUs, 217 complete and 0 interrupted iterations
saturation   [  29% ] 011/100 VUs  03m02.0s/10m30s  02.02 iters/s

running (03m03.0s), 011/100 VUs, 219 complete and 0 interrupted iterations
saturation   [  29% ] 011/100 VUs  03m03.0s/10m30s  02.03 iters/s

running (03m04.0s), 010/100 VUs, 222 complete and 0 interrupted iterations
saturation   [  29% ] 010/100 VUs  03m04.0s/10m30s  02.04 iters/s

running (03m05.0s), 013/100 VUs, 222 complete and 0 interrupted iterations
saturation   [  29% ] 013/100 VUs  03m05.0s/10m30s  02.06 iters/s

running (03m06.0s), 012/100 VUs, 225 complete and 0 interrupted iterations
saturation   [  30% ] 012/100 VUs  03m06.0s/10m30s  02.07 iters/s

running (03m07.0s), 014/100 VUs, 225 complete and 0 interrupted iterations
saturation   [  30% ] 014/100 VUs  03m07.0s/10m30s  02.08 iters/s

running (03m08.0s), 016/100 VUs, 225 complete and 0 interrupted iterations
saturation   [  30% ] 016/100 VUs  03m08.0s/10m30s  02.09 iters/s

running (03m09.0s), 012/100 VUs, 231 complete and 0 interrupted iterations
saturation   [  30% ] 012/100 VUs  03m09.0s/10m30s  02.10 iters/s

running (03m10.0s), 013/100 VUs, 232 complete and 0 interrupted iterations
saturation   [  30% ] 013/100 VUs  03m10.0s/10m30s  02.11 iters/s

running (03m11.0s), 013/100 VUs, 234 complete and 0 interrupted iterations
saturation   [  30% ] 013/100 VUs  03m11.0s/10m30s  02.12 iters/s

running (03m12.0s), 011/100 VUs, 238 complete and 0 interrupted iterations
saturation   [  30% ] 011/100 VUs  03m12.0s/10m30s  02.13 iters/s

running (03m13.0s), 013/100 VUs, 238 complete and 0 interrupted iterations
saturation   [  31% ] 013/100 VUs  03m13.0s/10m30s  02.14 iters/s

running (03m14.0s), 011/100 VUs, 242 complete and 0 interrupted iterations
saturation   [  31% ] 011/100 VUs  03m14.0s/10m30s  02.15 iters/s

running (03m15.0s), 014/100 VUs, 242 complete and 0 interrupted iterations
saturation   [  31% ] 014/100 VUs  03m15.0s/10m30s  02.17 iters/s

running (03m16.0s), 013/100 VUs, 245 complete and 0 interrupted iterations
saturation   [  31% ] 013/100 VUs  03m16.0s/10m30s  02.18 iters/s

running (03m17.0s), 013/100 VUs, 247 complete and 0 interrupted iterations
saturation   [  31% ] 013/100 VUs  03m17.0s/10m30s  02.19 iters/s

running (03m18.0s), 011/100 VUs, 251 complete and 0 interrupted iterations
saturation   [  31% ] 011/100 VUs  03m18.0s/10m30s  02.20 iters/s

running (03m19.0s), 013/100 VUs, 251 complete and 0 interrupted iterations
saturation   [  32% ] 013/100 VUs  03m19.0s/10m30s  02.21 iters/s

running (03m20.0s), 012/100 VUs, 255 complete and 0 interrupted iterations
saturation   [  32% ] 012/100 VUs  03m20.0s/10m30s  02.22 iters/s

running (03m21.0s), 014/100 VUs, 255 complete and 0 interrupted iterations
saturation   [  32% ] 014/100 VUs  03m21.0s/10m30s  02.23 iters/s

running (03m22.0s), 013/100 VUs, 258 complete and 0 interrupted iterations
saturation   [  32% ] 013/100 VUs  03m22.0s/10m30s  02.24 iters/s

running (03m23.0s), 015/100 VUs, 258 complete and 0 interrupted iterations
saturation   [  32% ] 015/100 VUs  03m23.0s/10m30s  02.25 iters/s

running (03m24.0s), 015/100 VUs, 261 complete and 0 interrupted iterations
saturation   [  32% ] 015/100 VUs  03m24.0s/10m30s  02.27 iters/s

running (03m25.0s), 012/100 VUs, 266 complete and 0 interrupted iterations
saturation   [  33% ] 012/100 VUs  03m25.0s/10m30s  02.28 iters/s

running (03m26.0s), 012/100 VUs, 268 complete and 0 interrupted iterations
saturation   [  33% ] 012/100 VUs  03m26.0s/10m30s  02.29 iters/s

running (03m27.0s), 014/100 VUs, 268 complete and 0 interrupted iterations
saturation   [  33% ] 014/100 VUs  03m27.0s/10m30s  02.30 iters/s

running (03m28.0s), 016/100 VUs, 269 complete and 0 interrupted iterations
saturation   [  33% ] 016/100 VUs  03m28.0s/10m30s  02.31 iters/s

running (03m29.0s), 013/100 VUs, 274 complete and 0 interrupted iterations
saturation   [  33% ] 013/100 VUs  03m29.0s/10m30s  02.32 iters/s

running (03m30.0s), 013/100 VUs, 276 complete and 0 interrupted iterations
saturation   [  33% ] 013/100 VUs  03m30.0s/10m30s  02.33 iters/s

running (03m31.0s), 013/100 VUs, 279 complete and 0 interrupted iterations
saturation   [  33% ] 013/100 VUs  03m31.0s/10m30s  02.35 iters/s

running (03m32.0s), 011/100 VUs, 283 complete and 0 interrupted iterations
saturation   [  34% ] 011/100 VUs  03m32.0s/10m30s  02.35 iters/s

running (03m33.0s), 013/100 VUs, 283 complete and 0 interrupted iterations
saturation   [  34% ] 013/100 VUs  03m33.0s/10m30s  02.36 iters/s

running (03m34.0s), 012/100 VUs, 287 complete and 0 interrupted iterations
saturation   [  34% ] 012/100 VUs  03m34.0s/10m30s  02.38 iters/s

running (03m35.0s), 014/100 VUs, 287 complete and 0 interrupted iterations
saturation   [  34% ] 014/100 VUs  03m35.0s/10m30s  02.39 iters/s

running (03m36.0s), 013/100 VUs, 291 complete and 0 interrupted iterations
saturation   [  34% ] 013/100 VUs  03m36.0s/10m30s  02.40 iters/s

running (03m37.0s), 015/100 VUs, 291 complete and 0 interrupted iterations
saturation   [  34% ] 015/100 VUs  03m37.0s/10m30s  02.41 iters/s

running (03m38.0s), 014/100 VUs, 294 complete and 0 interrupted iterations
saturation   [  35% ] 014/100 VUs  03m38.0s/10m30s  02.42 iters/s

running (03m39.0s), 013/100 VUs, 298 complete and 0 interrupted iterations
saturation   [  35% ] 013/100 VUs  03m39.0s/10m30s  02.43 iters/s

running (03m40.0s), 015/100 VUs, 298 complete and 0 interrupted iterations
saturation   [  35% ] 015/100 VUs  03m40.0s/10m30s  02.44 iters/s

running (03m41.0s), 015/100 VUs, 301 complete and 0 interrupted iterations
saturation   [  35% ] 015/100 VUs  03m41.0s/10m30s  02.46 iters/s

running (03m42.0s), 013/100 VUs, 305 complete and 0 interrupted iterations
saturation   [  35% ] 013/100 VUs  03m42.0s/10m30s  02.47 iters/s

running (03m43.0s), 016/100 VUs, 305 complete and 0 interrupted iterations
saturation   [  35% ] 016/100 VUs  03m43.0s/10m30s  02.48 iters/s

running (03m44.0s), 015/100 VUs, 308 complete and 0 interrupted iterations
saturation   [  36% ] 015/100 VUs  03m44.0s/10m30s  02.49 iters/s

running (03m45.0s), 017/100 VUs, 309 complete and 0 interrupted iterations
saturation   [  36% ] 017/100 VUs  03m45.0s/10m30s  02.50 iters/s

running (03m46.0s), 017/100 VUs, 311 complete and 0 interrupted iterations
saturation   [  36% ] 017/100 VUs  03m46.0s/10m30s  02.51 iters/s

running (03m47.0s), 015/100 VUs, 316 complete and 0 interrupted iterations
saturation   [  36% ] 015/100 VUs  03m47.0s/10m30s  02.52 iters/s

running (03m48.0s), 016/100 VUs, 317 complete and 0 interrupted iterations
saturation   [  36% ] 016/100 VUs  03m48.0s/10m30s  02.53 iters/s

running (03m49.0s), 017/100 VUs, 319 complete and 0 interrupted iterations
saturation   [  36% ] 017/100 VUs  03m49.0s/10m30s  02.55 iters/s

running (03m50.0s), 016/100 VUs, 322 complete and 0 interrupted iterations
saturation   [  37% ] 016/100 VUs  03m50.0s/10m30s  02.55 iters/s

running (03m51.0s), 016/100 VUs, 325 complete and 0 interrupted iterations
saturation   [  37% ] 016/100 VUs  03m51.0s/10m30s  02.57 iters/s

running (03m52.0s), 014/100 VUs, 329 complete and 0 interrupted iterations
saturation   [  37% ] 014/100 VUs  03m52.0s/10m30s  02.58 iters/s

running (03m53.0s), 017/100 VUs, 329 complete and 0 interrupted iterations
saturation   [  37% ] 017/100 VUs  03m53.0s/10m30s  02.59 iters/s

running (03m54.0s), 020/100 VUs, 329 complete and 0 interrupted iterations
saturation   [  37% ] 020/100 VUs  03m54.0s/10m30s  02.60 iters/s

running (03m55.0s), 015/100 VUs, 336 complete and 0 interrupted iterations
saturation   [  37% ] 015/100 VUs  03m55.0s/10m30s  02.61 iters/s

running (03m56.0s), 017/100 VUs, 337 complete and 0 interrupted iterations
saturation   [  37% ] 017/100 VUs  03m56.0s/10m30s  02.62 iters/s

running (03m57.0s), 016/100 VUs, 340 complete and 0 interrupted iterations
saturation   [  38% ] 016/100 VUs  03m57.0s/10m30s  02.63 iters/s

running (03m58.0s), 015/100 VUs, 344 complete and 0 interrupted iterations
saturation   [  38% ] 015/100 VUs  03m58.0s/10m30s  02.64 iters/s

running (03m59.0s), 015/100 VUs, 347 complete and 0 interrupted iterations
saturation   [  38% ] 015/100 VUs  03m59.0s/10m30s  02.66 iters/s

running (04m00.0s), 017/100 VUs, 347 complete and 0 interrupted iterations
saturation   [  38% ] 017/100 VUs  04m00.0s/10m30s  02.66 iters/s

running (04m01.0s), 016/100 VUs, 351 complete and 0 interrupted iterations
saturation   [  38% ] 016/100 VUs  04m01.0s/10m30s  02.68 iters/s

running (04m02.0s), 019/100 VUs, 351 complete and 0 interrupted iterations
saturation   [  38% ] 019/100 VUs  04m02.0s/10m30s  02.69 iters/s

running (04m03.0s), 016/100 VUs, 356 complete and 0 interrupted iterations
saturation   [  39% ] 016/100 VUs  04m03.0s/10m30s  02.70 iters/s

running (04m04.0s), 015/100 VUs, 360 complete and 0 interrupted iterations
saturation   [  39% ] 015/100 VUs  04m04.0s/10m30s  02.71 iters/s

running (04m05.0s), 018/100 VUs, 360 complete and 0 interrupted iterations
saturation   [  39% ] 018/100 VUs  04m05.0s/10m30s  02.72 iters/s

running (04m06.0s), 016/100 VUs, 365 complete and 0 interrupted iterations
saturation   [  39% ] 016/100 VUs  04m06.0s/10m30s  02.73 iters/s

running (04m07.0s), 018/100 VUs, 365 complete and 0 interrupted iterations
saturation   [  39% ] 018/100 VUs  04m07.0s/10m30s  02.74 iters/s

running (04m08.0s), 017/100 VUs, 369 complete and 0 interrupted iterations
saturation   [  39% ] 017/100 VUs  04m08.0s/10m30s  02.75 iters/s

running (04m09.0s), 020/100 VUs, 369 complete and 0 interrupted iterations
saturation   [  40% ] 020/100 VUs  04m09.0s/10m30s  02.77 iters/s

running (04m10.0s), 019/100 VUs, 373 complete and 0 interrupted iterations
saturation   [  40% ] 019/100 VUs  04m10.0s/10m30s  02.78 iters/s

running (04m11.0s), 016/100 VUs, 378 complete and 0 interrupted iterations
saturation   [  40% ] 016/100 VUs  04m11.0s/10m30s  02.79 iters/s

running (04m12.0s), 019/100 VUs, 378 complete and 0 interrupted iterations
saturation   [  40% ] 019/100 VUs  04m12.0s/10m30s  02.80 iters/s

running (04m13.0s), 017/100 VUs, 383 complete and 0 interrupted iterations
saturation   [  40% ] 017/100 VUs  04m13.0s/10m30s  02.81 iters/s

running (04m14.0s), 020/100 VUs, 383 complete and 0 interrupted iterations
saturation   [  40% ] 020/100 VUs  04m14.0s/10m30s  02.82 iters/s

running (04m15.0s), 018/100 VUs, 388 complete and 0 interrupted iterations
saturation   [  40% ] 018/100 VUs  04m15.0s/10m30s  02.83 iters/s

running (04m16.0s), 016/100 VUs, 392 complete and 0 interrupted iterations
saturation   [  41% ] 016/100 VUs  04m16.0s/10m30s  02.84 iters/s

running (04m17.0s), 018/100 VUs, 393 complete and 0 interrupted iterations
saturation   [  41% ] 018/100 VUs  04m17.0s/10m30s  02.85 iters/s

running (04m18.0s), 021/100 VUs, 393 complete and 0 interrupted iterations
saturation   [  41% ] 021/100 VUs  04m18.0s/10m30s  02.87 iters/s

running (04m19.0s), 024/100 VUs, 393 complete and 0 interrupted iterations
saturation   [  41% ] 024/100 VUs  04m19.0s/10m30s  02.88 iters/s

running (04m20.0s), 020/100 VUs, 400 complete and 0 interrupted iterations
saturation   [  41% ] 020/100 VUs  04m20.0s/10m30s  02.89 iters/s

running (04m21.0s), 023/100 VUs, 400 complete and 0 interrupted iterations
saturation   [  41% ] 023/100 VUs  04m21.0s/10m30s  02.90 iters/s

running (04m22.0s), 023/100 VUs, 403 complete and 0 interrupted iterations
saturation   [  42% ] 023/100 VUs  04m22.0s/10m30s  02.91 iters/s

running (04m23.0s), 019/100 VUs, 410 complete and 0 interrupted iterations
saturation   [  42% ] 019/100 VUs  04m23.0s/10m30s  02.92 iters/s

running (04m24.0s), 017/100 VUs, 415 complete and 0 interrupted iterations
saturation   [  42% ] 017/100 VUs  04m24.0s/10m30s  02.93 iters/s

running (04m25.0s), 019/100 VUs, 415 complete and 0 interrupted iterations
saturation   [  42% ] 019/100 VUs  04m25.0s/10m30s  02.94 iters/s

running (04m26.0s), 017/100 VUs, 420 complete and 0 interrupted iterations
saturation   [  42% ] 017/100 VUs  04m26.0s/10m30s  02.95 iters/s

running (04m27.0s), 019/100 VUs, 421 complete and 0 interrupted iterations
saturation   [  42% ] 019/100 VUs  04m27.0s/10m30s  02.96 iters/s

running (04m28.0s), 020/100 VUs, 423 complete and 0 interrupted iterations
saturation   [  43% ] 020/100 VUs  04m28.0s/10m30s  02.98 iters/s

running (04m29.0s), 020/100 VUs, 426 complete and 0 interrupted iterations
saturation   [  43% ] 020/100 VUs  04m29.0s/10m30s  02.99 iters/s

running (04m30.0s), 018/100 VUs, 431 complete and 0 interrupted iterations
saturation   [  43% ] 018/100 VUs  04m30.0s/10m30s  03.00 iters/s

running (04m31.0s), 021/100 VUs, 431 complete and 0 interrupted iterations
saturation   [  43% ] 021/100 VUs  04m31.0s/10m30s  03.02 iters/s

running (04m32.0s), 019/100 VUs, 436 complete and 0 interrupted iterations
saturation   [  43% ] 019/100 VUs  04m32.0s/10m30s  03.04 iters/s

running (04m33.0s), 022/100 VUs, 436 complete and 0 interrupted iterations
saturation   [  43% ] 022/100 VUs  04m33.0s/10m30s  03.06 iters/s

running (04m34.0s), 021/100 VUs, 441 complete and 0 interrupted iterations
saturation   [  43% ] 021/100 VUs  04m34.0s/10m30s  03.09 iters/s

running (04m35.0s), 020/100 VUs, 445 complete and 0 interrupted iterations
saturation   [  44% ] 020/100 VUs  04m35.0s/10m30s  03.11 iters/s

running (04m36.0s), 022/100 VUs, 446 complete and 0 interrupted iterations
saturation   [  44% ] 022/100 VUs  04m36.0s/10m30s  03.13 iters/s

running (04m37.0s), 022/100 VUs, 449 complete and 0 interrupted iterations
saturation   [  44% ] 022/100 VUs  04m37.0s/10m30s  03.16 iters/s

running (04m38.0s), 022/100 VUs, 452 complete and 0 interrupted iterations
saturation   [  44% ] 022/100 VUs  04m38.0s/10m30s  03.18 iters/s

running (04m39.0s), 021/100 VUs, 456 complete and 0 interrupted iterations
saturation   [  44% ] 021/100 VUs  04m39.0s/10m30s  03.20 iters/s

running (04m40.0s), 024/100 VUs, 456 complete and 0 interrupted iterations
saturation   [  44% ] 024/100 VUs  04m40.0s/10m30s  03.22 iters/s

running (04m41.0s), 021/100 VUs, 463 complete and 0 interrupted iterations
saturation   [  45% ] 021/100 VUs  04m41.0s/10m30s  03.25 iters/s

running (04m42.0s), 020/100 VUs, 467 complete and 0 interrupted iterations
saturation   [  45% ] 020/100 VUs  04m42.0s/10m30s  03.27 iters/s

running (04m43.0s), 022/100 VUs, 468 complete and 0 interrupted iterations
saturation   [  45% ] 022/100 VUs  04m43.0s/10m30s  03.29 iters/s

running (04m44.0s), 021/100 VUs, 473 complete and 0 interrupted iterations
saturation   [  45% ] 021/100 VUs  04m44.0s/10m30s  03.31 iters/s

running (04m45.0s), 023/100 VUs, 474 complete and 0 interrupted iterations
saturation   [  45% ] 023/100 VUs  04m45.0s/10m30s  03.33 iters/s

running (04m46.0s), 024/100 VUs, 476 complete and 0 interrupted iterations
saturation   [  45% ] 024/100 VUs  04m46.0s/10m30s  03.35 iters/s

running (04m47.0s), 023/100 VUs, 481 complete and 0 interrupted iterations
saturation   [  46% ] 023/100 VUs  04m47.0s/10m30s  03.38 iters/s

running (04m48.0s), 022/100 VUs, 485 complete and 0 interrupted iterations
saturation   [  46% ] 022/100 VUs  04m48.0s/10m30s  03.40 iters/s

running (04m49.0s), 025/100 VUs, 485 complete and 0 interrupted iterations
saturation   [  46% ] 025/100 VUs  04m49.0s/10m30s  03.42 iters/s

running (04m50.0s), 023/100 VUs, 491 complete and 0 interrupted iterations
saturation   [  46% ] 023/100 VUs  04m50.0s/10m30s  03.44 iters/s

running (04m51.0s), 024/100 VUs, 493 complete and 0 interrupted iterations
saturation   [  46% ] 024/100 VUs  04m51.0s/10m30s  03.46 iters/s

running (04m52.0s), 024/100 VUs, 497 complete and 0 interrupted iterations
saturation   [  46% ] 024/100 VUs  04m52.0s/10m30s  03.49 iters/s

running (04m53.0s), 027/100 VUs, 497 complete and 0 interrupted iterations
saturation   [  47% ] 027/100 VUs  04m53.0s/10m30s  03.51 iters/s

running (04m54.0s), 031/100 VUs, 497 complete and 0 interrupted iterations
saturation   [  47% ] 031/100 VUs  04m54.0s/10m30s  03.53 iters/s

running (04m55.0s), 034/100 VUs, 497 complete and 0 interrupted iterations
saturation   [  47% ] 034/100 VUs  04m55.0s/10m30s  03.55 iters/s

running (04m56.0s), 029/100 VUs, 506 complete and 0 interrupted iterations
saturation   [  47% ] 029/100 VUs  04m56.0s/10m30s  03.58 iters/s

running (04m57.0s), 025/100 VUs, 513 complete and 0 interrupted iterations
saturation   [  47% ] 025/100 VUs  04m57.0s/10m30s  03.60 iters/s

running (04m58.0s), 026/100 VUs, 516 complete and 0 interrupted iterations
saturation   [  47% ] 026/100 VUs  04m58.0s/10m30s  03.62 iters/s

running (04m59.0s), 025/100 VUs, 521 complete and 0 interrupted iterations
saturation   [  47% ] 025/100 VUs  04m59.0s/10m30s  03.65 iters/s

running (05m00.0s), 028/100 VUs, 521 complete and 0 interrupted iterations
saturation   [  48% ] 028/100 VUs  05m00.0s/10m30s  03.66 iters/s

running (05m01.0s), 030/100 VUs, 523 complete and 0 interrupted iterations
saturation   [  48% ] 030/100 VUs  05m01.0s/10m30s  03.69 iters/s

running (05m02.0s), 026/100 VUs, 531 complete and 0 interrupted iterations
saturation   [  48% ] 026/100 VUs  05m02.0s/10m30s  03.71 iters/s

running (05m03.0s), 029/100 VUs, 531 complete and 0 interrupted iterations
saturation   [  48% ] 029/100 VUs  05m03.0s/10m30s  03.73 iters/s

running (05m04.0s), 025/100 VUs, 539 complete and 0 interrupted iterations
saturation   [  48% ] 025/100 VUs  05m04.0s/10m30s  03.75 iters/s

running (05m05.0s), 024/100 VUs, 544 complete and 0 interrupted iterations
saturation   [  48% ] 024/100 VUs  05m05.0s/10m30s  03.78 iters/s

running (05m06.0s), 028/100 VUs, 544 complete and 0 interrupted iterations
saturation   [  49% ] 028/100 VUs  05m06.0s/10m30s  03.80 iters/s

running (05m07.0s), 032/100 VUs, 544 complete and 0 interrupted iterations
saturation   [  49% ] 032/100 VUs  05m07.0s/10m30s  03.82 iters/s

running (05m08.0s), 031/100 VUs, 548 complete and 0 interrupted iterations
saturation   [  49% ] 031/100 VUs  05m08.0s/10m30s  03.84 iters/s

running (05m09.0s), 032/100 VUs, 551 complete and 0 interrupted iterations
saturation   [  49% ] 032/100 VUs  05m09.0s/10m30s  03.86 iters/s

running (05m10.0s), 032/100 VUs, 555 complete and 0 interrupted iterations
saturation   [  49% ] 032/100 VUs  05m10.0s/10m30s  03.89 iters/s

running (05m11.0s), 030/100 VUs, 561 complete and 0 interrupted iterations
saturation   [  49% ] 030/100 VUs  05m11.0s/10m30s  03.91 iters/s

running (05m12.0s), 033/100 VUs, 562 complete and 0 interrupted iterations
saturation   [  50% ] 033/100 VUs  05m12.0s/10m30s  03.93 iters/s

running (05m13.0s), 030/100 VUs, 569 complete and 0 interrupted iterations
saturation   [  50% ] 030/100 VUs  05m13.0s/10m30s  03.96 iters/s

running (05m14.0s), 029/100 VUs, 574 complete and 0 interrupted iterations
saturation   [  50% ] 029/100 VUs  05m14.0s/10m30s  03.98 iters/s

running (05m15.0s), 032/100 VUs, 575 complete and 0 interrupted iterations
saturation   [  50% ] 032/100 VUs  05m15.0s/10m30s  04.00 iters/s

running (05m16.0s), 031/100 VUs, 580 complete and 0 interrupted iterations
saturation   [  50% ] 031/100 VUs  05m16.0s/10m30s  04.02 iters/s

running (05m17.0s), 030/100 VUs, 585 complete and 0 interrupted iterations
saturation   [  50% ] 030/100 VUs  05m17.0s/10m30s  04.04 iters/s

running (05m18.0s), 031/100 VUs, 588 complete and 0 interrupted iterations
saturation   [  50% ] 031/100 VUs  05m18.0s/10m30s  04.07 iters/s

running (05m19.0s), 031/100 VUs, 592 complete and 0 interrupted iterations
saturation   [  51% ] 031/100 VUs  05m19.0s/10m30s  04.09 iters/s

running (05m20.0s), 035/100 VUs, 592 complete and 0 interrupted iterations
saturation   [  51% ] 035/100 VUs  05m20.0s/10m30s  04.11 iters/s

running (05m21.0s), 037/100 VUs, 594 complete and 0 interrupted iterations
saturation   [  51% ] 037/100 VUs  05m21.0s/10m30s  04.13 iters/s

running (05m22.0s), 033/100 VUs, 602 complete and 0 interrupted iterations
saturation   [  51% ] 033/100 VUs  05m22.0s/10m30s  04.15 iters/s

running (05m23.0s), 038/100 VUs, 602 complete and 0 interrupted iterations
saturation   [  51% ] 038/100 VUs  05m23.0s/10m30s  04.18 iters/s

running (05m24.0s), 033/100 VUs, 611 complete and 0 interrupted iterations
saturation   [  51% ] 033/100 VUs  05m24.0s/10m30s  04.20 iters/s

running (05m25.0s), 034/100 VUs, 614 complete and 0 interrupted iterations
saturation   [  52% ] 034/100 VUs  05m25.0s/10m30s  04.22 iters/s

running (05m26.0s), 036/100 VUs, 616 complete and 0 interrupted iterations
saturation   [  52% ] 036/100 VUs  05m26.0s/10m30s  04.24 iters/s

running (05m27.0s), 031/100 VUs, 625 complete and 0 interrupted iterations
saturation   [  52% ] 031/100 VUs  05m27.0s/10m30s  04.26 iters/s

running (05m28.0s), 035/100 VUs, 626 complete and 0 interrupted iterations
saturation   [  52% ] 035/100 VUs  05m28.0s/10m30s  04.29 iters/s

running (05m29.0s), 036/100 VUs, 629 complete and 0 interrupted iterations
saturation   [  52% ] 036/100 VUs  05m29.0s/10m30s  04.31 iters/s

running (05m30.0s), 031/100 VUs, 638 complete and 0 interrupted iterations
saturation   [  52% ] 031/100 VUs  05m30.0s/10m30s  04.33 iters/s

running (05m31.0s), 036/100 VUs, 638 complete and 0 interrupted iterations
saturation   [  53% ] 036/100 VUs  05m31.0s/10m30s  04.36 iters/s

running (05m32.0s), 032/100 VUs, 646 complete and 0 interrupted iterations
saturation   [  53% ] 032/100 VUs  05m32.0s/10m30s  04.38 iters/s

running (05m33.0s), 035/100 VUs, 647 complete and 0 interrupted iterations
saturation   [  53% ] 035/100 VUs  05m33.0s/10m30s  04.40 iters/s

running (05m34.0s), 032/100 VUs, 655 complete and 0 interrupted iterations
saturation   [  53% ] 032/100 VUs  05m34.0s/10m30s  04.42 iters/s

running (05m35.0s), 036/100 VUs, 655 complete and 0 interrupted iterations
saturation   [  53% ] 036/100 VUs  05m35.0s/10m30s  04.44 iters/s

running (05m36.0s), 037/100 VUs, 659 complete and 0 interrupted iterations
saturation   [  53% ] 037/100 VUs  05m36.0s/10m30s  04.47 iters/s

running (05m37.0s), 033/100 VUs, 667 complete and 0 interrupted iterations
saturation   [  53% ] 033/100 VUs  05m37.0s/10m30s  04.49 iters/s

running (05m38.0s), 038/100 VUs, 667 complete and 0 interrupted iterations
saturation   [  54% ] 038/100 VUs  05m38.0s/10m30s  04.51 iters/s

running (05m39.0s), 035/100 VUs, 674 complete and 0 interrupted iterations
saturation   [  54% ] 035/100 VUs  05m39.0s/10m30s  04.53 iters/s

running (05m40.0s), 038/100 VUs, 676 complete and 0 interrupted iterations
saturation   [  54% ] 038/100 VUs  05m40.0s/10m30s  04.56 iters/s

running (05m41.0s), 036/100 VUs, 682 complete and 0 interrupted iterations
saturation   [  54% ] 036/100 VUs  05m41.0s/10m30s  04.58 iters/s

running (05m42.0s), 041/100 VUs, 682 complete and 0 interrupted iterations
saturation   [  54% ] 041/100 VUs  05m42.0s/10m30s  04.60 iters/s

running (05m43.0s), 045/100 VUs, 682 complete and 0 interrupted iterations
saturation   [  54% ] 045/100 VUs  05m43.0s/10m30s  04.62 iters/s

running (05m44.0s), 041/100 VUs, 691 complete and 0 interrupted iterations
saturation   [  55% ] 041/100 VUs  05m44.0s/10m30s  04.64 iters/s

running (05m45.0s), 041/100 VUs, 696 complete and 0 interrupted iterations
saturation   [  55% ] 041/100 VUs  05m45.0s/10m30s  04.67 iters/s

running (05m46.0s), 045/100 VUs, 696 complete and 0 interrupted iterations
saturation   [  55% ] 045/100 VUs  05m46.0s/10m30s  04.69 iters/s

running (05m47.0s), 050/100 VUs, 696 complete and 0 interrupted iterations
saturation   [  55% ] 050/100 VUs  05m47.0s/10m30s  04.71 iters/s

running (05m48.0s), 048/100 VUs, 703 complete and 0 interrupted iterations
saturation   [  55% ] 048/100 VUs  05m48.0s/10m30s  04.73 iters/s

running (05m49.0s), 049/100 VUs, 707 complete and 0 interrupted iterations
saturation   [  55% ] 049/100 VUs  05m49.0s/10m30s  04.76 iters/s

running (05m50.0s), 048/100 VUs, 712 complete and 0 interrupted iterations
saturation   [  56% ] 048/100 VUs  05m50.0s/10m30s  04.77 iters/s

running (05m51.0s), 045/100 VUs, 720 complete and 0 interrupted iterations
saturation   [  56% ] 045/100 VUs  05m51.0s/10m30s  04.80 iters/s

running (05m52.0s), 050/100 VUs, 720 complete and 0 interrupted iterations
saturation   [  56% ] 050/100 VUs  05m52.0s/10m30s  04.82 iters/s

running (05m53.0s), 048/100 VUs, 727 complete and 0 interrupted iterations
saturation   [  56% ] 048/100 VUs  05m53.0s/10m30s  04.84 iters/s

running (05m54.0s), 048/100 VUs, 732 complete and 0 interrupted iterations
saturation   [  56% ] 048/100 VUs  05m54.0s/10m30s  04.87 iters/s

running (05m55.0s), 053/100 VUs, 732 complete and 0 interrupted iterations
saturation   [  56% ] 053/100 VUs  05m55.0s/10m30s  04.89 iters/s

running (05m56.0s), 049/100 VUs, 740 complete and 0 interrupted iterations
saturation   [  57% ] 049/100 VUs  05m56.0s/10m30s  04.91 iters/s

running (05m57.0s), 046/100 VUs, 748 complete and 0 interrupted iterations
saturation   [  57% ] 046/100 VUs  05m57.0s/10m30s  04.93 iters/s

running (05m58.0s), 051/100 VUs, 748 complete and 0 interrupted iterations
saturation   [  57% ] 051/100 VUs  05m58.0s/10m30s  04.95 iters/s

running (05m59.0s), 049/100 VUs, 755 complete and 0 interrupted iterations
saturation   [  57% ] 049/100 VUs  05m59.0s/10m30s  04.98 iters/s

running (06m00.0s), 050/100 VUs, 759 complete and 0 interrupted iterations
saturation   [  57% ] 050/100 VUs  06m00.0s/10m30s  05.00 iters/s

running (06m01.0s), 055/100 VUs, 759 complete and 0 interrupted iterations
saturation   [  57% ] 055/100 VUs  06m01.0s/10m30s  05.03 iters/s

running (06m02.0s), 056/100 VUs, 763 complete and 0 interrupted iterations
saturation   [  57% ] 056/100 VUs  06m02.0s/10m30s  05.06 iters/s

running (06m03.0s), 050/100 VUs, 774 complete and 0 interrupted iterations
saturation   [  58% ] 050/100 VUs  06m03.0s/10m30s  05.10 iters/s

running (06m04.0s), 051/100 VUs, 779 complete and 0 interrupted iterations
saturation   [  58% ] 051/100 VUs  06m04.0s/10m30s  05.13 iters/s

running (06m05.0s), 056/100 VUs, 779 complete and 0 interrupted iterations
saturation   [  58% ] 056/100 VUs  06m05.0s/10m30s  05.17 iters/s

running (06m06.0s), 057/100 VUs, 783 complete and 0 interrupted iterations
saturation   [  58% ] 057/100 VUs  06m06.0s/10m30s  05.20 iters/s

running (06m07.0s), 051/100 VUs, 794 complete and 0 interrupted iterations
saturation   [  58% ] 051/100 VUs  06m07.0s/10m30s  05.23 iters/s

running (06m08.0s), 056/100 VUs, 794 complete and 0 interrupted iterations
saturation   [  58% ] 056/100 VUs  06m08.0s/10m30s  05.26 iters/s

running (06m09.0s), 059/100 VUs, 797 complete and 0 interrupted iterations
saturation   [  59% ] 059/100 VUs  06m09.0s/10m30s  05.30 iters/s

running (06m10.0s), 054/100 VUs, 807 complete and 0 interrupted iterations
saturation   [  59% ] 054/100 VUs  06m10.0s/10m30s  05.33 iters/s

running (06m11.0s), 059/100 VUs, 807 complete and 0 interrupted iterations
saturation   [  59% ] 059/100 VUs  06m11.0s/10m30s  05.36 iters/s

running (06m12.0s), 065/100 VUs, 807 complete and 0 interrupted iterations
saturation   [  59% ] 065/100 VUs  06m12.0s/10m30s  05.40 iters/s

running (06m13.0s), 067/100 VUs, 810 complete and 0 interrupted iterations
saturation   [  59% ] 067/100 VUs  06m13.0s/10m30s  05.43 iters/s

running (06m14.0s), 065/100 VUs, 818 complete and 0 interrupted iterations
saturation   [  59% ] 065/100 VUs  06m14.0s/10m30s  05.47 iters/s

running (06m15.0s), 061/100 VUs, 827 complete and 0 interrupted iterations
saturation   [  60% ] 061/100 VUs  06m15.0s/10m30s  05.50 iters/s

running (06m16.0s), 066/100 VUs, 827 complete and 0 interrupted iterations
saturation   [  60% ] 066/100 VUs  06m16.0s/10m30s  05.53 iters/s

running (06m17.0s), 071/100 VUs, 828 complete and 0 interrupted iterations
saturation   [  60% ] 071/100 VUs  06m17.0s/10m30s  05.56 iters/s

running (06m18.0s), 069/100 VUs, 836 complete and 0 interrupted iterations
saturation   [  60% ] 069/100 VUs  06m18.0s/10m30s  05.60 iters/s

running (06m19.0s), 065/100 VUs, 845 complete and 0 interrupted iterations
saturation   [  60% ] 065/100 VUs  06m19.0s/10m30s  05.63 iters/s

running (06m20.0s), 071/100 VUs, 845 complete and 0 interrupted iterations
saturation   [  60% ] 071/100 VUs  06m20.0s/10m30s  05.67 iters/s

running (06m21.0s), 077/100 VUs, 845 complete and 0 interrupted iterations
saturation   [  60% ] 077/100 VUs  06m21.0s/10m30s  05.70 iters/s

running (06m22.0s), 075/100 VUs, 852 complete and 0 interrupted iterations
saturation   [  61% ] 075/100 VUs  06m22.0s/10m30s  05.73 iters/s

running (06m23.0s), 071/100 VUs, 862 complete and 0 interrupted iterations
saturation   [  61% ] 071/100 VUs  06m23.0s/10m30s  05.76 iters/s

running (06m24.0s), 077/100 VUs, 862 complete and 0 interrupted iterations
saturation   [  61% ] 077/100 VUs  06m24.0s/10m30s  05.80 iters/s

running (06m25.0s), 083/100 VUs, 862 complete and 0 interrupted iterations
saturation   [  61% ] 083/100 VUs  06m25.0s/10m30s  05.83 iters/s

running (06m26.0s), 084/100 VUs, 866 complete and 0 interrupted iterations
saturation   [  61% ] 084/100 VUs  06m26.0s/10m30s  05.86 iters/s

running (06m27.0s), 079/100 VUs, 877 complete and 0 interrupted iterations
saturation   [  61% ] 079/100 VUs  06m27.0s/10m30s  05.90 iters/s

running (06m28.0s), 080/100 VUs, 882 complete and 0 interrupted iterations
saturation   [  62% ] 080/100 VUs  06m28.0s/10m30s  05.93 iters/s

running (06m29.0s), 086/100 VUs, 882 complete and 0 interrupted iterations
saturation   [  62% ] 086/100 VUs  06m29.0s/10m30s  05.96 iters/s

running (06m30.0s), 092/100 VUs, 882 complete and 0 interrupted iterations
saturation   [  62% ] 092/100 VUs  06m30.0s/10m30s  06.00 iters/s

running (06m31.0s), 089/100 VUs, 891 complete and 0 interrupted iterations
saturation   [  62% ] 089/100 VUs  06m31.0s/10m30s  06.03 iters/s

running (06m32.0s), 086/100 VUs, 900 complete and 0 interrupted iterations
saturation   [  62% ] 086/100 VUs  06m32.0s/10m30s  06.06 iters/s

running (06m33.0s), 090/100 VUs, 902 complete and 0 interrupted iterations
saturation   [  62% ] 090/100 VUs  06m33.0s/10m30s  06.10 iters/s

running (06m34.0s), 096/100 VUs, 902 complete and 0 interrupted iterations
saturation   [  63% ] 096/100 VUs  06m34.0s/10m30s  06.13 iters/s

running (06m35.0s), 097/101 VUs, 907 complete and 0 interrupted iterations
saturation   [  63% ] 097/101 VUs  06m35.0s/10m30s  06.17 iters/s

running (06m36.0s), 096/101 VUs, 914 complete and 0 interrupted iterations
saturation   [  63% ] 096/101 VUs  06m36.0s/10m30s  06.20 iters/s

running (06m37.0s), 094/101 VUs, 922 complete and 0 interrupted iterations
saturation   [  63% ] 094/101 VUs  06m37.0s/10m30s  06.23 iters/s

running (06m38.0s), 100/101 VUs, 922 complete and 0 interrupted iterations
saturation   [  63% ] 100/101 VUs  06m38.0s/10m30s  06.26 iters/s

running (06m39.0s), 104/104 VUs, 922 complete and 0 interrupted iterations
saturation   [  63% ] 104/104 VUs  06m39.0s/10m30s  06.30 iters/s

running (06m40.0s), 101/105 VUs, 930 complete and 0 interrupted iterations
saturation   [  63% ] 101/105 VUs  06m40.0s/10m30s  06.33 iters/s

running (06m41.0s), 097/105 VUs, 940 complete and 0 interrupted iterations
saturation   [  64% ] 097/105 VUs  06m41.0s/10m30s  06.36 iters/s

running (06m42.0s), 102/105 VUs, 942 complete and 0 interrupted iterations
saturation   [  64% ] 102/105 VUs  06m42.0s/10m30s  06.40 iters/s

running (06m43.0s), 106/107 VUs, 942 complete and 0 interrupted iterations
saturation   [  64% ] 106/107 VUs  06m43.0s/10m30s  06.43 iters/s

running (06m44.0s), 109/110 VUs, 942 complete and 0 interrupted iterations
saturation   [  64% ] 109/110 VUs  06m44.0s/10m30s  06.46 iters/s

running (06m45.0s), 108/110 VUs, 950 complete and 0 interrupted iterations
saturation   [  64% ] 108/110 VUs  06m45.0s/10m30s  06.50 iters/s

running (06m46.0s), 104/110 VUs, 960 complete and 0 interrupted iterations
saturation   [  64% ] 104/110 VUs  06m46.0s/10m30s  06.53 iters/s

running (06m47.0s), 109/110 VUs, 962 complete and 0 interrupted iterations
saturation   [  65% ] 109/110 VUs  06m47.0s/10m30s  06.57 iters/s

running (06m48.0s), 113/113 VUs, 962 complete and 0 interrupted iterations
saturation   [  65% ] 113/113 VUs  06m48.0s/10m30s  06.60 iters/s

running (06m49.0s), 113/115 VUs, 966 complete and 0 interrupted iterations
saturation   [  65% ] 113/115 VUs  06m49.0s/10m30s  06.63 iters/s

running (06m50.0s), 108/115 VUs, 978 complete and 0 interrupted iterations
saturation   [  65% ] 108/115 VUs  06m50.0s/10m30s  06.67 iters/s

running (06m51.0s), 111/115 VUs, 982 complete and 0 interrupted iterations
saturation   [  65% ] 111/115 VUs  06m51.0s/10m30s  06.70 iters/s

running (06m52.0s), 116/116 VUs, 982 complete and 0 interrupted iterations
saturation   [  65% ] 116/116 VUs  06m52.0s/10m30s  06.73 iters/s

running (06m53.0s), 119/120 VUs, 982 complete and 0 interrupted iterations
saturation   [  66% ] 119/120 VUs  06m53.0s/10m30s  06.77 iters/s

running (06m54.0s), 117/120 VUs, 991 complete and 0 interrupted iterations
saturation   [  66% ] 117/120 VUs  06m54.0s/10m30s  06.80 iters/s

running (06m55.0s), 114/120 VUs, 1001 complete and 0 interrupted iterations
saturation   [  66% ] 114/120 VUs  06m55.0s/10m30s  06.83 iters/s

running (06m56.0s), 119/120 VUs, 1002 complete and 0 interrupted iterations
saturation   [  66% ] 119/120 VUs  06m56.0s/10m30s  06.86 iters/s

running (06m57.0s), 123/123 VUs, 1002 complete and 0 interrupted iterations
saturation   [  66% ] 123/123 VUs  06m57.0s/10m30s  06.90 iters/s

running (06m58.0s), 123/126 VUs, 1006 complete and 0 interrupted iterations
saturation   [  66% ] 123/126 VUs  06m58.0s/10m30s  06.93 iters/s

running (06m59.0s), 122/126 VUs, 1014 complete and 0 interrupted iterations
saturation   [  67% ] 122/126 VUs  06m59.0s/10m30s  06.96 iters/s

running (07m00.0s), 121/126 VUs, 1022 complete and 0 interrupted iterations
saturation   [  67% ] 121/126 VUs  07m00.0s/10m30s  07.00 iters/s

running (07m01.0s), 127/127 VUs, 1022 complete and 0 interrupted iterations
saturation   [  67% ] 127/127 VUs  07m01.0s/10m30s  07.03 iters/s

running (07m02.0s), 130/131 VUs, 1022 complete and 0 interrupted iterations
saturation   [  67% ] 130/131 VUs  07m02.0s/10m30s  07.06 iters/s

running (07m03.0s), 130/133 VUs, 1027 complete and 0 interrupted iterations
saturation   [  67% ] 130/133 VUs  07m03.0s/10m30s  07.10 iters/s

running (07m04.0s), 128/133 VUs, 1036 complete and 0 interrupted iterations
saturation   [  67% ] 128/133 VUs  07m04.0s/10m30s  07.13 iters/s

running (07m05.0s), 130/133 VUs, 1042 complete and 0 interrupted iterations
saturation   [  67% ] 130/133 VUs  07m05.0s/10m30s  07.17 iters/s

running (07m06.0s), 135/135 VUs, 1042 complete and 0 interrupted iterations
saturation   [  68% ] 135/135 VUs  07m06.0s/10m30s  07.20 iters/s

running (07m07.0s), 138/138 VUs, 1043 complete and 0 interrupted iterations
saturation   [  68% ] 138/138 VUs  07m07.0s/10m30s  07.23 iters/s

running (07m08.0s), 136/138 VUs, 1052 complete and 0 interrupted iterations
saturation   [  68% ] 136/138 VUs  07m08.0s/10m30s  07.26 iters/s

running (07m09.0s), 134/138 VUs, 1062 complete and 0 interrupted iterations
saturation   [  68% ] 134/138 VUs  07m09.0s/10m30s  07.30 iters/s

running (07m10.0s), 139/140 VUs, 1062 complete and 0 interrupted iterations
saturation   [  68% ] 139/140 VUs  07m10.0s/10m30s  07.33 iters/s

running (07m11.0s), 143/143 VUs, 1062 complete and 0 interrupted iterations
saturation   [  68% ] 143/143 VUs  07m11.0s/10m30s  07.36 iters/s

running (07m12.0s), 144/146 VUs, 1066 complete and 0 interrupted iterations
saturation   [  69% ] 144/146 VUs  07m12.0s/10m30s  07.40 iters/s

running (07m13.0s), 144/146 VUs, 1073 complete and 0 interrupted iterations
saturation   [  69% ] 144/146 VUs  07m13.0s/10m30s  07.43 iters/s

running (07m14.0s), 142/146 VUs, 1082 complete and 0 interrupted iterations
saturation   [  69% ] 142/146 VUs  07m14.0s/10m30s  07.46 iters/s

running (07m15.0s), 148/148 VUs, 1082 complete and 0 interrupted iterations
saturation   [  69% ] 148/148 VUs  07m15.0s/10m30s  07.50 iters/s

running (07m16.0s), 151/152 VUs, 1082 complete and 0 interrupted iterations
saturation   [  69% ] 151/152 VUs  07m16.0s/10m30s  07.53 iters/s

running (07m17.0s), 153/155 VUs, 1085 complete and 0 interrupted iterations
saturation   [  69% ] 153/155 VUs  07m17.0s/10m30s  07.57 iters/s

running (07m18.0s), 149/155 VUs, 1097 complete and 0 interrupted iterations
saturation   [  70% ] 149/155 VUs  07m18.0s/10m30s  07.60 iters/s

running (07m19.0s), 151/155 VUs, 1102 complete and 0 interrupted iterations
saturation   [  70% ] 151/155 VUs  07m19.0s/10m30s  07.63 iters/s

running (07m20.0s), 157/157 VUs, 1102 complete and 0 interrupted iterations
saturation   [  70% ] 157/157 VUs  07m20.0s/10m30s  07.67 iters/s

running (07m21.0s), 160/160 VUs, 1103 complete and 0 interrupted iterations
saturation   [  70% ] 160/160 VUs  07m21.0s/10m30s  07.70 iters/s

running (07m22.0s), 159/161 VUs, 1111 complete and 0 interrupted iterations
saturation   [  70% ] 159/161 VUs  07m22.0s/10m30s  07.73 iters/s

running (07m23.0s), 156/161 VUs, 1122 complete and 0 interrupted iterations
saturation   [  70% ] 156/161 VUs  07m23.0s/10m30s  07.77 iters/s

running (07m24.0s), 162/163 VUs, 1122 complete and 0 interrupted iterations
saturation   [  70% ] 162/163 VUs  07m24.0s/10m30s  07.80 iters/s

running (07m25.0s), 166/167 VUs, 1122 complete and 0 interrupted iterations
saturation   [  71% ] 166/167 VUs  07m25.0s/10m30s  07.83 iters/s

running (07m26.0s), 166/168 VUs, 1128 complete and 0 interrupted iterations
saturation   [  71% ] 166/168 VUs  07m26.0s/10m30s  07.86 iters/s

running (07m27.0s), 161/168 VUs, 1141 complete and 0 interrupted iterations
saturation   [  71% ] 161/168 VUs  07m27.0s/10m30s  07.90 iters/s

running (07m28.0s), 168/168 VUs, 1142 complete and 0 interrupted iterations
saturation   [  71% ] 168/168 VUs  07m28.0s/10m30s  07.93 iters/s

running (07m29.0s), 172/172 VUs, 1142 complete and 0 interrupted iterations
saturation   [  71% ] 172/172 VUs  07m29.0s/10m30s  07.96 iters/s

running (07m30.0s), 175/176 VUs, 1143 complete and 0 interrupted iterations
saturation   [  71% ] 175/176 VUs  07m30.0s/10m30s  08.00 iters/s

running (07m31.0s), 174/176 VUs, 1152 complete and 0 interrupted iterations
saturation   [  72% ] 174/176 VUs  07m31.0s/10m30s  08.04 iters/s

running (07m32.0s), 173/176 VUs, 1161 complete and 0 interrupted iterations
saturation   [  72% ] 173/176 VUs  07m32.0s/10m30s  08.09 iters/s

running (07m33.0s), 178/178 VUs, 1162 complete and 0 interrupted iterations
saturation   [  72% ] 178/178 VUs  07m33.0s/10m30s  08.13 iters/s

running (07m34.0s), 182/182 VUs, 1162 complete and 0 interrupted iterations
saturation   [  72% ] 182/182 VUs  07m34.0s/10m30s  08.17 iters/s

running (07m35.0s), 182/184 VUs, 1169 complete and 0 interrupted iterations
saturation   [  72% ] 182/184 VUs  07m35.0s/10m30s  08.22 iters/s

running (07m36.0s), 180/184 VUs, 1179 complete and 0 interrupted iterations
saturation   [  72% ] 180/184 VUs  07m36.0s/10m30s  08.27 iters/s

running (07m37.0s), 184/185 VUs, 1182 complete and 0 interrupted iterations
saturation   [  73% ] 184/185 VUs  07m37.0s/10m30s  08.31 iters/s

running (07m38.0s), 189/189 VUs, 1182 complete and 0 interrupted iterations
saturation   [  73% ] 189/189 VUs  07m38.0s/10m30s  08.36 iters/s

running (07m39.0s), 192/193 VUs, 1183 complete and 0 interrupted iterations
saturation   [  73% ] 192/193 VUs  07m39.0s/10m30s  08.40 iters/s

running (07m40.0s), 191/193 VUs, 1192 complete and 0 interrupted iterations
saturation   [  73% ] 191/193 VUs  07m40.0s/10m30s  08.44 iters/s

running (07m41.0s), 191/193 VUs, 1201 complete and 0 interrupted iterations
saturation   [  73% ] 191/193 VUs  07m41.0s/10m30s  08.49 iters/s

running (07m42.0s), 195/196 VUs, 1202 complete and 0 interrupted iterations
saturation   [  73% ] 195/196 VUs  07m42.0s/10m30s  08.53 iters/s

running (07m43.0s), 200/200 VUs, 1202 complete and 0 interrupted iterations
saturation   [  73% ] 200/200 VUs  07m43.0s/10m30s  08.58 iters/s

running (07m44.0s), 201/202 VUs, 1207 complete and 0 interrupted iterations
saturation   [  74% ] 201/202 VUs  07m44.0s/10m30s  08.62 iters/s

running (07m45.0s), 200/202 VUs, 1217 complete and 0 interrupted iterations
saturation   [  74% ] 200/202 VUs  07m45.0s/10m30s  08.66 iters/s

running (07m46.0s), 203/203 VUs, 1222 complete and 0 interrupted iterations
saturation   [  74% ] 203/203 VUs  07m46.0s/10m30s  08.71 iters/s

running (07m47.0s), 207/207 VUs, 1222 complete and 0 interrupted iterations
saturation   [  74% ] 207/207 VUs  07m47.0s/10m30s  08.76 iters/s

running (07m48.0s), 211/211 VUs, 1223 complete and 0 interrupted iterations
saturation   [  74% ] 211/211 VUs  07m48.0s/10m30s  08.80 iters/s

running (07m49.0s), 209/212 VUs, 1233 complete and 0 interrupted iterations
saturation   [  74% ] 209/212 VUs  07m49.0s/10m30s  08.84 iters/s

running (07m50.0s), 210/212 VUs, 1241 complete and 0 interrupted iterations
saturation   [  75% ] 210/212 VUs  07m50.0s/10m30s  08.89 iters/s

running (07m51.0s), 215/215 VUs, 1242 complete and 0 interrupted iterations
saturation   [  75% ] 215/215 VUs  07m51.0s/10m30s  08.93 iters/s

running (07m52.0s), 210/215 VUs, 1256 complete and 0 interrupted iterations
saturation   [  75% ] 210/215 VUs  07m52.0s/10m30s  08.98 iters/s

running (07m53.0s), 215/216 VUs, 1259 complete and 0 interrupted iterations
saturation   [  75% ] 215/216 VUs  07m53.0s/10m30s  09.02 iters/s

running (07m54.0s), 216/218 VUs, 1265 complete and 0 interrupted iterations
saturation   [  75% ] 216/218 VUs  07m54.0s/10m30s  09.07 iters/s

running (07m55.0s), 220/221 VUs, 1267 complete and 0 interrupted iterations
saturation   [  75% ] 220/221 VUs  07m55.0s/10m30s  09.11 iters/s

running (07m56.0s), 224/225 VUs, 1268 complete and 0 interrupted iterations
saturation   [  76% ] 224/225 VUs  07m56.0s/10m30s  09.15 iters/s

running (07m57.0s), 227/227 VUs, 1272 complete and 0 interrupted iterations
saturation   [  76% ] 227/227 VUs  07m57.0s/10m30s  09.20 iters/s

running (07m58.0s), 231/232 VUs, 1272 complete and 0 interrupted iterations
saturation   [  76% ] 231/232 VUs  07m58.0s/10m30s  09.24 iters/s

running (07m59.0s), 228/232 VUs, 1285 complete and 0 interrupted iterations
saturation   [  76% ] 228/232 VUs  07m59.0s/10m30s  09.29 iters/s

running (08m00.0s), 232/232 VUs, 1290 complete and 0 interrupted iterations
saturation   [  76% ] 232/232 VUs  08m00.0s/10m30s  09.33 iters/s

running (08m01.0s), 232/232 VUs, 1299 complete and 0 interrupted iterations
saturation   [  76% ] 232/232 VUs  08m01.0s/10m30s  09.37 iters/s

running (08m02.0s), 227/233 VUs, 1313 complete and 0 interrupted iterations
saturation   [  77% ] 227/233 VUs  08m02.0s/10m30s  09.42 iters/s

running (08m03.0s), 233/233 VUs, 1316 complete and 0 interrupted iterations
saturation   [  77% ] 233/233 VUs  08m03.0s/10m30s  09.46 iters/s

running (08m04.0s), 236/236 VUs, 1320 complete and 0 interrupted iterations
saturation   [  77% ] 236/236 VUs  08m04.0s/10m30s  09.51 iters/s

running (08m05.0s), 236/237 VUs, 1328 complete and 0 interrupted iterations
saturation   [  77% ] 236/237 VUs  08m05.0s/10m30s  09.55 iters/s

running (08m06.0s), 235/238 VUs, 1338 complete and 0 interrupted iterations
saturation   [  77% ] 235/238 VUs  08m06.0s/10m30s  09.60 iters/s

running (08m07.0s), 238/239 VUs, 1343 complete and 0 interrupted iterations
saturation   [  77% ] 238/239 VUs  08m07.0s/10m30s  09.64 iters/s

running (08m08.0s), 242/243 VUs, 1345 complete and 0 interrupted iterations
saturation   [  77% ] 242/243 VUs  08m08.0s/10m30s  09.69 iters/s

running (08m09.0s), 247/248 VUs, 1345 complete and 0 interrupted iterations
saturation   [  78% ] 247/248 VUs  08m09.0s/10m30s  09.73 iters/s

running (08m10.0s), 243/251 VUs, 1356 complete and 0 interrupted iterations
saturation   [  78% ] 243/251 VUs  08m10.0s/10m30s  09.78 iters/s

running (08m11.0s), 244/251 VUs, 1364 complete and 0 interrupted iterations
saturation   [  78% ] 244/251 VUs  08m11.0s/10m30s  09.82 iters/s

running (08m12.0s), 245/251 VUs, 1373 complete and 0 interrupted iterations
saturation   [  78% ] 245/251 VUs  08m12.0s/10m30s  09.86 iters/s

running (08m13.0s), 251/252 VUs, 1376 complete and 0 interrupted iterations
saturation   [  78% ] 251/252 VUs  08m13.0s/10m30s  09.91 iters/s

running (08m14.0s), 250/253 VUs, 1386 complete and 0 interrupted iterations
saturation   [  78% ] 250/253 VUs  08m14.0s/10m30s  09.95 iters/s

running (08m15.0s), 250/254 VUs, 1395 complete and 0 interrupted iterations
saturation   [  79% ] 250/254 VUs  08m15.0s/10m30s  10.00 iters/s

running (08m16.0s), 254/254 VUs, 1401 complete and 0 interrupted iterations
saturation   [  79% ] 254/254 VUs  08m16.0s/10m30s  10.04 iters/s

running (08m17.0s), 256/257 VUs, 1406 complete and 0 interrupted iterations
saturation   [  79% ] 256/257 VUs  08m17.0s/10m30s  10.09 iters/s

running (08m18.0s), 261/262 VUs, 1406 complete and 0 interrupted iterations
saturation   [  79% ] 261/262 VUs  08m18.0s/10m30s  10.13 iters/s

running (08m19.0s), 262/265 VUs, 1412 complete and 0 interrupted iterations
saturation   [  79% ] 262/265 VUs  08m19.0s/10m30s  10.17 iters/s

running (08m20.0s), 265/265 VUs, 1420 complete and 0 interrupted iterations
saturation   [  79% ] 265/265 VUs  08m20.0s/10m30s  10.22 iters/s

running (08m21.0s), 265/269 VUs, 1426 complete and 0 interrupted iterations
saturation   [  80% ] 265/269 VUs  08m21.0s/10m30s  10.27 iters/s

running (08m22.0s), 264/271 VUs, 1435 complete and 0 interrupted iterations
saturation   [  80% ] 264/271 VUs  08m22.0s/10m30s  10.31 iters/s

running (08m23.0s), 271/273 VUs, 1436 complete and 0 interrupted iterations
saturation   [  80% ] 271/273 VUs  08m23.0s/10m30s  10.35 iters/s

running (08m24.0s), 273/274 VUs, 1444 complete and 0 interrupted iterations
saturation   [  80% ] 273/274 VUs  08m24.0s/10m30s  10.40 iters/s

running (08m25.0s), 270/274 VUs, 1457 complete and 0 interrupted iterations
saturation   [  80% ] 270/274 VUs  08m25.0s/10m30s  10.44 iters/s

running (08m26.0s), 273/275 VUs, 1464 complete and 0 interrupted iterations
saturation   [  80% ] 273/275 VUs  08m26.0s/10m30s  10.49 iters/s

running (08m27.0s), 275/278 VUs, 1469 complete and 0 interrupted iterations
saturation   [  80% ] 275/278 VUs  08m27.0s/10m30s  10.53 iters/s

running (08m28.0s), 279/280 VUs, 1474 complete and 0 interrupted iterations
saturation   [  81% ] 279/280 VUs  08m28.0s/10m30s  10.58 iters/s

running (08m29.0s), 284/285 VUs, 1474 complete and 0 interrupted iterations
saturation   [  81% ] 284/285 VUs  08m29.0s/10m30s  10.62 iters/s

running (08m30.0s), 281/289 VUs, 1484 complete and 0 interrupted iterations
saturation   [  81% ] 281/289 VUs  08m30.0s/10m30s  10.66 iters/s

running (08m31.0s), 289/289 VUs, 1487 complete and 0 interrupted iterations
saturation   [  81% ] 289/289 VUs  08m31.0s/10m30s  10.71 iters/s

running (08m32.0s), 294/294 VUs, 1487 complete and 0 interrupted iterations
saturation   [  81% ] 294/294 VUs  08m32.0s/10m30s  10.75 iters/s

running (08m33.0s), 291/296 VUs, 1499 complete and 0 interrupted iterations
saturation   [  81% ] 291/296 VUs  08m33.0s/10m30s  10.80 iters/s

running (08m34.0s), 297/297 VUs, 1503 complete and 0 interrupted iterations
saturation   [  82% ] 297/297 VUs  08m34.0s/10m30s  10.84 iters/s

running (08m35.0s), 294/298 VUs, 1516 complete and 0 interrupted iterations
saturation   [  82% ] 294/298 VUs  08m35.0s/10m30s  10.89 iters/s

running (08m36.0s), 301/302 VUs, 1516 complete and 0 interrupted iterations
saturation   [  82% ] 301/302 VUs  08m36.0s/10m30s  10.93 iters/s

running (08m37.0s), 297/303 VUs, 1530 complete and 0 interrupted iterations
saturation   [  82% ] 297/303 VUs  08m37.0s/10m30s  10.98 iters/s

running (08m38.0s), 297/303 VUs, 1541 complete and 0 interrupted iterations
saturation   [  82% ] 297/303 VUs  08m38.0s/10m30s  11.02 iters/s

running (08m39.0s), 300/303 VUs, 1549 complete and 0 interrupted iterations
saturation   [  82% ] 300/303 VUs  08m39.0s/10m30s  11.07 iters/s

running (08m40.0s), 300/306 VUs, 1557 complete and 0 interrupted iterations
saturation   [  83% ] 300/306 VUs  08m40.0s/10m30s  11.11 iters/s

running (08m41.0s), 304/307 VUs, 1563 complete and 0 interrupted iterations
saturation   [  83% ] 304/307 VUs  08m41.0s/10m30s  11.15 iters/s

running (08m42.0s), 301/307 VUs, 1577 complete and 0 interrupted iterations
saturation   [  83% ] 301/307 VUs  08m42.0s/10m30s  11.20 iters/s

running (08m43.0s), 309/310 VUs, 1577 complete and 0 interrupted iterations
saturation   [  83% ] 309/310 VUs  08m43.0s/10m30s  11.24 iters/s

running (08m44.0s), 315/316 VUs, 1577 complete and 0 interrupted iterations
saturation   [  83% ] 315/316 VUs  08m44.0s/10m30s  11.29 iters/s

running (08m45.0s), 306/316 VUs, 1597 complete and 0 interrupted iterations
saturation   [  83% ] 306/316 VUs  08m45.0s/10m30s  11.33 iters/s

running (08m46.0s), 312/316 VUs, 1602 complete and 0 interrupted iterations
saturation   [  83% ] 312/316 VUs  08m46.0s/10m30s  11.37 iters/s

running (08m47.0s), 314/317 VUs, 1611 complete and 0 interrupted iterations
saturation   [  84% ] 314/317 VUs  08m47.0s/10m30s  11.42 iters/s

running (08m48.0s), 315/317 VUs, 1621 complete and 0 interrupted iterations
saturation   [  84% ] 315/317 VUs  08m48.0s/10m30s  11.46 iters/s

running (08m49.0s), 315/317 VUs, 1633 complete and 0 interrupted iterations
saturation   [  84% ] 315/317 VUs  08m49.0s/10m30s  11.51 iters/s

running (08m50.0s), 319/320 VUs, 1637 complete and 0 interrupted iterations
saturation   [  84% ] 319/320 VUs  08m50.0s/10m30s  11.55 iters/s

running (08m51.0s), 314/322 VUs, 1652 complete and 0 interrupted iterations
saturation   [  84% ] 314/322 VUs  08m51.0s/10m30s  11.60 iters/s

running (08m52.0s), 318/322 VUs, 1659 complete and 0 interrupted iterations
saturation   [  84% ] 318/322 VUs  08m52.0s/10m30s  11.64 iters/s

running (08m53.0s), 319/324 VUs, 1668 complete and 0 interrupted iterations
saturation   [  85% ] 319/324 VUs  08m53.0s/10m30s  11.69 iters/s

running (08m54.0s), 325/326 VUs, 1672 complete and 0 interrupted iterations
saturation   [  85% ] 325/326 VUs  08m54.0s/10m30s  11.73 iters/s

running (08m55.0s), 322/328 VUs, 1684 complete and 0 interrupted iterations
saturation   [  85% ] 322/328 VUs  08m55.0s/10m30s  11.77 iters/s

running (08m56.0s), 323/328 VUs, 1695 complete and 0 interrupted iterations
saturation   [  85% ] 323/328 VUs  08m56.0s/10m30s  11.82 iters/s

running (08m57.0s), 326/329 VUs, 1703 complete and 0 interrupted iterations
saturation   [  85% ] 326/329 VUs  08m57.0s/10m30s  11.86 iters/s

running (08m58.0s), 331/331 VUs, 1708 complete and 0 interrupted iterations
saturation   [  85% ] 331/331 VUs  08m58.0s/10m30s  11.91 iters/s

running (08m59.0s), 336/337 VUs, 1709 complete and 0 interrupted iterations
saturation   [  86% ] 336/337 VUs  08m59.0s/10m30s  11.95 iters/s

running (09m00.0s), 337/338 VUs, 1719 complete and 0 interrupted iterations
saturation   [  86% ] 337/338 VUs  09m00.0s/10m30s  12.00 iters/s

running (09m01.0s), 332/340 VUs, 1734 complete and 0 interrupted iterations
saturation   [  86% ] 332/340 VUs  09m01.0s/10m30s  12.00 iters/s

running (09m02.0s), 339/341 VUs, 1738 complete and 0 interrupted iterations
saturation   [  86% ] 339/341 VUs  09m02.0s/10m30s  12.00 iters/s

running (09m03.0s), 341/342 VUs, 1747 complete and 0 interrupted iterations
saturation   [  86% ] 341/342 VUs  09m03.0s/10m30s  12.00 iters/s

running (09m04.0s), 343/344 VUs, 1755 complete and 0 interrupted iterations
saturation   [  86% ] 343/344 VUs  09m04.0s/10m30s  12.00 iters/s

running (09m05.0s), 343/345 VUs, 1766 complete and 0 interrupted iterations
saturation   [  87% ] 343/345 VUs  09m05.0s/10m30s  12.00 iters/s

running (09m06.0s), 343/347 VUs, 1776 complete and 0 interrupted iterations
saturation   [  87% ] 343/347 VUs  09m06.0s/10m30s  12.00 iters/s

running (09m07.0s), 348/348 VUs, 1782 complete and 0 interrupted iterations
saturation   [  87% ] 348/348 VUs  09m07.0s/10m30s  12.00 iters/s

running (09m08.0s), 350/351 VUs, 1789 complete and 0 interrupted iterations
saturation   [  87% ] 350/351 VUs  09m08.0s/10m30s  12.00 iters/s

running (09m09.0s), 351/353 VUs, 1798 complete and 0 interrupted iterations
saturation   [  87% ] 351/353 VUs  09m09.0s/10m30s  12.00 iters/s

running (09m10.0s), 349/355 VUs, 1810 complete and 0 interrupted iterations
saturation   [  87% ] 349/355 VUs  09m10.0s/10m30s  12.00 iters/s

running (09m11.0s), 358/358 VUs, 1810 complete and 0 interrupted iterations
saturation   [  87% ] 358/358 VUs  09m11.0s/10m30s  12.00 iters/s

running (09m12.0s), 354/358 VUs, 1826 complete and 0 interrupted iterations
saturation   [  88% ] 354/358 VUs  09m12.0s/10m30s  12.00 iters/s

running (09m13.0s), 361/362 VUs, 1827 complete and 0 interrupted iterations
saturation   [  88% ] 361/362 VUs  09m13.0s/10m30s  12.00 iters/s

running (09m14.0s), 367/368 VUs, 1827 complete and 0 interrupted iterations
saturation   [  88% ] 367/368 VUs  09m14.0s/10m30s  12.00 iters/s

running (09m15.0s), 367/372 VUs, 1835 complete and 0 interrupted iterations
saturation   [  88% ] 367/372 VUs  09m15.0s/10m30s  12.00 iters/s

running (09m16.0s), 368/372 VUs, 1846 complete and 0 interrupted iterations
saturation   [  88% ] 368/372 VUs  09m16.0s/10m30s  12.00 iters/s

running (09m17.0s), 366/372 VUs, 1860 complete and 0 interrupted iterations
saturation   [  88% ] 366/372 VUs  09m17.0s/10m30s  12.00 iters/s

running (09m18.0s), 365/374 VUs, 1871 complete and 0 interrupted iterations
saturation   [  89% ] 365/374 VUs  09m18.0s/10m30s  12.00 iters/s

running (09m19.0s), 375/375 VUs, 1872 complete and 0 interrupted iterations
saturation   [  89% ] 375/375 VUs  09m19.0s/10m30s  12.00 iters/s

running (09m20.0s), 379/380 VUs, 1875 complete and 0 interrupted iterations
saturation   [  89% ] 379/380 VUs  09m20.0s/10m30s  12.00 iters/s

running (09m21.0s), 378/381 VUs, 1887 complete and 0 interrupted iterations
saturation   [  89% ] 378/381 VUs  09m21.0s/10m30s  12.00 iters/s

running (09m22.0s), 379/381 VUs, 1898 complete and 0 interrupted iterations
saturation   [  89% ] 379/381 VUs  09m22.0s/10m30s  12.00 iters/s

running (09m23.0s), 381/381 VUs, 1908 complete and 0 interrupted iterations
saturation   [  89% ] 381/381 VUs  09m23.0s/10m30s  12.00 iters/s

running (09m24.0s), 383/387 VUs, 1912 complete and 0 interrupted iterations
saturation   [  90% ] 383/387 VUs  09m24.0s/10m30s  12.00 iters/s

running (09m25.0s), 380/387 VUs, 1927 complete and 0 interrupted iterations
saturation   [  90% ] 380/387 VUs  09m25.0s/10m30s  12.00 iters/s

running (09m26.0s), 388/388 VUs, 1930 complete and 0 interrupted iterations
saturation   [  90% ] 388/388 VUs  09m26.0s/10m30s  12.00 iters/s

running (09m27.0s), 382/389 VUs, 1947 complete and 0 interrupted iterations
saturation   [  90% ] 382/389 VUs  09m27.0s/10m30s  12.00 iters/s

running (09m28.0s), 391/392 VUs, 1947 complete and 0 interrupted iterations
saturation   [  90% ] 391/392 VUs  09m28.0s/10m30s  12.00 iters/s

running (09m29.0s), 388/393 VUs, 1961 complete and 0 interrupted iterations
saturation   [  90% ] 388/393 VUs  09m29.0s/10m30s  12.00 iters/s

running (09m30.0s), 393/394 VUs, 1967 complete and 0 interrupted iterations
saturation   [  90% ] 393/394 VUs  09m30.0s/10m30s  12.00 iters/s

running (09m31.0s), 396/398 VUs, 1972 complete and 0 interrupted iterations
saturation   [  91% ] 396/398 VUs  09m31.0s/10m30s  12.00 iters/s

running (09m32.0s), 393/398 VUs, 1987 complete and 0 interrupted iterations
saturation   [  91% ] 393/398 VUs  09m32.0s/10m30s  12.00 iters/s

running (09m33.0s), 398/402 VUs, 1990 complete and 0 interrupted iterations
saturation   [  91% ] 398/402 VUs  09m33.0s/10m30s  12.00 iters/s

running (09m34.0s), 393/402 VUs, 2007 complete and 0 interrupted iterations
saturation   [  91% ] 393/402 VUs  09m34.0s/10m30s  12.00 iters/s

running (09m35.0s), 403/404 VUs, 2007 complete and 0 interrupted iterations
saturation   [  91% ] 403/404 VUs  09m35.0s/10m30s  12.00 iters/s

running (09m36.0s), 409/410 VUs, 2007 complete and 0 interrupted iterations
saturation   [  91% ] 409/410 VUs  09m36.0s/10m30s  12.00 iters/s

running (09m37.0s), 401/411 VUs, 2026 complete and 0 interrupted iterations
saturation   [  92% ] 401/411 VUs  09m37.0s/10m30s  12.00 iters/s

running (09m38.0s), 411/412 VUs, 2027 complete and 0 interrupted iterations
saturation   [  92% ] 411/412 VUs  09m38.0s/10m30s  12.00 iters/s

running (09m39.0s), 403/413 VUs, 2046 complete and 0 interrupted iterations
saturation   [  92% ] 403/413 VUs  09m39.0s/10m30s  12.00 iters/s

running (09m40.0s), 413/414 VUs, 2047 complete and 0 interrupted iterations
saturation   [  92% ] 413/414 VUs  09m40.0s/10m30s  12.00 iters/s

running (09m41.0s), 410/416 VUs, 2060 complete and 0 interrupted iterations
saturation   [  92% ] 410/416 VUs  09m41.0s/10m30s  12.00 iters/s

running (09m42.0s), 413/418 VUs, 2067 complete and 0 interrupted iterations
saturation   [  92% ] 413/418 VUs  09m42.0s/10m30s  12.00 iters/s

running (09m43.0s), 421/422 VUs, 2067 complete and 0 interrupted iterations
saturation   [  93% ] 421/422 VUs  09m43.0s/10m30s  12.00 iters/s

running (09m44.0s), 414/423 VUs, 2085 complete and 0 interrupted iterations
saturation   [  93% ] 414/423 VUs  09m44.0s/10m30s  12.00 iters/s

running (09m45.0s), 423/424 VUs, 2087 complete and 0 interrupted iterations
saturation   [  93% ] 423/424 VUs  09m45.0s/10m30s  12.00 iters/s

running (09m46.0s), 415/424 VUs, 2107 complete and 0 interrupted iterations
saturation   [  93% ] 415/424 VUs  09m46.0s/10m30s  12.00 iters/s

running (09m47.0s), 425/425 VUs, 2108 complete and 0 interrupted iterations
saturation   [  93% ] 425/425 VUs  09m47.0s/10m30s  12.00 iters/s

running (09m48.0s), 418/425 VUs, 2127 complete and 0 interrupted iterations
saturation   [  93% ] 418/425 VUs  09m48.0s/10m30s  12.00 iters/s

running (09m49.0s), 427/428 VUs, 2127 complete and 0 interrupted iterations
saturation   [  93% ] 427/428 VUs  09m49.0s/10m30s  12.00 iters/s

running (09m50.0s), 433/434 VUs, 2127 complete and 0 interrupted iterations
saturation   [  94% ] 433/434 VUs  09m50.0s/10m30s  12.00 iters/s

running (09m51.0s), 423/436 VUs, 2147 complete and 0 interrupted iterations
saturation   [  94% ] 423/436 VUs  09m51.0s/10m30s  12.00 iters/s

running (09m52.0s), 435/436 VUs, 2147 complete and 0 interrupted iterations
saturation   [  94% ] 435/436 VUs  09m52.0s/10m30s  12.00 iters/s

running (09m53.0s), 427/436 VUs, 2167 complete and 0 interrupted iterations
saturation   [  94% ] 427/436 VUs  09m53.0s/10m30s  12.00 iters/s

running (09m54.0s), 429/436 VUs, 2177 complete and 0 interrupted iterations
saturation   [  94% ] 429/436 VUs  09m54.0s/10m30s  12.00 iters/s

running (09m55.0s), 431/436 VUs, 2187 complete and 0 interrupted iterations
saturation   [  94% ] 431/436 VUs  09m55.0s/10m30s  12.00 iters/s

running (09m56.0s), 439/440 VUs, 2187 complete and 0 interrupted iterations
saturation   [  95% ] 439/440 VUs  09m56.0s/10m30s  12.00 iters/s

running (09m57.0s), 430/441 VUs, 2207 complete and 0 interrupted iterations
saturation   [  95% ] 430/441 VUs  09m57.0s/10m30s  12.00 iters/s

running (09m58.0s), 439/441 VUs, 2210 complete and 0 interrupted iterations
saturation   [  95% ] 439/441 VUs  09m58.0s/10m30s  12.00 iters/s

running (09m59.0s), 433/442 VUs, 2227 complete and 0 interrupted iterations
saturation   [  95% ] 433/442 VUs  09m59.0s/10m30s  12.00 iters/s

running (10m00.0s), 443/444 VUs, 2227 complete and 0 interrupted iterations
saturation   [  95% ] 443/444 VUs  10m00.0s/10m30s  12.00 iters/s

running (10m01.0s), 444/444 VUs, 2238 complete and 0 interrupted iterations
saturation   [  95% ] 444/444 VUs  10m01.0s/10m30s  12.00 iters/s

running (10m02.0s), 445/446 VUs, 2247 complete and 0 interrupted iterations
saturation   [  96% ] 445/446 VUs  10m02.0s/10m30s  12.00 iters/s

running (10m03.0s), 440/450 VUs, 2260 complete and 0 interrupted iterations
saturation   [  96% ] 440/450 VUs  10m03.0s/10m30s  12.00 iters/s

running (10m04.0s), 445/450 VUs, 2267 complete and 0 interrupted iterations
saturation   [  96% ] 445/450 VUs  10m04.0s/10m30s  12.00 iters/s

running (10m05.0s), 442/450 VUs, 2282 complete and 0 interrupted iterations
saturation   [  96% ] 442/450 VUs  10m05.0s/10m30s  12.00 iters/s

running (10m06.0s), 449/450 VUs, 2287 complete and 0 interrupted iterations
saturation   [  96% ] 449/450 VUs  10m06.0s/10m30s  12.00 iters/s

running (10m07.0s), 454/455 VUs, 2289 complete and 0 interrupted iterations
saturation   [  96% ] 454/455 VUs  10m07.0s/10m30s  12.00 iters/s

running (10m08.0s), 448/455 VUs, 2307 complete and 0 interrupted iterations
saturation   [  97% ] 448/455 VUs  10m08.0s/10m30s  12.00 iters/s

running (10m09.0s), 456/456 VUs, 2310 complete and 0 interrupted iterations
saturation   [  97% ] 456/456 VUs  10m09.0s/10m30s  12.00 iters/s

running (10m10.0s), 450/457 VUs, 2327 complete and 0 interrupted iterations
saturation   [  97% ] 450/457 VUs  10m10.0s/10m30s  12.00 iters/s

running (10m11.0s), 458/459 VUs, 2329 complete and 0 interrupted iterations
saturation   [  97% ] 458/459 VUs  10m11.0s/10m30s  12.00 iters/s

running (10m12.0s), 460/461 VUs, 2337 complete and 0 interrupted iterations
saturation   [  97% ] 460/461 VUs  10m12.0s/10m30s  12.00 iters/s

running (10m13.0s), 461/462 VUs, 2347 complete and 0 interrupted iterations
saturation   [  97% ] 461/462 VUs  10m13.0s/10m30s  12.00 iters/s

running (10m14.0s), 457/466 VUs, 2359 complete and 0 interrupted iterations
saturation   [  97% ] 457/466 VUs  10m14.0s/10m30s  12.00 iters/s

running (10m15.0s), 461/466 VUs, 2367 complete and 0 interrupted iterations
saturation   [  98% ] 461/466 VUs  10m15.0s/10m30s  12.00 iters/s

running (10m16.0s), 467/469 VUs, 2370 complete and 0 interrupted iterations
saturation   [  98% ] 467/469 VUs  10m16.0s/10m30s  12.00 iters/s

running (10m17.0s), 462/469 VUs, 2387 complete and 0 interrupted iterations
saturation   [  98% ] 462/469 VUs  10m17.0s/10m30s  12.00 iters/s

running (10m18.0s), 469/469 VUs, 2392 complete and 0 interrupted iterations
saturation   [  98% ] 469/469 VUs  10m18.0s/10m30s  12.00 iters/s

running (10m19.0s), 465/471 VUs, 2406 complete and 0 interrupted iterations
saturation   [  98% ] 465/471 VUs  10m19.0s/10m30s  12.00 iters/s

running (10m20.0s), 473/474 VUs, 2407 complete and 0 interrupted iterations
saturation   [  98% ] 473/474 VUs  10m20.0s/10m30s  12.00 iters/s

running (10m21.0s), 473/476 VUs, 2417 complete and 0 interrupted iterations
saturation   [  99% ] 473/476 VUs  10m21.0s/10m30s  12.00 iters/s

running (10m22.0s), 475/476 VUs, 2427 complete and 0 interrupted iterations
saturation   [  99% ] 475/476 VUs  10m22.0s/10m30s  12.00 iters/s

running (10m23.0s), 477/481 VUs, 2432 complete and 0 interrupted iterations
saturation   [  99% ] 477/481 VUs  10m23.0s/10m30s  12.00 iters/s

running (10m24.0s), 473/481 VUs, 2448 complete and 0 interrupted iterations
saturation   [  99% ] 473/481 VUs  10m24.0s/10m30s  12.00 iters/s

running (10m25.0s), 482/482 VUs, 2450 complete and 0 interrupted iterations
saturation   [  99% ] 482/482 VUs  10m25.0s/10m30s  12.00 iters/s

running (10m26.0s), 476/483 VUs, 2467 complete and 0 interrupted iterations
saturation   [  99% ] 476/483 VUs  10m26.0s/10m30s  12.00 iters/s

running (10m27.0s), 481/486 VUs, 2471 complete and 0 interrupted iterations
saturation   [ 100% ] 481/486 VUs  10m27.0s/10m30s  12.00 iters/s

running (10m28.0s), 485/486 VUs, 2479 complete and 0 interrupted iterations
saturation   [ 100% ] 485/486 VUs  10m28.0s/10m30s  12.00 iters/s

================ DSP benchmark summary ================
-- per-phase latency --
  catalog                    p50=134.6 ms  p95=612.8 ms  p99=859.0 ms  max=1290.2 ms  n=2958
  negotiation init (POST)    p50=28.2 ms  p95=115.8 ms  p99=173.2 ms  max=307.1 ms  n=2958
  time-to-AGREED (async)     p50=4462.5 ms  p95=18857.5 ms  p99=21719.8 ms  max=23211.0 ms  n=2730
  transfer init (POST)       p50=74.6 ms  p95=188.2 ms  p99=265.4 ms  max=782.2 ms  n=2726
  time-to-EDR (async)        p50=4810.0 ms  p95=27409.0 ms  p99=29559.9 ms  max=30134.0 ms  n=1237
  data pull                  p50=25.4 ms  p95=44.5 ms  p99=52.0 ms  max=75.4 ms  n=1237
-- end-to-end + throughput --
  e2e transaction            p50=8329.0 ms  p95=30300.6 ms  p99=32772.6 ms  max=34627.0 ms  n=1237
  data throughput (MB/s)     p50=0.2  p95=0.2  p99=0.2  max=0.3  n=1237
-- outcomes --
  transactions succeeded     count=1237  rate=1.968/s
  transactions failed        count=1242  rate=1.976/s
  failed rate                rate=50.10%  (pass=1242 fail=1237)
    of which TERMINATED      (no data)
    of which TIMED OUT       count=1242  rate=1.976/s
-- observer effect (poll load) --
  negotiation polls          count=80473  rate=128.011/s
  edr polls                  count=207881  rate=330.684/s
  polls per transaction     negotiation=32.5  edr=83.9  (timeout ceiling=120)  <-- WARNING: near the 120-poll timeout ceiling; system is past its knee
=======================================================
(full summary -> /home/rohitj/edc/benchmarking-factoryx-edc/resources/local-fx-mvd/k6-scripts/results/factoryx/saturation-open/2026-07-31T11-55-21Z/k6-summary.json; POLL_INTERVAL_MS=250; IDENTITY_MODE=on)

running (10m28.6s), 000/486 VUs, 2479 complete and 485 interrupted iterations
saturation ✗ [ 100% ] 438/486 VUs  10m28.1s/10m30s  12.00 iters/s
time="2026-07-31T12:06:55Z" level=error msg="thresholds on metrics 'dsp_transaction_failed_rate' were crossed; at least one has abortOnFail enabled, stopping test prematurely"
Prometheus snapshot [1785498987..1785499631] svc=(provider-controlplane|provider-dataplane|consumer-controlplane|consumer-dataplane) win=1m -> /home/rohitj/edc/benchmarking-factoryx-edc/resources/local-fx-mvd/k6-scripts/results/factoryx/saturation-open/2026-07-31T11-55-21Z
  jvm-heap.csv (516 rows)
  jvm-gc-rate.csv (516 rows)
  jvm-threads.csv (516 rows)
  http-throughput.csv (516 rows)
  http-p95.csv (516 rows)
  http-errors.csv (258 rows)
  host-cpu-busy.csv (129 rows)
  host-mem-used.csv (129 rows)
  logs -> /home/rohitj/edc/benchmarking-factoryx-edc/resources/local-fx-mvd/k6-scripts/results/factoryx/saturation-open/2026-07-31T11-55-21Z/logs (4 files)
    consumer-controlplane.log:0
    consumer-dataplane.log:0
    provider-controlplane.log:0
    provider-dataplane.log:0
VALIDITY  ok=1237  failed=1242  failed_rate=50%  dropped_iterations=386  <-- OFFERED RATE NOT DELIVERED (raise MAX_VUS or lower RATE)  <-- >5% FAILURES: past the knee, not a valid operating point
>>> done: /home/rohitj/edc/benchmarking-factoryx-edc/resources/local-fx-mvd/k6-scripts/results/factoryx/saturation-open/2026-07-31T11-55-21Z  (k6 exit 99)
  (saturation-open rep 2 exited non-zero)
