
         /\      Grafana   /‾‾/  
    /\  /  \     |\  __   /  /   
   /  \/    \    | |/ /  /   ‾‾\ 
  /          \   |   (  |  (‾)  |
 / __________ \  |_|\_\  \_____/ 


     execution: local
        script: /home/rohitj/edc/benchmarking-factoryx-edc/resources/local-fx-mvd/k6-scripts/scenarios/saturation-open.js
        output: Prometheus remote write (http://localhost:9090/api/v1/write)

     scenarios: (100.00%) 1 scenario, 800 max VUs, 11m0s max duration (incl. graceful stop):
              * saturation: Up to 12.00 iterations/s for 10m30s over 7 stages (maxVUs: 100-800, gracefulStop: 30s)


running (00m01.0s), 000/100 VUs, 0 complete and 0 interrupted iterations
saturation   [   0% ] 000/100 VUs  00m01.0s/10m30s  01.00 iters/s

running (00m02.0s), 001/100 VUs, 0 complete and 0 interrupted iterations
saturation   [   0% ] 001/100 VUs  00m02.0s/10m30s  01.00 iters/s

running (00m03.0s), 002/100 VUs, 0 complete and 0 interrupted iterations
saturation   [   0% ] 002/100 VUs  00m03.0s/10m30s  01.00 iters/s

running (00m04.0s), 003/100 VUs, 0 complete and 0 interrupted iterations
saturation   [   1% ] 003/100 VUs  00m04.0s/10m30s  01.00 iters/s

running (00m05.0s), 004/100 VUs, 0 complete and 0 interrupted iterations
saturation   [   1% ] 004/100 VUs  00m05.0s/10m30s  01.00 iters/s

running (00m06.0s), 004/100 VUs, 1 complete and 0 interrupted iterations
saturation   [   1% ] 004/100 VUs  00m06.0s/10m30s  01.00 iters/s

running (00m07.0s), 005/100 VUs, 1 complete and 0 interrupted iterations
saturation   [   1% ] 005/100 VUs  00m07.0s/10m30s  01.00 iters/s

running (00m08.0s), 005/100 VUs, 2 complete and 0 interrupted iterations
saturation   [   1% ] 005/100 VUs  00m08.0s/10m30s  01.00 iters/s

running (00m09.0s), 005/100 VUs, 3 complete and 0 interrupted iterations
saturation   [   1% ] 005/100 VUs  00m09.0s/10m30s  01.00 iters/s

running (00m10.0s), 005/100 VUs, 4 complete and 0 interrupted iterations
saturation   [   2% ] 005/100 VUs  00m10.0s/10m30s  01.00 iters/s

running (00m11.0s), 005/100 VUs, 5 complete and 0 interrupted iterations
saturation   [   2% ] 005/100 VUs  00m11.0s/10m30s  01.00 iters/s

running (00m12.0s), 006/100 VUs, 5 complete and 0 interrupted iterations
saturation   [   2% ] 006/100 VUs  00m12.0s/10m30s  01.00 iters/s

running (00m13.0s), 004/100 VUs, 8 complete and 0 interrupted iterations
saturation   [   2% ] 004/100 VUs  00m13.0s/10m30s  01.00 iters/s

running (00m14.0s), 005/100 VUs, 8 complete and 0 interrupted iterations
saturation   [   2% ] 005/100 VUs  00m14.0s/10m30s  01.00 iters/s

running (00m15.0s), 005/100 VUs, 9 complete and 0 interrupted iterations
saturation   [   2% ] 005/100 VUs  00m15.0s/10m30s  01.00 iters/s

running (00m16.0s), 005/100 VUs, 10 complete and 0 interrupted iterations
saturation   [   3% ] 005/100 VUs  00m16.0s/10m30s  01.00 iters/s

running (00m17.0s), 005/100 VUs, 11 complete and 0 interrupted iterations
saturation   [   3% ] 005/100 VUs  00m17.0s/10m30s  01.00 iters/s

running (00m18.0s), 006/100 VUs, 11 complete and 0 interrupted iterations
saturation   [   3% ] 006/100 VUs  00m18.0s/10m30s  01.00 iters/s

running (00m19.0s), 004/100 VUs, 14 complete and 0 interrupted iterations
saturation   [   3% ] 004/100 VUs  00m19.0s/10m30s  01.00 iters/s

running (00m20.0s), 005/100 VUs, 14 complete and 0 interrupted iterations
saturation   [   3% ] 005/100 VUs  00m20.0s/10m30s  01.00 iters/s

running (00m21.0s), 006/100 VUs, 14 complete and 0 interrupted iterations
saturation   [   3% ] 006/100 VUs  00m21.0s/10m30s  01.00 iters/s

running (00m22.0s), 006/100 VUs, 15 complete and 0 interrupted iterations
saturation   [   3% ] 006/100 VUs  00m22.0s/10m30s  01.00 iters/s

running (00m23.0s), 004/100 VUs, 18 complete and 0 interrupted iterations
saturation   [   4% ] 004/100 VUs  00m23.0s/10m30s  01.00 iters/s

running (00m24.0s), 005/100 VUs, 18 complete and 0 interrupted iterations
saturation   [   4% ] 005/100 VUs  00m24.0s/10m30s  01.00 iters/s

running (00m25.0s), 005/100 VUs, 19 complete and 0 interrupted iterations
saturation   [   4% ] 005/100 VUs  00m25.0s/10m30s  01.00 iters/s

running (00m26.0s), 005/100 VUs, 20 complete and 0 interrupted iterations
saturation   [   4% ] 005/100 VUs  00m26.0s/10m30s  01.00 iters/s

running (00m27.0s), 004/100 VUs, 22 complete and 0 interrupted iterations
saturation   [   4% ] 004/100 VUs  00m27.0s/10m30s  01.00 iters/s

running (00m28.0s), 005/100 VUs, 22 complete and 0 interrupted iterations
saturation   [   4% ] 005/100 VUs  00m28.0s/10m30s  01.00 iters/s

running (00m29.0s), 005/100 VUs, 23 complete and 0 interrupted iterations
saturation   [   5% ] 005/100 VUs  00m29.0s/10m30s  01.00 iters/s

running (00m30.0s), 005/100 VUs, 24 complete and 0 interrupted iterations
saturation   [   5% ] 005/100 VUs  00m30.0s/10m30s  01.00 iters/s

running (00m31.0s), 005/100 VUs, 25 complete and 0 interrupted iterations
saturation   [   5% ] 005/100 VUs  00m31.0s/10m30s  01.00 iters/s

running (00m32.0s), 004/100 VUs, 27 complete and 0 interrupted iterations
saturation   [   5% ] 004/100 VUs  00m32.0s/10m30s  01.00 iters/s

running (00m33.0s), 004/100 VUs, 28 complete and 0 interrupted iterations
saturation   [   5% ] 004/100 VUs  00m33.0s/10m30s  01.00 iters/s

running (00m34.0s), 005/100 VUs, 28 complete and 0 interrupted iterations
saturation   [   5% ] 005/100 VUs  00m34.0s/10m30s  01.00 iters/s

running (00m35.0s), 005/100 VUs, 29 complete and 0 interrupted iterations
saturation   [   6% ] 005/100 VUs  00m35.0s/10m30s  01.00 iters/s

running (00m36.0s), 005/100 VUs, 30 complete and 0 interrupted iterations
saturation   [   6% ] 005/100 VUs  00m36.0s/10m30s  01.00 iters/s

running (00m37.0s), 005/100 VUs, 31 complete and 0 interrupted iterations
saturation   [   6% ] 005/100 VUs  00m37.0s/10m30s  01.00 iters/s

running (00m38.0s), 005/100 VUs, 32 complete and 0 interrupted iterations
saturation   [   6% ] 005/100 VUs  00m38.0s/10m30s  01.00 iters/s

running (00m39.0s), 005/100 VUs, 33 complete and 0 interrupted iterations
saturation   [   6% ] 005/100 VUs  00m39.0s/10m30s  01.00 iters/s

running (00m40.0s), 005/100 VUs, 34 complete and 0 interrupted iterations
saturation   [   6% ] 005/100 VUs  00m40.0s/10m30s  01.00 iters/s

running (00m41.0s), 005/100 VUs, 35 complete and 0 interrupted iterations
saturation   [   7% ] 005/100 VUs  00m41.0s/10m30s  01.00 iters/s

running (00m42.0s), 006/100 VUs, 35 complete and 0 interrupted iterations
saturation   [   7% ] 006/100 VUs  00m42.0s/10m30s  01.00 iters/s

running (00m43.0s), 006/100 VUs, 36 complete and 0 interrupted iterations
saturation   [   7% ] 006/100 VUs  00m43.0s/10m30s  01.00 iters/s

running (00m44.0s), 006/100 VUs, 37 complete and 0 interrupted iterations
saturation   [   7% ] 006/100 VUs  00m44.0s/10m30s  01.00 iters/s

running (00m45.0s), 006/100 VUs, 38 complete and 0 interrupted iterations
saturation   [   7% ] 006/100 VUs  00m45.0s/10m30s  01.00 iters/s

running (00m46.0s), 004/100 VUs, 41 complete and 0 interrupted iterations
saturation   [   7% ] 004/100 VUs  00m46.0s/10m30s  01.00 iters/s

running (00m47.0s), 004/100 VUs, 42 complete and 0 interrupted iterations
saturation   [   7% ] 004/100 VUs  00m47.0s/10m30s  01.00 iters/s

running (00m48.0s), 005/100 VUs, 42 complete and 0 interrupted iterations
saturation   [   8% ] 005/100 VUs  00m48.0s/10m30s  01.00 iters/s

running (00m49.0s), 005/100 VUs, 43 complete and 0 interrupted iterations
saturation   [   8% ] 005/100 VUs  00m49.0s/10m30s  01.00 iters/s

running (00m50.0s), 006/100 VUs, 43 complete and 0 interrupted iterations
saturation   [   8% ] 006/100 VUs  00m50.0s/10m30s  01.00 iters/s

running (00m51.0s), 004/100 VUs, 46 complete and 0 interrupted iterations
saturation   [   8% ] 004/100 VUs  00m51.0s/10m30s  01.00 iters/s

running (00m52.0s), 004/100 VUs, 47 complete and 0 interrupted iterations
saturation   [   8% ] 004/100 VUs  00m52.0s/10m30s  01.00 iters/s

running (00m53.0s), 005/100 VUs, 47 complete and 0 interrupted iterations
saturation   [   8% ] 005/100 VUs  00m53.0s/10m30s  01.00 iters/s

running (00m54.0s), 005/100 VUs, 48 complete and 0 interrupted iterations
saturation   [   9% ] 005/100 VUs  00m54.0s/10m30s  01.00 iters/s

running (00m55.0s), 005/100 VUs, 49 complete and 0 interrupted iterations
saturation   [   9% ] 005/100 VUs  00m55.0s/10m30s  01.00 iters/s

running (00m56.0s), 004/100 VUs, 51 complete and 0 interrupted iterations
saturation   [   9% ] 004/100 VUs  00m56.0s/10m30s  01.00 iters/s

running (00m57.0s), 004/100 VUs, 52 complete and 0 interrupted iterations
saturation   [   9% ] 004/100 VUs  00m57.0s/10m30s  01.00 iters/s

running (00m58.0s), 004/100 VUs, 53 complete and 0 interrupted iterations
saturation   [   9% ] 004/100 VUs  00m58.0s/10m30s  01.00 iters/s

running (00m59.0s), 005/100 VUs, 53 complete and 0 interrupted iterations
saturation   [   9% ] 005/100 VUs  00m59.0s/10m30s  01.00 iters/s

running (01m00.0s), 005/100 VUs, 54 complete and 0 interrupted iterations
saturation   [  10% ] 005/100 VUs  01m00.0s/10m30s  01.00 iters/s

running (01m01.0s), 005/100 VUs, 55 complete and 0 interrupted iterations
saturation   [  10% ] 005/100 VUs  01m01.0s/10m30s  01.00 iters/s

running (01m02.0s), 006/100 VUs, 55 complete and 0 interrupted iterations
saturation   [  10% ] 006/100 VUs  01m02.0s/10m30s  01.00 iters/s

running (01m03.0s), 004/100 VUs, 58 complete and 0 interrupted iterations
saturation   [  10% ] 004/100 VUs  01m03.0s/10m30s  01.00 iters/s

running (01m04.0s), 004/100 VUs, 59 complete and 0 interrupted iterations
saturation   [  10% ] 004/100 VUs  01m04.0s/10m30s  01.00 iters/s

running (01m05.0s), 005/100 VUs, 59 complete and 0 interrupted iterations
saturation   [  10% ] 005/100 VUs  01m05.0s/10m30s  01.00 iters/s

running (01m06.0s), 005/100 VUs, 60 complete and 0 interrupted iterations
saturation   [  10% ] 005/100 VUs  01m06.0s/10m30s  01.00 iters/s

running (01m07.0s), 005/100 VUs, 61 complete and 0 interrupted iterations
saturation   [  11% ] 005/100 VUs  01m07.0s/10m30s  01.00 iters/s

running (01m08.0s), 005/100 VUs, 62 complete and 0 interrupted iterations
saturation   [  11% ] 005/100 VUs  01m08.0s/10m30s  01.00 iters/s

running (01m09.0s), 006/100 VUs, 62 complete and 0 interrupted iterations
saturation   [  11% ] 006/100 VUs  01m09.0s/10m30s  01.00 iters/s

running (01m10.0s), 004/100 VUs, 65 complete and 0 interrupted iterations
saturation   [  11% ] 004/100 VUs  01m10.0s/10m30s  01.00 iters/s

running (01m11.0s), 005/100 VUs, 65 complete and 0 interrupted iterations
saturation   [  11% ] 005/100 VUs  01m11.0s/10m30s  01.00 iters/s

running (01m12.0s), 005/100 VUs, 66 complete and 0 interrupted iterations
saturation   [  11% ] 005/100 VUs  01m12.0s/10m30s  01.00 iters/s

running (01m13.0s), 005/100 VUs, 67 complete and 0 interrupted iterations
saturation   [  12% ] 005/100 VUs  01m13.0s/10m30s  01.00 iters/s

running (01m14.0s), 005/100 VUs, 68 complete and 0 interrupted iterations
saturation   [  12% ] 005/100 VUs  01m14.0s/10m30s  01.00 iters/s

running (01m15.0s), 005/100 VUs, 69 complete and 0 interrupted iterations
saturation   [  12% ] 005/100 VUs  01m15.0s/10m30s  01.00 iters/s

running (01m16.0s), 004/100 VUs, 71 complete and 0 interrupted iterations
saturation   [  12% ] 004/100 VUs  01m16.0s/10m30s  01.00 iters/s

running (01m17.0s), 005/100 VUs, 71 complete and 0 interrupted iterations
saturation   [  12% ] 005/100 VUs  01m17.0s/10m30s  01.00 iters/s

running (01m18.0s), 005/100 VUs, 72 complete and 0 interrupted iterations
saturation   [  12% ] 005/100 VUs  01m18.0s/10m30s  01.00 iters/s

running (01m19.0s), 005/100 VUs, 73 complete and 0 interrupted iterations
saturation   [  13% ] 005/100 VUs  01m19.0s/10m30s  01.00 iters/s

running (01m20.0s), 005/100 VUs, 74 complete and 0 interrupted iterations
saturation   [  13% ] 005/100 VUs  01m20.0s/10m30s  01.00 iters/s

running (01m21.0s), 005/100 VUs, 75 complete and 0 interrupted iterations
saturation   [  13% ] 005/100 VUs  01m21.0s/10m30s  01.00 iters/s

running (01m22.0s), 006/100 VUs, 75 complete and 0 interrupted iterations
saturation   [  13% ] 006/100 VUs  01m22.0s/10m30s  01.00 iters/s

running (01m23.0s), 004/100 VUs, 78 complete and 0 interrupted iterations
saturation   [  13% ] 004/100 VUs  01m23.0s/10m30s  01.00 iters/s

running (01m24.0s), 005/100 VUs, 78 complete and 0 interrupted iterations
saturation   [  13% ] 005/100 VUs  01m24.0s/10m30s  01.00 iters/s

running (01m25.0s), 005/100 VUs, 79 complete and 0 interrupted iterations
saturation   [  13% ] 005/100 VUs  01m25.0s/10m30s  01.00 iters/s

running (01m26.0s), 005/100 VUs, 80 complete and 0 interrupted iterations
saturation   [  14% ] 005/100 VUs  01m26.0s/10m30s  01.00 iters/s

running (01m27.0s), 005/100 VUs, 81 complete and 0 interrupted iterations
saturation   [  14% ] 005/100 VUs  01m27.0s/10m30s  01.00 iters/s

running (01m28.0s), 006/100 VUs, 81 complete and 0 interrupted iterations
saturation   [  14% ] 006/100 VUs  01m28.0s/10m30s  01.00 iters/s

running (01m29.0s), 005/100 VUs, 83 complete and 0 interrupted iterations
saturation   [  14% ] 005/100 VUs  01m29.0s/10m30s  01.00 iters/s

running (01m30.0s), 005/100 VUs, 84 complete and 0 interrupted iterations
saturation   [  14% ] 005/100 VUs  01m30.0s/10m30s  01.00 iters/s

running (01m31.0s), 005/100 VUs, 85 complete and 0 interrupted iterations
saturation   [  14% ] 005/100 VUs  01m31.0s/10m30s  01.01 iters/s

running (01m32.0s), 005/100 VUs, 86 complete and 0 interrupted iterations
saturation   [  15% ] 005/100 VUs  01m32.0s/10m30s  01.02 iters/s

running (01m33.0s), 006/100 VUs, 87 complete and 0 interrupted iterations
saturation   [  15% ] 006/100 VUs  01m33.0s/10m30s  01.04 iters/s

running (01m34.0s), 006/100 VUs, 88 complete and 0 interrupted iterations
saturation   [  15% ] 006/100 VUs  01m34.0s/10m30s  01.05 iters/s

running (01m35.0s), 006/100 VUs, 89 complete and 0 interrupted iterations
saturation   [  15% ] 006/100 VUs  01m35.0s/10m30s  01.06 iters/s

running (01m36.0s), 005/100 VUs, 91 complete and 0 interrupted iterations
saturation   [  15% ] 005/100 VUs  01m36.0s/10m30s  01.07 iters/s

running (01m37.0s), 006/100 VUs, 91 complete and 0 interrupted iterations
saturation   [  15% ] 006/100 VUs  01m37.0s/10m30s  01.08 iters/s

running (01m38.0s), 006/100 VUs, 92 complete and 0 interrupted iterations
saturation   [  16% ] 006/100 VUs  01m38.0s/10m30s  01.09 iters/s

running (01m39.0s), 005/100 VUs, 94 complete and 0 interrupted iterations
saturation   [  16% ] 005/100 VUs  01m39.0s/10m30s  01.10 iters/s

running (01m40.0s), 006/100 VUs, 94 complete and 0 interrupted iterations
saturation   [  16% ] 006/100 VUs  01m40.0s/10m30s  01.11 iters/s

running (01m41.0s), 006/100 VUs, 95 complete and 0 interrupted iterations
saturation   [  16% ] 006/100 VUs  01m41.0s/10m30s  01.12 iters/s

running (01m42.0s), 006/100 VUs, 96 complete and 0 interrupted iterations
saturation   [  16% ] 006/100 VUs  01m42.0s/10m30s  01.13 iters/s

running (01m43.0s), 006/100 VUs, 97 complete and 0 interrupted iterations
saturation   [  16% ] 006/100 VUs  01m43.0s/10m30s  01.14 iters/s

running (01m44.0s), 007/100 VUs, 98 complete and 0 interrupted iterations
saturation   [  17% ] 007/100 VUs  01m44.0s/10m30s  01.16 iters/s

running (01m45.0s), 008/100 VUs, 98 complete and 0 interrupted iterations
saturation   [  17% ] 008/100 VUs  01m45.0s/10m30s  01.17 iters/s

running (01m46.0s), 006/100 VUs, 101 complete and 0 interrupted iterations
saturation   [  17% ] 006/100 VUs  01m46.0s/10m30s  01.18 iters/s

running (01m47.0s), 006/100 VUs, 102 complete and 0 interrupted iterations
saturation   [  17% ] 006/100 VUs  01m47.0s/10m30s  01.19 iters/s

running (01m48.0s), 007/100 VUs, 102 complete and 0 interrupted iterations
saturation   [  17% ] 007/100 VUs  01m48.0s/10m30s  01.20 iters/s

running (01m49.0s), 008/100 VUs, 102 complete and 0 interrupted iterations
saturation   [  17% ] 008/100 VUs  01m49.0s/10m30s  01.21 iters/s

running (01m50.0s), 007/100 VUs, 105 complete and 0 interrupted iterations
saturation   [  17% ] 007/100 VUs  01m50.0s/10m30s  01.22 iters/s

running (01m51.0s), 007/100 VUs, 106 complete and 0 interrupted iterations
saturation   [  18% ] 007/100 VUs  01m51.0s/10m30s  01.23 iters/s

running (01m52.0s), 006/100 VUs, 108 complete and 0 interrupted iterations
saturation   [  18% ] 006/100 VUs  01m52.0s/10m30s  01.24 iters/s

running (01m53.0s), 005/100 VUs, 110 complete and 0 interrupted iterations
saturation   [  18% ] 005/100 VUs  01m53.0s/10m30s  01.25 iters/s

running (01m54.0s), 006/100 VUs, 111 complete and 0 interrupted iterations
saturation   [  18% ] 006/100 VUs  01m54.0s/10m30s  01.27 iters/s

running (01m55.0s), 007/100 VUs, 111 complete and 0 interrupted iterations
saturation   [  18% ] 007/100 VUs  01m55.0s/10m30s  01.28 iters/s

running (01m56.0s), 006/100 VUs, 113 complete and 0 interrupted iterations
saturation   [  18% ] 006/100 VUs  01m56.0s/10m30s  01.29 iters/s

running (01m57.0s), 006/100 VUs, 114 complete and 0 interrupted iterations
saturation   [  19% ] 006/100 VUs  01m57.0s/10m30s  01.30 iters/s

running (01m58.0s), 008/100 VUs, 114 complete and 0 interrupted iterations
saturation   [  19% ] 008/100 VUs  01m58.0s/10m30s  01.31 iters/s

running (01m59.0s), 006/100 VUs, 117 complete and 0 interrupted iterations
saturation   [  19% ] 006/100 VUs  01m59.0s/10m30s  01.32 iters/s

running (02m00.0s), 007/100 VUs, 117 complete and 0 interrupted iterations
saturation   [  19% ] 007/100 VUs  02m00.0s/10m30s  01.33 iters/s

running (02m01.0s), 007/100 VUs, 119 complete and 0 interrupted iterations
saturation   [  19% ] 007/100 VUs  02m01.0s/10m30s  01.35 iters/s

running (02m02.0s), 007/100 VUs, 120 complete and 0 interrupted iterations
saturation   [  19% ] 007/100 VUs  02m02.0s/10m30s  01.35 iters/s

running (02m03.0s), 006/100 VUs, 122 complete and 0 interrupted iterations
saturation   [  20% ] 006/100 VUs  02m03.0s/10m30s  01.36 iters/s

running (02m04.0s), 007/100 VUs, 123 complete and 0 interrupted iterations
saturation   [  20% ] 007/100 VUs  02m04.0s/10m30s  01.38 iters/s

running (02m05.0s), 006/100 VUs, 125 complete and 0 interrupted iterations
saturation   [  20% ] 006/100 VUs  02m05.0s/10m30s  01.39 iters/s

running (02m06.0s), 007/100 VUs, 126 complete and 0 interrupted iterations
saturation   [  20% ] 007/100 VUs  02m06.0s/10m30s  01.40 iters/s

running (02m07.0s), 007/100 VUs, 127 complete and 0 interrupted iterations
saturation   [  20% ] 007/100 VUs  02m07.0s/10m30s  01.41 iters/s

running (02m08.0s), 006/100 VUs, 129 complete and 0 interrupted iterations
saturation   [  20% ] 006/100 VUs  02m08.0s/10m30s  01.42 iters/s

running (02m09.0s), 007/100 VUs, 130 complete and 0 interrupted iterations
saturation   [  20% ] 007/100 VUs  02m09.0s/10m30s  01.43 iters/s

running (02m10.0s), 008/100 VUs, 130 complete and 0 interrupted iterations
saturation   [  21% ] 008/100 VUs  02m10.0s/10m30s  01.44 iters/s

running (02m11.0s), 008/100 VUs, 132 complete and 0 interrupted iterations
saturation   [  21% ] 008/100 VUs  02m11.0s/10m30s  01.46 iters/s

running (02m12.0s), 007/100 VUs, 134 complete and 0 interrupted iterations
saturation   [  21% ] 007/100 VUs  02m12.0s/10m30s  01.46 iters/s

running (02m13.0s), 007/100 VUs, 136 complete and 0 interrupted iterations
saturation   [  21% ] 007/100 VUs  02m13.0s/10m30s  01.48 iters/s

running (02m14.0s), 008/100 VUs, 136 complete and 0 interrupted iterations
saturation   [  21% ] 008/100 VUs  02m14.0s/10m30s  01.49 iters/s

running (02m15.0s), 009/100 VUs, 137 complete and 0 interrupted iterations
saturation   [  21% ] 009/100 VUs  02m15.0s/10m30s  01.50 iters/s

running (02m16.0s), 008/100 VUs, 139 complete and 0 interrupted iterations
saturation   [  22% ] 008/100 VUs  02m16.0s/10m30s  01.51 iters/s

running (02m17.0s), 008/100 VUs, 141 complete and 0 interrupted iterations
saturation   [  22% ] 008/100 VUs  02m17.0s/10m30s  01.52 iters/s

running (02m18.0s), 007/100 VUs, 143 complete and 0 interrupted iterations
saturation   [  22% ] 007/100 VUs  02m18.0s/10m30s  01.53 iters/s

running (02m19.0s), 008/100 VUs, 144 complete and 0 interrupted iterations
saturation   [  22% ] 008/100 VUs  02m19.0s/10m30s  01.55 iters/s

running (02m20.0s), 009/100 VUs, 144 complete and 0 interrupted iterations
saturation   [  22% ] 009/100 VUs  02m20.0s/10m30s  01.55 iters/s

running (02m21.0s), 009/100 VUs, 146 complete and 0 interrupted iterations
saturation   [  22% ] 009/100 VUs  02m21.0s/10m30s  01.57 iters/s

running (02m22.0s), 010/100 VUs, 146 complete and 0 interrupted iterations
saturation   [  23% ] 010/100 VUs  02m22.0s/10m30s  01.57 iters/s

running (02m23.0s), 007/100 VUs, 151 complete and 0 interrupted iterations
saturation   [  23% ] 007/100 VUs  02m23.0s/10m30s  01.59 iters/s

running (02m24.0s), 009/100 VUs, 151 complete and 0 interrupted iterations
saturation   [  23% ] 009/100 VUs  02m24.0s/10m30s  01.60 iters/s

running (02m25.0s), 010/100 VUs, 151 complete and 0 interrupted iterations
saturation   [  23% ] 010/100 VUs  02m25.0s/10m30s  01.61 iters/s

running (02m26.0s), 008/100 VUs, 155 complete and 0 interrupted iterations
saturation   [  23% ] 008/100 VUs  02m26.0s/10m30s  01.62 iters/s

running (02m27.0s), 008/100 VUs, 156 complete and 0 interrupted iterations
saturation   [  23% ] 008/100 VUs  02m27.0s/10m30s  01.63 iters/s

running (02m28.0s), 008/100 VUs, 158 complete and 0 interrupted iterations
saturation   [  23% ] 008/100 VUs  02m28.0s/10m30s  01.64 iters/s

running (02m29.0s), 008/100 VUs, 160 complete and 0 interrupted iterations
saturation   [  24% ] 008/100 VUs  02m29.0s/10m30s  01.66 iters/s

running (02m30.0s), 009/100 VUs, 160 complete and 0 interrupted iterations
saturation   [  24% ] 009/100 VUs  02m30.0s/10m30s  01.66 iters/s

running (02m31.0s), 009/100 VUs, 162 complete and 0 interrupted iterations
saturation   [  24% ] 009/100 VUs  02m31.0s/10m30s  01.68 iters/s

running (02m32.0s), 010/100 VUs, 163 complete and 0 interrupted iterations
saturation   [  24% ] 010/100 VUs  02m32.0s/10m30s  01.69 iters/s

running (02m33.0s), 008/100 VUs, 166 complete and 0 interrupted iterations
saturation   [  24% ] 008/100 VUs  02m33.0s/10m30s  01.70 iters/s

running (02m34.0s), 010/100 VUs, 166 complete and 0 interrupted iterations
saturation   [  24% ] 010/100 VUs  02m34.0s/10m30s  01.71 iters/s

running (02m35.0s), 009/100 VUs, 169 complete and 0 interrupted iterations
saturation   [  25% ] 009/100 VUs  02m35.0s/10m30s  01.72 iters/s

running (02m36.0s), 010/100 VUs, 170 complete and 0 interrupted iterations
saturation   [  25% ] 010/100 VUs  02m36.0s/10m30s  01.74 iters/s

running (02m37.0s), 009/100 VUs, 172 complete and 0 interrupted iterations
saturation   [  25% ] 009/100 VUs  02m37.0s/10m30s  01.74 iters/s

running (02m38.0s), 011/100 VUs, 172 complete and 0 interrupted iterations
saturation   [  25% ] 011/100 VUs  02m38.0s/10m30s  01.75 iters/s

running (02m39.0s), 009/100 VUs, 176 complete and 0 interrupted iterations
saturation   [  25% ] 009/100 VUs  02m39.0s/10m30s  01.77 iters/s

running (02m40.0s), 011/100 VUs, 176 complete and 0 interrupted iterations
saturation   [  25% ] 011/100 VUs  02m40.0s/10m30s  01.78 iters/s

running (02m41.0s), 009/100 VUs, 179 complete and 0 interrupted iterations
saturation   [  26% ] 009/100 VUs  02m41.0s/10m30s  01.79 iters/s

running (02m42.0s), 009/100 VUs, 181 complete and 0 interrupted iterations
saturation   [  26% ] 009/100 VUs  02m42.0s/10m30s  01.80 iters/s

running (02m43.0s), 011/100 VUs, 181 complete and 0 interrupted iterations
saturation   [  26% ] 011/100 VUs  02m43.0s/10m30s  01.81 iters/s

running (02m44.0s), 011/100 VUs, 183 complete and 0 interrupted iterations
saturation   [  26% ] 011/100 VUs  02m44.0s/10m30s  01.82 iters/s

running (02m45.0s), 010/100 VUs, 186 complete and 0 interrupted iterations
saturation   [  26% ] 010/100 VUs  02m45.0s/10m30s  01.83 iters/s

running (02m46.0s), 011/100 VUs, 187 complete and 0 interrupted iterations
saturation   [  26% ] 011/100 VUs  02m46.0s/10m30s  01.85 iters/s

running (02m47.0s), 011/100 VUs, 188 complete and 0 interrupted iterations
saturation   [  27% ] 011/100 VUs  02m47.0s/10m30s  01.85 iters/s

running (02m48.0s), 010/100 VUs, 191 complete and 0 interrupted iterations
saturation   [  27% ] 010/100 VUs  02m48.0s/10m30s  01.86 iters/s

running (02m49.0s), 011/100 VUs, 192 complete and 0 interrupted iterations
saturation   [  27% ] 011/100 VUs  02m49.0s/10m30s  01.88 iters/s

running (02m50.0s), 011/100 VUs, 194 complete and 0 interrupted iterations
saturation   [  27% ] 011/100 VUs  02m50.0s/10m30s  01.89 iters/s

running (02m51.0s), 013/100 VUs, 194 complete and 0 interrupted iterations
saturation   [  27% ] 013/100 VUs  02m51.0s/10m30s  01.90 iters/s

running (02m52.0s), 012/100 VUs, 197 complete and 0 interrupted iterations
saturation   [  27% ] 012/100 VUs  02m52.0s/10m30s  01.91 iters/s

running (02m53.0s), 014/100 VUs, 197 complete and 0 interrupted iterations
saturation   [  27% ] 014/100 VUs  02m53.0s/10m30s  01.92 iters/s

running (02m54.0s), 016/100 VUs, 197 complete and 0 interrupted iterations
saturation   [  28% ] 016/100 VUs  02m54.0s/10m30s  01.94 iters/s

running (02m55.0s), 014/100 VUs, 201 complete and 0 interrupted iterations
saturation   [  28% ] 014/100 VUs  02m55.0s/10m30s  01.95 iters/s

running (02m56.0s), 013/100 VUs, 204 complete and 0 interrupted iterations
saturation   [  28% ] 013/100 VUs  02m56.0s/10m30s  01.96 iters/s

running (02m57.0s), 012/100 VUs, 206 complete and 0 interrupted iterations
saturation   [  28% ] 012/100 VUs  02m57.0s/10m30s  01.96 iters/s

running (02m58.0s), 014/100 VUs, 206 complete and 0 interrupted iterations
saturation   [  28% ] 014/100 VUs  02m58.0s/10m30s  01.97 iters/s

running (02m59.0s), 011/100 VUs, 211 complete and 0 interrupted iterations
saturation   [  28% ] 011/100 VUs  02m59.0s/10m30s  01.99 iters/s

running (03m00.0s), 013/100 VUs, 211 complete and 0 interrupted iterations
saturation   [  29% ] 013/100 VUs  03m00.0s/10m30s  02.00 iters/s

running (03m01.0s), 011/100 VUs, 215 complete and 0 interrupted iterations
saturation   [  29% ] 011/100 VUs  03m01.0s/10m30s  02.01 iters/s

running (03m02.0s), 010/100 VUs, 218 complete and 0 interrupted iterations
saturation   [  29% ] 010/100 VUs  03m02.0s/10m30s  02.02 iters/s

running (03m03.0s), 011/100 VUs, 219 complete and 0 interrupted iterations
saturation   [  29% ] 011/100 VUs  03m03.0s/10m30s  02.03 iters/s

running (03m04.0s), 013/100 VUs, 219 complete and 0 interrupted iterations
saturation   [  29% ] 013/100 VUs  03m04.0s/10m30s  02.04 iters/s

running (03m05.0s), 013/100 VUs, 222 complete and 0 interrupted iterations
saturation   [  29% ] 013/100 VUs  03m05.0s/10m30s  02.06 iters/s

running (03m06.0s), 012/100 VUs, 225 complete and 0 interrupted iterations
saturation   [  30% ] 012/100 VUs  03m06.0s/10m30s  02.07 iters/s

running (03m07.0s), 012/100 VUs, 227 complete and 0 interrupted iterations
saturation   [  30% ] 012/100 VUs  03m07.0s/10m30s  02.08 iters/s

running (03m08.0s), 012/100 VUs, 229 complete and 0 interrupted iterations
saturation   [  30% ] 012/100 VUs  03m08.0s/10m30s  02.09 iters/s

running (03m09.0s), 014/100 VUs, 229 complete and 0 interrupted iterations
saturation   [  30% ] 014/100 VUs  03m09.0s/10m30s  02.10 iters/s

running (03m10.0s), 013/100 VUs, 232 complete and 0 interrupted iterations
saturation   [  30% ] 013/100 VUs  03m10.0s/10m30s  02.11 iters/s

running (03m11.0s), 012/100 VUs, 235 complete and 0 interrupted iterations
saturation   [  30% ] 012/100 VUs  03m11.0s/10m30s  02.12 iters/s

running (03m12.0s), 014/100 VUs, 235 complete and 0 interrupted iterations
saturation   [  30% ] 014/100 VUs  03m12.0s/10m30s  02.13 iters/s

running (03m13.0s), 013/100 VUs, 238 complete and 0 interrupted iterations
saturation   [  31% ] 013/100 VUs  03m13.0s/10m30s  02.14 iters/s

running (03m14.0s), 013/100 VUs, 240 complete and 0 interrupted iterations
saturation   [  31% ] 013/100 VUs  03m14.0s/10m30s  02.15 iters/s

running (03m15.0s), 015/100 VUs, 241 complete and 0 interrupted iterations
saturation   [  31% ] 015/100 VUs  03m15.0s/10m30s  02.17 iters/s

running (03m16.0s), 016/100 VUs, 242 complete and 0 interrupted iterations
saturation   [  31% ] 016/100 VUs  03m16.0s/10m30s  02.18 iters/s

running (03m17.0s), 013/100 VUs, 247 complete and 0 interrupted iterations
saturation   [  31% ] 013/100 VUs  03m17.0s/10m30s  02.19 iters/s

running (03m18.0s), 013/100 VUs, 249 complete and 0 interrupted iterations
saturation   [  31% ] 013/100 VUs  03m18.0s/10m30s  02.20 iters/s

running (03m19.0s), 012/100 VUs, 252 complete and 0 interrupted iterations
saturation   [  32% ] 012/100 VUs  03m19.0s/10m30s  02.21 iters/s

running (03m20.0s), 015/100 VUs, 252 complete and 0 interrupted iterations
saturation   [  32% ] 015/100 VUs  03m20.0s/10m30s  02.22 iters/s

running (03m21.0s), 014/100 VUs, 255 complete and 0 interrupted iterations
saturation   [  32% ] 014/100 VUs  03m21.0s/10m30s  02.23 iters/s

running (03m22.0s), 014/100 VUs, 257 complete and 0 interrupted iterations
saturation   [  32% ] 014/100 VUs  03m22.0s/10m30s  02.24 iters/s

running (03m23.0s), 014/100 VUs, 259 complete and 0 interrupted iterations
saturation   [  32% ] 014/100 VUs  03m23.0s/10m30s  02.25 iters/s

running (03m24.0s), 015/100 VUs, 261 complete and 0 interrupted iterations
saturation   [  32% ] 015/100 VUs  03m24.0s/10m30s  02.27 iters/s

running (03m25.0s), 014/100 VUs, 264 complete and 0 interrupted iterations
saturation   [  33% ] 014/100 VUs  03m25.0s/10m30s  02.28 iters/s

running (03m26.0s), 016/100 VUs, 264 complete and 0 interrupted iterations
saturation   [  33% ] 016/100 VUs  03m26.0s/10m30s  02.29 iters/s

running (03m27.0s), 015/100 VUs, 267 complete and 0 interrupted iterations
saturation   [  33% ] 015/100 VUs  03m27.0s/10m30s  02.30 iters/s

running (03m28.0s), 015/100 VUs, 270 complete and 0 interrupted iterations
saturation   [  33% ] 015/100 VUs  03m28.0s/10m30s  02.31 iters/s

running (03m29.0s), 017/100 VUs, 270 complete and 0 interrupted iterations
saturation   [  33% ] 017/100 VUs  03m29.0s/10m30s  02.32 iters/s

running (03m30.0s), 016/100 VUs, 273 complete and 0 interrupted iterations
saturation   [  33% ] 016/100 VUs  03m30.0s/10m30s  02.33 iters/s

running (03m31.0s), 014/100 VUs, 278 complete and 0 interrupted iterations
saturation   [  33% ] 014/100 VUs  03m31.0s/10m30s  02.35 iters/s

running (03m32.0s), 014/100 VUs, 280 complete and 0 interrupted iterations
saturation   [  34% ] 014/100 VUs  03m32.0s/10m30s  02.35 iters/s

running (03m33.0s), 016/100 VUs, 280 complete and 0 interrupted iterations
saturation   [  34% ] 016/100 VUs  03m33.0s/10m30s  02.36 iters/s

running (03m34.0s), 019/100 VUs, 280 complete and 0 interrupted iterations
saturation   [  34% ] 019/100 VUs  03m34.0s/10m30s  02.38 iters/s

running (03m35.0s), 018/100 VUs, 283 complete and 0 interrupted iterations
saturation   [  34% ] 018/100 VUs  03m35.0s/10m30s  02.39 iters/s

running (03m36.0s), 018/100 VUs, 286 complete and 0 interrupted iterations
saturation   [  34% ] 018/100 VUs  03m36.0s/10m30s  02.40 iters/s

running (03m37.0s), 017/100 VUs, 289 complete and 0 interrupted iterations
saturation   [  34% ] 017/100 VUs  03m37.0s/10m30s  02.41 iters/s

running (03m38.0s), 015/100 VUs, 293 complete and 0 interrupted iterations
saturation   [  35% ] 015/100 VUs  03m38.0s/10m30s  02.42 iters/s

running (03m39.0s), 015/100 VUs, 296 complete and 0 interrupted iterations
saturation   [  35% ] 015/100 VUs  03m39.0s/10m30s  02.43 iters/s

running (03m40.0s), 017/100 VUs, 296 complete and 0 interrupted iterations
saturation   [  35% ] 017/100 VUs  03m40.0s/10m30s  02.44 iters/s

running (03m41.0s), 017/100 VUs, 299 complete and 0 interrupted iterations
saturation   [  35% ] 017/100 VUs  03m41.0s/10m30s  02.46 iters/s

running (03m42.0s), 017/100 VUs, 301 complete and 0 interrupted iterations
saturation   [  35% ] 017/100 VUs  03m42.0s/10m30s  02.47 iters/s

running (03m43.0s), 020/100 VUs, 301 complete and 0 interrupted iterations
saturation   [  35% ] 020/100 VUs  03m43.0s/10m30s  02.48 iters/s

running (03m44.0s), 018/100 VUs, 305 complete and 0 interrupted iterations
saturation   [  36% ] 018/100 VUs  03m44.0s/10m30s  02.49 iters/s

running (03m45.0s), 020/100 VUs, 306 complete and 0 interrupted iterations
saturation   [  36% ] 020/100 VUs  03m45.0s/10m30s  02.50 iters/s

running (03m46.0s), 016/100 VUs, 312 complete and 0 interrupted iterations
saturation   [  36% ] 016/100 VUs  03m46.0s/10m30s  02.51 iters/s

running (03m47.0s), 016/100 VUs, 315 complete and 0 interrupted iterations
saturation   [  36% ] 016/100 VUs  03m47.0s/10m30s  02.52 iters/s

running (03m48.0s), 017/100 VUs, 316 complete and 0 interrupted iterations
saturation   [  36% ] 017/100 VUs  03m48.0s/10m30s  02.53 iters/s

running (03m49.0s), 017/100 VUs, 319 complete and 0 interrupted iterations
saturation   [  36% ] 017/100 VUs  03m49.0s/10m30s  02.55 iters/s

running (03m50.0s), 019/100 VUs, 319 complete and 0 interrupted iterations
saturation   [  37% ] 019/100 VUs  03m50.0s/10m30s  02.55 iters/s

running (03m51.0s), 020/100 VUs, 321 complete and 0 interrupted iterations
saturation   [  37% ] 020/100 VUs  03m51.0s/10m30s  02.57 iters/s

running (03m52.0s), 017/100 VUs, 326 complete and 0 interrupted iterations
saturation   [  37% ] 017/100 VUs  03m52.0s/10m30s  02.58 iters/s

running (03m53.0s), 016/100 VUs, 330 complete and 0 interrupted iterations
saturation   [  37% ] 016/100 VUs  03m53.0s/10m30s  02.59 iters/s

running (03m54.0s), 018/100 VUs, 331 complete and 0 interrupted iterations
saturation   [  37% ] 018/100 VUs  03m54.0s/10m30s  02.60 iters/s

running (03m55.0s), 017/100 VUs, 334 complete and 0 interrupted iterations
saturation   [  37% ] 017/100 VUs  03m55.0s/10m30s  02.61 iters/s

running (03m56.0s), 020/100 VUs, 334 complete and 0 interrupted iterations
saturation   [  37% ] 020/100 VUs  03m56.0s/10m30s  02.62 iters/s

running (03m57.0s), 019/100 VUs, 337 complete and 0 interrupted iterations
saturation   [  38% ] 019/100 VUs  03m57.0s/10m30s  02.63 iters/s

running (03m58.0s), 022/100 VUs, 337 complete and 0 interrupted iterations
saturation   [  38% ] 022/100 VUs  03m58.0s/10m30s  02.64 iters/s

running (03m59.0s), 021/100 VUs, 341 complete and 0 interrupted iterations
saturation   [  38% ] 021/100 VUs  03m59.0s/10m30s  02.66 iters/s

running (04m00.0s), 023/100 VUs, 341 complete and 0 interrupted iterations
saturation   [  38% ] 023/100 VUs  04m00.0s/10m30s  02.66 iters/s

running (04m01.0s), 021/100 VUs, 346 complete and 0 interrupted iterations
saturation   [  38% ] 021/100 VUs  04m01.0s/10m30s  02.68 iters/s

running (04m02.0s), 022/100 VUs, 348 complete and 0 interrupted iterations
saturation   [  38% ] 022/100 VUs  04m02.0s/10m30s  02.69 iters/s

running (04m03.0s), 020/100 VUs, 352 complete and 0 interrupted iterations
saturation   [  39% ] 020/100 VUs  04m03.0s/10m30s  02.70 iters/s

running (04m04.0s), 019/100 VUs, 356 complete and 0 interrupted iterations
saturation   [  39% ] 019/100 VUs  04m04.0s/10m30s  02.71 iters/s

running (04m05.0s), 022/100 VUs, 356 complete and 0 interrupted iterations
saturation   [  39% ] 022/100 VUs  04m05.0s/10m30s  02.72 iters/s

running (04m06.0s), 020/100 VUs, 361 complete and 0 interrupted iterations
saturation   [  39% ] 020/100 VUs  04m06.0s/10m30s  02.73 iters/s

running (04m07.0s), 021/100 VUs, 362 complete and 0 interrupted iterations
saturation   [  39% ] 021/100 VUs  04m07.0s/10m30s  02.74 iters/s

running (04m08.0s), 024/100 VUs, 362 complete and 0 interrupted iterations
saturation   [  39% ] 024/100 VUs  04m08.0s/10m30s  02.75 iters/s

running (04m09.0s), 022/100 VUs, 367 complete and 0 interrupted iterations
saturation   [  40% ] 022/100 VUs  04m09.0s/10m30s  02.77 iters/s

running (04m10.0s), 023/100 VUs, 369 complete and 0 interrupted iterations
saturation   [  40% ] 023/100 VUs  04m10.0s/10m30s  02.78 iters/s

running (04m11.0s), 022/100 VUs, 372 complete and 0 interrupted iterations
saturation   [  40% ] 022/100 VUs  04m11.0s/10m30s  02.79 iters/s

running (04m12.0s), 023/100 VUs, 374 complete and 0 interrupted iterations
saturation   [  40% ] 023/100 VUs  04m12.0s/10m30s  02.80 iters/s

running (04m13.0s), 025/100 VUs, 375 complete and 0 interrupted iterations
saturation   [  40% ] 025/100 VUs  04m13.0s/10m30s  02.81 iters/s

running (04m14.0s), 028/100 VUs, 375 complete and 0 interrupted iterations
saturation   [  40% ] 028/100 VUs  04m14.0s/10m30s  02.82 iters/s

running (04m15.0s), 028/100 VUs, 378 complete and 0 interrupted iterations
saturation   [  40% ] 028/100 VUs  04m15.0s/10m30s  02.83 iters/s

running (04m16.0s), 024/100 VUs, 384 complete and 0 interrupted iterations
saturation   [  41% ] 024/100 VUs  04m16.0s/10m30s  02.84 iters/s

running (04m17.0s), 026/100 VUs, 385 complete and 0 interrupted iterations
saturation   [  41% ] 026/100 VUs  04m17.0s/10m30s  02.85 iters/s

running (04m18.0s), 026/100 VUs, 388 complete and 0 interrupted iterations
saturation   [  41% ] 026/100 VUs  04m18.0s/10m30s  02.87 iters/s

running (04m19.0s), 029/100 VUs, 388 complete and 0 interrupted iterations
saturation   [  41% ] 029/100 VUs  04m19.0s/10m30s  02.88 iters/s

running (04m20.0s), 025/100 VUs, 395 complete and 0 interrupted iterations
saturation   [  41% ] 025/100 VUs  04m20.0s/10m30s  02.89 iters/s

running (04m21.0s), 027/100 VUs, 396 complete and 0 interrupted iterations
saturation   [  41% ] 027/100 VUs  04m21.0s/10m30s  02.90 iters/s

running (04m22.0s), 027/100 VUs, 399 complete and 0 interrupted iterations
saturation   [  42% ] 027/100 VUs  04m22.0s/10m30s  02.91 iters/s

running (04m23.0s), 029/100 VUs, 400 complete and 0 interrupted iterations
saturation   [  42% ] 029/100 VUs  04m23.0s/10m30s  02.92 iters/s

running (04m24.0s), 027/100 VUs, 405 complete and 0 interrupted iterations
saturation   [  42% ] 027/100 VUs  04m24.0s/10m30s  02.93 iters/s

running (04m25.0s), 030/100 VUs, 405 complete and 0 interrupted iterations
saturation   [  42% ] 030/100 VUs  04m25.0s/10m30s  02.95 iters/s

running (04m26.0s), 032/100 VUs, 405 complete and 0 interrupted iterations
saturation   [  42% ] 032/100 VUs  04m26.0s/10m30s  02.95 iters/s

running (04m27.0s), 028/100 VUs, 412 complete and 0 interrupted iterations
saturation   [  42% ] 028/100 VUs  04m27.0s/10m30s  02.96 iters/s

running (04m28.0s), 031/100 VUs, 412 complete and 0 interrupted iterations
saturation   [  43% ] 031/100 VUs  04m28.0s/10m30s  02.98 iters/s

running (04m29.0s), 034/100 VUs, 412 complete and 0 interrupted iterations
saturation   [  43% ] 034/100 VUs  04m29.0s/10m30s  02.99 iters/s

running (04m30.0s), 031/100 VUs, 418 complete and 0 interrupted iterations
saturation   [  43% ] 031/100 VUs  04m30.0s/10m30s  03.00 iters/s

running (04m31.0s), 032/100 VUs, 420 complete and 0 interrupted iterations
saturation   [  43% ] 032/100 VUs  04m31.0s/10m30s  03.02 iters/s

running (04m32.0s), 035/100 VUs, 420 complete and 0 interrupted iterations
saturation   [  43% ] 035/100 VUs  04m32.0s/10m30s  03.04 iters/s

running (04m33.0s), 038/100 VUs, 420 complete and 0 interrupted iterations
saturation   [  43% ] 038/100 VUs  04m33.0s/10m30s  03.06 iters/s

running (04m34.0s), 035/100 VUs, 427 complete and 0 interrupted iterations
saturation   [  43% ] 035/100 VUs  04m34.0s/10m30s  03.09 iters/s

running (04m35.0s), 035/100 VUs, 430 complete and 0 interrupted iterations
saturation   [  44% ] 035/100 VUs  04m35.0s/10m30s  03.11 iters/s

running (04m36.0s), 038/100 VUs, 430 complete and 0 interrupted iterations
saturation   [  44% ] 038/100 VUs  04m36.0s/10m30s  03.13 iters/s

running (04m37.0s), 040/100 VUs, 431 complete and 0 interrupted iterations
saturation   [  44% ] 040/100 VUs  04m37.0s/10m30s  03.16 iters/s

running (04m38.0s), 035/100 VUs, 439 complete and 0 interrupted iterations
saturation   [  44% ] 035/100 VUs  04m38.0s/10m30s  03.18 iters/s

running (04m39.0s), 038/100 VUs, 439 complete and 0 interrupted iterations
saturation   [  44% ] 038/100 VUs  04m39.0s/10m30s  03.20 iters/s

running (04m40.0s), 041/100 VUs, 439 complete and 0 interrupted iterations
saturation   [  44% ] 041/100 VUs  04m40.0s/10m30s  03.22 iters/s

running (04m41.0s), 039/100 VUs, 445 complete and 0 interrupted iterations
saturation   [  45% ] 039/100 VUs  04m41.0s/10m30s  03.25 iters/s

running (04m42.0s), 040/100 VUs, 447 complete and 0 interrupted iterations
saturation   [  45% ] 040/100 VUs  04m42.0s/10m30s  03.27 iters/s

running (04m43.0s), 040/100 VUs, 450 complete and 0 interrupted iterations
saturation   [  45% ] 040/100 VUs  04m43.0s/10m30s  03.29 iters/s

running (04m44.0s), 042/100 VUs, 452 complete and 0 interrupted iterations
saturation   [  45% ] 042/100 VUs  04m44.0s/10m30s  03.31 iters/s

running (04m45.0s), 045/100 VUs, 452 complete and 0 interrupted iterations
saturation   [  45% ] 045/100 VUs  04m45.0s/10m30s  03.33 iters/s

running (04m46.0s), 046/100 VUs, 454 complete and 0 interrupted iterations
saturation   [  45% ] 046/100 VUs  04m46.0s/10m30s  03.35 iters/s

running (04m47.0s), 044/100 VUs, 460 complete and 0 interrupted iterations
saturation   [  46% ] 044/100 VUs  04m47.0s/10m30s  03.38 iters/s

running (04m48.0s), 044/100 VUs, 463 complete and 0 interrupted iterations
saturation   [  46% ] 044/100 VUs  04m48.0s/10m30s  03.40 iters/s

running (04m49.0s), 047/100 VUs, 463 complete and 0 interrupted iterations
saturation   [  46% ] 047/100 VUs  04m49.0s/10m30s  03.42 iters/s

running (04m50.0s), 047/100 VUs, 467 complete and 0 interrupted iterations
saturation   [  46% ] 047/100 VUs  04m50.0s/10m30s  03.44 iters/s

running (04m51.0s), 045/100 VUs, 472 complete and 0 interrupted iterations
saturation   [  46% ] 045/100 VUs  04m51.0s/10m30s  03.46 iters/s

running (04m52.0s), 049/100 VUs, 472 complete and 0 interrupted iterations
saturation   [  46% ] 049/100 VUs  04m52.0s/10m30s  03.49 iters/s

running (04m53.0s), 052/100 VUs, 472 complete and 0 interrupted iterations
saturation   [  47% ] 052/100 VUs  04m53.0s/10m30s  03.51 iters/s

running (04m54.0s), 049/100 VUs, 479 complete and 0 interrupted iterations
saturation   [  47% ] 049/100 VUs  04m54.0s/10m30s  03.53 iters/s

running (04m55.0s), 052/100 VUs, 479 complete and 0 interrupted iterations
saturation   [  47% ] 052/100 VUs  04m55.0s/10m30s  03.55 iters/s

running (04m56.0s), 056/100 VUs, 479 complete and 0 interrupted iterations
saturation   [  47% ] 056/100 VUs  04m56.0s/10m30s  03.58 iters/s

running (04m57.0s), 059/100 VUs, 479 complete and 0 interrupted iterations
saturation   [  47% ] 059/100 VUs  04m57.0s/10m30s  03.60 iters/s

running (04m58.0s), 063/100 VUs, 479 complete and 0 interrupted iterations
saturation   [  47% ] 063/100 VUs  04m58.0s/10m30s  03.62 iters/s

running (04m59.0s), 064/100 VUs, 482 complete and 0 interrupted iterations
saturation   [  47% ] 064/100 VUs  04m59.0s/10m30s  03.65 iters/s

running (05m00.0s), 060/100 VUs, 489 complete and 0 interrupted iterations
saturation   [  48% ] 060/100 VUs  05m00.0s/10m30s  03.66 iters/s

running (05m01.0s), 064/100 VUs, 489 complete and 0 interrupted iterations
saturation   [  48% ] 064/100 VUs  05m01.0s/10m30s  03.69 iters/s

running (05m02.0s), 068/100 VUs, 489 complete and 0 interrupted iterations
saturation   [  48% ] 068/100 VUs  05m02.0s/10m30s  03.71 iters/s

running (05m03.0s), 069/100 VUs, 491 complete and 0 interrupted iterations
saturation   [  48% ] 069/100 VUs  05m03.0s/10m30s  03.73 iters/s

running (05m04.0s), 067/100 VUs, 497 complete and 0 interrupted iterations
saturation   [  48% ] 067/100 VUs  05m04.0s/10m30s  03.75 iters/s

running (05m05.0s), 068/100 VUs, 500 complete and 0 interrupted iterations
saturation   [  48% ] 068/100 VUs  05m05.0s/10m30s  03.78 iters/s

running (05m06.0s), 072/100 VUs, 500 complete and 0 interrupted iterations
saturation   [  49% ] 072/100 VUs  05m06.0s/10m30s  03.80 iters/s

running (05m07.0s), 071/100 VUs, 505 complete and 0 interrupted iterations
saturation   [  49% ] 071/100 VUs  05m07.0s/10m30s  03.82 iters/s

running (05m08.0s), 074/100 VUs, 505 complete and 0 interrupted iterations
saturation   [  49% ] 074/100 VUs  05m08.0s/10m30s  03.84 iters/s

running (05m09.0s), 076/100 VUs, 507 complete and 0 interrupted iterations
saturation   [  49% ] 076/100 VUs  05m09.0s/10m30s  03.86 iters/s

running (05m10.0s), 076/100 VUs, 511 complete and 0 interrupted iterations
saturation   [  49% ] 076/100 VUs  05m10.0s/10m30s  03.89 iters/s

running (05m11.0s), 079/100 VUs, 512 complete and 0 interrupted iterations
saturation   [  49% ] 079/100 VUs  05m11.0s/10m30s  03.91 iters/s

running (05m12.0s), 080/100 VUs, 515 complete and 0 interrupted iterations
saturation   [  50% ] 080/100 VUs  05m12.0s/10m30s  03.93 iters/s

running (05m13.0s), 083/100 VUs, 516 complete and 0 interrupted iterations
saturation   [  50% ] 083/100 VUs  05m13.0s/10m30s  03.96 iters/s

running (05m14.0s), 082/100 VUs, 521 complete and 0 interrupted iterations
saturation   [  50% ] 082/100 VUs  05m14.0s/10m30s  03.98 iters/s

running (05m15.0s), 085/100 VUs, 522 complete and 0 interrupted iterations
saturation   [  50% ] 085/100 VUs  05m15.0s/10m30s  04.00 iters/s

running (05m16.0s), 087/100 VUs, 524 complete and 0 interrupted iterations
saturation   [  50% ] 087/100 VUs  05m16.0s/10m30s  04.02 iters/s

running (05m17.0s), 089/100 VUs, 526 complete and 0 interrupted iterations
saturation   [  50% ] 089/100 VUs  05m17.0s/10m30s  04.04 iters/s

running (05m18.0s), 092/100 VUs, 527 complete and 0 interrupted iterations
saturation   [  50% ] 092/100 VUs  05m18.0s/10m30s  04.07 iters/s

running (05m19.0s), 096/100 VUs, 527 complete and 0 interrupted iterations
saturation   [  51% ] 096/100 VUs  05m19.0s/10m30s  04.09 iters/s

running (05m20.0s), 098/100 VUs, 529 complete and 0 interrupted iterations
saturation   [  51% ] 098/100 VUs  05m20.0s/10m30s  04.11 iters/s

running (05m21.0s), 099/100 VUs, 532 complete and 0 interrupted iterations
saturation   [  51% ] 099/100 VUs  05m21.0s/10m30s  04.13 iters/s

running (05m22.0s), 099/102 VUs, 534 complete and 0 interrupted iterations
saturation   [  51% ] 099/102 VUs  05m22.0s/10m30s  04.15 iters/s

running (05m23.0s), 103/103 VUs, 534 complete and 0 interrupted iterations
saturation   [  51% ] 103/103 VUs  05m23.0s/10m30s  04.18 iters/s

running (05m24.0s), 105/105 VUs, 534 complete and 0 interrupted iterations
saturation   [  51% ] 105/105 VUs  05m24.0s/10m30s  04.20 iters/s

running (05m25.0s), 107/107 VUs, 534 complete and 0 interrupted iterations
saturation   [  52% ] 107/107 VUs  05m25.0s/10m30s  04.22 iters/s

running (05m26.0s), 108/109 VUs, 535 complete and 0 interrupted iterations
saturation   [  52% ] 108/109 VUs  05m26.0s/10m30s  04.24 iters/s

running (05m27.0s), 109/109 VUs, 538 complete and 0 interrupted iterations
saturation   [  52% ] 109/109 VUs  05m27.0s/10m30s  04.26 iters/s

running (05m28.0s), 111/112 VUs, 538 complete and 0 interrupted iterations
saturation   [  52% ] 111/112 VUs  05m28.0s/10m30s  04.29 iters/s

running (05m29.0s), 113/114 VUs, 538 complete and 0 interrupted iterations
saturation   [  52% ] 113/114 VUs  05m29.0s/10m30s  04.31 iters/s

running (05m30.0s), 112/114 VUs, 543 complete and 0 interrupted iterations
saturation   [  52% ] 112/114 VUs  05m30.0s/10m30s  04.33 iters/s

running (05m31.0s), 115/115 VUs, 544 complete and 0 interrupted iterations
saturation   [  53% ] 115/115 VUs  05m31.0s/10m30s  04.36 iters/s

running (05m32.0s), 115/116 VUs, 547 complete and 0 interrupted iterations
saturation   [  53% ] 115/116 VUs  05m32.0s/10m30s  04.38 iters/s

running (05m33.0s), 114/118 VUs, 550 complete and 0 interrupted iterations
saturation   [  53% ] 114/118 VUs  05m33.0s/10m30s  04.40 iters/s

running (05m34.0s), 118/118 VUs, 551 complete and 0 interrupted iterations
saturation   [  53% ] 118/118 VUs  05m34.0s/10m30s  04.42 iters/s

running (05m35.0s), 120/120 VUs, 551 complete and 0 interrupted iterations
saturation   [  53% ] 120/120 VUs  05m35.0s/10m30s  04.44 iters/s

running (05m36.0s), 122/123 VUs, 551 complete and 0 interrupted iterations
saturation   [  53% ] 122/123 VUs  05m36.0s/10m30s  04.47 iters/s

running (05m37.0s), 124/125 VUs, 551 complete and 0 interrupted iterations
saturation   [  53% ] 124/125 VUs  05m37.0s/10m30s  04.49 iters/s

running (05m38.0s), 123/126 VUs, 556 complete and 0 interrupted iterations
saturation   [  54% ] 123/126 VUs  05m38.0s/10m30s  04.51 iters/s

running (05m39.0s), 124/126 VUs, 559 complete and 0 interrupted iterations
saturation   [  54% ] 124/126 VUs  05m39.0s/10m30s  04.53 iters/s

running (05m40.0s), 127/127 VUs, 560 complete and 0 interrupted iterations
saturation   [  54% ] 127/127 VUs  05m40.0s/10m30s  04.56 iters/s

running (05m41.0s), 125/129 VUs, 564 complete and 0 interrupted iterations
saturation   [  54% ] 125/129 VUs  05m41.0s/10m30s  04.58 iters/s

running (05m42.0s), 128/129 VUs, 566 complete and 0 interrupted iterations
saturation   [  54% ] 128/129 VUs  05m42.0s/10m30s  04.60 iters/s

running (05m43.0s), 131/131 VUs, 566 complete and 0 interrupted iterations
saturation   [  54% ] 131/131 VUs  05m43.0s/10m30s  04.62 iters/s

running (05m44.0s), 133/133 VUs, 566 complete and 0 interrupted iterations
saturation   [  55% ] 133/133 VUs  05m44.0s/10m30s  04.64 iters/s

running (05m45.0s), 135/136 VUs, 566 complete and 0 interrupted iterations
saturation   [  55% ] 135/136 VUs  05m45.0s/10m30s  04.67 iters/s

running (05m46.0s), 137/138 VUs, 566 complete and 0 interrupted iterations
saturation   [  55% ] 137/138 VUs  05m46.0s/10m30s  04.69 iters/s

running (05m47.0s), 140/140 VUs, 566 complete and 0 interrupted iterations
saturation   [  55% ] 140/140 VUs  05m47.0s/10m30s  04.71 iters/s

running (05m48.0s), 139/141 VUs, 571 complete and 0 interrupted iterations
saturation   [  55% ] 139/141 VUs  05m48.0s/10m30s  04.73 iters/s

running (05m49.0s), 142/143 VUs, 571 complete and 0 interrupted iterations
saturation   [  55% ] 142/143 VUs  05m49.0s/10m30s  04.76 iters/s

running (05m50.0s), 144/145 VUs, 571 complete and 0 interrupted iterations
saturation   [  56% ] 144/145 VUs  05m50.0s/10m30s  04.77 iters/s

running (05m51.0s), 147/147 VUs, 571 complete and 0 interrupted iterations
saturation   [  56% ] 147/147 VUs  05m51.0s/10m30s  04.80 iters/s

running (05m52.0s), 145/148 VUs, 577 complete and 0 interrupted iterations
saturation   [  56% ] 145/148 VUs  05m52.0s/10m30s  04.82 iters/s

running (05m53.0s), 144/148 VUs, 583 complete and 0 interrupted iterations
saturation   [  56% ] 144/148 VUs  05m53.0s/10m30s  04.84 iters/s

running (05m54.0s), 147/148 VUs, 585 complete and 0 interrupted iterations
saturation   [  56% ] 147/148 VUs  05m54.0s/10m30s  04.87 iters/s

running (05m55.0s), 148/149 VUs, 588 complete and 0 interrupted iterations
saturation   [  56% ] 148/149 VUs  05m55.0s/10m30s  04.89 iters/s

running (05m56.0s), 149/150 VUs, 590 complete and 0 interrupted iterations
saturation   [  57% ] 149/150 VUs  05m56.0s/10m30s  04.91 iters/s

running (05m57.0s), 152/152 VUs, 590 complete and 0 interrupted iterations
saturation   [  57% ] 152/152 VUs  05m57.0s/10m30s  04.93 iters/s

running (05m58.0s), 154/155 VUs, 590 complete and 0 interrupted iterations
saturation   [  57% ] 154/155 VUs  05m58.0s/10m30s  04.95 iters/s

running (05m59.0s), 153/156 VUs, 595 complete and 0 interrupted iterations
saturation   [  57% ] 153/156 VUs  05m59.0s/10m30s  04.98 iters/s

running (06m00.0s), 154/156 VUs, 599 complete and 0 interrupted iterations
saturation   [  57% ] 154/156 VUs  06m00.0s/10m30s  05.00 iters/s

running (06m01.0s), 157/158 VUs, 599 complete and 0 interrupted iterations
saturation   [  57% ] 157/158 VUs  06m01.0s/10m30s  05.03 iters/s

running (06m02.0s), 160/160 VUs, 599 complete and 0 interrupted iterations
saturation   [  57% ] 160/160 VUs  06m02.0s/10m30s  05.06 iters/s

running (06m03.0s), 162/163 VUs, 599 complete and 0 interrupted iterations
saturation   [  58% ] 162/163 VUs  06m03.0s/10m30s  05.10 iters/s

running (06m04.0s), 163/164 VUs, 603 complete and 0 interrupted iterations
saturation   [  58% ] 163/164 VUs  06m04.0s/10m30s  05.13 iters/s

running (06m05.0s), 162/164 VUs, 609 complete and 0 interrupted iterations
saturation   [  58% ] 162/164 VUs  06m05.0s/10m30s  05.17 iters/s

running (06m06.0s), 163/164 VUs, 613 complete and 0 interrupted iterations
saturation   [  58% ] 163/164 VUs  06m06.0s/10m30s  05.20 iters/s

running (06m07.0s), 166/166 VUs, 613 complete and 0 interrupted iterations
saturation   [  58% ] 166/166 VUs  06m07.0s/10m30s  05.23 iters/s

running (06m08.0s), 168/168 VUs, 614 complete and 0 interrupted iterations
saturation   [  58% ] 168/168 VUs  06m08.0s/10m30s  05.26 iters/s

running (06m09.0s), 167/169 VUs, 620 complete and 0 interrupted iterations
saturation   [  59% ] 167/169 VUs  06m09.0s/10m30s  05.30 iters/s

running (06m10.0s), 170/170 VUs, 621 complete and 0 interrupted iterations
saturation   [  59% ] 170/170 VUs  06m10.0s/10m30s  05.33 iters/s

running (06m11.0s), 172/173 VUs, 621 complete and 0 interrupted iterations
saturation   [  59% ] 172/173 VUs  06m11.0s/10m30s  05.36 iters/s

running (06m12.0s), 175/176 VUs, 621 complete and 0 interrupted iterations
saturation   [  59% ] 175/176 VUs  06m12.0s/10m30s  05.40 iters/s

running (06m13.0s), 173/176 VUs, 628 complete and 0 interrupted iterations
saturation   [  59% ] 173/176 VUs  06m13.0s/10m30s  05.43 iters/s

running (06m14.0s), 173/176 VUs, 634 complete and 0 interrupted iterations
saturation   [  59% ] 173/176 VUs  06m14.0s/10m30s  05.47 iters/s

running (06m15.0s), 177/177 VUs, 634 complete and 0 interrupted iterations
saturation   [  60% ] 177/177 VUs  06m15.0s/10m30s  05.50 iters/s

running (06m16.0s), 180/180 VUs, 634 complete and 0 interrupted iterations
saturation   [  60% ] 180/180 VUs  06m16.0s/10m30s  05.53 iters/s

running (06m17.0s), 182/183 VUs, 634 complete and 0 interrupted iterations
saturation   [  60% ] 182/183 VUs  06m17.0s/10m30s  05.56 iters/s

running (06m18.0s), 181/184 VUs, 640 complete and 0 interrupted iterations
saturation   [  60% ] 181/184 VUs  06m18.0s/10m30s  05.60 iters/s

running (06m19.0s), 181/184 VUs, 645 complete and 0 interrupted iterations
saturation   [  60% ] 181/184 VUs  06m19.0s/10m30s  05.63 iters/s

running (06m20.0s), 184/184 VUs, 648 complete and 0 interrupted iterations
saturation   [  60% ] 184/184 VUs  06m20.0s/10m30s  05.67 iters/s

running (06m21.0s), 185/186 VUs, 651 complete and 0 interrupted iterations
saturation   [  60% ] 185/186 VUs  06m21.0s/10m30s  05.70 iters/s

running (06m22.0s), 187/187 VUs, 653 complete and 0 interrupted iterations
saturation   [  61% ] 187/187 VUs  06m22.0s/10m30s  05.73 iters/s

running (06m23.0s), 189/189 VUs, 655 complete and 0 interrupted iterations
saturation   [  61% ] 189/189 VUs  06m23.0s/10m30s  05.76 iters/s

running (06m24.0s), 189/192 VUs, 658 complete and 0 interrupted iterations
saturation   [  61% ] 189/192 VUs  06m24.0s/10m30s  05.80 iters/s

running (06m25.0s), 191/192 VUs, 662 complete and 0 interrupted iterations
saturation   [  61% ] 191/192 VUs  06m25.0s/10m30s  05.83 iters/s

running (06m26.0s), 191/193 VUs, 667 complete and 0 interrupted iterations
saturation   [  61% ] 191/193 VUs  06m26.0s/10m30s  05.87 iters/s

running (06m27.0s), 193/195 VUs, 668 complete and 0 interrupted iterations
saturation   [  61% ] 193/195 VUs  06m27.0s/10m30s  05.90 iters/s

running (06m28.0s), 195/196 VUs, 671 complete and 0 interrupted iterations
saturation   [  62% ] 195/196 VUs  06m28.0s/10m30s  05.93 iters/s

running (06m29.0s), 197/197 VUs, 674 complete and 0 interrupted iterations
saturation   [  62% ] 197/197 VUs  06m29.0s/10m30s  05.96 iters/s

running (06m30.0s), 198/199 VUs, 677 complete and 0 interrupted iterations
saturation   [  62% ] 198/199 VUs  06m30.0s/10m30s  06.00 iters/s

running (06m31.0s), 200/201 VUs, 679 complete and 0 interrupted iterations
saturation   [  62% ] 200/201 VUs  06m31.0s/10m30s  06.03 iters/s

running (06m32.0s), 198/202 VUs, 686 complete and 0 interrupted iterations
saturation   [  62% ] 198/202 VUs  06m32.0s/10m30s  06.06 iters/s

running (06m33.0s), 195/202 VUs, 695 complete and 0 interrupted iterations
saturation   [  62% ] 195/202 VUs  06m33.0s/10m30s  06.10 iters/s

running (06m34.0s), 196/202 VUs, 701 complete and 0 interrupted iterations
saturation   [  63% ] 196/202 VUs  06m34.0s/10m30s  06.13 iters/s

running (06m35.0s), 198/202 VUs, 705 complete and 0 interrupted iterations
saturation   [  63% ] 198/202 VUs  06m35.0s/10m30s  06.17 iters/s

running (06m36.0s), 201/202 VUs, 708 complete and 0 interrupted iterations
saturation   [  63% ] 201/202 VUs  06m36.0s/10m30s  06.20 iters/s

running (06m37.0s), 199/204 VUs, 714 complete and 0 interrupted iterations
saturation   [  63% ] 199/204 VUs  06m37.0s/10m30s  06.23 iters/s

running (06m38.0s), 201/204 VUs, 718 complete and 0 interrupted iterations
saturation   [  63% ] 201/204 VUs  06m38.0s/10m30s  06.26 iters/s

running (06m39.0s), 204/205 VUs, 721 complete and 0 interrupted iterations
saturation   [  63% ] 204/205 VUs  06m39.0s/10m30s  06.30 iters/s

running (06m40.0s), 203/206 VUs, 727 complete and 0 interrupted iterations
saturation   [  63% ] 203/206 VUs  06m40.0s/10m30s  06.33 iters/s

running (06m41.0s), 201/206 VUs, 735 complete and 0 interrupted iterations
saturation   [  64% ] 201/206 VUs  06m41.0s/10m30s  06.36 iters/s

running (06m42.0s), 205/206 VUs, 738 complete and 0 interrupted iterations
saturation   [  64% ] 205/206 VUs  06m42.0s/10m30s  06.40 iters/s

running (06m43.0s), 205/206 VUs, 744 complete and 0 interrupted iterations
saturation   [  64% ] 205/206 VUs  06m43.0s/10m30s  06.43 iters/s

running (06m44.0s), 205/207 VUs, 749 complete and 0 interrupted iterations
saturation   [  64% ] 205/207 VUs  06m44.0s/10m30s  06.46 iters/s

running (06m45.0s), 209/209 VUs, 750 complete and 0 interrupted iterations
saturation   [  64% ] 209/209 VUs  06m45.0s/10m30s  06.50 iters/s

running (06m46.0s), 208/210 VUs, 756 complete and 0 interrupted iterations
saturation   [  64% ] 208/210 VUs  06m46.0s/10m30s  06.53 iters/s

running (06m47.0s), 211/212 VUs, 758 complete and 0 interrupted iterations
saturation   [  65% ] 211/212 VUs  06m47.0s/10m30s  06.57 iters/s

running (06m48.0s), 213/213 VUs, 762 complete and 0 interrupted iterations
saturation   [  65% ] 213/213 VUs  06m48.0s/10m30s  06.60 iters/s

running (06m49.0s), 216/216 VUs, 762 complete and 0 interrupted iterations
saturation   [  65% ] 216/216 VUs  06m49.0s/10m30s  06.63 iters/s

running (06m50.0s), 215/217 VUs, 769 complete and 0 interrupted iterations
saturation   [  65% ] 215/217 VUs  06m50.0s/10m30s  06.67 iters/s

running (06m51.0s), 218/218 VUs, 772 complete and 0 interrupted iterations
saturation   [  65% ] 218/218 VUs  06m51.0s/10m30s  06.70 iters/s

running (06m52.0s), 220/220 VUs, 774 complete and 0 interrupted iterations
saturation   [  65% ] 220/220 VUs  06m52.0s/10m30s  06.73 iters/s

running (06m53.0s), 222/222 VUs, 777 complete and 0 interrupted iterations
saturation   [  66% ] 222/222 VUs  06m53.0s/10m30s  06.77 iters/s

running (06m54.0s), 222/224 VUs, 782 complete and 0 interrupted iterations
saturation   [  66% ] 222/224 VUs  06m54.0s/10m30s  06.80 iters/s

running (06m55.0s), 225/226 VUs, 784 complete and 0 interrupted iterations
saturation   [  66% ] 225/226 VUs  06m55.0s/10m30s  06.83 iters/s

running (06m56.0s), 227/228 VUs, 786 complete and 0 interrupted iterations
saturation   [  66% ] 227/228 VUs  06m56.0s/10m30s  06.86 iters/s

running (06m57.0s), 229/229 VUs, 790 complete and 0 interrupted iterations
saturation   [  66% ] 229/229 VUs  06m57.0s/10m30s  06.90 iters/s

running (06m58.0s), 231/232 VUs, 792 complete and 0 interrupted iterations
saturation   [  66% ] 231/232 VUs  06m58.0s/10m30s  06.93 iters/s

running (06m59.0s), 232/234 VUs, 796 complete and 0 interrupted iterations
saturation   [  67% ] 232/234 VUs  06m59.0s/10m30s  06.96 iters/s

running (07m00.0s), 235/236 VUs, 798 complete and 0 interrupted iterations
saturation   [  67% ] 235/236 VUs  07m00.0s/10m30s  07.00 iters/s

running (07m01.0s), 237/238 VUs, 801 complete and 0 interrupted iterations
saturation   [  67% ] 237/238 VUs  07m01.0s/10m30s  07.03 iters/s

running (07m02.0s), 240/240 VUs, 803 complete and 0 interrupted iterations
saturation   [  67% ] 240/240 VUs  07m02.0s/10m30s  07.06 iters/s

running (07m03.0s), 242/242 VUs, 806 complete and 0 interrupted iterations
saturation   [  67% ] 242/242 VUs  07m03.0s/10m30s  07.10 iters/s

running (07m04.0s), 243/244 VUs, 810 complete and 0 interrupted iterations
saturation   [  67% ] 243/244 VUs  07m04.0s/10m30s  07.13 iters/s

running (07m05.0s), 245/246 VUs, 814 complete and 0 interrupted iterations
saturation   [  67% ] 245/246 VUs  07m05.0s/10m30s  07.17 iters/s

running (07m06.0s), 248/248 VUs, 816 complete and 0 interrupted iterations
saturation   [  68% ] 248/248 VUs  07m06.0s/10m30s  07.20 iters/s

running (07m07.0s), 250/250 VUs, 819 complete and 0 interrupted iterations
saturation   [  68% ] 250/250 VUs  07m07.0s/10m30s  07.23 iters/s

running (07m08.0s), 252/252 VUs, 822 complete and 0 interrupted iterations
saturation   [  68% ] 252/252 VUs  07m08.0s/10m30s  07.26 iters/s

running (07m09.0s), 254/255 VUs, 825 complete and 0 interrupted iterations
saturation   [  68% ] 254/255 VUs  07m09.0s/10m30s  07.30 iters/s

running (07m10.0s), 256/257 VUs, 828 complete and 0 interrupted iterations
saturation   [  68% ] 256/257 VUs  07m10.0s/10m30s  07.33 iters/s

running (07m11.0s), 256/259 VUs, 833 complete and 0 interrupted iterations
saturation   [  68% ] 256/259 VUs  07m11.0s/10m30s  07.36 iters/s

running (07m12.0s), 261/262 VUs, 833 complete and 0 interrupted iterations
saturation   [  69% ] 261/262 VUs  07m12.0s/10m30s  07.40 iters/s

running (07m13.0s), 263/264 VUs, 836 complete and 0 interrupted iterations
saturation   [  69% ] 263/264 VUs  07m13.0s/10m30s  07.43 iters/s

running (07m14.0s), 264/265 VUs, 841 complete and 0 interrupted iterations
saturation   [  69% ] 264/265 VUs  07m14.0s/10m30s  07.46 iters/s

running (07m15.0s), 267/268 VUs, 843 complete and 0 interrupted iterations
saturation   [  69% ] 267/268 VUs  07m15.0s/10m30s  07.50 iters/s

running (07m16.0s), 268/270 VUs, 847 complete and 0 interrupted iterations
saturation   [  69% ] 268/270 VUs  07m16.0s/10m30s  07.53 iters/s

running (07m17.0s), 272/273 VUs, 848 complete and 0 interrupted iterations
saturation   [  69% ] 272/273 VUs  07m17.0s/10m30s  07.57 iters/s

running (07m18.0s), 274/274 VUs, 853 complete and 0 interrupted iterations
saturation   [  70% ] 274/274 VUs  07m18.0s/10m30s  07.60 iters/s

running (07m19.0s), 276/277 VUs, 855 complete and 0 interrupted iterations
saturation   [  70% ] 276/277 VUs  07m19.0s/10m30s  07.63 iters/s

running (07m20.0s), 278/279 VUs, 859 complete and 0 interrupted iterations
saturation   [  70% ] 278/279 VUs  07m20.0s/10m30s  07.67 iters/s

running (07m21.0s), 280/281 VUs, 863 complete and 0 interrupted iterations
saturation   [  70% ] 280/281 VUs  07m21.0s/10m30s  07.70 iters/s

running (07m22.0s), 283/283 VUs, 865 complete and 0 interrupted iterations
saturation   [  70% ] 283/283 VUs  07m22.0s/10m30s  07.73 iters/s

running (07m23.0s), 285/286 VUs, 868 complete and 0 interrupted iterations
saturation   [  70% ] 285/286 VUs  07m23.0s/10m30s  07.77 iters/s

running (07m24.0s), 287/288 VUs, 872 complete and 0 interrupted iterations
saturation   [  70% ] 287/288 VUs  07m24.0s/10m30s  07.80 iters/s

running (07m25.0s), 290/291 VUs, 874 complete and 0 interrupted iterations
saturation   [  71% ] 290/291 VUs  07m25.0s/10m30s  07.83 iters/s

running (07m26.0s), 292/292 VUs, 878 complete and 0 interrupted iterations
saturation   [  71% ] 292/292 VUs  07m26.0s/10m30s  07.86 iters/s

running (07m27.0s), 294/295 VUs, 881 complete and 0 interrupted iterations
saturation   [  71% ] 294/295 VUs  07m27.0s/10m30s  07.90 iters/s

running (07m28.0s), 296/297 VUs, 885 complete and 0 interrupted iterations
saturation   [  71% ] 296/297 VUs  07m28.0s/10m30s  07.93 iters/s

running (07m29.0s), 299/300 VUs, 887 complete and 0 interrupted iterations
saturation   [  71% ] 299/300 VUs  07m29.0s/10m30s  07.96 iters/s

running (07m30.0s), 300/302 VUs, 892 complete and 0 interrupted iterations
saturation   [  71% ] 300/302 VUs  07m30.0s/10m30s  08.00 iters/s

running (07m31.0s), 303/304 VUs, 895 complete and 0 interrupted iterations
saturation   [  72% ] 303/304 VUs  07m31.0s/10m30s  08.04 iters/s

running (07m32.0s), 307/307 VUs, 896 complete and 0 interrupted iterations
saturation   [  72% ] 307/307 VUs  07m32.0s/10m30s  08.09 iters/s

running (07m33.0s), 309/309 VUs, 900 complete and 0 interrupted iterations
saturation   [  72% ] 309/309 VUs  07m33.0s/10m30s  08.13 iters/s

running (07m34.0s), 311/311 VUs, 904 complete and 0 interrupted iterations
saturation   [  72% ] 311/311 VUs  07m34.0s/10m30s  08.18 iters/s

running (07m35.0s), 313/315 VUs, 907 complete and 0 interrupted iterations
saturation   [  72% ] 313/315 VUs  07m35.0s/10m30s  08.22 iters/s

running (07m36.0s), 317/317 VUs, 909 complete and 0 interrupted iterations
saturation   [  72% ] 317/317 VUs  07m36.0s/10m30s  08.27 iters/s

running (07m37.0s), 320/320 VUs, 911 complete and 0 interrupted iterations
saturation   [  73% ] 320/320 VUs  07m37.0s/10m30s  08.31 iters/s

running (07m38.0s), 322/322 VUs, 916 complete and 0 interrupted iterations
saturation   [  73% ] 322/322 VUs  07m38.0s/10m30s  08.36 iters/s

running (07m39.0s), 324/325 VUs, 919 complete and 0 interrupted iterations
saturation   [  73% ] 324/325 VUs  07m39.0s/10m30s  08.40 iters/s

running (07m40.0s), 327/327 VUs, 922 complete and 0 interrupted iterations
saturation   [  73% ] 327/327 VUs  07m40.0s/10m30s  08.44 iters/s

running (07m41.0s), 330/330 VUs, 925 complete and 0 interrupted iterations
saturation   [  73% ] 330/330 VUs  07m41.0s/10m30s  08.49 iters/s

running (07m42.0s), 331/333 VUs, 929 complete and 0 interrupted iterations
saturation   [  73% ] 331/333 VUs  07m42.0s/10m30s  08.53 iters/s

running (07m43.0s), 335/336 VUs, 931 complete and 0 interrupted iterations
saturation   [  73% ] 335/336 VUs  07m43.0s/10m30s  08.58 iters/s

running (07m44.0s), 338/338 VUs, 934 complete and 0 interrupted iterations
saturation   [  74% ] 338/338 VUs  07m44.0s/10m30s  08.62 iters/s

running (07m45.0s), 341/341 VUs, 937 complete and 0 interrupted iterations
saturation   [  74% ] 341/341 VUs  07m45.0s/10m30s  08.66 iters/s

running (07m46.0s), 343/344 VUs, 941 complete and 0 interrupted iterations
saturation   [  74% ] 343/344 VUs  07m46.0s/10m30s  08.71 iters/s

running (07m47.0s), 347/348 VUs, 942 complete and 0 interrupted iterations
saturation   [  74% ] 347/348 VUs  07m47.0s/10m30s  08.76 iters/s

running (07m48.0s), 349/350 VUs, 946 complete and 0 interrupted iterations
saturation   [  74% ] 349/350 VUs  07m48.0s/10m30s  08.80 iters/s

running (07m49.0s), 352/352 VUs, 950 complete and 0 interrupted iterations
saturation   [  74% ] 352/352 VUs  07m49.0s/10m30s  08.84 iters/s

running (07m50.0s), 355/355 VUs, 953 complete and 0 interrupted iterations
saturation   [  75% ] 355/355 VUs  07m50.0s/10m30s  08.89 iters/s

running (07m51.0s), 358/359 VUs, 955 complete and 0 interrupted iterations
saturation   [  75% ] 358/359 VUs  07m51.0s/10m30s  08.93 iters/s

running (07m52.0s), 361/361 VUs, 959 complete and 0 interrupted iterations
saturation   [  75% ] 361/361 VUs  07m52.0s/10m30s  08.98 iters/s

running (07m53.0s), 363/364 VUs, 963 complete and 0 interrupted iterations
saturation   [  75% ] 363/364 VUs  07m53.0s/10m30s  09.02 iters/s

running (07m54.0s), 367/368 VUs, 964 complete and 0 interrupted iterations
saturation   [  75% ] 367/368 VUs  07m54.0s/10m30s  09.07 iters/s

running (07m55.0s), 370/370 VUs, 968 complete and 0 interrupted iterations
saturation   [  75% ] 370/370 VUs  07m55.0s/10m30s  09.11 iters/s

running (07m56.0s), 373/374 VUs, 970 complete and 0 interrupted iterations
saturation   [  76% ] 373/374 VUs  07m56.0s/10m30s  09.15 iters/s

running (07m57.0s), 376/376 VUs, 974 complete and 0 interrupted iterations
saturation   [  76% ] 376/376 VUs  07m57.0s/10m30s  09.20 iters/s

running (07m58.0s), 380/380 VUs, 976 complete and 0 interrupted iterations
saturation   [  76% ] 380/380 VUs  07m58.0s/10m30s  09.24 iters/s

running (07m59.0s), 382/382 VUs, 981 complete and 0 interrupted iterations
saturation   [  76% ] 382/382 VUs  07m59.0s/10m30s  09.29 iters/s

running (08m00.0s), 386/386 VUs, 982 complete and 0 interrupted iterations
saturation   [  76% ] 386/386 VUs  08m00.0s/10m30s  09.33 iters/s

running (08m01.0s), 388/389 VUs, 986 complete and 0 interrupted iterations
saturation   [  76% ] 388/389 VUs  08m01.0s/10m30s  09.37 iters/s

running (08m02.0s), 391/392 VUs, 990 complete and 0 interrupted iterations
saturation   [  77% ] 391/392 VUs  08m02.0s/10m30s  09.42 iters/s

running (08m03.0s), 395/395 VUs, 992 complete and 0 interrupted iterations
saturation   [  77% ] 395/395 VUs  08m03.0s/10m30s  09.46 iters/s

running (08m04.0s), 396/399 VUs, 997 complete and 0 interrupted iterations
saturation   [  77% ] 396/399 VUs  08m04.0s/10m30s  09.51 iters/s

running (08m05.0s), 401/401 VUs, 999 complete and 0 interrupted iterations
saturation   [  77% ] 401/401 VUs  08m05.0s/10m30s  09.55 iters/s

running (08m06.0s), 404/405 VUs, 1002 complete and 0 interrupted iterations
saturation   [  77% ] 404/405 VUs  08m06.0s/10m30s  09.60 iters/s

running (08m07.0s), 408/408 VUs, 1005 complete and 0 interrupted iterations
saturation   [  77% ] 408/408 VUs  08m07.0s/10m30s  09.64 iters/s

running (08m08.0s), 411/411 VUs, 1008 complete and 0 interrupted iterations
saturation   [  77% ] 411/411 VUs  08m08.0s/10m30s  09.69 iters/s

running (08m09.0s), 414/414 VUs, 1012 complete and 0 interrupted iterations
saturation   [  78% ] 414/414 VUs  08m09.0s/10m30s  09.73 iters/s

running (08m10.0s), 417/418 VUs, 1015 complete and 0 interrupted iterations
saturation   [  78% ] 417/418 VUs  08m10.0s/10m30s  09.78 iters/s

running (08m11.0s), 420/421 VUs, 1018 complete and 0 interrupted iterations
saturation   [  78% ] 420/421 VUs  08m11.0s/10m30s  09.82 iters/s

running (08m12.0s), 424/424 VUs, 1021 complete and 0 interrupted iterations
saturation   [  78% ] 424/424 VUs  08m12.0s/10m30s  09.86 iters/s

running (08m13.0s), 427/428 VUs, 1024 complete and 0 interrupted iterations
saturation   [  78% ] 427/428 VUs  08m13.0s/10m30s  09.91 iters/s

running (08m14.0s), 430/431 VUs, 1028 complete and 0 interrupted iterations
saturation   [  78% ] 430/431 VUs  08m14.0s/10m30s  09.95 iters/s

running (08m15.0s), 434/434 VUs, 1031 complete and 0 interrupted iterations
saturation   [  79% ] 434/434 VUs  08m15.0s/10m30s  10.00 iters/s

running (08m16.0s), 437/438 VUs, 1034 complete and 0 interrupted iterations
saturation   [  79% ] 437/438 VUs  08m16.0s/10m30s  10.04 iters/s

running (08m17.0s), 440/441 VUs, 1038 complete and 0 interrupted iterations
saturation   [  79% ] 440/441 VUs  08m17.0s/10m30s  10.09 iters/s

running (08m18.0s), 443/445 VUs, 1041 complete and 0 interrupted iterations
saturation   [  79% ] 443/445 VUs  08m18.0s/10m30s  10.13 iters/s

running (08m19.0s), 447/448 VUs, 1044 complete and 0 interrupted iterations
saturation   [  79% ] 447/448 VUs  08m19.0s/10m30s  10.17 iters/s

running (08m20.0s), 450/452 VUs, 1048 complete and 0 interrupted iterations
saturation   [  79% ] 450/452 VUs  08m20.0s/10m30s  10.22 iters/s

running (08m21.0s), 455/455 VUs, 1050 complete and 0 interrupted iterations
saturation   [  80% ] 455/455 VUs  08m21.0s/10m30s  10.27 iters/s
time="2026-08-02T18:35:53Z" level=warning msg="Request Failed" error="Post \"http://localhost:29010/management/v3/catalog/request\": request timeout"
time="2026-08-02T18:35:54Z" level=warning msg="Request Failed" error="Post \"http://localhost:29010/management/v3/catalog/request\": request timeout"
time="2026-08-02T18:35:54Z" level=warning msg="Request Failed" error="Post \"http://localhost:29010/management/v3/catalog/request\": request timeout"

running (08m22.0s), 456/457 VUs, 1057 complete and 0 interrupted iterations
saturation   [  80% ] 456/457 VUs  08m22.0s/10m30s  10.31 iters/s
time="2026-08-02T18:35:54Z" level=warning msg="Request Failed" error="Post \"http://localhost:29010/management/v3/catalog/request\": request timeout"
time="2026-08-02T18:35:54Z" level=warning msg="Request Failed" error="Post \"http://localhost:29010/management/v3/catalog/request\": request timeout"
time="2026-08-02T18:35:54Z" level=warning msg="Request Failed" error="Post \"http://localhost:29010/management/v3/catalog/request\": request timeout"
time="2026-08-02T18:35:55Z" level=warning msg="Request Failed" error="Post \"http://localhost:29010/management/v3/catalog/request\": request timeout"

running (08m23.0s), 458/458 VUs, 1064 complete and 0 interrupted iterations
saturation   [  80% ] 458/458 VUs  08m23.0s/10m30s  10.35 iters/s
time="2026-08-02T18:35:55Z" level=warning msg="Request Failed" error="Post \"http://localhost:29010/management/v3/catalog/request\": request timeout"
time="2026-08-02T18:35:55Z" level=warning msg="Request Failed" error="Post \"http://localhost:29010/management/v3/catalog/request\": request timeout"
time="2026-08-02T18:35:55Z" level=warning msg="Request Failed" error="Post \"http://localhost:29010/management/v3/catalog/request\": request timeout"
time="2026-08-02T18:35:55Z" level=warning msg="Request Failed" error="Post \"http://localhost:29010/management/v3/catalog/request\": request timeout"
time="2026-08-02T18:35:56Z" level=warning msg="Request Failed" error="Post \"http://localhost:29010/management/v3/catalog/request\": request timeout"
time="2026-08-02T18:35:56Z" level=warning msg="Request Failed" error="Post \"http://localhost:29010/management/v3/catalog/request\": request timeout"

running (08m24.0s), 458/460 VUs, 1073 complete and 0 interrupted iterations
saturation   [  80% ] 458/460 VUs  08m24.0s/10m30s  10.40 iters/s
time="2026-08-02T18:35:56Z" level=warning msg="Request Failed" error="Post \"http://localhost:29010/management/v3/catalog/request\": request timeout"
time="2026-08-02T18:35:56Z" level=warning msg="Request Failed" error="Post \"http://localhost:29010/management/v3/catalog/request\": request timeout"
time="2026-08-02T18:35:56Z" level=warning msg="Request Failed" error="Post \"http://localhost:29010/management/v3/catalog/request\": request timeout"
time="2026-08-02T18:35:57Z" level=warning msg="Request Failed" error="Post \"http://localhost:29010/management/v3/catalog/request\": request timeout"
time="2026-08-02T18:35:57Z" level=warning msg="Request Failed" error="Post \"http://localhost:29010/management/v3/catalog/request\": request timeout"

running (08m25.0s), 460/461 VUs, 1080 complete and 0 interrupted iterations
saturation   [  80% ] 460/461 VUs  08m25.0s/10m30s  10.44 iters/s
time="2026-08-02T18:35:57Z" level=warning msg="Request Failed" error="Post \"http://localhost:29010/management/v3/catalog/request\": request timeout"
time="2026-08-02T18:35:57Z" level=warning msg="Request Failed" error="Post \"http://localhost:29010/management/v3/catalog/request\": request timeout"
time="2026-08-02T18:35:57Z" level=warning msg="Request Failed" error="Post \"http://localhost:29010/management/v3/catalog/request\": request timeout"
time="2026-08-02T18:35:57Z" level=warning msg="Request Failed" error="Post \"http://localhost:29010/management/v3/catalog/request\": request timeout"
time="2026-08-02T18:35:58Z" level=warning msg="Request Failed" error="Post \"http://localhost:29010/management/v3/catalog/request\": request timeout"
time="2026-08-02T18:35:58Z" level=warning msg="Request Failed" error="Post \"http://localhost:29010/management/v3/catalog/request\": request timeout"

running (08m26.0s), 460/462 VUs, 1090 complete and 0 interrupted iterations
saturation   [  80% ] 460/462 VUs  08m26.0s/10m30s  10.49 iters/s
time="2026-08-02T18:35:58Z" level=warning msg="Request Failed" error="Post \"http://localhost:29010/management/v3/catalog/request\": request timeout"
time="2026-08-02T18:35:58Z" level=warning msg="Request Failed" error="Post \"http://localhost:29010/management/v3/catalog/request\": request timeout"
time="2026-08-02T18:35:58Z" level=warning msg="Request Failed" error="Post \"http://localhost:29010/management/v3/catalog/request\": request timeout"
time="2026-08-02T18:35:59Z" level=warning msg="Request Failed" error="Post \"http://localhost:29010/management/v3/catalog/request\": request timeout"
time="2026-08-02T18:35:59Z" level=warning msg="Request Failed" error="Post \"http://localhost:29010/management/v3/catalog/request\": request timeout"

running (08m27.0s), 461/462 VUs, 1099 complete and 0 interrupted iterations
saturation   [  80% ] 461/462 VUs  08m27.0s/10m30s  10.53 iters/s
time="2026-08-02T18:35:59Z" level=warning msg="Request Failed" error="Post \"http://localhost:29010/management/v3/catalog/request\": request timeout"
time="2026-08-02T18:35:59Z" level=warning msg="Request Failed" error="Post \"http://localhost:29010/management/v3/catalog/request\": request timeout"
time="2026-08-02T18:35:59Z" level=warning msg="Request Failed" error="Post \"http://localhost:29010/management/v3/catalog/request\": request timeout"
time="2026-08-02T18:35:59Z" level=warning msg="Request Failed" error="Post \"http://localhost:29010/management/v3/catalog/request\": request timeout"
time="2026-08-02T18:36:00Z" level=warning msg="Request Failed" error="Post \"http://localhost:29010/management/v3/catalog/request\": request timeout"
time="2026-08-02T18:36:00Z" level=warning msg="Request Failed" error="Post \"http://localhost:29010/management/v3/catalog/request\": request timeout"

running (08m28.0s), 463/464 VUs, 1106 complete and 0 interrupted iterations
saturation   [  81% ] 463/464 VUs  08m28.0s/10m30s  10.58 iters/s
time="2026-08-02T18:36:00Z" level=warning msg="Request Failed" error="Post \"http://localhost:29010/management/v3/catalog/request\": request timeout"
time="2026-08-02T18:36:00Z" level=warning msg="Request Failed" error="Post \"http://localhost:29010/management/v3/catalog/request\": request timeout"
time="2026-08-02T18:36:00Z" level=warning msg="Request Failed" error="Post \"http://localhost:29010/management/v3/catalog/request\": request timeout"
time="2026-08-02T18:36:01Z" level=warning msg="Request Failed" error="Post \"http://localhost:29010/management/v3/catalog/request\": request timeout"
time="2026-08-02T18:36:01Z" level=warning msg="Request Failed" error="Post \"http://localhost:29010/management/v3/catalog/request\": request timeout"

running (08m29.0s), 465/466 VUs, 1112 complete and 0 interrupted iterations
saturation   [  81% ] 465/466 VUs  08m29.0s/10m30s  10.62 iters/s
time="2026-08-02T18:36:01Z" level=warning msg="Request Failed" error="Post \"http://localhost:29010/management/v3/catalog/request\": request timeout"
time="2026-08-02T18:36:01Z" level=warning msg="Request Failed" error="Post \"http://localhost:29010/management/v3/catalog/request\": request timeout"
time="2026-08-02T18:36:01Z" level=warning msg="Request Failed" error="Post \"http://localhost:29010/management/v3/catalog/request\": request timeout"
time="2026-08-02T18:36:01Z" level=warning msg="Request Failed" error="Post \"http://localhost:29010/management/v3/catalog/request\": request timeout"
time="2026-08-02T18:36:02Z" level=warning msg="Request Failed" error="Post \"http://localhost:29010/management/v3/catalog/request\": request timeout"
time="2026-08-02T18:36:02Z" level=warning msg="Request Failed" error="Post \"http://localhost:29010/management/v3/catalog/request\": request timeout"

running (08m30.0s), 462/467 VUs, 1125 complete and 0 interrupted iterations
saturation   [  81% ] 462/467 VUs  08m30.0s/10m30s  10.66 iters/s
time="2026-08-02T18:36:02Z" level=warning msg="Request Failed" error="Post \"http://localhost:29010/management/v3/catalog/request\": request timeout"
time="2026-08-02T18:36:02Z" level=warning msg="Request Failed" error="Post \"http://localhost:29010/management/v3/catalog/request\": request timeout"
time="2026-08-02T18:36:02Z" level=warning msg="Request Failed" error="Post \"http://localhost:29010/management/v3/catalog/request\": request timeout"
time="2026-08-02T18:36:03Z" level=warning msg="Request Failed" error="Post \"http://localhost:29010/management/v3/catalog/request\": request timeout"
time="2026-08-02T18:36:03Z" level=warning msg="Request Failed" error="Post \"http://localhost:29010/management/v3/catalog/request\": request timeout"
time="2026-08-02T18:36:03Z" level=warning msg="Request Failed" error="Post \"http://localhost:29010/management/v3/catalog/request\": request timeout"

running (08m31.0s), 466/467 VUs, 1132 complete and 0 interrupted iterations
saturation   [  81% ] 466/467 VUs  08m31.0s/10m30s  10.71 iters/s
time="2026-08-02T18:36:03Z" level=warning msg="Request Failed" error="Post \"http://localhost:29010/management/v3/catalog/request\": request timeout"
time="2026-08-02T18:36:03Z" level=warning msg="Request Failed" error="Post \"http://localhost:29010/management/v3/catalog/request\": request timeout"
time="2026-08-02T18:36:03Z" level=warning msg="Request Failed" error="Post \"http://localhost:29010/management/v3/catalog/request\": request timeout"
time="2026-08-02T18:36:04Z" level=warning msg="Request Failed" error="Post \"http://localhost:29010/management/v3/catalog/request\": request timeout"
time="2026-08-02T18:36:04Z" level=warning msg="Request Failed" error="Post \"http://localhost:29010/management/v3/catalog/request\": request timeout"

running (08m32.0s), 466/468 VUs, 1141 complete and 0 interrupted iterations
saturation   [  81% ] 466/468 VUs  08m32.0s/10m30s  10.75 iters/s
time="2026-08-02T18:36:04Z" level=warning msg="Request Failed" error="Post \"http://localhost:29010/management/v3/catalog/request\": request timeout"
time="2026-08-02T18:36:04Z" level=warning msg="Request Failed" error="Post \"http://localhost:29010/management/v3/catalog/request\": request timeout"
time="2026-08-02T18:36:04Z" level=warning msg="Request Failed" error="Post \"http://localhost:29010/management/v3/catalog/request\": request timeout"
time="2026-08-02T18:36:05Z" level=warning msg="Request Failed" error="Post \"http://localhost:29010/management/v3/catalog/request\": request timeout"
time="2026-08-02T18:36:05Z" level=warning msg="Request Failed" error="Post \"http://localhost:29010/management/v3/catalog/request\": request timeout"
time="2026-08-02T18:36:05Z" level=warning msg="Request Failed" error="Post \"http://localhost:29010/management/v3/catalog/request\": request timeout"

running (08m33.0s), 466/469 VUs, 1151 complete and 0 interrupted iterations
saturation   [  81% ] 466/469 VUs  08m33.0s/10m30s  10.80 iters/s
time="2026-08-02T18:36:05Z" level=warning msg="Request Failed" error="Post \"http://localhost:29010/management/v3/catalog/request\": request timeout"
time="2026-08-02T18:36:05Z" level=warning msg="Request Failed" error="Post \"http://localhost:29010/management/v3/catalog/request\": request timeout"
time="2026-08-02T18:36:05Z" level=warning msg="Request Failed" error="Post \"http://localhost:29010/management/v3/catalog/request\": request timeout"
time="2026-08-02T18:36:06Z" level=warning msg="Request Failed" error="Post \"http://localhost:29010/management/v3/catalog/request\": request timeout"
time="2026-08-02T18:36:06Z" level=warning msg="Request Failed" error="Post \"http://localhost:29010/management/v3/catalog/request\": request timeout"
time="2026-08-02T18:36:06Z" level=warning msg="Request Failed" error="Post \"http://localhost:29010/management/v3/catalog/request\": request timeout"

running (08m34.0s), 469/469 VUs, 1159 complete and 0 interrupted iterations
saturation   [  82% ] 469/469 VUs  08m34.0s/10m30s  10.84 iters/s
time="2026-08-02T18:36:06Z" level=warning msg="Request Failed" error="Post \"http://localhost:29010/management/v3/catalog/request\": request timeout"
time="2026-08-02T18:36:06Z" level=warning msg="Request Failed" error="Post \"http://localhost:29010/management/v3/catalog/request\": request timeout"
time="2026-08-02T18:36:07Z" level=warning msg="Request Failed" error="Post \"http://localhost:29010/management/v3/catalog/request\": request timeout"
time="2026-08-02T18:36:07Z" level=warning msg="Request Failed" error="Post \"http://localhost:29010/management/v3/catalog/request\": request timeout"
time="2026-08-02T18:36:07Z" level=warning msg="Request Failed" error="Post \"http://localhost:29010/management/v3/catalog/request\": request timeout"

running (08m35.0s), 470/471 VUs, 1167 complete and 0 interrupted iterations
saturation   [  82% ] 470/471 VUs  08m35.0s/10m30s  10.89 iters/s
time="2026-08-02T18:36:07Z" level=warning msg="Request Failed" error="Post \"http://localhost:29010/management/v3/catalog/request\": request timeout"
time="2026-08-02T18:36:07Z" level=warning msg="Request Failed" error="Post \"http://localhost:29010/management/v3/catalog/request\": request timeout"
time="2026-08-02T18:36:07Z" level=warning msg="Request Failed" error="Post \"http://localhost:29010/management/v3/catalog/request\": request timeout"
time="2026-08-02T18:36:07Z" level=warning msg="Request Failed" error="Post \"http://localhost:29010/management/v3/catalog/request\": request timeout"
time="2026-08-02T18:36:08Z" level=warning msg="Request Failed" error="Post \"http://localhost:29010/management/v3/catalog/request\": request timeout"
time="2026-08-02T18:36:08Z" level=warning msg="Request Failed" error="Post \"http://localhost:29010/management/v3/catalog/request\": request timeout"

running (08m36.0s), 471/471 VUs, 1177 complete and 0 interrupted iterations
saturation   [  82% ] 471/471 VUs  08m36.0s/10m30s  10.93 iters/s
time="2026-08-02T18:36:08Z" level=warning msg="Request Failed" error="Post \"http://localhost:29010/management/v3/catalog/request\": request timeout"
time="2026-08-02T18:36:08Z" level=warning msg="Request Failed" error="Post \"http://localhost:29010/management/v3/catalog/request\": request timeout"
time="2026-08-02T18:36:08Z" level=warning msg="Request Failed" error="Post \"http://localhost:29010/management/v3/catalog/request\": request timeout"
time="2026-08-02T18:36:09Z" level=warning msg="Request Failed" error="Post \"http://localhost:29010/management/v3/catalog/request\": request timeout"
time="2026-08-02T18:36:09Z" level=warning msg="Request Failed" error="Post \"http://localhost:29010/management/v3/catalog/request\": request timeout"

running (08m37.0s), 473/473 VUs, 1184 complete and 0 interrupted iterations
saturation   [  82% ] 473/473 VUs  08m37.0s/10m30s  10.98 iters/s
time="2026-08-02T18:36:09Z" level=warning msg="Request Failed" error="Post \"http://localhost:29010/management/v3/catalog/request\": request timeout"
time="2026-08-02T18:36:09Z" level=warning msg="Request Failed" error="Post \"http://localhost:29010/management/v3/catalog/request\": request timeout"
time="2026-08-02T18:36:09Z" level=warning msg="Request Failed" error="Post \"http://localhost:29010/management/v3/catalog/request\": request timeout"
time="2026-08-02T18:36:09Z" level=warning msg="Request Failed" error="Post \"http://localhost:29010/management/v3/catalog/request\": request timeout"
time="2026-08-02T18:36:10Z" level=warning msg="Request Failed" error="Post \"http://localhost:29010/management/v3/catalog/request\": request timeout"
time="2026-08-02T18:36:10Z" level=warning msg="Request Failed" error="Post \"http://localhost:29010/management/v3/catalog/request\": request timeout"
time="2026-08-02T18:36:10Z" level=warning msg="Request Failed" error="Post \"http://localhost:29010/management/v3/catalog/request\": request timeout"

running (08m38.0s), 472/474 VUs, 1195 complete and 0 interrupted iterations
saturation   [  82% ] 472/474 VUs  08m38.0s/10m30s  11.02 iters/s
time="2026-08-02T18:36:10Z" level=warning msg="Request Failed" error="Post \"http://localhost:29010/management/v3/catalog/request\": request timeout"
time="2026-08-02T18:36:10Z" level=warning msg="Request Failed" error="Post \"http://localhost:29010/management/v3/catalog/request\": request timeout"
time="2026-08-02T18:36:11Z" level=warning msg="Request Failed" error="Post \"http://localhost:29010/management/v3/catalog/request\": request timeout"
time="2026-08-02T18:36:11Z" level=warning msg="Request Failed" error="Post \"http://localhost:29010/management/v3/catalog/request\": request timeout"
time="2026-08-02T18:36:11Z" level=warning msg="Request Failed" error="Post \"http://localhost:29010/management/v3/catalog/request\": request timeout"

running (08m39.0s), 473/475 VUs, 1204 complete and 0 interrupted iterations
saturation   [  82% ] 473/475 VUs  08m39.0s/10m30s  11.07 iters/s
time="2026-08-02T18:36:11Z" level=warning msg="Request Failed" error="Post \"http://localhost:29010/management/v3/catalog/request\": request timeout"
time="2026-08-02T18:36:11Z" level=warning msg="Request Failed" error="Post \"http://localhost:29010/management/v3/catalog/request\": request timeout"
time="2026-08-02T18:36:11Z" level=warning msg="Request Failed" error="Post \"http://localhost:29010/management/v3/catalog/request\": request timeout"
time="2026-08-02T18:36:12Z" level=warning msg="Request Failed" error="Post \"http://localhost:29010/management/v3/catalog/request\": request timeout"
time="2026-08-02T18:36:12Z" level=warning msg="Request Failed" error="Post \"http://localhost:29010/management/v3/catalog/request\": request timeout"
time="2026-08-02T18:36:12Z" level=warning msg="Request Failed" error="Post \"http://localhost:29010/management/v3/catalog/request\": request timeout"

running (08m40.0s), 476/476 VUs, 1211 complete and 0 interrupted iterations
saturation   [  83% ] 476/476 VUs  08m40.0s/10m30s  11.11 iters/s
time="2026-08-02T18:36:12Z" level=warning msg="Request Failed" error="Post \"http://localhost:29010/management/v3/catalog/request\": request timeout"
time="2026-08-02T18:36:12Z" level=warning msg="Request Failed" error="Post \"http://localhost:29010/management/v3/catalog/request\": request timeout"
time="2026-08-02T18:36:12Z" level=warning msg="Request Failed" error="Post \"http://localhost:29010/management/v3/catalog/request\": request timeout"
time="2026-08-02T18:36:13Z" level=warning msg="Request Failed" error="Post \"http://localhost:29010/management/v3/catalog/request\": request timeout"
time="2026-08-02T18:36:13Z" level=warning msg="Request Failed" error="Post \"http://localhost:29010/management/v3/catalog/request\": request timeout"
time="2026-08-02T18:36:13Z" level=warning msg="Request Failed" error="Post \"http://localhost:29010/management/v3/catalog/request\": request timeout"

running (08m41.0s), 474/478 VUs, 1222 complete and 0 interrupted iterations
saturation   [  83% ] 474/478 VUs  08m41.0s/10m30s  11.15 iters/s
time="2026-08-02T18:36:13Z" level=warning msg="Request Failed" error="Post \"http://localhost:29010/management/v3/catalog/request\": request timeout"
time="2026-08-02T18:36:13Z" level=warning msg="Request Failed" error="Post \"http://localhost:29010/management/v3/catalog/request\": request timeout"
time="2026-08-02T18:36:13Z" level=warning msg="Request Failed" error="Post \"http://localhost:29010/management/v3/catalog/request\": request timeout"
time="2026-08-02T18:36:14Z" level=warning msg="Request Failed" error="Post \"http://localhost:29010/management/v3/catalog/request\": request timeout"
time="2026-08-02T18:36:14Z" level=warning msg="Request Failed" error="Post \"http://localhost:29010/management/v3/catalog/request\": request timeout"

running (08m42.0s), 478/478 VUs, 1229 complete and 0 interrupted iterations
saturation   [  83% ] 478/478 VUs  08m42.0s/10m30s  11.20 iters/s
time="2026-08-02T18:36:14Z" level=warning msg="Request Failed" error="Post \"http://localhost:29010/management/v3/catalog/request\": request timeout"
time="2026-08-02T18:36:14Z" level=warning msg="Request Failed" error="Post \"http://localhost:29010/management/v3/catalog/request\": request timeout"
time="2026-08-02T18:36:14Z" level=warning msg="Request Failed" error="Post \"http://localhost:29010/management/v3/catalog/request\": request timeout"
time="2026-08-02T18:36:14Z" level=warning msg="Request Failed" error="Post \"http://localhost:29010/management/v3/catalog/request\": request timeout"
time="2026-08-02T18:36:15Z" level=warning msg="Request Failed" error="Post \"http://localhost:29010/management/v3/catalog/request\": request timeout"
time="2026-08-02T18:36:15Z" level=warning msg="Request Failed" error="Post \"http://localhost:29010/management/v3/catalog/request\": request timeout"

running (08m43.0s), 478/480 VUs, 1238 complete and 0 interrupted iterations
saturation   [  83% ] 478/480 VUs  08m43.0s/10m30s  11.24 iters/s
time="2026-08-02T18:36:15Z" level=warning msg="Request Failed" error="Post \"http://localhost:29010/management/v3/catalog/request\": request timeout"
time="2026-08-02T18:36:15Z" level=warning msg="Request Failed" error="Post \"http://localhost:29010/management/v3/catalog/request\": request timeout"
time="2026-08-02T18:36:15Z" level=warning msg="Request Failed" error="Post \"http://localhost:29010/management/v3/catalog/request\": request timeout"
time="2026-08-02T18:36:15Z" level=warning msg="Request Failed" error="Post \"http://localhost:29010/management/v3/catalog/request\": request timeout"
time="2026-08-02T18:36:16Z" level=warning msg="Request Failed" error="Post \"http://localhost:29010/management/v3/catalog/request\": request timeout"
time="2026-08-02T18:36:16Z" level=warning msg="Request Failed" error="Post \"http://localhost:29010/management/v3/catalog/request\": request timeout"

running (08m44.0s), 480/480 VUs, 1248 complete and 0 interrupted iterations
saturation   [  83% ] 480/480 VUs  08m44.0s/10m30s  11.29 iters/s
time="2026-08-02T18:36:16Z" level=warning msg="Request Failed" error="Post \"http://localhost:29010/management/v3/catalog/request\": request timeout"
time="2026-08-02T18:36:16Z" level=warning msg="Request Failed" error="Post \"http://localhost:29010/management/v3/catalog/request\": request timeout"
time="2026-08-02T18:36:16Z" level=warning msg="Request Failed" error="Post \"http://localhost:29010/management/v3/catalog/request\": request timeout"
time="2026-08-02T18:36:17Z" level=warning msg="Request Failed" error="Post \"http://localhost:29010/management/v3/catalog/request\": request timeout"
time="2026-08-02T18:36:17Z" level=warning msg="Request Failed" error="Post \"http://localhost:29010/management/v3/catalog/request\": request timeout"
time="2026-08-02T18:36:17Z" level=warning msg="Request Failed" error="Post \"http://localhost:29010/management/v3/catalog/request\": request timeout"

running (08m45.0s), 479/482 VUs, 1258 complete and 0 interrupted iterations
saturation   [  83% ] 479/482 VUs  08m45.0s/10m30s  11.33 iters/s
time="2026-08-02T18:36:17Z" level=warning msg="Request Failed" error="Post \"http://localhost:29010/management/v3/catalog/request\": request timeout"
time="2026-08-02T18:36:17Z" level=warning msg="Request Failed" error="Post \"http://localhost:29010/management/v3/catalog/request\": request timeout"
time="2026-08-02T18:36:17Z" level=warning msg="Request Failed" error="Post \"http://localhost:29010/management/v3/catalog/request\": request timeout"
time="2026-08-02T18:36:18Z" level=warning msg="Request Failed" error="Post \"http://localhost:29010/management/v3/catalog/request\": request timeout"
time="2026-08-02T18:36:18Z" level=warning msg="Request Failed" error="Post \"http://localhost:29010/management/v3/catalog/request\": request timeout"
time="2026-08-02T18:36:18Z" level=warning msg="Request Failed" error="Post \"http://localhost:29010/management/v3/catalog/request\": request timeout"

running (08m46.0s), 481/482 VUs, 1267 complete and 0 interrupted iterations
saturation   [  83% ] 481/482 VUs  08m46.0s/10m30s  11.37 iters/s
time="2026-08-02T18:36:18Z" level=warning msg="Request Failed" error="Post \"http://localhost:29010/management/v3/catalog/request\": request timeout"
time="2026-08-02T18:36:18Z" level=warning msg="Request Failed" error="Post \"http://localhost:29010/management/v3/catalog/request\": request timeout"
time="2026-08-02T18:36:18Z" level=warning msg="Request Failed" error="Post \"http://localhost:29010/management/v3/catalog/request\": request timeout"
time="2026-08-02T18:36:19Z" level=warning msg="Request Failed" error="Post \"http://localhost:29010/management/v3/catalog/request\": request timeout"
time="2026-08-02T18:36:19Z" level=warning msg="Request Failed" error="Post \"http://localhost:29010/management/v3/catalog/request\": request timeout"

running (08m47.0s), 484/484 VUs, 1274 complete and 0 interrupted iterations
saturation   [  84% ] 484/484 VUs  08m47.0s/10m30s  11.42 iters/s
time="2026-08-02T18:36:19Z" level=warning msg="Request Failed" error="Post \"http://localhost:29010/management/v3/catalog/request\": request timeout"
time="2026-08-02T18:36:19Z" level=warning msg="Request Failed" error="Post \"http://localhost:29010/management/v3/catalog/request\": request timeout"
time="2026-08-02T18:36:19Z" level=warning msg="Request Failed" error="Post \"http://localhost:29010/management/v3/catalog/request\": request timeout"
time="2026-08-02T18:36:19Z" level=warning msg="Request Failed" error="Post \"http://localhost:29010/management/v3/catalog/request\": request timeout"
time="2026-08-02T18:36:20Z" level=warning msg="Request Failed" error="Post \"http://localhost:29010/management/v3/catalog/request\": request timeout"
time="2026-08-02T18:36:20Z" level=warning msg="Request Failed" error="Post \"http://localhost:29010/management/v3/catalog/request\": request timeout"

running (08m48.0s), 483/485 VUs, 1285 complete and 0 interrupted iterations
saturation   [  84% ] 483/485 VUs  08m48.0s/10m30s  11.46 iters/s
time="2026-08-02T18:36:20Z" level=warning msg="Request Failed" error="Post \"http://localhost:29010/management/v3/catalog/request\": request timeout"
time="2026-08-02T18:36:20Z" level=warning msg="Request Failed" error="Post \"http://localhost:29010/management/v3/catalog/request\": request timeout"
time="2026-08-02T18:36:20Z" level=warning msg="Request Failed" error="Post \"http://localhost:29010/management/v3/catalog/request\": request timeout"
time="2026-08-02T18:36:21Z" level=warning msg="Request Failed" error="Post \"http://localhost:29010/management/v3/catalog/request\": request timeout"
time="2026-08-02T18:36:21Z" level=warning msg="Request Failed" error="Post \"http://localhost:29010/management/v3/catalog/request\": request timeout"
time="2026-08-02T18:36:21Z" level=warning msg="Request Failed" error="Post \"http://localhost:29010/management/v3/catalog/request\": request timeout"
time="2026-08-02T18:36:21Z" level=warning msg="Request Failed" error="Post \"http://localhost:29010/management/v3/catalog/request\": request timeout"

running (08m49.0s), 485/486 VUs, 1294 complete and 0 interrupted iterations
saturation   [  84% ] 485/486 VUs  08m49.0s/10m30s  11.51 iters/s
time="2026-08-02T18:36:21Z" level=warning msg="Request Failed" error="Post \"http://localhost:29010/management/v3/catalog/request\": request timeout"
time="2026-08-02T18:36:21Z" level=warning msg="Request Failed" error="Post \"http://localhost:29010/management/v3/catalog/request\": request timeout"
time="2026-08-02T18:36:21Z" level=warning msg="Request Failed" error="Post \"http://localhost:29010/management/v3/catalog/request\": request timeout"
time="2026-08-02T18:36:22Z" level=warning msg="Request Failed" error="Post \"http://localhost:29010/management/v3/catalog/request\": request timeout"
time="2026-08-02T18:36:22Z" level=warning msg="Request Failed" error="Post \"http://localhost:29010/management/v3/catalog/request\": request timeout"
time="2026-08-02T18:36:22Z" level=warning msg="Request Failed" error="Post \"http://localhost:29010/management/v3/catalog/request\": request timeout"

running (08m50.0s), 486/487 VUs, 1303 complete and 0 interrupted iterations
saturation   [  84% ] 486/487 VUs  08m50.0s/10m30s  11.55 iters/s
time="2026-08-02T18:36:22Z" level=warning msg="Request Failed" error="Post \"http://localhost:29010/management/v3/catalog/request\": request timeout"
time="2026-08-02T18:36:22Z" level=warning msg="Request Failed" error="Post \"http://localhost:29010/management/v3/catalog/request\": request timeout"
time="2026-08-02T18:36:23Z" level=warning msg="Request Failed" error="Post \"http://localhost:29010/management/v3/catalog/request\": request timeout"
time="2026-08-02T18:36:23Z" level=warning msg="Request Failed" error="Post \"http://localhost:29010/management/v3/catalog/request\": request timeout"

running (08m51.0s), 488/489 VUs, 1311 complete and 0 interrupted iterations
saturation   [  84% ] 488/489 VUs  08m51.0s/10m30s  11.60 iters/s
time="2026-08-02T18:36:23Z" level=warning msg="Request Failed" error="Post \"http://localhost:29010/management/v3/catalog/request\": request timeout"
time="2026-08-02T18:36:23Z" level=warning msg="Request Failed" error="Post \"http://localhost:29010/management/v3/catalog/request\": request timeout"
time="2026-08-02T18:36:23Z" level=warning msg="Request Failed" error="Post \"http://localhost:29010/management/v3/catalog/request\": request timeout"
time="2026-08-02T18:36:23Z" level=warning msg="Request Failed" error="Post \"http://localhost:29010/management/v3/catalog/request\": request timeout"
time="2026-08-02T18:36:24Z" level=warning msg="Request Failed" error="Post \"http://localhost:29010/management/v3/catalog/request\": request timeout"
time="2026-08-02T18:36:24Z" level=warning msg="Request Failed" error="Post \"http://localhost:29010/management/v3/catalog/request\": request timeout"
time="2026-08-02T18:36:24Z" level=warning msg="Request Failed" error="Post \"http://localhost:29010/management/v3/catalog/request\": request timeout"

running (08m52.0s), 489/491 VUs, 1319 complete and 0 interrupted iterations
saturation   [  84% ] 489/491 VUs  08m52.0s/10m30s  11.64 iters/s
time="2026-08-02T18:36:24Z" level=warning msg="Request Failed" error="Post \"http://localhost:29010/management/v3/catalog/request\": request timeout"
time="2026-08-02T18:36:24Z" level=warning msg="Request Failed" error="Post \"http://localhost:29010/management/v3/catalog/request\": request timeout"
time="2026-08-02T18:36:25Z" level=warning msg="Request Failed" error="Post \"http://localhost:29010/management/v3/catalog/request\": request timeout"
time="2026-08-02T18:36:25Z" level=warning msg="Request Failed" error="Post \"http://localhost:29010/management/v3/catalog/request\": request timeout"
time="2026-08-02T18:36:25Z" level=warning msg="Request Failed" error="Post \"http://localhost:29010/management/v3/catalog/request\": request timeout"
time="2026-08-02T18:36:25Z" level=warning msg="Request Failed" error="Post \"http://localhost:29010/management/v3/catalog/request\": request timeout"

running (08m53.0s), 492/494 VUs, 1325 complete and 0 interrupted iterations
saturation   [  85% ] 492/494 VUs  08m53.0s/10m30s  11.69 iters/s
time="2026-08-02T18:36:25Z" level=warning msg="Request Failed" error="Post \"http://localhost:29010/management/v3/catalog/request\": request timeout"
time="2026-08-02T18:36:25Z" level=warning msg="Request Failed" error="Post \"http://localhost:29010/management/v3/catalog/request\": request timeout"
time="2026-08-02T18:36:25Z" level=warning msg="Request Failed" error="Post \"http://localhost:29010/management/v3/catalog/request\": request timeout"
time="2026-08-02T18:36:26Z" level=warning msg="Request Failed" error="Post \"http://localhost:29010/management/v3/catalog/request\": request timeout"
time="2026-08-02T18:36:26Z" level=warning msg="Request Failed" error="Post \"http://localhost:29010/management/v3/catalog/request\": request timeout"

running (08m54.0s), 496/497 VUs, 1330 complete and 0 interrupted iterations
saturation   [  85% ] 496/497 VUs  08m54.0s/10m30s  11.73 iters/s
time="2026-08-02T18:36:26Z" level=warning msg="Request Failed" error="Post \"http://localhost:29010/management/v3/catalog/request\": request timeout"
time="2026-08-02T18:36:26Z" level=warning msg="Request Failed" error="Post \"http://localhost:29010/management/v3/catalog/request\": request timeout"
time="2026-08-02T18:36:26Z" level=warning msg="Request Failed" error="Post \"http://localhost:29010/management/v3/catalog/request\": request timeout"
time="2026-08-02T18:36:26Z" level=warning msg="Request Failed" error="Post \"http://localhost:29010/management/v3/catalog/request\": request timeout"
time="2026-08-02T18:36:27Z" level=warning msg="Request Failed" error="Post \"http://localhost:29010/management/v3/catalog/request\": request timeout"
time="2026-08-02T18:36:27Z" level=warning msg="Request Failed" error="Post \"http://localhost:29010/management/v3/catalog/request\": request timeout"
time="2026-08-02T18:36:27Z" level=warning msg="Request Failed" error="Post \"http://localhost:29010/management/v3/catalog/request\": request timeout"

running (08m55.0s), 499/499 VUs, 1337 complete and 0 interrupted iterations
saturation   [  85% ] 499/499 VUs  08m55.0s/10m30s  11.78 iters/s
time="2026-08-02T18:36:27Z" level=warning msg="Request Failed" error="Post \"http://localhost:29010/management/v3/catalog/request\": request timeout"
time="2026-08-02T18:36:27Z" level=warning msg="Request Failed" error="Post \"http://localhost:29010/management/v3/catalog/request\": request timeout"
time="2026-08-02T18:36:27Z" level=warning msg="Request Failed" error="Post \"http://localhost:29010/management/v3/catalog/request\": request timeout"
time="2026-08-02T18:36:28Z" level=warning msg="Request Failed" error="Post \"http://localhost:29010/management/v3/catalog/request\": request timeout"
time="2026-08-02T18:36:28Z" level=warning msg="Request Failed" error="Post \"http://localhost:29010/management/v3/catalog/request\": request timeout"

running (08m56.0s), 501/503 VUs, 1342 complete and 0 interrupted iterations
saturation   [  85% ] 501/503 VUs  08m56.0s/10m30s  11.82 iters/s
time="2026-08-02T18:36:28Z" level=warning msg="Request Failed" error="Post \"http://localhost:29010/management/v3/catalog/request\": request timeout"
time="2026-08-02T18:36:28Z" level=warning msg="Request Failed" error="Post \"http://localhost:29010/management/v3/catalog/request\": request timeout"
time="2026-08-02T18:36:28Z" level=warning msg="Request Failed" error="Post \"http://localhost:29010/management/v3/catalog/request\": request timeout"
time="2026-08-02T18:36:28Z" level=warning msg="Request Failed" error="Post \"http://localhost:29010/management/v3/catalog/request\": request timeout"
time="2026-08-02T18:36:29Z" level=warning msg="Request Failed" error="Post \"http://localhost:29010/management/v3/catalog/request\": request timeout"
time="2026-08-02T18:36:29Z" level=warning msg="Request Failed" error="Post \"http://localhost:29010/management/v3/catalog/request\": request timeout"
time="2026-08-02T18:36:29Z" level=warning msg="Request Failed" error="Post \"http://localhost:29010/management/v3/catalog/request\": request timeout"

running (08m57.0s), 504/505 VUs, 1349 complete and 0 interrupted iterations
saturation   [  85% ] 504/505 VUs  08m57.0s/10m30s  11.86 iters/s
time="2026-08-02T18:36:29Z" level=warning msg="Request Failed" error="Post \"http://localhost:29010/management/v3/catalog/request\": request timeout"
time="2026-08-02T18:36:29Z" level=warning msg="Request Failed" error="Post \"http://localhost:29010/management/v3/catalog/request\": request timeout"
time="2026-08-02T18:36:29Z" level=warning msg="Request Failed" error="Post \"http://localhost:29010/management/v3/catalog/request\": request timeout"
time="2026-08-02T18:36:29Z" level=warning msg="Request Failed" error="Post \"http://localhost:29010/management/v3/catalog/request\": request timeout"
time="2026-08-02T18:36:30Z" level=warning msg="Request Failed" error="Post \"http://localhost:29010/management/v3/catalog/request\": request timeout"
time="2026-08-02T18:36:30Z" level=warning msg="Request Failed" error="Post \"http://localhost:29010/management/v3/catalog/request\": request timeout"

running (08m58.0s), 507/508 VUs, 1355 complete and 0 interrupted iterations
saturation   [  85% ] 507/508 VUs  08m58.0s/10m30s  11.91 iters/s
time="2026-08-02T18:36:30Z" level=warning msg="Request Failed" error="Post \"http://localhost:29010/management/v3/catalog/request\": request timeout"
time="2026-08-02T18:36:30Z" level=warning msg="Request Failed" error="Post \"http://localhost:29010/management/v3/catalog/request\": request timeout"
time="2026-08-02T18:36:30Z" level=warning msg="Request Failed" error="Post \"http://localhost:29010/management/v3/catalog/request\": request timeout"
time="2026-08-02T18:36:31Z" level=warning msg="Request Failed" error="Post \"http://localhost:29010/management/v3/catalog/request\": request timeout"
time="2026-08-02T18:36:31Z" level=warning msg="Request Failed" error="Post \"http://localhost:29010/management/v3/catalog/request\": request timeout"
time="2026-08-02T18:36:31Z" level=warning msg="Request Failed" error="Post \"http://localhost:29010/management/v3/catalog/request\": request timeout"

running (08m59.0s), 510/511 VUs, 1361 complete and 0 interrupted iterations
saturation   [  86% ] 510/511 VUs  08m59.0s/10m30s  11.95 iters/s
time="2026-08-02T18:36:31Z" level=warning msg="Request Failed" error="Post \"http://localhost:29010/management/v3/catalog/request\": request timeout"
time="2026-08-02T18:36:31Z" level=warning msg="Request Failed" error="Post \"http://localhost:29010/management/v3/catalog/request\": request timeout"
time="2026-08-02T18:36:31Z" level=warning msg="Request Failed" error="Post \"http://localhost:29010/management/v3/catalog/request\": request timeout"
time="2026-08-02T18:36:32Z" level=warning msg="Request Failed" error="Post \"http://localhost:29010/management/v3/catalog/request\": request timeout"
time="2026-08-02T18:36:32Z" level=warning msg="Request Failed" error="Post \"http://localhost:29010/management/v3/catalog/request\": request timeout"

running (09m00.0s), 514/514 VUs, 1366 complete and 0 interrupted iterations
saturation   [  86% ] 514/514 VUs  09m00.0s/10m30s  12.00 iters/s
time="2026-08-02T18:36:32Z" level=warning msg="Request Failed" error="Post \"http://localhost:29010/management/v3/catalog/request\": request timeout"
time="2026-08-02T18:36:32Z" level=warning msg="Request Failed" error="Post \"http://localhost:29010/management/v3/catalog/request\": request timeout"
time="2026-08-02T18:36:32Z" level=warning msg="Request Failed" error="Post \"http://localhost:29010/management/v3/catalog/request\": request timeout"
time="2026-08-02T18:36:32Z" level=warning msg="Request Failed" error="Post \"http://localhost:29010/management/v3/catalog/request\": request timeout"
time="2026-08-02T18:36:33Z" level=warning msg="Request Failed" error="Post \"http://localhost:29010/management/v3/catalog/request\": request timeout"
time="2026-08-02T18:36:33Z" level=warning msg="Request Failed" error="Post \"http://localhost:29010/management/v3/catalog/request\": request timeout"

running (09m01.0s), 517/517 VUs, 1372 complete and 0 interrupted iterations
saturation   [  86% ] 517/517 VUs  09m01.0s/10m30s  12.00 iters/s
time="2026-08-02T18:36:33Z" level=warning msg="Request Failed" error="Post \"http://localhost:29010/management/v3/catalog/request\": request timeout"
time="2026-08-02T18:36:33Z" level=warning msg="Request Failed" error="Post \"http://localhost:29010/management/v3/catalog/request\": request timeout"
time="2026-08-02T18:36:33Z" level=warning msg="Request Failed" error="Post \"http://localhost:29010/management/v3/catalog/request\": request timeout"
time="2026-08-02T18:36:33Z" level=warning msg="Request Failed" error="Post \"http://localhost:29010/management/v3/catalog/request\": request timeout"
time="2026-08-02T18:36:34Z" level=warning msg="Request Failed" error="Post \"http://localhost:29010/management/v3/catalog/request\": request timeout"
time="2026-08-02T18:36:34Z" level=warning msg="Request Failed" error="Post \"http://localhost:29010/management/v3/catalog/request\": request timeout"
time="2026-08-02T18:36:34Z" level=warning msg="Request Failed" error="Post \"http://localhost:29010/management/v3/catalog/request\": request timeout"

running (09m02.0s), 519/520 VUs, 1379 complete and 0 interrupted iterations
saturation   [  86% ] 519/520 VUs  09m02.0s/10m30s  12.00 iters/s
time="2026-08-02T18:36:34Z" level=warning msg="Request Failed" error="Post \"http://localhost:29010/management/v3/catalog/request\": request timeout"
time="2026-08-02T18:36:34Z" level=warning msg="Request Failed" error="Post \"http://localhost:29010/management/v3/catalog/request\": request timeout"
time="2026-08-02T18:36:34Z" level=warning msg="Request Failed" error="Post \"http://localhost:29010/management/v3/catalog/request\": request timeout"
time="2026-08-02T18:36:34Z" level=warning msg="Request Failed" error="Post \"http://localhost:29010/management/v3/catalog/request\": request timeout"
time="2026-08-02T18:36:35Z" level=warning msg="Request Failed" error="Post \"http://localhost:29010/management/v3/catalog/request\": request timeout"
time="2026-08-02T18:36:35Z" level=warning msg="Request Failed" error="Post \"http://localhost:29010/management/v3/catalog/request\": request timeout"

running (09m03.0s), 522/522 VUs, 1386 complete and 0 interrupted iterations
saturation   [  86% ] 522/522 VUs  09m03.0s/10m30s  12.00 iters/s
time="2026-08-02T18:36:35Z" level=warning msg="Request Failed" error="Post \"http://localhost:29010/management/v3/catalog/request\": request timeout"
time="2026-08-02T18:36:35Z" level=warning msg="Request Failed" error="Post \"http://localhost:29010/management/v3/catalog/request\": request timeout"
time="2026-08-02T18:36:35Z" level=warning msg="Request Failed" error="Post \"http://localhost:29010/management/v3/catalog/request\": request timeout"
time="2026-08-02T18:36:36Z" level=warning msg="Request Failed" error="Post \"http://localhost:29010/management/v3/catalog/request\": request timeout"
time="2026-08-02T18:36:36Z" level=warning msg="Request Failed" error="Post \"http://localhost:29010/management/v3/catalog/request\": request timeout"
time="2026-08-02T18:36:36Z" level=warning msg="Request Failed" error="Post \"http://localhost:29010/management/v3/catalog/request\": request timeout"

running (09m04.0s), 524/526 VUs, 1392 complete and 0 interrupted iterations
saturation   [  86% ] 524/526 VUs  09m04.0s/10m30s  12.00 iters/s
time="2026-08-02T18:36:36Z" level=warning msg="Request Failed" error="Post \"http://localhost:29010/management/v3/catalog/request\": request timeout"
time="2026-08-02T18:36:36Z" level=warning msg="Request Failed" error="Post \"http://localhost:29010/management/v3/catalog/request\": request timeout"
time="2026-08-02T18:36:36Z" level=warning msg="Request Failed" error="Post \"http://localhost:29010/management/v3/catalog/request\": request timeout"
time="2026-08-02T18:36:36Z" level=warning msg="Request Failed" error="Post \"http://localhost:29010/management/v3/catalog/request\": request timeout"
time="2026-08-02T18:36:37Z" level=warning msg="Request Failed" error="Post \"http://localhost:29010/management/v3/catalog/request\": request timeout"
time="2026-08-02T18:36:37Z" level=warning msg="Request Failed" error="Post \"http://localhost:29010/management/v3/catalog/request\": request timeout"
time="2026-08-02T18:36:37Z" level=warning msg="Request Failed" error="Post \"http://localhost:29010/management/v3/catalog/request\": request timeout"

running (09m05.0s), 527/528 VUs, 1399 complete and 0 interrupted iterations
saturation   [  87% ] 527/528 VUs  09m05.0s/10m30s  12.00 iters/s
time="2026-08-02T18:36:37Z" level=warning msg="Request Failed" error="Post \"http://localhost:29010/management/v3/catalog/request\": request timeout"
time="2026-08-02T18:36:37Z" level=warning msg="Request Failed" error="Post \"http://localhost:29010/management/v3/catalog/request\": request timeout"
time="2026-08-02T18:36:37Z" level=warning msg="Request Failed" error="Post \"http://localhost:29010/management/v3/catalog/request\": request timeout"
time="2026-08-02T18:36:38Z" level=warning msg="Request Failed" error="Post \"http://localhost:29010/management/v3/catalog/request\": request timeout"
time="2026-08-02T18:36:38Z" level=warning msg="Request Failed" error="Post \"http://localhost:29010/management/v3/catalog/request\": request timeout"
time="2026-08-02T18:36:38Z" level=warning msg="Request Failed" error="Post \"http://localhost:29010/management/v3/catalog/request\": request timeout"

running (09m06.0s), 530/531 VUs, 1405 complete and 0 interrupted iterations
saturation   [  87% ] 530/531 VUs  09m06.0s/10m30s  12.00 iters/s

================ DSP benchmark summary ================
-- per-phase latency --
  catalog                    p50=11254.5 ms  p95=60000.8 ms  p99=60001.2 ms  max=60003.2 ms  n=1406
  negotiation init (POST)    p50=42.0 ms  p95=100.8 ms  p99=135.1 ms  max=314.4 ms  n=1148
  time-to-AGREED (async)     p50=3580.0 ms  p95=25502.8 ms  p99=27736.6 ms  max=30103.0 ms  n=697
  transfer init (POST)       p50=54.8 ms  p95=108.2 ms  p99=131.1 ms  max=208.1 ms  n=697
  time-to-EDR (async)        p50=3363.0 ms  p95=20715.2 ms  p99=23295.5 ms  max=24793.0 ms  n=697
  data pull                  p50=28.1 ms  p95=49.5 ms  p99=52.7 ms  max=68.6 ms  n=697
-- end-to-end + throughput --
  e2e transaction            p50=8189.0 ms  p95=55296.6 ms  p99=61314.2 ms  max=66157.0 ms  n=697
  data throughput (MB/s)     p50=0.2  p95=0.2  p99=0.2  max=0.2  n=697
-- outcomes --
  transactions succeeded     count=697  rate=1.276/s
  transactions failed        count=708  rate=1.297/s
  failed rate                rate=50.39%  (pass=708 fail=697)
    of which TERMINATED      (no data)
    of which TIMED OUT       count=450  rate=0.824/s
    of which HTTP-FAILED     count=258  rate=0.472/s
  failure accounting       708/708 classified  (complete)
-- observer effect (poll load) --
  negotiation polls          count=76231  rate=139.605/s
  edr polls                  count=19795  rate=36.251/s
  polls per transaction     negotiation=54.3  edr=14.1  (timeout ceiling=120)
=======================================================
(full summary -> /home/rohitj/edc/benchmarking-factoryx-edc/resources/local-fx-mvd/k6-scripts/results/factoryx/off/saturation-open/2026-08-02T18-26-26Z/k6-summary.json; POLL_INTERVAL_MS=250; IDENTITY_MODE=off)

running (09m06.1s), 000/531 VUs, 1405 complete and 530 interrupted iterations
saturation ✗ [  87% ] 493/531 VUs  09m06.0s/10m30s  12.00 iters/s
time="2026-08-02T18:36:38Z" level=error msg="thresholds on metrics 'dsp_transaction_failed_rate' were crossed; at least one has abortOnFail enabled, stopping test prematurely"
