series,timestamp,value
"consumer-controlplane",1785352856,"59.672727272727265"
"consumer-controlplane",1785352861,"58.70909090909091"
"consumer-controlplane",1785352866,"55.090909090909086"
"consumer-controlplane",1785352871,"56.25454545454545"
"consumer-controlplane",1785352876,"60.54545454545455"
"consumer-controlplane",1785352881,"63.36363636363636"
"consumer-controlplane",1785352886,"66.85454545454544"
"consumer-controlplane",1785352891,"70.85454545454544"
"consumer-controlplane",1785352896,"74.61818181818181"
"consumer-controlplane",1785352901,"79.36363636363636"
"consumer-controlplane",1785352906,"84.23636363636363"
"consumer-controlplane",1785352911,"88.39999999999999"
"consumer-controlplane",1785352916,"96.58181818181818"
"consumer-controlplane",1785352921,"107.65454545454546"
"consumer-controlplane",1785352926,"116.41818181818181"
"consumer-controlplane",1785352931,"123.2"
"consumer-controlplane",1785352936,"131.16363636363636"
"consumer-controlplane",1785352941,"136.34545454545454"
"consumer-controlplane",1785352946,"137.72727272727272"
"consumer-controlplane",1785352951,"139.87272727272727"
"consumer-controlplane",1785352956,"142.05454545454546"
"consumer-controlplane",1785352961,"143.39999999999998"
"consumer-controlplane",1785352966,"142.5818181818182"
"consumer-controlplane",1785352971,"140.47272727272727"
"consumer-controlplane",1785352976,"136.3272727272727"
"consumer-controlplane",1785352981,"131.07272727272726"
"consumer-controlplane",1785352986,"127.23636363636363"
"consumer-controlplane",1785352991,"125.49090909090908"
"consumer-controlplane",1785352996,"125.30909090909091"
"consumer-controlplane",1785353001,"127.85454545454544"
"consumer-controlplane",1785353006,"127.98181818181818"
"consumer-controlplane",1785353011,"127.61818181818181"
"consumer-controlplane",1785353016,"127.76363636363637"
"consumer-controlplane",1785353021,"130.27272727272725"
"consumer-controlplane",1785353026,"129.6909090909091"
"consumer-controlplane",1785353031,"130"
"consumer-controlplane",1785353036,"130.3090909090909"
"consumer-controlplane",1785353041,"129.61818181818182"
"consumer-controlplane",1785353046,"128.79999999999998"
"consumer-controlplane",1785353051,"130.96363636363637"
"consumer-controlplane",1785353056,"131.21818181818182"
"consumer-controlplane",1785353061,"131.5818181818182"
"consumer-controlplane",1785353066,"131.54545454545453"
"consumer-controlplane",1785353071,"131.2"
"consumer-controlplane",1785353076,"131.54545454545453"
"consumer-controlplane",1785353081,"132.4"
"consumer-controlplane",1785353086,"134.1090909090909"
"consumer-controlplane",1785353091,"132.74545454545452"
"consumer-controlplane",1785353096,"130.83636363636364"
"consumer-controlplane",1785353101,"126.85454545454544"
"consumer-controlplane",1785353106,"122.58181818181818"
"consumer-controlplane",1785353111,"119.05454545454545"
"consumer-controlplane",1785353116,"115.74545454545455"
"consumer-controlplane",1785353121,"114.41818181818181"
"consumer-controlplane",1785353126,"111.74545454545455"
"consumer-controlplane",1785353131,"110.16363636363636"
"consumer-controlplane",1785353136,"110.34545454545454"
"consumer-controlplane",1785353141,"110.61818181818181"
"consumer-controlplane",1785353146,"112.39999999999999"
"consumer-controlplane",1785353151,"112.87272727272727"
"consumer-controlplane",1785353156,"114.32727272727273"
"consumer-controlplane",1785353161,"114.7090909090909"
"consumer-controlplane",1785353166,"119.30909090909091"
"consumer-controlplane",1785353171,"128.23636363636365"
"consumer-controlplane",1785353176,"135.56363636363636"
"consumer-controlplane",1785353181,"143.16363636363636"
"consumer-controlplane",1785353186,"147.67272727272726"
"consumer-controlplane",1785353191,"149.3090909090909"
"consumer-controlplane",1785353196,"149.47272727272727"
"consumer-controlplane",1785353201,"149"
"consumer-controlplane",1785353206,"147.4363636363636"
"consumer-controlplane",1785353211,"148.49090909090907"
"consumer-controlplane",1785353216,"145.5272727272727"
"consumer-controlplane",1785353221,"140.58181818181816"
"consumer-controlplane",1785353226,"135.09090909090907"
"consumer-controlplane",1785353231,"131.65454545454546"
"consumer-controlplane",1785353236,"129.4"
"consumer-controlplane",1785353241,"127.05454545454545"
"consumer-controlplane",1785353246,"126.23636363636363"
"consumer-controlplane",1785353251,"125.39999999999999"
"consumer-controlplane",1785353256,"126.14545454545454"
"consumer-controlplane",1785353261,"129.1818181818182"
"consumer-controlplane",1785353266,"127.36363636363636"
"consumer-controlplane",1785353271,"128.6181818181818"
"consumer-controlplane",1785353276,"128.25454545454545"
"consumer-controlplane",1785353281,"126.07272727272726"
"consumer-controlplane",1785353286,"125.87272727272727"
"consumer-controlplane",1785353291,"128.6"
"consumer-controlplane",1785353296,"132.76363636363635"
"consumer-controlplane",1785353301,"137.9090909090909"
"consumer-controlplane",1785353306,"144.29090909090908"
"consumer-controlplane",1785353311,"148.89090909090908"
"consumer-controlplane",1785353316,"153.05454545454546"
"consumer-controlplane",1785353321,"158.54545454545453"
"consumer-controlplane",1785353326,"163.5090909090909"
"consumer-controlplane",1785353331,"167.12727272727273"
"consumer-controlplane",1785353336,"168.52727272727273"
"consumer-controlplane",1785353341,"167.83636363636364"
"consumer-controlplane",1785353346,"167.4181818181818"
"consumer-controlplane",1785353351,"169.94545454545454"
"consumer-controlplane",1785353356,"172.9090909090909"
"consumer-controlplane",1785353361,"175.0181818181818"
"consumer-controlplane",1785353366,"176.21818181818182"
"consumer-controlplane",1785353371,"175.14545454545453"
"consumer-controlplane",1785353376,"174.03636363636363"
"consumer-controlplane",1785353381,"171.3090909090909"
"consumer-controlplane",1785353386,"169.78181818181818"
"consumer-controlplane",1785353391,"168.96363636363634"
"consumer-controlplane",1785353396,"165.94545454545454"
"consumer-controlplane",1785353401,"161.85454545454544"
"consumer-controlplane",1785353406,"156.83636363636361"
"consumer-controlplane",1785353411,"153.74545454545452"
"consumer-controlplane",1785353416,"149.8181818181818"
"consumer-controlplane",1785353421,"144.63636363636363"
"consumer-controlplane",1785353426,"139.14545454545456"
"consumer-controlplane",1785353431,"134.78181818181818"
"consumer-controlplane",1785353436,"131.21818181818182"
"consumer-controlplane",1785353441,"128.67272727272726"
"consumer-controlplane",1785353446,"127.43636363636364"
"consumer-controlplane",1785353451,"127.05454545454545"
"consumer-controlplane",1785353456,"124.98181818181818"
"consumer-controlplane",1785353461,"121.63636363636363"
"consumer-controlplane",1785353466,"118.16363636363636"
"consumer-controlplane",1785353471,"117.23636363636363"
"consumer-controlplane",1785353476,"119.41818181818182"
"consumer-controlplane",1785353481,"123.07272727272726"
"consumer-controlplane",1785353486,"125"
"consumer-controlplane",1785353491,"127.81818181818181"
"consumer-controlplane",1785353496,"129.12727272727273"
"consumer-controlplane",1785353501,"129.58181818181816"
"consumer-controlplane",1785353506,"130.54545454545453"
"consumer-controlplane",1785353511,"131.94545454545454"
"consumer-controlplane",1785353516,"132.58181818181816"
"consumer-controlplane",1785353521,"132.07272727272726"
"consumer-controlplane",1785353526,"133.03636363636363"
"consumer-controlplane",1785353531,"134.56363636363636"
"consumer-controlplane",1785353536,"134.0181818181818"
"consumer-controlplane",1785353541,"133.1090909090909"
"consumer-controlplane",1785353546,"134.03636363636363"
"consumer-controlplane",1785353551,"137.45454545454544"
"consumer-controlplane",1785353556,"139.85454545454544"
"consumer-controlplane",1785353561,"141.6181818181818"
"consumer-controlplane",1785353566,"142.3272727272727"
"consumer-controlplane",1785353571,"140.63636363636363"
"consumer-controlplane",1785353576,"136.65454545454546"
"consumer-controlplane",1785353581,"132.5090909090909"
"consumer-controlplane",1785353586,"130.38181818181818"
"consumer-controlplane",1785353591,"131.4181818181818"
"consumer-controlplane",1785353596,"133.29090909090908"
"consumer-controlplane",1785353601,"131.98181818181817"
"consumer-controlplane",1785353606,"129.16363636363636"
"consumer-controlplane",1785353611,"128.36363636363637"
"consumer-controlplane",1785353616,"127.39999999999999"
"consumer-controlplane",1785353621,"125.54545454545453"
"consumer-controlplane",1785353626,"125.83636363636363"
"consumer-controlplane",1785353631,"128.87272727272727"
"consumer-controlplane",1785353636,"128.5818181818182"
"consumer-controlplane",1785353641,"127.9090909090909"
"consumer-controlplane",1785353646,"128.0181818181818"
"consumer-controlplane",1785353651,"132.65454545454546"
"consumer-controlplane",1785353656,"138.63636363636363"
"consumer-controlplane",1785353661,"145.36363636363635"
"consumer-controlplane",1785353666,"149.9272727272727"
"consumer-controlplane",1785353671,"153.72727272727272"
"consumer-controlplane",1785353676,"157.8181818181818"
"consumer-controlplane",1785353681,"159.79999999999998"
"consumer-controlplane",1785353686,"159.52727272727273"
"consumer-controlplane",1785353691,"159.67272727272726"
"consumer-controlplane",1785353696,"157.14545454545453"
"consumer-controlplane",1785353701,"154.49090909090907"
"consumer-controlplane",1785353706,"149.6909090909091"
"consumer-controlplane",1785353711,"143.9090909090909"
"consumer-controlplane",1785353716,"137.89090909090908"
"consumer-controlplane",1785353721,"134.54545454545453"
"consumer-controlplane",1785353726,"131.6909090909091"
"consumer-controlplane",1785353731,"127.43636363636362"
"consumer-controlplane",1785353736,"124.3090909090909"
"consumer-controlplane",1785353741,"123.56363636363636"
"consumer-controlplane",1785353746,"125.87272727272726"
"consumer-controlplane",1785353751,"128.76363636363635"
"consumer-controlplane",1785353756,"129.52727272727273"
"consumer-controlplane",1785353761,"129.67272727272726"
"consumer-controlplane",1785353766,"132.85454545454544"
"consumer-controlplane",1785353771,"137.05454545454543"
"consumer-controlplane",1785353776,"151.0909090909091"
"consumer-controlplane",1785353781,"149.79999999999998"
"consumer-controlplane",1785353786,"150.74545454545455"
"consumer-controlplane",1785353791,"152.98181818181817"
"consumer-controlplane",1785353796,"153.5090909090909"
"consumer-controlplane",1785353801,"151.8181818181818"
"consumer-controlplane",1785353806,"149.14545454545453"
"consumer-controlplane",1785353811,"145.43636363636364"
"consumer-controlplane",1785353816,"142.29090909090908"
"consumer-controlplane",1785353821,"140.29090909090908"
"consumer-controlplane",1785353826,"138.67272727272726"
"consumer-controlplane",1785353831,"124.6"
"consumer-controlplane",1785353836,"125.87272727272727"
"consumer-controlplane",1785353841,"125.09090909090908"
"consumer-controlplane",1785353846,"124.58181818181818"
"consumer-controlplane",1785353851,"124.39999999999999"
"consumer-controlplane",1785353856,"124.38181818181818"
"consumer-controlplane",1785353861,"125.21818181818182"
"consumer-controlplane",1785353866,"127.52727272727272"
"consumer-controlplane",1785353871,"128.1818181818182"
"consumer-controlplane",1785353876,"126.9090909090909"
"consumer-controlplane",1785353881,"127.67272727272727"
"consumer-controlplane",1785353886,"130.63636363636363"
"consumer-controlplane",1785353891,"133.25454545454545"
"consumer-controlplane",1785353896,"136.74545454545455"
"consumer-controlplane",1785353901,"138.54545454545453"
"consumer-controlplane",1785353906,"139.61818181818182"
"consumer-controlplane",1785353911,"141.0181818181818"
"consumer-controlplane",1785353916,"141.12727272727273"
"consumer-controlplane",1785353921,"140.8"
"consumer-controlplane",1785353926,"138.6909090909091"
"consumer-controlplane",1785353931,"135.78181818181818"
"consumer-controlplane",1785353936,"132.94545454545454"
"consumer-controlplane",1785353941,"131.2"
"consumer-controlplane",1785353946,"132.76363636363635"
"consumer-controlplane",1785353951,"134.63636363636363"
"consumer-controlplane",1785353956,"135.85454545454544"
"consumer-controlplane",1785353961,"137.03636363636363"
"consumer-controlplane",1785353966,"136.4909090909091"
"consumer-controlplane",1785353971,"137.1818181818182"
"consumer-controlplane",1785353976,"136.12727272727273"
"consumer-controlplane",1785353981,"137.6"
"consumer-controlplane",1785353986,"140.29090909090908"
"consumer-controlplane",1785353991,"138.56363636363636"
"consumer-controlplane",1785353996,"136.4181818181818"
"consumer-controlplane",1785354001,"134.05454545454543"
"consumer-controlplane",1785354006,"132.21818181818182"
"consumer-controlplane",1785354011,"130.58181818181816"
"consumer-controlplane",1785354016,"127.99999999999999"
"consumer-controlplane",1785354021,"125.27272727272727"
"consumer-controlplane",1785354026,"122.41818181818181"
"consumer-controlplane",1785354031,"123.23636363636363"
"consumer-controlplane",1785354036,"124.49090909090908"
"consumer-controlplane",1785354041,"123.43636363636362"
"consumer-controlplane",1785354046,"122.85454545454544"
"consumer-controlplane",1785354051,"123.39999999999999"
"consumer-controlplane",1785354056,"123.65454545454546"
"consumer-controlplane",1785354061,"126.38181818181818"
"consumer-controlplane",1785354066,"131.34545454545454"
"consumer-controlplane",1785354071,"138.36363636363635"
"consumer-controlplane",1785354076,"145.27272727272728"
"consumer-controlplane",1785354081,"150"
"consumer-controlplane",1785354086,"150.96363636363637"
"consumer-controlplane",1785354091,"152.21818181818182"
"consumer-controlplane",1785354096,"153.98181818181817"
"consumer-controlplane",1785354101,"156.29090909090908"
"consumer-controlplane",1785354106,"156.38181818181818"
"consumer-controlplane",1785354111,"152.43636363636364"
"consumer-controlplane",1785354116,"148.7090909090909"
"consumer-controlplane",1785354121,"148.07272727272726"
"consumer-controlplane",1785354126,"147.25454545454545"
"consumer-controlplane",1785354131,"147.27272727272728"
"consumer-controlplane",1785354136,"147.63636363636363"
"consumer-controlplane",1785354141,"148.63636363636363"
"consumer-controlplane",1785354146,"146.65454545454546"
"consumer-controlplane",1785354151,"144.58181818181816"
"consumer-controlplane",1785354156,"142.54545454545453"
"consumer-controlplane",1785354161,"141.92727272727274"
"consumer-controlplane",1785354166,"141.61818181818182"
"consumer-controlplane",1785354171,"139.4181818181818"
"consumer-controlplane",1785354176,"134.8181818181818"
"consumer-controlplane",1785354181,"131.3090909090909"
"consumer-controlplane",1785354186,"128.6909090909091"
"consumer-controlplane",1785354191,"128.45454545454544"
"consumer-controlplane",1785354196,"130.6909090909091"
"consumer-controlplane",1785354201,"133.05454545454543"
"consumer-controlplane",1785354206,"134.23636363636362"
"consumer-controlplane",1785354211,"134.3272727272727"
"consumer-controlplane",1785354216,"132.65454545454546"
"consumer-controlplane",1785354221,"133.63636363636363"
"consumer-controlplane",1785354226,"135.6181818181818"
"consumer-controlplane",1785354231,"136.9090909090909"
"consumer-controlplane",1785354236,"137.09090909090907"
"consumer-controlplane",1785354241,"138.83636363636364"
"consumer-controlplane",1785354246,"142.18181818181816"
"consumer-controlplane",1785354251,"144.34545454545454"
"consumer-controlplane",1785354256,"147.43636363636364"
"consumer-controlplane",1785354261,"148.89090909090908"
"consumer-controlplane",1785354266,"149.0909090909091"
"consumer-controlplane",1785354271,"148.98181818181817"
"consumer-controlplane",1785354276,"150.47272727272727"
"consumer-controlplane",1785354281,"151.0909090909091"
"consumer-controlplane",1785354286,"152.96363636363637"
"consumer-controlplane",1785354291,"154.94545454545454"
"consumer-controlplane",1785354296,"155.03636363636363"
"consumer-controlplane",1785354301,"154.05454545454546"
"consumer-controlplane",1785354306,"151.6909090909091"
"consumer-controlplane",1785354311,"147.07272727272726"
"consumer-controlplane",1785354316,"134.1090909090909"
"consumer-controlplane",1785354321,"133.52727272727273"
"consumer-controlplane",1785354326,"135"
"consumer-controlplane",1785354331,"134.47272727272727"
"consumer-controlplane",1785354336,"134.0181818181818"
"consumer-controlplane",1785354341,"131.72727272727272"
"consumer-controlplane",1785354346,"128.63636363636363"
"consumer-controlplane",1785354351,"125.14545454545454"
"consumer-controlplane",1785354356,"121.61818181818181"
"consumer-controlplane",1785354361,"121.78181818181817"
"consumer-controlplane",1785354366,"126.41818181818182"
"consumer-controlplane",1785354371,"141.6"
"consumer-controlplane",1785354376,"144.89090909090908"
"consumer-controlplane",1785354381,"144.07272727272726"
"consumer-controlplane",1785354386,"142.92727272727274"
"consumer-controlplane",1785354391,"141.45454545454544"
"consumer-controlplane",1785354396,"143.79999999999998"
"consumer-controlplane",1785354401,"146.4181818181818"
"consumer-controlplane",1785354406,"149.07272727272726"
"consumer-controlplane",1785354411,"150.47272727272727"
"consumer-controlplane",1785354416,"151.43636363636364"
"consumer-controlplane",1785354421,"151.67272727272726"
"consumer-controlplane",1785354426,"155.4"
"consumer-controlplane",1785354431,"162.58181818181816"
"consumer-controlplane",1785354436,"171.34545454545454"
"consumer-controlplane",1785354441,"178.9272727272727"
"consumer-controlplane",1785354446,"184.49090909090907"
"consumer-controlplane",1785354451,"184.58181818181816"
"consumer-controlplane",1785354456,"183.54545454545453"
"consumer-controlplane",1785354461,"181.72727272727272"
"consumer-controlplane",1785354466,"179.92727272727274"
"consumer-controlplane",1785354471,"178.0909090909091"
"consumer-controlplane",1785354476,"176.2"
"consumer-controlplane",1785354481,"173.07272727272726"
"consumer-controlplane",1785354486,"171.63636363636363"
"consumer-controlplane",1785354491,"172.3090909090909"
"consumer-controlplane",1785354496,"173.94545454545454"
"consumer-controlplane",1785354501,"177.12727272727273"
"consumer-controlplane",1785354506,"181.47272727272727"
"consumer-controlplane",1785354511,"186.07272727272726"
"consumer-controlplane",1785354516,"190.89090909090908"
"consumer-controlplane",1785354521,"194.79999999999998"
"consumer-controlplane",1785354526,"197.0909090909091"
"consumer-controlplane",1785354531,"197.65454545454543"
"consumer-controlplane",1785354536,"196.45454545454544"
"consumer-controlplane",1785354541,"193.2"
"consumer-controlplane",1785354546,"190.4"
"consumer-controlplane",1785354551,"188.47272727272727"
"consumer-controlplane",1785354556,"185.29090909090908"
"consumer-controlplane",1785354561,"181.43636363636364"
"consumer-controlplane",1785354566,"177.8181818181818"
"consumer-controlplane",1785354571,"174.39999999999998"
"consumer-controlplane",1785354576,"171.45454545454544"
"consumer-controlplane",1785354581,"169.0909090909091"
"consumer-controlplane",1785354586,"166.9090909090909"
"consumer-controlplane",1785354591,"165.47272727272727"
"consumer-controlplane",1785354596,"162.98181818181817"
"consumer-controlplane",1785354601,"161.1090909090909"
"consumer-controlplane",1785354606,"159.12727272727273"
"consumer-controlplane",1785354611,"155.8181818181818"
"consumer-controlplane",1785354616,"151.01818181818183"
"consumer-controlplane",1785354621,"146.52727272727273"
"consumer-controlplane",1785354626,"144.07272727272726"
"consumer-controlplane",1785354631,"142.43636363636364"
"consumer-controlplane",1785354636,"141.03636363636363"
"consumer-controlplane",1785354641,"138.98181818181817"
"consumer-controlplane",1785354646,"137.43636363636364"
"consumer-controlplane",1785354651,"136.38181818181818"
"consumer-controlplane",1785354656,"136.25454545454545"
"consumer-controlplane",1785354661,"136.85454545454544"
"consumer-controlplane",1785354666,"142.14545454545453"
"consumer-controlplane",1785354671,"152.85454545454544"
"consumer-controlplane",1785354676,"162.7090909090909"
"consumer-controlplane",1785354681,"168.94545454545454"
"consumer-controlplane",1785354686,"174.2181818181818"
"consumer-controlplane",1785354691,"177.52727272727273"
"consumer-controlplane",1785354696,"181.45454545454544"
"consumer-controlplane",1785354701,"184.4181818181818"
"consumer-controlplane",1785354706,"186.16363636363636"
"consumer-controlplane",1785354711,"184.98181818181817"
"consumer-controlplane",1785354716,"182.5090909090909"
"consumer-controlplane",1785354721,"179.4181818181818"
"consumer-controlplane",1785354726,"175.1818181818182"
"consumer-controlplane",1785354731,"173.25454545454545"
"consumer-controlplane",1785354736,"173.21818181818182"
"consumer-controlplane",1785354741,"175.29090909090908"
"consumer-controlplane",1785354746,"176.54545454545453"
"consumer-controlplane",1785354751,"178.6181818181818"
"consumer-controlplane",1785354756,"180.27272727272725"
"consumer-controlplane",1785354761,"182.67272727272726"
"consumer-controlplane",1785354766,"184.79999999999998"
"consumer-controlplane",1785354771,"186.79999999999998"
"consumer-controlplane",1785354776,"189.4"
"consumer-controlplane",1785354781,"190.34545454545454"
"consumer-controlplane",1785354786,"190.39999999999998"
"consumer-controlplane",1785354791,"193.3272727272727"
"consumer-controlplane",1785354796,"194.45454545454544"
"consumer-controlplane",1785354801,"197.39999999999998"
"consumer-controlplane",1785354806,"198.0181818181818"
"consumer-controlplane",1785354811,"198.3090909090909"
"consumer-controlplane",1785354816,"197.5090909090909"
"consumer-controlplane",1785354821,"195.8181818181818"
"consumer-controlplane",1785354826,"194.5090909090909"
"consumer-controlplane",1785354831,"192.54545454545453"
"consumer-controlplane",1785354836,"192.6181818181818"
"consumer-controlplane",1785354841,"194.36363636363635"
"consumer-controlplane",1785354846,"194.96363636363637"
"consumer-controlplane",1785354851,"197.76363636363635"
"consumer-controlplane",1785354856,"200.78181818181818"
"consumer-controlplane",1785354861,"203.5272727272727"
"consumer-controlplane",1785354866,"205.89090909090908"
"consumer-controlplane",1785354871,"207.85454545454544"
"consumer-controlplane",1785354876,"209.7272727272727"
"consumer-controlplane",1785354881,"209.54545454545453"
"consumer-controlplane",1785354886,"206.72727272727272"
"consumer-controlplane",1785354891,"201.87272727272727"
"consumer-controlplane",1785354896,"194.54545454545453"
"consumer-controlplane",1785354901,"185.54545454545453"
"consumer-controlplane",1785354906,"177.0181818181818"
"consumer-controlplane",1785354911,"168.56363636363636"
"consumer-controlplane",1785354916,"161.9090909090909"
"consumer-controlplane",1785354921,"155.21818181818182"
"consumer-controlplane",1785354926,"148.34545454545454"
"consumer-controlplane",1785354931,"141.6909090909091"
"consumer-controlplane",1785354936,"137.03636363636363"
"consumer-controlplane",1785354941,"135.1090909090909"
"consumer-controlplane",1785354946,"134.07272727272726"
"consumer-controlplane",1785354951,"134.2"
"consumer-controlplane",1785354956,"135.65454545454546"
"consumer-controlplane",1785354961,"135.2"
"consumer-controlplane",1785354966,"137.34545454545454"
"consumer-controlplane",1785354971,"139.63636363636363"
"consumer-controlplane",1785354976,"141.39999999999998"
"consumer-controlplane",1785354981,"142.58181818181816"
"consumer-controlplane",1785354986,"144.0909090909091"
"consumer-controlplane",1785354991,"146.83636363636361"
"consumer-controlplane",1785354996,"148.6909090909091"
"consumer-controlplane",1785355001,"149.36363636363635"
"consumer-controlplane",1785355006,"151.2"
"consumer-controlplane",1785355011,"154.74545454545452"
"consumer-controlplane",1785355016,"159.56363636363636"
"consumer-controlplane",1785355021,"166.76363636363635"
"consumer-controlplane",1785355026,"174.03636363636363"
"consumer-controlplane",1785355031,"185.74545454545455"
"consumer-controlplane",1785355036,"198.27272727272725"
"consumer-controlplane",1785355041,"211.21818181818182"
"consumer-controlplane",1785355046,"221.21818181818182"
"consumer-controlplane",1785355051,"231.34545454545454"
"consumer-controlplane",1785355056,"242.0909090909091"
"consumer-controlplane",1785355061,"250.4181818181818"
"consumer-controlplane",1785355066,"256.7272727272727"
"consumer-controlplane",1785355071,"262.03636363636366"
"consumer-controlplane",1785355076,"263.0181818181818"
"consumer-controlplane",1785355081,"265.09090909090907"
"consumer-controlplane",1785355086,"266.2"
"consumer-controlplane",1785355091,"267.8909090909091"
"consumer-controlplane",1785355096,"269.27272727272725"
"consumer-controlplane",1785355101,"270.4909090909091"
"consumer-controlplane",1785355106,"271.41818181818184"
"consumer-controlplane",1785355111,"272.3454545454545"
"consumer-controlplane",1785355116,"274.6727272727273"
"consumer-controlplane",1785355121,"278.05454545454546"
"consumer-controlplane",1785355126,"280.8545454545455"
"consumer-controlplane",1785355131,"284"
"consumer-controlplane",1785355136,"286.2363636363636"
"consumer-controlplane",1785355141,"286.16363636363633"
"consumer-controlplane",1785355146,"288.76363636363635"
"consumer-controlplane",1785355151,"292.3454545454545"
"consumer-controlplane",1785355156,"297.0363636363636"
"consumer-controlplane",1785355161,"301.3636363636364"
"consumer-controlplane",1785355166,"306.2181818181818"
"consumer-controlplane",1785355171,"309.6909090909091"
"consumer-controlplane",1785355176,"310.10909090909087"
"consumer-controlplane",1785355181,"310.6909090909091"
"consumer-controlplane",1785355186,"312.94545454545454"
"consumer-controlplane",1785355191,"314.4181818181818"
"consumer-controlplane",1785355196,"317.59999999999997"
"consumer-controlplane",1785355201,"319.76363636363635"
"consumer-controlplane",1785355206,"320.7818181818182"
"consumer-controlplane",1785355211,"322.8363636363636"
"consumer-controlplane",1785355216,"322.8727272727273"
"consumer-controlplane",1785355221,"319.8363636363636"
"consumer-controlplane",1785355226,"317.1636363636364"
"consumer-controlplane",1785355231,"314.1818181818182"
"consumer-controlplane",1785355236,"311.6"
"consumer-controlplane",1785355241,"305.45454545454544"
"consumer-controlplane",1785355246,"299.1454545454545"
"consumer-controlplane",1785355251,"290.8181818181818"
"consumer-controlplane",1785355256,"282.3090909090909"
"consumer-controlplane",1785355261,"274.47272727272724"
"consumer-controlplane",1785355266,"266.76363636363635"
"consumer-controlplane",1785355271,"261.78181818181815"
"consumer-controlplane",1785355276,"256.3636363636364"
"consumer-controlplane",1785355281,"249.83636363636361"
"consumer-controlplane",1785355286,"244.94545454545454"
"consumer-controlplane",1785355291,"239.12727272727273"
"consumer-controlplane",1785355296,"238.25454545454545"
"consumer-controlplane",1785355301,"238.3272727272727"
"consumer-controlplane",1785355306,"238.27272727272725"
"consumer-controlplane",1785355311,"238.69090909090906"
"consumer-controlplane",1785355316,"240.12727272727273"
"consumer-controlplane",1785355321,"240.0181818181818"
"consumer-controlplane",1785355326,"243.52727272727273"
"consumer-controlplane",1785355331,"248.89090909090908"
"consumer-controlplane",1785355336,"256.56363636363636"
"consumer-controlplane",1785355341,"262.92727272727274"
"consumer-controlplane",1785355346,"268.29090909090905"
"consumer-controlplane",1785355351,"268.6363636363636"
"consumer-controlplane",1785355356,"268.45454545454544"
"consumer-controlplane",1785355361,"269.6181818181818"
"consumer-controlplane",1785355366,"270.47272727272724"
"consumer-controlplane",1785355371,"270.0181818181818"
"consumer-controlplane",1785355376,"271.4"
"consumer-controlplane",1785355381,"268.3272727272727"
"consumer-controlplane",1785355386,"270.3454545454545"
"consumer-controlplane",1785355391,"270.47272727272724"
"consumer-controlplane",1785355396,"273.10909090909087"
"consumer-controlplane",1785355401,"274.98181818181814"
"consumer-controlplane",1785355406,"276.1454545454545"
"consumer-controlplane",1785355411,"277.8363636363636"
"consumer-controlplane",1785355416,"278.76363636363635"
"consumer-controlplane",1785355421,"277.92727272727274"
"consumer-controlplane",1785355426,"276.1818181818182"
"consumer-controlplane",1785355431,"272.96363636363634"
"consumer-controlplane",1785355436,"270.8545454545455"
"consumer-controlplane",1785355441,"265.05454545454546"
"consumer-controlplane",1785355446,"263.0181818181818"
"consumer-controlplane",1785355451,"261.1818181818182"
"consumer-controlplane",1785355456,"262.16363636363633"
"consumer-controlplane",1785355461,"265.23636363636365"
"consumer-controlplane",1785355466,"266.6545454545454"
"consumer-controlplane",1785355471,"268.25454545454545"
"consumer-controlplane",1785355476,"270.3454545454546"
"consumer-controlplane",1785355481,"273.10909090909087"
"consumer-controlplane",1785355486,"277.74545454545455"
"consumer-controlplane",1785355491,"280.56363636363636"
"consumer-controlplane",1785355496,"282.6363636363636"
"consumer-controlplane",1785355501,"280.8727272727273"
"consumer-controlplane",1785355506,"281.99999999999994"
"consumer-controlplane",1785355511,"282.3818181818182"
"consumer-controlplane",1785355516,"282.25454545454545"
"consumer-controlplane",1785355521,"282.79999999999995"
"consumer-controlplane",1785355526,"282.7090909090909"
"consumer-controlplane",1785355531,"283.78181818181815"
"consumer-controlplane",1785355536,"283.74545454545455"
"consumer-controlplane",1785355541,"280.9090909090909"
"consumer-controlplane",1785355546,"278.5272727272727"
"consumer-controlplane",1785355551,"279.54545454545456"
"consumer-controlplane",1785355556,"281.2"
"consumer-controlplane",1785355561,"280.25454545454545"
"consumer-controlplane",1785355566,"281.05454545454546"
"consumer-controlplane",1785355571,"283.74545454545455"
"consumer-controlplane",1785355576,"285.5090909090909"
"consumer-controlplane",1785355581,"286.27272727272725"
"consumer-controlplane",1785355586,"285.2181818181818"
"consumer-controlplane",1785355591,"284.8909090909091"
"consumer-controlplane",1785355596,"285.9272727272727"
"consumer-controlplane",1785355601,"286.45454545454544"
"consumer-controlplane",1785355606,"282.3090909090909"
"consumer-controlplane",1785355611,"280.0363636363636"
"consumer-controlplane",1785355616,"275.41818181818184"
"consumer-controlplane",1785355621,"269.1818181818182"
"consumer-controlplane",1785355626,"264.3272727272727"
"consumer-controlplane",1785355631,"259.8181818181818"
"consumer-controlplane",1785355636,"258.0181818181818"
"consumer-controlplane",1785355641,"256.5090909090909"
"consumer-controlplane",1785355646,"254.9090909090909"
"consumer-controlplane",1785355651,"256.1636363636364"
"consumer-controlplane",1785355656,"258.7454545454545"
"consumer-controlplane",1785355661,"262.09090909090907"
"consumer-controlplane",1785355666,"264.6909090909091"
"consumer-controlplane",1785355671,"268.1636363636364"
"consumer-controlplane",1785355676,"271.74545454545455"
"consumer-controlplane",1785355681,"274.09090909090907"
"consumer-controlplane",1785355686,"278.96363636363634"
"consumer-controlplane",1785355691,"283.9818181818182"
"consumer-controlplane",1785355696,"287.8545454545454"
"consumer-controlplane",1785355701,"291.3272727272727"
"consumer-controlplane",1785355706,"291.16363636363633"
"consumer-controlplane",1785355711,"289.1090909090909"
"consumer-controlplane",1785355716,"288.45454545454544"
"consumer-controlplane",1785355721,"285.8909090909091"
"consumer-controlplane",1785355726,"286.8363636363636"
"consumer-controlplane",1785355731,"288.1454545454545"
"consumer-controlplane",1785355736,"289.8363636363636"
"consumer-controlplane",1785355741,"291.47272727272724"
"consumer-controlplane",1785355746,"294.43636363636364"
"consumer-controlplane",1785355751,"300.1454545454545"
"consumer-controlplane",1785355756,"306.8363636363636"
"consumer-controlplane",1785355761,"311.09090909090907"
"consumer-controlplane",1785355766,"315.2"
"consumer-controlplane",1785355771,"317.72727272727275"
"consumer-controlplane",1785355776,"321.9090909090909"
"consumer-controlplane",1785355781,"323.05454545454546"
"consumer-controlplane",1785355786,"322.5272727272727"
"consumer-controlplane",1785355791,"321.9090909090909"
"consumer-controlplane",1785355796,"318.45454545454544"
"consumer-controlplane",1785355801,"314.05454545454546"
"consumer-controlplane",1785355806,"309"
"consumer-controlplane",1785355811,"307.8727272727273"
"consumer-controlplane",1785355816,"309.1454545454545"
"consumer-controlplane",1785355821,"309.3818181818182"
"consumer-controlplane",1785355826,"307.96363636363634"
"consumer-controlplane",1785355831,"305.94545454545454"
"consumer-controlplane",1785355836,"305.0363636363636"
"consumer-controlplane",1785355841,"304.16363636363633"
"consumer-controlplane",1785355846,"302.3272727272727"
"consumer-controlplane",1785355851,"304.27272727272725"
"consumer-controlplane",1785355856,"305.1454545454545"
"consumer-controlplane",1785355861,"305.76363636363635"
"consumer-controlplane",1785355866,"305.45454545454544"
"consumer-controlplane",1785355871,"305.09090909090907"
"consumer-controlplane",1785355876,"307.54545454545456"
"consumer-controlplane",1785355881,"312.8727272727273"
"consumer-controlplane",1785355886,"318.2909090909091"
"consumer-controlplane",1785355891,"320.8727272727273"
"consumer-controlplane",1785355896,"324.47272727272724"
"consumer-controlplane",1785355901,"326.2"
"consumer-controlplane",1785355906,"327.8727272727273"
"consumer-controlplane",1785355911,"331.4181818181818"
"consumer-controlplane",1785355916,"334.9272727272727"
"consumer-controlplane",1785355921,"337.9818181818182"
"consumer-controlplane",1785355926,"342.0545454545454"
"consumer-controlplane",1785355931,"347.6363636363636"
"consumer-controlplane",1785355936,"352.1090909090909"
"consumer-controlplane",1785355941,"354.0545454545454"
"consumer-controlplane",1785355946,"356.8363636363636"
"consumer-controlplane",1785355951,"358.72727272727275"
"consumer-controlplane",1785355956,"362.9818181818182"
"consumer-controlplane",1785355961,"365.8727272727272"
"consumer-controlplane",1785355966,"366.07272727272726"
"consumer-controlplane",1785355971,"365.3636363636364"
"consumer-controlplane",1785355976,"362.96363636363634"
"consumer-controlplane",1785355981,"361.63636363636357"
"consumer-controlplane",1785355986,"359.5636363636363"
"consumer-controlplane",1785355991,"360.54545454545456"
"consumer-controlplane",1785355996,"361.8545454545454"
"consumer-controlplane",1785356001,"362.05454545454546"
"consumer-controlplane",1785356006,"361.8545454545454"
"consumer-controlplane",1785356011,"359.94545454545454"
"consumer-controlplane",1785356016,"359.1454545454545"
"consumer-controlplane",1785356021,"359.9818181818182"
"consumer-controlplane",1785356026,"364.16363636363633"
"consumer-controlplane",1785356031,"368.1454545454545"
"consumer-controlplane",1785356036,"369.96363636363634"
"consumer-controlplane",1785356041,"373.4363636363636"
"consumer-controlplane",1785356046,"373.96363636363634"
"consumer-controlplane",1785356051,"378.3454545454546"
"consumer-controlplane",1785356056,"383.8"
"consumer-controlplane",1785356061,"390.5090909090909"
"consumer-controlplane",1785356066,"396.6545454545454"
"consumer-controlplane",1785356071,"400.8181818181818"
"consumer-controlplane",1785356076,"403.3636363636363"
"consumer-controlplane",1785356081,"404.2909090909091"
"consumer-controlplane",1785356086,"405"
"consumer-controlplane",1785356091,"408.27272727272725"
"consumer-controlplane",1785356096,"408.8727272727272"
"consumer-controlplane",1785356101,"408.8"
"consumer-controlplane",1785356106,"408.3636363636363"
"consumer-controlplane",1785356111,"409.3636363636363"
"consumer-controlplane",1785356116,"410.16363636363633"
"consumer-controlplane",1785356121,"411.0545454545454"
"consumer-controlplane",1785356126,"411.8545454545455"
"consumer-controlplane",1785356131,"412.5272727272727"
"consumer-controlplane",1785356136,"413.76363636363635"
"consumer-controlplane",1785356141,"414.3272727272727"
"consumer-controlplane",1785356146,"413.98181818181814"
"consumer-controlplane",1785356151,"412.76363636363635"
"consumer-controlplane",1785356156,"413.5090909090909"
"consumer-controlplane",1785356161,"413.3454545454545"
"consumer-controlplane",1785356166,"413.4181818181818"
"consumer-controlplane",1785356171,"415.3454545454545"
"consumer-controlplane",1785356176,"416.30909090909086"
"consumer-controlplane",1785356181,"417.8727272727272"
"consumer-controlplane",1785356186,"419.56363636363636"
"consumer-controlplane",1785356191,"420.9090909090909"
"consumer-controlplane",1785356196,"422.96363636363634"
"consumer-controlplane",1785356201,"422.7272727272727"
"consumer-controlplane",1785356206,"421.90909090909093"
"consumer-controlplane",1785356211,"421.45454545454544"
"consumer-controlplane",1785356216,"421.3636363636364"
"consumer-controlplane",1785356221,"420.92727272727274"
"consumer-controlplane",1785356226,"420.4909090909091"
"consumer-controlplane",1785356231,"421.0727272727272"
"consumer-controlplane",1785356236,"423.2909090909091"
"consumer-controlplane",1785356241,"426.23636363636365"
"consumer-controlplane",1785356246,"427.43636363636364"
"consumer-controlplane",1785356251,"427.3636363636363"
"consumer-controlplane",1785356256,"428.8909090909091"
"consumer-controlplane",1785356261,"431.0363636363636"
"consumer-controlplane",1785356266,"431.7454545454545"
"consumer-controlplane",1785356271,"430.3636363636363"
"consumer-controlplane",1785356276,"429.3272727272727"
"consumer-controlplane",1785356281,"427.67272727272723"
"consumer-controlplane",1785356286,"427.7090909090909"
"consumer-controlplane",1785356291,"425.4"
"consumer-controlplane",1785356296,"424.5090909090909"
"consumer-controlplane",1785356301,"423.8181818181818"
"consumer-controlplane",1785356306,"424.45454545454544"
"consumer-controlplane",1785356311,"424.6363636363636"
"consumer-controlplane",1785356316,"427.5272727272727"
"consumer-controlplane",1785356321,"430.1272727272727"
"consumer-controlplane",1785356326,"431.5272727272727"
"consumer-controlplane",1785356331,"432.58181818181816"
"consumer-controlplane",1785356336,"433.23636363636365"
"consumer-controlplane",1785356341,"431.8363636363636"
"consumer-controlplane",1785356346,"431.8545454545454"
"consumer-controlplane",1785356351,"431.8363636363636"
"consumer-controlplane",1785356356,"431.43636363636364"
"consumer-controlplane",1785356361,"430.3454545454545"
"consumer-controlplane",1785356366,"428.6"
"consumer-controlplane",1785356371,"426.78181818181815"
"consumer-controlplane",1785356376,"426.56363636363636"
"consumer-controlplane",1785356381,"428.8909090909091"
"consumer-controlplane",1785356386,"428.8727272727273"
"consumer-controlplane",1785356391,"428.3454545454545"
"consumer-controlplane",1785356396,"428.5272727272727"
"consumer-controlplane",1785356401,"428.2363636363636"
"consumer-controlplane",1785356406,"427.4181818181818"
"consumer-controlplane",1785356411,"428.2363636363636"
"consumer-controlplane",1785356416,"428.9818181818182"
"consumer-controlplane",1785356421,"429.4"
"consumer-controlplane",1785356426,"429"
"consumer-controlplane",1785356431,"427.1454545454545"
"consumer-controlplane",1785356436,"426.79999999999995"
"consumer-controlplane",1785356441,"427.0909090909091"
"consumer-controlplane",1785356446,"426.6545454545454"
"consumer-controlplane",1785356451,"427.6545454545454"
"consumer-controlplane",1785356456,"428.6727272727273"
"consumer-controlplane",1785356461,"428.4909090909091"
"consumer-controlplane",1785356466,"426.78181818181815"
"consumer-controlplane",1785356471,"418.92727272727274"
"consumer-controlplane",1785356476,"408.0363636363636"
"consumer-controlplane",1785356481,"390.1818181818182"
"consumer-controlplane",1785356486,"368.3818181818182"
"consumer-controlplane",1785356491,"341.16363636363633"
"consumer-controlplane",1785356496,"306.6545454545455"
"consumer-controlplane",1785356501,"269.16363636363633"
"consumer-dataplane",1785352856,"0.01818181818181818"
"consumer-dataplane",1785352861,"0.01818181818181818"
"consumer-dataplane",1785352866,"0.01818181818181818"
"consumer-dataplane",1785352871,"0.01818181818181818"
"consumer-dataplane",1785352876,"0.01818181818181818"
"consumer-dataplane",1785352881,"0.01818181818181818"
"consumer-dataplane",1785352886,"0.01818181818181818"
"consumer-dataplane",1785352891,"0.01818181818181818"
"consumer-dataplane",1785352896,"0.01818181818181818"
"consumer-dataplane",1785352901,"0.01818181818181818"
"consumer-dataplane",1785352906,"0.01818181818181818"
"consumer-dataplane",1785352911,"0"
"consumer-dataplane",1785352916,"0.01818181818181818"
"consumer-dataplane",1785352921,"0.01818181818181818"
"consumer-dataplane",1785352926,"0.01818181818181818"
"consumer-dataplane",1785352931,"0.01818181818181818"
"consumer-dataplane",1785352936,"0.01818181818181818"
"consumer-dataplane",1785352941,"0.01818181818181818"
"consumer-dataplane",1785352946,"0.01818181818181818"
"consumer-dataplane",1785352951,"0.01818181818181818"
"consumer-dataplane",1785352956,"0.01818181818181818"
"consumer-dataplane",1785352961,"0.01818181818181818"
"consumer-dataplane",1785352966,"0.01818181818181818"
"consumer-dataplane",1785352971,"0"
"consumer-dataplane",1785352976,"0.01818181818181818"
"consumer-dataplane",1785352981,"0.01818181818181818"
"consumer-dataplane",1785352986,"0.01818181818181818"
"consumer-dataplane",1785352991,"0.01818181818181818"
"consumer-dataplane",1785352996,"0.01818181818181818"
"consumer-dataplane",1785353001,"0.01818181818181818"
"consumer-dataplane",1785353006,"0.01818181818181818"
"consumer-dataplane",1785353011,"0.01818181818181818"
"consumer-dataplane",1785353016,"0.01818181818181818"
"consumer-dataplane",1785353021,"0.01818181818181818"
"consumer-dataplane",1785353026,"0.01818181818181818"
"consumer-dataplane",1785353031,"0"
"consumer-dataplane",1785353036,"0.01818181818181818"
"consumer-dataplane",1785353041,"0.01818181818181818"
"consumer-dataplane",1785353046,"0.01818181818181818"
"consumer-dataplane",1785353051,"0.01818181818181818"
"consumer-dataplane",1785353056,"0.01818181818181818"
"consumer-dataplane",1785353061,"0.01818181818181818"
"consumer-dataplane",1785353066,"0.01818181818181818"
"consumer-dataplane",1785353071,"0.01818181818181818"
"consumer-dataplane",1785353076,"0.01818181818181818"
"consumer-dataplane",1785353081,"0.01818181818181818"
"consumer-dataplane",1785353086,"0.01818181818181818"
"consumer-dataplane",1785353091,"0"
"consumer-dataplane",1785353096,"0.01818181818181818"
"consumer-dataplane",1785353101,"0.01818181818181818"
"consumer-dataplane",1785353106,"0.01818181818181818"
"consumer-dataplane",1785353111,"0.01818181818181818"
"consumer-dataplane",1785353116,"0.01818181818181818"
"consumer-dataplane",1785353121,"0.01818181818181818"
"consumer-dataplane",1785353126,"0.01818181818181818"
"consumer-dataplane",1785353131,"0.01818181818181818"
"consumer-dataplane",1785353136,"0.01818181818181818"
"consumer-dataplane",1785353141,"0.01818181818181818"
"consumer-dataplane",1785353146,"0.01818181818181818"
"consumer-dataplane",1785353151,"0"
"consumer-dataplane",1785353156,"0.01818181818181818"
"consumer-dataplane",1785353161,"0.01818181818181818"
"consumer-dataplane",1785353166,"0.01818181818181818"
"consumer-dataplane",1785353171,"0.01818181818181818"
"consumer-dataplane",1785353176,"0.01818181818181818"
"consumer-dataplane",1785353181,"0.01818181818181818"
"consumer-dataplane",1785353186,"0.01818181818181818"
"consumer-dataplane",1785353191,"0.01818181818181818"
"consumer-dataplane",1785353196,"0.01818181818181818"
"consumer-dataplane",1785353201,"0.01818181818181818"
"consumer-dataplane",1785353206,"0.01818181818181818"
"consumer-dataplane",1785353211,"0"
"consumer-dataplane",1785353216,"0.01818181818181818"
"consumer-dataplane",1785353221,"0.01818181818181818"
"consumer-dataplane",1785353226,"0.01818181818181818"
"consumer-dataplane",1785353231,"0.01818181818181818"
"consumer-dataplane",1785353236,"0.01818181818181818"
"consumer-dataplane",1785353241,"0.01818181818181818"
"consumer-dataplane",1785353246,"0.01818181818181818"
"consumer-dataplane",1785353251,"0.01818181818181818"
"consumer-dataplane",1785353256,"0.01818181818181818"
"consumer-dataplane",1785353261,"0.01818181818181818"
"consumer-dataplane",1785353266,"0.01818181818181818"
"consumer-dataplane",1785353271,"0"
"consumer-dataplane",1785353276,"0.01818181818181818"
"consumer-dataplane",1785353281,"0.01818181818181818"
"consumer-dataplane",1785353286,"0.01818181818181818"
"consumer-dataplane",1785353291,"0.01818181818181818"
"consumer-dataplane",1785353296,"0.01818181818181818"
"consumer-dataplane",1785353301,"0.01818181818181818"
"consumer-dataplane",1785353306,"0.01818181818181818"
"consumer-dataplane",1785353311,"0.01818181818181818"
"consumer-dataplane",1785353316,"0.01818181818181818"
"consumer-dataplane",1785353321,"0.01818181818181818"
"consumer-dataplane",1785353326,"0.01818181818181818"
"consumer-dataplane",1785353331,"0"
"consumer-dataplane",1785353336,"0"
"consumer-dataplane",1785353341,"0.01818181818181818"
"consumer-dataplane",1785353346,"0.01818181818181818"
"consumer-dataplane",1785353351,"0.01818181818181818"
"consumer-dataplane",1785353356,"0.01818181818181818"
"consumer-dataplane",1785353361,"0.01818181818181818"
"consumer-dataplane",1785353366,"0.01818181818181818"
"consumer-dataplane",1785353371,"0.01818181818181818"
"consumer-dataplane",1785353376,"0.01818181818181818"
"consumer-dataplane",1785353381,"0.01818181818181818"
"consumer-dataplane",1785353386,"0.01818181818181818"
"consumer-dataplane",1785353391,"0.01818181818181818"
"consumer-dataplane",1785353396,"0"
"consumer-dataplane",1785353401,"0.01818181818181818"
"consumer-dataplane",1785353406,"0.01818181818181818"
"consumer-dataplane",1785353411,"0.01818181818181818"
"consumer-dataplane",1785353416,"0.01818181818181818"
"consumer-dataplane",1785353421,"0.01818181818181818"
"consumer-dataplane",1785353426,"0.01818181818181818"
"consumer-dataplane",1785353431,"0.01818181818181818"
"consumer-dataplane",1785353436,"0.01818181818181818"
"consumer-dataplane",1785353441,"0.01818181818181818"
"consumer-dataplane",1785353446,"0.01818181818181818"
"consumer-dataplane",1785353451,"0.01818181818181818"
"consumer-dataplane",1785353456,"0"
"consumer-dataplane",1785353461,"0.01818181818181818"
"consumer-dataplane",1785353466,"0.01818181818181818"
"consumer-dataplane",1785353471,"0.01818181818181818"
"consumer-dataplane",1785353476,"0.01818181818181818"
"consumer-dataplane",1785353481,"0.01818181818181818"
"consumer-dataplane",1785353486,"0.01818181818181818"
"consumer-dataplane",1785353491,"0.01818181818181818"
"consumer-dataplane",1785353496,"0.01818181818181818"
"consumer-dataplane",1785353501,"0.01818181818181818"
"consumer-dataplane",1785353506,"0.01818181818181818"
"consumer-dataplane",1785353511,"0.01818181818181818"
"consumer-dataplane",1785353516,"0"
"consumer-dataplane",1785353521,"0.01818181818181818"
"consumer-dataplane",1785353526,"0.01818181818181818"
"consumer-dataplane",1785353531,"0.01818181818181818"
"consumer-dataplane",1785353536,"0.01818181818181818"
"consumer-dataplane",1785353541,"0.01818181818181818"
"consumer-dataplane",1785353546,"0.01818181818181818"
"consumer-dataplane",1785353551,"0.01818181818181818"
"consumer-dataplane",1785353556,"0.01818181818181818"
"consumer-dataplane",1785353561,"0.01818181818181818"
"consumer-dataplane",1785353566,"0.01818181818181818"
"consumer-dataplane",1785353571,"0.01818181818181818"
"consumer-dataplane",1785353576,"0"
"consumer-dataplane",1785353581,"0.01818181818181818"
"consumer-dataplane",1785353586,"0.01818181818181818"
"consumer-dataplane",1785353591,"0.01818181818181818"
"consumer-dataplane",1785353596,"0.01818181818181818"
"consumer-dataplane",1785353601,"0.01818181818181818"
"consumer-dataplane",1785353606,"0.01818181818181818"
"consumer-dataplane",1785353611,"0.01818181818181818"
"consumer-dataplane",1785353616,"0.01818181818181818"
"consumer-dataplane",1785353621,"0.01818181818181818"
"consumer-dataplane",1785353626,"0.01818181818181818"
"consumer-dataplane",1785353631,"0.01818181818181818"
"consumer-dataplane",1785353636,"0"
"consumer-dataplane",1785353641,"0.01818181818181818"
"consumer-dataplane",1785353646,"0.01818181818181818"
"consumer-dataplane",1785353651,"0.01818181818181818"
"consumer-dataplane",1785353656,"0.01818181818181818"
"consumer-dataplane",1785353661,"0.01818181818181818"
"consumer-dataplane",1785353666,"0.01818181818181818"
"consumer-dataplane",1785353671,"0.01818181818181818"
"consumer-dataplane",1785353676,"0.01818181818181818"
"consumer-dataplane",1785353681,"0.01818181818181818"
"consumer-dataplane",1785353686,"0.01818181818181818"
"consumer-dataplane",1785353691,"0.01818181818181818"
"consumer-dataplane",1785353696,"0"
"consumer-dataplane",1785353701,"0.01818181818181818"
"consumer-dataplane",1785353706,"0.01818181818181818"
"consumer-dataplane",1785353711,"0.01818181818181818"
"consumer-dataplane",1785353716,"0.01818181818181818"
"consumer-dataplane",1785353721,"0.01818181818181818"
"consumer-dataplane",1785353726,"0.01818181818181818"
"consumer-dataplane",1785353731,"0.01818181818181818"
"consumer-dataplane",1785353736,"0.01818181818181818"
"consumer-dataplane",1785353741,"0.01818181818181818"
"consumer-dataplane",1785353746,"0.01818181818181818"
"consumer-dataplane",1785353751,"0.01818181818181818"
"consumer-dataplane",1785353756,"0"
"consumer-dataplane",1785353761,"0.01818181818181818"
"consumer-dataplane",1785353766,"0.01818181818181818"
"consumer-dataplane",1785353771,"0.01818181818181818"
"consumer-dataplane",1785353776,"0.01818181818181818"
"consumer-dataplane",1785353781,"0.01818181818181818"
"consumer-dataplane",1785353786,"0.01818181818181818"
"consumer-dataplane",1785353791,"0.01818181818181818"
"consumer-dataplane",1785353796,"0.01818181818181818"
"consumer-dataplane",1785353801,"0.01818181818181818"
"consumer-dataplane",1785353806,"0.01818181818181818"
"consumer-dataplane",1785353811,"0.01818181818181818"
"consumer-dataplane",1785353816,"0"
"consumer-dataplane",1785353821,"0.01818181818181818"
"consumer-dataplane",1785353826,"0.01818181818181818"
"consumer-dataplane",1785353831,"0.01818181818181818"
"consumer-dataplane",1785353836,"0.01818181818181818"
"consumer-dataplane",1785353841,"0.01818181818181818"
"consumer-dataplane",1785353846,"0.01818181818181818"
"consumer-dataplane",1785353851,"0.01818181818181818"
"consumer-dataplane",1785353856,"0.01818181818181818"
"consumer-dataplane",1785353861,"0.01818181818181818"
"consumer-dataplane",1785353866,"0.01818181818181818"
"consumer-dataplane",1785353871,"0.01818181818181818"
"consumer-dataplane",1785353876,"0"
"consumer-dataplane",1785353881,"0"
"consumer-dataplane",1785353886,"0.01818181818181818"
"consumer-dataplane",1785353891,"0.01818181818181818"
"consumer-dataplane",1785353896,"0.01818181818181818"
"consumer-dataplane",1785353901,"0.01818181818181818"
"consumer-dataplane",1785353906,"0.01818181818181818"
"consumer-dataplane",1785353911,"0.01818181818181818"
"consumer-dataplane",1785353916,"0.01818181818181818"
"consumer-dataplane",1785353921,"0.01818181818181818"
"consumer-dataplane",1785353926,"0.01818181818181818"
"consumer-dataplane",1785353931,"0.01818181818181818"
"consumer-dataplane",1785353936,"0.01818181818181818"
"consumer-dataplane",1785353941,"0"
"consumer-dataplane",1785353946,"0.01818181818181818"
"consumer-dataplane",1785353951,"0.01818181818181818"
"consumer-dataplane",1785353956,"0.01818181818181818"
"consumer-dataplane",1785353961,"0.01818181818181818"
"consumer-dataplane",1785353966,"0.01818181818181818"
"consumer-dataplane",1785353971,"0.01818181818181818"
"consumer-dataplane",1785353976,"0.01818181818181818"
"consumer-dataplane",1785353981,"0.01818181818181818"
"consumer-dataplane",1785353986,"0.01818181818181818"
"consumer-dataplane",1785353991,"0.01818181818181818"
"consumer-dataplane",1785353996,"0.01818181818181818"
"consumer-dataplane",1785354001,"0"
"consumer-dataplane",1785354006,"0.01818181818181818"
"consumer-dataplane",1785354011,"0.01818181818181818"
"consumer-dataplane",1785354016,"0.01818181818181818"
"consumer-dataplane",1785354021,"0.01818181818181818"
"consumer-dataplane",1785354026,"0.01818181818181818"
"consumer-dataplane",1785354031,"0.01818181818181818"
"consumer-dataplane",1785354036,"0.01818181818181818"
"consumer-dataplane",1785354041,"0.01818181818181818"
"consumer-dataplane",1785354046,"0.01818181818181818"
"consumer-dataplane",1785354051,"0.01818181818181818"
"consumer-dataplane",1785354056,"0.01818181818181818"
"consumer-dataplane",1785354061,"0"
"consumer-dataplane",1785354066,"0.01818181818181818"
"consumer-dataplane",1785354071,"0.01818181818181818"
"consumer-dataplane",1785354076,"0.01818181818181818"
"consumer-dataplane",1785354081,"0.01818181818181818"
"consumer-dataplane",1785354086,"0.01818181818181818"
"consumer-dataplane",1785354091,"0.01818181818181818"
"consumer-dataplane",1785354096,"0.01818181818181818"
"consumer-dataplane",1785354101,"0.01818181818181818"
"consumer-dataplane",1785354106,"0.01818181818181818"
"consumer-dataplane",1785354111,"0.01818181818181818"
"consumer-dataplane",1785354116,"0.01818181818181818"
"consumer-dataplane",1785354121,"0"
"consumer-dataplane",1785354126,"0.01818181818181818"
"consumer-dataplane",1785354131,"0.01818181818181818"
"consumer-dataplane",1785354136,"0.01818181818181818"
"consumer-dataplane",1785354141,"0.01818181818181818"
"consumer-dataplane",1785354146,"0.01818181818181818"
"consumer-dataplane",1785354151,"0.01818181818181818"
"consumer-dataplane",1785354156,"0.01818181818181818"
"consumer-dataplane",1785354161,"0.01818181818181818"
"consumer-dataplane",1785354166,"0.01818181818181818"
"consumer-dataplane",1785354171,"0.01818181818181818"
"consumer-dataplane",1785354176,"0.01818181818181818"
"consumer-dataplane",1785354181,"0"
"consumer-dataplane",1785354186,"0.01818181818181818"
"consumer-dataplane",1785354191,"0.01818181818181818"
"consumer-dataplane",1785354196,"0.01818181818181818"
"consumer-dataplane",1785354201,"0.01818181818181818"
"consumer-dataplane",1785354206,"0.01818181818181818"
"consumer-dataplane",1785354211,"0.01818181818181818"
"consumer-dataplane",1785354216,"0.01818181818181818"
"consumer-dataplane",1785354221,"0.01818181818181818"
"consumer-dataplane",1785354226,"0.01818181818181818"
"consumer-dataplane",1785354231,"0.01818181818181818"
"consumer-dataplane",1785354236,"0.01818181818181818"
"consumer-dataplane",1785354241,"0"
"consumer-dataplane",1785354246,"0.01818181818181818"
"consumer-dataplane",1785354251,"0.01818181818181818"
"consumer-dataplane",1785354256,"0.01818181818181818"
"consumer-dataplane",1785354261,"0.01818181818181818"
"consumer-dataplane",1785354266,"0.01818181818181818"
"consumer-dataplane",1785354271,"0.01818181818181818"
"consumer-dataplane",1785354276,"0.01818181818181818"
"consumer-dataplane",1785354281,"0.01818181818181818"
"consumer-dataplane",1785354286,"0.01818181818181818"
"consumer-dataplane",1785354291,"0.01818181818181818"
"consumer-dataplane",1785354296,"0.01818181818181818"
"consumer-dataplane",1785354301,"0"
"consumer-dataplane",1785354306,"0.01818181818181818"
"consumer-dataplane",1785354311,"0.01818181818181818"
"consumer-dataplane",1785354316,"0.01818181818181818"
"consumer-dataplane",1785354321,"0.01818181818181818"
"consumer-dataplane",1785354326,"0.01818181818181818"
"consumer-dataplane",1785354331,"0.01818181818181818"
"consumer-dataplane",1785354336,"0.01818181818181818"
"consumer-dataplane",1785354341,"0.01818181818181818"
"consumer-dataplane",1785354346,"0.01818181818181818"
"consumer-dataplane",1785354351,"0.01818181818181818"
"consumer-dataplane",1785354356,"0.01818181818181818"
"consumer-dataplane",1785354361,"0"
"consumer-dataplane",1785354366,"0"
"consumer-dataplane",1785354371,"0.01818181818181818"
"consumer-dataplane",1785354376,"0.01818181818181818"
"consumer-dataplane",1785354381,"0.01818181818181818"
"consumer-dataplane",1785354386,"0.01818181818181818"
"consumer-dataplane",1785354391,"0.01818181818181818"
"consumer-dataplane",1785354396,"0.01818181818181818"
"consumer-dataplane",1785354401,"0.01818181818181818"
"consumer-dataplane",1785354406,"0.01818181818181818"
"consumer-dataplane",1785354411,"0.01818181818181818"
"consumer-dataplane",1785354416,"0.01818181818181818"
"consumer-dataplane",1785354421,"0.01818181818181818"
"consumer-dataplane",1785354426,"0"
"consumer-dataplane",1785354431,"0.01818181818181818"
"consumer-dataplane",1785354436,"0.01818181818181818"
"consumer-dataplane",1785354441,"0.01818181818181818"
"consumer-dataplane",1785354446,"0.01818181818181818"
"consumer-dataplane",1785354451,"0.01818181818181818"
"consumer-dataplane",1785354456,"0.01818181818181818"
"consumer-dataplane",1785354461,"0.01818181818181818"
"consumer-dataplane",1785354466,"0.01818181818181818"
"consumer-dataplane",1785354471,"0.01818181818181818"
"consumer-dataplane",1785354476,"0.01818181818181818"
"consumer-dataplane",1785354481,"0.01818181818181818"
"consumer-dataplane",1785354486,"0"
"consumer-dataplane",1785354491,"0.01818181818181818"
"consumer-dataplane",1785354496,"0.01818181818181818"
"consumer-dataplane",1785354501,"0.01818181818181818"
"consumer-dataplane",1785354506,"0.01818181818181818"
"consumer-dataplane",1785354511,"0.01818181818181818"
"consumer-dataplane",1785354516,"0.01818181818181818"
"consumer-dataplane",1785354521,"0.01818181818181818"
"consumer-dataplane",1785354526,"0.01818181818181818"
"consumer-dataplane",1785354531,"0.01818181818181818"
"consumer-dataplane",1785354536,"0.01818181818181818"
"consumer-dataplane",1785354541,"0.01818181818181818"
"consumer-dataplane",1785354546,"0"
"consumer-dataplane",1785354551,"0"
"consumer-dataplane",1785354556,"0.01818181818181818"
"consumer-dataplane",1785354561,"0.01818181818181818"
"consumer-dataplane",1785354566,"0.01818181818181818"
"consumer-dataplane",1785354571,"0.01818181818181818"
"consumer-dataplane",1785354576,"0.01818181818181818"
"consumer-dataplane",1785354581,"0.01818181818181818"
"consumer-dataplane",1785354586,"0.01818181818181818"
"consumer-dataplane",1785354591,"0.01818181818181818"
"consumer-dataplane",1785354596,"0.01818181818181818"
"consumer-dataplane",1785354601,"0.01818181818181818"
"consumer-dataplane",1785354606,"0.01818181818181818"
"consumer-dataplane",1785354611,"0"
"consumer-dataplane",1785354616,"0.01818181818181818"
"consumer-dataplane",1785354621,"0.01818181818181818"
"consumer-dataplane",1785354626,"0.01818181818181818"
"consumer-dataplane",1785354631,"0.01818181818181818"
"consumer-dataplane",1785354636,"0.01818181818181818"
"consumer-dataplane",1785354641,"0.01818181818181818"
"consumer-dataplane",1785354646,"0.01818181818181818"
"consumer-dataplane",1785354651,"0.01818181818181818"
"consumer-dataplane",1785354656,"0.01818181818181818"
"consumer-dataplane",1785354661,"0.01818181818181818"
"consumer-dataplane",1785354666,"0.01818181818181818"
"consumer-dataplane",1785354671,"0"
"consumer-dataplane",1785354676,"0.01818181818181818"
"consumer-dataplane",1785354681,"0.01818181818181818"
"consumer-dataplane",1785354686,"0.01818181818181818"
"consumer-dataplane",1785354691,"0.01818181818181818"
"consumer-dataplane",1785354696,"0.01818181818181818"
"consumer-dataplane",1785354701,"0.01818181818181818"
"consumer-dataplane",1785354706,"0.01818181818181818"
"consumer-dataplane",1785354711,"0.01818181818181818"
"consumer-dataplane",1785354716,"0.01818181818181818"
"consumer-dataplane",1785354721,"0.01818181818181818"
"consumer-dataplane",1785354726,"0.01818181818181818"
"consumer-dataplane",1785354731,"0"
"consumer-dataplane",1785354736,"0.01818181818181818"
"consumer-dataplane",1785354741,"0.01818181818181818"
"consumer-dataplane",1785354746,"0.01818181818181818"
"consumer-dataplane",1785354751,"0.01818181818181818"
"consumer-dataplane",1785354756,"0.01818181818181818"
"consumer-dataplane",1785354761,"0.01818181818181818"
"consumer-dataplane",1785354766,"0.01818181818181818"
"consumer-dataplane",1785354771,"0.01818181818181818"
"consumer-dataplane",1785354776,"0.01818181818181818"
"consumer-dataplane",1785354781,"0.01818181818181818"
"consumer-dataplane",1785354786,"0.01818181818181818"
"consumer-dataplane",1785354791,"0"
"consumer-dataplane",1785354796,"0.01818181818181818"
"consumer-dataplane",1785354801,"0.01818181818181818"
"consumer-dataplane",1785354806,"0.01818181818181818"
"consumer-dataplane",1785354811,"0.01818181818181818"
"consumer-dataplane",1785354816,"0.01818181818181818"
"consumer-dataplane",1785354821,"0.01818181818181818"
"consumer-dataplane",1785354826,"0.01818181818181818"
"consumer-dataplane",1785354831,"0.01818181818181818"
"consumer-dataplane",1785354836,"0.01818181818181818"
"consumer-dataplane",1785354841,"0.01818181818181818"
"consumer-dataplane",1785354846,"0.01818181818181818"
"consumer-dataplane",1785354851,"0"
"consumer-dataplane",1785354856,"0.01818181818181818"
"consumer-dataplane",1785354861,"0.01818181818181818"
"consumer-dataplane",1785354866,"0.01818181818181818"
"consumer-dataplane",1785354871,"0.01818181818181818"
"consumer-dataplane",1785354876,"0.01818181818181818"
"consumer-dataplane",1785354881,"0.01818181818181818"
"consumer-dataplane",1785354886,"0.01818181818181818"
"consumer-dataplane",1785354891,"0.01818181818181818"
"consumer-dataplane",1785354896,"0.01818181818181818"
"consumer-dataplane",1785354901,"0.01818181818181818"
"consumer-dataplane",1785354906,"0.01818181818181818"
"consumer-dataplane",1785354911,"0"
"consumer-dataplane",1785354916,"0"
"consumer-dataplane",1785354921,"0.01818181818181818"
"consumer-dataplane",1785354926,"0.01818181818181818"
"consumer-dataplane",1785354931,"0.01818181818181818"
"consumer-dataplane",1785354936,"0.01818181818181818"
"consumer-dataplane",1785354941,"0.01818181818181818"
"consumer-dataplane",1785354946,"0.01818181818181818"
"consumer-dataplane",1785354951,"0.01818181818181818"
"consumer-dataplane",1785354956,"0.01818181818181818"
"consumer-dataplane",1785354961,"0.01818181818181818"
"consumer-dataplane",1785354966,"0.01818181818181818"
"consumer-dataplane",1785354971,"0.01818181818181818"
"consumer-dataplane",1785354976,"0.01818181818181818"
"consumer-dataplane",1785354981,"0.01818181818181818"
"consumer-dataplane",1785354986,"0.01818181818181818"
"consumer-dataplane",1785354991,"0.01818181818181818"
"consumer-dataplane",1785354996,"0.01818181818181818"
"consumer-dataplane",1785355001,"0.01818181818181818"
"consumer-dataplane",1785355006,"0.01818181818181818"
"consumer-dataplane",1785355011,"0.01818181818181818"
"consumer-dataplane",1785355016,"0.01818181818181818"
"consumer-dataplane",1785355021,"0.01818181818181818"
"consumer-dataplane",1785355026,"0.01818181818181818"
"consumer-dataplane",1785355031,"0"
"consumer-dataplane",1785355036,"0.01818181818181818"
"consumer-dataplane",1785355041,"0.01818181818181818"
"consumer-dataplane",1785355046,"0.01818181818181818"
"consumer-dataplane",1785355051,"0.01818181818181818"
"consumer-dataplane",1785355056,"0.01818181818181818"
"consumer-dataplane",1785355061,"0.01818181818181818"
"consumer-dataplane",1785355066,"0.01818181818181818"
"consumer-dataplane",1785355071,"0.01818181818181818"
"consumer-dataplane",1785355076,"0.01818181818181818"
"consumer-dataplane",1785355081,"0.01818181818181818"
"consumer-dataplane",1785355086,"0.01818181818181818"
"consumer-dataplane",1785355091,"0"
"consumer-dataplane",1785355096,"0.01818181818181818"
"consumer-dataplane",1785355101,"0.01818181818181818"
"consumer-dataplane",1785355106,"0.01818181818181818"
"consumer-dataplane",1785355111,"0.01818181818181818"
"consumer-dataplane",1785355116,"0.01818181818181818"
"consumer-dataplane",1785355121,"0.01818181818181818"
"consumer-dataplane",1785355126,"0.01818181818181818"
"consumer-dataplane",1785355131,"0.01818181818181818"
"consumer-dataplane",1785355136,"0.01818181818181818"
"consumer-dataplane",1785355141,"0.01818181818181818"
"consumer-dataplane",1785355146,"0.01818181818181818"
"consumer-dataplane",1785355151,"0"
"consumer-dataplane",1785355156,"0.01818181818181818"
"consumer-dataplane",1785355161,"0.01818181818181818"
"consumer-dataplane",1785355166,"0.01818181818181818"
"consumer-dataplane",1785355171,"0.01818181818181818"
"consumer-dataplane",1785355176,"0.01818181818181818"
"consumer-dataplane",1785355181,"0.01818181818181818"
"consumer-dataplane",1785355186,"0.01818181818181818"
"consumer-dataplane",1785355191,"0.01818181818181818"
"consumer-dataplane",1785355196,"0.01818181818181818"
"consumer-dataplane",1785355201,"0.01818181818181818"
"consumer-dataplane",1785355206,"0.01818181818181818"
"consumer-dataplane",1785355211,"0"
"consumer-dataplane",1785355216,"0.01818181818181818"
"consumer-dataplane",1785355221,"0.01818181818181818"
"consumer-dataplane",1785355226,"0.01818181818181818"
"consumer-dataplane",1785355231,"0.01818181818181818"
"consumer-dataplane",1785355236,"0.01818181818181818"
"consumer-dataplane",1785355241,"0.01818181818181818"
"consumer-dataplane",1785355246,"0.01818181818181818"
"consumer-dataplane",1785355251,"0.01818181818181818"
"consumer-dataplane",1785355256,"0.01818181818181818"
"consumer-dataplane",1785355261,"0.01818181818181818"
"consumer-dataplane",1785355266,"0.01818181818181818"
"consumer-dataplane",1785355271,"0"
"consumer-dataplane",1785355276,"0.01818181818181818"
"consumer-dataplane",1785355281,"0.01818181818181818"
"consumer-dataplane",1785355286,"0.01818181818181818"
"consumer-dataplane",1785355291,"0.01818181818181818"
"consumer-dataplane",1785355296,"0.01818181818181818"
"consumer-dataplane",1785355301,"0.01818181818181818"
"consumer-dataplane",1785355306,"0.01818181818181818"
"consumer-dataplane",1785355311,"0.01818181818181818"
"consumer-dataplane",1785355316,"0.01818181818181818"
"consumer-dataplane",1785355321,"0.01818181818181818"
"consumer-dataplane",1785355326,"0.01818181818181818"
"consumer-dataplane",1785355331,"0"
"consumer-dataplane",1785355336,"0"
"consumer-dataplane",1785355341,"0.01818181818181818"
"consumer-dataplane",1785355346,"0.01818181818181818"
"consumer-dataplane",1785355351,"0.01818181818181818"
"consumer-dataplane",1785355356,"0.01818181818181818"
"consumer-dataplane",1785355361,"0.01818181818181818"
"consumer-dataplane",1785355366,"0.01818181818181818"
"consumer-dataplane",1785355371,"0.01818181818181818"
"consumer-dataplane",1785355376,"0.01818181818181818"
"consumer-dataplane",1785355381,"0.01818181818181818"
"consumer-dataplane",1785355386,"0.01818181818181818"
"consumer-dataplane",1785355391,"0.01818181818181818"
"consumer-dataplane",1785355396,"0"
"consumer-dataplane",1785355401,"0.01818181818181818"
"consumer-dataplane",1785355406,"0.01818181818181818"
"consumer-dataplane",1785355411,"0.01818181818181818"
"consumer-dataplane",1785355416,"0.01818181818181818"
"consumer-dataplane",1785355421,"0.01818181818181818"
"consumer-dataplane",1785355426,"0.01818181818181818"
"consumer-dataplane",1785355431,"0.01818181818181818"
"consumer-dataplane",1785355436,"0.01818181818181818"
"consumer-dataplane",1785355441,"0.01818181818181818"
"consumer-dataplane",1785355446,"0.01818181818181818"
"consumer-dataplane",1785355451,"0.01818181818181818"
"consumer-dataplane",1785355456,"0"
"consumer-dataplane",1785355461,"0.01818181818181818"
"consumer-dataplane",1785355466,"0.01818181818181818"
"consumer-dataplane",1785355471,"0.01818181818181818"
"consumer-dataplane",1785355476,"0.01818181818181818"
"consumer-dataplane",1785355481,"0.01818181818181818"
"consumer-dataplane",1785355486,"0.01818181818181818"
"consumer-dataplane",1785355491,"0.01818181818181818"
"consumer-dataplane",1785355496,"0.01818181818181818"
"consumer-dataplane",1785355501,"0.01818181818181818"
"consumer-dataplane",1785355506,"0.01818181818181818"
"consumer-dataplane",1785355511,"0.01818181818181818"
"consumer-dataplane",1785355516,"0"
"consumer-dataplane",1785355521,"0.01818181818181818"
"consumer-dataplane",1785355526,"0.01818181818181818"
"consumer-dataplane",1785355531,"0.01818181818181818"
"consumer-dataplane",1785355536,"0.01818181818181818"
"consumer-dataplane",1785355541,"0.01818181818181818"
"consumer-dataplane",1785355546,"0.01818181818181818"
"consumer-dataplane",1785355551,"0.01818181818181818"
"consumer-dataplane",1785355556,"0.01818181818181818"
"consumer-dataplane",1785355561,"0.01818181818181818"
"consumer-dataplane",1785355566,"0.01818181818181818"
"consumer-dataplane",1785355571,"0.01818181818181818"
"consumer-dataplane",1785355576,"0"
"consumer-dataplane",1785355581,"0.01818181818181818"
"consumer-dataplane",1785355586,"0.01818181818181818"
"consumer-dataplane",1785355591,"0.01818181818181818"
"consumer-dataplane",1785355596,"0.01818181818181818"
"consumer-dataplane",1785355601,"0.01818181818181818"
"consumer-dataplane",1785355606,"0.01818181818181818"
"consumer-dataplane",1785355611,"0.01818181818181818"
"consumer-dataplane",1785355616,"0.01818181818181818"
"consumer-dataplane",1785355621,"0.01818181818181818"
"consumer-dataplane",1785355626,"0.01818181818181818"
"consumer-dataplane",1785355631,"0.01818181818181818"
"consumer-dataplane",1785355636,"0"
"consumer-dataplane",1785355641,"0.01818181818181818"
"consumer-dataplane",1785355646,"0.01818181818181818"
"consumer-dataplane",1785355651,"0.01818181818181818"
"consumer-dataplane",1785355656,"0.01818181818181818"
"consumer-dataplane",1785355661,"0.01818181818181818"
"consumer-dataplane",1785355666,"0.01818181818181818"
"consumer-dataplane",1785355671,"0.01818181818181818"
"consumer-dataplane",1785355676,"0.01818181818181818"
"consumer-dataplane",1785355681,"0.01818181818181818"
"consumer-dataplane",1785355686,"0.01818181818181818"
"consumer-dataplane",1785355691,"0.01818181818181818"
"consumer-dataplane",1785355696,"0"
"consumer-dataplane",1785355701,"0.01818181818181818"
"consumer-dataplane",1785355706,"0.01818181818181818"
"consumer-dataplane",1785355711,"0.01818181818181818"
"consumer-dataplane",1785355716,"0.01818181818181818"
"consumer-dataplane",1785355721,"0.01818181818181818"
"consumer-dataplane",1785355726,"0.01818181818181818"
"consumer-dataplane",1785355731,"0.01818181818181818"
"consumer-dataplane",1785355736,"0.01818181818181818"
"consumer-dataplane",1785355741,"0.01818181818181818"
"consumer-dataplane",1785355746,"0.01818181818181818"
"consumer-dataplane",1785355751,"0.01818181818181818"
"consumer-dataplane",1785355756,"0"
"consumer-dataplane",1785355761,"0"
"consumer-dataplane",1785355766,"0.01818181818181818"
"consumer-dataplane",1785355771,"0.01818181818181818"
"consumer-dataplane",1785355776,"0.01818181818181818"
"consumer-dataplane",1785355781,"0.01818181818181818"
"consumer-dataplane",1785355786,"0.01818181818181818"
"consumer-dataplane",1785355791,"0.01818181818181818"
"consumer-dataplane",1785355796,"0.01818181818181818"
"consumer-dataplane",1785355801,"0.01818181818181818"
"consumer-dataplane",1785355806,"0.01818181818181818"
"consumer-dataplane",1785355811,"0.01818181818181818"
"consumer-dataplane",1785355816,"0.01818181818181818"
"consumer-dataplane",1785355821,"0"
"consumer-dataplane",1785355826,"0.01818181818181818"
"consumer-dataplane",1785355831,"0.01818181818181818"
"consumer-dataplane",1785355836,"0.01818181818181818"
"consumer-dataplane",1785355841,"0.01818181818181818"
"consumer-dataplane",1785355846,"0.01818181818181818"
"consumer-dataplane",1785355851,"0.01818181818181818"
"consumer-dataplane",1785355856,"0.01818181818181818"
"consumer-dataplane",1785355861,"0.01818181818181818"
"consumer-dataplane",1785355866,"0.01818181818181818"
"consumer-dataplane",1785355871,"0.01818181818181818"
"consumer-dataplane",1785355876,"0.01818181818181818"
"consumer-dataplane",1785355881,"0"
"consumer-dataplane",1785355886,"0.01818181818181818"
"consumer-dataplane",1785355891,"0.01818181818181818"
"consumer-dataplane",1785355896,"0.01818181818181818"
"consumer-dataplane",1785355901,"0.01818181818181818"
"consumer-dataplane",1785355906,"0.01818181818181818"
"consumer-dataplane",1785355911,"0.01818181818181818"
"consumer-dataplane",1785355916,"0.01818181818181818"
"consumer-dataplane",1785355921,"0.01818181818181818"
"consumer-dataplane",1785355926,"0.01818181818181818"
"consumer-dataplane",1785355931,"0.01818181818181818"
"consumer-dataplane",1785355936,"0.01818181818181818"
"consumer-dataplane",1785355941,"0"
"consumer-dataplane",1785355946,"0.01818181818181818"
"consumer-dataplane",1785355951,"0.01818181818181818"
"consumer-dataplane",1785355956,"0.01818181818181818"
"consumer-dataplane",1785355961,"0.01818181818181818"
"consumer-dataplane",1785355966,"0.01818181818181818"
"consumer-dataplane",1785355971,"0.01818181818181818"
"consumer-dataplane",1785355976,"0.01818181818181818"
"consumer-dataplane",1785355981,"0.01818181818181818"
"consumer-dataplane",1785355986,"0.01818181818181818"
"consumer-dataplane",1785355991,"0.01818181818181818"
"consumer-dataplane",1785355996,"0.01818181818181818"
"consumer-dataplane",1785356001,"0"
"consumer-dataplane",1785356006,"0.01818181818181818"
"consumer-dataplane",1785356011,"0.01818181818181818"
"consumer-dataplane",1785356016,"0.01818181818181818"
"consumer-dataplane",1785356021,"0.01818181818181818"
"consumer-dataplane",1785356026,"0.01818181818181818"
"consumer-dataplane",1785356031,"0.01818181818181818"
"consumer-dataplane",1785356036,"0.01818181818181818"
"consumer-dataplane",1785356041,"0.01818181818181818"
"consumer-dataplane",1785356046,"0.01818181818181818"
"consumer-dataplane",1785356051,"0.01818181818181818"
"consumer-dataplane",1785356056,"0.01818181818181818"
"consumer-dataplane",1785356061,"0"
"consumer-dataplane",1785356066,"0.01818181818181818"
"consumer-dataplane",1785356071,"0.01818181818181818"
"consumer-dataplane",1785356076,"0.01818181818181818"
"consumer-dataplane",1785356081,"0.01818181818181818"
"consumer-dataplane",1785356086,"0.01818181818181818"
"consumer-dataplane",1785356091,"0.01818181818181818"
"consumer-dataplane",1785356096,"0.01818181818181818"
"consumer-dataplane",1785356101,"0.01818181818181818"
"consumer-dataplane",1785356106,"0.01818181818181818"
"consumer-dataplane",1785356111,"0.01818181818181818"
"consumer-dataplane",1785356116,"0.01818181818181818"
"consumer-dataplane",1785356121,"0"
"consumer-dataplane",1785356126,"0.01818181818181818"
"consumer-dataplane",1785356131,"0.01818181818181818"
"consumer-dataplane",1785356136,"0.01818181818181818"
"consumer-dataplane",1785356141,"0.01818181818181818"
"consumer-dataplane",1785356146,"0.01818181818181818"
"consumer-dataplane",1785356151,"0.01818181818181818"
"consumer-dataplane",1785356156,"0.01818181818181818"
"consumer-dataplane",1785356161,"0.01818181818181818"
"consumer-dataplane",1785356166,"0.01818181818181818"
"consumer-dataplane",1785356171,"0.01818181818181818"
"consumer-dataplane",1785356176,"0.01818181818181818"
"consumer-dataplane",1785356181,"0"
"consumer-dataplane",1785356186,"0.01818181818181818"
"consumer-dataplane",1785356191,"0.01818181818181818"
"consumer-dataplane",1785356196,"0.01818181818181818"
"consumer-dataplane",1785356201,"0.01818181818181818"
"consumer-dataplane",1785356206,"0.01818181818181818"
"consumer-dataplane",1785356211,"0.01818181818181818"
"consumer-dataplane",1785356216,"0.01818181818181818"
"consumer-dataplane",1785356221,"0.01818181818181818"
"consumer-dataplane",1785356226,"0.01818181818181818"
"consumer-dataplane",1785356231,"0.01818181818181818"
"consumer-dataplane",1785356236,"0.01818181818181818"
"consumer-dataplane",1785356241,"0"
"consumer-dataplane",1785356246,"0.01818181818181818"
"consumer-dataplane",1785356251,"0.01818181818181818"
"consumer-dataplane",1785356256,"0.01818181818181818"
"consumer-dataplane",1785356261,"0.01818181818181818"
"consumer-dataplane",1785356266,"0.01818181818181818"
"consumer-dataplane",1785356271,"0.01818181818181818"
"consumer-dataplane",1785356276,"0.01818181818181818"
"consumer-dataplane",1785356281,"0.01818181818181818"
"consumer-dataplane",1785356286,"0.01818181818181818"
"consumer-dataplane",1785356291,"0.01818181818181818"
"consumer-dataplane",1785356296,"0.01818181818181818"
"consumer-dataplane",1785356301,"0"
"consumer-dataplane",1785356306,"0"
"consumer-dataplane",1785356311,"0.01818181818181818"
"consumer-dataplane",1785356316,"0.01818181818181818"
"consumer-dataplane",1785356321,"0.01818181818181818"
"consumer-dataplane",1785356326,"0.01818181818181818"
"consumer-dataplane",1785356331,"0.01818181818181818"
"consumer-dataplane",1785356336,"0.01818181818181818"
"consumer-dataplane",1785356341,"0.01818181818181818"
"consumer-dataplane",1785356346,"0.01818181818181818"
"consumer-dataplane",1785356351,"0.01818181818181818"
"consumer-dataplane",1785356356,"0.01818181818181818"
"consumer-dataplane",1785356361,"0.01818181818181818"
"consumer-dataplane",1785356366,"0"
"consumer-dataplane",1785356371,"0.01818181818181818"
"consumer-dataplane",1785356376,"0.01818181818181818"
"consumer-dataplane",1785356381,"0.01818181818181818"
"consumer-dataplane",1785356386,"0.01818181818181818"
"consumer-dataplane",1785356391,"0.01818181818181818"
"consumer-dataplane",1785356396,"0.01818181818181818"
"consumer-dataplane",1785356401,"0.01818181818181818"
"consumer-dataplane",1785356406,"0.01818181818181818"
"consumer-dataplane",1785356411,"0.01818181818181818"
"consumer-dataplane",1785356416,"0.01818181818181818"
"consumer-dataplane",1785356421,"0.01818181818181818"
"consumer-dataplane",1785356426,"0"
"consumer-dataplane",1785356431,"0.01818181818181818"
"consumer-dataplane",1785356436,"0.01818181818181818"
"consumer-dataplane",1785356441,"0.01818181818181818"
"consumer-dataplane",1785356446,"0.01818181818181818"
"consumer-dataplane",1785356451,"0.01818181818181818"
"consumer-dataplane",1785356456,"0.01818181818181818"
"consumer-dataplane",1785356461,"0.01818181818181818"
"consumer-dataplane",1785356466,"0.01818181818181818"
"consumer-dataplane",1785356471,"0.01818181818181818"
"consumer-dataplane",1785356476,"0.01818181818181818"
"consumer-dataplane",1785356481,"0.01818181818181818"
"consumer-dataplane",1785356486,"0"
"consumer-dataplane",1785356491,"0.01818181818181818"
"consumer-dataplane",1785356496,"0.01818181818181818"
"consumer-dataplane",1785356501,"0.01818181818181818"
"provider-controlplane",1785352856,"8.145454545454545"
"provider-controlplane",1785352861,"7.8"
"provider-controlplane",1785352866,"7.3999999999999995"
"provider-controlplane",1785352871,"7.545454545454545"
"provider-controlplane",1785352876,"8.036363636363635"
"provider-controlplane",1785352881,"8.363636363636363"
"provider-controlplane",1785352886,"8.581818181818182"
"provider-controlplane",1785352891,"9.072727272727272"
"provider-controlplane",1785352896,"9.309090909090909"
"provider-controlplane",1785352901,"9.854545454545454"
"provider-controlplane",1785352906,"10.145454545454545"
"provider-controlplane",1785352911,"10.454545454545455"
"provider-controlplane",1785352916,"11.272727272727272"
"provider-controlplane",1785352921,"11.98181818181818"
"provider-controlplane",1785352926,"11.945454545454545"
"provider-controlplane",1785352931,"12.127272727272727"
"provider-controlplane",1785352936,"12.290909090909091"
"provider-controlplane",1785352941,"12.218181818181817"
"provider-controlplane",1785352946,"11.98181818181818"
"provider-controlplane",1785352951,"12.254545454545454"
"provider-controlplane",1785352956,"12.309090909090909"
"provider-controlplane",1785352961,"12.345454545454546"
"provider-controlplane",1785352966,"12.363636363636363"
"provider-controlplane",1785352971,"12.2"
"provider-controlplane",1785352976,"12.218181818181817"
"provider-controlplane",1785352981,"12.181818181818182"
"provider-controlplane",1785352986,"11.854545454545454"
"provider-controlplane",1785352991,"12.072727272727272"
"provider-controlplane",1785352996,"12.236363636363636"
"provider-controlplane",1785353001,"12.363636363636363"
"provider-controlplane",1785353006,"12.127272727272727"
"provider-controlplane",1785353011,"12.163636363636364"
"provider-controlplane",1785353016,"12.072727272727272"
"provider-controlplane",1785353021,"12.145454545454545"
"provider-controlplane",1785353026,"12.254545454545454"
"provider-controlplane",1785353031,"12.10909090909091"
"provider-controlplane",1785353036,"12.472727272727273"
"provider-controlplane",1785353041,"12.363636363636363"
"provider-controlplane",1785353046,"11.909090909090908"
"provider-controlplane",1785353051,"12.145454545454545"
"provider-controlplane",1785353056,"12.218181818181817"
"provider-controlplane",1785353061,"12.236363636363636"
"provider-controlplane",1785353066,"11.89090909090909"
"provider-controlplane",1785353071,"12.290909090909091"
"provider-controlplane",1785353076,"12.272727272727272"
"provider-controlplane",1785353081,"12.036363636363635"
"provider-controlplane",1785353086,"12.418181818181818"
"provider-controlplane",1785353091,"12.163636363636362"
"provider-controlplane",1785353096,"12.454545454545453"
"provider-controlplane",1785353101,"12.436363636363636"
"provider-controlplane",1785353106,"12.399999999999999"
"provider-controlplane",1785353111,"12.2"
"provider-controlplane",1785353116,"12.236363636363636"
"provider-controlplane",1785353121,"12.454545454545453"
"provider-controlplane",1785353126,"12.127272727272727"
"provider-controlplane",1785353131,"11.981818181818182"
"provider-controlplane",1785353136,"12.218181818181819"
"provider-controlplane",1785353141,"12.054545454545455"
"provider-controlplane",1785353146,"12.181818181818182"
"provider-controlplane",1785353151,"12.09090909090909"
"provider-controlplane",1785353156,"12.163636363636362"
"provider-controlplane",1785353161,"11.654545454545454"
"provider-controlplane",1785353166,"11.799999999999999"
"provider-controlplane",1785353171,"12.072727272727272"
"provider-controlplane",1785353176,"12.181818181818182"
"provider-controlplane",1785353181,"12.236363636363636"
"provider-controlplane",1785353186,"12.381818181818181"
"provider-controlplane",1785353191,"12.327272727272726"
"provider-controlplane",1785353196,"12.327272727272728"
"provider-controlplane",1785353201,"12.290909090909091"
"provider-controlplane",1785353206,"12.09090909090909"
"provider-controlplane",1785353211,"12.436363636363636"
"provider-controlplane",1785353216,"12.509090909090908"
"provider-controlplane",1785353221,"12.399999999999999"
"provider-controlplane",1785353226,"12.2"
"provider-controlplane",1785353231,"12.236363636363636"
"provider-controlplane",1785353236,"12.072727272727272"
"provider-controlplane",1785353241,"12.236363636363636"
"provider-controlplane",1785353246,"12.145454545454545"
"provider-controlplane",1785353251,"12.072727272727272"
"provider-controlplane",1785353256,"12.163636363636364"
"provider-controlplane",1785353261,"12.418181818181818"
"provider-controlplane",1785353266,"11.963636363636363"
"provider-controlplane",1785353271,"12.345454545454546"
"provider-controlplane",1785353276,"12.218181818181817"
"provider-controlplane",1785353281,"12"
"provider-controlplane",1785353286,"11.563636363636363"
"provider-controlplane",1785353291,"12.10909090909091"
"provider-controlplane",1785353296,"12.072727272727272"
"provider-controlplane",1785353301,"12.072727272727272"
"provider-controlplane",1785353306,"12.236363636363636"
"provider-controlplane",1785353311,"12.254545454545454"
"provider-controlplane",1785353316,"12.163636363636362"
"provider-controlplane",1785353321,"12.345454545454546"
"provider-controlplane",1785353326,"12.145454545454545"
"provider-controlplane",1785353331,"12.327272727272726"
"provider-controlplane",1785353336,"12.381818181818181"
"provider-controlplane",1785353341,"12.163636363636362"
"provider-controlplane",1785353346,"11.672727272727272"
"provider-controlplane",1785353351,"11.709090909090909"
"provider-controlplane",1785353356,"12"
"provider-controlplane",1785353361,"12.127272727272727"
"provider-controlplane",1785353366,"12"
"provider-controlplane",1785353371,"11.89090909090909"
"provider-controlplane",1785353376,"11.945454545454545"
"provider-controlplane",1785353381,"11.909090909090908"
"provider-controlplane",1785353386,"11.98181818181818"
"provider-controlplane",1785353391,"12.054545454545455"
"provider-controlplane",1785353396,"12.418181818181818"
"provider-controlplane",1785353401,"12.509090909090908"
"provider-controlplane",1785353406,"12.345454545454546"
"provider-controlplane",1785353411,"12.381818181818181"
"provider-controlplane",1785353416,"12.2"
"provider-controlplane",1785353421,"12.127272727272727"
"provider-controlplane",1785353426,"12.163636363636364"
"provider-controlplane",1785353431,"12.236363636363636"
"provider-controlplane",1785353436,"12.363636363636363"
"provider-controlplane",1785353441,"12.181818181818182"
"provider-controlplane",1785353446,"12.236363636363636"
"provider-controlplane",1785353451,"12.363636363636363"
"provider-controlplane",1785353456,"12.345454545454546"
"provider-controlplane",1785353461,"12.10909090909091"
"provider-controlplane",1785353466,"11.963636363636363"
"provider-controlplane",1785353471,"11.963636363636363"
"provider-controlplane",1785353476,"12.181818181818182"
"provider-controlplane",1785353481,"12.218181818181817"
"provider-controlplane",1785353486,"12.145454545454545"
"provider-controlplane",1785353491,"12.127272727272727"
"provider-controlplane",1785353496,"12.218181818181817"
"provider-controlplane",1785353501,"12.2"
"provider-controlplane",1785353506,"12.09090909090909"
"provider-controlplane",1785353511,"12.163636363636362"
"provider-controlplane",1785353516,"12.381818181818181"
"provider-controlplane",1785353521,"12.2"
"provider-controlplane",1785353526,"12.290909090909091"
"provider-controlplane",1785353531,"12.09090909090909"
"provider-controlplane",1785353536,"12.10909090909091"
"provider-controlplane",1785353541,"12.036363636363635"
"provider-controlplane",1785353546,"11.945454545454545"
"provider-controlplane",1785353551,"12.09090909090909"
"provider-controlplane",1785353556,"12.054545454545455"
"provider-controlplane",1785353561,"12.309090909090909"
"provider-controlplane",1785353566,"12.418181818181818"
"provider-controlplane",1785353571,"12.272727272727273"
"provider-controlplane",1785353576,"12.272727272727272"
"provider-controlplane",1785353581,"12.036363636363635"
"provider-controlplane",1785353586,"12.218181818181817"
"provider-controlplane",1785353591,"12.218181818181817"
"provider-controlplane",1785353596,"12.436363636363636"
"provider-controlplane",1785353601,"12.509090909090908"
"provider-controlplane",1785353606,"12.2"
"provider-controlplane",1785353611,"12.4"
"provider-controlplane",1785353616,"12.236363636363636"
"provider-controlplane",1785353621,"12"
"provider-controlplane",1785353626,"12.145454545454545"
"provider-controlplane",1785353631,"12.272727272727272"
"provider-controlplane",1785353636,"12.327272727272726"
"provider-controlplane",1785353641,"11.963636363636363"
"provider-controlplane",1785353646,"11.672727272727272"
"provider-controlplane",1785353651,"11.763636363636364"
"provider-controlplane",1785353656,"12.018181818181818"
"provider-controlplane",1785353661,"12.345454545454546"
"provider-controlplane",1785353666,"12.272727272727272"
"provider-controlplane",1785353671,"12.145454545454545"
"provider-controlplane",1785353676,"12.2"
"provider-controlplane",1785353681,"12.09090909090909"
"provider-controlplane",1785353686,"12.10909090909091"
"provider-controlplane",1785353691,"12.290909090909091"
"provider-controlplane",1785353696,"12.454545454545453"
"provider-controlplane",1785353701,"12.69090909090909"
"provider-controlplane",1785353706,"12.58181818181818"
"provider-controlplane",1785353711,"12.181818181818182"
"provider-controlplane",1785353716,"12.145454545454545"
"provider-controlplane",1785353721,"12.236363636363636"
"provider-controlplane",1785353726,"12.2"
"provider-controlplane",1785353731,"13.29090909090909"
"provider-controlplane",1785353736,"13.436363636363636"
"provider-controlplane",1785353741,"13.181818181818182"
"provider-controlplane",1785353746,"13.2"
"provider-controlplane",1785353751,"13.181818181818182"
"provider-controlplane",1785353756,"13.254545454545454"
"provider-controlplane",1785353761,"13.2"
"provider-controlplane",1785353766,"13.29090909090909"
"provider-controlplane",1785353771,"13.254545454545454"
"provider-controlplane",1785353776,"13.145454545454545"
"provider-controlplane",1785353781,"13.2"
"provider-controlplane",1785353786,"12.254545454545454"
"provider-controlplane",1785353791,"12.236363636363636"
"provider-controlplane",1785353796,"12.327272727272726"
"provider-controlplane",1785353801,"12.290909090909091"
"provider-controlplane",1785353806,"12.454545454545453"
"provider-controlplane",1785353811,"12.327272727272726"
"provider-controlplane",1785353816,"12.036363636363635"
"provider-controlplane",1785353821,"12.054545454545455"
"provider-controlplane",1785353826,"12.218181818181817"
"provider-controlplane",1785353831,"12.127272727272727"
"provider-controlplane",1785353836,"12.345454545454546"
"provider-controlplane",1785353841,"12.127272727272727"
"provider-controlplane",1785353846,"12.2"
"provider-controlplane",1785353851,"12.218181818181817"
"provider-controlplane",1785353856,"12.163636363636364"
"provider-controlplane",1785353861,"12.036363636363637"
"provider-controlplane",1785353866,"12.181818181818182"
"provider-controlplane",1785353871,"12.145454545454545"
"provider-controlplane",1785353876,"12.145454545454545"
"provider-controlplane",1785353881,"12.054545454545455"
"provider-controlplane",1785353886,"12.345454545454546"
"provider-controlplane",1785353891,"12"
"provider-controlplane",1785353896,"12.290909090909091"
"provider-controlplane",1785353901,"12.218181818181817"
"provider-controlplane",1785353906,"12.290909090909091"
"provider-controlplane",1785353911,"12.290909090909091"
"provider-controlplane",1785353916,"12.163636363636362"
"provider-controlplane",1785353921,"12.290909090909091"
"provider-controlplane",1785353926,"12.363636363636363"
"provider-controlplane",1785353931,"12.418181818181818"
"provider-controlplane",1785353936,"12.2"
"provider-controlplane",1785353941,"11.763636363636364"
"provider-controlplane",1785353946,"12.254545454545454"
"provider-controlplane",1785353951,"12.272727272727272"
"provider-controlplane",1785353956,"12.236363636363636"
"provider-controlplane",1785353961,"11.909090909090908"
"provider-controlplane",1785353966,"12.054545454545455"
"provider-controlplane",1785353971,"12.418181818181818"
"provider-controlplane",1785353976,"12.181818181818182"
"provider-controlplane",1785353981,"12.345454545454546"
"provider-controlplane",1785353986,"12.254545454545454"
"provider-controlplane",1785353991,"12.181818181818182"
"provider-controlplane",1785353996,"12.272727272727272"
"provider-controlplane",1785354001,"12.145454545454545"
"provider-controlplane",1785354006,"12.109090909090908"
"provider-controlplane",1785354011,"12.09090909090909"
"provider-controlplane",1785354016,"12.4"
"provider-controlplane",1785354021,"12.290909090909091"
"provider-controlplane",1785354026,"12"
"provider-controlplane",1785354031,"12.145454545454545"
"provider-controlplane",1785354036,"12.272727272727272"
"provider-controlplane",1785354041,"12.163636363636364"
"provider-controlplane",1785354046,"12.436363636363636"
"provider-controlplane",1785354051,"12.309090909090909"
"provider-controlplane",1785354056,"12"
"provider-controlplane",1785354061,"11.963636363636363"
"provider-controlplane",1785354066,"12.145454545454545"
"provider-controlplane",1785354071,"12.236363636363636"
"provider-controlplane",1785354076,"12.10909090909091"
"provider-controlplane",1785354081,"12.181818181818182"
"provider-controlplane",1785354086,"12.10909090909091"
"provider-controlplane",1785354091,"12"
"provider-controlplane",1785354096,"12.272727272727272"
"provider-controlplane",1785354101,"12.2"
"provider-controlplane",1785354106,"12.454545454545453"
"provider-controlplane",1785354111,"12.363636363636363"
"provider-controlplane",1785354116,"12.163636363636362"
"provider-controlplane",1785354121,"12.163636363636364"
"provider-controlplane",1785354126,"12.163636363636362"
"provider-controlplane",1785354131,"12.163636363636362"
"provider-controlplane",1785354136,"12.290909090909091"
"provider-controlplane",1785354141,"12.272727272727273"
"provider-controlplane",1785354146,"12.181818181818182"
"provider-controlplane",1785354151,"12.09090909090909"
"provider-controlplane",1785354156,"12.09090909090909"
"provider-controlplane",1785354161,"12.2"
"provider-controlplane",1785354166,"12.363636363636363"
"provider-controlplane",1785354171,"12.381818181818181"
"provider-controlplane",1785354176,"12.036363636363635"
"provider-controlplane",1785354181,"12.036363636363635"
"provider-controlplane",1785354186,"12.181818181818182"
"provider-controlplane",1785354191,"12.272727272727272"
"provider-controlplane",1785354196,"12.218181818181817"
"provider-controlplane",1785354201,"12.418181818181818"
"provider-controlplane",1785354206,"12.272727272727272"
"provider-controlplane",1785354211,"12.163636363636364"
"provider-controlplane",1785354216,"12"
"provider-controlplane",1785354221,"12.018181818181818"
"provider-controlplane",1785354226,"12.272727272727272"
"provider-controlplane",1785354231,"12.254545454545454"
"provider-controlplane",1785354236,"12.145454545454545"
"provider-controlplane",1785354241,"12.036363636363635"
"provider-controlplane",1785354246,"12.127272727272727"
"provider-controlplane",1785354251,"12.327272727272726"
"provider-controlplane",1785354256,"12.309090909090909"
"provider-controlplane",1785354261,"12.345454545454546"
"provider-controlplane",1785354266,"12.272727272727272"
"provider-controlplane",1785354271,"12.236363636363636"
"provider-controlplane",1785354276,"12.472727272727273"
"provider-controlplane",1785354281,"12.218181818181817"
"provider-controlplane",1785354286,"12.418181818181818"
"provider-controlplane",1785354291,"12.49090909090909"
"provider-controlplane",1785354296,"12.418181818181818"
"provider-controlplane",1785354301,"12.29090909090909"
"provider-controlplane",1785354306,"12.181818181818182"
"provider-controlplane",1785354311,"11.89090909090909"
"provider-controlplane",1785354316,"10.854545454545454"
"provider-controlplane",1785354321,"11.036363636363635"
"provider-controlplane",1785354326,"11.127272727272727"
"provider-controlplane",1785354331,"10.98181818181818"
"provider-controlplane",1785354336,"11.145454545454545"
"provider-controlplane",1785354341,"11.163636363636362"
"provider-controlplane",1785354346,"11"
"provider-controlplane",1785354351,"11.036363636363635"
"provider-controlplane",1785354356,"10.872727272727271"
"provider-controlplane",1785354361,"10.745454545454544"
"provider-controlplane",1785354366,"11.145454545454545"
"provider-controlplane",1785354371,"12.309090909090909"
"provider-controlplane",1785354376,"12.236363636363636"
"provider-controlplane",1785354381,"12.236363636363636"
"provider-controlplane",1785354386,"12.163636363636364"
"provider-controlplane",1785354391,"11.836363636363636"
"provider-controlplane",1785354396,"12.10909090909091"
"provider-controlplane",1785354401,"12.290909090909091"
"provider-controlplane",1785354406,"12.181818181818182"
"provider-controlplane",1785354411,"12.181818181818182"
"provider-controlplane",1785354416,"12.290909090909091"
"provider-controlplane",1785354421,"11.836363636363636"
"provider-controlplane",1785354426,"11.727272727272727"
"provider-controlplane",1785354431,"11.872727272727273"
"provider-controlplane",1785354436,"11.945454545454545"
"provider-controlplane",1785354441,"11.836363636363636"
"provider-controlplane",1785354446,"12.145454545454545"
"provider-controlplane",1785354451,"11.909090909090908"
"provider-controlplane",1785354456,"11.854545454545454"
"provider-controlplane",1785354461,"11.963636363636363"
"provider-controlplane",1785354466,"12"
"provider-controlplane",1785354471,"11.981818181818182"
"provider-controlplane",1785354476,"12.018181818181818"
"provider-controlplane",1785354481,"12.036363636363635"
"provider-controlplane",1785354486,"11.945454545454545"
"provider-controlplane",1785354491,"12.127272727272727"
"provider-controlplane",1785354496,"12.2"
"provider-controlplane",1785354501,"12.327272727272726"
"provider-controlplane",1785354506,"12.163636363636362"
"provider-controlplane",1785354511,"12.109090909090908"
"provider-controlplane",1785354516,"12.181818181818182"
"provider-controlplane",1785354521,"12.145454545454545"
"provider-controlplane",1785354526,"12.127272727272727"
"provider-controlplane",1785354531,"12.236363636363635"
"provider-controlplane",1785354536,"12.254545454545454"
"provider-controlplane",1785354541,"12.10909090909091"
"provider-controlplane",1785354546,"11.854545454545454"
"provider-controlplane",1785354551,"12.10909090909091"
"provider-controlplane",1785354556,"12.10909090909091"
"provider-controlplane",1785354561,"12.218181818181819"
"provider-controlplane",1785354566,"12.181818181818182"
"provider-controlplane",1785354571,"12.218181818181817"
"provider-controlplane",1785354576,"12.145454545454545"
"provider-controlplane",1785354581,"12.254545454545454"
"provider-controlplane",1785354586,"12.272727272727272"
"provider-controlplane",1785354591,"12.2"
"provider-controlplane",1785354596,"12.436363636363636"
"provider-controlplane",1785354601,"12.218181818181817"
"provider-controlplane",1785354606,"12.418181818181818"
"provider-controlplane",1785354611,"12.127272727272727"
"provider-controlplane",1785354616,"12.127272727272727"
"provider-controlplane",1785354621,"12.09090909090909"
"provider-controlplane",1785354626,"12.163636363636364"
"provider-controlplane",1785354631,"12.236363636363636"
"provider-controlplane",1785354636,"12.2"
"provider-controlplane",1785354641,"12.290909090909091"
"provider-controlplane",1785354646,"12.163636363636362"
"provider-controlplane",1785354651,"12.072727272727272"
"provider-controlplane",1785354656,"12.236363636363636"
"provider-controlplane",1785354661,"11.909090909090908"
"provider-controlplane",1785354666,"12"
"provider-controlplane",1785354671,"12.09090909090909"
"provider-controlplane",1785354676,"12.363636363636363"
"provider-controlplane",1785354681,"12.072727272727272"
"provider-controlplane",1785354686,"12.109090909090908"
"provider-controlplane",1785354691,"12.2"
"provider-controlplane",1785354696,"12.218181818181817"
"provider-controlplane",1785354701,"12.236363636363636"
"provider-controlplane",1785354706,"12.163636363636362"
"provider-controlplane",1785354711,"12.309090909090909"
"provider-controlplane",1785354716,"12.2"
"provider-controlplane",1785354721,"12.145454545454545"
"provider-controlplane",1785354726,"12.018181818181818"
"provider-controlplane",1785354731,"12.09090909090909"
"provider-controlplane",1785354736,"12.054545454545453"
"provider-controlplane",1785354741,"12.2"
"provider-controlplane",1785354746,"12.163636363636362"
"provider-controlplane",1785354751,"12.036363636363635"
"provider-controlplane",1785354756,"12.272727272727272"
"provider-controlplane",1785354761,"12.2"
"provider-controlplane",1785354766,"12.218181818181819"
"provider-controlplane",1785354771,"12.236363636363636"
"provider-controlplane",1785354776,"12.272727272727272"
"provider-controlplane",1785354781,"12.236363636363636"
"provider-controlplane",1785354786,"11.872727272727273"
"provider-controlplane",1785354791,"12.163636363636364"
"provider-controlplane",1785354796,"12.072727272727272"
"provider-controlplane",1785354801,"12.145454545454545"
"provider-controlplane",1785354806,"12.436363636363636"
"provider-controlplane",1785354811,"12.363636363636363"
"provider-controlplane",1785354816,"12.327272727272726"
"provider-controlplane",1785354821,"12.072727272727272"
"provider-controlplane",1785354826,"11.927272727272726"
"provider-controlplane",1785354831,"11.963636363636363"
"provider-controlplane",1785354836,"12.054545454545453"
"provider-controlplane",1785354841,"12.018181818181818"
"provider-controlplane",1785354846,"11.799999999999999"
"provider-controlplane",1785354851,"11.89090909090909"
"provider-controlplane",1785354856,"11.872727272727273"
"provider-controlplane",1785354861,"11.672727272727272"
"provider-controlplane",1785354866,"11.6"
"provider-controlplane",1785354871,"11.854545454545454"
"provider-controlplane",1785354876,"12.018181818181818"
"provider-controlplane",1785354881,"12.10909090909091"
"provider-controlplane",1785354886,"12.036363636363635"
"provider-controlplane",1785354891,"12.272727272727272"
"provider-controlplane",1785354896,"12.363636363636363"
"provider-controlplane",1785354901,"12.218181818181817"
"provider-controlplane",1785354906,"12.309090909090909"
"provider-controlplane",1785354911,"12.254545454545454"
"provider-controlplane",1785354916,"12.072727272727272"
"provider-controlplane",1785354921,"12.345454545454546"
"provider-controlplane",1785354926,"12.254545454545454"
"provider-controlplane",1785354931,"12.10909090909091"
"provider-controlplane",1785354936,"12.181818181818182"
"provider-controlplane",1785354941,"12.272727272727272"
"provider-controlplane",1785354946,"12.072727272727272"
"provider-controlplane",1785354951,"12.036363636363635"
"provider-controlplane",1785354956,"12.272727272727272"
"provider-controlplane",1785354961,"12.036363636363635"
"provider-controlplane",1785354966,"11.927272727272726"
"provider-controlplane",1785354971,"12.327272727272726"
"provider-controlplane",1785354976,"12.145454545454545"
"provider-controlplane",1785354981,"12.018181818181818"
"provider-controlplane",1785354986,"12"
"provider-controlplane",1785354991,"12.163636363636364"
"provider-controlplane",1785354996,"12.236363636363636"
"provider-controlplane",1785355001,"11.963636363636363"
"provider-controlplane",1785355006,"12"
"provider-controlplane",1785355011,"11.927272727272726"
"provider-controlplane",1785355016,"11.909090909090908"
"provider-controlplane",1785355021,"11.836363636363636"
"provider-controlplane",1785355026,"11.436363636363636"
"provider-controlplane",1785355031,"11.527272727272727"
"provider-controlplane",1785355036,"11.727272727272727"
"provider-controlplane",1785355041,"11.927272727272728"
"provider-controlplane",1785355046,"11.690909090909091"
"provider-controlplane",1785355051,"11.672727272727272"
"provider-controlplane",1785355056,"11.963636363636363"
"provider-controlplane",1785355061,"12.036363636363635"
"provider-controlplane",1785355066,"12.018181818181818"
"provider-controlplane",1785355071,"12.072727272727272"
"provider-controlplane",1785355076,"12.181818181818182"
"provider-controlplane",1785355081,"12.127272727272727"
"provider-controlplane",1785355086,"12.127272727272727"
"provider-controlplane",1785355091,"12.018181818181818"
"provider-controlplane",1785355096,"11.781818181818181"
"provider-controlplane",1785355101,"11.854545454545454"
"provider-controlplane",1785355106,"11.836363636363636"
"provider-controlplane",1785355111,"11.727272727272727"
"provider-controlplane",1785355116,"11.654545454545454"
"provider-controlplane",1785355121,"11.781818181818181"
"provider-controlplane",1785355126,"11.854545454545455"
"provider-controlplane",1785355131,"11.672727272727272"
"provider-controlplane",1785355136,"12.018181818181818"
"provider-controlplane",1785355141,"11.781818181818181"
"provider-controlplane",1785355146,"11.509090909090908"
"provider-controlplane",1785355151,"11.709090909090909"
"provider-controlplane",1785355156,"11.618181818181817"
"provider-controlplane",1785355161,"11.69090909090909"
"provider-controlplane",1785355166,"11.636363636363637"
"provider-controlplane",1785355171,"11.89090909090909"
"provider-controlplane",1785355176,"12.018181818181818"
"provider-controlplane",1785355181,"11.799999999999999"
"provider-controlplane",1785355186,"11.98181818181818"
"provider-controlplane",1785355191,"11.763636363636364"
"provider-controlplane",1785355196,"11.836363636363636"
"provider-controlplane",1785355201,"11.89090909090909"
"provider-controlplane",1785355206,"11.854545454545454"
"provider-controlplane",1785355211,"11.909090909090908"
"provider-controlplane",1785355216,"11.909090909090908"
"provider-controlplane",1785355221,"11.781818181818181"
"provider-controlplane",1785355226,"11.472727272727273"
"provider-controlplane",1785355231,"11.381818181818181"
"provider-controlplane",1785355236,"11.727272727272727"
"provider-controlplane",1785355241,"11.709090909090909"
"provider-controlplane",1785355246,"11.781818181818181"
"provider-controlplane",1785355251,"11.854545454545454"
"provider-controlplane",1785355256,"12.145454545454545"
"provider-controlplane",1785355261,"11.945454545454545"
"provider-controlplane",1785355266,"12.054545454545455"
"provider-controlplane",1785355271,"12.127272727272727"
"provider-controlplane",1785355276,"12.345454545454546"
"provider-controlplane",1785355281,"12.290909090909091"
"provider-controlplane",1785355286,"12.363636363636363"
"provider-controlplane",1785355291,"12"
"provider-controlplane",1785355296,"12.072727272727272"
"provider-controlplane",1785355301,"12.072727272727272"
"provider-controlplane",1785355306,"12.2"
"provider-controlplane",1785355311,"12.09090909090909"
"provider-controlplane",1785355316,"12.309090909090909"
"provider-controlplane",1785355321,"12.236363636363636"
"provider-controlplane",1785355326,"12.09090909090909"
"provider-controlplane",1785355331,"12"
"provider-controlplane",1785355336,"12.381818181818181"
"provider-controlplane",1785355341,"12.181818181818182"
"provider-controlplane",1785355346,"12.272727272727272"
"provider-controlplane",1785355351,"12.072727272727272"
"provider-controlplane",1785355356,"12.4"
"provider-controlplane",1785355361,"12.036363636363635"
"provider-controlplane",1785355366,"12.254545454545454"
"provider-controlplane",1785355371,"12.272727272727273"
"provider-controlplane",1785355376,"12.163636363636362"
"provider-controlplane",1785355381,"12.127272727272727"
"provider-controlplane",1785355386,"12.163636363636364"
"provider-controlplane",1785355391,"12.054545454545453"
"provider-controlplane",1785355396,"12.2"
"provider-controlplane",1785355401,"12.254545454545454"
"provider-controlplane",1785355406,"12.436363636363636"
"provider-controlplane",1785355411,"12.054545454545455"
"provider-controlplane",1785355416,"12.418181818181818"
"provider-controlplane",1785355421,"12.127272727272727"
"provider-controlplane",1785355426,"12.145454545454545"
"provider-controlplane",1785355431,"12.218181818181817"
"provider-controlplane",1785355436,"12.290909090909091"
"provider-controlplane",1785355441,"12.10909090909091"
"provider-controlplane",1785355446,"11.836363636363636"
"provider-controlplane",1785355451,"11.963636363636363"
"provider-controlplane",1785355456,"12.2"
"provider-controlplane",1785355461,"12.2"
"provider-controlplane",1785355466,"12.272727272727272"
"provider-controlplane",1785355471,"12.127272727272727"
"provider-controlplane",1785355476,"12.2"
"provider-controlplane",1785355481,"12.072727272727272"
"provider-controlplane",1785355486,"12.309090909090909"
"provider-controlplane",1785355491,"12.236363636363636"
"provider-controlplane",1785355496,"12.509090909090908"
"provider-controlplane",1785355501,"12.563636363636363"
"provider-controlplane",1785355506,"12.418181818181818"
"provider-controlplane",1785355511,"12.109090909090908"
"provider-controlplane",1785355516,"12.10909090909091"
"provider-controlplane",1785355521,"12.145454545454545"
"provider-controlplane",1785355526,"12.145454545454545"
"provider-controlplane",1785355531,"12.363636363636363"
"provider-controlplane",1785355536,"12.472727272727273"
"provider-controlplane",1785355541,"12.163636363636362"
"provider-controlplane",1785355546,"12.145454545454545"
"provider-controlplane",1785355551,"12"
"provider-controlplane",1785355556,"12.09090909090909"
"provider-controlplane",1785355561,"11.89090909090909"
"provider-controlplane",1785355566,"12"
"provider-controlplane",1785355571,"12.254545454545454"
"provider-controlplane",1785355576,"12.2"
"provider-controlplane",1785355581,"12.254545454545454"
"provider-controlplane",1785355586,"12.2"
"provider-controlplane",1785355591,"11.981818181818182"
"provider-controlplane",1785355596,"12.054545454545455"
"provider-controlplane",1785355601,"12.290909090909091"
"provider-controlplane",1785355606,"12.309090909090909"
"provider-controlplane",1785355611,"12.254545454545454"
"provider-controlplane",1785355616,"12.49090909090909"
"provider-controlplane",1785355621,"12.218181818181819"
"provider-controlplane",1785355626,"12.181818181818182"
"provider-controlplane",1785355631,"12.181818181818182"
"provider-controlplane",1785355636,"12.2"
"provider-controlplane",1785355641,"12.09090909090909"
"provider-controlplane",1785355646,"12.127272727272727"
"provider-controlplane",1785355651,"12.163636363636362"
"provider-controlplane",1785355656,"12.036363636363637"
"provider-controlplane",1785355661,"12"
"provider-controlplane",1785355666,"12.290909090909091"
"provider-controlplane",1785355671,"12.218181818181817"
"provider-controlplane",1785355676,"12.545454545454545"
"provider-controlplane",1785355681,"12.127272727272727"
"provider-controlplane",1785355686,"12.127272727272727"
"provider-controlplane",1785355691,"12.218181818181817"
"provider-controlplane",1785355696,"12.072727272727272"
"provider-controlplane",1785355701,"12.181818181818182"
"provider-controlplane",1785355706,"12.436363636363636"
"provider-controlplane",1785355711,"12.218181818181817"
"provider-controlplane",1785355716,"12.236363636363636"
"provider-controlplane",1785355721,"11.945454545454545"
"provider-controlplane",1785355726,"11.909090909090908"
"provider-controlplane",1785355731,"11.927272727272726"
"provider-controlplane",1785355736,"12.10909090909091"
"provider-controlplane",1785355741,"12.072727272727272"
"provider-controlplane",1785355746,"11.727272727272727"
"provider-controlplane",1785355751,"12"
"provider-controlplane",1785355756,"12.054545454545455"
"provider-controlplane",1785355761,"11.799999999999999"
"provider-controlplane",1785355766,"12"
"provider-controlplane",1785355771,"12"
"provider-controlplane",1785355776,"11.909090909090908"
"provider-controlplane",1785355781,"12"
"provider-controlplane",1785355786,"12.018181818181818"
"provider-controlplane",1785355791,"12.181818181818182"
"provider-controlplane",1785355796,"12.018181818181818"
"provider-controlplane",1785355801,"11.98181818181818"
"provider-controlplane",1785355806,"11.854545454545454"
"provider-controlplane",1785355811,"11.945454545454545"
"provider-controlplane",1785355816,"12.236363636363636"
"provider-controlplane",1785355821,"12.145454545454545"
"provider-controlplane",1785355826,"12.2"
"provider-controlplane",1785355831,"12.309090909090909"
"provider-controlplane",1785355836,"12.418181818181818"
"provider-controlplane",1785355841,"12.018181818181818"
"provider-controlplane",1785355846,"11.854545454545454"
"provider-controlplane",1785355851,"12.127272727272727"
"provider-controlplane",1785355856,"12.436363636363636"
"provider-controlplane",1785355861,"12.327272727272726"
"provider-controlplane",1785355866,"12.381818181818181"
"provider-controlplane",1785355871,"12.127272727272727"
"provider-controlplane",1785355876,"12.072727272727272"
"provider-controlplane",1785355881,"12.018181818181818"
"provider-controlplane",1785355886,"12.309090909090909"
"provider-controlplane",1785355891,"12.272727272727272"
"provider-controlplane",1785355896,"12.527272727272727"
"provider-controlplane",1785355901,"12.327272727272726"
"provider-controlplane",1785355906,"12.145454545454545"
"provider-controlplane",1785355911,"12.10909090909091"
"provider-controlplane",1785355916,"12.254545454545454"
"provider-controlplane",1785355921,"11.872727272727273"
"provider-controlplane",1785355926,"11.872727272727273"
"provider-controlplane",1785355931,"11.945454545454545"
"provider-controlplane",1785355936,"12"
"provider-controlplane",1785355941,"11.709090909090909"
"provider-controlplane",1785355946,"11.727272727272727"
"provider-controlplane",1785355951,"11.709090909090909"
"provider-controlplane",1785355956,"11.763636363636364"
"provider-controlplane",1785355961,"11.836363636363636"
"provider-controlplane",1785355966,"11.927272727272728"
"provider-controlplane",1785355971,"11.89090909090909"
"provider-controlplane",1785355976,"12.09090909090909"
"provider-controlplane",1785355981,"11.909090909090908"
"provider-controlplane",1785355986,"11.963636363636363"
"provider-controlplane",1785355991,"12.236363636363635"
"provider-controlplane",1785355996,"12.218181818181817"
"provider-controlplane",1785356001,"12.127272727272725"
"provider-controlplane",1785356006,"11.999999999999998"
"provider-controlplane",1785356011,"12.072727272727272"
"provider-controlplane",1785356016,"12.127272727272727"
"provider-controlplane",1785356021,"11.945454545454545"
"provider-controlplane",1785356026,"12.036363636363635"
"provider-controlplane",1785356031,"11.999999999999998"
"provider-controlplane",1785356036,"12.181818181818182"
"provider-controlplane",1785356041,"12.072727272727272"
"provider-controlplane",1785356046,"11.6"
"provider-controlplane",1785356051,"11.799999999999999"
"provider-controlplane",1785356056,"11.781818181818181"
"provider-controlplane",1785356061,"11.945454545454545"
"provider-controlplane",1785356066,"12.018181818181818"
"provider-controlplane",1785356071,"12.127272727272727"
"provider-controlplane",1785356076,"12.10909090909091"
"provider-controlplane",1785356081,"11.854545454545454"
"provider-controlplane",1785356086,"11.799999999999999"
"provider-controlplane",1785356091,"11.745454545454544"
"provider-controlplane",1785356096,"12.018181818181818"
"provider-controlplane",1785356101,"12.163636363636362"
"provider-controlplane",1785356106,"12.09090909090909"
"provider-controlplane",1785356111,"12.018181818181818"
"provider-controlplane",1785356116,"12.218181818181817"
"provider-controlplane",1785356121,"12.054545454545453"
"provider-controlplane",1785356126,"12.09090909090909"
"provider-controlplane",1785356131,"11.909090909090908"
"provider-controlplane",1785356136,"12.036363636363635"
"provider-controlplane",1785356141,"11.98181818181818"
"provider-controlplane",1785356146,"12.181818181818182"
"provider-controlplane",1785356151,"12.072727272727272"
"provider-controlplane",1785356156,"12.09090909090909"
"provider-controlplane",1785356161,"11.818181818181818"
"provider-controlplane",1785356166,"11.963636363636363"
"provider-controlplane",1785356171,"11.963636363636363"
"provider-controlplane",1785356176,"12.09090909090909"
"provider-controlplane",1785356181,"11.98181818181818"
"provider-controlplane",1785356186,"12.127272727272727"
"provider-controlplane",1785356191,"11.909090909090908"
"provider-controlplane",1785356196,"12.09090909090909"
"provider-controlplane",1785356201,"11.781818181818181"
"provider-controlplane",1785356206,"11.563636363636363"
"provider-controlplane",1785356211,"11.727272727272727"
"provider-controlplane",1785356216,"11.836363636363636"
"provider-controlplane",1785356221,"11.745454545454544"
"provider-controlplane",1785356226,"11.509090909090908"
"provider-controlplane",1785356231,"11.872727272727271"
"provider-controlplane",1785356236,"11.927272727272726"
"provider-controlplane",1785356241,"11.98181818181818"
"provider-controlplane",1785356246,"12.036363636363637"
"provider-controlplane",1785356251,"11.945454545454545"
"provider-controlplane",1785356256,"12.145454545454545"
"provider-controlplane",1785356261,"12.127272727272727"
"provider-controlplane",1785356266,"11.945454545454545"
"provider-controlplane",1785356271,"12.2"
"provider-controlplane",1785356276,"12.181818181818182"
"provider-controlplane",1785356281,"12"
"provider-controlplane",1785356286,"11.527272727272727"
"provider-controlplane",1785356291,"11.563636363636364"
"provider-controlplane",1785356296,"11.927272727272726"
"provider-controlplane",1785356301,"12.309090909090909"
"provider-controlplane",1785356306,"12.290909090909091"
"provider-controlplane",1785356311,"12.2"
"provider-controlplane",1785356316,"12.218181818181817"
"provider-controlplane",1785356321,"12.327272727272726"
"provider-controlplane",1785356326,"12.236363636363636"
"provider-controlplane",1785356331,"12.4"
"provider-controlplane",1785356336,"12.563636363636363"
"provider-controlplane",1785356341,"12.418181818181818"
"provider-controlplane",1785356346,"12.2"
"provider-controlplane",1785356351,"12.181818181818182"
"provider-controlplane",1785356356,"12.09090909090909"
"provider-controlplane",1785356361,"12.145454545454545"
"provider-controlplane",1785356366,"12.272727272727272"
"provider-controlplane",1785356371,"12.381818181818181"
"provider-controlplane",1785356376,"12.254545454545454"
"provider-controlplane",1785356381,"12.127272727272727"
"provider-controlplane",1785356386,"11.945454545454545"
"provider-controlplane",1785356391,"12.10909090909091"
"provider-controlplane",1785356396,"12.381818181818181"
"provider-controlplane",1785356401,"12.272727272727272"
"provider-controlplane",1785356406,"12.10909090909091"
"provider-controlplane",1785356411,"12.236363636363636"
"provider-controlplane",1785356416,"12.254545454545454"
"provider-controlplane",1785356421,"12.2"
"provider-controlplane",1785356426,"12.018181818181818"
"provider-controlplane",1785356431,"12.163636363636362"
"provider-controlplane",1785356436,"12.254545454545454"
"provider-controlplane",1785356441,"12.2"
"provider-controlplane",1785356446,"12.109090909090908"
"provider-controlplane",1785356451,"12.145454545454545"
"provider-controlplane",1785356456,"12.345454545454546"
"provider-controlplane",1785356461,"12.054545454545455"
"provider-controlplane",1785356466,"11.709090909090909"
"provider-controlplane",1785356471,"11.072727272727272"
"provider-controlplane",1785356476,"9.945454545454545"
"provider-controlplane",1785356481,"9.054545454545453"
"provider-controlplane",1785356486,"7.927272727272727"
"provider-controlplane",1785356491,"6.836363636363636"
"provider-controlplane",1785356496,"5.8181818181818175"
"provider-controlplane",1785356501,"4.690909090909091"
"provider-dataplane",1785352856,"3.9454545454545453"
"provider-dataplane",1785352861,"3.909090909090909"
"provider-dataplane",1785352866,"3.6363636363636362"
"provider-dataplane",1785352871,"3.5818181818181816"
"provider-dataplane",1785352876,"3.7818181818181817"
"provider-dataplane",1785352881,"3.9818181818181815"
"provider-dataplane",1785352886,"4.018181818181818"
"provider-dataplane",1785352891,"4.4363636363636365"
"provider-dataplane",1785352896,"4.345454545454546"
"provider-dataplane",1785352901,"4.454545454545455"
"provider-dataplane",1785352906,"4.836363636363636"
"provider-dataplane",1785352911,"4.618181818181818"
"provider-dataplane",1785352916,"4.945454545454545"
"provider-dataplane",1785352921,"5.072727272727272"
"provider-dataplane",1785352926,"5.181818181818182"
"provider-dataplane",1785352931,"5.2"
"provider-dataplane",1785352936,"5.3999999999999995"
"provider-dataplane",1785352941,"5.9818181818181815"
"provider-dataplane",1785352946,"5.654545454545454"
"provider-dataplane",1785352951,"5.7272727272727275"
"provider-dataplane",1785352956,"5.963636363636363"
"provider-dataplane",1785352961,"6.090909090909091"
"provider-dataplane",1785352966,"6.363636363636363"
"provider-dataplane",1785352971,"6.309090909090909"
"provider-dataplane",1785352976,"6.5636363636363635"
"provider-dataplane",1785352981,"6.454545454545454"
"provider-dataplane",1785352986,"6.181818181818182"
"provider-dataplane",1785352991,"5.9818181818181815"
"provider-dataplane",1785352996,"5.6"
"provider-dataplane",1785353001,"6.090909090909091"
"provider-dataplane",1785353006,"6.181818181818182"
"provider-dataplane",1785353011,"6.0181818181818185"
"provider-dataplane",1785353016,"5.763636363636364"
"provider-dataplane",1785353021,"6.018181818181818"
"provider-dataplane",1785353026,"6.1090909090909085"
"provider-dataplane",1785353031,"5.890909090909091"
"provider-dataplane",1785353036,"6"
"provider-dataplane",1785353041,"6.127272727272727"
"provider-dataplane",1785353046,"5.963636363636364"
"provider-dataplane",1785353051,"5.927272727272727"
"provider-dataplane",1785353056,"5.927272727272727"
"provider-dataplane",1785353061,"5.963636363636363"
"provider-dataplane",1785353066,"5.9818181818181815"
"provider-dataplane",1785353071,"5.963636363636363"
"provider-dataplane",1785353076,"6.072727272727272"
"provider-dataplane",1785353081,"5.672727272727273"
"provider-dataplane",1785353086,"6.345454545454546"
"provider-dataplane",1785353091,"6.2727272727272725"
"provider-dataplane",1785353096,"6.327272727272727"
"provider-dataplane",1785353101,"6.3999999999999995"
"provider-dataplane",1785353106,"6.527272727272727"
"provider-dataplane",1785353111,"6.345454545454546"
"provider-dataplane",1785353116,"6.127272727272727"
"provider-dataplane",1785353121,"6.3090909090909095"
"provider-dataplane",1785353126,"6.1090909090909085"
"provider-dataplane",1785353131,"5.872727272727273"
"provider-dataplane",1785353136,"6.1090909090909085"
"provider-dataplane",1785353141,"5.7272727272727275"
"provider-dataplane",1785353146,"6.036363636363636"
"provider-dataplane",1785353151,"5.836363636363637"
"provider-dataplane",1785353156,"5.8545454545454545"
"provider-dataplane",1785353161,"5.509090909090909"
"provider-dataplane",1785353166,"5.127272727272727"
"provider-dataplane",1785353171,"5.4"
"provider-dataplane",1785353176,"5.381818181818182"
"provider-dataplane",1785353181,"5.6909090909090905"
"provider-dataplane",1785353186,"5.8"
"provider-dataplane",1785353191,"5.963636363636363"
"provider-dataplane",1785353196,"6.127272727272727"
"provider-dataplane",1785353201,"6.1090909090909085"
"provider-dataplane",1785353206,"6.036363636363636"
"provider-dataplane",1785353211,"6.3999999999999995"
"provider-dataplane",1785353216,"6.581818181818181"
"provider-dataplane",1785353221,"6.5272727272727264"
"provider-dataplane",1785353226,"6.2727272727272725"
"provider-dataplane",1785353231,"5.9818181818181815"
"provider-dataplane",1785353236,"6.2727272727272725"
"provider-dataplane",1785353241,"5.9818181818181815"
"provider-dataplane",1785353246,"6.127272727272727"
"provider-dataplane",1785353251,"5.836363636363636"
"provider-dataplane",1785353256,"5.8"
"provider-dataplane",1785353261,"6.090909090909091"
"provider-dataplane",1785353266,"5.9818181818181815"
"provider-dataplane",1785353271,"5.927272727272727"
"provider-dataplane",1785353276,"6.181818181818182"
"provider-dataplane",1785353281,"5.945454545454545"
"provider-dataplane",1785353286,"5.945454545454545"
"provider-dataplane",1785353291,"5.454545454545454"
"provider-dataplane",1785353296,"5.581818181818182"
"provider-dataplane",1785353301,"5.472727272727273"
"provider-dataplane",1785353306,"5.654545454545454"
"provider-dataplane",1785353311,"5.581818181818182"
"provider-dataplane",1785353316,"5.581818181818182"
"provider-dataplane",1785353321,"5.3999999999999995"
"provider-dataplane",1785353326,"5.8545454545454545"
"provider-dataplane",1785353331,"5.872727272727273"
"provider-dataplane",1785353336,"6.036363636363636"
"provider-dataplane",1785353341,"5.9818181818181815"
"provider-dataplane",1785353346,"5.636363636363637"
"provider-dataplane",1785353351,"5.7272727272727275"
"provider-dataplane",1785353356,"5.654545454545454"
"provider-dataplane",1785353361,"5.763636363636364"
"provider-dataplane",1785353366,"5.945454545454545"
"provider-dataplane",1785353371,"6.090909090909091"
"provider-dataplane",1785353376,"6.181818181818182"
"provider-dataplane",1785353381,"6.054545454545455"
"provider-dataplane",1785353386,"5.963636363636363"
"provider-dataplane",1785353391,"6.3090909090909095"
"provider-dataplane",1785353396,"6.3999999999999995"
"provider-dataplane",1785353401,"6.545454545454545"
"provider-dataplane",1785353406,"6.2"
"provider-dataplane",1785353411,"6.527272727272727"
"provider-dataplane",1785353416,"6.5636363636363635"
"provider-dataplane",1785353421,"6.581818181818181"
"provider-dataplane",1785353426,"6.418181818181818"
"provider-dataplane",1785353431,"6.290909090909091"
"provider-dataplane",1785353436,"6.254545454545455"
"provider-dataplane",1785353441,"6.218181818181818"
"provider-dataplane",1785353446,"6.0181818181818185"
"provider-dataplane",1785353451,"6.2"
"provider-dataplane",1785353456,"6.327272727272727"
"provider-dataplane",1785353461,"6.472727272727273"
"provider-dataplane",1785353466,"5.945454545454545"
"provider-dataplane",1785353471,"5.7272727272727275"
"provider-dataplane",1785353476,"5.654545454545454"
"provider-dataplane",1785353481,"5.836363636363636"
"provider-dataplane",1785353486,"5.8545454545454545"
"provider-dataplane",1785353491,"5.763636363636364"
"provider-dataplane",1785353496,"6.127272727272727"
"provider-dataplane",1785353501,"5.9818181818181815"
"provider-dataplane",1785353506,"5.872727272727273"
"provider-dataplane",1785353511,"6"
"provider-dataplane",1785353516,"5.945454545454545"
"provider-dataplane",1785353521,"5.890909090909091"
"provider-dataplane",1785353526,"5.909090909090909"
"provider-dataplane",1785353531,"6.036363636363636"
"provider-dataplane",1785353536,"6.090909090909091"
"provider-dataplane",1785353541,"5.9818181818181815"
"provider-dataplane",1785353546,"5.709090909090909"
"provider-dataplane",1785353551,"5.636363636363637"
"provider-dataplane",1785353556,"5.763636363636364"
"provider-dataplane",1785353561,"5.945454545454545"
"provider-dataplane",1785353566,"6.1454545454545455"
"provider-dataplane",1785353571,"6.545454545454545"
"provider-dataplane",1785353576,"6.454545454545454"
"provider-dataplane",1785353581,"6.163636363636364"
"provider-dataplane",1785353586,"5.872727272727273"
"provider-dataplane",1785353591,"5.7272727272727275"
"provider-dataplane",1785353596,"6.090909090909091"
"provider-dataplane",1785353601,"6.381818181818182"
"provider-dataplane",1785353606,"6.090909090909091"
"provider-dataplane",1785353611,"6.2"
"provider-dataplane",1785353616,"6.109090909090909"
"provider-dataplane",1785353621,"6.109090909090909"
"provider-dataplane",1785353626,"5.7272727272727275"
"provider-dataplane",1785353631,"6.072727272727272"
"provider-dataplane",1785353636,"6.072727272727272"
"provider-dataplane",1785353641,"6"
"provider-dataplane",1785353646,"5.581818181818182"
"provider-dataplane",1785353651,"5.472727272727273"
"provider-dataplane",1785353656,"5.254545454545455"
"provider-dataplane",1785353661,"5.5636363636363635"
"provider-dataplane",1785353666,"5.6909090909090905"
"provider-dataplane",1785353671,"5.745454545454545"
"provider-dataplane",1785353676,"5.7272727272727275"
"provider-dataplane",1785353681,"6.036363636363636"
"provider-dataplane",1785353686,"6.036363636363636"
"provider-dataplane",1785353691,"6.2727272727272725"
"provider-dataplane",1785353696,"6.3090909090909095"
"provider-dataplane",1785353701,"6.545454545454545"
"provider-dataplane",1785353706,"6.527272727272727"
"provider-dataplane",1785353711,"6.763636363636364"
"provider-dataplane",1785353716,"6.381818181818182"
"provider-dataplane",1785353721,"6.2"
"provider-dataplane",1785353726,"6.2727272727272725"
"provider-dataplane",1785353731,"6.345454545454546"
"provider-dataplane",1785353736,"6.018181818181818"
"provider-dataplane",1785353741,"5.690909090909091"
"provider-dataplane",1785353746,"5.8"
"provider-dataplane",1785353751,"5.836363636363637"
"provider-dataplane",1785353756,"6.072727272727272"
"provider-dataplane",1785353761,"5.672727272727273"
"provider-dataplane",1785353766,"5.345454545454546"
"provider-dataplane",1785353771,"5.909090909090909"
"provider-dataplane",1785353776,"6.1090909090909085"
"provider-dataplane",1785353781,"6"
"provider-dataplane",1785353786,"5.8"
"provider-dataplane",1785353791,"5.945454545454545"
"provider-dataplane",1785353796,"6.1454545454545455"
"provider-dataplane",1785353801,"6.127272727272727"
"provider-dataplane",1785353806,"6.2727272727272725"
"provider-dataplane",1785353811,"6.436363636363636"
"provider-dataplane",1785353816,"6.581818181818181"
"provider-dataplane",1785353821,"6.436363636363636"
"provider-dataplane",1785353826,"5.945454545454545"
"provider-dataplane",1785353831,"5.745454545454545"
"provider-dataplane",1785353836,"5.836363636363636"
"provider-dataplane",1785353841,"6.018181818181818"
"provider-dataplane",1785353846,"6.2"
"provider-dataplane",1785353851,"6.1454545454545455"
"provider-dataplane",1785353856,"6.018181818181818"
"provider-dataplane",1785353861,"5.963636363636364"
"provider-dataplane",1785353866,"5.818181818181818"
"provider-dataplane",1785353871,"5.890909090909091"
"provider-dataplane",1785353876,"6.181818181818182"
"provider-dataplane",1785353881,"6"
"provider-dataplane",1785353886,"5.745454545454545"
"provider-dataplane",1785353891,"5.745454545454545"
"provider-dataplane",1785353896,"5.763636363636364"
"provider-dataplane",1785353901,"5.654545454545454"
"provider-dataplane",1785353906,"5.9818181818181815"
"provider-dataplane",1785353911,"5.763636363636364"
"provider-dataplane",1785353916,"6.0181818181818185"
"provider-dataplane",1785353921,"6"
"provider-dataplane",1785353926,"6.2"
"provider-dataplane",1785353931,"6.181818181818182"
"provider-dataplane",1785353936,"6.236363636363636"
"provider-dataplane",1785353941,"6.345454545454546"
"provider-dataplane",1785353946,"5.890909090909091"
"provider-dataplane",1785353951,"5.8"
"provider-dataplane",1785353956,"6.1090909090909085"
"provider-dataplane",1785353961,"5.763636363636364"
"provider-dataplane",1785353966,"6.290909090909091"
"provider-dataplane",1785353971,"5.836363636363636"
"provider-dataplane",1785353976,"6.036363636363636"
"provider-dataplane",1785353981,"6.0181818181818185"
"provider-dataplane",1785353986,"5.8545454545454545"
"provider-dataplane",1785353991,"6.236363636363636"
"provider-dataplane",1785353996,"6.2727272727272725"
"provider-dataplane",1785354001,"6.2727272727272725"
"provider-dataplane",1785354006,"6.218181818181818"
"provider-dataplane",1785354011,"6.181818181818182"
"provider-dataplane",1785354016,"6.3090909090909095"
"provider-dataplane",1785354021,"6.218181818181818"
"provider-dataplane",1785354026,"6.490909090909091"
"provider-dataplane",1785354031,"6.036363636363636"
"provider-dataplane",1785354036,"5.781818181818181"
"provider-dataplane",1785354041,"6"
"provider-dataplane",1785354046,"6.054545454545455"
"provider-dataplane",1785354051,"5.836363636363637"
"provider-dataplane",1785354056,"6.054545454545455"
"provider-dataplane",1785354061,"5.8"
"provider-dataplane",1785354066,"5.436363636363636"
"provider-dataplane",1785354071,"5.218181818181819"
"provider-dataplane",1785354076,"5.181818181818182"
"provider-dataplane",1785354081,"5.472727272727273"
"provider-dataplane",1785354086,"5.927272727272727"
"provider-dataplane",1785354091,"5.890909090909091"
"provider-dataplane",1785354096,"5.945454545454545"
"provider-dataplane",1785354101,"5.690909090909091"
"provider-dataplane",1785354106,"6.090909090909091"
"provider-dataplane",1785354111,"6.236363636363636"
"provider-dataplane",1785354116,"6.3090909090909095"
"provider-dataplane",1785354121,"6.1090909090909085"
"provider-dataplane",1785354126,"6.218181818181818"
"provider-dataplane",1785354131,"6.2"
"provider-dataplane",1785354136,"5.963636363636363"
"provider-dataplane",1785354141,"5.8"
"provider-dataplane",1785354146,"6.2"
"provider-dataplane",1785354151,"6.236363636363636"
"provider-dataplane",1785354156,"6.236363636363636"
"provider-dataplane",1785354161,"5.963636363636363"
"provider-dataplane",1785354166,"5.9818181818181815"
"provider-dataplane",1785354171,"6.381818181818182"
"provider-dataplane",1785354176,"6.327272727272727"
"provider-dataplane",1785354181,"6.363636363636363"
"provider-dataplane",1785354186,"6.309090909090909"
"provider-dataplane",1785354191,"6.1090909090909085"
"provider-dataplane",1785354196,"5.818181818181818"
"provider-dataplane",1785354201,"5.7272727272727275"
"provider-dataplane",1785354206,"5.763636363636364"
"provider-dataplane",1785354211,"6.127272727272727"
"provider-dataplane",1785354216,"6.290909090909091"
"provider-dataplane",1785354221,"6.127272727272727"
"provider-dataplane",1785354226,"5.763636363636364"
"provider-dataplane",1785354231,"5.945454545454545"
"provider-dataplane",1785354236,"6.072727272727272"
"provider-dataplane",1785354241,"5.763636363636364"
"provider-dataplane",1785354246,"5.727272727272727"
"provider-dataplane",1785354251,"5.909090909090909"
"provider-dataplane",1785354256,"5.872727272727273"
"provider-dataplane",1785354261,"5.945454545454545"
"provider-dataplane",1785354266,"5.836363636363637"
"provider-dataplane",1785354271,"6.090909090909091"
"provider-dataplane",1785354276,"5.927272727272727"
"provider-dataplane",1785354281,"5.945454545454545"
"provider-dataplane",1785354286,"5.909090909090909"
"provider-dataplane",1785354291,"5.709090909090909"
"provider-dataplane",1785354296,"6.0181818181818185"
"provider-dataplane",1785354301,"5.8"
"provider-dataplane",1785354306,"6.127272727272727"
"provider-dataplane",1785354311,"6.454545454545454"
"provider-dataplane",1785354316,"6.3999999999999995"
"provider-dataplane",1785354321,"5.672727272727273"
"provider-dataplane",1785354326,"5.218181818181818"
"provider-dataplane",1785354331,"5.454545454545454"
"provider-dataplane",1785354336,"5.6"
"provider-dataplane",1785354341,"5.709090909090909"
"provider-dataplane",1785354346,"5.927272727272727"
"provider-dataplane",1785354351,"5.781818181818181"
"provider-dataplane",1785354356,"6.018181818181818"
"provider-dataplane",1785354361,"5.527272727272727"
"provider-dataplane",1785354366,"4.872727272727273"
"provider-dataplane",1785354371,"4.945454545454545"
"provider-dataplane",1785354376,"5.7272727272727275"
"provider-dataplane",1785354381,"6.127272727272727"
"provider-dataplane",1785354386,"6.127272727272727"
"provider-dataplane",1785354391,"6.072727272727272"
"provider-dataplane",1785354396,"5.818181818181818"
"provider-dataplane",1785354401,"5.763636363636364"
"provider-dataplane",1785354406,"5.872727272727273"
"provider-dataplane",1785354411,"5.8545454545454545"
"provider-dataplane",1785354416,"6"
"provider-dataplane",1785354421,"6.090909090909091"
"provider-dataplane",1785354426,"5.5636363636363635"
"provider-dataplane",1785354431,"4.963636363636363"
"provider-dataplane",1785354436,"4.8"
"provider-dataplane",1785354441,"5"
"provider-dataplane",1785354446,"5.181818181818182"
"provider-dataplane",1785354451,"5.672727272727273"
"provider-dataplane",1785354456,"5.818181818181818"
"provider-dataplane",1785354461,"6.0181818181818185"
"provider-dataplane",1785354466,"6.1090909090909085"
"provider-dataplane",1785354471,"5.890909090909091"
"provider-dataplane",1785354476,"6.072727272727272"
"provider-dataplane",1785354481,"6.1454545454545455"
"provider-dataplane",1785354486,"6.236363636363636"
"provider-dataplane",1785354491,"6.163636363636364"
"provider-dataplane",1785354496,"6.036363636363636"
"provider-dataplane",1785354501,"5.763636363636364"
"provider-dataplane",1785354506,"5.545454545454545"
"provider-dataplane",1785354511,"5.363636363636363"
"provider-dataplane",1785354516,"5.327272727272727"
"provider-dataplane",1785354521,"5.472727272727273"
"provider-dataplane",1785354526,"5.872727272727273"
"provider-dataplane",1785354531,"5.8545454545454545"
"provider-dataplane",1785354536,"6.1454545454545455"
"provider-dataplane",1785354541,"6.1454545454545455"
"provider-dataplane",1785354546,"6.163636363636364"
"provider-dataplane",1785354551,"6.163636363636363"
"provider-dataplane",1785354556,"6.436363636363636"
"provider-dataplane",1785354561,"6.636363636363637"
"provider-dataplane",1785354566,"6.527272727272727"
"provider-dataplane",1785354571,"6.418181818181818"
"provider-dataplane",1785354576,"6.418181818181818"
"provider-dataplane",1785354581,"6.2"
"provider-dataplane",1785354586,"6.327272727272727"
"provider-dataplane",1785354591,"6.2"
"provider-dataplane",1785354596,"6.509090909090909"
"provider-dataplane",1785354601,"6.2727272727272725"
"provider-dataplane",1785354606,"6.163636363636363"
"provider-dataplane",1785354611,"5.9818181818181815"
"provider-dataplane",1785354616,"6.418181818181818"
"provider-dataplane",1785354621,"6.545454545454545"
"provider-dataplane",1785354626,"6.3999999999999995"
"provider-dataplane",1785354631,"6.163636363636363"
"provider-dataplane",1785354636,"6.2727272727272725"
"provider-dataplane",1785354641,"6.181818181818182"
"provider-dataplane",1785354646,"6.163636363636364"
"provider-dataplane",1785354651,"6.090909090909091"
"provider-dataplane",1785354656,"6.054545454545455"
"provider-dataplane",1785354661,"5.945454545454545"
"provider-dataplane",1785354666,"5.8"
"provider-dataplane",1785354671,"4.6909090909090905"
"provider-dataplane",1785354676,"4.872727272727273"
"provider-dataplane",1785354681,"5.163636363636364"
"provider-dataplane",1785354686,"5.4"
"provider-dataplane",1785354691,"5.509090909090909"
"provider-dataplane",1785354696,"5.472727272727273"
"provider-dataplane",1785354701,"6.2727272727272725"
"provider-dataplane",1785354706,"6.218181818181818"
"provider-dataplane",1785354711,"6.527272727272727"
"provider-dataplane",1785354716,"6.672727272727273"
"provider-dataplane",1785354721,"6.654545454545454"
"provider-dataplane",1785354726,"6.9818181818181815"
"provider-dataplane",1785354731,"6.672727272727273"
"provider-dataplane",1785354736,"6.6"
"provider-dataplane",1785354741,"6.6"
"provider-dataplane",1785354746,"6.381818181818182"
"provider-dataplane",1785354751,"6.5636363636363635"
"provider-dataplane",1785354756,"5.909090909090909"
"provider-dataplane",1785354761,"5.945454545454545"
"provider-dataplane",1785354766,"5.836363636363636"
"provider-dataplane",1785354771,"5.581818181818182"
"provider-dataplane",1785354776,"5.927272727272727"
"provider-dataplane",1785354781,"5.963636363636363"
"provider-dataplane",1785354786,"5.872727272727273"
"provider-dataplane",1785354791,"5.927272727272727"
"provider-dataplane",1785354796,"5.909090909090909"
"provider-dataplane",1785354801,"6.163636363636364"
"provider-dataplane",1785354806,"5.9818181818181815"
"provider-dataplane",1785354811,"5.945454545454545"
"provider-dataplane",1785354816,"6.181818181818182"
"provider-dataplane",1785354821,"6.2727272727272725"
"provider-dataplane",1785354826,"6.381818181818182"
"provider-dataplane",1785354831,"5.9818181818181815"
"provider-dataplane",1785354836,"5.945454545454545"
"provider-dataplane",1785354841,"6"
"provider-dataplane",1785354846,"5.545454545454545"
"provider-dataplane",1785354851,"5.290909090909091"
"provider-dataplane",1785354856,"5.345454545454546"
"provider-dataplane",1785354861,"5.454545454545454"
"provider-dataplane",1785354866,"5.49090909090909"
"provider-dataplane",1785354871,"5.49090909090909"
"provider-dataplane",1785354876,"5.636363636363637"
"provider-dataplane",1785354881,"6.127272727272727"
"provider-dataplane",1785354886,"6.345454545454546"
"provider-dataplane",1785354891,"6.581818181818182"
"provider-dataplane",1785354896,"6.727272727272727"
"provider-dataplane",1785354901,"6.890909090909091"
"provider-dataplane",1785354906,"6.963636363636364"
"provider-dataplane",1785354911,"6.781818181818181"
"provider-dataplane",1785354916,"6.781818181818181"
"provider-dataplane",1785354921,"6.872727272727272"
"provider-dataplane",1785354926,"6.8"
"provider-dataplane",1785354931,"6.6909090909090905"
"provider-dataplane",1785354936,"6.163636363636363"
"provider-dataplane",1785354941,"6.090909090909091"
"provider-dataplane",1785354946,"5.8545454545454545"
"provider-dataplane",1785354951,"5.8"
"provider-dataplane",1785354956,"5.9818181818181815"
"provider-dataplane",1785354961,"5.909090909090909"
"provider-dataplane",1785354966,"5.872727272727273"
"provider-dataplane",1785354971,"5.8"
"provider-dataplane",1785354976,"5.890909090909091"
"provider-dataplane",1785354981,"5.763636363636364"
"provider-dataplane",1785354986,"5.618181818181818"
"provider-dataplane",1785354991,"5.8"
"provider-dataplane",1785354996,"5.945454545454545"
"provider-dataplane",1785355001,"5.945454545454545"
"provider-dataplane",1785355006,"5.763636363636364"
"provider-dataplane",1785355011,"5.6"
"provider-dataplane",1785355016,"5.163636363636363"
"provider-dataplane",1785355021,"5.163636363636363"
"provider-dataplane",1785355026,"4.636363636363637"
"provider-dataplane",1785355031,"4.6"
"provider-dataplane",1785355036,"4.581818181818182"
"provider-dataplane",1785355041,"4.7272727272727275"
"provider-dataplane",1785355046,"4.6000000000000005"
"provider-dataplane",1785355051,"4.709090909090909"
"provider-dataplane",1785355056,"5"
"provider-dataplane",1785355061,"5.072727272727272"
"provider-dataplane",1785355066,"5.054545454545455"
"provider-dataplane",1785355071,"5.763636363636364"
"provider-dataplane",1785355076,"5.472727272727273"
"provider-dataplane",1785355081,"5.836363636363637"
"provider-dataplane",1785355086,"5.6909090909090905"
"provider-dataplane",1785355091,"5.636363636363636"
"provider-dataplane",1785355096,"5.672727272727273"
"provider-dataplane",1785355101,"5.836363636363637"
"provider-dataplane",1785355106,"5.836363636363637"
"provider-dataplane",1785355111,"5.509090909090909"
"provider-dataplane",1785355116,"5.545454545454545"
"provider-dataplane",1785355121,"5.709090909090909"
"provider-dataplane",1785355126,"5.309090909090909"
"provider-dataplane",1785355131,"5.527272727272727"
"provider-dataplane",1785355136,"5.836363636363637"
"provider-dataplane",1785355141,"5.381818181818182"
"provider-dataplane",1785355146,"5.527272727272727"
"provider-dataplane",1785355151,"5.49090909090909"
"provider-dataplane",1785355156,"5.254545454545454"
"provider-dataplane",1785355161,"5.109090909090909"
"provider-dataplane",1785355166,"5.509090909090909"
"provider-dataplane",1785355171,"5.836363636363637"
"provider-dataplane",1785355176,"5.672727272727273"
"provider-dataplane",1785355181,"5.636363636363637"
"provider-dataplane",1785355186,"5.836363636363637"
"provider-dataplane",1785355191,"5.381818181818182"
"provider-dataplane",1785355196,"5.709090909090909"
"provider-dataplane",1785355201,"5.709090909090909"
"provider-dataplane",1785355206,"5.309090909090909"
"provider-dataplane",1785355211,"5.8"
"provider-dataplane",1785355216,"6.018181818181818"
"provider-dataplane",1785355221,"5.8545454545454545"
"provider-dataplane",1785355226,"5.836363636363637"
"provider-dataplane",1785355231,"6.127272727272727"
"provider-dataplane",1785355236,"6.5636363636363635"
"provider-dataplane",1785355241,"6.4363636363636365"
"provider-dataplane",1785355246,"6.763636363636364"
"provider-dataplane",1785355251,"6.581818181818181"
"provider-dataplane",1785355256,"6.6909090909090905"
"provider-dataplane",1785355261,"6.963636363636364"
"provider-dataplane",1785355266,"6.618181818181818"
"provider-dataplane",1785355271,"6.6"
"provider-dataplane",1785355276,"6.636363636363637"
"provider-dataplane",1785355281,"6.545454545454545"
"provider-dataplane",1785355286,"6.5636363636363635"
"provider-dataplane",1785355291,"5.890909090909091"
"provider-dataplane",1785355296,"5.963636363636364"
"provider-dataplane",1785355301,"6.072727272727272"
"provider-dataplane",1785355306,"6.090909090909091"
"provider-dataplane",1785355311,"5.836363636363637"
"provider-dataplane",1785355316,"6.1454545454545455"
"provider-dataplane",1785355321,"5.654545454545454"
"provider-dataplane",1785355326,"5.6"
"provider-dataplane",1785355331,"5.4363636363636365"
"provider-dataplane",1785355336,"5.454545454545454"
"provider-dataplane",1785355341,"5.327272727272727"
"provider-dataplane",1785355346,"6"
"provider-dataplane",1785355351,"5.836363636363637"
"provider-dataplane",1785355356,"5.8545454545454545"
"provider-dataplane",1785355361,"6.0181818181818185"
"provider-dataplane",1785355366,"5.909090909090909"
"provider-dataplane",1785355371,"5.836363636363637"
"provider-dataplane",1785355376,"6.327272727272727"
"provider-dataplane",1785355381,"5.836363636363637"
"provider-dataplane",1785355386,"5.927272727272727"
"provider-dataplane",1785355391,"5.6909090909090905"
"provider-dataplane",1785355396,"5.890909090909091"
"provider-dataplane",1785355401,"5.872727272727273"
"provider-dataplane",1785355406,"5.909090909090909"
"provider-dataplane",1785355411,"5.836363636363637"
"provider-dataplane",1785355416,"6.1090909090909085"
"provider-dataplane",1785355421,"6.49090909090909"
"provider-dataplane",1785355426,"6.290909090909091"
"provider-dataplane",1785355431,"6.090909090909091"
"provider-dataplane",1785355436,"6.5636363636363635"
"provider-dataplane",1785355441,"6.181818181818182"
"provider-dataplane",1785355446,"6.363636363636363"
"provider-dataplane",1785355451,"5.927272727272727"
"provider-dataplane",1785355456,"5.654545454545454"
"provider-dataplane",1785355461,"5.763636363636364"
"provider-dataplane",1785355466,"5.836363636363637"
"provider-dataplane",1785355471,"5.836363636363637"
"provider-dataplane",1785355476,"5.654545454545454"
"provider-dataplane",1785355481,"5.381818181818182"
"provider-dataplane",1785355486,"5.818181818181818"
"provider-dataplane",1785355491,"5.836363636363637"
"provider-dataplane",1785355496,"6.290909090909091"
"provider-dataplane",1785355501,"5.836363636363637"
"provider-dataplane",1785355506,"6.127272727272727"
"provider-dataplane",1785355511,"6.2727272727272725"
"provider-dataplane",1785355516,"6.090909090909091"
"provider-dataplane",1785355521,"6"
"provider-dataplane",1785355526,"5.836363636363637"
"provider-dataplane",1785355531,"6.018181818181818"
"provider-dataplane",1785355536,"6.5636363636363635"
"provider-dataplane",1785355541,"6.363636363636363"
"provider-dataplane",1785355546,"5.836363636363637"
"provider-dataplane",1785355551,"5.890909090909091"
"provider-dataplane",1785355556,"6.018181818181818"
"provider-dataplane",1785355561,"5.890909090909091"
"provider-dataplane",1785355566,"5.654545454545454"
"provider-dataplane",1785355571,"5.836363636363636"
"provider-dataplane",1785355576,"5.963636363636364"
"provider-dataplane",1785355581,"5.945454545454545"
"provider-dataplane",1785355586,"5.836363636363637"
"provider-dataplane",1785355591,"5.836363636363637"
"provider-dataplane",1785355596,"6.036363636363636"
"provider-dataplane",1785355601,"6.545454545454545"
"provider-dataplane",1785355606,"6.090909090909091"
"provider-dataplane",1785355611,"6.436363636363636"
"provider-dataplane",1785355616,"6.5636363636363635"
"provider-dataplane",1785355621,"6.49090909090909"
"provider-dataplane",1785355626,"6.345454545454546"
"provider-dataplane",1785355631,"6.254545454545455"
"provider-dataplane",1785355636,"6.4363636363636365"
"provider-dataplane",1785355641,"6.363636363636363"
"provider-dataplane",1785355646,"5.836363636363637"
"provider-dataplane",1785355651,"5.818181818181818"
"provider-dataplane",1785355656,"5.5636363636363635"
"provider-dataplane",1785355661,"5.781818181818182"
"provider-dataplane",1785355666,"5.781818181818182"
"provider-dataplane",1785355671,"5.8"
"provider-dataplane",1785355676,"5.7272727272727275"
"provider-dataplane",1785355681,"5.781818181818181"
"provider-dataplane",1785355686,"5.454545454545454"
"provider-dataplane",1785355691,"5.5636363636363635"
"provider-dataplane",1785355696,"5.6"
"provider-dataplane",1785355701,"5.890909090909091"
"provider-dataplane",1785355706,"5.909090909090909"
"provider-dataplane",1785355711,"6.127272727272727"
"provider-dataplane",1785355716,"6.436363636363636"
"provider-dataplane",1785355721,"5.836363636363637"
"provider-dataplane",1785355726,"5.872727272727273"
"provider-dataplane",1785355731,"5.8"
"provider-dataplane",1785355736,"5.836363636363637"
"provider-dataplane",1785355741,"5.672727272727273"
"provider-dataplane",1785355746,"5.381818181818182"
"provider-dataplane",1785355751,"5.218181818181818"
"provider-dataplane",1785355756,"5.7272727272727275"
"provider-dataplane",1785355761,"5.727272727272727"
"provider-dataplane",1785355766,"5.618181818181818"
"provider-dataplane",1785355771,"5.163636363636363"
"provider-dataplane",1785355776,"5.836363636363637"
"provider-dataplane",1785355781,"5.836363636363637"
"provider-dataplane",1785355786,"6.036363636363636"
"provider-dataplane",1785355791,"6.018181818181818"
"provider-dataplane",1785355796,"6.381818181818182"
"provider-dataplane",1785355801,"6.381818181818182"
"provider-dataplane",1785355806,"6.1454545454545455"
"provider-dataplane",1785355811,"5.872727272727273"
"provider-dataplane",1785355816,"5.872727272727273"
"provider-dataplane",1785355821,"6.036363636363636"
"provider-dataplane",1785355826,"6.509090909090909"
"provider-dataplane",1785355831,"6.054545454545455"
"provider-dataplane",1785355836,"5.836363636363637"
"provider-dataplane",1785355841,"6.236363636363636"
"provider-dataplane",1785355846,"5.945454545454545"
"provider-dataplane",1785355851,"5.836363636363637"
"provider-dataplane",1785355856,"6.018181818181818"
"provider-dataplane",1785355861,"5.909090909090909"
"provider-dataplane",1785355866,"5.836363636363637"
"provider-dataplane",1785355871,"5.836363636363637"
"provider-dataplane",1785355876,"5.509090909090909"
"provider-dataplane",1785355881,"5.236363636363636"
"provider-dataplane",1785355886,"5.6"
"provider-dataplane",1785355891,"5.836363636363637"
"provider-dataplane",1785355896,"5.836363636363637"
"provider-dataplane",1785355901,"5.8"
"provider-dataplane",1785355906,"5.836363636363637"
"provider-dataplane",1785355911,"5.527272727272727"
"provider-dataplane",1785355916,"5.763636363636364"
"provider-dataplane",1785355921,"5.545454545454545"
"provider-dataplane",1785355926,"5.072727272727272"
"provider-dataplane",1785355931,"5.254545454545455"
"provider-dataplane",1785355936,"5.509090909090909"
"provider-dataplane",1785355941,"5.654545454545454"
"provider-dataplane",1785355946,"5.527272727272727"
"provider-dataplane",1785355951,"5.072727272727272"
"provider-dataplane",1785355956,"5.4"
"provider-dataplane",1785355961,"5.654545454545454"
"provider-dataplane",1785355966,"5.909090909090909"
"provider-dataplane",1785355971,"5.872727272727272"
"provider-dataplane",1785355976,"5.945454545454545"
"provider-dataplane",1785355981,"6.072727272727272"
"provider-dataplane",1785355986,"5.836363636363637"
"provider-dataplane",1785355991,"5.836363636363637"
"provider-dataplane",1785355996,"5.836363636363637"
"provider-dataplane",1785356001,"5.945454545454545"
"provider-dataplane",1785356006,"6.3999999999999995"
"provider-dataplane",1785356011,"6.018181818181818"
"provider-dataplane",1785356016,"5.836363636363637"
"provider-dataplane",1785356021,"5.3999999999999995"
"provider-dataplane",1785356026,"5.618181818181818"
"provider-dataplane",1785356031,"5.836363636363637"
"provider-dataplane",1785356036,"5.527272727272727"
"provider-dataplane",1785356041,"5.8"
"provider-dataplane",1785356046,"5.072727272727272"
"provider-dataplane",1785356051,"4.709090909090909"
"provider-dataplane",1785356056,"4.363636363636363"
"provider-dataplane",1785356061,"4.181818181818182"
"provider-dataplane",1785356066,"4.618181818181818"
"provider-dataplane",1785356071,"4.581818181818181"
"provider-dataplane",1785356076,"4.672727272727273"
"provider-dataplane",1785356081,"4.818181818181818"
"provider-dataplane",1785356086,"4.236363636363636"
"provider-dataplane",1785356091,"4.527272727272727"
"provider-dataplane",1785356096,"4.454545454545454"
"provider-dataplane",1785356101,"4.618181818181818"
"provider-dataplane",1785356106,"4.454545454545454"
"provider-dataplane",1785356111,"4.581818181818182"
"provider-dataplane",1785356116,"4.654545454545454"
"provider-dataplane",1785356121,"4.418181818181818"
"provider-dataplane",1785356126,"4.363636363636363"
"provider-dataplane",1785356131,"4.327272727272727"
"provider-dataplane",1785356136,"4.345454545454546"
"provider-dataplane",1785356141,"4.345454545454546"
"provider-dataplane",1785356146,"4.3090909090909095"
"provider-dataplane",1785356151,"4.254545454545455"
"provider-dataplane",1785356156,"4.49090909090909"
"provider-dataplane",1785356161,"4.327272727272727"
"provider-dataplane",1785356166,"4.290909090909091"
"provider-dataplane",1785356171,"4.163636363636364"
"provider-dataplane",1785356176,"3.945454545454545"
"provider-dataplane",1785356181,"3.727272727272727"
"provider-dataplane",1785356186,"3.8"
"provider-dataplane",1785356191,"3.2363636363636363"
"provider-dataplane",1785356196,"3.381818181818182"
"provider-dataplane",1785356201,"3.1636363636363636"
"provider-dataplane",1785356206,"2.9272727272727272"
"provider-dataplane",1785356211,"2.7636363636363632"
"provider-dataplane",1785356216,"2.8545454545454545"
"provider-dataplane",1785356221,"2.672727272727273"
"provider-dataplane",1785356226,"2.3636363636363638"
"provider-dataplane",1785356231,"2.509090909090909"
"provider-dataplane",1785356236,"2.6545454545454543"
"provider-dataplane",1785356241,"2.6363636363636362"
"provider-dataplane",1785356246,"2.8363636363636364"
"provider-dataplane",1785356251,"2.9272727272727272"
"provider-dataplane",1785356256,"2.836363636363636"
"provider-dataplane",1785356261,"2.9272727272727272"
"provider-dataplane",1785356266,"2.6909090909090905"
"provider-dataplane",1785356271,"2.9272727272727272"
"provider-dataplane",1785356276,"2.6363636363636362"
"provider-dataplane",1785356281,"2.8"
"provider-dataplane",1785356286,"2.4909090909090907"
"provider-dataplane",1785356291,"2.4727272727272727"
"provider-dataplane",1785356296,"2.4909090909090907"
"provider-dataplane",1785356301,"2.5636363636363635"
"provider-dataplane",1785356306,"2.5272727272727273"
"provider-dataplane",1785356311,"2.5818181818181816"
"provider-dataplane",1785356316,"2.5636363636363635"
"provider-dataplane",1785356321,"2.745454545454545"
"provider-dataplane",1785356326,"2.5636363636363635"
"provider-dataplane",1785356331,"2.9272727272727272"
"provider-dataplane",1785356336,"2.6727272727272724"
"provider-dataplane",1785356341,"2.9272727272727272"
"provider-dataplane",1785356346,"2.5636363636363635"
"provider-dataplane",1785356351,"2.5636363636363635"
"provider-dataplane",1785356356,"2.6363636363636362"
"provider-dataplane",1785356361,"2.5818181818181816"
"provider-dataplane",1785356366,"2.8727272727272726"
"provider-dataplane",1785356371,"2.6909090909090905"
"provider-dataplane",1785356376,"2.745454545454545"
"provider-dataplane",1785356381,"2.8545454545454545"
"provider-dataplane",1785356386,"2.5636363636363635"
"provider-dataplane",1785356391,"2.836363636363636"
"provider-dataplane",1785356396,"2.8909090909090907"
"provider-dataplane",1785356401,"2.9272727272727272"
"provider-dataplane",1785356406,"2.9272727272727272"
"provider-dataplane",1785356411,"2.836363636363636"
"provider-dataplane",1785356416,"2.9272727272727272"
"provider-dataplane",1785356421,"2.8909090909090907"
"provider-dataplane",1785356426,"2.7818181818181817"
"provider-dataplane",1785356431,"2.9272727272727272"
"provider-dataplane",1785356436,"2.818181818181818"
"provider-dataplane",1785356441,"2.9272727272727272"
"provider-dataplane",1785356446,"2.836363636363636"
"provider-dataplane",1785356451,"2.5999999999999996"
"provider-dataplane",1785356456,"2.9272727272727272"
"provider-dataplane",1785356461,"2.5636363636363635"
"provider-dataplane",1785356466,"2.5818181818181816"
"provider-dataplane",1785356471,"2.5636363636363635"
"provider-dataplane",1785356476,"2.6727272727272724"
"provider-dataplane",1785356481,"3.127272727272727"
"provider-dataplane",1785356486,"3.218181818181818"
"provider-dataplane",1785356491,"3.4"
"provider-dataplane",1785356496,"3.6545454545454543"
"provider-dataplane",1785356501,"3.745454545454545"
