series,timestamp,value
"consumer-controlplane",1785352856,"0.15475903614457823"
"consumer-controlplane",1785352861,"0.15369246861924687"
"consumer-controlplane",1785352866,"0.15600436681222682"
"consumer-controlplane",1785352871,"0.1605720338983049"
"consumer-controlplane",1785352876,"0.1534810126582279"
"consumer-controlplane",1785352881,"0.1514856557377047"
"consumer-controlplane",1785352886,"0.1514326923076922"
"consumer-controlplane",1785352891,"0.14877798507462667"
"consumer-controlplane",1785352896,"0.14683453237410066"
"consumer-controlplane",1785352901,"0.14487068965517236"
"consumer-controlplane",1785352906,"0.14580097087378618"
"consumer-controlplane",1785352911,"0.15010263929618758"
"consumer-controlplane",1785352916,"0.15028947368421047"
"consumer-controlplane",1785352921,"0.14938100961538453"
"consumer-controlplane",1785352926,"0.148741758241758"
"consumer-controlplane",1785352931,"0.1448366013071894"
"consumer-controlplane",1785352936,"0.13448314606741546"
"consumer-controlplane",1785352941,"0.13327717391304378"
"consumer-controlplane",1785352946,"0.13479299363057298"
"consumer-controlplane",1785352951,"0.13438679245283033"
"consumer-controlplane",1785352956,"0.13491273100615975"
"consumer-controlplane",1785352961,"0.13256742738589164"
"consumer-controlplane",1785352966,"0.12983940042826597"
"consumer-controlplane",1785352971,"0.13074675324675317"
"consumer-controlplane",1785352976,"0.13545744680851057"
"consumer-controlplane",1785352981,"0.1361949339207047"
"consumer-controlplane",1785352986,"0.14871196754563884"
"consumer-controlplane",1785352991,"0.1544368932038834"
"consumer-controlplane",1785352996,"0.15409542743538768"
"consumer-controlplane",1785353001,"0.1523960396039604"
"consumer-controlplane",1785353006,"0.15201903807615227"
"consumer-controlplane",1785353011,"0.15309642147117286"
"consumer-controlplane",1785353016,"0.15239500000000017"
"consumer-controlplane",1785353021,"0.1497233400402413"
"consumer-controlplane",1785353026,"0.14635937500000012"
"consumer-controlplane",1785353031,"0.1436158798283263"
"consumer-controlplane",1785353036,"0.13830898876404513"
"consumer-controlplane",1785353041,"0.13344929245283021"
"consumer-controlplane",1785353046,"0.13698823529411722"
"consumer-controlplane",1785353051,"0.1348313953488372"
"consumer-controlplane",1785353056,"0.12976161369193165"
"consumer-controlplane",1785353061,"0.1303425480769231"
"consumer-controlplane",1785353066,"0.13051909307875886"
"consumer-controlplane",1785353071,"0.13497695852534541"
"consumer-controlplane",1785353076,"0.13322674418604635"
"consumer-controlplane",1785353081,"0.13295138888888902"
"consumer-controlplane",1785353086,"0.1269212410501189"
"consumer-controlplane",1785353091,"0.12393734643734626"
"consumer-controlplane",1785353096,"0.11683116883116906"
"consumer-controlplane",1785353101,"0.11871113989637302"
"consumer-controlplane",1785353106,"0.12483418367346924"
"consumer-controlplane",1785353111,"0.13044776119402984"
"consumer-controlplane",1785353116,"0.13305276381909548"
"consumer-controlplane",1785353121,"0.12708445040214467"
"consumer-controlplane",1785353126,"0.12452646239554307"
"consumer-controlplane",1785353131,"0.12459745762711846"
"consumer-controlplane",1785353136,"0.1290728021978022"
"consumer-controlplane",1785353141,"0.1332539682539684"
"consumer-controlplane",1785353146,"0.1392394014962591"
"consumer-controlplane",1785353151,"0.14156097560975606"
"consumer-controlplane",1785353156,"0.13640703517587952"
"consumer-controlplane",1785353161,"0.1423858173076924"
"consumer-controlplane",1785353166,"0.14506833712984069"
"consumer-controlplane",1785353171,"0.14692675159235682"
"consumer-controlplane",1785353176,"0.14515337423312877"
"consumer-controlplane",1785353181,"0.13972560975609769"
"consumer-controlplane",1785353186,"0.1408268482490274"
"consumer-controlplane",1785353191,"0.13849609375000024"
"consumer-controlplane",1785353196,"0.13800098231827113"
"consumer-controlplane",1785353201,"0.13808939096267184"
"consumer-controlplane",1785353206,"0.1387005928853751"
"consumer-controlplane",1785353211,"0.1380621301775144"
"consumer-controlplane",1785353216,"0.13189873417721484"
"consumer-controlplane",1785353221,"0.13603813559321992"
"consumer-controlplane",1785353226,"0.13741900647948158"
"consumer-controlplane",1785353231,"0.14452061855670087"
"consumer-controlplane",1785353236,"0.145984375"
"consumer-controlplane",1785353241,"0.14670886075949346"
"consumer-controlplane",1785353246,"0.14686702127659576"
"consumer-controlplane",1785353251,"0.14814873417721497"
"consumer-controlplane",1785353256,"0.14771578947368408"
"consumer-controlplane",1785353261,"0.1453947368421052"
"consumer-controlplane",1785353266,"0.1466366525423727"
"consumer-controlplane",1785353271,"0.1472812499999997"
"consumer-controlplane",1785353276,"0.14720041322314048"
"consumer-controlplane",1785353281,"0.14622580645161273"
"consumer-controlplane",1785353286,"0.14801612903225803"
"consumer-controlplane",1785353291,"0.14969524793388408"
"consumer-controlplane",1785353296,"0.1503744939271254"
"consumer-controlplane",1785353301,"0.15079479768786117"
"consumer-controlplane",1785353306,"0.14711026615969577"
"consumer-controlplane",1785353311,"0.14214768339768347"
"consumer-controlplane",1785353316,"0.140653409090909"
"consumer-controlplane",1785353321,"0.13916666666666624"
"consumer-controlplane",1785353326,"0.13711887477313955"
"consumer-controlplane",1785353331,"0.13117537313432842"
"consumer-controlplane",1785353336,"0.12722274436090222"
"consumer-controlplane",1785353341,"0.13068055555555547"
"consumer-controlplane",1785353346,"0.13539449541284412"
"consumer-controlplane",1785353351,"0.12950657894736844"
"consumer-controlplane",1785353356,"0.12576775431861803"
"consumer-controlplane",1785353361,"0.12167647058823533"
"consumer-controlplane",1785353366,"0.1208365758754866"
"consumer-controlplane",1785353371,"0.11844188376753477"
"consumer-controlplane",1785353376,"0.11565217391304333"
"consumer-controlplane",1785353381,"0.1114052287581703"
"consumer-controlplane",1785353386,"0.1130760869565216"
"consumer-controlplane",1785353391,"0.10726190476190403"
"consumer-controlplane",1785353396,"0.09845366379310334"
"consumer-controlplane",1785353401,"0.09770746887966802"
"consumer-controlplane",1785353406,"0.1035060240963852"
"consumer-controlplane",1785353411,"0.10371359223300974"
"consumer-controlplane",1785353416,"0.10658536585365826"
"consumer-controlplane",1785353421,"0.1134638554216864"
"consumer-controlplane",1785353426,"0.11878588516746388"
"consumer-controlplane",1785353431,"0.12406690140845082"
"consumer-controlplane",1785353436,"0.1277394859813086"
"consumer-controlplane",1785353441,"0.12941627358490543"
"consumer-controlplane",1785353446,"0.13485697940503433"
"consumer-controlplane",1785353451,"0.13844789356984466"
"consumer-controlplane",1785353456,"0.13535714285714284"
"consumer-controlplane",1785353461,"0.13661556603773548"
"consumer-controlplane",1785353466,"0.144423076923077"
"consumer-controlplane",1785353471,"0.14782312925170055"
"consumer-controlplane",1785353476,"0.14646258503401355"
"consumer-controlplane",1785353481,"0.1433843537414965"
"consumer-controlplane",1785353486,"0.1448838495575223"
"consumer-controlplane",1785353491,"0.14697452229299374"
"consumer-controlplane",1785353496,"0.1443884120171673"
"consumer-controlplane",1785353501,"0.1474895615866386"
"consumer-controlplane",1785353506,"0.14663865546218463"
"consumer-controlplane",1785353511,"0.1460803757828809"
"consumer-controlplane",1785353516,"0.14577639751552765"
"consumer-controlplane",1785353521,"0.14337499999999978"
"consumer-controlplane",1785353526,"0.14370582120582123"
"consumer-controlplane",1785353531,"0.14565020161290332"
"consumer-controlplane",1785353536,"0.14754970178926424"
"consumer-controlplane",1785353541,"0.14665151515151487"
"consumer-controlplane",1785353546,"0.14203781512605035"
"consumer-controlplane",1785353551,"0.14268292682926811"
"consumer-controlplane",1785353556,"0.13809128630705378"
"consumer-controlplane",1785353561,"0.13805441478439387"
"consumer-controlplane",1785353566,"0.13890243902439003"
"consumer-controlplane",1785353571,"0.13454787234042548"
"consumer-controlplane",1785353576,"0.13740343347639475"
"consumer-controlplane",1785353581,"0.1458385093167701"
"consumer-controlplane",1785353586,"0.1450160256410255"
"consumer-controlplane",1785353591,"0.14364806866952773"
"consumer-controlplane",1785353596,"0.14313694267515908"
"consumer-controlplane",1785353601,"0.14777040816326487"
"consumer-controlplane",1785353606,"0.15004123711340203"
"consumer-controlplane",1785353611,"0.15281690140845083"
"consumer-controlplane",1785353616,"0.15182790224032572"
"consumer-controlplane",1785353621,"0.15316937119675444"
"consumer-controlplane",1785353626,"0.15568271119842814"
"consumer-controlplane",1785353631,"0.15156435643564362"
"consumer-controlplane",1785353636,"0.14426439232409405"
"consumer-controlplane",1785353641,"0.14874229979466114"
"consumer-controlplane",1785353646,"0.15260584677419323"
"consumer-controlplane",1785353651,"0.1496613545816734"
"consumer-controlplane",1785353656,"0.14480421686746958"
"consumer-controlplane",1785353661,"0.13643075356415457"
"consumer-controlplane",1785353666,"0.13347782258064492"
"consumer-controlplane",1785353671,"0.13031754032258056"
"consumer-controlplane",1785353676,"0.12596741344195495"
"consumer-controlplane",1785353681,"0.12331790123456743"
"consumer-controlplane",1785353686,"0.12380903490759798"
"consumer-controlplane",1785353691,"0.1274311023622042"
"consumer-controlplane",1785353696,"0.12267116182572592"
"consumer-controlplane",1785353701,"0.12463627049180337"
"consumer-controlplane",1785353706,"0.129180412371134"
"consumer-controlplane",1785353711,"0.13071808510638303"
"consumer-controlplane",1785353716,"0.1391493775933605"
"consumer-controlplane",1785353721,"0.1401898734177213"
"consumer-controlplane",1785353726,"0.14262738853503193"
"consumer-controlplane",1785353731,"0.14559168443496787"
"consumer-controlplane",1785353736,"0.14714516129032232"
"consumer-controlplane",1785353741,"0.14734782608695648"
"consumer-controlplane",1785353746,"0.14491794310722095"
"consumer-controlplane",1785353751,"0.14461456102783712"
"consumer-controlplane",1785353756,"0.14026666666666676"
"consumer-controlplane",1785353761,"0.14696202531645558"
"consumer-controlplane",1785353766,"0.1513839285714284"
"consumer-controlplane",1785353771,"0.14450920245398777"
"consumer-controlplane",1785353776,"0.1429570895522388"
"consumer-controlplane",1785353781,"0.1443761552680218"
"consumer-controlplane",1785353786,"0.14569168173598593"
"consumer-controlplane",1785353791,"0.14641964285714262"
"consumer-controlplane",1785353796,"0.14586743772241995"
"consumer-controlplane",1785353801,"0.14409340659340653"
"consumer-controlplane",1785353806,"0.1458149171270716"
"consumer-controlplane",1785353811,"0.14881893382352948"
"consumer-controlplane",1785353816,"0.14630929791271327"
"consumer-controlplane",1785353821,"0.1485607476635511"
"consumer-controlplane",1785353826,"0.15274770642201815"
"consumer-controlplane",1785353831,"0.15434848484848493"
"consumer-controlplane",1785353836,"0.14995312500000005"
"consumer-controlplane",1785353841,"0.14796137339055762"
"consumer-controlplane",1785353846,"0.15064449064449065"
"consumer-controlplane",1785353851,"0.15183229813664592"
"consumer-controlplane",1785353856,"0.15540662650602405"
"consumer-controlplane",1785353861,"0.15233231707317077"
"consumer-controlplane",1785353866,"0.15197813121272358"
"consumer-controlplane",1785353871,"0.15035714285714277"
"consumer-controlplane",1785353876,"0.15103092783505156"
"consumer-controlplane",1785353881,"0.1512854251012145"
"consumer-controlplane",1785353886,"0.14952116935483867"
"consumer-controlplane",1785353891,"0.15113106796116502"
"consumer-controlplane",1785353896,"0.15323884758364323"
"consumer-controlplane",1785353901,"0.1491379310344825"
"consumer-controlplane",1785353906,"0.1499196597353495"
"consumer-controlplane",1785353911,"0.1468068833652007"
"consumer-controlplane",1785353916,"0.14817580340264655"
"consumer-controlplane",1785353921,"0.1466730769230768"
"consumer-controlplane",1785353926,"0.14561165048543692"
"consumer-controlplane",1785353931,"0.14216049382716073"
"consumer-controlplane",1785353936,"0.14568181818181808"
"consumer-controlplane",1785353941,"0.1503636363636362"
"consumer-controlplane",1785353946,"0.15066600397614294"
"consumer-controlplane",1785353951,"0.1436718749999998"
"consumer-controlplane",1785353956,"0.14240083507306847"
"consumer-controlplane",1785353961,"0.14277151639344263"
"consumer-controlplane",1785353966,"0.14091336116910208"
"consumer-controlplane",1785353971,"0.1375"
"consumer-controlplane",1785353976,"0.134728982300885"
"consumer-controlplane",1785353981,"0.13114349775784767"
"consumer-controlplane",1785353986,"0.12712694877505507"
"consumer-controlplane",1785353991,"0.12195930232558154"
"consumer-controlplane",1785353996,"0.12586981566820296"
"consumer-controlplane",1785354001,"0.13337583148558718"
"consumer-controlplane",1785354006,"0.13581497797356828"
"consumer-controlplane",1785354011,"0.13284246575342443"
"consumer-controlplane",1785354016,"0.1294964028776977"
"consumer-controlplane",1785354021,"0.1323493975903614"
"consumer-controlplane",1785354026,"0.13682304038004744"
"consumer-controlplane",1785354031,"0.13832552693208405"
"consumer-controlplane",1785354036,"0.14293161434977564"
"consumer-controlplane",1785354041,"0.14467977528089881"
"consumer-controlplane",1785354046,"0.1476422319474836"
"consumer-controlplane",1785354051,"0.14370224719101127"
"consumer-controlplane",1785354056,"0.13975000000000007"
"consumer-controlplane",1785354061,"0.1411560364464692"
"consumer-controlplane",1785354066,"0.13827354260089675"
"consumer-controlplane",1785354071,"0.13480392156862697"
"consumer-controlplane",1785354076,"0.13383575883575877"
"consumer-controlplane",1785354081,"0.12857894736842126"
"consumer-controlplane",1785354086,"0.13362224448897797"
"consumer-controlplane",1785354091,"0.13109311740890667"
"consumer-controlplane",1785354096,"0.13274461839530294"
"consumer-controlplane",1785354101,"0.13017716535433055"
"consumer-controlplane",1785354106,"0.12903656126482219"
"consumer-controlplane",1785354111,"0.13060120240480955"
"consumer-controlplane",1785354116,"0.13876223091976483"
"consumer-controlplane",1785354121,"0.14300380228136894"
"consumer-controlplane",1785354126,"0.14599532710280358"
"consumer-controlplane",1785354131,"0.14539473684210535"
"consumer-controlplane",1785354136,"0.14530956848030036"
"consumer-controlplane",1785354141,"0.1388970588235294"
"consumer-controlplane",1785354146,"0.13904150197628434"
"consumer-controlplane",1785354151,"0.1400199999999997"
"consumer-controlplane",1785354156,"0.14118236472945897"
"consumer-controlplane",1785354161,"0.14217261904761935"
"consumer-controlplane",1785354166,"0.13964068825910927"
"consumer-controlplane",1785354171,"0.13260593220338995"
"consumer-controlplane",1785354176,"0.13852415966386547"
"consumer-controlplane",1785354181,"0.14408613445378154"
"consumer-controlplane",1785354186,"0.14827835051546404"
"consumer-controlplane",1785354191,"0.15161852589641434"
"consumer-controlplane",1785354196,"0.15164705882352936"
"consumer-controlplane",1785354201,"0.150816929133858"
"consumer-controlplane",1785354206,"0.14523100616016396"
"consumer-controlplane",1785354211,"0.1475653923541246"
"consumer-controlplane",1785354216,"0.1478749999999999"
"consumer-controlplane",1785354221,"0.14669811320754705"
"consumer-controlplane",1785354226,"0.14754629629629612"
"consumer-controlplane",1785354231,"0.14118589743589746"
"consumer-controlplane",1785354236,"0.14660493827160434"
"consumer-controlplane",1785354241,"0.14616803278688553"
"consumer-controlplane",1785354246,"0.14472616632860014"
"consumer-controlplane",1785354251,"0.14422256097560993"
"consumer-controlplane",1785354256,"0.13874999999999996"
"consumer-controlplane",1785354261,"0.13933704453441284"
"consumer-controlplane",1785354266,"0.13695652173913034"
"consumer-controlplane",1785354271,"0.13690184049079712"
"consumer-controlplane",1785354276,"0.13688128772635813"
"consumer-controlplane",1785354281,"0.13682902584493045"
"consumer-controlplane",1785354286,"0.1384663461538463"
"consumer-controlplane",1785354291,"0.12740853658536574"
"consumer-controlplane",1785354296,"0.1257120901639346"
"consumer-controlplane",1785354301,"0.1209903640256959"
"consumer-controlplane",1785354306,"0.11894650655021805"
"consumer-controlplane",1785354311,"0.12512419006479428"
"consumer-controlplane",1785354316,"0.12734265734265704"
"consumer-controlplane",1785354321,"0.12889655172413786"
"consumer-controlplane",1785354326,"0.13018497757847527"
"consumer-controlplane",1785354331,"0.13027149321266948"
"consumer-controlplane",1785354336,"0.13243834080717481"
"consumer-controlplane",1785354341,"0.1323275862068965"
"consumer-controlplane",1785354346,"0.13579931972789097"
"consumer-controlplane",1785354351,"0.13891379310344815"
"consumer-controlplane",1785354356,"0.14722039473684206"
"consumer-controlplane",1785354361,"0.1517451820128478"
"consumer-controlplane",1785354366,"0.148416313559322"
"consumer-controlplane",1785354371,"0.14499999999999982"
"consumer-controlplane",1785354376,"0.14034226190476187"
"consumer-controlplane",1785354381,"0.13998007968127452"
"consumer-controlplane",1785354386,"0.13907575757575757"
"consumer-controlplane",1785354391,"0.13719008264462768"
"consumer-controlplane",1785354396,"0.14163235294117626"
"consumer-controlplane",1785354401,"0.13980882352941185"
"consumer-controlplane",1785354406,"0.13442152917505015"
"consumer-controlplane",1785354411,"0.13356136820925568"
"consumer-controlplane",1785354416,"0.13780172413793076"
"consumer-controlplane",1785354421,"0.13989543726235726"
"consumer-controlplane",1785354426,"0.14408636363636362"
"consumer-controlplane",1785354431,"0.14063734290843816"
"consumer-controlplane",1785354436,"0.1336413043478261"
"consumer-controlplane",1785354441,"0.13224213286713232"
"consumer-controlplane",1785354446,"0.12859210526315787"
"consumer-controlplane",1785354451,"0.12465827338129451"
"consumer-controlplane",1785354456,"0.12074022346368704"
"consumer-controlplane",1785354461,"0.12209572490706315"
"consumer-controlplane",1785354466,"0.12152542372881386"
"consumer-controlplane",1785354471,"0.1197254335260117"
"consumer-controlplane",1785354476,"0.12294201520912557"
"consumer-controlplane",1785354481,"0.12135964912280682"
"consumer-controlplane",1785354486,"0.12858490566037706"
"consumer-controlplane",1785354491,"0.13048882681564264"
"consumer-controlplane",1785354496,"0.1271732954545452"
"consumer-controlplane",1785354501,"0.12709409594095938"
"consumer-controlplane",1785354506,"0.12237406716417887"
"consumer-controlplane",1785354511,"0.1172838345864663"
"consumer-controlplane",1785354516,"0.11704670329670325"
"consumer-controlplane",1785354521,"0.11134146341463395"
"consumer-controlplane",1785354526,"0.11005586592178772"
"consumer-controlplane",1785354531,"0.10390988372092941"
"consumer-controlplane",1785354536,"0.09986814345991557"
"consumer-controlplane",1785354541,"0.09956300813008138"
"consumer-controlplane",1785354546,"0.10771929824561388"
"consumer-controlplane",1785354551,"0.10702569169960484"
"consumer-controlplane",1785354556,"0.10325883575883525"
"consumer-controlplane",1785354561,"0.10567610062893058"
"consumer-controlplane",1785354566,"0.1085084033613442"
"consumer-controlplane",1785354571,"0.10995771670190263"
"consumer-controlplane",1785354576,"0.11596074380165246"
"consumer-controlplane",1785354581,"0.11045751633986949"
"consumer-controlplane",1785354586,"0.10991189427312804"
"consumer-controlplane",1785354591,"0.11597547974413643"
"consumer-controlplane",1785354596,"0.11190687361419076"
"consumer-controlplane",1785354601,"0.10820205479452008"
"consumer-controlplane",1785354606,"0.1121232876712326"
"consumer-controlplane",1785354611,"0.1116589327146169"
"consumer-controlplane",1785354616,"0.1114028776978415"
"consumer-controlplane",1785354621,"0.12253464203233219"
"consumer-controlplane",1785354626,"0.12363207547169816"
"consumer-controlplane",1785354631,"0.11821428571428591"
"consumer-controlplane",1785354636,"0.11931481481481467"
"consumer-controlplane",1785354641,"0.12347826086956482"
"consumer-controlplane",1785354646,"0.1189105793450881"
"consumer-controlplane",1785354651,"0.12934551886792492"
"consumer-controlplane",1785354656,"0.13053066037735833"
"consumer-controlplane",1785354661,"0.136877802690583"
"consumer-controlplane",1785354666,"0.14099789915966351"
"consumer-controlplane",1785354671,"0.1393231225296438"
"consumer-controlplane",1785354676,"0.12980731225296377"
"consumer-controlplane",1785354681,"0.1255058365758751"
"consumer-controlplane",1785354686,"0.1272448979591833"
"consumer-controlplane",1785354691,"0.1280035971223024"
"consumer-controlplane",1785354696,"0.12372727272727246"
"consumer-controlplane",1785354701,"0.12761304347826102"
"consumer-controlplane",1785354706,"0.1251879370629371"
"consumer-controlplane",1785354711,"0.12437499999999975"
"consumer-controlplane",1785354716,"0.12030555555555533"
"consumer-controlplane",1785354721,"0.12583783783783764"
"consumer-controlplane",1785354726,"0.13389423076923068"
"consumer-controlplane",1785354731,"0.13498670212765979"
"consumer-controlplane",1785354736,"0.13588624338624342"
"consumer-controlplane",1785354741,"0.13394385026737937"
"consumer-controlplane",1785354746,"0.12947416974169704"
"consumer-controlplane",1785354751,"0.1311496350364959"
"consumer-controlplane",1785354756,"0.12619382022471862"
"consumer-controlplane",1785354761,"0.1224714285714282"
"consumer-controlplane",1785354766,"0.12206049149338324"
"consumer-controlplane",1785354771,"0.12512567324955107"
"consumer-controlplane",1785354776,"0.11896567717996309"
"consumer-controlplane",1785354781,"0.10955479452054796"
"consumer-controlplane",1785354786,"0.11702402957486105"
"consumer-controlplane",1785354791,"0.11679288321167854"
"consumer-controlplane",1785354796,"0.11567062043795606"
"consumer-controlplane",1785354801,"0.11608288770053436"
"consumer-controlplane",1785354806,"0.1147735346358791"
"consumer-controlplane",1785354811,"0.11307795698924718"
"consumer-controlplane",1785354816,"0.10904128440366968"
"consumer-controlplane",1785354821,"0.11135948905109483"
"consumer-controlplane",1785354826,"0.11105698529411749"
"consumer-controlplane",1785354831,"0.11167917448405248"
"consumer-controlplane",1785354836,"0.12009786476868335"
"consumer-controlplane",1785354841,"0.11622727272727251"
"consumer-controlplane",1785354846,"0.11710980036297658"
"consumer-controlplane",1785354851,"0.11101782363977453"
"consumer-controlplane",1785354856,"0.10789697542533072"
"consumer-controlplane",1785354861,"0.1083856088560883"
"consumer-controlplane",1785354866,"0.11046762589928036"
"consumer-controlplane",1785354871,"0.1117460317460314"
"consumer-controlplane",1785354876,"0.11008347978910318"
"consumer-controlplane",1785354881,"0.10431901279707446"
"consumer-controlplane",1785354886,"0.1037155963302753"
"consumer-controlplane",1785354891,"0.09882087628865986"
"consumer-controlplane",1785354896,"0.0977272727272725"
"consumer-controlplane",1785354901,"0.10415826612903226"
"consumer-controlplane",1785354906,"0.1173653846153846"
"consumer-controlplane",1785354911,"0.12392166344294005"
"consumer-controlplane",1785354916,"0.13027456647398847"
"consumer-controlplane",1785354921,"0.12919534412955425"
"consumer-controlplane",1785354926,"0.1349132653061223"
"consumer-controlplane",1785354931,"0.13658033826638474"
"consumer-controlplane",1785354936,"0.14552710843373506"
"consumer-controlplane",1785354941,"0.149440594059406"
"consumer-controlplane",1785354946,"0.15008982035928128"
"consumer-controlplane",1785354951,"0.15378654970760225"
"consumer-controlplane",1785354956,"0.15212135922330117"
"consumer-controlplane",1785354961,"0.1514285714285712"
"consumer-controlplane",1785354966,"0.15162188099808063"
"consumer-controlplane",1785354971,"0.1467455621301771"
"consumer-controlplane",1785354976,"0.1488070342205325"
"consumer-controlplane",1785354981,"0.1463243761996162"
"consumer-controlplane",1785354986,"0.1448416506717851"
"consumer-controlplane",1785354991,"0.14043222003929237"
"consumer-controlplane",1785354996,"0.1348787878787879"
"consumer-controlplane",1785355001,"0.13601485148514825"
"consumer-controlplane",1785355006,"0.13848948374760994"
"consumer-controlplane",1785355011,"0.13456712062256768"
"consumer-controlplane",1785355016,"0.13635160680529285"
"consumer-controlplane",1785355021,"0.13719999999999985"
"consumer-controlplane",1785355026,"0.13661375661375638"
"consumer-controlplane",1785355031,"0.13010544815465752"
"consumer-controlplane",1785355036,"0.12230263157894687"
"consumer-controlplane",1785355041,"0.11446241258741255"
"consumer-controlplane",1785355046,"0.10631227758007128"
"consumer-controlplane",1785355051,"0.11084158415841565"
"consumer-controlplane",1785355056,"0.10521685761047488"
"consumer-controlplane",1785355061,"0.09824548192771079"
"consumer-controlplane",1785355066,"0.09494047619047588"
"consumer-controlplane",1785355071,"0.09192307692307708"
"consumer-controlplane",1785355076,"0.08792721518987327"
"consumer-controlplane",1785355081,"0.08937908496731971"
"consumer-controlplane",1785355086,"0.09023936170212767"
"consumer-controlplane",1785355091,"0.09240671641791036"
"consumer-controlplane",1785355096,"0.09221153846153807"
"consumer-controlplane",1785355101,"0.09131628787878762"
"consumer-controlplane",1785355106,"0.08454545454545473"
"consumer-controlplane",1785355111,"0.08364208633093516"
"consumer-controlplane",1785355116,"0.08252586206896571"
"consumer-controlplane",1785355121,"0.07988793103448265"
"consumer-controlplane",1785355126,"0.08166379310344817"
"consumer-controlplane",1785355131,"0.07951612903225799"
"consumer-controlplane",1785355136,"0.07812106918238958"
"consumer-controlplane",1785355141,"0.0745712209302325"
"consumer-controlplane",1785355146,"0.07514423076923063"
"consumer-controlplane",1785355151,"0.0724252717391302"
"consumer-controlplane",1785355156,"0.07293749999999968"
"consumer-controlplane",1785355161,"0.07300145348837213"
"consumer-controlplane",1785355166,"0.07498611111111068"
"consumer-controlplane",1785355171,"0.07462570621468916"
"consumer-controlplane",1785355176,"0.07339673913043455"
"consumer-controlplane",1785355181,"0.06725274725274744"
"consumer-controlplane",1785355186,"0.06826589595375698"
"consumer-controlplane",1785355191,"0.06311305732484046"
"consumer-controlplane",1785355196,"0.06496932515337417"
"consumer-controlplane",1785355201,"0.06204617834394896"
"consumer-controlplane",1785355206,"0.06465322580645193"
"consumer-controlplane",1785355211,"0.06175925925925898"
"consumer-controlplane",1785355216,"0.060990853658536535"
"consumer-controlplane",1785355221,"0.05569531250000014"
"consumer-controlplane",1785355226,"0.057067901234568244"
"consumer-controlplane",1785355231,"0.0629032258064515"
"consumer-controlplane",1785355236,"0.06662974683544323"
"consumer-controlplane",1785355241,"0.06521739130434753"
"consumer-controlplane",1785355246,"0.06823484848484801"
"consumer-controlplane",1785355251,"0.07354041916167658"
"consumer-controlplane",1785355256,"0.07644900497512461"
"consumer-controlplane",1785355261,"0.07719387755102"
"consumer-controlplane",1785355266,"0.080904255319149"
"consumer-controlplane",1785355271,"0.08570876288659786"
"consumer-controlplane",1785355276,"0.08638613861386144"
"consumer-controlplane",1785355281,"0.08595443349753681"
"consumer-controlplane",1785355286,"0.08461734693877546"
"consumer-controlplane",1785355291,"0.08596685082872926"
"consumer-controlplane",1785355296,"0.08826315789473677"
"consumer-controlplane",1785355301,"0.09109374999999978"
"consumer-controlplane",1785355306,"0.08974447513812135"
"consumer-controlplane",1785355311,"0.0915606936416183"
"consumer-controlplane",1785355316,"0.09175546448087431"
"consumer-controlplane",1785355321,"0.09235837438423647"
"consumer-controlplane",1785355326,"0.09090101522842636"
"consumer-controlplane",1785355331,"0.0901757812499998"
"consumer-controlplane",1785355336,"0.08941212871287128"
"consumer-controlplane",1785355341,"0.08667713567839193"
"consumer-controlplane",1785355346,"0.08512019230769194"
"consumer-controlplane",1785355351,"0.08473907766990277"
"consumer-controlplane",1785355356,"0.08245772946859894"
"consumer-controlplane",1785355361,"0.082327380952381"
"consumer-controlplane",1785355366,"0.084470046082949"
"consumer-controlplane",1785355371,"0.0858662790697673"
"consumer-controlplane",1785355376,"0.08400125628140709"
"consumer-controlplane",1785355381,"0.08330263157894725"
"consumer-controlplane",1785355386,"0.08563788659793833"
"consumer-controlplane",1785355391,"0.08282258064516092"
"consumer-controlplane",1785355396,"0.0831987179487174"
"consumer-controlplane",1785355401,"0.08247368421052613"
"consumer-controlplane",1785355406,"0.08129353233830822"
"consumer-controlplane",1785355411,"0.08249404761904777"
"consumer-controlplane",1785355416,"0.08099999999999977"
"consumer-controlplane",1785355421,"0.0792908653846152"
"consumer-controlplane",1785355426,"0.0778096330275229"
"consumer-controlplane",1785355431,"0.07909346846846824"
"consumer-controlplane",1785355436,"0.07933522727272724"
"consumer-controlplane",1785355441,"0.07826249999999997"
"consumer-controlplane",1785355446,"0.081875"
"consumer-controlplane",1785355451,"0.08370901639344278"
"consumer-controlplane",1785355456,"0.08513815789473664"
"consumer-controlplane",1785355461,"0.08497326203208568"
"consumer-controlplane",1785355466,"0.08342896174863365"
"consumer-controlplane",1785355471,"0.08355053191489356"
"consumer-controlplane",1785355476,"0.07887907608695642"
"consumer-controlplane",1785355481,"0.08025584795321614"
"consumer-controlplane",1785355486,"0.07742514970059897"
"consumer-controlplane",1785355491,"0.07744047619047603"
"consumer-controlplane",1785355496,"0.07685301507537677"
"consumer-controlplane",1785355501,"0.07594999999999992"
"consumer-controlplane",1785355506,"0.07492378048780446"
"consumer-controlplane",1785355511,"0.07413819875776426"
"consumer-controlplane",1785355516,"0.07452662721893488"
"consumer-controlplane",1785355521,"0.07294910179640715"
"consumer-controlplane",1785355526,"0.07246366279069771"
"consumer-controlplane",1785355531,"0.0749444444444445"
"consumer-controlplane",1785355536,"0.07041193181818198"
"consumer-controlplane",1785355541,"0.07243788819875763"
"consumer-controlplane",1785355546,"0.0733205521472389"
"consumer-controlplane",1785355551,"0.07617187500000025"
"consumer-controlplane",1785355556,"0.07770604395604407"
"consumer-controlplane",1785355561,"0.07791884816753945"
"consumer-controlplane",1785355566,"0.07870738636363649"
"consumer-controlplane",1785355571,"0.08004360465116311"
"consumer-controlplane",1785355576,"0.07861191860465105"
"consumer-controlplane",1785355581,"0.08076657458563537"
"consumer-controlplane",1785355586,"0.07909023668639052"
"consumer-controlplane",1785355591,"0.08005271084337363"
"consumer-controlplane",1785355596,"0.08262784090909066"
"consumer-controlplane",1785355601,"0.08121565934065926"
"consumer-controlplane",1785355606,"0.07953472222222238"
"consumer-controlplane",1785355611,"0.07913101604278071"
"consumer-controlplane",1785355616,"0.08113636363636355"
"consumer-controlplane",1785355621,"0.08385152284263972"
"consumer-controlplane",1785355626,"0.08515700483091784"
"consumer-controlplane",1785355631,"0.08592995169082128"
"consumer-controlplane",1785355636,"0.08608455882352946"
"consumer-controlplane",1785355641,"0.08733490566037723"
"consumer-controlplane",1785355646,"0.08791469194312805"
"consumer-controlplane",1785355651,"0.08545512820512835"
"consumer-controlplane",1785355656,"0.08586588541666652"
"consumer-controlplane",1785355661,"0.08615624999999977"
"consumer-controlplane",1785355666,"0.08788749999999994"
"consumer-controlplane",1785355671,"0.08528141361256543"
"consumer-controlplane",1785355676,"0.0820522388059699"
"consumer-controlplane",1785355681,"0.07992527173913025"
"consumer-controlplane",1785355686,"0.07838017751479301"
"consumer-controlplane",1785355691,"0.07570138888888912"
"consumer-controlplane",1785355696,"0.07559139784946224"
"consumer-controlplane",1785355701,"0.07665592783505167"
"consumer-controlplane",1785355706,"0.07684782608695635"
"consumer-controlplane",1785355711,"0.0773525943396227"
"consumer-controlplane",1785355716,"0.07720070422535194"
"consumer-controlplane",1785355721,"0.07532863849765228"
"consumer-controlplane",1785355726,"0.07707729468598996"
"consumer-controlplane",1785355731,"0.07817972350230377"
"consumer-controlplane",1785355736,"0.07901227678571414"
"consumer-controlplane",1785355741,"0.07877741228070176"
"consumer-controlplane",1785355746,"0.07965639810426527"
"consumer-controlplane",1785355751,"0.07849056603773598"
"consumer-controlplane",1785355756,"0.07502314814814776"
"consumer-controlplane",1785355761,"0.07387048192771092"
"consumer-controlplane",1785355766,"0.07069832402234634"
"consumer-controlplane",1785355771,"0.07000698324022363"
"consumer-controlplane",1785355776,"0.06690573770491767"
"consumer-controlplane",1785355781,"0.06891959798994979"
"consumer-controlplane",1785355786,"0.06346794871794866"
"consumer-controlplane",1785355791,"0.06090745192307648"
"consumer-controlplane",1785355796,"0.06161123853211"
"consumer-controlplane",1785355801,"0.06022058823529427"
"consumer-controlplane",1785355806,"0.06281976744186071"
"consumer-controlplane",1785355811,"0.06585730088495545"
"consumer-controlplane",1785355816,"0.06454891304347793"
"consumer-controlplane",1785355821,"0.0638146551724136"
"consumer-controlplane",1785355826,"0.06197198275862033"
"consumer-controlplane",1785355831,"0.06362777777777763"
"consumer-controlplane",1785355836,"0.06130461165048539"
"consumer-controlplane",1785355841,"0.063614532019704"
"consumer-controlplane",1785355846,"0.06456410256410249"
"consumer-controlplane",1785355851,"0.06937499999999974"
"consumer-controlplane",1785355856,"0.06892045454545459"
"consumer-controlplane",1785355861,"0.06664340101522845"
"consumer-controlplane",1785355866,"0.0678961748633877"
"consumer-controlplane",1785355871,"0.06842857142857116"
"consumer-controlplane",1785355876,"0.0665570175438599"
"consumer-controlplane",1785355881,"0.06781818181818172"
"consumer-controlplane",1785355886,"0.06734195402298865"
"consumer-controlplane",1785355891,"0.06511235955056205"
"consumer-controlplane",1785355896,"0.06271464646464626"
"consumer-controlplane",1785355901,"0.05921791443850271"
"consumer-controlplane",1785355906,"0.05639550264550262"
"consumer-controlplane",1785355911,"0.05836787564766809"
"consumer-controlplane",1785355916,"0.05828725961538428"
"consumer-controlplane",1785355921,"0.054254926108374374"
"consumer-controlplane",1785355926,"0.055680147058822994"
"consumer-controlplane",1785355931,"0.054510309278350474"
"consumer-controlplane",1785355936,"0.05356965174129376"
"consumer-controlplane",1785355941,"0.051174623115577626"
"consumer-controlplane",1785355946,"0.05087696335078496"
"consumer-controlplane",1785355951,"0.04986530172413789"
"consumer-controlplane",1785355956,"0.053701657458563604"
"consumer-controlplane",1785355961,"0.05562179487179455"
"consumer-controlplane",1785355966,"0.053371794871795"
"consumer-controlplane",1785355971,"0.0529431216931215"
"consumer-controlplane",1785355976,"0.053304521276595636"
"consumer-controlplane",1785355981,"0.05085078534031337"
"consumer-controlplane",1785355986,"0.053541666666666286"
"consumer-controlplane",1785355991,"0.055659203980099665"
"consumer-controlplane",1785355996,"0.054865853658536023"
"consumer-controlplane",1785356001,"0.053595971563981076"
"consumer-controlplane",1785356006,"0.05252415458937158"
"consumer-controlplane",1785356011,"0.049850941422594115"
"consumer-controlplane",1785356016,"0.04890856236786469"
"consumer-controlplane",1785356021,"0.04825600436681228"
"consumer-controlplane",1785356026,"0.048390837104072264"
"consumer-controlplane",1785356031,"0.04721198156682013"
"consumer-controlplane",1785356036,"0.04694382022471906"
"consumer-controlplane",1785356041,"0.046184367541765886"
"consumer-controlplane",1785356046,"0.043137931034482685"
"consumer-controlplane",1785356051,"0.04438652073732725"
"consumer-controlplane",1785356056,"0.04341627634660433"
"consumer-controlplane",1785356061,"0.04352637614678892"
"consumer-controlplane",1785356066,"0.043166259168703924"
"consumer-controlplane",1785356071,"0.0422366828087167"
"consumer-controlplane",1785356076,"0.04241828087167053"
"consumer-controlplane",1785356081,"0.041836492890995294"
"consumer-controlplane",1785356086,"0.041218171296296346"
"consumer-controlplane",1785356091,"0.04286308203991125"
"consumer-controlplane",1785356096,"0.0423068432671081"
"consumer-controlplane",1785356101,"0.0426490825688074"
"consumer-controlplane",1785356106,"0.041459276018099386"
"consumer-controlplane",1785356111,"0.04166202672605768"
"consumer-controlplane",1785356116,"0.04266223404255323"
"consumer-controlplane",1785356121,"0.040902173913043335"
"consumer-controlplane",1785356126,"0.040435729847494536"
"consumer-controlplane",1785356131,"0.03903738839285715"
"consumer-controlplane",1785356136,"0.03666763341067279"
"consumer-controlplane",1785356141,"0.04002314814814813"
"consumer-controlplane",1785356146,"0.039450581395348794"
"consumer-controlplane",1785356151,"0.039539772727272576"
"consumer-controlplane",1785356156,"0.040410997732426214"
"consumer-controlplane",1785356161,"0.03904734411085444"
"consumer-controlplane",1785356166,"0.041358093126385685"
"consumer-controlplane",1785356171,"0.04097972972972965"
"consumer-controlplane",1785356176,"0.04113017429193886"
"consumer-controlplane",1785356181,"0.04164079229122031"
"consumer-controlplane",1785356186,"0.04196351931330468"
"consumer-controlplane",1785356191,"0.04142781316348195"
"consumer-controlplane",1785356196,"0.04008470225872679"
"consumer-controlplane",1785356201,"0.03840618336886995"
"consumer-controlplane",1785356206,"0.04068651574803152"
"consumer-controlplane",1785356211,"0.04182862190812729"
"consumer-controlplane",1785356216,"0.043513569078947364"
"consumer-controlplane",1785356221,"0.043415861513687565"
"consumer-controlplane",1785356226,"0.044075479233226855"
"consumer-controlplane",1785356231,"0.04469294770206011"
"consumer-controlplane",1785356236,"0.04471635367762132"
"consumer-controlplane",1785356241,"0.04410271317829462"
"consumer-controlplane",1785356246,"0.044530763239875384"
"consumer-controlplane",1785356251,"0.043739919354838716"
"consumer-controlplane",1785356256,"0.04467382495948141"
"consumer-controlplane",1785356261,"0.04279166666666661"
"consumer-controlplane",1785356266,"0.0410498046874999"
"consumer-controlplane",1785356271,"0.04121690427698563"
"consumer-controlplane",1785356276,"0.0397578124999999"
"consumer-controlplane",1785356281,"0.03995436105476671"
"consumer-controlplane",1785356286,"0.04112873134328364"
"consumer-controlplane",1785356291,"0.042251368613138586"
"consumer-controlplane",1785356296,"0.043398576512455524"
"consumer-controlplane",1785356301,"0.042827868852459004"
"consumer-controlplane",1785356306,"0.04361338797814195"
"consumer-controlplane",1785356311,"0.04177141527001867"
"consumer-controlplane",1785356316,"0.04164933837429104"
"consumer-controlplane",1785356321,"0.04128633720930237"
"consumer-controlplane",1785356326,"0.04095857418111733"
"consumer-controlplane",1785356331,"0.04098632812499996"
"consumer-controlplane",1785356336,"0.038941532258064473"
"consumer-controlplane",1785356341,"0.03958921370967726"
"consumer-controlplane",1785356346,"0.038026315789473526"
"consumer-controlplane",1785356351,"0.039452979515828504"
"consumer-controlplane",1785356356,"0.04071852189781028"
"consumer-controlplane",1785356361,"0.03997029250457021"
"consumer-controlplane",1785356366,"0.040896098003629804"
"consumer-controlplane",1785356371,"0.040697727272727205"
"consumer-controlplane",1785356376,"0.04235386690647472"
"consumer-controlplane",1785356381,"0.04061563670411988"
"consumer-controlplane",1785356386,"0.04039848197343456"
"consumer-controlplane",1785356391,"0.041716382575757535"
"consumer-controlplane",1785356396,"0.040162706611570266"
"consumer-controlplane",1785356401,"0.03880633047210291"
"consumer-controlplane",1785356406,"0.03831786542923432"
"consumer-controlplane",1785356411,"0.039029043280182085"
"consumer-controlplane",1785356416,"0.038381336405529876"
"consumer-controlplane",1785356421,"0.03811489607390281"
"consumer-controlplane",1785356426,"0.03846709006928391"
"consumer-controlplane",1785356431,"0.03795380434782602"
"consumer-controlplane",1785356436,"0.03851511879049669"
"consumer-controlplane",1785356441,"0.037500000000000006"
"consumer-controlplane",1785356446,"0.03728841870824038"
"consumer-controlplane",1785356451,"0.03725000000000006"
"consumer-controlplane",1785356456,"0.038375279642058245"
"consumer-controlplane",1785356461,"0.03666946308724838"
"consumer-controlplane",1785356466,"0.03684106334841618"
"consumer-controlplane",1785356471,"0.03381690997566923"
"consumer-controlplane",1785356476,"0.03079815303430069"
"consumer-controlplane",1785356481,"0.02800000000000017"
"consumer-controlplane",1785356486,"0.02342910447761196"
"consumer-controlplane",1785356491,"0.02080681818181806"
"consumer-controlplane",1785356496,"0.020852941176470505"
"consumer-controlplane",1785356501,"0.02005468749999989"
"consumer-dataplane",1785352856,"0.004749999999999999"
"consumer-dataplane",1785352861,"0.004749999999999999"
"consumer-dataplane",1785352866,"0.004749999999999999"
"consumer-dataplane",1785352871,"0.004749999999999999"
"consumer-dataplane",1785352876,"0.004749999999999999"
"consumer-dataplane",1785352881,"0.004749999999999999"
"consumer-dataplane",1785352886,"0.004749999999999999"
"consumer-dataplane",1785352891,"0.004749999999999999"
"consumer-dataplane",1785352896,"0.004749999999999999"
"consumer-dataplane",1785352901,"0.004749999999999999"
"consumer-dataplane",1785352906,"0.004749999999999999"
"consumer-dataplane",1785352911,"NaN"
"consumer-dataplane",1785352916,"0.004749999999999999"
"consumer-dataplane",1785352921,"0.004749999999999999"
"consumer-dataplane",1785352926,"0.004749999999999999"
"consumer-dataplane",1785352931,"0.004749999999999999"
"consumer-dataplane",1785352936,"0.004749999999999999"
"consumer-dataplane",1785352941,"0.004749999999999999"
"consumer-dataplane",1785352946,"0.004749999999999999"
"consumer-dataplane",1785352951,"0.004749999999999999"
"consumer-dataplane",1785352956,"0.004749999999999999"
"consumer-dataplane",1785352961,"0.004749999999999999"
"consumer-dataplane",1785352966,"0.004749999999999999"
"consumer-dataplane",1785352971,"NaN"
"consumer-dataplane",1785352976,"0.004749999999999999"
"consumer-dataplane",1785352981,"0.004749999999999999"
"consumer-dataplane",1785352986,"0.004749999999999999"
"consumer-dataplane",1785352991,"0.004749999999999999"
"consumer-dataplane",1785352996,"0.004749999999999999"
"consumer-dataplane",1785353001,"0.004749999999999999"
"consumer-dataplane",1785353006,"0.004749999999999999"
"consumer-dataplane",1785353011,"0.004749999999999999"
"consumer-dataplane",1785353016,"0.004749999999999999"
"consumer-dataplane",1785353021,"0.004749999999999999"
"consumer-dataplane",1785353026,"0.004749999999999999"
"consumer-dataplane",1785353031,"NaN"
"consumer-dataplane",1785353036,"0.004749999999999999"
"consumer-dataplane",1785353041,"0.004749999999999999"
"consumer-dataplane",1785353046,"0.004749999999999999"
"consumer-dataplane",1785353051,"0.004749999999999999"
"consumer-dataplane",1785353056,"0.004749999999999999"
"consumer-dataplane",1785353061,"0.004749999999999999"
"consumer-dataplane",1785353066,"0.004749999999999999"
"consumer-dataplane",1785353071,"0.004749999999999999"
"consumer-dataplane",1785353076,"0.004749999999999999"
"consumer-dataplane",1785353081,"0.004749999999999999"
"consumer-dataplane",1785353086,"0.004749999999999999"
"consumer-dataplane",1785353091,"NaN"
"consumer-dataplane",1785353096,"0.004749999999999999"
"consumer-dataplane",1785353101,"0.004749999999999999"
"consumer-dataplane",1785353106,"0.004749999999999999"
"consumer-dataplane",1785353111,"0.004749999999999999"
"consumer-dataplane",1785353116,"0.004749999999999999"
"consumer-dataplane",1785353121,"0.004749999999999999"
"consumer-dataplane",1785353126,"0.004749999999999999"
"consumer-dataplane",1785353131,"0.004749999999999999"
"consumer-dataplane",1785353136,"0.004749999999999999"
"consumer-dataplane",1785353141,"0.004749999999999999"
"consumer-dataplane",1785353146,"0.004749999999999999"
"consumer-dataplane",1785353151,"NaN"
"consumer-dataplane",1785353156,"0.004749999999999999"
"consumer-dataplane",1785353161,"0.004749999999999999"
"consumer-dataplane",1785353166,"0.004749999999999999"
"consumer-dataplane",1785353171,"0.004749999999999999"
"consumer-dataplane",1785353176,"0.004749999999999999"
"consumer-dataplane",1785353181,"0.004749999999999999"
"consumer-dataplane",1785353186,"0.004749999999999999"
"consumer-dataplane",1785353191,"0.004749999999999999"
"consumer-dataplane",1785353196,"0.004749999999999999"
"consumer-dataplane",1785353201,"0.004749999999999999"
"consumer-dataplane",1785353206,"0.004749999999999999"
"consumer-dataplane",1785353211,"NaN"
"consumer-dataplane",1785353216,"0.004749999999999999"
"consumer-dataplane",1785353221,"0.004749999999999999"
"consumer-dataplane",1785353226,"0.004749999999999999"
"consumer-dataplane",1785353231,"0.004749999999999999"
"consumer-dataplane",1785353236,"0.004749999999999999"
"consumer-dataplane",1785353241,"0.004749999999999999"
"consumer-dataplane",1785353246,"0.004749999999999999"
"consumer-dataplane",1785353251,"0.004749999999999999"
"consumer-dataplane",1785353256,"0.004749999999999999"
"consumer-dataplane",1785353261,"0.004749999999999999"
"consumer-dataplane",1785353266,"0.004749999999999999"
"consumer-dataplane",1785353271,"NaN"
"consumer-dataplane",1785353276,"0.004749999999999999"
"consumer-dataplane",1785353281,"0.004749999999999999"
"consumer-dataplane",1785353286,"0.004749999999999999"
"consumer-dataplane",1785353291,"0.004749999999999999"
"consumer-dataplane",1785353296,"0.004749999999999999"
"consumer-dataplane",1785353301,"0.004749999999999999"
"consumer-dataplane",1785353306,"0.004749999999999999"
"consumer-dataplane",1785353311,"0.004749999999999999"
"consumer-dataplane",1785353316,"0.004749999999999999"
"consumer-dataplane",1785353321,"0.004749999999999999"
"consumer-dataplane",1785353326,"0.004749999999999999"
"consumer-dataplane",1785353331,"NaN"
"consumer-dataplane",1785353336,"NaN"
"consumer-dataplane",1785353341,"0.004749999999999999"
"consumer-dataplane",1785353346,"0.004749999999999999"
"consumer-dataplane",1785353351,"0.004749999999999999"
"consumer-dataplane",1785353356,"0.004749999999999999"
"consumer-dataplane",1785353361,"0.004749999999999999"
"consumer-dataplane",1785353366,"0.004749999999999999"
"consumer-dataplane",1785353371,"0.004749999999999999"
"consumer-dataplane",1785353376,"0.004749999999999999"
"consumer-dataplane",1785353381,"0.004749999999999999"
"consumer-dataplane",1785353386,"0.004749999999999999"
"consumer-dataplane",1785353391,"0.004749999999999999"
"consumer-dataplane",1785353396,"NaN"
"consumer-dataplane",1785353401,"0.004749999999999999"
"consumer-dataplane",1785353406,"0.004749999999999999"
"consumer-dataplane",1785353411,"0.004749999999999999"
"consumer-dataplane",1785353416,"0.004749999999999999"
"consumer-dataplane",1785353421,"0.004749999999999999"
"consumer-dataplane",1785353426,"0.004749999999999999"
"consumer-dataplane",1785353431,"0.004749999999999999"
"consumer-dataplane",1785353436,"0.004749999999999999"
"consumer-dataplane",1785353441,"0.004749999999999999"
"consumer-dataplane",1785353446,"0.004749999999999999"
"consumer-dataplane",1785353451,"0.004749999999999999"
"consumer-dataplane",1785353456,"NaN"
"consumer-dataplane",1785353461,"0.004749999999999999"
"consumer-dataplane",1785353466,"0.004749999999999999"
"consumer-dataplane",1785353471,"0.004749999999999999"
"consumer-dataplane",1785353476,"0.004749999999999999"
"consumer-dataplane",1785353481,"0.004749999999999999"
"consumer-dataplane",1785353486,"0.004749999999999999"
"consumer-dataplane",1785353491,"0.004749999999999999"
"consumer-dataplane",1785353496,"0.004749999999999999"
"consumer-dataplane",1785353501,"0.004749999999999999"
"consumer-dataplane",1785353506,"0.004749999999999999"
"consumer-dataplane",1785353511,"0.004749999999999999"
"consumer-dataplane",1785353516,"NaN"
"consumer-dataplane",1785353521,"0.004749999999999999"
"consumer-dataplane",1785353526,"0.004749999999999999"
"consumer-dataplane",1785353531,"0.004749999999999999"
"consumer-dataplane",1785353536,"0.004749999999999999"
"consumer-dataplane",1785353541,"0.004749999999999999"
"consumer-dataplane",1785353546,"0.004749999999999999"
"consumer-dataplane",1785353551,"0.004749999999999999"
"consumer-dataplane",1785353556,"0.004749999999999999"
"consumer-dataplane",1785353561,"0.004749999999999999"
"consumer-dataplane",1785353566,"0.004749999999999999"
"consumer-dataplane",1785353571,"0.004749999999999999"
"consumer-dataplane",1785353576,"NaN"
"consumer-dataplane",1785353581,"0.004749999999999999"
"consumer-dataplane",1785353586,"0.004749999999999999"
"consumer-dataplane",1785353591,"0.004749999999999999"
"consumer-dataplane",1785353596,"0.004749999999999999"
"consumer-dataplane",1785353601,"0.004749999999999999"
"consumer-dataplane",1785353606,"0.004749999999999999"
"consumer-dataplane",1785353611,"0.004749999999999999"
"consumer-dataplane",1785353616,"0.004749999999999999"
"consumer-dataplane",1785353621,"0.004749999999999999"
"consumer-dataplane",1785353626,"0.004749999999999999"
"consumer-dataplane",1785353631,"0.004749999999999999"
"consumer-dataplane",1785353636,"NaN"
"consumer-dataplane",1785353641,"0.004749999999999999"
"consumer-dataplane",1785353646,"0.004749999999999999"
"consumer-dataplane",1785353651,"0.004749999999999999"
"consumer-dataplane",1785353656,"0.004749999999999999"
"consumer-dataplane",1785353661,"0.004749999999999999"
"consumer-dataplane",1785353666,"0.004749999999999999"
"consumer-dataplane",1785353671,"0.004749999999999999"
"consumer-dataplane",1785353676,"0.004749999999999999"
"consumer-dataplane",1785353681,"0.004749999999999999"
"consumer-dataplane",1785353686,"0.004749999999999999"
"consumer-dataplane",1785353691,"0.004749999999999999"
"consumer-dataplane",1785353696,"NaN"
"consumer-dataplane",1785353701,"0.004749999999999999"
"consumer-dataplane",1785353706,"0.004749999999999999"
"consumer-dataplane",1785353711,"0.004749999999999999"
"consumer-dataplane",1785353716,"0.004749999999999999"
"consumer-dataplane",1785353721,"0.004749999999999999"
"consumer-dataplane",1785353726,"0.004749999999999999"
"consumer-dataplane",1785353731,"0.004749999999999999"
"consumer-dataplane",1785353736,"0.004749999999999999"
"consumer-dataplane",1785353741,"0.004749999999999999"
"consumer-dataplane",1785353746,"0.004749999999999999"
"consumer-dataplane",1785353751,"0.004749999999999999"
"consumer-dataplane",1785353756,"NaN"
"consumer-dataplane",1785353761,"0.004749999999999999"
"consumer-dataplane",1785353766,"0.004749999999999999"
"consumer-dataplane",1785353771,"0.004749999999999999"
"consumer-dataplane",1785353776,"0.004749999999999999"
"consumer-dataplane",1785353781,"0.004749999999999999"
"consumer-dataplane",1785353786,"0.004749999999999999"
"consumer-dataplane",1785353791,"0.004749999999999999"
"consumer-dataplane",1785353796,"0.004749999999999999"
"consumer-dataplane",1785353801,"0.004749999999999999"
"consumer-dataplane",1785353806,"0.004749999999999999"
"consumer-dataplane",1785353811,"0.004749999999999999"
"consumer-dataplane",1785353816,"NaN"
"consumer-dataplane",1785353821,"0.004749999999999999"
"consumer-dataplane",1785353826,"0.004749999999999999"
"consumer-dataplane",1785353831,"0.004749999999999999"
"consumer-dataplane",1785353836,"0.004749999999999999"
"consumer-dataplane",1785353841,"0.004749999999999999"
"consumer-dataplane",1785353846,"0.004749999999999999"
"consumer-dataplane",1785353851,"0.004749999999999999"
"consumer-dataplane",1785353856,"0.004749999999999999"
"consumer-dataplane",1785353861,"0.004749999999999999"
"consumer-dataplane",1785353866,"0.004749999999999999"
"consumer-dataplane",1785353871,"0.004749999999999999"
"consumer-dataplane",1785353876,"NaN"
"consumer-dataplane",1785353881,"NaN"
"consumer-dataplane",1785353886,"0.004749999999999999"
"consumer-dataplane",1785353891,"0.004749999999999999"
"consumer-dataplane",1785353896,"0.004749999999999999"
"consumer-dataplane",1785353901,"0.004749999999999999"
"consumer-dataplane",1785353906,"0.004749999999999999"
"consumer-dataplane",1785353911,"0.004749999999999999"
"consumer-dataplane",1785353916,"0.004749999999999999"
"consumer-dataplane",1785353921,"0.004749999999999999"
"consumer-dataplane",1785353926,"0.004749999999999999"
"consumer-dataplane",1785353931,"0.004749999999999999"
"consumer-dataplane",1785353936,"0.004749999999999999"
"consumer-dataplane",1785353941,"NaN"
"consumer-dataplane",1785353946,"0.004749999999999999"
"consumer-dataplane",1785353951,"0.004749999999999999"
"consumer-dataplane",1785353956,"0.004749999999999999"
"consumer-dataplane",1785353961,"0.004749999999999999"
"consumer-dataplane",1785353966,"0.004749999999999999"
"consumer-dataplane",1785353971,"0.004749999999999999"
"consumer-dataplane",1785353976,"0.004749999999999999"
"consumer-dataplane",1785353981,"0.004749999999999999"
"consumer-dataplane",1785353986,"0.004749999999999999"
"consumer-dataplane",1785353991,"0.004749999999999999"
"consumer-dataplane",1785353996,"0.004749999999999999"
"consumer-dataplane",1785354001,"NaN"
"consumer-dataplane",1785354006,"0.004749999999999999"
"consumer-dataplane",1785354011,"0.004749999999999999"
"consumer-dataplane",1785354016,"0.004749999999999999"
"consumer-dataplane",1785354021,"0.004749999999999999"
"consumer-dataplane",1785354026,"0.004749999999999999"
"consumer-dataplane",1785354031,"0.004749999999999999"
"consumer-dataplane",1785354036,"0.004749999999999999"
"consumer-dataplane",1785354041,"0.004749999999999999"
"consumer-dataplane",1785354046,"0.004749999999999999"
"consumer-dataplane",1785354051,"0.004749999999999999"
"consumer-dataplane",1785354056,"0.004749999999999999"
"consumer-dataplane",1785354061,"NaN"
"consumer-dataplane",1785354066,"0.004749999999999999"
"consumer-dataplane",1785354071,"0.004749999999999999"
"consumer-dataplane",1785354076,"0.004749999999999999"
"consumer-dataplane",1785354081,"0.004749999999999999"
"consumer-dataplane",1785354086,"0.004749999999999999"
"consumer-dataplane",1785354091,"0.004749999999999999"
"consumer-dataplane",1785354096,"0.004749999999999999"
"consumer-dataplane",1785354101,"0.004749999999999999"
"consumer-dataplane",1785354106,"0.004749999999999999"
"consumer-dataplane",1785354111,"0.004749999999999999"
"consumer-dataplane",1785354116,"0.004749999999999999"
"consumer-dataplane",1785354121,"NaN"
"consumer-dataplane",1785354126,"0.004749999999999999"
"consumer-dataplane",1785354131,"0.004749999999999999"
"consumer-dataplane",1785354136,"0.004749999999999999"
"consumer-dataplane",1785354141,"0.004749999999999999"
"consumer-dataplane",1785354146,"0.004749999999999999"
"consumer-dataplane",1785354151,"0.004749999999999999"
"consumer-dataplane",1785354156,"0.004749999999999999"
"consumer-dataplane",1785354161,"0.004749999999999999"
"consumer-dataplane",1785354166,"0.004749999999999999"
"consumer-dataplane",1785354171,"0.004749999999999999"
"consumer-dataplane",1785354176,"0.004749999999999999"
"consumer-dataplane",1785354181,"NaN"
"consumer-dataplane",1785354186,"0.004749999999999999"
"consumer-dataplane",1785354191,"0.004749999999999999"
"consumer-dataplane",1785354196,"0.004749999999999999"
"consumer-dataplane",1785354201,"0.004749999999999999"
"consumer-dataplane",1785354206,"0.004749999999999999"
"consumer-dataplane",1785354211,"0.004749999999999999"
"consumer-dataplane",1785354216,"0.004749999999999999"
"consumer-dataplane",1785354221,"0.004749999999999999"
"consumer-dataplane",1785354226,"0.004749999999999999"
"consumer-dataplane",1785354231,"0.004749999999999999"
"consumer-dataplane",1785354236,"0.004749999999999999"
"consumer-dataplane",1785354241,"NaN"
"consumer-dataplane",1785354246,"0.004749999999999999"
"consumer-dataplane",1785354251,"0.004749999999999999"
"consumer-dataplane",1785354256,"0.004749999999999999"
"consumer-dataplane",1785354261,"0.004749999999999999"
"consumer-dataplane",1785354266,"0.004749999999999999"
"consumer-dataplane",1785354271,"0.004749999999999999"
"consumer-dataplane",1785354276,"0.004749999999999999"
"consumer-dataplane",1785354281,"0.004749999999999999"
"consumer-dataplane",1785354286,"0.004749999999999999"
"consumer-dataplane",1785354291,"0.004749999999999999"
"consumer-dataplane",1785354296,"0.004749999999999999"
"consumer-dataplane",1785354301,"NaN"
"consumer-dataplane",1785354306,"0.004749999999999999"
"consumer-dataplane",1785354311,"0.004749999999999999"
"consumer-dataplane",1785354316,"0.004749999999999999"
"consumer-dataplane",1785354321,"0.004749999999999999"
"consumer-dataplane",1785354326,"0.004749999999999999"
"consumer-dataplane",1785354331,"0.004749999999999999"
"consumer-dataplane",1785354336,"0.004749999999999999"
"consumer-dataplane",1785354341,"0.004749999999999999"
"consumer-dataplane",1785354346,"0.004749999999999999"
"consumer-dataplane",1785354351,"0.004749999999999999"
"consumer-dataplane",1785354356,"0.004749999999999999"
"consumer-dataplane",1785354361,"NaN"
"consumer-dataplane",1785354366,"NaN"
"consumer-dataplane",1785354371,"0.004749999999999999"
"consumer-dataplane",1785354376,"0.004749999999999999"
"consumer-dataplane",1785354381,"0.004749999999999999"
"consumer-dataplane",1785354386,"0.004749999999999999"
"consumer-dataplane",1785354391,"0.004749999999999999"
"consumer-dataplane",1785354396,"0.004749999999999999"
"consumer-dataplane",1785354401,"0.004749999999999999"
"consumer-dataplane",1785354406,"0.004749999999999999"
"consumer-dataplane",1785354411,"0.004749999999999999"
"consumer-dataplane",1785354416,"0.004749999999999999"
"consumer-dataplane",1785354421,"0.004749999999999999"
"consumer-dataplane",1785354426,"NaN"
"consumer-dataplane",1785354431,"0.004749999999999999"
"consumer-dataplane",1785354436,"0.004749999999999999"
"consumer-dataplane",1785354441,"0.004749999999999999"
"consumer-dataplane",1785354446,"0.004749999999999999"
"consumer-dataplane",1785354451,"0.004749999999999999"
"consumer-dataplane",1785354456,"0.004749999999999999"
"consumer-dataplane",1785354461,"0.004749999999999999"
"consumer-dataplane",1785354466,"0.004749999999999999"
"consumer-dataplane",1785354471,"0.004749999999999999"
"consumer-dataplane",1785354476,"0.004749999999999999"
"consumer-dataplane",1785354481,"0.004749999999999999"
"consumer-dataplane",1785354486,"NaN"
"consumer-dataplane",1785354491,"0.004749999999999999"
"consumer-dataplane",1785354496,"0.004749999999999999"
"consumer-dataplane",1785354501,"0.004749999999999999"
"consumer-dataplane",1785354506,"0.004749999999999999"
"consumer-dataplane",1785354511,"0.004749999999999999"
"consumer-dataplane",1785354516,"0.004749999999999999"
"consumer-dataplane",1785354521,"0.004749999999999999"
"consumer-dataplane",1785354526,"0.004749999999999999"
"consumer-dataplane",1785354531,"0.004749999999999999"
"consumer-dataplane",1785354536,"0.004749999999999999"
"consumer-dataplane",1785354541,"0.004749999999999999"
"consumer-dataplane",1785354546,"NaN"
"consumer-dataplane",1785354551,"NaN"
"consumer-dataplane",1785354556,"0.004749999999999999"
"consumer-dataplane",1785354561,"0.004749999999999999"
"consumer-dataplane",1785354566,"0.004749999999999999"
"consumer-dataplane",1785354571,"0.004749999999999999"
"consumer-dataplane",1785354576,"0.004749999999999999"
"consumer-dataplane",1785354581,"0.004749999999999999"
"consumer-dataplane",1785354586,"0.004749999999999999"
"consumer-dataplane",1785354591,"0.004749999999999999"
"consumer-dataplane",1785354596,"0.004749999999999999"
"consumer-dataplane",1785354601,"0.004749999999999999"
"consumer-dataplane",1785354606,"0.004749999999999999"
"consumer-dataplane",1785354611,"NaN"
"consumer-dataplane",1785354616,"0.004749999999999999"
"consumer-dataplane",1785354621,"0.004749999999999999"
"consumer-dataplane",1785354626,"0.004749999999999999"
"consumer-dataplane",1785354631,"0.004749999999999999"
"consumer-dataplane",1785354636,"0.004749999999999999"
"consumer-dataplane",1785354641,"0.004749999999999999"
"consumer-dataplane",1785354646,"0.004749999999999999"
"consumer-dataplane",1785354651,"0.004749999999999999"
"consumer-dataplane",1785354656,"0.004749999999999999"
"consumer-dataplane",1785354661,"0.004749999999999999"
"consumer-dataplane",1785354666,"0.004749999999999999"
"consumer-dataplane",1785354671,"NaN"
"consumer-dataplane",1785354676,"0.004749999999999999"
"consumer-dataplane",1785354681,"0.004749999999999999"
"consumer-dataplane",1785354686,"0.004749999999999999"
"consumer-dataplane",1785354691,"0.004749999999999999"
"consumer-dataplane",1785354696,"0.004749999999999999"
"consumer-dataplane",1785354701,"0.004749999999999999"
"consumer-dataplane",1785354706,"0.004749999999999999"
"consumer-dataplane",1785354711,"0.004749999999999999"
"consumer-dataplane",1785354716,"0.004749999999999999"
"consumer-dataplane",1785354721,"0.004749999999999999"
"consumer-dataplane",1785354726,"0.004749999999999999"
"consumer-dataplane",1785354731,"NaN"
"consumer-dataplane",1785354736,"0.004749999999999999"
"consumer-dataplane",1785354741,"0.004749999999999999"
"consumer-dataplane",1785354746,"0.004749999999999999"
"consumer-dataplane",1785354751,"0.004749999999999999"
"consumer-dataplane",1785354756,"0.004749999999999999"
"consumer-dataplane",1785354761,"0.004749999999999999"
"consumer-dataplane",1785354766,"0.004749999999999999"
"consumer-dataplane",1785354771,"0.004749999999999999"
"consumer-dataplane",1785354776,"0.004749999999999999"
"consumer-dataplane",1785354781,"0.004749999999999999"
"consumer-dataplane",1785354786,"0.004749999999999999"
"consumer-dataplane",1785354791,"NaN"
"consumer-dataplane",1785354796,"0.004749999999999999"
"consumer-dataplane",1785354801,"0.004749999999999999"
"consumer-dataplane",1785354806,"0.004749999999999999"
"consumer-dataplane",1785354811,"0.004749999999999999"
"consumer-dataplane",1785354816,"0.004749999999999999"
"consumer-dataplane",1785354821,"0.004749999999999999"
"consumer-dataplane",1785354826,"0.004749999999999999"
"consumer-dataplane",1785354831,"0.004749999999999999"
"consumer-dataplane",1785354836,"0.004749999999999999"
"consumer-dataplane",1785354841,"0.004749999999999999"
"consumer-dataplane",1785354846,"0.004749999999999999"
"consumer-dataplane",1785354851,"NaN"
"consumer-dataplane",1785354856,"0.004749999999999999"
"consumer-dataplane",1785354861,"0.004749999999999999"
"consumer-dataplane",1785354866,"0.004749999999999999"
"consumer-dataplane",1785354871,"0.004749999999999999"
"consumer-dataplane",1785354876,"0.004749999999999999"
"consumer-dataplane",1785354881,"0.004749999999999999"
"consumer-dataplane",1785354886,"0.004749999999999999"
"consumer-dataplane",1785354891,"0.004749999999999999"
"consumer-dataplane",1785354896,"0.004749999999999999"
"consumer-dataplane",1785354901,"0.004749999999999999"
"consumer-dataplane",1785354906,"0.004749999999999999"
"consumer-dataplane",1785354911,"NaN"
"consumer-dataplane",1785354916,"NaN"
"consumer-dataplane",1785354921,"0.004749999999999999"
"consumer-dataplane",1785354926,"0.004749999999999999"
"consumer-dataplane",1785354931,"0.004749999999999999"
"consumer-dataplane",1785354936,"0.004749999999999999"
"consumer-dataplane",1785354941,"0.004749999999999999"
"consumer-dataplane",1785354946,"0.004749999999999999"
"consumer-dataplane",1785354951,"0.004749999999999999"
"consumer-dataplane",1785354956,"0.004749999999999999"
"consumer-dataplane",1785354961,"0.004749999999999999"
"consumer-dataplane",1785354966,"0.004749999999999999"
"consumer-dataplane",1785354971,"0.004749999999999999"
"consumer-dataplane",1785354976,"0.004749999999999999"
"consumer-dataplane",1785354981,"0.004749999999999999"
"consumer-dataplane",1785354986,"0.004749999999999999"
"consumer-dataplane",1785354991,"0.004749999999999999"
"consumer-dataplane",1785354996,"0.004749999999999999"
"consumer-dataplane",1785355001,"0.004749999999999999"
"consumer-dataplane",1785355006,"0.004749999999999999"
"consumer-dataplane",1785355011,"0.004749999999999999"
"consumer-dataplane",1785355016,"0.004749999999999999"
"consumer-dataplane",1785355021,"0.004749999999999999"
"consumer-dataplane",1785355026,"0.004749999999999999"
"consumer-dataplane",1785355031,"NaN"
"consumer-dataplane",1785355036,"0.004749999999999999"
"consumer-dataplane",1785355041,"0.004749999999999999"
"consumer-dataplane",1785355046,"0.004749999999999999"
"consumer-dataplane",1785355051,"0.004749999999999999"
"consumer-dataplane",1785355056,"0.004749999999999999"
"consumer-dataplane",1785355061,"0.004749999999999999"
"consumer-dataplane",1785355066,"0.004749999999999999"
"consumer-dataplane",1785355071,"0.004749999999999999"
"consumer-dataplane",1785355076,"0.004749999999999999"
"consumer-dataplane",1785355081,"0.004749999999999999"
"consumer-dataplane",1785355086,"0.004749999999999999"
"consumer-dataplane",1785355091,"NaN"
"consumer-dataplane",1785355096,"0.004749999999999999"
"consumer-dataplane",1785355101,"0.004749999999999999"
"consumer-dataplane",1785355106,"0.004749999999999999"
"consumer-dataplane",1785355111,"0.004749999999999999"
"consumer-dataplane",1785355116,"0.004749999999999999"
"consumer-dataplane",1785355121,"0.004749999999999999"
"consumer-dataplane",1785355126,"0.004749999999999999"
"consumer-dataplane",1785355131,"0.004749999999999999"
"consumer-dataplane",1785355136,"0.004749999999999999"
"consumer-dataplane",1785355141,"0.004749999999999999"
"consumer-dataplane",1785355146,"0.004749999999999999"
"consumer-dataplane",1785355151,"NaN"
"consumer-dataplane",1785355156,"0.004749999999999999"
"consumer-dataplane",1785355161,"0.004749999999999999"
"consumer-dataplane",1785355166,"0.004749999999999999"
"consumer-dataplane",1785355171,"0.004749999999999999"
"consumer-dataplane",1785355176,"0.004749999999999999"
"consumer-dataplane",1785355181,"0.004749999999999999"
"consumer-dataplane",1785355186,"0.004749999999999999"
"consumer-dataplane",1785355191,"0.004749999999999999"
"consumer-dataplane",1785355196,"0.004749999999999999"
"consumer-dataplane",1785355201,"0.004749999999999999"
"consumer-dataplane",1785355206,"0.004749999999999999"
"consumer-dataplane",1785355211,"NaN"
"consumer-dataplane",1785355216,"0.004749999999999999"
"consumer-dataplane",1785355221,"0.004749999999999999"
"consumer-dataplane",1785355226,"0.004749999999999999"
"consumer-dataplane",1785355231,"0.004749999999999999"
"consumer-dataplane",1785355236,"0.004749999999999999"
"consumer-dataplane",1785355241,"0.004749999999999999"
"consumer-dataplane",1785355246,"0.004749999999999999"
"consumer-dataplane",1785355251,"0.004749999999999999"
"consumer-dataplane",1785355256,"0.004749999999999999"
"consumer-dataplane",1785355261,"0.004749999999999999"
"consumer-dataplane",1785355266,"0.004749999999999999"
"consumer-dataplane",1785355271,"NaN"
"consumer-dataplane",1785355276,"0.004749999999999999"
"consumer-dataplane",1785355281,"0.004749999999999999"
"consumer-dataplane",1785355286,"0.004749999999999999"
"consumer-dataplane",1785355291,"0.004749999999999999"
"consumer-dataplane",1785355296,"0.004749999999999999"
"consumer-dataplane",1785355301,"0.004749999999999999"
"consumer-dataplane",1785355306,"0.004749999999999999"
"consumer-dataplane",1785355311,"0.004749999999999999"
"consumer-dataplane",1785355316,"0.004749999999999999"
"consumer-dataplane",1785355321,"0.004749999999999999"
"consumer-dataplane",1785355326,"0.004749999999999999"
"consumer-dataplane",1785355331,"NaN"
"consumer-dataplane",1785355336,"NaN"
"consumer-dataplane",1785355341,"0.004749999999999999"
"consumer-dataplane",1785355346,"0.004749999999999999"
"consumer-dataplane",1785355351,"0.004749999999999999"
"consumer-dataplane",1785355356,"0.004749999999999999"
"consumer-dataplane",1785355361,"0.004749999999999999"
"consumer-dataplane",1785355366,"0.004749999999999999"
"consumer-dataplane",1785355371,"0.004749999999999999"
"consumer-dataplane",1785355376,"0.004749999999999999"
"consumer-dataplane",1785355381,"0.004749999999999999"
"consumer-dataplane",1785355386,"0.004749999999999999"
"consumer-dataplane",1785355391,"0.004749999999999999"
"consumer-dataplane",1785355396,"NaN"
"consumer-dataplane",1785355401,"0.004749999999999999"
"consumer-dataplane",1785355406,"0.004749999999999999"
"consumer-dataplane",1785355411,"0.004749999999999999"
"consumer-dataplane",1785355416,"0.004749999999999999"
"consumer-dataplane",1785355421,"0.004749999999999999"
"consumer-dataplane",1785355426,"0.004749999999999999"
"consumer-dataplane",1785355431,"0.004749999999999999"
"consumer-dataplane",1785355436,"0.004749999999999999"
"consumer-dataplane",1785355441,"0.004749999999999999"
"consumer-dataplane",1785355446,"0.004749999999999999"
"consumer-dataplane",1785355451,"0.004749999999999999"
"consumer-dataplane",1785355456,"NaN"
"consumer-dataplane",1785355461,"0.004749999999999999"
"consumer-dataplane",1785355466,"0.004749999999999999"
"consumer-dataplane",1785355471,"0.004749999999999999"
"consumer-dataplane",1785355476,"0.004749999999999999"
"consumer-dataplane",1785355481,"0.004749999999999999"
"consumer-dataplane",1785355486,"0.004749999999999999"
"consumer-dataplane",1785355491,"0.004749999999999999"
"consumer-dataplane",1785355496,"0.004749999999999999"
"consumer-dataplane",1785355501,"0.004749999999999999"
"consumer-dataplane",1785355506,"0.004749999999999999"
"consumer-dataplane",1785355511,"0.004749999999999999"
"consumer-dataplane",1785355516,"NaN"
"consumer-dataplane",1785355521,"0.004749999999999999"
"consumer-dataplane",1785355526,"0.004749999999999999"
"consumer-dataplane",1785355531,"0.004749999999999999"
"consumer-dataplane",1785355536,"0.004749999999999999"
"consumer-dataplane",1785355541,"0.004749999999999999"
"consumer-dataplane",1785355546,"0.004749999999999999"
"consumer-dataplane",1785355551,"0.004749999999999999"
"consumer-dataplane",1785355556,"0.004749999999999999"
"consumer-dataplane",1785355561,"0.004749999999999999"
"consumer-dataplane",1785355566,"0.004749999999999999"
"consumer-dataplane",1785355571,"0.004749999999999999"
"consumer-dataplane",1785355576,"NaN"
"consumer-dataplane",1785355581,"0.004749999999999999"
"consumer-dataplane",1785355586,"0.004749999999999999"
"consumer-dataplane",1785355591,"0.004749999999999999"
"consumer-dataplane",1785355596,"0.004749999999999999"
"consumer-dataplane",1785355601,"0.004749999999999999"
"consumer-dataplane",1785355606,"0.004749999999999999"
"consumer-dataplane",1785355611,"0.004749999999999999"
"consumer-dataplane",1785355616,"0.004749999999999999"
"consumer-dataplane",1785355621,"0.004749999999999999"
"consumer-dataplane",1785355626,"0.004749999999999999"
"consumer-dataplane",1785355631,"0.004749999999999999"
"consumer-dataplane",1785355636,"NaN"
"consumer-dataplane",1785355641,"0.02425"
"consumer-dataplane",1785355646,"0.02425"
"consumer-dataplane",1785355651,"0.02425"
"consumer-dataplane",1785355656,"0.02425"
"consumer-dataplane",1785355661,"0.02425"
"consumer-dataplane",1785355666,"0.02425"
"consumer-dataplane",1785355671,"0.02425"
"consumer-dataplane",1785355676,"0.02425"
"consumer-dataplane",1785355681,"0.02425"
"consumer-dataplane",1785355686,"0.02425"
"consumer-dataplane",1785355691,"0.02425"
"consumer-dataplane",1785355696,"NaN"
"consumer-dataplane",1785355701,"0.004749999999999999"
"consumer-dataplane",1785355706,"0.004749999999999999"
"consumer-dataplane",1785355711,"0.004749999999999999"
"consumer-dataplane",1785355716,"0.004749999999999999"
"consumer-dataplane",1785355721,"0.004749999999999999"
"consumer-dataplane",1785355726,"0.004749999999999999"
"consumer-dataplane",1785355731,"0.004749999999999999"
"consumer-dataplane",1785355736,"0.004749999999999999"
"consumer-dataplane",1785355741,"0.004749999999999999"
"consumer-dataplane",1785355746,"0.004749999999999999"
"consumer-dataplane",1785355751,"0.004749999999999999"
"consumer-dataplane",1785355756,"NaN"
"consumer-dataplane",1785355761,"NaN"
"consumer-dataplane",1785355766,"0.004749999999999999"
"consumer-dataplane",1785355771,"0.004749999999999999"
"consumer-dataplane",1785355776,"0.004749999999999999"
"consumer-dataplane",1785355781,"0.004749999999999999"
"consumer-dataplane",1785355786,"0.004749999999999999"
"consumer-dataplane",1785355791,"0.004749999999999999"
"consumer-dataplane",1785355796,"0.004749999999999999"
"consumer-dataplane",1785355801,"0.004749999999999999"
"consumer-dataplane",1785355806,"0.004749999999999999"
"consumer-dataplane",1785355811,"0.004749999999999999"
"consumer-dataplane",1785355816,"0.004749999999999999"
"consumer-dataplane",1785355821,"NaN"
"consumer-dataplane",1785355826,"0.004749999999999999"
"consumer-dataplane",1785355831,"0.004749999999999999"
"consumer-dataplane",1785355836,"0.004749999999999999"
"consumer-dataplane",1785355841,"0.004749999999999999"
"consumer-dataplane",1785355846,"0.004749999999999999"
"consumer-dataplane",1785355851,"0.004749999999999999"
"consumer-dataplane",1785355856,"0.004749999999999999"
"consumer-dataplane",1785355861,"0.004749999999999999"
"consumer-dataplane",1785355866,"0.004749999999999999"
"consumer-dataplane",1785355871,"0.004749999999999999"
"consumer-dataplane",1785355876,"0.004749999999999999"
"consumer-dataplane",1785355881,"NaN"
"consumer-dataplane",1785355886,"0.004749999999999999"
"consumer-dataplane",1785355891,"0.004749999999999999"
"consumer-dataplane",1785355896,"0.004749999999999999"
"consumer-dataplane",1785355901,"0.004749999999999999"
"consumer-dataplane",1785355906,"0.004749999999999999"
"consumer-dataplane",1785355911,"0.004749999999999999"
"consumer-dataplane",1785355916,"0.004749999999999999"
"consumer-dataplane",1785355921,"0.004749999999999999"
"consumer-dataplane",1785355926,"0.004749999999999999"
"consumer-dataplane",1785355931,"0.004749999999999999"
"consumer-dataplane",1785355936,"0.004749999999999999"
"consumer-dataplane",1785355941,"NaN"
"consumer-dataplane",1785355946,"0.004749999999999999"
"consumer-dataplane",1785355951,"0.004749999999999999"
"consumer-dataplane",1785355956,"0.004749999999999999"
"consumer-dataplane",1785355961,"0.004749999999999999"
"consumer-dataplane",1785355966,"0.004749999999999999"
"consumer-dataplane",1785355971,"0.004749999999999999"
"consumer-dataplane",1785355976,"0.004749999999999999"
"consumer-dataplane",1785355981,"0.004749999999999999"
"consumer-dataplane",1785355986,"0.004749999999999999"
"consumer-dataplane",1785355991,"0.004749999999999999"
"consumer-dataplane",1785355996,"0.004749999999999999"
"consumer-dataplane",1785356001,"NaN"
"consumer-dataplane",1785356006,"0.004749999999999999"
"consumer-dataplane",1785356011,"0.004749999999999999"
"consumer-dataplane",1785356016,"0.004749999999999999"
"consumer-dataplane",1785356021,"0.004749999999999999"
"consumer-dataplane",1785356026,"0.004749999999999999"
"consumer-dataplane",1785356031,"0.004749999999999999"
"consumer-dataplane",1785356036,"0.004749999999999999"
"consumer-dataplane",1785356041,"0.004749999999999999"
"consumer-dataplane",1785356046,"0.004749999999999999"
"consumer-dataplane",1785356051,"0.004749999999999999"
"consumer-dataplane",1785356056,"0.004749999999999999"
"consumer-dataplane",1785356061,"NaN"
"consumer-dataplane",1785356066,"0.004749999999999999"
"consumer-dataplane",1785356071,"0.004749999999999999"
"consumer-dataplane",1785356076,"0.004749999999999999"
"consumer-dataplane",1785356081,"0.004749999999999999"
"consumer-dataplane",1785356086,"0.004749999999999999"
"consumer-dataplane",1785356091,"0.004749999999999999"
"consumer-dataplane",1785356096,"0.004749999999999999"
"consumer-dataplane",1785356101,"0.004749999999999999"
"consumer-dataplane",1785356106,"0.004749999999999999"
"consumer-dataplane",1785356111,"0.004749999999999999"
"consumer-dataplane",1785356116,"0.004749999999999999"
"consumer-dataplane",1785356121,"NaN"
"consumer-dataplane",1785356126,"0.004749999999999999"
"consumer-dataplane",1785356131,"0.004749999999999999"
"consumer-dataplane",1785356136,"0.004749999999999999"
"consumer-dataplane",1785356141,"0.004749999999999999"
"consumer-dataplane",1785356146,"0.004749999999999999"
"consumer-dataplane",1785356151,"0.004749999999999999"
"consumer-dataplane",1785356156,"0.004749999999999999"
"consumer-dataplane",1785356161,"0.004749999999999999"
"consumer-dataplane",1785356166,"0.004749999999999999"
"consumer-dataplane",1785356171,"0.004749999999999999"
"consumer-dataplane",1785356176,"0.004749999999999999"
"consumer-dataplane",1785356181,"NaN"
"consumer-dataplane",1785356186,"0.004749999999999999"
"consumer-dataplane",1785356191,"0.004749999999999999"
"consumer-dataplane",1785356196,"0.004749999999999999"
"consumer-dataplane",1785356201,"0.004749999999999999"
"consumer-dataplane",1785356206,"0.004749999999999999"
"consumer-dataplane",1785356211,"0.004749999999999999"
"consumer-dataplane",1785356216,"0.004749999999999999"
"consumer-dataplane",1785356221,"0.004749999999999999"
"consumer-dataplane",1785356226,"0.004749999999999999"
"consumer-dataplane",1785356231,"0.004749999999999999"
"consumer-dataplane",1785356236,"0.004749999999999999"
"consumer-dataplane",1785356241,"NaN"
"consumer-dataplane",1785356246,"0.004749999999999999"
"consumer-dataplane",1785356251,"0.004749999999999999"
"consumer-dataplane",1785356256,"0.004749999999999999"
"consumer-dataplane",1785356261,"0.004749999999999999"
"consumer-dataplane",1785356266,"0.004749999999999999"
"consumer-dataplane",1785356271,"0.004749999999999999"
"consumer-dataplane",1785356276,"0.004749999999999999"
"consumer-dataplane",1785356281,"0.004749999999999999"
"consumer-dataplane",1785356286,"0.004749999999999999"
"consumer-dataplane",1785356291,"0.004749999999999999"
"consumer-dataplane",1785356296,"0.004749999999999999"
"consumer-dataplane",1785356301,"NaN"
"consumer-dataplane",1785356306,"NaN"
"consumer-dataplane",1785356311,"0.004749999999999999"
"consumer-dataplane",1785356316,"0.004749999999999999"
"consumer-dataplane",1785356321,"0.004749999999999999"
"consumer-dataplane",1785356326,"0.004749999999999999"
"consumer-dataplane",1785356331,"0.004749999999999999"
"consumer-dataplane",1785356336,"0.004749999999999999"
"consumer-dataplane",1785356341,"0.004749999999999999"
"consumer-dataplane",1785356346,"0.004749999999999999"
"consumer-dataplane",1785356351,"0.004749999999999999"
"consumer-dataplane",1785356356,"0.004749999999999999"
"consumer-dataplane",1785356361,"0.004749999999999999"
"consumer-dataplane",1785356366,"NaN"
"consumer-dataplane",1785356371,"0.004749999999999999"
"consumer-dataplane",1785356376,"0.004749999999999999"
"consumer-dataplane",1785356381,"0.004749999999999999"
"consumer-dataplane",1785356386,"0.004749999999999999"
"consumer-dataplane",1785356391,"0.004749999999999999"
"consumer-dataplane",1785356396,"0.004749999999999999"
"consumer-dataplane",1785356401,"0.004749999999999999"
"consumer-dataplane",1785356406,"0.004749999999999999"
"consumer-dataplane",1785356411,"0.004749999999999999"
"consumer-dataplane",1785356416,"0.004749999999999999"
"consumer-dataplane",1785356421,"0.004749999999999999"
"consumer-dataplane",1785356426,"NaN"
"consumer-dataplane",1785356431,"0.004749999999999999"
"consumer-dataplane",1785356436,"0.004749999999999999"
"consumer-dataplane",1785356441,"0.004749999999999999"
"consumer-dataplane",1785356446,"0.004749999999999999"
"consumer-dataplane",1785356451,"0.004749999999999999"
"consumer-dataplane",1785356456,"0.004749999999999999"
"consumer-dataplane",1785356461,"0.004749999999999999"
"consumer-dataplane",1785356466,"0.004749999999999999"
"consumer-dataplane",1785356471,"0.004749999999999999"
"consumer-dataplane",1785356476,"0.004749999999999999"
"consumer-dataplane",1785356481,"0.004749999999999999"
"consumer-dataplane",1785356486,"NaN"
"consumer-dataplane",1785356491,"0.004749999999999999"
"consumer-dataplane",1785356496,"0.004749999999999999"
"consumer-dataplane",1785356501,"0.004749999999999999"
"provider-controlplane",1785352856,"0.2395945945945946"
"provider-controlplane",1785352861,"0.2399186046511628"
"provider-controlplane",1785352866,"0.23993718592964822"
"provider-controlplane",1785352871,"0.2401785714285714"
"provider-controlplane",1785352876,"0.24096153846153842"
"provider-controlplane",1785352881,"0.24042553191489363"
"provider-controlplane",1785352886,"0.23922448979591834"
"provider-controlplane",1785352891,"0.23880905511811026"
"provider-controlplane",1785352896,"0.23851562499999993"
"provider-controlplane",1785352901,"0.2377222222222222"
"provider-controlplane",1785352906,"0.23805454545454544"
"provider-controlplane",1785352911,"0.23785587188612103"
"provider-controlplane",1785352916,"0.2387254901960784"
"provider-controlplane",1785352921,"0.23973571428571427"
"provider-controlplane",1785352926,"0.2405578512396694"
"provider-controlplane",1785352931,"0.24050813008130079"
"provider-controlplane",1785352936,"0.2404289544235925"
"provider-controlplane",1785352941,"0.23991803278688523"
"provider-controlplane",1785352946,"0.24077077747989276"
"provider-controlplane",1785352951,"0.2407901554404145"
"provider-controlplane",1785352956,"0.2410785536159601"
"provider-controlplane",1785352961,"0.2415831295843521"
"provider-controlplane",1785352966,"0.24111111111111108"
"provider-controlplane",1785352971,"0.24001879699248116"
"provider-controlplane",1785352976,"0.23997389033942557"
"provider-controlplane",1785352981,"0.24040469973890338"
"provider-controlplane",1785352986,"0.24186842105263157"
"provider-controlplane",1785352991,"0.2422439024390244"
"provider-controlplane",1785352996,"0.24346378504672897"
"provider-controlplane",1785353001,"0.24303944315545245"
"provider-controlplane",1785353006,"0.24356892523364485"
"provider-controlplane",1785353011,"0.24418042452830188"
"provider-controlplane",1785353016,"0.24390070921985815"
"provider-controlplane",1785353021,"0.24356643356643354"
"provider-controlplane",1785353026,"0.24350694444444443"
"provider-controlplane",1785353031,"0.24281839622641513"
"provider-controlplane",1785353036,"0.24189095127610208"
"provider-controlplane",1785353041,"0.2413594470046083"
"provider-controlplane",1785353046,"0.24363038277511959"
"provider-controlplane",1785353051,"0.24222760290556897"
"provider-controlplane",1785353056,"0.24317848410757947"
"provider-controlplane",1785353061,"0.24263125"
"provider-controlplane",1785353066,"0.24240359897172234"
"provider-controlplane",1785353071,"0.24264851485148517"
"provider-controlplane",1785353076,"0.24287974683544303"
"provider-controlplane",1785353081,"0.2429480519480519"
"provider-controlplane",1785353086,"0.24251953125"
"provider-controlplane",1785353091,"0.24233379501385036"
"provider-controlplane",1785353096,"0.24104634831460672"
"provider-controlplane",1785353101,"0.2390529247910863"
"provider-controlplane",1785353106,"0.23909470752089132"
"provider-controlplane",1785353111,"0.2379705056179775"
"provider-controlplane",1785353116,"0.2386756373937677"
"provider-controlplane",1785353121,"0.23775289017341036"
"provider-controlplane",1785353126,"0.23685820895522383"
"provider-controlplane",1785353131,"0.23759615384615385"
"provider-controlplane",1785353136,"0.23817142857142862"
"provider-controlplane",1785353141,"0.23896341463414633"
"provider-controlplane",1785353146,"0.24074803149606297"
"provider-controlplane",1785353151,"0.2420065789473684"
"provider-controlplane",1785353156,"0.24118493150684928"
"provider-controlplane",1785353161,"0.2426024590163934"
"provider-controlplane",1785353166,"0.24359090909090908"
"provider-controlplane",1785353171,"0.24322580645161293"
"provider-controlplane",1785353176,"0.24340855106888362"
"provider-controlplane",1785353181,"0.24363581730769227"
"provider-controlplane",1785353186,"0.2428392857142857"
"provider-controlplane",1785353191,"0.24321770334928225"
"provider-controlplane",1785353196,"0.24522222222222223"
"provider-controlplane",1785353201,"0.24369999999999997"
"provider-controlplane",1785353206,"0.24259615384615382"
"provider-controlplane",1785353211,"0.2423484848484848"
"provider-controlplane",1785353216,"0.24138461538461534"
"provider-controlplane",1785353221,"0.24244063324538254"
"provider-controlplane",1785353226,"0.24307236842105262"
"provider-controlplane",1785353231,"0.2429960317460317"
"provider-controlplane",1785353236,"0.24421195652173913"
"provider-controlplane",1785353241,"0.24448113207547165"
"provider-controlplane",1785353246,"0.24380697050938335"
"provider-controlplane",1785353251,"0.2420052770448549"
"provider-controlplane",1785353256,"0.24236256544502618"
"provider-controlplane",1785353261,"0.24454370179948584"
"provider-controlplane",1785353266,"0.24538759689922476"
"provider-controlplane",1785353271,"0.24551875"
"provider-controlplane",1785353276,"0.24354922279792746"
"provider-controlplane",1785353281,"0.24717741935483867"
"provider-controlplane",1785353286,"0.2515625000000001"
"provider-controlplane",1785353291,"0.2487404580152672"
"provider-controlplane",1785353296,"0.24881481481481482"
"provider-controlplane",1785353301,"0.24881481481481482"
"provider-controlplane",1785353306,"0.24868389423076923"
"provider-controlplane",1785353311,"0.24903571428571428"
"provider-controlplane",1785353316,"0.2470523255813953"
"provider-controlplane",1785353321,"0.24656105990783414"
"provider-controlplane",1785353326,"0.24631205673758866"
"provider-controlplane",1785353331,"0.2465862068965517"
"provider-controlplane",1785353336,"0.24322635135135134"
"provider-controlplane",1785353341,"0.24296444954128435"
"provider-controlplane",1785353346,"0.24442263279445728"
"provider-controlplane",1785353351,"0.24440092165898616"
"provider-controlplane",1785353356,"0.24454545454545454"
"provider-controlplane",1785353361,"0.24397569444444442"
"provider-controlplane",1785353366,"0.24326241134751772"
"provider-controlplane",1785353371,"0.24358695652173912"
"provider-controlplane",1785353376,"0.24533292978208235"
"provider-controlplane",1785353381,"0.2457012195121951"
"provider-controlplane",1785353386,"0.24592431761786596"
"provider-controlplane",1785353391,"0.24532692307692308"
"provider-controlplane",1785353396,"0.24317669172932332"
"provider-controlplane",1785353401,"0.2419950124688279"
"provider-controlplane",1785353406,"0.24212406015037594"
"provider-controlplane",1785353411,"0.24140909090909088"
"provider-controlplane",1785353416,"0.24162564766839378"
"provider-controlplane",1785353421,"0.24172480620155037"
"provider-controlplane",1785353426,"0.24123046875"
"provider-controlplane",1785353431,"0.23885080645161288"
"provider-controlplane",1785353436,"0.23821138211382115"
"provider-controlplane",1785353441,"0.23777624309392267"
"provider-controlplane",1785353446,"0.23819368131868132"
"provider-controlplane",1785353451,"0.2385245901639344"
"provider-controlplane",1785353456,"0.23716428571428574"
"provider-controlplane",1785353461,"0.2382937685459941"
"provider-controlplane",1785353466,"0.24111898016997166"
"provider-controlplane",1785353471,"0.24147142857142853"
"provider-controlplane",1785353476,"0.2415521978021978"
"provider-controlplane",1785353481,"0.24162601626016258"
"provider-controlplane",1785353486,"0.24246113989637305"
"provider-controlplane",1785353491,"0.2434610552763819"
"provider-controlplane",1785353496,"0.24304239401496258"
"provider-controlplane",1785353501,"0.24311262376237622"
"provider-controlplane",1785353506,"0.24320719602977667"
"provider-controlplane",1785353511,"0.24360024449877746"
"provider-controlplane",1785353516,"0.24296182266009853"
"provider-controlplane",1785353521,"0.24136308068459655"
"provider-controlplane",1785353526,"0.24127139364303177"
"provider-controlplane",1785353531,"0.24128124999999997"
"provider-controlplane",1785353536,"0.24159547738693468"
"provider-controlplane",1785353541,"0.24143410852713176"
"provider-controlplane",1785353546,"0.24080334190231362"
"provider-controlplane",1785353551,"0.2408834586466165"
"provider-controlplane",1785353556,"0.2405922693266833"
"provider-controlplane",1785353561,"0.24012867647058825"
"provider-controlplane",1785353566,"0.23954826732673268"
"provider-controlplane",1785353571,"0.23875000000000002"
"provider-controlplane",1785353576,"0.2388992537313433"
"provider-controlplane",1785353581,"0.2404512195121951"
"provider-controlplane",1785353586,"0.24163120567375884"
"provider-controlplane",1785353591,"0.24127659574468083"
"provider-controlplane",1785353596,"0.24151869158878503"
"provider-controlplane",1785353601,"0.24214953271028034"
"provider-controlplane",1785353606,"0.24373214285714284"
"provider-controlplane",1785353611,"0.24364168618266976"
"provider-controlplane",1785353616,"0.24447647058823527"
"provider-controlplane",1785353621,"0.2454225352112676"
"provider-controlplane",1785353626,"0.24525943396226413"
"provider-controlplane",1785353631,"0.24539156626506023"
"provider-controlplane",1785353636,"0.24523399014778322"
"provider-controlplane",1785353641,"0.24478749999999996"
"provider-controlplane",1785353646,"0.24697007481296757"
"provider-controlplane",1785353651,"0.2476937046004843"
"provider-controlplane",1785353656,"0.24713182897862232"
"provider-controlplane",1785353661,"0.24550347222222224"
"provider-controlplane",1785353666,"0.24587236533957843"
"provider-controlplane",1785353671,"0.24557142857142855"
"provider-controlplane",1785353676,"0.24477870813397126"
"provider-controlplane",1785353681,"0.2449468085106383"
"provider-controlplane",1785353686,"0.2442605633802817"
"provider-controlplane",1785353691,"0.24302816901408453"
"provider-controlplane",1785353696,"0.2430755395683453"
"provider-controlplane",1785353701,"0.2416627906976744"
"provider-controlplane",1785353706,"0.2405673758865248"
"provider-controlplane",1785353711,"0.2412313432835821"
"provider-controlplane",1785353716,"0.24172413793103448"
"provider-controlplane",1785353721,"0.24134756097560972"
"provider-controlplane",1785353726,"0.24213503649635032"
"provider-controlplane",1785353731,"0.24164965986394552"
"provider-controlplane",1785353736,"0.2421404109589041"
"provider-controlplane",1785353741,"0.24232758620689654"
"provider-controlplane",1785353746,"0.24200228832951945"
"provider-controlplane",1785353751,"0.24169520547945206"
"provider-controlplane",1785353756,"0.24231164383561643"
"provider-controlplane",1785353761,"0.24273863636363635"
"provider-controlplane",1785353766,"0.24164965986394554"
"provider-controlplane",1785353771,"0.24122413793103448"
"provider-controlplane",1785353776,"0.24128752886836025"
"provider-controlplane",1785353781,"0.24123556581986144"
"provider-controlplane",1785353786,"0.24155086848635232"
"provider-controlplane",1785353791,"0.24091523341523338"
"provider-controlplane",1785353796,"0.2407549504950495"
"provider-controlplane",1785353801,"0.24120689655172414"
"provider-controlplane",1785353806,"0.24171836228287838"
"provider-controlplane",1785353811,"0.24110103626943002"
"provider-controlplane",1785353816,"0.2414119170984456"
"provider-controlplane",1785353821,"0.24324441687344914"
"provider-controlplane",1785353826,"0.24527499999999997"
"provider-controlplane",1785353831,"0.24565688775510203"
"provider-controlplane",1785353836,"0.24426470588235294"
"provider-controlplane",1785353841,"0.24456439393939394"
"provider-controlplane",1785353846,"0.24451633165829145"
"provider-controlplane",1785353851,"0.24459259259259256"
"provider-controlplane",1785353856,"0.2442777777777778"
"provider-controlplane",1785353861,"0.2434261501210654"
"provider-controlplane",1785353866,"0.24300239234449758"
"provider-controlplane",1785353871,"0.24425373134328354"
"provider-controlplane",1785353876,"0.24454545454545454"
"provider-controlplane",1785353881,"0.24259191176470588"
"provider-controlplane",1785353886,"0.24214200477326972"
"provider-controlplane",1785353891,"0.24280575539568344"
"provider-controlplane",1785353896,"0.24271028037383177"
"provider-controlplane",1785353901,"0.2429326923076923"
"provider-controlplane",1785353906,"0.2431219512195122"
"provider-controlplane",1785353911,"0.2438083538083538"
"provider-controlplane",1785353916,"0.24380025125628138"
"provider-controlplane",1785353921,"0.24325757575757573"
"provider-controlplane",1785353926,"0.24133165829145725"
"provider-controlplane",1785353931,"0.24152423469387757"
"provider-controlplane",1785353936,"0.24360180412371132"
"provider-controlplane",1785353941,"0.2463285340314136"
"provider-controlplane",1785353946,"0.24596733668341708"
"provider-controlplane",1785353951,"0.24630681818181818"
"provider-controlplane",1785353956,"0.24752481389578163"
"provider-controlplane",1785353961,"0.24821428571428572"
"provider-controlplane",1785353966,"0.24732543640897758"
"provider-controlplane",1785353971,"0.2469206549118388"
"provider-controlplane",1785353976,"0.24709302325581395"
"provider-controlplane",1785353981,"0.246531007751938"
"provider-controlplane",1785353986,"0.2441973684210526"
"provider-controlplane",1785353991,"0.24282786885245902"
"provider-controlplane",1785353996,"0.2417"
"provider-controlplane",1785354001,"0.24256064690026952"
"provider-controlplane",1785354006,"0.241890756302521"
"provider-controlplane",1785354011,"0.24000716332378222"
"provider-controlplane",1785354016,"0.2388778409090909"
"provider-controlplane",1785354021,"0.2391860465116279"
"provider-controlplane",1785354026,"0.23991228070175438"
"provider-controlplane",1785354031,"0.24011267605633801"
"provider-controlplane",1785354036,"0.24098756906077345"
"provider-controlplane",1785354041,"0.24215725806451613"
"provider-controlplane",1785354046,"0.24160949868073875"
"provider-controlplane",1785354051,"0.24109375000000002"
"provider-controlplane",1785354056,"0.24134615384615382"
"provider-controlplane",1785354061,"0.24332894736842103"
"provider-controlplane",1785354066,"0.24318537859007833"
"provider-controlplane",1785354071,"0.24356314432989692"
"provider-controlplane",1785354076,"0.24381012658227852"
"provider-controlplane",1785354081,"0.24425925925925926"
"provider-controlplane",1785354086,"0.24536432160804023"
"provider-controlplane",1785354091,"0.24477611940298505"
"provider-controlplane",1785354096,"0.24381157635467982"
"provider-controlplane",1785354101,"0.24391544117647057"
"provider-controlplane",1785354106,"0.24341947115384616"
"provider-controlplane",1785354111,"0.24278846153846154"
"provider-controlplane",1785354116,"0.24650862068965512"
"provider-controlplane",1785354121,"0.24700354609929076"
"provider-controlplane",1785354126,"0.24707949308755756"
"provider-controlplane",1785354131,"0.24741319444444437"
"provider-controlplane",1785354136,"0.24658139534883722"
"provider-controlplane",1785354141,"0.24553154205607475"
"provider-controlplane",1785354146,"0.2454490291262136"
"provider-controlplane",1785354151,"0.24549632352941173"
"provider-controlplane",1785354156,"0.24500628140703515"
"provider-controlplane",1785354161,"0.244931421446384"
"provider-controlplane",1785354166,"0.24428934010152284"
"provider-controlplane",1785354171,"0.2393481012658228"
"provider-controlplane",1785354176,"0.23967018469656992"
"provider-controlplane",1785354181,"0.24051181102362204"
"provider-controlplane",1785354186,"0.2399367088607595"
"provider-controlplane",1785354191,"0.24023722627737226"
"provider-controlplane",1785354196,"0.2403855421686747"
"provider-controlplane",1785354201,"0.2408138173302108"
"provider-controlplane",1785354206,"0.24124410377358488"
"provider-controlplane",1785354211,"0.2420201421800948"
"provider-controlplane",1785354216,"0.24191176470588235"
"provider-controlplane",1785354221,"0.2423361650485437"
"provider-controlplane",1785354226,"0.2418165467625899"
"provider-controlplane",1785354231,"0.24171532846715327"
"provider-controlplane",1785354236,"0.243030303030303"
"provider-controlplane",1785354241,"0.24410156249999998"
"provider-controlplane",1785354246,"0.2442446524064171"
"provider-controlplane",1785354251,"0.2456973684210526"
"provider-controlplane",1785354256,"0.2456132075471698"
"provider-controlplane",1785354261,"0.2452453580901857"
"provider-controlplane",1785354266,"0.24488636363636362"
"provider-controlplane",1785354271,"0.2454373368146214"
"provider-controlplane",1785354276,"0.24484496124031008"
"provider-controlplane",1785354281,"0.24519083969465646"
"provider-controlplane",1785354286,"0.24434701492537314"
"provider-controlplane",1785354291,"0.24286855036855037"
"provider-controlplane",1785354296,"0.24195520581113802"
"provider-controlplane",1785354301,"0.24231527093596056"
"provider-controlplane",1785354306,"0.24076633165829145"
"provider-controlplane",1785354311,"0.24089680589680587"
"provider-controlplane",1785354316,"0.24111788617886176"
"provider-controlplane",1785354321,"0.2408311518324607"
"provider-controlplane",1785354326,"0.24026385224274407"
"provider-controlplane",1785354331,"0.24039682539682541"
"provider-controlplane",1785354336,"0.24084231805929915"
"provider-controlplane",1785354341,"0.24084677419354836"
"provider-controlplane",1785354346,"0.23995358090185676"
"provider-controlplane",1785354351,"0.2408401639344262"
"provider-controlplane",1785354356,"0.2419324324324324"
"provider-controlplane",1785354361,"0.244594414893617"
"provider-controlplane",1785354366,"0.24424738219895284"
"provider-controlplane",1785354371,"0.24436611374407585"
"provider-controlplane",1785354376,"0.24438397129186604"
"provider-controlplane",1785354381,"0.2439381067961165"
"provider-controlplane",1785354386,"0.2439074074074074"
"provider-controlplane",1785354391,"0.24345149253731344"
"provider-controlplane",1785354396,"0.24480629539951573"
"provider-controlplane",1785354401,"0.24472684085510688"
"provider-controlplane",1785354406,"0.24487028301886793"
"provider-controlplane",1785354411,"0.24455503512880564"
"provider-controlplane",1785354416,"0.24272727272727274"
"provider-controlplane",1785354421,"0.24384929906542058"
"provider-controlplane",1785354426,"0.2437784090909091"
"provider-controlplane",1785354431,"0.24502828054298645"
"provider-controlplane",1785354436,"0.24578227571115974"
"provider-controlplane",1785354441,"0.24615853658536588"
"provider-controlplane",1785354446,"0.24582959641255603"
"provider-controlplane",1785354451,"0.2445185614849188"
"provider-controlplane",1785354456,"0.24537897310513446"
"provider-controlplane",1785354461,"0.24422518159806292"
"provider-controlplane",1785354466,"0.24339853300733494"
"provider-controlplane",1785354471,"0.2440632754342432"
"provider-controlplane",1785354476,"0.24393576826196472"
"provider-controlplane",1785354481,"0.24390151515151515"
"provider-controlplane",1785354486,"0.2448955773955774"
"provider-controlplane",1785354491,"0.24397420147420146"
"provider-controlplane",1785354496,"0.24373214285714284"
"provider-controlplane",1785354501,"0.24446635730858465"
"provider-controlplane",1785354506,"0.24505136986301365"
"provider-controlplane",1785354511,"0.24416853932584268"
"provider-controlplane",1785354516,"0.2458053691275168"
"provider-controlplane",1785354521,"0.24582959641255603"
"provider-controlplane",1785354526,"0.24686241610738255"
"provider-controlplane",1785354531,"0.24776845637583889"
"provider-controlplane",1785354536,"0.24801624129930394"
"provider-controlplane",1785354541,"0.24629496402877699"
"provider-controlplane",1785354546,"0.24655502392344494"
"provider-controlplane",1785354551,"0.24624087591240876"
"provider-controlplane",1785354556,"0.24541044776119406"
"provider-controlplane",1785354561,"0.24521518987341773"
"provider-controlplane",1785354566,"0.24525316455696203"
"provider-controlplane",1785354571,"0.24401534526854216"
"provider-controlplane",1785354576,"0.24406169665809765"
"provider-controlplane",1785354581,"0.24188279301745635"
"provider-controlplane",1785354586,"0.24031954887218043"
"provider-controlplane",1785354591,"0.24114661654135336"
"provider-controlplane",1785354596,"0.2407579462102689"
"provider-controlplane",1785354601,"0.242039312039312"
"provider-controlplane",1785354606,"0.24221896955503514"
"provider-controlplane",1785354611,"0.24244693396226416"
"provider-controlplane",1785354616,"0.24207446808510638"
"provider-controlplane",1785354621,"0.24264527845036318"
"provider-controlplane",1785354626,"0.24283169533169532"
"provider-controlplane",1785354631,"0.24248179611650483"
"provider-controlplane",1785354636,"0.24217639593908627"
"provider-controlplane",1785354641,"0.2422"
"provider-controlplane",1785354646,"0.24328846153846148"
"provider-controlplane",1785354651,"0.2444240837696335"
"provider-controlplane",1785354656,"0.24349609375"
"provider-controlplane",1785354661,"0.24501953124999998"
"provider-controlplane",1785354666,"0.24582278481012657"
"provider-controlplane",1785354671,"0.24687499999999996"
"provider-controlplane",1785354676,"0.24595588235294116"
"provider-controlplane",1785354681,"0.2451470588235294"
"provider-controlplane",1785354686,"0.24620393120393116"
"provider-controlplane",1785354691,"0.24620503597122298"
"provider-controlplane",1785354696,"0.24584725536992835"
"provider-controlplane",1785354701,"0.2433708530805687"
"provider-controlplane",1785354706,"0.24420774647887322"
"provider-controlplane",1785354711,"0.2439964370546318"
"provider-controlplane",1785354716,"0.24714735516372793"
"provider-controlplane",1785354721,"0.2483248730964467"
"provider-controlplane",1785354726,"0.24848125"
"provider-controlplane",1785354731,"0.2487992610837438"
"provider-controlplane",1785354736,"0.24957720588235288"
"provider-controlplane",1785354741,"0.24943014705882352"
"provider-controlplane",1785354746,"0.2494656019656019"
"provider-controlplane",1785354751,"0.2635714285714288"
"provider-controlplane",1785354756,"0.26562500000000006"
"provider-controlplane",1785354761,"0.24944642857142854"
"provider-controlplane",1785354766,"0.24944700460829494"
"provider-controlplane",1785354771,"0.24709080717488788"
"provider-controlplane",1785354776,"0.24701025056947606"
"provider-controlplane",1785354781,"0.2463939051918736"
"provider-controlplane",1785354786,"0.24672511312217196"
"provider-controlplane",1785354791,"0.24754395604395607"
"provider-controlplane",1785354796,"0.24674468085106382"
"provider-controlplane",1785354801,"0.2473134328358209"
"provider-controlplane",1785354806,"0.24679245283018864"
"provider-controlplane",1785354811,"0.2464516129032258"
"provider-controlplane",1785354816,"0.24646868250539955"
"provider-controlplane",1785354821,"0.24756756756756756"
"provider-controlplane",1785354826,"0.24695150115473438"
"provider-controlplane",1785354831,"0.24661731207289292"
"provider-controlplane",1785354836,"0.2468806818181818"
"provider-controlplane",1785354841,"0.24758009153318078"
"provider-controlplane",1785354846,"0.24707274826789838"
"provider-controlplane",1785354851,"0.24725"
"provider-controlplane",1785354856,"0.24653708133971294"
"provider-controlplane",1785354861,"0.24588888888888888"
"provider-controlplane",1785354866,"0.24601219512195124"
"provider-controlplane",1785354871,"0.24549999999999997"
"provider-controlplane",1785354876,"0.2442541766109785"
"provider-controlplane",1785354881,"0.24452267303102626"
"provider-controlplane",1785354886,"0.2436352357320099"
"provider-controlplane",1785354891,"0.24320790816326532"
"provider-controlplane",1785354896,"0.241796875"
"provider-controlplane",1785354901,"0.2419109947643979"
"provider-controlplane",1785354906,"0.24193943298969073"
"provider-controlplane",1785354911,"0.24248091603053432"
"provider-controlplane",1785354916,"0.24300000000000002"
"provider-controlplane",1785354921,"0.24263601036269433"
"provider-controlplane",1785354926,"0.2434765625"
"provider-controlplane",1785354931,"0.24369845360824743"
"provider-controlplane",1785354936,"0.2423125"
"provider-controlplane",1785354941,"0.24242700729927008"
"provider-controlplane",1785354946,"0.24295843520782395"
"provider-controlplane",1785354951,"0.2437742718446602"
"provider-controlplane",1785354956,"0.24302109181141437"
"provider-controlplane",1785354961,"0.24355527638190955"
"provider-controlplane",1785354966,"0.24450495049504947"
"provider-controlplane",1785354971,"0.24389156626506023"
"provider-controlplane",1785354976,"0.24410071942446043"
"provider-controlplane",1785354981,"0.2463051470588235"
"provider-controlplane",1785354986,"0.24659949622166247"
"provider-controlplane",1785354991,"0.24684701492537311"
"provider-controlplane",1785354996,"0.24597607052896722"
"provider-controlplane",1785355001,"0.24670370370370365"
"provider-controlplane",1785355006,"0.2489051094890511"
"provider-controlplane",1785355011,"0.24936320754716979"
"provider-controlplane",1785355016,"0.28453947368421056"
"provider-controlplane",1785355021,"0.3107558139534883"
"provider-controlplane",1785355026,"0.32527777777777767"
"provider-controlplane",1785355031,"0.3382653061224493"
"provider-controlplane",1785355036,"0.3125"
"provider-controlplane",1785355041,"0.30476190476190484"
"provider-controlplane",1785355046,"0.3086309523809524"
"provider-controlplane",1785355051,"0.32329545454545444"
"provider-controlplane",1785355056,"0.30548780487804833"
"provider-controlplane",1785355061,"0.30892857142857133"
"provider-controlplane",1785355066,"0.3258152173913043"
"provider-controlplane",1785355071,"0.30365853658536585"
"provider-controlplane",1785355076,"0.29687500000000006"
"provider-controlplane",1785355081,"0.34447115384615346"
"provider-controlplane",1785355086,"0.3529545454545455"
"provider-controlplane",1785355091,"0.3516203703703702"
"provider-controlplane",1785355096,"0.3546296296296294"
"provider-controlplane",1785355101,"0.3537037037037034"
"provider-controlplane",1785355106,"0.3435096153846154"
"provider-controlplane",1785355111,"0.34495192307692313"
"provider-controlplane",1785355116,"0.3274999999999995"
"provider-controlplane",1785355121,"0.29342105263157864"
"provider-controlplane",1785355126,"0.2974358974358975"
"provider-controlplane",1785355131,"0.2643939393939389"
"provider-controlplane",1785355136,"0.24628850102669403"
"provider-controlplane",1785355141,"0.2470315789473684"
"provider-controlplane",1785355146,"0.24720967741935482"
"provider-controlplane",1785355151,"0.24740506329113926"
"provider-controlplane",1785355156,"0.24805555555555553"
"provider-controlplane",1785355161,"0.24831331877729254"
"provider-controlplane",1785355166,"0.25"
"provider-controlplane",1785355171,"0.24875838926174496"
"provider-controlplane",1785355176,"0.24963793103448276"
"provider-controlplane",1785355181,"0.24878805620608901"
"provider-controlplane",1785355186,"0.25037878787878753"
"provider-controlplane",1785355191,"0.28141891891891935"
"provider-controlplane",1785355196,"0.24878424657534248"
"provider-controlplane",1785355201,"0.24976027397260273"
"provider-controlplane",1785355206,"0.24979910714285714"
"provider-controlplane",1785355211,"0.24942934782608697"
"provider-controlplane",1785355216,"0.24912046908315563"
"provider-controlplane",1785355221,"0.24724288840262584"
"provider-controlplane",1785355226,"0.24814999999999998"
"provider-controlplane",1785355231,"0.24760393873085335"
"provider-controlplane",1785355236,"0.24703525641025642"
"provider-controlplane",1785355241,"0.24538961038961038"
"provider-controlplane",1785355246,"0.2443870967741935"
"provider-controlplane",1785355251,"0.24498929336188435"
"provider-controlplane",1785355256,"0.24406451612903224"
"provider-controlplane",1785355261,"0.24506097560975612"
"provider-controlplane",1785355266,"0.24497234513274338"
"provider-controlplane",1785355271,"0.24497270742358074"
"provider-controlplane",1785355276,"0.2448658798283262"
"provider-controlplane",1785355281,"0.2445217391304348"
"provider-controlplane",1785355286,"0.244358407079646"
"provider-controlplane",1785355291,"0.2449664429530201"
"provider-controlplane",1785355296,"0.24496688741721856"
"provider-controlplane",1785355301,"0.24588764044943823"
"provider-controlplane",1785355306,"0.24615"
"provider-controlplane",1785355311,"0.24567934782608694"
"provider-controlplane",1785355316,"0.2445761802575107"
"provider-controlplane",1785355321,"0.24492980561555075"
"provider-controlplane",1785355326,"0.24595264317180615"
"provider-controlplane",1785355331,"0.24704595185995623"
"provider-controlplane",1785355336,"0.24681289640591964"
"provider-controlplane",1785355341,"0.2472987288135593"
"provider-controlplane",1785355346,"0.24650974025974026"
"provider-controlplane",1785355351,"0.24690582959641255"
"provider-controlplane",1785355356,"0.24534140969162996"
"provider-controlplane",1785355361,"0.2462159090909091"
"provider-controlplane",1785355366,"0.24737499999999998"
"provider-controlplane",1785355371,"0.2483695652173913"
"provider-controlplane",1785355376,"0.24777586206896549"
"provider-controlplane",1785355381,"0.24749999999999997"
"provider-controlplane",1785355386,"0.24720814977973568"
"provider-controlplane",1785355391,"0.2476428571428571"
"provider-controlplane",1785355396,"0.24718131868131868"
"provider-controlplane",1785355401,"0.24778634361233481"
"provider-controlplane",1785355406,"0.2489565217391304"
"provider-controlplane",1785355411,"0.24929120879120878"
"provider-controlplane",1785355416,"0.24802884615384616"
"provider-controlplane",1785355421,"0.24727717391304346"
"provider-controlplane",1785355426,"0.24566810344827586"
"provider-controlplane",1785355431,"0.24849344978165938"
"provider-controlplane",1785355436,"0.24806236080178173"
"provider-controlplane",1785355441,"0.24887755102040818"
"provider-controlplane",1785355446,"0.24877304147465437"
"provider-controlplane",1785355451,"0.2496973094170403"
"provider-controlplane",1785355456,"0.249820652173913"
"provider-controlplane",1785355461,"0.24822494669509593"
"provider-controlplane",1785355466,"0.2478503184713376"
"provider-controlplane",1785355471,"0.24731223175965664"
"provider-controlplane",1785355476,"0.24693910256410254"
"provider-controlplane",1785355481,"0.24735483870967742"
"provider-controlplane",1785355486,"0.24387987012987014"
"provider-controlplane",1785355491,"0.2435923913043478"
"provider-controlplane",1785355496,"0.2427114967462039"
"provider-controlplane",1785355501,"0.24391137855579867"
"provider-controlplane",1785355506,"0.24432119205298014"
"provider-controlplane",1785355511,"0.24383146067415729"
"provider-controlplane",1785355516,"0.24480769230769234"
"provider-controlplane",1785355521,"0.24472602739726024"
"provider-controlplane",1785355526,"0.24468965517241376"
"provider-controlplane",1785355531,"0.2444954128440367"
"provider-controlplane",1785355536,"0.24390845070422534"
"provider-controlplane",1785355541,"0.2456970046082949"
"provider-controlplane",1785355546,"0.24783295711060946"
"provider-controlplane",1785355551,"0.24866071428571426"
"provider-controlplane",1785355556,"0.2472682119205298"
"provider-controlplane",1785355561,"0.2464253897550111"
"provider-controlplane",1785355566,"0.24707792207792204"
"provider-controlplane",1785355571,"0.2463207547169811"
"provider-controlplane",1785355576,"0.24761075949367087"
"provider-controlplane",1785355581,"0.2475632911392405"
"provider-controlplane",1785355586,"0.24791401273885347"
"provider-controlplane",1785355591,"0.2484235668789809"
"provider-controlplane",1785355596,"0.24734815618221256"
"provider-controlplane",1785355601,"0.2464935064935065"
"provider-controlplane",1785355606,"0.2454639737991266"
"provider-controlplane",1785355611,"0.24677383592017738"
"provider-controlplane",1785355616,"0.24599892008639304"
"provider-controlplane",1785355621,"0.24842824601366742"
"provider-controlplane",1785355626,"0.2481034482758621"
"provider-controlplane",1785355631,"0.24708237986270024"
"provider-controlplane",1785355636,"0.2471372767857143"
"provider-controlplane",1785355641,"0.2472560975609756"
"provider-controlplane",1785355646,"0.2469175824175824"
"provider-controlplane",1785355651,"0.24764240506329108"
"provider-controlplane",1785355656,"0.24679025423728815"
"provider-controlplane",1785355661,"0.2470905172413793"
"provider-controlplane",1785355666,"0.2459493670886076"
"provider-controlplane",1785355671,"0.24686956521739128"
"provider-controlplane",1785355676,"0.24467741935483872"
"provider-controlplane",1785355681,"0.24532065217391302"
"provider-controlplane",1785355686,"0.24640822784810126"
"provider-controlplane",1785355691,"0.24715859030837006"
"provider-controlplane",1785355696,"0.2472787610619469"
"provider-controlplane",1785355701,"0.24717920353982298"
"provider-controlplane",1785355706,"0.2459513274336283"
"provider-controlplane",1785355711,"0.2460898876404494"
"provider-controlplane",1785355716,"0.24609060402684563"
"provider-controlplane",1785355721,"0.24631787330316743"
"provider-controlplane",1785355726,"0.2461263736263736"
"provider-controlplane",1785355731,"0.24685224839400427"
"provider-controlplane",1785355736,"0.24829764453961456"
"provider-controlplane",1785355741,"0.2486304347826087"
"provider-controlplane",1785355746,"0.24928038379530917"
"provider-controlplane",1785355751,"0.24968619246861923"
"provider-controlplane",1785355756,"0.24963297872340423"
"provider-controlplane",1785355761,"0.24985294117647058"
"provider-controlplane",1785355766,"0.25"
"provider-controlplane",1785355771,"0.25735294117647034"
"provider-controlplane",1785355776,"0.2497554347826087"
"provider-controlplane",1785355781,"0.24999999999999997"
"provider-controlplane",1785355786,"0.24831666666666663"
"provider-controlplane",1785355791,"0.24646860986547084"
"provider-controlplane",1785355796,"0.2455308219178082"
"provider-controlplane",1785355801,"0.24587931034482757"
"provider-controlplane",1785355806,"0.24703448275862064"
"provider-controlplane",1785355811,"0.24904788418708237"
"provider-controlplane",1785355816,"0.24911469933184854"
"provider-controlplane",1785355821,"0.2485"
"provider-controlplane",1785355826,"0.2473784722222222"
"provider-controlplane",1785355831,"0.24868150684931511"
"provider-controlplane",1785355836,"0.24793624161073827"
"provider-controlplane",1785355841,"0.2478895348837209"
"provider-controlplane",1785355846,"0.24843891402714932"
"provider-controlplane",1785355851,"0.25477941176470587"
"provider-controlplane",1785355856,"0.24860619469026546"
"provider-controlplane",1785355861,"0.24703333333333335"
"provider-controlplane",1785355866,"0.24631666666666666"
"provider-controlplane",1785355871,"0.24654231625835188"
"provider-controlplane",1785355876,"0.24667391304347827"
"provider-controlplane",1785355881,"0.24742537313432833"
"provider-controlplane",1785355886,"0.24625789473684212"
"provider-controlplane",1785355891,"0.24661239495798318"
"provider-controlplane",1785355896,"0.2469968220338983"
"provider-controlplane",1785355901,"0.24737831858407078"
"provider-controlplane",1785355906,"0.24551339285714285"
"provider-controlplane",1785355911,"0.24792307692307694"
"provider-controlplane",1785355916,"0.24811258278145698"
"provider-controlplane",1785355921,"0.249445067264574"
"provider-controlplane",1785355926,"0.2599264705882356"
"provider-controlplane",1785355931,"0.25845588235294137"
"provider-controlplane",1785355936,"0.24967602591792654"
"provider-controlplane",1785355941,"0.2495973154362416"
"provider-controlplane",1785355946,"0.24889705882352942"
"provider-controlplane",1785355951,"0.24863340563991324"
"provider-controlplane",1785355956,"0.24859071274298059"
"provider-controlplane",1785355961,"0.24850982532751092"
"provider-controlplane",1785355966,"0.2457427937915743"
"provider-controlplane",1785355971,"0.24506711409395973"
"provider-controlplane",1785355976,"0.2436677631578947"
"provider-controlplane",1785355981,"0.24463068181818182"
"provider-controlplane",1785355986,"0.24561224489795916"
"provider-controlplane",1785355991,"0.24582048458149774"
"provider-controlplane",1785355996,"0.2458643326039387"
"provider-controlplane",1785356001,"0.24621666666666664"
"provider-controlplane",1785356006,"0.246551724137931"
"provider-controlplane",1785356011,"0.2461904761904762"
"provider-controlplane",1785356016,"0.2456277292576419"
"provider-controlplane",1785356021,"0.24646963123644253"
"provider-controlplane",1785356026,"0.24706451612903224"
"provider-controlplane",1785356031,"0.246078431372549"
"provider-controlplane",1785356036,"0.24425601750547046"
"provider-controlplane",1785356041,"0.2456"
"provider-controlplane",1785356046,"0.24593394077448746"
"provider-controlplane",1785356051,"0.2478160270880361"
"provider-controlplane",1785356056,"0.24745412844036696"
"provider-controlplane",1785356061,"0.2473299319727891"
"provider-controlplane",1785356066,"0.2465660592255125"
"provider-controlplane",1785356071,"0.24745381062355656"
"provider-controlplane",1785356076,"0.24639018691588785"
"provider-controlplane",1785356081,"0.24729216152018998"
"provider-controlplane",1785356086,"0.2477235294117647"
"provider-controlplane",1785356091,"0.2477972027972028"
"provider-controlplane",1785356096,"0.24582563510392608"
"provider-controlplane",1785356101,"0.2470862068965517"
"provider-controlplane",1785356106,"0.24516402714932126"
"provider-controlplane",1785356111,"0.2451993166287016"
"provider-controlplane",1785356116,"0.24435374149659864"
"provider-controlplane",1785356121,"0.24549657534246572"
"provider-controlplane",1785356126,"0.24504060324825985"
"provider-controlplane",1785356131,"0.24624125874125874"
"provider-controlplane",1785356136,"0.24720689655172415"
"provider-controlplane",1785356141,"0.24727116704805488"
"provider-controlplane",1785356146,"0.24714125560538114"
"provider-controlplane",1785356151,"0.24790540540540537"
"provider-controlplane",1785356156,"0.24717465753424653"
"provider-controlplane",1785356161,"0.2494718309859155"
"provider-controlplane",1785356166,"0.28910256410256363"
"provider-controlplane",1785356171,"0.29939024390243874"
"provider-controlplane",1785356176,"0.29218749999999954"
"provider-controlplane",1785356181,"0.28878205128205053"
"provider-controlplane",1785356186,"0.2684027777777773"
"provider-controlplane",1785356191,"0.24875553097345132"
"provider-controlplane",1785356196,"0.24862012987012985"
"provider-controlplane",1785356201,"0.249205298013245"
"provider-controlplane",1785356206,"0.26617647058823496"
"provider-controlplane",1785356211,"0.24991812227074237"
"provider-controlplane",1785356216,"0.24790064102564105"
"provider-controlplane",1785356221,"0.2492706131078224"
"provider-controlplane",1785356226,"0.2602272727272723"
"provider-controlplane",1785356231,"0.24948969072164945"
"provider-controlplane",1785356236,"0.24911205073995768"
"provider-controlplane",1785356241,"0.24906842105263158"
"provider-controlplane",1785356246,"0.2496504237288136"
"provider-controlplane",1785356251,"0.2894230769230768"
"provider-controlplane",1785356256,"0.28026315789473694"
"provider-controlplane",1785356261,"0.2495654506437768"
"provider-controlplane",1785356266,"0.2946875000000002"
"provider-controlplane",1785356271,"0.3093749999999998"
"provider-controlplane",1785356276,"0.25367647058823556"
"provider-controlplane",1785356281,"0.29374999999999984"
"provider-controlplane",1785356286,"0.33489583333333345"
"provider-controlplane",1785356291,"0.3377551020408166"
"provider-controlplane",1785356296,"0.33921568627450926"
"provider-controlplane",1785356301,"0.3307500000000002"
"provider-controlplane",1785356306,"0.30348837209302293"
"provider-controlplane",1785356311,"0.30029761904761865"
"provider-controlplane",1785356316,"0.31333333333333285"
"provider-controlplane",1785356321,"0.2982142857142855"
"provider-controlplane",1785356326,"0.2948170731707314"
"provider-controlplane",1785356331,"0.30174418604651165"
"provider-controlplane",1785356336,"0.2665540540540535"
"provider-controlplane",1785356341,"0.24929891304347826"
"provider-controlplane",1785356346,"0.284935897435897"
"provider-controlplane",1785356351,"0.309659090909091"
"provider-controlplane",1785356356,"0.31107954545454536"
"provider-controlplane",1785356361,"0.31022727272727246"
"provider-controlplane",1785356366,"0.30377906976744184"
"provider-controlplane",1785356371,"0.2759868421052633"
"provider-controlplane",1785356376,"0.24944805194805195"
"provider-controlplane",1785356381,"0.24891702586206893"
"provider-controlplane",1785356386,"0.24844551282051283"
"provider-controlplane",1785356391,"0.24759868421052633"
"provider-controlplane",1785356396,"0.24732261640798225"
"provider-controlplane",1785356401,"0.24770927601809956"
"provider-controlplane",1785356406,"0.24553691275167788"
"provider-controlplane",1785356411,"0.24743861607142853"
"provider-controlplane",1785356416,"0.2470408163265306"
"provider-controlplane",1785356421,"0.24703124999999998"
"provider-controlplane",1785356426,"0.24856042654028435"
"provider-controlplane",1785356431,"0.24984482758620688"
"provider-controlplane",1785356436,"0.2522727272727274"
"provider-controlplane",1785356441,"0.24946055684454754"
"provider-controlplane",1785356446,"0.24888764044943817"
"provider-controlplane",1785356451,"0.24954741379310344"
"provider-controlplane",1785356456,"0.24780526315789475"
"provider-controlplane",1785356461,"0.25625000000000003"
"provider-controlplane",1785356466,"0.24993478260869564"
"provider-controlplane",1785356471,"0.26210937499999964"
"provider-controlplane",1785356476,"0.28632812499999977"
"provider-controlplane",1785356481,"0.2776785714285707"
"provider-controlplane",1785356486,"0.2729166666666667"
"provider-controlplane",1785356491,"0.28636363636363654"
"provider-controlplane",1785356496,"0.3181818181818179"
"provider-controlplane",1785356501,"0.34642857142857186"
"provider-dataplane",1785352856,"0.22049999999999997"
"provider-dataplane",1785352861,"0.2214673913043478"
"provider-dataplane",1785352866,"0.2214285714285714"
"provider-dataplane",1785352871,"0.22196428571428564"
"provider-dataplane",1785352876,"0.2206976744186046"
"provider-dataplane",1785352881,"0.21359756097560972"
"provider-dataplane",1785352886,"0.2103289473684209"
"provider-dataplane",1785352891,"0.21461538461538465"
"provider-dataplane",1785352896,"0.21270833333333328"
"provider-dataplane",1785352901,"0.21348684210526322"
"provider-dataplane",1785352906,"0.21678571428571414"
"provider-dataplane",1785352911,"0.2117105263157894"
"provider-dataplane",1785352916,"0.22900000000000004"
"provider-dataplane",1785352921,"0.22971590909090905"
"provider-dataplane",1785352926,"0.24266304347826084"
"provider-dataplane",1785352931,"0.24899999999999992"
"provider-dataplane",1785352936,"0.247287234042553"
"provider-dataplane",1785352941,"0.24264999999999995"
"provider-dataplane",1785352946,"0.24234999999999993"
"provider-dataplane",1785352951,"0.244951923076923"
"provider-dataplane",1785352956,"0.24882352941176447"
"provider-dataplane",1785352961,"0.24775"
"provider-dataplane",1785352966,"0.24583333333333332"
"provider-dataplane",1785352971,"0.23540909090909085"
"provider-dataplane",1785352976,"0.23915178571428578"
"provider-dataplane",1785352981,"0.23655660377358484"
"provider-dataplane",1785352986,"0.23557692307692296"
"provider-dataplane",1785352991,"0.24279411764705863"
"provider-dataplane",1785352996,"0.24874999999999992"
"provider-dataplane",1785353001,"0.24787735849056602"
"provider-dataplane",1785353006,"0.24444444444444433"
"provider-dataplane",1785353011,"0.24291666666666675"
"provider-dataplane",1785353016,"0.24193396226415095"
"provider-dataplane",1785353021,"0.23995283018867924"
"provider-dataplane",1785353026,"0.23615384615384608"
"provider-dataplane",1785353031,"0.2334042553191489"
"provider-dataplane",1785353036,"0.2228723404255318"
"provider-dataplane",1785353041,"0.2290306122448979"
"provider-dataplane",1785353046,"0.22734693877551015"
"provider-dataplane",1785353051,"0.2267021276595743"
"provider-dataplane",1785353056,"0.22233333333333324"
"provider-dataplane",1785353061,"0.2229268292682925"
"provider-dataplane",1785353066,"0.22339285714285692"
"provider-dataplane",1785353071,"0.22658536585365838"
"provider-dataplane",1785353076,"0.23678571428571427"
"provider-dataplane",1785353081,"0.23999999999999988"
"provider-dataplane",1785353086,"0.22956250000000006"
"provider-dataplane",1785353091,"0.22871621621621616"
"provider-dataplane",1785353096,"0.2173529411764707"
"provider-dataplane",1785353101,"0.2199999999999999"
"provider-dataplane",1785353106,"0.21877906976744177"
"provider-dataplane",1785353111,"0.2220625000000001"
"provider-dataplane",1785353116,"0.22261627906976744"
"provider-dataplane",1785353121,"0.21812500000000004"
"provider-dataplane",1785353126,"0.21857142857142856"
"provider-dataplane",1785353131,"0.21616666666666667"
"provider-dataplane",1785353136,"0.21693877551020396"
"provider-dataplane",1785353141,"0.22847222222222213"
"provider-dataplane",1785353146,"0.2316129032258065"
"provider-dataplane",1785353151,"0.2302049180327869"
"provider-dataplane",1785353156,"0.22762295081967218"
"provider-dataplane",1785353161,"0.24171052631578943"
"provider-dataplane",1785353166,"0.24474999999999988"
"provider-dataplane",1785353171,"0.24776315789473682"
"provider-dataplane",1785353176,"0.2687499999999997"
"provider-dataplane",1785353181,"0.2484274193548386"
"provider-dataplane",1785353186,"0.24758474576271183"
"provider-dataplane",1785353191,"0.24898305084745756"
"provider-dataplane",1785353196,"0.24537499999999993"
"provider-dataplane",1785353201,"0.24311475409836056"
"provider-dataplane",1785353206,"0.24370967741935487"
"provider-dataplane",1785353211,"0.2408474576271185"
"provider-dataplane",1785353216,"0.22762295081967207"
"provider-dataplane",1785353221,"0.22216101694915252"
"provider-dataplane",1785353226,"0.22902542372881363"
"provider-dataplane",1785353231,"0.22814655172413784"
"provider-dataplane",1785353236,"0.2282894736842106"
"provider-dataplane",1785353241,"0.2324090909090908"
"provider-dataplane",1785353246,"0.23404545454545453"
"provider-dataplane",1785353251,"0.23570754716981132"
"provider-dataplane",1785353256,"0.23902777777777787"
"provider-dataplane",1785353261,"0.24236111111111114"
"provider-dataplane",1785353266,"0.2460454545454544"
"provider-dataplane",1785353271,"0.24645454545454534"
"provider-dataplane",1785353276,"0.24999999999999986"
"provider-dataplane",1785353281,"0.2595588235294117"
"provider-dataplane",1785353286,"0.2729166666666662"
"provider-dataplane",1785353291,"0.3026315789473676"
"provider-dataplane",1785353296,"0.27426470588235313"
"provider-dataplane",1785353301,"0.24988095238095237"
"provider-dataplane",1785353306,"0.2486249999999999"
"provider-dataplane",1785353311,"0.2601562499999999"
"provider-dataplane",1785353316,"0.27426470588235313"
"provider-dataplane",1785353321,"0.28161764705882286"
"provider-dataplane",1785353326,"0.27638888888888863"
"provider-dataplane",1785353331,"0.2874999999999999"
"provider-dataplane",1785353336,"0.25588235294117684"
"provider-dataplane",1785353341,"0.28355263157894706"
"provider-dataplane",1785353346,"0.2847222222222219"
"provider-dataplane",1785353351,"0.31249999999999956"
"provider-dataplane",1785353356,"0.3148809523809521"
"provider-dataplane",1785353361,"0.31130952380952387"
"provider-dataplane",1785353366,"0.29562499999999947"
"provider-dataplane",1785353371,"0.29062500000000024"
"provider-dataplane",1785353376,"0.29761904761904734"
"provider-dataplane",1785353381,"0.29187500000000033"
"provider-dataplane",1785353386,"0.29499999999999943"
"provider-dataplane",1785353391,"0.2717105263157896"
"provider-dataplane",1785353396,"0.25555555555555526"
"provider-dataplane",1785353401,"0.25"
"provider-dataplane",1785353406,"0.2498125"
"provider-dataplane",1785353411,"0.25069444444444383"
"provider-dataplane",1785353416,"0.24982142857142856"
"provider-dataplane",1785353421,"0.24648936170212757"
"provider-dataplane",1785353426,"0.23835106382978724"
"provider-dataplane",1785353431,"0.23308510638297883"
"provider-dataplane",1785353436,"0.2334042553191489"
"provider-dataplane",1785353441,"0.2278124999999999"
"provider-dataplane",1785353446,"0.2297767857142858"
"provider-dataplane",1785353451,"0.2209210526315789"
"provider-dataplane",1785353456,"0.22000000000000003"
"provider-dataplane",1785353461,"0.22157894736842093"
"provider-dataplane",1785353466,"0.22995454545454544"
"provider-dataplane",1785353471,"0.23629807692307683"
"provider-dataplane",1785353476,"0.24013888888888876"
"provider-dataplane",1785353481,"0.24708333333333327"
"provider-dataplane",1785353486,"0.24975409836065574"
"provider-dataplane",1785353491,"0.26691176470588274"
"provider-dataplane",1785353496,"0.26597222222222194"
"provider-dataplane",1785353501,"0.28355263157894706"
"provider-dataplane",1785353506,"0.29812500000000014"
"provider-dataplane",1785353511,"0.3035714285714281"
"provider-dataplane",1785353516,"0.2848684210526313"
"provider-dataplane",1785353521,"0.2749999999999997"
"provider-dataplane",1785353526,"0.29687499999999956"
"provider-dataplane",1785353531,"0.28157894736842126"
"provider-dataplane",1785353536,"0.25367647058823556"
"provider-dataplane",1785353541,"0.248701923076923"
"provider-dataplane",1785353546,"0.24794117647058808"
"provider-dataplane",1785353551,"0.24852941176470592"
"provider-dataplane",1785353556,"0.25234375000000014"
"provider-dataplane",1785353561,"0.2595588235294117"
"provider-dataplane",1785353566,"0.2475454545454545"
"provider-dataplane",1785353571,"0.24491525423728816"
"provider-dataplane",1785353576,"0.23995535714285698"
"provider-dataplane",1785353581,"0.23202586206896558"
"provider-dataplane",1785353586,"0.23847222222222225"
"provider-dataplane",1785353591,"0.24174999999999988"
"provider-dataplane",1785353596,"0.2430084745762712"
"provider-dataplane",1785353601,"0.2431696428571428"
"provider-dataplane",1785353606,"0.24276315789473688"
"provider-dataplane",1785353611,"0.23987499999999992"
"provider-dataplane",1785353616,"0.23500000000000001"
"provider-dataplane",1785353621,"0.23892307692307696"
"provider-dataplane",1785353626,"0.24077868852459014"
"provider-dataplane",1785353631,"0.24119047619047618"
"provider-dataplane",1785353636,"0.24090163934426229"
"provider-dataplane",1785353641,"0.24440298507462682"
"provider-dataplane",1785353646,"0.2469318181818182"
"provider-dataplane",1785353651,"0.2498728813559322"
"provider-dataplane",1785353656,"0.2489112903225807"
"provider-dataplane",1785353661,"0.24443548387096772"
"provider-dataplane",1785353666,"0.24337499999999992"
"provider-dataplane",1785353671,"0.24542372881355926"
"provider-dataplane",1785353676,"0.24174999999999988"
"provider-dataplane",1785353681,"0.2367307692307692"
"provider-dataplane",1785353686,"0.23981132075471698"
"provider-dataplane",1785353691,"0.2411363636363637"
"provider-dataplane",1785353696,"0.2428061224489797"
"provider-dataplane",1785353701,"0.24166666666666664"
"provider-dataplane",1785353706,"0.2362499999999999"
"provider-dataplane",1785353711,"0.23789473684210521"
"provider-dataplane",1785353716,"0.24278301886792444"
"provider-dataplane",1785353721,"0.2418303571428571"
"provider-dataplane",1785353726,"0.2390086206896552"
"provider-dataplane",1785353731,"0.2384913793103448"
"provider-dataplane",1785353736,"0.24031818181818182"
"provider-dataplane",1785353741,"0.2365865384615384"
"provider-dataplane",1785353746,"0.2323305084745763"
"provider-dataplane",1785353751,"0.2228278688524591"
"provider-dataplane",1785353756,"0.22825"
"provider-dataplane",1785353761,"0.23161290322580638"
"provider-dataplane",1785353766,"0.2326724137931034"
"provider-dataplane",1785353771,"0.23124999999999996"
"provider-dataplane",1785353776,"0.23199999999999993"
"provider-dataplane",1785353781,"0.23401639344262296"
"provider-dataplane",1785353786,"0.2385769230769231"
"provider-dataplane",1785353791,"0.23784090909090905"
"provider-dataplane",1785353796,"0.23979166666666668"
"provider-dataplane",1785353801,"0.24380434782608695"
"provider-dataplane",1785353806,"0.2429347826086957"
"provider-dataplane",1785353811,"0.23349999999999993"
"provider-dataplane",1785353816,"0.23264285714285712"
"provider-dataplane",1785353821,"0.23477272727272713"
"provider-dataplane",1785353826,"0.24118421052631572"
"provider-dataplane",1785353831,"0.24263157894736842"
"provider-dataplane",1785353836,"0.24504032258064506"
"provider-dataplane",1785353841,"0.23916666666666664"
"provider-dataplane",1785353846,"0.24093283582089545"
"provider-dataplane",1785353851,"0.24071428571428566"
"provider-dataplane",1785353856,"0.241125"
"provider-dataplane",1785353861,"0.24666666666666667"
"provider-dataplane",1785353866,"0.26470588235294146"
"provider-dataplane",1785353871,"0.2749999999999997"
"provider-dataplane",1785353876,"0.27631578947368407"
"provider-dataplane",1785353881,"0.25735294117647034"
"provider-dataplane",1785353886,"0.2531250000000002"
"provider-dataplane",1785353891,"0.24597014925373129"
"provider-dataplane",1785353896,"0.24812499999999998"
"provider-dataplane",1785353901,"0.2570312499999997"
"provider-dataplane",1785353906,"0.2490073529411764"
"provider-dataplane",1785353911,"0.24585820895522392"
"provider-dataplane",1785353916,"0.24216911764705884"
"provider-dataplane",1785353921,"0.23522727272727262"
"provider-dataplane",1785353926,"0.23624999999999996"
"provider-dataplane",1785353931,"0.23153846153846144"
"provider-dataplane",1785353936,"0.22821428571428565"
"provider-dataplane",1785353941,"0.23702380952380958"
"provider-dataplane",1785353946,"0.24199999999999994"
"provider-dataplane",1785353951,"0.24195454545454545"
"provider-dataplane",1785353956,"0.23779661016949144"
"provider-dataplane",1785353961,"0.24021186440677975"
"provider-dataplane",1785353966,"0.2420161290322581"
"provider-dataplane",1785353971,"0.24197368421052629"
"provider-dataplane",1785353976,"0.24338983050847462"
"provider-dataplane",1785353981,"0.23712264150943405"
"provider-dataplane",1785353986,"0.23744897959183664"
"provider-dataplane",1785353991,"0.23485294117647057"
"provider-dataplane",1785353996,"0.23161764705882357"
"provider-dataplane",1785354001,"0.23125000000000004"
"provider-dataplane",1785354006,"0.2320588235294117"
"provider-dataplane",1785354011,"0.22717391304347817"
"provider-dataplane",1785354016,"0.2233510638297873"
"provider-dataplane",1785354021,"0.21556818181818166"
"provider-dataplane",1785354026,"0.21383333333333332"
"provider-dataplane",1785354031,"0.2130232558139535"
"provider-dataplane",1785354036,"0.2190624999999999"
"provider-dataplane",1785354041,"0.21863636363636352"
"provider-dataplane",1785354046,"0.22950892857142863"
"provider-dataplane",1785354051,"0.22155660377358494"
"provider-dataplane",1785354056,"0.23270408163265308"
"provider-dataplane",1785354061,"0.24038043478260868"
"provider-dataplane",1785354066,"0.24696808510638277"
"provider-dataplane",1785354071,"0.260833333333334"
"provider-dataplane",1785354076,"0.27734374999999956"
"provider-dataplane",1785354081,"0.2909722222222223"
"provider-dataplane",1785354086,"0.2736111111111107"
"provider-dataplane",1785354091,"0.2749999999999997"
"provider-dataplane",1785354096,"0.2729166666666662"
"provider-dataplane",1785354101,"0.26985294117647046"
"provider-dataplane",1785354106,"0.29062499999999974"
"provider-dataplane",1785354111,"0.24957547169811317"
"provider-dataplane",1785354116,"0.24631818181818183"
"provider-dataplane",1785354121,"0.2805555555555549"
"provider-dataplane",1785354126,"0.2632352941176465"
"provider-dataplane",1785354131,"0.26397058823529435"
"provider-dataplane",1785354136,"0.24914285714285708"
"provider-dataplane",1785354141,"0.26640625000000034"
"provider-dataplane",1785354146,"0.2770833333333331"
"provider-dataplane",1785354151,"0.29812499999999964"
"provider-dataplane",1785354156,"0.2624999999999994"
"provider-dataplane",1785354161,"0.24671874999999988"
"provider-dataplane",1785354166,"0.24249999999999994"
"provider-dataplane",1785354171,"0.2405208333333333"
"provider-dataplane",1785354176,"0.2322535211267605"
"provider-dataplane",1785354181,"0.24270833333333325"
"provider-dataplane",1785354186,"0.24238636363636357"
"provider-dataplane",1785354191,"0.24578124999999995"
"provider-dataplane",1785354196,"0.24761904761904757"
"provider-dataplane",1785354201,"0.24832089552238795"
"provider-dataplane",1785354206,"0.2457954545454546"
"provider-dataplane",1785354211,"0.2454508196721311"
"provider-dataplane",1785354216,"0.24675000000000002"
"provider-dataplane",1785354221,"0.25220588235294134"
"provider-dataplane",1785354226,"0.26691176470588274"
"provider-dataplane",1785354231,"0.2595588235294117"
"provider-dataplane",1785354236,"0.24798076923076923"
"provider-dataplane",1785354241,"0.29144736842105284"
"provider-dataplane",1785354246,"0.2927631578947371"
"provider-dataplane",1785354251,"0.28618421052631565"
"provider-dataplane",1785354256,"0.2625000000000001"
"provider-dataplane",1785354261,"0.2487790697674418"
"provider-dataplane",1785354266,"0.24982142857142856"
"provider-dataplane",1785354271,"0.24738372093023256"
"provider-dataplane",1785354276,"0.24265957446808492"
"provider-dataplane",1785354281,"0.23720588235294118"
"provider-dataplane",1785354286,"0.24338235294117647"
"provider-dataplane",1785354291,"0.23531249999999992"
"provider-dataplane",1785354296,"0.23110576923076936"
"provider-dataplane",1785354301,"0.2383823529411764"
"provider-dataplane",1785354306,"0.23889423076923072"
"provider-dataplane",1785354311,"0.2389705882352941"
"provider-dataplane",1785354316,"0.23981132075471684"
"provider-dataplane",1785354321,"0.24204081632653054"
"provider-dataplane",1785354326,"0.24280612244897956"
"provider-dataplane",1785354331,"0.24117647058823513"
"provider-dataplane",1785354336,"0.2429411764705882"
"provider-dataplane",1785354341,"0.24221153846153837"
"provider-dataplane",1785354346,"0.24099999999999994"
"provider-dataplane",1785354351,"0.2393636363636363"
"provider-dataplane",1785354356,"0.24031818181818182"
"provider-dataplane",1785354361,"0.2466037735849057"
"provider-dataplane",1785354366,"0.30294117647058816"
"provider-dataplane",1785354371,"0.31111111111111117"
"provider-dataplane",1785354376,"0.2927631578947365"
"provider-dataplane",1785354381,"0.28937499999999966"
"provider-dataplane",1785354386,"0.3085227272727273"
"provider-dataplane",1785354391,"0.31022727272727246"
"provider-dataplane",1785354396,"0.3095238095238095"
"provider-dataplane",1785354401,"0.30187500000000034"
"provider-dataplane",1785354406,"0.2874999999999999"
"provider-dataplane",1785354411,"0.27638888888888863"
"provider-dataplane",1785354416,"0.2708333333333333"
"provider-dataplane",1785354421,"0.2695312499999998"
"provider-dataplane",1785354426,"0.31527777777777743"
"provider-dataplane",1785354431,"0.33819444444444435"
"provider-dataplane",1785354436,"0.3444444444444445"
"provider-dataplane",1785354441,"0.33680555555555536"
"provider-dataplane",1785354446,"0.3198529411764702"
"provider-dataplane",1785354451,"0.2875000000000002"
"provider-dataplane",1785354456,"0.2941176470588236"
"provider-dataplane",1785354461,"0.2979166666666672"
"provider-dataplane",1785354466,"0.2687499999999997"
"provider-dataplane",1785354471,"0.29117647058823454"
"provider-dataplane",1785354476,"0.2912499999999998"
"provider-dataplane",1785354481,"0.30124999999999985"
"provider-dataplane",1785354486,"0.29812499999999964"
"provider-dataplane",1785354491,"0.3101190476190476"
"provider-dataplane",1785354496,"0.3142857142857141"
"provider-dataplane",1785354501,"0.33125000000000004"
"provider-dataplane",1785354506,"0.35156249999999967"
"provider-dataplane",1785354511,"0.35677083333333287"
"provider-dataplane",1785354516,"0.3516304347826087"
"provider-dataplane",1785354521,"0.3649038461538464"
"provider-dataplane",1785354526,"0.3353260869565217"
"provider-dataplane",1785354531,"0.32840909090909076"
"provider-dataplane",1785354536,"0.29880952380952364"
"provider-dataplane",1785354541,"0.3079545454545454"
"provider-dataplane",1785354546,"0.3234374999999998"
"provider-dataplane",1785354551,"0.3234374999999998"
"provider-dataplane",1785354556,"0.3229999999999996"
"provider-dataplane",1785354561,"0.3175000000000001"
"provider-dataplane",1785354566,"0.31302083333333297"
"provider-dataplane",1785354571,"0.30815217391304317"
"provider-dataplane",1785354576,"0.29943181818181813"
"provider-dataplane",1785354581,"0.31467391304347825"
"provider-dataplane",1785354586,"0.28249999999999975"
"provider-dataplane",1785354591,"0.2756578947368419"
"provider-dataplane",1785354596,"0.25138888888888833"
"provider-dataplane",1785354601,"0.24692622950819676"
"provider-dataplane",1785354606,"0.2769736842105256"
"provider-dataplane",1785354611,"0.2715277777777772"
"provider-dataplane",1785354616,"0.24524038461538458"
"provider-dataplane",1785354621,"0.24699999999999994"
"provider-dataplane",1785354626,"0.25555555555555526"
"provider-dataplane",1785354631,"0.24668604651162768"
"provider-dataplane",1785354636,"0.24111842105263157"
"provider-dataplane",1785354641,"0.24268292682926815"
"provider-dataplane",1785354646,"0.24652439024390238"
"provider-dataplane",1785354651,"0.26736111111111094"
"provider-dataplane",1785354656,"0.26874999999999993"
"provider-dataplane",1785354661,"0.24118749999999994"
"provider-dataplane",1785354666,"0.2468333333333333"
"provider-dataplane",1785354671,"0.2849999999999999"
"provider-dataplane",1785354676,"0.313888888888889"
"provider-dataplane",1785354681,"0.3224999999999999"
"provider-dataplane",1785354686,"0.31437499999999996"
"provider-dataplane",1785354691,"0.3006578947368423"
"provider-dataplane",1785354696,"0.3118750000000004"
"provider-dataplane",1785354701,"0.29464285714285726"
"provider-dataplane",1785354706,"0.28624999999999945"
"provider-dataplane",1785354711,"0.26381578947368384"
"provider-dataplane",1785354716,"0.2914772727272727"
"provider-dataplane",1785354721,"0.3010869565217389"
"provider-dataplane",1785354726,"0.2999999999999994"
"provider-dataplane",1785354731,"0.2706250000000001"
"provider-dataplane",1785354736,"0.2611842105263159"
"provider-dataplane",1785354741,"0.2496186440677966"
"provider-dataplane",1785354746,"0.25624999999999976"
"provider-dataplane",1785354751,"0.2625000000000002"
"provider-dataplane",1785354756,"0.29687499999999956"
"provider-dataplane",1785354761,"0.2848684210526313"
"provider-dataplane",1785354766,"0.30892857142857133"
"provider-dataplane",1785354771,"0.2980263157894737"
"provider-dataplane",1785354776,"0.28552631578947296"
"provider-dataplane",1785354781,"0.32916666666666605"
"provider-dataplane",1785354786,"0.34471153846153857"
"provider-dataplane",1785354791,"0.33699999999999963"
"provider-dataplane",1785354796,"0.3495370370370369"
"provider-dataplane",1785354801,"0.34305555555555545"
"provider-dataplane",1785354806,"0.33549999999999947"
"provider-dataplane",1785354811,"0.32968749999999974"
"provider-dataplane",1785354816,"0.34259259259259217"
"provider-dataplane",1785354821,"0.3402777777777777"
"provider-dataplane",1785354826,"0.34870689655172404"
"provider-dataplane",1785354831,"0.3581896551724135"
"provider-dataplane",1785354836,"0.32968749999999974"
"provider-dataplane",1785354841,"0.3526785714285713"
"provider-dataplane",1785354846,"0.35879629629629606"
"provider-dataplane",1785354851,"0.3600961538461538"
"provider-dataplane",1785354856,"0.36875"
"provider-dataplane",1785354861,"0.36607142857142816"
"provider-dataplane",1785354866,"0.3548076923076924"
"provider-dataplane",1785354871,"0.3358695652173913"
"provider-dataplane",1785354876,"0.31547619047619024"
"provider-dataplane",1785354881,"0.2522058823529406"
"provider-dataplane",1785354886,"0.2427941176470589"
"provider-dataplane",1785354891,"0.24343750000000003"
"provider-dataplane",1785354896,"0.23124999999999987"
"provider-dataplane",1785354901,"0.2394196428571428"
"provider-dataplane",1785354906,"0.23847222222222225"
"provider-dataplane",1785354911,"0.23892857142857127"
"provider-dataplane",1785354916,"0.24144531249999987"
"provider-dataplane",1785354921,"0.2430952380952381"
"provider-dataplane",1785354926,"0.24404411764705886"
"provider-dataplane",1785354931,"0.249076923076923"
"provider-dataplane",1785354936,"0.2769736842105256"
"provider-dataplane",1785354941,"0.300595238095238"
"provider-dataplane",1785354946,"0.2987499999999997"
"provider-dataplane",1785354951,"0.3266304347826086"
"provider-dataplane",1785354956,"0.30416666666666625"
"provider-dataplane",1785354961,"0.32336956521739096"
"provider-dataplane",1785354966,"0.3164772727272727"
"provider-dataplane",1785354971,"0.3006249999999998"
"provider-dataplane",1785354976,"0.2974999999999996"
"provider-dataplane",1785354981,"0.30187500000000034"
"provider-dataplane",1785354986,"0.2727941176470589"
"provider-dataplane",1785354991,"0.25078125000000007"
"provider-dataplane",1785354996,"0.2418951612903225"
"provider-dataplane",1785355001,"0.24457692307692305"
"provider-dataplane",1785355006,"0.2370955882352941"
"provider-dataplane",1785355011,"0.23826086956521733"
"provider-dataplane",1785355016,"0.23285714285714276"
"provider-dataplane",1785355021,"0.24731343283582083"
"provider-dataplane",1785355026,"0.2723214285714283"
"provider-dataplane",1785355031,"0.25673076923076876"
"provider-dataplane",1785355036,"0.2576923076923073"
"provider-dataplane",1785355041,"0.2678571428571432"
"provider-dataplane",1785355046,"0.3023437499999997"
"provider-dataplane",1785355051,"0.3201388888888889"
"provider-dataplane",1785355056,"0.30902777777777773"
"provider-dataplane",1785355061,"0.30624999999999974"
"provider-dataplane",1785355066,"0.29558823529411776"
"provider-dataplane",1785355071,"0.31130952380952387"
"provider-dataplane",1785355076,"0.27867647058823575"
"provider-dataplane",1785355081,"0.27708333333333374"
"provider-dataplane",1785355086,"0.30437499999999945"
"provider-dataplane",1785355091,"0.2960526315789467"
"provider-dataplane",1785355096,"0.2833333333333329"
"provider-dataplane",1785355101,"0.26397058823529435"
"provider-dataplane",1785355106,"0.26397058823529435"
"provider-dataplane",1785355111,"0.26328125000000013"
"provider-dataplane",1785355116,"0.26171875"
"provider-dataplane",1785355121,"0.3037499999999994"
"provider-dataplane",1785355126,"0.3078947368421048"
"provider-dataplane",1785355131,"0.30000000000000016"
"provider-dataplane",1785355136,"0.2993750000000002"
"provider-dataplane",1785355141,"0.29444444444444406"
"provider-dataplane",1785355146,"0.32727272727272744"
"provider-dataplane",1785355151,"0.3358695652173913"
"provider-dataplane",1785355156,"0.3429347826086956"
"provider-dataplane",1785355161,"0.34034090909090897"
"provider-dataplane",1785355166,"0.3278409090909089"
"provider-dataplane",1785355171,"0.32554347826086977"
"provider-dataplane",1785355176,"0.30499999999999994"
"provider-dataplane",1785355181,"0.2720588235294118"
"provider-dataplane",1785355186,"0.27708333333333374"
"provider-dataplane",1785355191,"0.2687499999999997"
"provider-dataplane",1785355196,"0.2819444444444439"
"provider-dataplane",1785355201,"0.26911764705882335"
"provider-dataplane",1785355206,"0.28529411764705837"
"provider-dataplane",1785355211,"0.26544117647058785"
"provider-dataplane",1785355216,"0.24878676470588237"
"provider-dataplane",1785355221,"0.24974999999999997"
"provider-dataplane",1785355226,"0.2451953125"
"provider-dataplane",1785355231,"0.24197916666666663"
"provider-dataplane",1785355236,"0.24381756756756753"
"provider-dataplane",1785355241,"0.24020833333333327"
"provider-dataplane",1785355246,"0.24041666666666664"
"provider-dataplane",1785355251,"0.2374657534246575"
"provider-dataplane",1785355256,"0.23414285714285712"
"provider-dataplane",1785355261,"0.2341233766233766"
"provider-dataplane",1785355266,"0.24"
"provider-dataplane",1785355271,"0.2397"
"provider-dataplane",1785355276,"0.23949999999999996"
"provider-dataplane",1785355281,"0.23943661971830987"
"provider-dataplane",1785355286,"0.24093283582089556"
"provider-dataplane",1785355291,"0.24213114754098355"
"provider-dataplane",1785355296,"0.24203124999999992"
"provider-dataplane",1785355301,"0.24630434782608693"
"provider-dataplane",1785355306,"0.24624999999999997"
"provider-dataplane",1785355311,"0.24381756756756764"
"provider-dataplane",1785355316,"0.24614864864864858"
"provider-dataplane",1785355321,"0.24216911764705873"
"provider-dataplane",1785355326,"0.24914285714285708"
"provider-dataplane",1785355331,"0.2508333333333334"
"provider-dataplane",1785355336,"0.2499999999999999"
"provider-dataplane",1785355341,"0.2710937499999999"
"provider-dataplane",1785355346,"0.24895833333333328"
"provider-dataplane",1785355351,"0.24989130434782608"
"provider-dataplane",1785355356,"0.24295454545454542"
"provider-dataplane",1785355361,"0.24642307692307702"
"provider-dataplane",1785355366,"0.2493852459016393"
"provider-dataplane",1785355371,"0.27708333333333374"
"provider-dataplane",1785355376,"0.30227272727272697"
"provider-dataplane",1785355381,"0.2993750000000002"
"provider-dataplane",1785355386,"0.3302083333333331"
"provider-dataplane",1785355391,"0.33697916666666605"
"provider-dataplane",1785355396,"0.32391304347826055"
"provider-dataplane",1785355401,"0.32445652173913053"
"provider-dataplane",1785355406,"0.32336956521739096"
"provider-dataplane",1785355411,"0.34950000000000025"
"provider-dataplane",1785355416,"0.34199999999999975"
"provider-dataplane",1785355421,"0.343981481481481"
"provider-dataplane",1785355426,"0.32282608695652193"
"provider-dataplane",1785355431,"0.303125"
"provider-dataplane",1785355436,"0.3146739130434784"
"provider-dataplane",1785355441,"0.29999999999999977"
"provider-dataplane",1785355446,"0.34134615384615347"
"provider-dataplane",1785355451,"0.3583333333333329"
"provider-dataplane",1785355456,"0.36009615384615357"
"provider-dataplane",1785355461,"0.3515000000000001"
"provider-dataplane",1785355466,"0.31761363636363643"
"provider-dataplane",1785355471,"0.32554347826086977"
"provider-dataplane",1785355476,"0.30562499999999954"
"provider-dataplane",1785355481,"0.3052631578947367"
"provider-dataplane",1785355486,"0.29999999999999977"
"provider-dataplane",1785355491,"0.27708333333333374"
"provider-dataplane",1785355496,"0.28374999999999984"
"provider-dataplane",1785355501,"0.24787162162162166"
"provider-dataplane",1785355506,"0.24657407407407403"
"provider-dataplane",1785355511,"0.24572784810126583"
"provider-dataplane",1785355516,"0.24855769230769229"
"provider-dataplane",1785355521,"0.25735294117647034"
"provider-dataplane",1785355526,"0.24584459459459462"
"provider-dataplane",1785355531,"0.24663043478260868"
"provider-dataplane",1785355536,"0.24405844155844153"
"provider-dataplane",1785355541,"0.24711538461538451"
"provider-dataplane",1785355546,"0.24768382352941182"
"provider-dataplane",1785355551,"0.2475675675675675"
"provider-dataplane",1785355556,"0.2566176470588233"
"provider-dataplane",1785355561,"0.30714285714285694"
"provider-dataplane",1785355566,"0.3309782608695649"
"provider-dataplane",1785355571,"0.31761363636363604"
"provider-dataplane",1785355576,"0.31363636363636344"
"provider-dataplane",1785355581,"0.30535714285714255"
"provider-dataplane",1785355586,"0.30892857142857133"
"provider-dataplane",1785355591,"0.31761363636363643"
"provider-dataplane",1785355596,"0.28157894736842126"
"provider-dataplane",1785355601,"0.27499999999999986"
"provider-dataplane",1785355606,"0.25367647058823556"
"provider-dataplane",1785355611,"0.24289473684210516"
"provider-dataplane",1785355616,"0.23144736842105265"
"provider-dataplane",1785355621,"0.23037499999999989"
"provider-dataplane",1785355626,"0.23637500000000006"
"provider-dataplane",1785355631,"0.23523809523809516"
"provider-dataplane",1785355636,"0.24104838709677417"
"provider-dataplane",1785355641,"0.23992537313432832"
"provider-dataplane",1785355646,"0.23952586206896556"
"provider-dataplane",1785355651,"0.27777777777777823"
"provider-dataplane",1785355656,"0.2749999999999996"
"provider-dataplane",1785355661,"0.2515625000000001"
"provider-dataplane",1785355666,"0.2791666666666666"
"provider-dataplane",1785355671,"0.2901315789473685"
"provider-dataplane",1785355676,"0.321022727272727"
"provider-dataplane",1785355681,"0.3271739130434782"
"provider-dataplane",1785355686,"0.34374999999999933"
"provider-dataplane",1785355691,"0.3178571428571428"
"provider-dataplane",1785355696,"0.33260869565217366"
"provider-dataplane",1785355701,"0.32391304347826055"
"provider-dataplane",1785355706,"0.2743055555555552"
"provider-dataplane",1785355711,"0.2782894736842099"
"provider-dataplane",1785355716,"0.28928571428571404"
"provider-dataplane",1785355721,"0.27708333333333374"
"provider-dataplane",1785355726,"0.32445652173913053"
"provider-dataplane",1785355731,"0.2901315789473685"
"provider-dataplane",1785355736,"0.27708333333333374"
"provider-dataplane",1785355741,"0.2833333333333329"
"provider-dataplane",1785355746,"0.33181818181818173"
"provider-dataplane",1785355751,"0.32062499999999994"
"provider-dataplane",1785355756,"0.30312499999999987"
"provider-dataplane",1785355761,"0.3124999999999997"
"provider-dataplane",1785355766,"0.3068749999999996"
"provider-dataplane",1785355771,"0.32249999999999945"
"provider-dataplane",1785355776,"0.30892857142857133"
"provider-dataplane",1785355781,"0.26397058823529435"
"provider-dataplane",1785355786,"0.28157894736842126"
"provider-dataplane",1785355791,"0.2701388888888889"
"provider-dataplane",1785355796,"0.26907894736842103"
"provider-dataplane",1785355801,"0.2806249999999997"
"provider-dataplane",1785355806,"0.3163043478260867"
"provider-dataplane",1785355811,"0.32445652173913053"
"provider-dataplane",1785355816,"0.30773809523809503"
"provider-dataplane",1785355821,"0.3113636363636362"
"provider-dataplane",1785355826,"0.2965909090909084"
"provider-dataplane",1785355831,"0.3107954545454547"
"provider-dataplane",1785355836,"0.2993750000000002"
"provider-dataplane",1785355841,"0.29583333333333295"
"provider-dataplane",1785355846,"0.32968749999999974"
"provider-dataplane",1785355851,"0.3395000000000001"
"provider-dataplane",1785355856,"0.3344999999999999"
"provider-dataplane",1785355861,"0.3307291666666665"
"provider-dataplane",1785355866,"0.35138888888888886"
"provider-dataplane",1785355871,"0.36625"
"provider-dataplane",1785355876,"0.369396551724138"
"provider-dataplane",1785355881,"0.3714285714285716"
"provider-dataplane",1785355886,"0.36724137931034473"
"provider-dataplane",1785355891,"0.35138888888888886"
"provider-dataplane",1785355896,"0.34567307692307714"
"provider-dataplane",1785355901,"0.3338541666666667"
"provider-dataplane",1785355906,"0.3432291666666668"
"provider-dataplane",1785355911,"0.33095238095238116"
"provider-dataplane",1785355916,"0.3143750000000001"
"provider-dataplane",1785355921,"0.33806818181818155"
"provider-dataplane",1785355926,"0.3296052631578943"
"provider-dataplane",1785355931,"0.32302631578947405"
"provider-dataplane",1785355936,"0.3034722222222225"
"provider-dataplane",1785355941,"0.2726562499999992"
"provider-dataplane",1785355946,"0.29117647058823587"
"provider-dataplane",1785355951,"0.2976562499999994"
"provider-dataplane",1785355956,"0.28359375"
"provider-dataplane",1785355961,"0.2489423076923076"
"provider-dataplane",1785355966,"0.24765624999999994"
"provider-dataplane",1785355971,"0.2497151898734177"
"provider-dataplane",1785355976,"0.2434740259740259"
"provider-dataplane",1785355981,"0.24863636363636366"
"provider-dataplane",1785355986,"0.24990506329113923"
"provider-dataplane",1785355991,"0.2499074074074074"
"provider-dataplane",1785355996,"0.27708333333333374"
"provider-dataplane",1785356001,"0.2729166666666662"
"provider-dataplane",1785356006,"0.2904761904761903"
"provider-dataplane",1785356011,"0.2822368421052634"
"provider-dataplane",1785356016,"0.26397058823529435"
"provider-dataplane",1785356021,"0.28161764705882286"
"provider-dataplane",1785356026,"0.29671052631578937"
"provider-dataplane",1785356031,"0.27708333333333374"
"provider-dataplane",1785356036,"0.24958904109589047"
"provider-dataplane",1785356041,"0.3006249999999998"
"provider-dataplane",1785356046,"0.32562499999999966"
"provider-dataplane",1785356051,"0.3296052631578949"
"provider-dataplane",1785356056,"0.34210526315789447"
"provider-dataplane",1785356061,"0.3203124999999998"
"provider-dataplane",1785356066,"0.34124999999999994"
"provider-dataplane",1785356071,"0.34999999999999976"
"provider-dataplane",1785356076,"0.36032608695652213"
"provider-dataplane",1785356081,"0.3619791666666666"
"provider-dataplane",1785356086,"0.37864583333333335"
"provider-dataplane",1785356091,"0.37550000000000006"
"provider-dataplane",1785356096,"0.35416666666666674"
"provider-dataplane",1785356101,"0.3619565217391304"
"provider-dataplane",1785356106,"0.3668478260869565"
"provider-dataplane",1785356111,"0.3630434782608696"
"provider-dataplane",1785356116,"0.3545454545454543"
"provider-dataplane",1785356121,"0.3312500000000001"
"provider-dataplane",1785356126,"0.33333333333333287"
"provider-dataplane",1785356131,"0.30166666666666614"
"provider-dataplane",1785356136,"0.3008333333333334"
"provider-dataplane",1785356141,"0.3132812499999997"
"provider-dataplane",1785356146,"0.31484374999999976"
"provider-dataplane",1785356151,"0.34605263157894756"
"provider-dataplane",1785356156,"0.33749999999999963"
"provider-dataplane",1785356161,"0.3347222222222221"
"provider-dataplane",1785356166,"0.35952380952380936"
"provider-dataplane",1785356171,"0.3755434782608696"
"provider-dataplane",1785356176,"0.3869791666666666"
"provider-dataplane",1785356181,"0.388586956521739"
"provider-dataplane",1785356186,"0.3864130434782609"
"provider-dataplane",1785356191,"0.37638888888888866"
"provider-dataplane",1785356196,"0.3632352941176468"
"provider-dataplane",1785356201,"0.3791666666666666"
"provider-dataplane",1785356206,"0.40416666666666656"
"provider-dataplane",1785356211,"0.3999999999999999"
"provider-dataplane",1785356216,"0.3967105263157893"
"provider-dataplane",1785356221,"0.4032894736842105"
"provider-dataplane",1785356226,"0.40441176470588247"
"provider-dataplane",1785356231,"0.4041666666666666"
"provider-dataplane",1785356236,"0.4039473684210525"
"provider-dataplane",1785356241,"0.39930555555555547"
"provider-dataplane",1785356246,"0.41136363636363626"
"provider-dataplane",1785356251,"0.4195"
"provider-dataplane",1785356256,"0.41521739130434765"
"provider-dataplane",1785356261,"0.3993749999999999"
"provider-dataplane",1785356266,"0.40749999999999975"
"provider-dataplane",1785356271,"0.4161458333333333"
"provider-dataplane",1785356276,"0.40937500000000004"
"provider-dataplane",1785356281,"0.43362068965517236"
"provider-dataplane",1785356286,"0.4365740740740741"
"provider-dataplane",1785356291,"0.4392857142857144"
"provider-dataplane",1785356296,"0.4388392857142857"
"provider-dataplane",1785356301,"0.4265624999999999"
"provider-dataplane",1785356306,"0.4244565217391304"
"provider-dataplane",1785356311,"0.4228260869565216"
"provider-dataplane",1785356316,"0.4160714285714284"
"provider-dataplane",1785356321,"0.41420454545454544"
"provider-dataplane",1785356326,"0.41988636363636345"
"provider-dataplane",1785356331,"0.4161458333333333"
"provider-dataplane",1785356336,"0.3774999999999997"
"provider-dataplane",1785356341,"0.4125"
"provider-dataplane",1785356346,"0.4160714285714284"
"provider-dataplane",1785356351,"0.41988636363636345"
"provider-dataplane",1785356356,"0.41761363636363635"
"provider-dataplane",1785356361,"0.4065789473684208"
"provider-dataplane",1785356366,"0.4012500000000001"
"provider-dataplane",1785356371,"0.40749999999999975"
"provider-dataplane",1785356376,"0.40562500000000007"
"provider-dataplane",1785356381,"0.4018749999999998"
"provider-dataplane",1785356386,"0.40723684210526306"
"provider-dataplane",1785356391,"0.407142857142857"
"provider-dataplane",1785356396,"0.39539473684210524"
"provider-dataplane",1785356401,"0.3993749999999999"
"provider-dataplane",1785356406,"0.4161458333333333"
"provider-dataplane",1785356411,"0.4219999999999999"
"provider-dataplane",1785356416,"0.4195"
"provider-dataplane",1785356421,"0.4235576923076923"
"provider-dataplane",1785356426,"0.41684782608695653"
"provider-dataplane",1785356431,"0.4195"
"provider-dataplane",1785356436,"0.411931818181818"
"provider-dataplane",1785356441,"0.4125"
"provider-dataplane",1785356446,"0.41521739130434765"
"provider-dataplane",1785356451,"0.40069444444444446"
"provider-dataplane",1785356456,"0.4125"
"provider-dataplane",1785356461,"0.4020833333333331"
"provider-dataplane",1785356466,"0.41547619047619033"
"provider-dataplane",1785356471,"0.4160714285714284"
"provider-dataplane",1785356476,"0.40328947368421036"
"provider-dataplane",1785356481,"0.3924999999999998"
"provider-dataplane",1785356486,"0.38355263157894715"
"provider-dataplane",1785356491,"0.37697368421052646"
"provider-dataplane",1785356496,"0.3604166666666664"
"provider-dataplane",1785356501,"0.3485294117647057"
