series,timestamp,value
"consumer-controlplane",1785352856,"0.0015090909090910093"
"consumer-controlplane",1785352861,"0.001690909090909155"
"consumer-controlplane",1785352866,"0.001563636363636466"
"consumer-controlplane",1785352871,"0.0016000000000000174"
"consumer-controlplane",1785352876,"0.0016000000000000174"
"consumer-controlplane",1785352881,"0.001800000000000068"
"consumer-controlplane",1785352886,"0.0018909090909092056"
"consumer-controlplane",1785352891,"0.0019454545454546622"
"consumer-controlplane",1785352896,"0.0018909090909092056"
"consumer-controlplane",1785352901,"0.0020545454545455753"
"consumer-controlplane",1785352906,"0.0021818181818182643"
"consumer-controlplane",1785352911,"0.0020363636363636703"
"consumer-controlplane",1785352916,"0.002072727272727351"
"consumer-controlplane",1785352921,"0.002272727272727402"
"consumer-controlplane",1785352926,"0.002381818181818315"
"consumer-controlplane",1785352931,"0.0024727272727274523"
"consumer-controlplane",1785352936,"0.0024545454545455473"
"consumer-controlplane",1785352941,"0.0024181818181818666"
"consumer-controlplane",1785352946,"0.0022909090909091776"
"consumer-controlplane",1785352951,"0.0023090909090909533"
"consumer-controlplane",1785352956,"0.0022000000000001693"
"consumer-controlplane",1785352961,"0.0022181818181820742"
"consumer-controlplane",1785352966,"0.002272727272727531"
"consumer-controlplane",1785352971,"0.002127272727272937"
"consumer-controlplane",1785352976,"0.0021636363636364886"
"consumer-controlplane",1785352981,"0.001981818181818343"
"consumer-controlplane",1785352986,"0.0018727272727273006"
"consumer-controlplane",1785352991,"0.0020363636363636703"
"consumer-controlplane",1785352996,"0.0018545454545455247"
"consumer-controlplane",1785353001,"0.0020181818181818946"
"consumer-controlplane",1785353006,"0.0019636363636364377"
"consumer-controlplane",1785353011,"0.0018545454545453954"
"consumer-controlplane",1785353016,"0.002054545454545317"
"consumer-controlplane",1785353021,"0.002054545454545317"
"consumer-controlplane",1785353026,"0.002072727272727222"
"consumer-controlplane",1785353031,"0.0021636363636363593"
"consumer-controlplane",1785353036,"0.0021636363636363593"
"consumer-controlplane",1785353041,"0.002109090909090903"
"consumer-controlplane",1785353046,"0.001981818181818214"
"consumer-controlplane",1785353051,"0.002072727272727351"
"consumer-controlplane",1785353056,"0.001945454545454533"
"consumer-controlplane",1785353061,"0.001981818181818214"
"consumer-controlplane",1785353066,"0.0021818181818182643"
"consumer-controlplane",1785353071,"0.001981818181818343"
"consumer-controlplane",1785353076,"0.0019090909090911106"
"consumer-controlplane",1785353081,"0.0020727272727274803"
"consumer-controlplane",1785353086,"0.0019272727272728863"
"consumer-controlplane",1785353091,"0.0019090909090911106"
"consumer-controlplane",1785353096,"0.0020727272727276095"
"consumer-controlplane",1785353101,"0.0019454545454549205"
"consumer-controlplane",1785353106,"0.0018181818181821022"
"consumer-controlplane",1785353111,"0.0018545454545457832"
"consumer-controlplane",1785353116,"0.001981818181818472"
"consumer-controlplane",1785353121,"0.0017454545454548699"
"consumer-controlplane",1785353126,"0.0017454545454548699"
"consumer-controlplane",1785353131,"0.001981818181818472"
"consumer-controlplane",1785353136,"0.001854545454545654"
"consumer-controlplane",1785353141,"0.0017818181818184215"
"consumer-controlplane",1785353146,"0.0019272727272728863"
"consumer-controlplane",1785353151,"0.0017090909090909307"
"consumer-controlplane",1785353156,"0.0017272727272727064"
"consumer-controlplane",1785353161,"0.0019090909090909813"
"consumer-controlplane",1785353166,"0.0018909090909092056"
"consumer-controlplane",1785353171,"0.001981818181818343"
"consumer-controlplane",1785353176,"0.002000000000000119"
"consumer-controlplane",1785353181,"0.002109090909091032"
"consumer-controlplane",1785353186,"0.0018727272727274296"
"consumer-controlplane",1785353191,"0.001981818181818472"
"consumer-controlplane",1785353196,"0.002018181818182153"
"consumer-controlplane",1785353201,"0.0019272727272731448"
"consumer-controlplane",1785353206,"0.0022181818181823327"
"consumer-controlplane",1785353211,"0.0022545454545460134"
"consumer-controlplane",1785353216,"0.0022363636363641084"
"consumer-controlplane",1785353221,"0.0022363636363641084"
"consumer-controlplane",1785353226,"0.002163636363636747"
"consumer-controlplane",1785353231,"0.0021454545454549713"
"consumer-controlplane",1785353236,"0.0022181818181822035"
"consumer-controlplane",1785353241,"0.0022545454545457554"
"consumer-controlplane",1785353246,"0.0021818181818183935"
"consumer-controlplane",1785353251,"0.002218181818181945"
"consumer-controlplane",1785353256,"0.0021818181818182643"
"consumer-controlplane",1785353261,"0.0020363636363636703"
"consumer-controlplane",1785353266,"0.002054545454545446"
"consumer-controlplane",1785353271,"0.0019636363636364377"
"consumer-controlplane",1785353276,"0.001981818181818214"
"consumer-controlplane",1785353281,"0.0017818181818182923"
"consumer-controlplane",1785353286,"0.001945454545454533"
"consumer-controlplane",1785353291,"0.0018545454545453954"
"consumer-controlplane",1785353296,"0.0018363636363636197"
"consumer-controlplane",1785353301,"0.0018909090909090764"
"consumer-controlplane",1785353306,"0.0018909090909090764"
"consumer-controlplane",1785353311,"0.0020181818181818946"
"consumer-controlplane",1785353316,"0.0019090909090909813"
"consumer-controlplane",1785353321,"0.0018545454545455247"
"consumer-controlplane",1785353326,"0.001927272727272757"
"consumer-controlplane",1785353331,"0.001945454545454533"
"consumer-controlplane",1785353336,"0.002036363636363541"
"consumer-controlplane",1785353341,"0.002072727272727222"
"consumer-controlplane",1785353346,"0.0019999999999999896"
"consumer-controlplane",1785353351,"0.002236363636363592"
"consumer-controlplane",1785353356,"0.002309090909090824"
"consumer-controlplane",1785353361,"0.0022909090909090483"
"consumer-controlplane",1785353366,"0.002309090909090695"
"consumer-controlplane",1785353371,"0.0023636363636361517"
"consumer-controlplane",1785353376,"0.0025454545454544264"
"consumer-controlplane",1785353381,"0.002472727272727194"
"consumer-controlplane",1785353386,"0.0024181818181817374"
"consumer-controlplane",1785353391,"0.0025454545454545556"
"consumer-controlplane",1785353396,"0.00236363636363641"
"consumer-controlplane",1785353401,"0.0022909090909091776"
"consumer-controlplane",1785353406,"0.002090909090909256"
"consumer-controlplane",1785353411,"0.002018181818182024"
"consumer-controlplane",1785353416,"0.002145454545454713"
"consumer-controlplane",1785353421,"0.002036363636363929"
"consumer-controlplane",1785353426,"0.002036363636363929"
"consumer-controlplane",1785353431,"0.002000000000000248"
"consumer-controlplane",1785353436,"0.002018181818182024"
"consumer-controlplane",1785353441,"0.0020545454545457045"
"consumer-controlplane",1785353446,"0.001854545454545654"
"consumer-controlplane",1785353451,"0.0019454545454546622"
"consumer-controlplane",1785353456,"0.0019454545454546622"
"consumer-controlplane",1785353461,"0.0019636363636364377"
"consumer-controlplane",1785353466,"0.002090909090909127"
"consumer-controlplane",1785353471,"0.0019090909090909813"
"consumer-controlplane",1785353476,"0.0019636363636364377"
"consumer-controlplane",1785353481,"0.001981818181818214"
"consumer-controlplane",1785353486,"0.0018727272727273006"
"consumer-controlplane",1785353491,"0.0019999999999999896"
"consumer-controlplane",1785353496,"0.0019999999999999896"
"consumer-controlplane",1785353501,"0.002054545454545446"
"consumer-controlplane",1785353506,"0.0021636363636364886"
"consumer-controlplane",1785353511,"0.0021636363636364886"
"consumer-controlplane",1785353516,"0.002072727272727351"
"consumer-controlplane",1785353521,"0.001981818181818343"
"consumer-controlplane",1785353526,"0.002000000000000119"
"consumer-controlplane",1785353531,"0.002072727272727351"
"consumer-controlplane",1785353536,"0.001981818181818343"
"consumer-controlplane",1785353541,"0.0021454545454545836"
"consumer-controlplane",1785353546,"0.002000000000000119"
"consumer-controlplane",1785353551,"0.001981818181818343"
"consumer-controlplane",1785353556,"0.0020545454545457045"
"consumer-controlplane",1785353561,"0.0019090909090911106"
"consumer-controlplane",1785353566,"0.002072727272727351"
"consumer-controlplane",1785353571,"0.0021636363636364886"
"consumer-controlplane",1785353576,"0.0020545454545455753"
"consumer-controlplane",1785353581,"0.002272727272727402"
"consumer-controlplane",1785353586,"0.002127272727272808"
"consumer-controlplane",1785353591,"0.002109090909090903"
"consumer-controlplane",1785353596,"0.002109090909090903"
"consumer-controlplane",1785353601,"0.002072727272727222"
"consumer-controlplane",1785353606,"0.0022727272727271434"
"consumer-controlplane",1785353611,"0.0021272727272725494"
"consumer-controlplane",1785353616,"0.0022545454545452384"
"consumer-controlplane",1785353621,"0.002181818181818006"
"consumer-controlplane",1785353626,"0.002145454545454325"
"consumer-controlplane",1785353631,"0.002199999999999782"
"consumer-controlplane",1785353636,"0.002036363636363412"
"consumer-controlplane",1785353641,"0.0019999999999998604"
"consumer-controlplane",1785353646,"0.002090909090908998"
"consumer-controlplane",1785353651,"0.002090909090909127"
"consumer-controlplane",1785353656,"0.0021454545454545836"
"consumer-controlplane",1785353661,"0.0020545454545455753"
"consumer-controlplane",1785353666,"0.002218181818181945"
"consumer-controlplane",1785353671,"0.002109090909091032"
"consumer-controlplane",1785353676,"0.002090909090909256"
"consumer-controlplane",1785353681,"0.0022363636363638504"
"consumer-controlplane",1785353686,"0.0021818181818183935"
"consumer-controlplane",1785353691,"0.002309090909091212"
"consumer-controlplane",1785353696,"0.002309090909091212"
"consumer-controlplane",1785353701,"0.0023454545454548925"
"consumer-controlplane",1785353706,"0.0023818181818184444"
"consumer-controlplane",1785353711,"0.0023818181818184444"
"consumer-controlplane",1785353716,"0.0023090909090910825"
"consumer-controlplane",1785353721,"0.0024181818181818666"
"consumer-controlplane",1785353726,"0.0024181818181818666"
"consumer-controlplane",1785353731,"0.002381818181818186"
"consumer-controlplane",1785353736,"0.0024727272727273234"
"consumer-controlplane",1785353741,"0.002509090909090875"
"consumer-controlplane",1785353746,"0.002436363636363513"
"consumer-controlplane",1785353751,"0.00249090909090897"
"consumer-controlplane",1785353756,"0.002618181818181659"
"consumer-controlplane",1785353761,"0.002436363636363513"
"consumer-controlplane",1785353766,"0.0025454545454544264"
"consumer-controlplane",1785353771,"0.002472727272727194"
"consumer-controlplane",1785353776,"0.0025818181818181075"
"consumer-controlplane",1785353781,"0.0026727272727272446"
"consumer-controlplane",1785353786,"0.0027272727272727015"
"consumer-controlplane",1785353791,"0.00249090909090897"
"consumer-controlplane",1785353796,"0.0026000000000000125"
"consumer-controlplane",1785353801,"0.00252727272727278"
"consumer-controlplane",1785353806,"0.0027090909090909253"
"consumer-controlplane",1785353811,"0.00252727272727278"
"consumer-controlplane",1785353816,"0.0025454545454545556"
"consumer-controlplane",1785353821,"0.002490909090909099"
"consumer-controlplane",1785353826,"0.00252727272727278"
"consumer-controlplane",1785353831,"0.002236363636363721"
"consumer-controlplane",1785353836,"0.002236363636363721"
"consumer-controlplane",1785353841,"0.002218181818181945"
"consumer-controlplane",1785353846,"0.002381818181818315"
"consumer-controlplane",1785353851,"0.0022727272727272726"
"consumer-controlplane",1785353856,"0.002254545454545497"
"consumer-controlplane",1785353861,"0.002218181818181816"
"consumer-controlplane",1785353866,"0.002218181818181816"
"consumer-controlplane",1785353871,"0.002218181818181816"
"consumer-controlplane",1785353876,"0.0022909090909091776"
"consumer-controlplane",1785353881,"0.0023454545454546344"
"consumer-controlplane",1785353886,"0.0022909090909091776"
"consumer-controlplane",1785353891,"0.0022909090909091776"
"consumer-controlplane",1785353896,"0.002236363636363721"
"consumer-controlplane",1785353901,"0.002254545454545626"
"consumer-controlplane",1785353906,"0.0023818181818184444"
"consumer-controlplane",1785353911,"0.0023818181818184444"
"consumer-controlplane",1785353916,"0.002236363636363979"
"consumer-controlplane",1785353921,"0.002363636363636668"
"consumer-controlplane",1785353926,"0.0023454545454548925"
"consumer-controlplane",1785353931,"0.0022545454545457554"
"consumer-controlplane",1785353936,"0.0022363636363638504"
"consumer-controlplane",1785353941,"0.0023818181818184444"
"consumer-controlplane",1785353946,"0.0023818181818184444"
"consumer-controlplane",1785353951,"0.002418181818182125"
"consumer-controlplane",1785353956,"0.002272727272727531"
"consumer-controlplane",1785353961,"0.0023090909090910825"
"consumer-controlplane",1785353966,"0.002400000000000091"
"consumer-controlplane",1785353971,"0.0025636363636364606"
"consumer-controlplane",1785353976,"0.002400000000000091"
"consumer-controlplane",1785353981,"0.002381818181818315"
"consumer-controlplane",1785353986,"0.002509090909091004"
"consumer-controlplane",1785353991,"0.002509090909091004"
"consumer-controlplane",1785353996,"0.0023454545454546344"
"consumer-controlplane",1785354001,"0.0024363636363636423"
"consumer-controlplane",1785354006,"0.002454545454545418"
"consumer-controlplane",1785354011,"0.0025272727272726506"
"consumer-controlplane",1785354016,"0.002327272727272729"
"consumer-controlplane",1785354021,"0.002254545454545497"
"consumer-controlplane",1785354026,"0.0022727272727272726"
"consumer-controlplane",1785354031,"0.0022909090909090483"
"consumer-controlplane",1785354036,"0.002236363636363592"
"consumer-controlplane",1785354041,"0.002218181818181687"
"consumer-controlplane",1785354046,"0.0021454545454544544"
"consumer-controlplane",1785354051,"0.002236363636363592"
"consumer-controlplane",1785354056,"0.0020181818181818946"
"consumer-controlplane",1785354061,"0.0021818181818182643"
"consumer-controlplane",1785354066,"0.0020545454545455753"
"consumer-controlplane",1785354071,"0.0021818181818182643"
"consumer-controlplane",1785354076,"0.0021818181818182643"
"consumer-controlplane",1785354081,"0.002145454545454713"
"consumer-controlplane",1785354086,"0.002163636363636618"
"consumer-controlplane",1785354091,"0.0023272727272729875"
"consumer-controlplane",1785354096,"0.0022727272727276603"
"consumer-controlplane",1785354101,"0.0023272727272731168"
"consumer-controlplane",1785354106,"0.0023272727272731168"
"consumer-controlplane",1785354111,"0.002363636363636668"
"consumer-controlplane",1785354116,"0.0022000000000002985"
"consumer-controlplane",1785354121,"0.0023818181818184444"
"consumer-controlplane",1785354126,"0.0023454545454547632"
"consumer-controlplane",1785354131,"0.0024727272727275815"
"consumer-controlplane",1785354136,"0.0024545454545456765"
"consumer-controlplane",1785354141,"0.0024727272727274523"
"consumer-controlplane",1785354146,"0.002381818181818315"
"consumer-controlplane",1785354151,"0.002400000000000091"
"consumer-controlplane",1785354156,"0.0023090909090909533"
"consumer-controlplane",1785354161,"0.002254545454545497"
"consumer-controlplane",1785354166,"0.002381818181818315"
"consumer-controlplane",1785354171,"0.002381818181818315"
"consumer-controlplane",1785354176,"0.002272727272727402"
"consumer-controlplane",1785354181,"0.00240000000000022"
"consumer-controlplane",1785354186,"0.002236363636363721"
"consumer-controlplane",1785354191,"0.002272727272727402"
"consumer-controlplane",1785354196,"0.002236363636363721"
"consumer-controlplane",1785354201,"0.002218181818181945"
"consumer-controlplane",1785354206,"0.0020545454545455753"
"consumer-controlplane",1785354211,"0.002290909090909307"
"consumer-controlplane",1785354216,"0.0023090909090910825"
"consumer-controlplane",1785354221,"0.002145454545454713"
"consumer-controlplane",1785354226,"0.0023636363636365394"
"consumer-controlplane",1785354231,"0.002290909090909307"
"consumer-controlplane",1785354236,"0.0022000000000001693"
"consumer-controlplane",1785354241,"0.0021818181818183935"
"consumer-controlplane",1785354246,"0.0023090909090910825"
"consumer-controlplane",1785354251,"0.0023272727272729875"
"consumer-controlplane",1785354256,"0.0024727272727275815"
"consumer-controlplane",1785354261,"0.002563636363636719"
"consumer-controlplane",1785354266,"0.0025090909090911334"
"consumer-controlplane",1785354271,"0.0024909090909093577"
"consumer-controlplane",1785354276,"0.002527272727272909"
"consumer-controlplane",1785354281,"0.002290909090909307"
"consumer-controlplane",1785354286,"0.0025090909090911334"
"consumer-controlplane",1785354291,"0.0023818181818184444"
"consumer-controlplane",1785354296,"0.0025090909090912626"
"consumer-controlplane",1785354301,"0.0022000000000002985"
"consumer-controlplane",1785354306,"0.0021818181818183935"
"consumer-controlplane",1785354311,"0.002145454545454713"
"consumer-controlplane",1785354316,"0.0019454545454546622"
"consumer-controlplane",1785354321,"0.0018363636363638782"
"consumer-controlplane",1785354326,"0.002018181818182024"
"consumer-controlplane",1785354331,"0.0019454545454547913"
"consumer-controlplane",1785354336,"0.001981818181818343"
"consumer-controlplane",1785354341,"0.0019090909090911106"
"consumer-controlplane",1785354346,"0.0019454545454546622"
"consumer-controlplane",1785354351,"0.0019090909090909813"
"consumer-controlplane",1785354356,"0.002072727272727351"
"consumer-controlplane",1785354361,"0.0020363636363637996"
"consumer-controlplane",1785354366,"0.0020363636363637996"
"consumer-controlplane",1785354371,"0.002145454545454713"
"consumer-controlplane",1785354376,"0.002145454545454713"
"consumer-controlplane",1785354381,"0.002127272727272937"
"consumer-controlplane",1785354386,"0.0022181818181820742"
"consumer-controlplane",1785354391,"0.0021818181818185228"
"consumer-controlplane",1785354396,"0.0022363636363638504"
"consumer-controlplane",1785354401,"0.0022000000000002985"
"consumer-controlplane",1785354406,"0.002109090909091161"
"consumer-controlplane",1785354411,"0.0021272727272730664"
"consumer-controlplane",1785354416,"0.0021818181818185228"
"consumer-controlplane",1785354421,"0.002236363636363979"
"consumer-controlplane",1785354426,"0.002236363636363979"
"consumer-controlplane",1785354431,"0.002309090909091212"
"consumer-controlplane",1785354436,"0.0021818181818183935"
"consumer-controlplane",1785354441,"0.002272727272727402"
"consumer-controlplane",1785354446,"0.002272727272727402"
"consumer-controlplane",1785354451,"0.0023090909090910825"
"consumer-controlplane",1785354456,"0.0023090909090910825"
"consumer-controlplane",1785354461,"0.0025090909090911334"
"consumer-controlplane",1785354466,"0.0023636363636365394"
"consumer-controlplane",1785354471,"0.0025636363636364606"
"consumer-controlplane",1785354476,"0.0024181818181818666"
"consumer-controlplane",1785354481,"0.002490909090909099"
"consumer-controlplane",1785354486,"0.0025818181818181075"
"consumer-controlplane",1785354491,"0.002745454545454477"
"consumer-controlplane",1785354496,"0.0025818181818181075"
"consumer-controlplane",1785354501,"0.0026909090909090203"
"consumer-controlplane",1785354506,"0.002454545454545418"
"consumer-controlplane",1785354511,"0.0025272727272726506"
"consumer-controlplane",1785354516,"0.002363636363636281"
"consumer-controlplane",1785354521,"0.002509090909090875"
"consumer-controlplane",1785354526,"0.0022909090909090483"
"consumer-controlplane",1785354531,"0.0022545454545453677"
"consumer-controlplane",1785354536,"0.002345454545454505"
"consumer-controlplane",1785354541,"0.002218181818181816"
"consumer-controlplane",1785354546,"0.0021636363636363593"
"consumer-controlplane",1785354551,"0.002272727272727402"
"consumer-controlplane",1785354556,"0.0021818181818182643"
"consumer-controlplane",1785354561,"0.00220000000000004"
"consumer-controlplane",1785354566,"0.0022727272727272726"
"consumer-controlplane",1785354571,"0.0022727272727272726"
"consumer-controlplane",1785354576,"0.002236363636363592"
"consumer-controlplane",1785354581,"0.0022909090909090483"
"consumer-controlplane",1785354586,"0.0024727272727273234"
"consumer-controlplane",1785354591,"0.00236363636363641"
"consumer-controlplane",1785354596,"0.0023272727272728583"
"consumer-controlplane",1785354601,"0.0024545454545456765"
"consumer-controlplane",1785354606,"0.0024909090909092284"
"consumer-controlplane",1785354611,"0.0024727272727274523"
"consumer-controlplane",1785354616,"0.0024909090909093577"
"consumer-controlplane",1785354621,"0.002309090909091212"
"consumer-controlplane",1785354626,"0.0024909090909093577"
"consumer-controlplane",1785354631,"0.0023454545454547632"
"consumer-controlplane",1785354636,"0.002309090909091212"
"consumer-controlplane",1785354641,"0.002290909090909307"
"consumer-controlplane",1785354646,"0.002272727272727531"
"consumer-controlplane",1785354651,"0.002290909090909307"
"consumer-controlplane",1785354656,"0.0020727272727274803"
"consumer-controlplane",1785354661,"0.0019272727272728863"
"consumer-controlplane",1785354666,"0.0019272727272728863"
"consumer-controlplane",1785354671,"0.0020363636363636703"
"consumer-controlplane",1785354676,"0.00220000000000004"
"consumer-controlplane",1785354681,"0.0020363636363636703"
"consumer-controlplane",1785354686,"0.002145454545454713"
"consumer-controlplane",1785354691,"0.0023636363636365394"
"consumer-controlplane",1785354696,"0.0022363636363638504"
"consumer-controlplane",1785354701,"0.0021818181818183935"
"consumer-controlplane",1785354706,"0.0022000000000001693"
"consumer-controlplane",1785354711,"0.0023272727272728583"
"consumer-controlplane",1785354716,"0.002381818181818315"
"consumer-controlplane",1785354721,"0.0027090909090909253"
"consumer-controlplane",1785354726,"0.002636363636363693"
"consumer-controlplane",1785354731,"0.0026909090909091496"
"consumer-controlplane",1785354736,"0.0026181818181819174"
"consumer-controlplane",1785354741,"0.0026909090909091496"
"consumer-controlplane",1785354746,"0.0024363636363636423"
"consumer-controlplane",1785354751,"0.0025636363636363313"
"consumer-controlplane",1785354756,"0.0026545454545453396"
"consumer-controlplane",1785354761,"0.002636363636363564"
"consumer-controlplane",1785354766,"0.002636363636363564"
"consumer-controlplane",1785354771,"0.0025818181818181075"
"consumer-controlplane",1785354776,"0.00236363636363641"
"consumer-controlplane",1785354781,"0.0023454545454546344"
"consumer-controlplane",1785354786,"0.002381818181818315"
"consumer-controlplane",1785354791,"0.0024545454545455473"
"consumer-controlplane",1785354796,"0.00236363636363641"
"consumer-controlplane",1785354801,"0.00252727272727278"
"consumer-controlplane",1785354806,"0.002400000000000091"
"consumer-controlplane",1785354811,"0.002381818181818315"
"consumer-controlplane",1785354816,"0.0024909090909092284"
"consumer-controlplane",1785354821,"0.0023272727272728583"
"consumer-controlplane",1785354826,"0.002527272727272909"
"consumer-controlplane",1785354831,"0.002381818181818315"
"consumer-controlplane",1785354836,"0.002509090909091004"
"consumer-controlplane",1785354841,"0.0022727272727272726"
"consumer-controlplane",1785354846,"0.00236363636363641"
"consumer-controlplane",1785354851,"0.0022909090909091776"
"consumer-controlplane",1785354856,"0.002272727272727402"
"consumer-controlplane",1785354861,"0.002400000000000091"
"consumer-controlplane",1785354866,"0.0023454545454546344"
"consumer-controlplane",1785354871,"0.0024181818181818666"
"consumer-controlplane",1785354876,"0.0024181818181818666"
"consumer-controlplane",1785354881,"0.0024363636363637716"
"consumer-controlplane",1785354886,"0.002527272727272909"
"consumer-controlplane",1785354891,"0.00256363636363659"
"consumer-controlplane",1785354896,"0.0026181818181820467"
"consumer-controlplane",1785354901,"0.002527272727272909"
"consumer-controlplane",1785354906,"0.0026363636363638224"
"consumer-controlplane",1785354911,"0.002509090909091004"
"consumer-controlplane",1785354916,"0.002527272727272909"
"consumer-controlplane",1785354921,"0.0025818181818183655"
"consumer-controlplane",1785354926,"0.00240000000000022"
"consumer-controlplane",1785354931,"0.002545454545454814"
"consumer-controlplane",1785354936,"0.0023090909090910825"
"consumer-controlplane",1785354941,"0.002254545454545626"
"consumer-controlplane",1785354946,"0.0023090909090910825"
"consumer-controlplane",1785354951,"0.002290909090909307"
"consumer-controlplane",1785354956,"0.002418181818181996"
"consumer-controlplane",1785354961,"0.0022909090909091776"
"consumer-controlplane",1785354966,"0.002381818181818315"
"consumer-controlplane",1785354971,"0.002381818181818315"
"consumer-controlplane",1785354976,"0.0023636363636365394"
"consumer-controlplane",1785354981,"0.0024727272727274523"
"consumer-controlplane",1785354986,"0.0023454545454546344"
"consumer-controlplane",1785354991,"0.00236363636363641"
"consumer-controlplane",1785354996,"0.00252727272727278"
"consumer-controlplane",1785355001,"0.0022727272727272726"
"consumer-controlplane",1785355006,"0.002309090909090824"
"consumer-controlplane",1785355011,"0.002181818181818135"
"consumer-controlplane",1785355016,"0.002381818181818186"
"consumer-controlplane",1785355021,"0.002327272727272729"
"consumer-controlplane",1785355026,"0.002345454545454505"
"consumer-controlplane",1785355031,"0.002363636363636281"
"consumer-controlplane",1785355036,"0.0023818181818180567"
"consumer-controlplane",1785355041,"0.00249090909090897"
"consumer-controlplane",1785355046,"0.00249090909090897"
"consumer-controlplane",1785355051,"0.0025454545454544264"
"consumer-controlplane",1785355056,"0.002509090909090875"
"consumer-controlplane",1785355061,"0.0026000000000000125"
"consumer-controlplane",1785355066,"0.0027272727272728307"
"consumer-controlplane",1785355071,"0.002509090909091004"
"consumer-controlplane",1785355076,"0.002654545454545598"
"consumer-controlplane",1785355081,"0.0024545454545455473"
"consumer-controlplane",1785355086,"0.0025454545454545556"
"consumer-controlplane",1785355091,"0.0024363636363636423"
"consumer-controlplane",1785355096,"0.0024181818181818666"
"consumer-controlplane",1785355101,"0.0027272727272728307"
"consumer-controlplane",1785355106,"0.0026181818181819174"
"consumer-controlplane",1785355111,"0.0027090909090909253"
"consumer-controlplane",1785355116,"0.002763636363636382"
"consumer-controlplane",1785355121,"0.002618181818181788"
"consumer-controlplane",1785355126,"0.0028363636363636143"
"consumer-controlplane",1785355131,"0.002890909090909071"
"consumer-controlplane",1785355136,"0.002890909090909071"
"consumer-controlplane",1785355141,"0.002909090909090976"
"consumer-controlplane",1785355146,"0.0028909090909092004"
"consumer-controlplane",1785355151,"0.002927272727272752"
"consumer-controlplane",1785355156,"0.0028363636363636143"
"consumer-controlplane",1785355161,"0.002890909090909071"
"consumer-controlplane",1785355166,"0.0029999999999999844"
"consumer-controlplane",1785355171,"0.0028545454545455197"
"consumer-controlplane",1785355176,"0.0030181818181818894"
"consumer-controlplane",1785355181,"0.0028363636363637435"
"consumer-controlplane",1785355186,"0.0028181818181818386"
"consumer-controlplane",1785355191,"0.003054545454545441"
"consumer-controlplane",1785355196,"0.0029636363636363038"
"consumer-controlplane",1785355201,"0.0031272727272726735"
"consumer-controlplane",1785355206,"0.0030909090909091216"
"consumer-controlplane",1785355211,"0.0028727272727272954"
"consumer-controlplane",1785355216,"0.002781818181818158"
"consumer-controlplane",1785355221,"0.0026909090909091496"
"consumer-controlplane",1785355226,"0.002618181818181788"
"consumer-controlplane",1785355231,"0.002781818181818158"
"consumer-controlplane",1785355236,"0.002763636363636253"
"consumer-controlplane",1785355241,"0.002654545454545469"
"consumer-controlplane",1785355246,"0.0024545454545455473"
"consumer-controlplane",1785355251,"0.002654545454545598"
"consumer-controlplane",1785355256,"0.0024363636363637716"
"consumer-controlplane",1785355261,"0.002545454545454685"
"consumer-controlplane",1785355266,"0.0026181818181820467"
"consumer-controlplane",1785355271,"0.002672727272727503"
"consumer-controlplane",1785355276,"0.0027636363636366406"
"consumer-controlplane",1785355281,"0.0028000000000003213"
"consumer-controlplane",1785355286,"0.002545454545454814"
"consumer-controlplane",1785355291,"0.0025090909090912626"
"consumer-controlplane",1785355296,"0.0026181818181820467"
"consumer-controlplane",1785355301,"0.0026363636363638224"
"consumer-controlplane",1785355306,"0.0025090909090911334"
"consumer-controlplane",1785355311,"0.00256363636363659"
"consumer-controlplane",1785355316,"0.0025090909090911334"
"consumer-controlplane",1785355321,"0.002545454545454685"
"consumer-controlplane",1785355326,"0.002527272727272909"
"consumer-controlplane",1785355331,"0.0024727272727273234"
"consumer-controlplane",1785355336,"0.0024545454545455473"
"consumer-controlplane",1785355341,"0.0025454545454545556"
"consumer-controlplane",1785355346,"0.0027999999999999336"
"consumer-controlplane",1785355351,"0.002636363636363564"
"consumer-controlplane",1785355356,"0.002781818181818158"
"consumer-controlplane",1785355361,"0.0027090909090907965"
"consumer-controlplane",1785355366,"0.0028181818181817093"
"consumer-controlplane",1785355371,"0.0028363636363634855"
"consumer-controlplane",1785355376,"0.0027272727272725722"
"consumer-controlplane",1785355381,"0.0027818181818180287"
"consumer-controlplane",1785355386,"0.0026909090909090203"
"consumer-controlplane",1785355391,"0.0028181818181817093"
"consumer-controlplane",1785355396,"0.0027454545454546064"
"consumer-controlplane",1785355401,"0.0027454545454546064"
"consumer-controlplane",1785355406,"0.0027272727272728307"
"consumer-controlplane",1785355411,"0.0027090909090909253"
"consumer-controlplane",1785355416,"0.0027272727272728307"
"consumer-controlplane",1785355421,"0.002672727272727374"
"consumer-controlplane",1785355426,"0.002654545454545598"
"consumer-controlplane",1785355431,"0.0026363636363638224"
"consumer-controlplane",1785355436,"0.002654545454545598"
"consumer-controlplane",1785355441,"0.0026909090909091496"
"consumer-controlplane",1785355446,"0.0026909090909091496"
"consumer-controlplane",1785355451,"0.002745454545454477"
"consumer-controlplane",1785355456,"0.002654545454545469"
"consumer-controlplane",1785355461,"0.002654545454545469"
"consumer-controlplane",1785355466,"0.0026181818181819174"
"consumer-controlplane",1785355471,"0.002800000000000063"
"consumer-controlplane",1785355476,"0.0027454545454546064"
"consumer-controlplane",1785355481,"0.0027272727272727015"
"consumer-controlplane",1785355486,"0.002890909090909071"
"consumer-controlplane",1785355491,"0.002654545454545469"
"consumer-controlplane",1785355496,"0.0027090909090909253"
"consumer-controlplane",1785355501,"0.002618181818181788"
"consumer-controlplane",1785355506,"0.0025636363636363313"
"consumer-controlplane",1785355511,"0.002436363636363513"
"consumer-controlplane",1785355516,"0.002618181818181659"
"consumer-controlplane",1785355521,"0.002636363636363564"
"consumer-controlplane",1785355526,"0.0023999999999999616"
"consumer-controlplane",1785355531,"0.0025636363636363313"
"consumer-controlplane",1785355536,"0.0025636363636364606"
"consumer-controlplane",1785355541,"0.002400000000000091"
"consumer-controlplane",1785355546,"0.002618181818181788"
"consumer-controlplane",1785355551,"0.002490909090909099"
"consumer-controlplane",1785355556,"0.0026000000000001413"
"consumer-controlplane",1785355561,"0.0027272727272729595"
"consumer-controlplane",1785355566,"0.0028000000000003213"
"consumer-controlplane",1785355571,"0.0027454545454548645"
"consumer-controlplane",1785355576,"0.0027636363636366406"
"consumer-controlplane",1785355581,"0.002872727272727554"
"consumer-controlplane",1785355586,"0.0027272727272729595"
"consumer-controlplane",1785355591,"0.002690909090909279"
"consumer-controlplane",1785355596,"0.0028727272727274247"
"consumer-controlplane",1785355601,"0.0028909090909093296"
"consumer-controlplane",1785355606,"0.002945454545454786"
"consumer-controlplane",1785355611,"0.0028545454545456485"
"consumer-controlplane",1785355616,"0.0027636363636365114"
"consumer-controlplane",1785355621,"0.0026909090909091496"
"consumer-controlplane",1785355626,"0.0026909090909091496"
"consumer-controlplane",1785355631,"0.002654545454545469"
"consumer-controlplane",1785355636,"0.002618181818181788"
"consumer-controlplane",1785355641,"0.0026000000000000125"
"consumer-controlplane",1785355646,"0.002618181818181788"
"consumer-controlplane",1785355651,"0.00252727272727278"
"consumer-controlplane",1785355656,"0.0025636363636364606"
"consumer-controlplane",1785355661,"0.0025636363636364606"
"consumer-controlplane",1785355666,"0.0026000000000001413"
"consumer-controlplane",1785355671,"0.002654545454545598"
"consumer-controlplane",1785355676,"0.002672727272727503"
"consumer-controlplane",1785355681,"0.0027454545454548645"
"consumer-controlplane",1785355686,"0.0025818181818184948"
"consumer-controlplane",1785355691,"0.0026727272727276323"
"consumer-controlplane",1785355696,"0.00276363636363677"
"consumer-controlplane",1785355701,"0.00276363636363677"
"consumer-controlplane",1785355706,"0.0026727272727276323"
"consumer-controlplane",1785355711,"0.002563636363636719"
"consumer-controlplane",1785355716,"0.0026727272727276323"
"consumer-controlplane",1785355721,"0.0026181818181820467"
"consumer-controlplane",1785355726,"0.0027090909090910545"
"consumer-controlplane",1785355731,"0.0028363636363637435"
"consumer-controlplane",1785355736,"0.0026000000000000125"
"consumer-controlplane",1785355741,"0.0027454545454546064"
"consumer-controlplane",1785355746,"0.0027090909090909253"
"consumer-controlplane",1785355751,"0.0025818181818181075"
"consumer-controlplane",1785355756,"0.0026000000000000125"
"consumer-controlplane",1785355761,"0.002800000000000063"
"consumer-controlplane",1785355766,"0.0027454545454546064"
"consumer-controlplane",1785355771,"0.002636363636363693"
"consumer-controlplane",1785355776,"0.0027272727272728307"
"consumer-controlplane",1785355781,"0.0026363636363638224"
"consumer-controlplane",1785355786,"0.002545454545454685"
"consumer-controlplane",1785355791,"0.002800000000000192"
"consumer-controlplane",1785355796,"0.0028727272727274247"
"consumer-controlplane",1785355801,"0.0027272727272728307"
"consumer-controlplane",1785355806,"0.002945454545454657"
"consumer-controlplane",1785355811,"0.0030000000000001137"
"consumer-controlplane",1785355816,"0.0030363636363637944"
"consumer-controlplane",1785355821,"0.0031636363636364834"
"consumer-controlplane",1785355826,"0.0031636363636364834"
"consumer-controlplane",1785355831,"0.0031636363636364834"
"consumer-controlplane",1785355836,"0.0030181818181818894"
"consumer-controlplane",1785355841,"0.00321818181818194"
"consumer-controlplane",1785355846,"0.0030363636363637944"
"consumer-controlplane",1785355851,"0.00305454545454557"
"consumer-controlplane",1785355856,"0.0032727272727273967"
"consumer-controlplane",1785355861,"0.003090909090909251"
"consumer-controlplane",1785355866,"0.0030000000000001137"
"consumer-controlplane",1785355871,"0.0029636363636364326"
"consumer-controlplane",1785355876,"0.0030181818181818894"
"consumer-controlplane",1785355881,"0.003036363636363665"
"consumer-controlplane",1785355886,"0.003054545454545441"
"consumer-controlplane",1785355891,"0.00321818181818194"
"consumer-controlplane",1785355896,"0.0032545454545454917"
"consumer-controlplane",1785355901,"0.0032545454545454917"
"consumer-controlplane",1785355906,"0.003200000000000035"
"consumer-controlplane",1785355911,"0.003036363636363665"
"consumer-controlplane",1785355916,"0.003163636363636354"
"consumer-controlplane",1785355921,"0.0032545454545453625"
"consumer-controlplane",1785355926,"0.003199999999999777"
"consumer-controlplane",1785355931,"0.002999999999999726"
"consumer-controlplane",1785355936,"0.0031272727272725442"
"consumer-controlplane",1785355941,"0.003163636363636225"
"consumer-controlplane",1785355946,"0.0031272727272725442"
"consumer-controlplane",1785355951,"0.002999999999999855"
"consumer-controlplane",1785355956,"0.0029636363636361745"
"consumer-controlplane",1785355961,"0.0029636363636361745"
"consumer-controlplane",1785355966,"0.0030727272727270874"
"consumer-controlplane",1785355971,"0.0030909090909088635"
"consumer-controlplane",1785355976,"0.002999999999999855"
"consumer-controlplane",1785355981,"0.0028363636363636143"
"consumer-controlplane",1785355986,"0.0030181818181818894"
"consumer-controlplane",1785355991,"0.0031272727272728027"
"consumer-controlplane",1785355996,"0.003109090909091027"
"consumer-controlplane",1785356001,"0.0031454545454545784"
"consumer-controlplane",1785356006,"0.0030000000000001137"
"consumer-controlplane",1785356011,"0.0031272727272728027"
"consumer-controlplane",1785356016,"0.003181818181818259"
"consumer-controlplane",1785356021,"0.00305454545454557"
"consumer-controlplane",1785356026,"0.0030181818181820187"
"consumer-controlplane",1785356031,"0.0030363636363639236"
"consumer-controlplane",1785356036,"0.0032000000000002933"
"consumer-controlplane",1785356041,"0.0030545454545456993"
"consumer-controlplane",1785356046,"0.002836363636363873"
"consumer-controlplane",1785356051,"0.002800000000000192"
"consumer-controlplane",1785356056,"0.0027272727272729595"
"consumer-controlplane",1785356061,"0.002945454545454657"
"consumer-controlplane",1785356066,"0.0029818181818183375"
"consumer-controlplane",1785356071,"0.0029090909090911054"
"consumer-controlplane",1785356076,"0.0031090909090911558"
"consumer-controlplane",1785356081,"0.002945454545454786"
"consumer-controlplane",1785356086,"0.002963636363636562"
"consumer-controlplane",1785356091,"0.0030363636363637944"
"consumer-controlplane",1785356096,"0.0031454545454547077"
"consumer-controlplane",1785356101,"0.0032545454545454917"
"consumer-controlplane",1785356106,"0.003236363636363716"
"consumer-controlplane",1785356111,"0.00321818181818194"
"consumer-controlplane",1785356116,"0.003072727272727475"
"consumer-controlplane",1785356121,"0.0028545454545456485"
"consumer-controlplane",1785356126,"0.002927272727272881"
"consumer-controlplane",1785356131,"0.0028545454545455197"
"consumer-controlplane",1785356136,"0.0029636363636364326"
"consumer-controlplane",1785356141,"0.0030181818181818894"
"consumer-controlplane",1785356146,"0.0030000000000001137"
"consumer-controlplane",1785356151,"0.0029636363636364326"
"consumer-controlplane",1785356156,"0.0030000000000001137"
"consumer-controlplane",1785356161,"0.0031454545454545784"
"consumer-controlplane",1785356166,"0.0031272727272726735"
"consumer-controlplane",1785356171,"0.0032363636363635867"
"consumer-controlplane",1785356176,"0.003436363636363637"
"consumer-controlplane",1785356181,"0.0033818181818181807"
"consumer-controlplane",1785356186,"0.003454545454545413"
"consumer-controlplane",1785356191,"0.0033818181818181807"
"consumer-controlplane",1785356196,"0.0033272727272725946"
"consumer-controlplane",1785356201,"0.0033272727272725946"
"consumer-controlplane",1785356206,"0.0033999999999999564"
"consumer-controlplane",1785356211,"0.003309090909090948"
"consumer-controlplane",1785356216,"0.003181818181818259"
"consumer-controlplane",1785356221,"0.0032909090909091724"
"consumer-controlplane",1785356226,"0.003309090909090948"
"consumer-controlplane",1785356231,"0.0033454545454545"
"consumer-controlplane",1785356236,"0.003290909090909043"
"consumer-controlplane",1785356241,"0.003200000000000035"
"consumer-controlplane",1785356246,"0.0033636363636362757"
"consumer-controlplane",1785356251,"0.0033454545454545"
"consumer-controlplane",1785356256,"0.0033818181818180515"
"consumer-controlplane",1785356261,"0.003199999999999777"
"consumer-controlplane",1785356266,"0.003290909090908914"
"consumer-controlplane",1785356271,"0.0033090909090906897"
"consumer-controlplane",1785356276,"0.003290909090908914"
"consumer-controlplane",1785356281,"0.003163636363636225"
"consumer-controlplane",1785356286,"0.0031272727272726735"
"consumer-controlplane",1785356291,"0.003145454545454449"
"consumer-controlplane",1785356296,"0.0032363636363634575"
"consumer-controlplane",1785356301,"0.0031999999999999056"
"consumer-controlplane",1785356306,"0.0032545454545453625"
"consumer-controlplane",1785356311,"0.0032181818181816818"
"consumer-controlplane",1785356316,"0.0033272727272725946"
"consumer-controlplane",1785356321,"0.0032909090909087847"
"consumer-controlplane",1785356326,"0.003399999999999698"
"consumer-controlplane",1785356331,"0.003327272727272466"
"consumer-controlplane",1785356336,"0.0032909090909087847"
"consumer-controlplane",1785356341,"0.0031999999999996476"
"consumer-controlplane",1785356346,"0.003309090909090561"
"consumer-controlplane",1785356351,"0.0032909090909087847"
"consumer-controlplane",1785356356,"0.003309090909090561"
"consumer-controlplane",1785356361,"0.0032545454545452332"
"consumer-controlplane",1785356366,"0.0032363636363634575"
"consumer-controlplane",1785356371,"0.0032181818181816818"
"consumer-controlplane",1785356376,"0.0032363636363635867"
"consumer-controlplane",1785356381,"0.0029999999999999844"
"consumer-controlplane",1785356386,"0.003054545454545441"
"consumer-controlplane",1785356391,"0.003236363636363716"
"consumer-controlplane",1785356396,"0.003345454545454629"
"consumer-controlplane",1785356401,"0.003345454545454629"
"consumer-controlplane",1785356406,"0.0032909090909091724"
"consumer-controlplane",1785356411,"0.0033090909090910774"
"consumer-controlplane",1785356416,"0.003363636363636405"
"consumer-controlplane",1785356421,"0.003472727272727318"
"consumer-controlplane",1785356426,"0.003327272727272724"
"consumer-controlplane",1785356431,"0.003363636363636405"
"consumer-controlplane",1785356436,"0.0035454545454545504"
"consumer-controlplane",1785356441,"0.003599999999999878"
"consumer-controlplane",1785356446,"0.003545454545454421"
"consumer-controlplane",1785356451,"0.003399999999999827"
"consumer-controlplane",1785356456,"0.0033818181818180515"
"consumer-controlplane",1785356461,"0.003418181818181732"
"consumer-controlplane",1785356466,"0.0034909090909089648"
"consumer-controlplane",1785356471,"0.003309090909090819"
"consumer-controlplane",1785356476,"0.0031272727272726735"
"consumer-controlplane",1785356481,"0.0031454545454545784"
"consumer-controlplane",1785356486,"0.002781818181818158"
"consumer-controlplane",1785356491,"0.0025818181818182363"
"consumer-controlplane",1785356496,"0.002218181818181945"
"consumer-controlplane",1785356501,"0.002072727272727351"
"consumer-dataplane",1785352856,"0"
"consumer-dataplane",1785352861,"0"
"consumer-dataplane",1785352866,"0"
"consumer-dataplane",1785352871,"0"
"consumer-dataplane",1785352876,"0"
"consumer-dataplane",1785352881,"0"
"consumer-dataplane",1785352886,"0"
"consumer-dataplane",1785352891,"0"
"consumer-dataplane",1785352896,"0"
"consumer-dataplane",1785352901,"0"
"consumer-dataplane",1785352906,"0"
"consumer-dataplane",1785352911,"0"
"consumer-dataplane",1785352916,"0"
"consumer-dataplane",1785352921,"0"
"consumer-dataplane",1785352926,"0"
"consumer-dataplane",1785352931,"0"
"consumer-dataplane",1785352936,"0"
"consumer-dataplane",1785352941,"0"
"consumer-dataplane",1785352946,"0"
"consumer-dataplane",1785352951,"0"
"consumer-dataplane",1785352956,"0"
"consumer-dataplane",1785352961,"0"
"consumer-dataplane",1785352966,"0"
"consumer-dataplane",1785352971,"0"
"consumer-dataplane",1785352976,"0"
"consumer-dataplane",1785352981,"0"
"consumer-dataplane",1785352986,"0"
"consumer-dataplane",1785352991,"0"
"consumer-dataplane",1785352996,"0"
"consumer-dataplane",1785353001,"0"
"consumer-dataplane",1785353006,"0"
"consumer-dataplane",1785353011,"0"
"consumer-dataplane",1785353016,"0"
"consumer-dataplane",1785353021,"0"
"consumer-dataplane",1785353026,"0"
"consumer-dataplane",1785353031,"0"
"consumer-dataplane",1785353036,"0"
"consumer-dataplane",1785353041,"0"
"consumer-dataplane",1785353046,"0"
"consumer-dataplane",1785353051,"0"
"consumer-dataplane",1785353056,"0"
"consumer-dataplane",1785353061,"0"
"consumer-dataplane",1785353066,"0"
"consumer-dataplane",1785353071,"0"
"consumer-dataplane",1785353076,"0"
"consumer-dataplane",1785353081,"0"
"consumer-dataplane",1785353086,"0"
"consumer-dataplane",1785353091,"0"
"consumer-dataplane",1785353096,"0"
"consumer-dataplane",1785353101,"0"
"consumer-dataplane",1785353106,"0"
"consumer-dataplane",1785353111,"0"
"consumer-dataplane",1785353116,"0"
"consumer-dataplane",1785353121,"0"
"consumer-dataplane",1785353126,"0"
"consumer-dataplane",1785353131,"0"
"consumer-dataplane",1785353136,"0"
"consumer-dataplane",1785353141,"0"
"consumer-dataplane",1785353146,"0"
"consumer-dataplane",1785353151,"0"
"consumer-dataplane",1785353156,"0"
"consumer-dataplane",1785353161,"0"
"consumer-dataplane",1785353166,"0"
"consumer-dataplane",1785353171,"0"
"consumer-dataplane",1785353176,"0"
"consumer-dataplane",1785353181,"0"
"consumer-dataplane",1785353186,"0"
"consumer-dataplane",1785353191,"0"
"consumer-dataplane",1785353196,"0"
"consumer-dataplane",1785353201,"0"
"consumer-dataplane",1785353206,"0"
"consumer-dataplane",1785353211,"0"
"consumer-dataplane",1785353216,"0"
"consumer-dataplane",1785353221,"0"
"consumer-dataplane",1785353226,"0"
"consumer-dataplane",1785353231,"0"
"consumer-dataplane",1785353236,"0"
"consumer-dataplane",1785353241,"0"
"consumer-dataplane",1785353246,"0"
"consumer-dataplane",1785353251,"0"
"consumer-dataplane",1785353256,"0"
"consumer-dataplane",1785353261,"0"
"consumer-dataplane",1785353266,"0"
"consumer-dataplane",1785353271,"0"
"consumer-dataplane",1785353276,"0"
"consumer-dataplane",1785353281,"0"
"consumer-dataplane",1785353286,"0"
"consumer-dataplane",1785353291,"0"
"consumer-dataplane",1785353296,"0"
"consumer-dataplane",1785353301,"0"
"consumer-dataplane",1785353306,"0"
"consumer-dataplane",1785353311,"0"
"consumer-dataplane",1785353316,"0"
"consumer-dataplane",1785353321,"0"
"consumer-dataplane",1785353326,"0"
"consumer-dataplane",1785353331,"0"
"consumer-dataplane",1785353336,"0"
"consumer-dataplane",1785353341,"0"
"consumer-dataplane",1785353346,"0"
"consumer-dataplane",1785353351,"0"
"consumer-dataplane",1785353356,"0"
"consumer-dataplane",1785353361,"0"
"consumer-dataplane",1785353366,"0"
"consumer-dataplane",1785353371,"0"
"consumer-dataplane",1785353376,"0"
"consumer-dataplane",1785353381,"0"
"consumer-dataplane",1785353386,"0"
"consumer-dataplane",1785353391,"0"
"consumer-dataplane",1785353396,"0"
"consumer-dataplane",1785353401,"0"
"consumer-dataplane",1785353406,"0"
"consumer-dataplane",1785353411,"0"
"consumer-dataplane",1785353416,"0"
"consumer-dataplane",1785353421,"0"
"consumer-dataplane",1785353426,"0"
"consumer-dataplane",1785353431,"0"
"consumer-dataplane",1785353436,"0"
"consumer-dataplane",1785353441,"0"
"consumer-dataplane",1785353446,"0"
"consumer-dataplane",1785353451,"0"
"consumer-dataplane",1785353456,"0"
"consumer-dataplane",1785353461,"0"
"consumer-dataplane",1785353466,"0"
"consumer-dataplane",1785353471,"0"
"consumer-dataplane",1785353476,"0"
"consumer-dataplane",1785353481,"0"
"consumer-dataplane",1785353486,"0"
"consumer-dataplane",1785353491,"0"
"consumer-dataplane",1785353496,"0"
"consumer-dataplane",1785353501,"0"
"consumer-dataplane",1785353506,"0"
"consumer-dataplane",1785353511,"0.00009090909090909098"
"consumer-dataplane",1785353516,"0.00009090909090909098"
"consumer-dataplane",1785353521,"0.00009090909090909098"
"consumer-dataplane",1785353526,"0.00009090909090909098"
"consumer-dataplane",1785353531,"0.00009090909090909098"
"consumer-dataplane",1785353536,"0.00009090909090909098"
"consumer-dataplane",1785353541,"0.00009090909090909098"
"consumer-dataplane",1785353546,"0.00009090909090909098"
"consumer-dataplane",1785353551,"0.00009090909090909098"
"consumer-dataplane",1785353556,"0.00009090909090909098"
"consumer-dataplane",1785353561,"0.00009090909090909098"
"consumer-dataplane",1785353566,"0"
"consumer-dataplane",1785353571,"0"
"consumer-dataplane",1785353576,"0"
"consumer-dataplane",1785353581,"0"
"consumer-dataplane",1785353586,"0"
"consumer-dataplane",1785353591,"0"
"consumer-dataplane",1785353596,"0"
"consumer-dataplane",1785353601,"0"
"consumer-dataplane",1785353606,"0"
"consumer-dataplane",1785353611,"0"
"consumer-dataplane",1785353616,"0"
"consumer-dataplane",1785353621,"0"
"consumer-dataplane",1785353626,"0"
"consumer-dataplane",1785353631,"0"
"consumer-dataplane",1785353636,"0"
"consumer-dataplane",1785353641,"0"
"consumer-dataplane",1785353646,"0"
"consumer-dataplane",1785353651,"0"
"consumer-dataplane",1785353656,"0"
"consumer-dataplane",1785353661,"0"
"consumer-dataplane",1785353666,"0"
"consumer-dataplane",1785353671,"0"
"consumer-dataplane",1785353676,"0"
"consumer-dataplane",1785353681,"0"
"consumer-dataplane",1785353686,"0"
"consumer-dataplane",1785353691,"0"
"consumer-dataplane",1785353696,"0"
"consumer-dataplane",1785353701,"0"
"consumer-dataplane",1785353706,"0"
"consumer-dataplane",1785353711,"0"
"consumer-dataplane",1785353716,"0"
"consumer-dataplane",1785353721,"0"
"consumer-dataplane",1785353726,"0"
"consumer-dataplane",1785353731,"0"
"consumer-dataplane",1785353736,"0"
"consumer-dataplane",1785353741,"0"
"consumer-dataplane",1785353746,"0"
"consumer-dataplane",1785353751,"0"
"consumer-dataplane",1785353756,"0"
"consumer-dataplane",1785353761,"0"
"consumer-dataplane",1785353766,"0"
"consumer-dataplane",1785353771,"0"
"consumer-dataplane",1785353776,"0"
"consumer-dataplane",1785353781,"0"
"consumer-dataplane",1785353786,"0"
"consumer-dataplane",1785353791,"0"
"consumer-dataplane",1785353796,"0"
"consumer-dataplane",1785353801,"0"
"consumer-dataplane",1785353806,"0"
"consumer-dataplane",1785353811,"0"
"consumer-dataplane",1785353816,"0"
"consumer-dataplane",1785353821,"0"
"consumer-dataplane",1785353826,"0"
"consumer-dataplane",1785353831,"0"
"consumer-dataplane",1785353836,"0"
"consumer-dataplane",1785353841,"0"
"consumer-dataplane",1785353846,"0"
"consumer-dataplane",1785353851,"0"
"consumer-dataplane",1785353856,"0"
"consumer-dataplane",1785353861,"0"
"consumer-dataplane",1785353866,"0"
"consumer-dataplane",1785353871,"0"
"consumer-dataplane",1785353876,"0"
"consumer-dataplane",1785353881,"0"
"consumer-dataplane",1785353886,"0"
"consumer-dataplane",1785353891,"0"
"consumer-dataplane",1785353896,"0"
"consumer-dataplane",1785353901,"0"
"consumer-dataplane",1785353906,"0"
"consumer-dataplane",1785353911,"0"
"consumer-dataplane",1785353916,"0"
"consumer-dataplane",1785353921,"0"
"consumer-dataplane",1785353926,"0"
"consumer-dataplane",1785353931,"0"
"consumer-dataplane",1785353936,"0"
"consumer-dataplane",1785353941,"0"
"consumer-dataplane",1785353946,"0"
"consumer-dataplane",1785353951,"0"
"consumer-dataplane",1785353956,"0"
"consumer-dataplane",1785353961,"0"
"consumer-dataplane",1785353966,"0"
"consumer-dataplane",1785353971,"0"
"consumer-dataplane",1785353976,"0"
"consumer-dataplane",1785353981,"0"
"consumer-dataplane",1785353986,"0"
"consumer-dataplane",1785353991,"0"
"consumer-dataplane",1785353996,"0"
"consumer-dataplane",1785354001,"0"
"consumer-dataplane",1785354006,"0"
"consumer-dataplane",1785354011,"0"
"consumer-dataplane",1785354016,"0"
"consumer-dataplane",1785354021,"0"
"consumer-dataplane",1785354026,"0"
"consumer-dataplane",1785354031,"0"
"consumer-dataplane",1785354036,"0"
"consumer-dataplane",1785354041,"0"
"consumer-dataplane",1785354046,"0"
"consumer-dataplane",1785354051,"0"
"consumer-dataplane",1785354056,"0"
"consumer-dataplane",1785354061,"0"
"consumer-dataplane",1785354066,"0"
"consumer-dataplane",1785354071,"0"
"consumer-dataplane",1785354076,"0"
"consumer-dataplane",1785354081,"0"
"consumer-dataplane",1785354086,"0"
"consumer-dataplane",1785354091,"0"
"consumer-dataplane",1785354096,"0"
"consumer-dataplane",1785354101,"0"
"consumer-dataplane",1785354106,"0"
"consumer-dataplane",1785354111,"0"
"consumer-dataplane",1785354116,"0"
"consumer-dataplane",1785354121,"0"
"consumer-dataplane",1785354126,"0"
"consumer-dataplane",1785354131,"0"
"consumer-dataplane",1785354136,"0"
"consumer-dataplane",1785354141,"0"
"consumer-dataplane",1785354146,"0"
"consumer-dataplane",1785354151,"0"
"consumer-dataplane",1785354156,"0"
"consumer-dataplane",1785354161,"0"
"consumer-dataplane",1785354166,"0"
"consumer-dataplane",1785354171,"0"
"consumer-dataplane",1785354176,"0"
"consumer-dataplane",1785354181,"0"
"consumer-dataplane",1785354186,"0"
"consumer-dataplane",1785354191,"0"
"consumer-dataplane",1785354196,"0"
"consumer-dataplane",1785354201,"0"
"consumer-dataplane",1785354206,"0"
"consumer-dataplane",1785354211,"0"
"consumer-dataplane",1785354216,"0"
"consumer-dataplane",1785354221,"0"
"consumer-dataplane",1785354226,"0"
"consumer-dataplane",1785354231,"0"
"consumer-dataplane",1785354236,"0"
"consumer-dataplane",1785354241,"0"
"consumer-dataplane",1785354246,"0"
"consumer-dataplane",1785354251,"0"
"consumer-dataplane",1785354256,"0"
"consumer-dataplane",1785354261,"0"
"consumer-dataplane",1785354266,"0"
"consumer-dataplane",1785354271,"0"
"consumer-dataplane",1785354276,"0"
"consumer-dataplane",1785354281,"0"
"consumer-dataplane",1785354286,"0"
"consumer-dataplane",1785354291,"0"
"consumer-dataplane",1785354296,"0"
"consumer-dataplane",1785354301,"0"
"consumer-dataplane",1785354306,"0"
"consumer-dataplane",1785354311,"0"
"consumer-dataplane",1785354316,"0"
"consumer-dataplane",1785354321,"0"
"consumer-dataplane",1785354326,"0"
"consumer-dataplane",1785354331,"0"
"consumer-dataplane",1785354336,"0"
"consumer-dataplane",1785354341,"0.00003636363636363639"
"consumer-dataplane",1785354346,"0.00003636363636363639"
"consumer-dataplane",1785354351,"0.00003636363636363639"
"consumer-dataplane",1785354356,"0.00003636363636363639"
"consumer-dataplane",1785354361,"0.00003636363636363639"
"consumer-dataplane",1785354366,"0.00003636363636363639"
"consumer-dataplane",1785354371,"0.00003636363636363639"
"consumer-dataplane",1785354376,"0.00003636363636363639"
"consumer-dataplane",1785354381,"0.00003636363636363639"
"consumer-dataplane",1785354386,"0.00003636363636363639"
"consumer-dataplane",1785354391,"0.00003636363636363639"
"consumer-dataplane",1785354396,"0"
"consumer-dataplane",1785354401,"0"
"consumer-dataplane",1785354406,"0"
"consumer-dataplane",1785354411,"0"
"consumer-dataplane",1785354416,"0"
"consumer-dataplane",1785354421,"0"
"consumer-dataplane",1785354426,"0"
"consumer-dataplane",1785354431,"0"
"consumer-dataplane",1785354436,"0"
"consumer-dataplane",1785354441,"0"
"consumer-dataplane",1785354446,"0"
"consumer-dataplane",1785354451,"0"
"consumer-dataplane",1785354456,"0"
"consumer-dataplane",1785354461,"0"
"consumer-dataplane",1785354466,"0"
"consumer-dataplane",1785354471,"0"
"consumer-dataplane",1785354476,"0"
"consumer-dataplane",1785354481,"0"
"consumer-dataplane",1785354486,"0"
"consumer-dataplane",1785354491,"0"
"consumer-dataplane",1785354496,"0"
"consumer-dataplane",1785354501,"0"
"consumer-dataplane",1785354506,"0"
"consumer-dataplane",1785354511,"0"
"consumer-dataplane",1785354516,"0"
"consumer-dataplane",1785354521,"0"
"consumer-dataplane",1785354526,"0"
"consumer-dataplane",1785354531,"0"
"consumer-dataplane",1785354536,"0"
"consumer-dataplane",1785354541,"0"
"consumer-dataplane",1785354546,"0"
"consumer-dataplane",1785354551,"0"
"consumer-dataplane",1785354556,"0"
"consumer-dataplane",1785354561,"0"
"consumer-dataplane",1785354566,"0"
"consumer-dataplane",1785354571,"0"
"consumer-dataplane",1785354576,"0"
"consumer-dataplane",1785354581,"0"
"consumer-dataplane",1785354586,"0"
"consumer-dataplane",1785354591,"0"
"consumer-dataplane",1785354596,"0"
"consumer-dataplane",1785354601,"0"
"consumer-dataplane",1785354606,"0"
"consumer-dataplane",1785354611,"0"
"consumer-dataplane",1785354616,"0"
"consumer-dataplane",1785354621,"0"
"consumer-dataplane",1785354626,"0"
"consumer-dataplane",1785354631,"0"
"consumer-dataplane",1785354636,"0"
"consumer-dataplane",1785354641,"0"
"consumer-dataplane",1785354646,"0"
"consumer-dataplane",1785354651,"0"
"consumer-dataplane",1785354656,"0"
"consumer-dataplane",1785354661,"0"
"consumer-dataplane",1785354666,"0"
"consumer-dataplane",1785354671,"0"
"consumer-dataplane",1785354676,"0"
"consumer-dataplane",1785354681,"0"
"consumer-dataplane",1785354686,"0"
"consumer-dataplane",1785354691,"0"
"consumer-dataplane",1785354696,"0"
"consumer-dataplane",1785354701,"0"
"consumer-dataplane",1785354706,"0"
"consumer-dataplane",1785354711,"0"
"consumer-dataplane",1785354716,"0"
"consumer-dataplane",1785354721,"0"
"consumer-dataplane",1785354726,"0"
"consumer-dataplane",1785354731,"0"
"consumer-dataplane",1785354736,"0"
"consumer-dataplane",1785354741,"0"
"consumer-dataplane",1785354746,"0"
"consumer-dataplane",1785354751,"0"
"consumer-dataplane",1785354756,"0"
"consumer-dataplane",1785354761,"0"
"consumer-dataplane",1785354766,"0"
"consumer-dataplane",1785354771,"0"
"consumer-dataplane",1785354776,"0"
"consumer-dataplane",1785354781,"0"
"consumer-dataplane",1785354786,"0"
"consumer-dataplane",1785354791,"0"
"consumer-dataplane",1785354796,"0"
"consumer-dataplane",1785354801,"0"
"consumer-dataplane",1785354806,"0"
"consumer-dataplane",1785354811,"0"
"consumer-dataplane",1785354816,"0"
"consumer-dataplane",1785354821,"0"
"consumer-dataplane",1785354826,"0"
"consumer-dataplane",1785354831,"0"
"consumer-dataplane",1785354836,"0"
"consumer-dataplane",1785354841,"0"
"consumer-dataplane",1785354846,"0"
"consumer-dataplane",1785354851,"0"
"consumer-dataplane",1785354856,"0"
"consumer-dataplane",1785354861,"0"
"consumer-dataplane",1785354866,"0"
"consumer-dataplane",1785354871,"0"
"consumer-dataplane",1785354876,"0"
"consumer-dataplane",1785354881,"0"
"consumer-dataplane",1785354886,"0"
"consumer-dataplane",1785354891,"0"
"consumer-dataplane",1785354896,"0"
"consumer-dataplane",1785354901,"0"
"consumer-dataplane",1785354906,"0"
"consumer-dataplane",1785354911,"0"
"consumer-dataplane",1785354916,"0"
"consumer-dataplane",1785354921,"0"
"consumer-dataplane",1785354926,"0"
"consumer-dataplane",1785354931,"0"
"consumer-dataplane",1785354936,"0"
"consumer-dataplane",1785354941,"0"
"consumer-dataplane",1785354946,"0"
"consumer-dataplane",1785354951,"0"
"consumer-dataplane",1785354956,"0"
"consumer-dataplane",1785354961,"0"
"consumer-dataplane",1785354966,"0"
"consumer-dataplane",1785354971,"0"
"consumer-dataplane",1785354976,"0"
"consumer-dataplane",1785354981,"0"
"consumer-dataplane",1785354986,"0"
"consumer-dataplane",1785354991,"0"
"consumer-dataplane",1785354996,"0"
"consumer-dataplane",1785355001,"0"
"consumer-dataplane",1785355006,"0"
"consumer-dataplane",1785355011,"0"
"consumer-dataplane",1785355016,"0"
"consumer-dataplane",1785355021,"0"
"consumer-dataplane",1785355026,"0"
"consumer-dataplane",1785355031,"0"
"consumer-dataplane",1785355036,"0"
"consumer-dataplane",1785355041,"0"
"consumer-dataplane",1785355046,"0"
"consumer-dataplane",1785355051,"0"
"consumer-dataplane",1785355056,"0"
"consumer-dataplane",1785355061,"0"
"consumer-dataplane",1785355066,"0"
"consumer-dataplane",1785355071,"0"
"consumer-dataplane",1785355076,"0"
"consumer-dataplane",1785355081,"0"
"consumer-dataplane",1785355086,"0"
"consumer-dataplane",1785355091,"0"
"consumer-dataplane",1785355096,"0"
"consumer-dataplane",1785355101,"0"
"consumer-dataplane",1785355106,"0"
"consumer-dataplane",1785355111,"0"
"consumer-dataplane",1785355116,"0"
"consumer-dataplane",1785355121,"0"
"consumer-dataplane",1785355126,"0"
"consumer-dataplane",1785355131,"0"
"consumer-dataplane",1785355136,"0"
"consumer-dataplane",1785355141,"0"
"consumer-dataplane",1785355146,"0"
"consumer-dataplane",1785355151,"0"
"consumer-dataplane",1785355156,"0"
"consumer-dataplane",1785355161,"0.00007272727272727278"
"consumer-dataplane",1785355166,"0.00007272727272727278"
"consumer-dataplane",1785355171,"0.00007272727272727278"
"consumer-dataplane",1785355176,"0.00007272727272727278"
"consumer-dataplane",1785355181,"0.00007272727272727278"
"consumer-dataplane",1785355186,"0.00007272727272727278"
"consumer-dataplane",1785355191,"0.00007272727272727278"
"consumer-dataplane",1785355196,"0.00007272727272727278"
"consumer-dataplane",1785355201,"0.00007272727272727278"
"consumer-dataplane",1785355206,"0.00007272727272727278"
"consumer-dataplane",1785355211,"0.00007272727272727278"
"consumer-dataplane",1785355216,"0"
"consumer-dataplane",1785355221,"0"
"consumer-dataplane",1785355226,"0"
"consumer-dataplane",1785355231,"0"
"consumer-dataplane",1785355236,"0"
"consumer-dataplane",1785355241,"0"
"consumer-dataplane",1785355246,"0"
"consumer-dataplane",1785355251,"0"
"consumer-dataplane",1785355256,"0"
"consumer-dataplane",1785355261,"0"
"consumer-dataplane",1785355266,"0"
"consumer-dataplane",1785355271,"0"
"consumer-dataplane",1785355276,"0"
"consumer-dataplane",1785355281,"0"
"consumer-dataplane",1785355286,"0"
"consumer-dataplane",1785355291,"0"
"consumer-dataplane",1785355296,"0"
"consumer-dataplane",1785355301,"0"
"consumer-dataplane",1785355306,"0"
"consumer-dataplane",1785355311,"0"
"consumer-dataplane",1785355316,"0"
"consumer-dataplane",1785355321,"0"
"consumer-dataplane",1785355326,"0"
"consumer-dataplane",1785355331,"0"
"consumer-dataplane",1785355336,"0"
"consumer-dataplane",1785355341,"0"
"consumer-dataplane",1785355346,"0"
"consumer-dataplane",1785355351,"0"
"consumer-dataplane",1785355356,"0"
"consumer-dataplane",1785355361,"0"
"consumer-dataplane",1785355366,"0"
"consumer-dataplane",1785355371,"0"
"consumer-dataplane",1785355376,"0"
"consumer-dataplane",1785355381,"0"
"consumer-dataplane",1785355386,"0"
"consumer-dataplane",1785355391,"0"
"consumer-dataplane",1785355396,"0"
"consumer-dataplane",1785355401,"0"
"consumer-dataplane",1785355406,"0"
"consumer-dataplane",1785355411,"0"
"consumer-dataplane",1785355416,"0"
"consumer-dataplane",1785355421,"0"
"consumer-dataplane",1785355426,"0"
"consumer-dataplane",1785355431,"0"
"consumer-dataplane",1785355436,"0"
"consumer-dataplane",1785355441,"0"
"consumer-dataplane",1785355446,"0"
"consumer-dataplane",1785355451,"0"
"consumer-dataplane",1785355456,"0"
"consumer-dataplane",1785355461,"0"
"consumer-dataplane",1785355466,"0"
"consumer-dataplane",1785355471,"0"
"consumer-dataplane",1785355476,"0"
"consumer-dataplane",1785355481,"0"
"consumer-dataplane",1785355486,"0"
"consumer-dataplane",1785355491,"0"
"consumer-dataplane",1785355496,"0"
"consumer-dataplane",1785355501,"0"
"consumer-dataplane",1785355506,"0"
"consumer-dataplane",1785355511,"0"
"consumer-dataplane",1785355516,"0"
"consumer-dataplane",1785355521,"0"
"consumer-dataplane",1785355526,"0"
"consumer-dataplane",1785355531,"0"
"consumer-dataplane",1785355536,"0"
"consumer-dataplane",1785355541,"0"
"consumer-dataplane",1785355546,"0"
"consumer-dataplane",1785355551,"0"
"consumer-dataplane",1785355556,"0"
"consumer-dataplane",1785355561,"0"
"consumer-dataplane",1785355566,"0"
"consumer-dataplane",1785355571,"0"
"consumer-dataplane",1785355576,"0"
"consumer-dataplane",1785355581,"0"
"consumer-dataplane",1785355586,"0"
"consumer-dataplane",1785355591,"0"
"consumer-dataplane",1785355596,"0"
"consumer-dataplane",1785355601,"0"
"consumer-dataplane",1785355606,"0"
"consumer-dataplane",1785355611,"0"
"consumer-dataplane",1785355616,"0"
"consumer-dataplane",1785355621,"0"
"consumer-dataplane",1785355626,"0"
"consumer-dataplane",1785355631,"0"
"consumer-dataplane",1785355636,"0"
"consumer-dataplane",1785355641,"0"
"consumer-dataplane",1785355646,"0"
"consumer-dataplane",1785355651,"0"
"consumer-dataplane",1785355656,"0"
"consumer-dataplane",1785355661,"0"
"consumer-dataplane",1785355666,"0"
"consumer-dataplane",1785355671,"0"
"consumer-dataplane",1785355676,"0"
"consumer-dataplane",1785355681,"0"
"consumer-dataplane",1785355686,"0"
"consumer-dataplane",1785355691,"0"
"consumer-dataplane",1785355696,"0"
"consumer-dataplane",1785355701,"0"
"consumer-dataplane",1785355706,"0"
"consumer-dataplane",1785355711,"0"
"consumer-dataplane",1785355716,"0"
"consumer-dataplane",1785355721,"0"
"consumer-dataplane",1785355726,"0"
"consumer-dataplane",1785355731,"0"
"consumer-dataplane",1785355736,"0"
"consumer-dataplane",1785355741,"0"
"consumer-dataplane",1785355746,"0"
"consumer-dataplane",1785355751,"0"
"consumer-dataplane",1785355756,"0"
"consumer-dataplane",1785355761,"0"
"consumer-dataplane",1785355766,"0"
"consumer-dataplane",1785355771,"0"
"consumer-dataplane",1785355776,"0"
"consumer-dataplane",1785355781,"0"
"consumer-dataplane",1785355786,"0"
"consumer-dataplane",1785355791,"0"
"consumer-dataplane",1785355796,"0"
"consumer-dataplane",1785355801,"0"
"consumer-dataplane",1785355806,"0"
"consumer-dataplane",1785355811,"0"
"consumer-dataplane",1785355816,"0"
"consumer-dataplane",1785355821,"0"
"consumer-dataplane",1785355826,"0"
"consumer-dataplane",1785355831,"0"
"consumer-dataplane",1785355836,"0"
"consumer-dataplane",1785355841,"0"
"consumer-dataplane",1785355846,"0"
"consumer-dataplane",1785355851,"0"
"consumer-dataplane",1785355856,"0"
"consumer-dataplane",1785355861,"0"
"consumer-dataplane",1785355866,"0"
"consumer-dataplane",1785355871,"0"
"consumer-dataplane",1785355876,"0"
"consumer-dataplane",1785355881,"0"
"consumer-dataplane",1785355886,"0"
"consumer-dataplane",1785355891,"0"
"consumer-dataplane",1785355896,"0"
"consumer-dataplane",1785355901,"0"
"consumer-dataplane",1785355906,"0"
"consumer-dataplane",1785355911,"0"
"consumer-dataplane",1785355916,"0"
"consumer-dataplane",1785355921,"0"
"consumer-dataplane",1785355926,"0"
"consumer-dataplane",1785355931,"0"
"consumer-dataplane",1785355936,"0"
"consumer-dataplane",1785355941,"0"
"consumer-dataplane",1785355946,"0"
"consumer-dataplane",1785355951,"0"
"consumer-dataplane",1785355956,"0"
"consumer-dataplane",1785355961,"0"
"consumer-dataplane",1785355966,"0"
"consumer-dataplane",1785355971,"0"
"consumer-dataplane",1785355976,"0"
"consumer-dataplane",1785355981,"0.00009090909090909098"
"consumer-dataplane",1785355986,"0.00009090909090909098"
"consumer-dataplane",1785355991,"0.00009090909090909098"
"consumer-dataplane",1785355996,"0.00009090909090909098"
"consumer-dataplane",1785356001,"0.00009090909090909098"
"consumer-dataplane",1785356006,"0.00009090909090909098"
"consumer-dataplane",1785356011,"0.00009090909090909098"
"consumer-dataplane",1785356016,"0.00009090909090909098"
"consumer-dataplane",1785356021,"0.00009090909090909098"
"consumer-dataplane",1785356026,"0.00009090909090909098"
"consumer-dataplane",1785356031,"0.00009090909090909098"
"consumer-dataplane",1785356036,"0"
"consumer-dataplane",1785356041,"0"
"consumer-dataplane",1785356046,"0"
"consumer-dataplane",1785356051,"0"
"consumer-dataplane",1785356056,"0"
"consumer-dataplane",1785356061,"0"
"consumer-dataplane",1785356066,"0"
"consumer-dataplane",1785356071,"0"
"consumer-dataplane",1785356076,"0"
"consumer-dataplane",1785356081,"0"
"consumer-dataplane",1785356086,"0"
"consumer-dataplane",1785356091,"0"
"consumer-dataplane",1785356096,"0"
"consumer-dataplane",1785356101,"0"
"consumer-dataplane",1785356106,"0"
"consumer-dataplane",1785356111,"0"
"consumer-dataplane",1785356116,"0"
"consumer-dataplane",1785356121,"0"
"consumer-dataplane",1785356126,"0"
"consumer-dataplane",1785356131,"0"
"consumer-dataplane",1785356136,"0"
"consumer-dataplane",1785356141,"0"
"consumer-dataplane",1785356146,"0"
"consumer-dataplane",1785356151,"0"
"consumer-dataplane",1785356156,"0"
"consumer-dataplane",1785356161,"0"
"consumer-dataplane",1785356166,"0"
"consumer-dataplane",1785356171,"0"
"consumer-dataplane",1785356176,"0"
"consumer-dataplane",1785356181,"0"
"consumer-dataplane",1785356186,"0"
"consumer-dataplane",1785356191,"0"
"consumer-dataplane",1785356196,"0"
"consumer-dataplane",1785356201,"0"
"consumer-dataplane",1785356206,"0"
"consumer-dataplane",1785356211,"0"
"consumer-dataplane",1785356216,"0"
"consumer-dataplane",1785356221,"0"
"consumer-dataplane",1785356226,"0"
"consumer-dataplane",1785356231,"0"
"consumer-dataplane",1785356236,"0"
"consumer-dataplane",1785356241,"0"
"consumer-dataplane",1785356246,"0"
"consumer-dataplane",1785356251,"0"
"consumer-dataplane",1785356256,"0"
"consumer-dataplane",1785356261,"0"
"consumer-dataplane",1785356266,"0"
"consumer-dataplane",1785356271,"0"
"consumer-dataplane",1785356276,"0"
"consumer-dataplane",1785356281,"0"
"consumer-dataplane",1785356286,"0"
"consumer-dataplane",1785356291,"0"
"consumer-dataplane",1785356296,"0"
"consumer-dataplane",1785356301,"0"
"consumer-dataplane",1785356306,"0"
"consumer-dataplane",1785356311,"0"
"consumer-dataplane",1785356316,"0"
"consumer-dataplane",1785356321,"0"
"consumer-dataplane",1785356326,"0"
"consumer-dataplane",1785356331,"0"
"consumer-dataplane",1785356336,"0"
"consumer-dataplane",1785356341,"0"
"consumer-dataplane",1785356346,"0"
"consumer-dataplane",1785356351,"0"
"consumer-dataplane",1785356356,"0"
"consumer-dataplane",1785356361,"0"
"consumer-dataplane",1785356366,"0"
"consumer-dataplane",1785356371,"0"
"consumer-dataplane",1785356376,"0"
"consumer-dataplane",1785356381,"0"
"consumer-dataplane",1785356386,"0"
"consumer-dataplane",1785356391,"0"
"consumer-dataplane",1785356396,"0"
"consumer-dataplane",1785356401,"0"
"consumer-dataplane",1785356406,"0"
"consumer-dataplane",1785356411,"0"
"consumer-dataplane",1785356416,"0"
"consumer-dataplane",1785356421,"0"
"consumer-dataplane",1785356426,"0"
"consumer-dataplane",1785356431,"0"
"consumer-dataplane",1785356436,"0"
"consumer-dataplane",1785356441,"0"
"consumer-dataplane",1785356446,"0"
"consumer-dataplane",1785356451,"0"
"consumer-dataplane",1785356456,"0"
"consumer-dataplane",1785356461,"0"
"consumer-dataplane",1785356466,"0"
"consumer-dataplane",1785356471,"0"
"consumer-dataplane",1785356476,"0"
"consumer-dataplane",1785356481,"0"
"consumer-dataplane",1785356486,"0"
"consumer-dataplane",1785356491,"0"
"consumer-dataplane",1785356496,"0"
"consumer-dataplane",1785356501,"0"
"provider-controlplane",1785352856,"0.0027818181818180287"
"provider-controlplane",1785352861,"0.002636363636363564"
"provider-controlplane",1785352866,"0.002636363636363564"
"provider-controlplane",1785352871,"0.002672727272727374"
"provider-controlplane",1785352876,"0.0027090909090911838"
"provider-controlplane",1785352881,"0.002854545454545907"
"provider-controlplane",1785352886,"0.0028181818181823555"
"provider-controlplane",1785352891,"0.002927272727273269"
"provider-controlplane",1785352896,"0.0030727272727277335"
"provider-controlplane",1785352901,"0.0031818181818189053"
"provider-controlplane",1785352906,"0.0033818181818188265"
"provider-controlplane",1785352911,"0.003545454545454938"
"provider-controlplane",1785352916,"0.0038909090909093245"
"provider-controlplane",1785352921,"0.003981818181818333"
"provider-controlplane",1785352926,"0.004127272727272539"
"provider-controlplane",1785352931,"0.004254545454545099"
"provider-controlplane",1785352936,"0.004254545454545099"
"provider-controlplane",1785352941,"0.004254545454545099"
"provider-controlplane",1785352946,"0.004309090909090555"
"provider-controlplane",1785352951,"0.004272727272727004"
"provider-controlplane",1785352956,"0.004327272727272202"
"provider-controlplane",1785352961,"0.004345454545454107"
"provider-controlplane",1785352966,"0.004345454545454365"
"provider-controlplane",1785352971,"0.00440000000000008"
"provider-controlplane",1785352976,"0.004581818181818355"
"provider-controlplane",1785352981,"0.004381818181818434"
"provider-controlplane",1785352986,"0.004272727272727521"
"provider-controlplane",1785352991,"0.004290909090909426"
"provider-controlplane",1785352996,"0.004327272727272977"
"provider-controlplane",1785353001,"0.004200000000000417"
"provider-controlplane",1785353006,"0.004254545454545874"
"provider-controlplane",1785353011,"0.004272727272727521"
"provider-controlplane",1785353016,"0.0041636363636363485"
"provider-controlplane",1785353021,"0.003981818181818333"
"provider-controlplane",1785353026,"0.003963636363636428"
"provider-controlplane",1785353031,"0.004000000000000238"
"provider-controlplane",1785353036,"0.004036363636364048"
"provider-controlplane",1785353041,"0.003927272727273392"
"provider-controlplane",1785353046,"0.004000000000000755"
"provider-controlplane",1785353051,"0.004072727272728116"
"provider-controlplane",1785353056,"0.00421818181818258"
"provider-controlplane",1785353061,"0.004200000000000934"
"provider-controlplane",1785353066,"0.004218181818183097"
"provider-controlplane",1785353071,"0.004327272727274269"
"provider-controlplane",1785353076,"0.004618181818183199"
"provider-controlplane",1785353081,"0.004563636363637484"
"provider-controlplane",1785353086,"0.004490909090910122"
"provider-controlplane",1785353091,"0.0044000000000008555"
"provider-controlplane",1785353096,"0.004454545454546053"
"provider-controlplane",1785353101,"0.004581818181818355"
"provider-controlplane",1785353106,"0.00443636363636389"
"provider-controlplane",1785353111,"0.004272727272727521"
"provider-controlplane",1785353116,"0.004218181818181806"
"provider-controlplane",1785353121,"0.004181818181817996"
"provider-controlplane",1785353126,"0.004218181818181547"
"provider-controlplane",1785353131,"0.004072727272727082"
"provider-controlplane",1785353136,"0.003945454545454781"
"provider-controlplane",1785353141,"0.003945454545454781"
"provider-controlplane",1785353146,"0.004090909090909504"
"provider-controlplane",1785353151,"0.004090909090909504"
"provider-controlplane",1785353156,"0.003890909090909841"
"provider-controlplane",1785353161,"0.003854545454546031"
"provider-controlplane",1785353166,"0.0041818181818187704"
"provider-controlplane",1785353171,"0.004290909090909684"
"provider-controlplane",1785353176,"0.004272727272727779"
"provider-controlplane",1785353181,"0.0043636363636370456"
"provider-controlplane",1785353186,"0.0044363636363641485"
"provider-controlplane",1785353191,"0.004527272727272899"
"provider-controlplane",1785353196,"0.00436363636363627"
"provider-controlplane",1785353201,"0.00436363636363627"
"provider-controlplane",1785353206,"0.004327272727272719"
"provider-controlplane",1785353211,"0.004309090909090814"
"provider-controlplane",1785353216,"0.00436363636363627"
"provider-controlplane",1785353221,"0.004090909090908987"
"provider-controlplane",1785353226,"0.0041636363636363485"
"provider-controlplane",1785353231,"0.004018181818181884"
"provider-controlplane",1785353236,"0.003709090909090791"
"provider-controlplane",1785353241,"0.0037454545454546012"
"provider-controlplane",1785353246,"0.0036000000000003946"
"provider-controlplane",1785353251,"0.0038181818181824796"
"provider-controlplane",1785353256,"0.0038181818181824796"
"provider-controlplane",1785353261,"0.0038000000000008327"
"provider-controlplane",1785353266,"0.0038000000000008327"
"provider-controlplane",1785353271,"0.0038545454545462895"
"provider-controlplane",1785353276,"0.003872727272727936"
"provider-controlplane",1785353281,"0.0039090909090914875"
"provider-controlplane",1785353286,"0.003963636363636944"
"provider-controlplane",1785353291,"0.004200000000000675"
"provider-controlplane",1785353296,"0.004109090909091409"
"provider-controlplane",1785353301,"0.00443636363636389"
"provider-controlplane",1785353306,"0.004545454545454804"
"provider-controlplane",1785353311,"0.004872727272727543"
"provider-controlplane",1785353316,"0.005072727272727206"
"provider-controlplane",1785353321,"0.005036363636363396"
"provider-controlplane",1785353326,"0.005109090909090499"
"provider-controlplane",1785353331,"0.005036363636363138"
"provider-controlplane",1785353336,"0.004818181818181311"
"provider-controlplane",1785353341,"0.004981818181817681"
"provider-controlplane",1785353346,"0.004799999999999406"
"provider-controlplane",1785353351,"0.0048727272727267686"
"provider-controlplane",1785353356,"0.0046545454545452005"
"provider-controlplane",1785353361,"0.004472727272726925"
"provider-controlplane",1785353366,"0.004181818181817996"
"provider-controlplane",1785353371,"0.004199999999999901"
"provider-controlplane",1785353376,"0.004418181818181985"
"provider-controlplane",1785353381,"0.004290909090909426"
"provider-controlplane",1785353386,"0.004345454545455141"
"provider-controlplane",1785353391,"0.0043818181818189505"
"provider-controlplane",1785353396,"0.004509090909091768"
"provider-controlplane",1785353401,"0.004563636363637226"
"provider-controlplane",1785353406,"0.004600000000000777"
"provider-controlplane",1785353411,"0.004800000000000699"
"provider-controlplane",1785353416,"0.004763636363637147"
"provider-controlplane",1785353421,"0.0047090909090914315"
"provider-controlplane",1785353426,"0.004545454545455321"
"provider-controlplane",1785353431,"0.004563636363636967"
"provider-controlplane",1785353436,"0.004527272727273157"
"provider-controlplane",1785353441,"0.004545454545455062"
"provider-controlplane",1785353446,"0.004527272727273157"
"provider-controlplane",1785353451,"0.004272727272727521"
"provider-controlplane",1785353456,"0.004290909090909426"
"provider-controlplane",1785353461,"0.004272727272727779"
"provider-controlplane",1785353466,"0.004090909090909504"
"provider-controlplane",1785353471,"0.004090909090909246"
"provider-controlplane",1785353476,"0.004181818181818512"
"provider-controlplane",1785353481,"0.004072727272727599"
"provider-controlplane",1785353486,"0.0038545454545457726"
"provider-controlplane",1785353491,"0.003945454545455039"
"provider-controlplane",1785353496,"0.003963636363636686"
"provider-controlplane",1785353501,"0.004018181818182143"
"provider-controlplane",1785353506,"0.0038363636363638676"
"provider-controlplane",1785353511,"0.003963636363636686"
"provider-controlplane",1785353516,"0.0038363636363638676"
"provider-controlplane",1785353521,"0.0039272727272728755"
"provider-controlplane",1785353526,"0.004072727272727599"
"provider-controlplane",1785353531,"0.0038727272727274195"
"provider-controlplane",1785353536,"0.004145454545454444"
"provider-controlplane",1785353541,"0.004236363636363711"
"provider-controlplane",1785353546,"0.004218181818181806"
"provider-controlplane",1785353551,"0.004018181818181884"
"provider-controlplane",1785353556,"0.004072727272727599"
"provider-controlplane",1785353561,"0.004163636363636607"
"provider-controlplane",1785353566,"0.004272727272727521"
"provider-controlplane",1785353571,"0.004327272727272719"
"provider-controlplane",1785353576,"0.004363636363636529"
"provider-controlplane",1785353581,"0.004218181818182064"
"provider-controlplane",1785353586,"0.004527272727273157"
"provider-controlplane",1785353591,"0.004490909090909606"
"provider-controlplane",1785353596,"0.004527272727273157"
"provider-controlplane",1785353601,"0.004527272727273157"
"provider-controlplane",1785353606,"0.0046545454545457166"
"provider-controlplane",1785353611,"0.00456363636363645"
"provider-controlplane",1785353616,"0.00476363636363663"
"provider-controlplane",1785353621,"0.00476363636363663"
"provider-controlplane",1785353626,"0.004745454545454984"
"provider-controlplane",1785353631,"0.004745454545454725"
"provider-controlplane",1785353636,"0.004763636363636372"
"provider-controlplane",1785353641,"0.004799999999999665"
"provider-controlplane",1785353646,"0.0046545454545452005"
"provider-controlplane",1785353651,"0.004727272727272303"
"provider-controlplane",1785353656,"0.0046545454545452005"
"provider-controlplane",1785353661,"0.004745454545454467"
"provider-controlplane",1785353666,"0.004745454545454467"
"provider-controlplane",1785353671,"0.004618181818181907"
"provider-controlplane",1785353676,"0.004436363636363632"
"provider-controlplane",1785353681,"0.004327272727272719"
"provider-controlplane",1785353686,"0.004290909090909167"
"provider-controlplane",1785353691,"0.004363636363636529"
"provider-controlplane",1785353696,"0.004090909090909246"
"provider-controlplane",1785353701,"0.0041636363636363485"
"provider-controlplane",1785353706,"0.004090909090909246"
"provider-controlplane",1785353711,"0.004127272727272797"
"provider-controlplane",1785353716,"0.004072727272727341"
"provider-controlplane",1785353721,"0.004218181818181547"
"provider-controlplane",1785353726,"0.004199999999999642"
"provider-controlplane",1785353731,"0.004509090909090477"
"provider-controlplane",1785353736,"0.004745454545454208"
"provider-controlplane",1785353741,"0.004618181818181648"
"provider-controlplane",1785353746,"0.004763636363636113"
"provider-controlplane",1785353751,"0.00481818181818157"
"provider-controlplane",1785353756,"0.004945454545454647"
"provider-controlplane",1785353761,"0.004854545454545638"
"provider-controlplane",1785353766,"0.00501818181818175"
"provider-controlplane",1785353771,"0.005127272727272404"
"provider-controlplane",1785353776,"0.005145454545454568"
"provider-controlplane",1785353781,"0.005145454545454568"
"provider-controlplane",1785353786,"0.00485454545454538"
"provider-controlplane",1785353791,"0.004781818181818018"
"provider-controlplane",1785353796,"0.004727272727272303"
"provider-controlplane",1785353801,"0.004599999999999743"
"provider-controlplane",1785353806,"0.0046363636363632955"
"provider-controlplane",1785353811,"0.004327272727272202"
"provider-controlplane",1785353816,"0.004381818181817659"
"provider-controlplane",1785353821,"0.004199999999999642"
"provider-controlplane",1785353826,"0.004254545454545357"
"provider-controlplane",1785353831,"0.004072727272727082"
"provider-controlplane",1785353836,"0.004236363636363452"
"provider-controlplane",1785353841,"0.004345454545454624"
"provider-controlplane",1785353846,"0.004381818181818434"
"provider-controlplane",1785353851,"0.00443636363636389"
"provider-controlplane",1785353856,"0.004327272727272977"
"provider-controlplane",1785353861,"0.004200000000000417"
"provider-controlplane",1785353866,"0.004309090909091072"
"provider-controlplane",1785353871,"0.004490909090909089"
"provider-controlplane",1785353876,"0.00452727272727264"
"provider-controlplane",1785353881,"0.004399999999999822"
"provider-controlplane",1785353886,"0.004509090909090994"
"provider-controlplane",1785353891,"0.004381818181818175"
"provider-controlplane",1785353896,"0.004436363636363374"
"provider-controlplane",1785353901,"0.004309090909090555"
"provider-controlplane",1785353906,"0.004290909090908909"
"provider-controlplane",1785353911,"0.004236363636363452"
"provider-controlplane",1785353916,"0.0046545454545452005"
"provider-controlplane",1785353921,"0.004654545454545458"
"provider-controlplane",1785353926,"0.004545454545454545"
"provider-controlplane",1785353931,"0.004581818181818355"
"provider-controlplane",1785353936,"0.004690909090909269"
"provider-controlplane",1785353941,"0.004618181818181648"
"provider-controlplane",1785353946,"0.0049090909090905785"
"provider-controlplane",1785353951,"0.004763636363636113"
"provider-controlplane",1785353956,"0.004999999999999845"
"provider-controlplane",1785353961,"0.004945454545454388"
"provider-controlplane",1785353966,"0.004927272727272225"
"provider-controlplane",1785353971,"0.00461818181818139"
"provider-controlplane",1785353976,"0.004654545454544942"
"provider-controlplane",1785353981,"0.004545454545454287"
"provider-controlplane",1785353986,"0.00449090909090883"
"provider-controlplane",1785353991,"0.004290909090908909"
"provider-controlplane",1785353996,"0.004181818181818254"
"provider-controlplane",1785354001,"0.003800000000000316"
"provider-controlplane",1785354006,"0.003800000000000316"
"provider-controlplane",1785354011,"0.0038363636363638676"
"provider-controlplane",1785354016,"0.003981818181818591"
"provider-controlplane",1785354021,"0.004000000000000755"
"provider-controlplane",1785354026,"0.003890909090909841"
"provider-controlplane",1785354031,"0.0038363636363643846"
"provider-controlplane",1785354036,"0.003909090909091229"
"provider-controlplane",1785354041,"0.0041272727272730556"
"provider-controlplane",1785354046,"0.0041454545454549605"
"provider-controlplane",1785354051,"0.004072727272727599"
"provider-controlplane",1785354056,"0.004200000000000417"
"provider-controlplane",1785354061,"0.004381818181818692"
"provider-controlplane",1785354066,"0.004109090909091409"
"provider-controlplane",1785354071,"0.004018181818182143"
"provider-controlplane",1785354076,"0.004054545454545953"
"provider-controlplane",1785354081,"0.0041454545454549605"
"provider-controlplane",1785354086,"0.004163636363636607"
"provider-controlplane",1785354091,"0.004054545454545694"
"provider-controlplane",1785354096,"0.0038727272727276775"
"provider-controlplane",1785354101,"0.004054545454545694"
"provider-controlplane",1785354106,"0.004327272727272719"
"provider-controlplane",1785354111,"0.004072727272727082"
"provider-controlplane",1785354116,"0.0041636363636363485"
"provider-controlplane",1785354121,"0.004218181818181806"
"provider-controlplane",1785354126,"0.004509090909090994"
"provider-controlplane",1785354131,"0.004509090909090735"
"provider-controlplane",1785354136,"0.004581818181818097"
"provider-controlplane",1785354141,"0.004654545454545458"
"provider-controlplane",1785354146,"0.004836363636363992"
"provider-controlplane",1785354151,"0.004909090909091095"
"provider-controlplane",1785354156,"0.004818181818181828"
"provider-controlplane",1785354161,"0.005000000000000103"
"provider-controlplane",1785354166,"0.005036363636363913"
"provider-controlplane",1785354171,"0.004818181818181828"
"provider-controlplane",1785354176,"0.00489090909090919"
"provider-controlplane",1785354181,"0.004781818181818277"
"provider-controlplane",1785354186,"0.004709090909091174"
"provider-controlplane",1785354191,"0.004745454545454984"
"provider-controlplane",1785354196,"0.004527272727273157"
"provider-controlplane",1785354201,"0.004490909090909347"
"provider-controlplane",1785354206,"0.004472727272727442"
"provider-controlplane",1785354211,"0.004454545454545795"
"provider-controlplane",1785354216,"0.004054545454545953"
"provider-controlplane",1785354221,"0.004254545454545874"
"provider-controlplane",1785354226,"0.004163636363636607"
"provider-controlplane",1785354231,"0.004018181818181884"
"provider-controlplane",1785354236,"0.0037090909090910494"
"provider-controlplane",1785354241,"0.0039090909090909705"
"provider-controlplane",1785354246,"0.0037818181818181527"
"provider-controlplane",1785354251,"0.003981818181818333"
"provider-controlplane",1785354256,"0.0038909090909093245"
"provider-controlplane",1785354261,"0.0038545454545457726"
"provider-controlplane",1785354266,"0.003690909090909403"
"provider-controlplane",1785354271,"0.0038363636363638676"
"provider-controlplane",1785354276,"0.004000000000000238"
"provider-controlplane",1785354281,"0.004272727272727521"
"provider-controlplane",1785354286,"0.004290909090909426"
"provider-controlplane",1785354291,"0.004527272727273157"
"provider-controlplane",1785354296,"0.00460000000000026"
"provider-controlplane",1785354301,"0.0047090909090914315"
"provider-controlplane",1785354306,"0.004618181818182165"
"provider-controlplane",1785354311,"0.0044363636363641485"
"provider-controlplane",1785354316,"0.004054545454545953"
"provider-controlplane",1785354321,"0.004163636363637124"
"provider-controlplane",1785354326,"0.004163636363637124"
"provider-controlplane",1785354331,"0.0038181818181827376"
"provider-controlplane",1785354336,"0.003527272727273808"
"provider-controlplane",1785354341,"0.0034727272727283517"
"provider-controlplane",1785354346,"0.003600000000000653"
"provider-controlplane",1785354351,"0.0033818181818188265"
"provider-controlplane",1785354356,"0.003381818181818568"
"provider-controlplane",1785354361,"0.0034727272727275763"
"provider-controlplane",1785354366,"0.0036909090909091444"
"provider-controlplane",1785354371,"0.003981818181818074"
"provider-controlplane",1785354376,"0.004072727272726824"
"provider-controlplane",1785354381,"0.004254545454545099"
"provider-controlplane",1785354386,"0.004381818181817917"
"provider-controlplane",1785354391,"0.004199999999999642"
"provider-controlplane",1785354396,"0.004345454545454107"
"provider-controlplane",1785354401,"0.004199999999999901"
"provider-controlplane",1785354406,"0.004109090909090892"
"provider-controlplane",1785354411,"0.004145454545454444"
"provider-controlplane",1785354416,"0.004036363636363789"
"provider-controlplane",1785354421,"0.0038727272727276775"
"provider-controlplane",1785354426,"0.004036363636364306"
"provider-controlplane",1785354431,"0.00401818181818266"
"provider-controlplane",1785354436,"0.003945454545455556"
"provider-controlplane",1785354441,"0.0037636363636370227"
"provider-controlplane",1785354446,"0.004072727272728116"
"provider-controlplane",1785354451,"0.004054545454546211"
"provider-controlplane",1785354456,"0.003963636363636944"
"provider-controlplane",1785354461,"0.004145454545455219"
"provider-controlplane",1785354466,"0.0041272727272735725"
"provider-controlplane",1785354471,"0.004127272727273314"
"provider-controlplane",1785354476,"0.0043636363636370456"
"provider-controlplane",1785354481,"0.0041636363636368655"
"provider-controlplane",1785354486,"0.004181818181818512"
"provider-controlplane",1785354491,"0.004018181818181884"
"provider-controlplane",1785354496,"0.004181818181818512"
"provider-controlplane",1785354501,"0.004181818181818512"
"provider-controlplane",1785354506,"0.004254545454545874"
"provider-controlplane",1785354511,"0.004381818181818692"
"provider-controlplane",1785354516,"0.004381818181818692"
"provider-controlplane",1785354521,"0.004327272727273236"
"provider-controlplane",1785354526,"0.004400000000000597"
"provider-controlplane",1785354531,"0.004327272727272977"
"provider-controlplane",1785354536,"0.0044181818181822435"
"provider-controlplane",1785354541,"0.0043636363636370456"
"provider-controlplane",1785354546,"0.0044363636363641485"
"provider-controlplane",1785354551,"0.004618181818182165"
"provider-controlplane",1785354556,"0.004436363636363632"
"provider-controlplane",1785354561,"0.004472727272727442"
"provider-controlplane",1785354566,"0.004527272727272899"
"provider-controlplane",1785354571,"0.00452727272727264"
"provider-controlplane",1785354576,"0.00449090909090883"
"provider-controlplane",1785354581,"0.00452727272727264"
"provider-controlplane",1785354586,"0.004436363636363632"
"provider-controlplane",1785354591,"0.004309090909090814"
"provider-controlplane",1785354596,"0.004290909090908909"
"provider-controlplane",1785354601,"0.00436363636363627"
"provider-controlplane",1785354606,"0.004272727272727262"
"provider-controlplane",1785354611,"0.004454545454545795"
"provider-controlplane",1785354616,"0.004381818181818434"
"provider-controlplane",1785354621,"0.004072727272727341"
"provider-controlplane",1785354626,"0.004090909090909504"
"provider-controlplane",1785354631,"0.004109090909091409"
"provider-controlplane",1785354636,"0.004018181818182401"
"provider-controlplane",1785354641,"0.003981818181818849"
"provider-controlplane",1785354646,"0.003963636363637202"
"provider-controlplane",1785354651,"0.003927272727273651"
"provider-controlplane",1785354656,"0.003854545454546548"
"provider-controlplane",1785354661,"0.003890909090909841"
"provider-controlplane",1785354666,"0.0037454545454553762"
"provider-controlplane",1785354671,"0.003672727272728273"
"provider-controlplane",1785354676,"0.003927272727273651"
"provider-controlplane",1785354681,"0.003909090909091746"
"provider-controlplane",1785354686,"0.004254545454546133"
"provider-controlplane",1785354691,"0.0044363636363641485"
"provider-controlplane",1785354696,"0.004454545454545795"
"provider-controlplane",1785354701,"0.004745454545454725"
"provider-controlplane",1785354706,"0.004781818181818277"
"provider-controlplane",1785354711,"0.004818181818181828"
"provider-controlplane",1785354716,"0.004545454545454804"
"provider-controlplane",1785354721,"0.004581818181818355"
"provider-controlplane",1785354726,"0.004672727272727363"
"provider-controlplane",1785354731,"0.004727272727273079"
"provider-controlplane",1785354736,"0.0046545454545457166"
"provider-controlplane",1785354741,"0.004400000000000597"
"provider-controlplane",1785354746,"0.004163636363637124"
"provider-controlplane",1785354751,"0.0041272727272735725"
"provider-controlplane",1785354756,"0.004000000000000755"
"provider-controlplane",1785354761,"0.004018181818182401"
"provider-controlplane",1785354766,"0.0038909090909095825"
"provider-controlplane",1785354771,"0.0038909090909095825"
"provider-controlplane",1785354776,"0.004218181818182322"
"provider-controlplane",1785354781,"0.004072727272727599"
"provider-controlplane",1785354786,"0.003781818181818411"
"provider-controlplane",1785354791,"0.003981818181818333"
"provider-controlplane",1785354796,"0.003872727272727161"
"provider-controlplane",1785354801,"0.004054545454545177"
"provider-controlplane",1785354806,"0.004272727272727004"
"provider-controlplane",1785354811,"0.004290909090909167"
"provider-controlplane",1785354816,"0.004345454545454624"
"provider-controlplane",1785354821,"0.004381818181818434"
"provider-controlplane",1785354826,"0.004581818181818355"
"provider-controlplane",1785354831,"0.004218181818182064"
"provider-controlplane",1785354836,"0.004254545454545874"
"provider-controlplane",1785354841,"0.004327272727272977"
"provider-controlplane",1785354846,"0.004218181818182064"
"provider-controlplane",1785354851,"0.0044000000000003385"
"provider-controlplane",1785354856,"0.004290909090909426"
"provider-controlplane",1785354861,"0.004145454545454702"
"provider-controlplane",1785354866,"0.004145454545454444"
"provider-controlplane",1785354871,"0.004072727272727341"
"provider-controlplane",1785354876,"0.004090909090908987"
"provider-controlplane",1785354881,"0.003945454545454523"
"provider-controlplane",1785354886,"0.004236363636363452"
"provider-controlplane",1785354891,"0.004218181818181547"
"provider-controlplane",1785354896,"0.004181818181817996"
"provider-controlplane",1785354901,"0.004018181818181884"
"provider-controlplane",1785354906,"0.0038000000000000577"
"provider-controlplane",1785354911,"0.003945454545454781"
"provider-controlplane",1785354916,"0.004054545454545694"
"provider-controlplane",1785354921,"0.003945454545454781"
"provider-controlplane",1785354926,"0.003945454545454781"
"provider-controlplane",1785354931,"0.004109090909091409"
"provider-controlplane",1785354936,"0.004090909090909763"
"provider-controlplane",1785354941,"0.003945454545455039"
"provider-controlplane",1785354946,"0.0039090909090914875"
"provider-controlplane",1785354951,"0.004000000000000755"
"provider-controlplane",1785354956,"0.004054545454546211"
"provider-controlplane",1785354961,"0.004072727272728116"
"provider-controlplane",1785354966,"0.003909090909091746"
"provider-controlplane",1785354971,"0.003945454545455556"
"provider-controlplane",1785354976,"0.004000000000001012"
"provider-controlplane",1785354981,"0.00401818181818266"
"provider-controlplane",1785354986,"0.00369090909090992"
"provider-controlplane",1785354991,"0.0037454545454553762"
"provider-controlplane",1785354996,"0.0037818181818189277"
"provider-controlplane",1785355001,"0.003909090909091746"
"provider-controlplane",1785355006,"0.003872727272727936"
"provider-controlplane",1785355011,"0.003981818181818849"
"provider-controlplane",1785355016,"0.004018181818182401"
"provider-controlplane",1785355021,"0.003963636363636686"
"provider-controlplane",1785355026,"0.003927272727273134"
"provider-controlplane",1785355031,"0.0038545454545457726"
"provider-controlplane",1785355036,"0.0038727272727276775"
"provider-controlplane",1785355041,"0.004018181818181884"
"provider-controlplane",1785355046,"0.004163636363636091"
"provider-controlplane",1785355051,"0.004254545454545616"
"provider-controlplane",1785355056,"0.004163636363636091"
"provider-controlplane",1785355061,"0.004181818181817996"
"provider-controlplane",1785355066,"0.004236363636363194"
"provider-controlplane",1785355071,"0.00429090909090865"
"provider-controlplane",1785355076,"0.004418181818181469"
"provider-controlplane",1785355081,"0.004272727272726745"
"provider-controlplane",1785355086,"0.004381818181817659"
"provider-controlplane",1785355091,"0.004236363636362935"
"provider-controlplane",1785355096,"0.004272727272727004"
"provider-controlplane",1785355101,"0.004472727272727184"
"provider-controlplane",1785355106,"0.004199999999999642"
"provider-controlplane",1785355111,"0.004145454545454444"
"provider-controlplane",1785355116,"0.004145454545454444"
"provider-controlplane",1785355121,"0.004072727272727341"
"provider-controlplane",1785355126,"0.0038363636363638676"
"provider-controlplane",1785355131,"0.003927272727273134"
"provider-controlplane",1785355136,"0.004090909090909504"
"provider-controlplane",1785355141,"0.003927272727273134"
"provider-controlplane",1785355146,"0.004127272727273314"
"provider-controlplane",1785355151,"0.0041272727272730556"
"provider-controlplane",1785355156,"0.0038181818181819626"
"provider-controlplane",1785355161,"0.003963636363636686"
"provider-controlplane",1785355166,"0.004036363636364048"
"provider-controlplane",1785355171,"0.004290909090909426"
"provider-controlplane",1785355176,"0.004290909090909426"
"provider-controlplane",1785355181,"0.004309090909091072"
"provider-controlplane",1785355186,"0.004200000000000159"
"provider-controlplane",1785355191,"0.004109090909091151"
"provider-controlplane",1785355196,"0.004181818181818512"
"provider-controlplane",1785355201,"0.004200000000000159"
"provider-controlplane",1785355206,"0.004072727272727341"
"provider-controlplane",1785355211,"0.004236363636363711"
"provider-controlplane",1785355216,"0.004236363636363711"
"provider-controlplane",1785355221,"0.004199999999999901"
"provider-controlplane",1785355226,"0.003872727272727161"
"provider-controlplane",1785355231,"0.003909090909090713"
"provider-controlplane",1785355236,"0.004054545454545436"
"provider-controlplane",1785355241,"0.004127272727272539"
"provider-controlplane",1785355246,"0.004309090909090555"
"provider-controlplane",1785355251,"0.004363636363636012"
"provider-controlplane",1785355256,"0.004236363636363452"
"provider-controlplane",1785355261,"0.004236363636363452"
"provider-controlplane",1785355266,"0.004199999999999901"
"provider-controlplane",1785355271,"0.004254545454545357"
"provider-controlplane",1785355276,"0.004309090909090814"
"provider-controlplane",1785355281,"0.004399999999999822"
"provider-controlplane",1785355286,"0.004309090909090814"
"provider-controlplane",1785355291,"0.004199999999999642"
"provider-controlplane",1785355296,"0.004109090909090634"
"provider-controlplane",1785355301,"0.003927272727272359"
"provider-controlplane",1785355306,"0.003945454545454264"
"provider-controlplane",1785355311,"0.0037636363636359893"
"provider-controlplane",1785355316,"0.0039090909090904544"
"provider-controlplane",1785355321,"0.0039090909090904544"
"provider-controlplane",1785355326,"0.0038363636363630926"
"provider-controlplane",1785355331,"0.0037636363636359893"
"provider-controlplane",1785355336,"0.003999999999999979"
"provider-controlplane",1785355341,"0.004036363636363531"
"provider-controlplane",1785355346,"0.004127272727272797"
"provider-controlplane",1785355351,"0.004145454545454702"
"provider-controlplane",1785355356,"0.0041636363636368655"
"provider-controlplane",1785355361,"0.004018181818182143"
"provider-controlplane",1785355366,"0.004272727272727779"
"provider-controlplane",1785355371,"0.0043818181818189505"
"provider-controlplane",1785355376,"0.004309090909091848"
"provider-controlplane",1785355381,"0.004236363636364485"
"provider-controlplane",1785355386,"0.004327272727273494"
"provider-controlplane",1785355391,"0.004090909090909504"
"provider-controlplane",1785355396,"0.0041272727272730556"
"provider-controlplane",1785355401,"0.004236363636363969"
"provider-controlplane",1785355406,"0.004163636363636607"
"provider-controlplane",1785355411,"0.0041636363636363485"
"provider-controlplane",1785355416,"0.004327272727272977"
"provider-controlplane",1785355421,"0.004327272727272977"
"provider-controlplane",1785355426,"0.004163636363636607"
"provider-controlplane",1785355431,"0.004109090909090892"
"provider-controlplane",1785355436,"0.004109090909090892"
"provider-controlplane",1785355441,"0.0039272727272728755"
"provider-controlplane",1785355446,"0.003981818181818591"
"provider-controlplane",1785355451,"0.003945454545455039"
"provider-controlplane",1785355456,"0.003963636363636686"
"provider-controlplane",1785355461,"0.004181818181818512"
"provider-controlplane",1785355466,"0.004036363636364306"
"provider-controlplane",1785355471,"0.004072727272727599"
"provider-controlplane",1785355476,"0.0041272727272730556"
"provider-controlplane",1785355481,"0.004236363636363969"
"provider-controlplane",1785355486,"0.0041636363636368655"
"provider-controlplane",1785355491,"0.0043636363636370456"
"provider-controlplane",1785355496,"0.004509090909091252"
"provider-controlplane",1785355501,"0.004509090909091252"
"provider-controlplane",1785355506,"0.004636363636363812"
"provider-controlplane",1785355511,"0.004472727272727442"
"provider-controlplane",1785355516,"0.00440000000000008"
"provider-controlplane",1785355521,"0.004545454545454545"
"provider-controlplane",1785355526,"0.004709090909091174"
"provider-controlplane",1785355531,"0.004636363636363812"
"provider-controlplane",1785355536,"0.004618181818182165"
"provider-controlplane",1785355541,"0.004727272727273079"
"provider-controlplane",1785355546,"0.00443636363636389"
"provider-controlplane",1785355551,"0.0044181818181822435"
"provider-controlplane",1785355556,"0.004472727272727701"
"provider-controlplane",1785355561,"0.004309090909091331"
"provider-controlplane",1785355566,"0.004345454545455141"
"provider-controlplane",1785355571,"0.004490909090909606"
"provider-controlplane",1785355576,"0.0044363636363641485"
"provider-controlplane",1785355581,"0.0044363636363641485"
"provider-controlplane",1785355586,"0.004545454545454804"
"provider-controlplane",1785355591,"0.004418181818181727"
"provider-controlplane",1785355596,"0.00436363636363627"
"provider-controlplane",1785355601,"0.004490909090909089"
"provider-controlplane",1785355606,"0.004399999999999822"
"provider-controlplane",1785355611,"0.004309090909090814"
"provider-controlplane",1785355616,"0.004363636363636529"
"provider-controlplane",1785355621,"0.004290909090909167"
"provider-controlplane",1785355626,"0.004236363636363711"
"provider-controlplane",1785355631,"0.004290909090909167"
"provider-controlplane",1785355636,"0.004145454545454702"
"provider-controlplane",1785355641,"0.004200000000000417"
"provider-controlplane",1785355646,"0.004200000000000675"
"provider-controlplane",1785355651,"0.0041636363636368655"
"provider-controlplane",1785355656,"0.004090909090909763"
"provider-controlplane",1785355661,"0.004181818181819029"
"provider-controlplane",1785355666,"0.0041090909090916675"
"provider-controlplane",1785355671,"0.0041090909090916675"
"provider-controlplane",1785355676,"0.004272727272728038"
"provider-controlplane",1785355681,"0.004072727272728116"
"provider-controlplane",1785355686,"0.004090909090909763"
"provider-controlplane",1785355691,"0.003981818181818591"
"provider-controlplane",1785355696,"0.0037818181818186697"
"provider-controlplane",1785355701,"0.0037272727272729543"
"provider-controlplane",1785355706,"0.0037454545454548593"
"provider-controlplane",1785355711,"0.0037818181818181527"
"provider-controlplane",1785355716,"0.003854545454545514"
"provider-controlplane",1785355721,"0.003999999999999979"
"provider-controlplane",1785355726,"0.004054545454545436"
"provider-controlplane",1785355731,"0.004072727272727082"
"provider-controlplane",1785355736,"0.004163636363636091"
"provider-controlplane",1785355741,"0.004218181818181806"
"provider-controlplane",1785355746,"0.004236363636363711"
"provider-controlplane",1785355751,"0.004145454545454702"
"provider-controlplane",1785355756,"0.004181818181818254"
"provider-controlplane",1785355761,"0.004363636363636529"
"provider-controlplane",1785355766,"0.004436363636363632"
"provider-controlplane",1785355771,"0.004345454545454365"
"provider-controlplane",1785355776,"0.004127272727272539"
"provider-controlplane",1785355781,"0.004163636363636091"
"provider-controlplane",1785355786,"0.004181818181817996"
"provider-controlplane",1785355791,"0.004199999999999901"
"provider-controlplane",1785355796,"0.004018181818181626"
"provider-controlplane",1785355801,"0.004072727272727082"
"provider-controlplane",1785355806,"0.00429090909090865"
"provider-controlplane",1785355811,"0.004454545454545279"
"provider-controlplane",1785355816,"0.004290909090908909"
"provider-controlplane",1785355821,"0.004327272727272719"
"provider-controlplane",1785355826,"0.004527272727272899"
"provider-controlplane",1785355831,"0.004636363636363812"
"provider-controlplane",1785355836,"0.004618181818181907"
"provider-controlplane",1785355841,"0.004545454545454804"
"provider-controlplane",1785355846,"0.004581818181818355"
"provider-controlplane",1785355851,"0.004818181818181828"
"provider-controlplane",1785355856,"0.004654545454545458"
"provider-controlplane",1785355861,"0.004472727272727442"
"provider-controlplane",1785355866,"0.004490909090909089"
"provider-controlplane",1785355871,"0.004654545454545458"
"provider-controlplane",1785355876,"0.004490909090909347"
"provider-controlplane",1785355881,"0.004472727272727442"
"provider-controlplane",1785355886,"0.0046545454545457166"
"provider-controlplane",1785355891,"0.004527272727273157"
"provider-controlplane",1785355896,"0.004454545454545795"
"provider-controlplane",1785355901,"0.0044181818181822435"
"provider-controlplane",1785355906,"0.0041636363636368655"
"provider-controlplane",1785355911,"0.004400000000000597"
"provider-controlplane",1785355916,"0.004472727272727958"
"provider-controlplane",1785355921,"0.004236363636364228"
"provider-controlplane",1785355926,"0.004145454545455219"
"provider-controlplane",1785355931,"0.004236363636364228"
"provider-controlplane",1785355936,"0.004145454545455219"
"provider-controlplane",1785355941,"0.004254545454546133"
"provider-controlplane",1785355946,"0.004236363636364485"
"provider-controlplane",1785355951,"0.004418181818182502"
"provider-controlplane",1785355956,"0.00421818181818258"
"provider-controlplane",1785355961,"0.004236363636364485"
"provider-controlplane",1785355966,"0.004181818181819029"
"provider-controlplane",1785355971,"0.004163636363637124"
"provider-controlplane",1785355976,"0.004163636363637382"
"provider-controlplane",1785355981,"0.0040727272727283746"
"provider-controlplane",1785355986,"0.004000000000001012"
"provider-controlplane",1785355991,"0.003963636363637461"
"provider-controlplane",1785355996,"0.0038909090909100994"
"provider-controlplane",1785356001,"0.004036363636364565"
"provider-controlplane",1785356006,"0.0037090909090918248"
"provider-controlplane",1785356011,"0.0038545454545462895"
"provider-controlplane",1785356016,"0.004090909090909763"
"provider-controlplane",1785356021,"0.0039090909090914875"
"provider-controlplane",1785356026,"0.003963636363636944"
"provider-controlplane",1785356031,"0.004290909090909684"
"provider-controlplane",1785356036,"0.0044000000000003385"
"provider-controlplane",1785356041,"0.004363636363636529"
"provider-controlplane",1785356046,"0.004436363636363632"
"provider-controlplane",1785356051,"0.004290909090909167"
"provider-controlplane",1785356056,"0.004218181818181806"
"provider-controlplane",1785356061,"0.004218181818181806"
"provider-controlplane",1785356066,"0.0041636363636363485"
"provider-controlplane",1785356071,"0.004072727272727082"
"provider-controlplane",1785356076,"0.004181818181818254"
"provider-controlplane",1785356081,"0.004127272727272539"
"provider-controlplane",1785356086,"0.004018181818181367"
"provider-controlplane",1785356091,"0.003981818181817557"
"provider-controlplane",1785356096,"0.004181818181817737"
"provider-controlplane",1785356101,"0.004072727272726824"
"provider-controlplane",1785356106,"0.0039090909090904544"
"provider-controlplane",1785356111,"0.00409090909090847"
"provider-controlplane",1785356116,"0.004472727272726925"
"provider-controlplane",1785356121,"0.004418181818181727"
"provider-controlplane",1785356126,"0.004527272727272899"
"provider-controlplane",1785356131,"0.004381818181818175"
"provider-controlplane",1785356136,"0.00440000000000008"
"provider-controlplane",1785356141,"0.004327272727272977"
"provider-controlplane",1785356146,"0.004309090909091331"
"provider-controlplane",1785356151,"0.004290909090909426"
"provider-controlplane",1785356156,"0.004345454545454882"
"provider-controlplane",1785356161,"0.004345454545454624"
"provider-controlplane",1785356166,"0.004072727272727341"
"provider-controlplane",1785356171,"0.003963636363636428"
"provider-controlplane",1785356176,"0.004218181818181547"
"provider-controlplane",1785356181,"0.003981818181817816"
"provider-controlplane",1785356186,"0.004127272727272539"
"provider-controlplane",1785356191,"0.004072727272727082"
"provider-controlplane",1785356196,"0.004181818181817996"
"provider-controlplane",1785356201,"0.003981818181818074"
"provider-controlplane",1785356206,"0.003890909090909066"
"provider-controlplane",1785356211,"0.003854545454545256"
"provider-controlplane",1785356216,"0.003927272727272618"
"provider-controlplane",1785356221,"0.003854545454545514"
"provider-controlplane",1785356226,"0.004018181818181884"
"provider-controlplane",1785356231,"0.0039272727272728755"
"provider-controlplane",1785356236,"0.004163636363636607"
"provider-controlplane",1785356241,"0.004072727272727341"
"provider-controlplane",1785356246,"0.004000000000000238"
"provider-controlplane",1785356251,"0.003963636363636686"
"provider-controlplane",1785356256,"0.004218181818182064"
"provider-controlplane",1785356261,"0.004236363636363711"
"provider-controlplane",1785356266,"0.004309090909091331"
"provider-controlplane",1785356271,"0.004472727272727958"
"provider-controlplane",1785356276,"0.0046909090909095265"
"provider-controlplane",1785356281,"0.00443636363636389"
"provider-controlplane",1785356286,"0.00443636363636389"
"provider-controlplane",1785356291,"0.004363636363636529"
"provider-controlplane",1785356296,"0.004581818181818355"
"provider-controlplane",1785356301,"0.004727272727273079"
"provider-controlplane",1785356306,"0.004581818181818355"
"provider-controlplane",1785356311,"0.004563636363636709"
"provider-controlplane",1785356316,"0.004509090909091511"
"provider-controlplane",1785356321,"0.004563636363636967"
"provider-controlplane",1785356326,"0.004545454545455062"
"provider-controlplane",1785356331,"0.004527272727273416"
"provider-controlplane",1785356336,"0.004581818181819131"
"provider-controlplane",1785356341,"0.0044181818181827604"
"provider-controlplane",1785356346,"0.004236363636364744"
"provider-controlplane",1785356351,"0.004127272727273831"
"provider-controlplane",1785356356,"0.003963636363637202"
"provider-controlplane",1785356361,"0.004000000000000755"
"provider-controlplane",1785356366,"0.0038363636363643846"
"provider-controlplane",1785356371,"0.003945454545455297"
"provider-controlplane",1785356376,"0.003854545454546031"
"provider-controlplane",1785356381,"0.0035454545454551966"
"provider-controlplane",1785356386,"0.0034181818181823784"
"provider-controlplane",1785356391,"0.0033636363636369215"
"provider-controlplane",1785356396,"0.0035818181818184896"
"provider-controlplane",1785356401,"0.003600000000000136"
"provider-controlplane",1785356406,"0.003545454545454421"
"provider-controlplane",1785356411,"0.003690909090908886"
"provider-controlplane",1785356416,"0.0037272727272726963"
"provider-controlplane",1785356421,"0.003999999999999721"
"provider-controlplane",1785356426,"0.003836363636363351"
"provider-controlplane",1785356431,"0.0038363636363630926"
"provider-controlplane",1785356436,"0.003963636363635652"
"provider-controlplane",1785356441,"0.003927272727272101"
"provider-controlplane",1785356446,"0.004072727272726565"
"provider-controlplane",1785356451,"0.004018181818181109"
"provider-controlplane",1785356456,"0.003963636363635911"
"provider-controlplane",1785356461,"0.004145454545454186"
"provider-controlplane",1785356466,"0.004127272727272539"
"provider-controlplane",1785356471,"0.0038909090909088075"
"provider-controlplane",1785356476,"0.0033818181818180515"
"provider-controlplane",1785356481,"0.0030909090909088635"
"provider-controlplane",1785356486,"0.0028363636363637435"
"provider-controlplane",1785356491,"0.0025636363636364606"
"provider-controlplane",1785356496,"0.0022909090909091776"
"provider-controlplane",1785356501,"0.001781818181818163"
"provider-dataplane",1785352856,"0.0002181818181818103"
"provider-dataplane",1785352861,"0.0002181818181818103"
"provider-dataplane",1785352866,"0.00038181818181817203"
"provider-dataplane",1785352871,"0.0002727272727272669"
"provider-dataplane",1785352876,"0.0002727272727272669"
"provider-dataplane",1785352881,"0.0002727272727272669"
"provider-dataplane",1785352886,"0.0002727272727272669"
"provider-dataplane",1785352891,"0.00036363636363635586"
"provider-dataplane",1785352896,"0.0002545454545454507"
"provider-dataplane",1785352901,"0.0002545454545454507"
"provider-dataplane",1785352906,"0.0002545454545454507"
"provider-dataplane",1785352911,"0.0004181818181818125"
"provider-dataplane",1785352916,"0.0004181818181818125"
"provider-dataplane",1785352921,"0.0002545454545454507"
"provider-dataplane",1785352926,"0.0002545454545454507"
"provider-dataplane",1785352931,"0.0002545454545454507"
"provider-dataplane",1785352936,"0.0002545454545454507"
"provider-dataplane",1785352941,"0.00036363636363635586"
"provider-dataplane",1785352946,"0.0002727272727272669"
"provider-dataplane",1785352951,"0.0002727272727272669"
"provider-dataplane",1785352956,"0.0002727272727272669"
"provider-dataplane",1785352961,"0.00038181818181817203"
"provider-dataplane",1785352966,"0.0002181818181818103"
"provider-dataplane",1785352971,"0.0002181818181818103"
"provider-dataplane",1785352976,"0.0002181818181818103"
"provider-dataplane",1785352981,"0.0002181818181818103"
"provider-dataplane",1785352986,"0.0002181818181818103"
"provider-dataplane",1785352991,"0.00038181818181817203"
"provider-dataplane",1785352996,"0.0002727272727272669"
"provider-dataplane",1785353001,"0.0002727272727272669"
"provider-dataplane",1785353006,"0.0002727272727272669"
"provider-dataplane",1785353011,"0.0003999999999999963"
"provider-dataplane",1785353016,"0.00029090909090909113"
"provider-dataplane",1785353021,"0.00029090909090909113"
"provider-dataplane",1785353026,"0.00029090909090909113"
"provider-dataplane",1785353031,"0.00029090909090909113"
"provider-dataplane",1785353036,"0.0003818181818181801"
"provider-dataplane",1785353041,"0.0003818181818181801"
"provider-dataplane",1785353046,"0.00021818181818181837"
"provider-dataplane",1785353051,"0.00021818181818181837"
"provider-dataplane",1785353056,"0.00021818181818181837"
"provider-dataplane",1785353061,"0.00030909090909090735"
"provider-dataplane",1785353066,"0.00018181818181817793"
"provider-dataplane",1785353071,"0.00018181818181817793"
"provider-dataplane",1785353076,"0.00018181818181817793"
"provider-dataplane",1785353081,"0.00018181818181817793"
"provider-dataplane",1785353086,"0.0003272727272727235"
"provider-dataplane",1785353091,"0.00023636363636363454"
"provider-dataplane",1785353096,"0.00023636363636363454"
"provider-dataplane",1785353101,"0.00023636363636363454"
"provider-dataplane",1785353106,"0.00023636363636363454"
"provider-dataplane",1785353111,"0.0003454545454545397"
"provider-dataplane",1785353116,"0.0002545454545454507"
"provider-dataplane",1785353121,"0.0002545454545454507"
"provider-dataplane",1785353126,"0.0002545454545454507"
"provider-dataplane",1785353131,"0.00043636363636362867"
"provider-dataplane",1785353136,"0.00043636363636362867"
"provider-dataplane",1785353141,"0.00029090909090908305"
"provider-dataplane",1785353146,"0.00029090909090908305"
"provider-dataplane",1785353151,"0.00029090909090908305"
"provider-dataplane",1785353156,"0.00029090909090908305"
"provider-dataplane",1785353161,"0.00045454545454544484"
"provider-dataplane",1785353166,"0.0003454545454545397"
"provider-dataplane",1785353171,"0.0003454545454545397"
"provider-dataplane",1785353176,"0.0003454545454545397"
"provider-dataplane",1785353181,"0.0003454545454545397"
"provider-dataplane",1785353186,"0.00029090909090909113"
"provider-dataplane",1785353191,"0.00029090909090909113"
"provider-dataplane",1785353196,"0.00029090909090909113"
"provider-dataplane",1785353201,"0.00029090909090909113"
"provider-dataplane",1785353206,"0.00029090909090909113"
"provider-dataplane",1785353211,"0.0004181818181818205"
"provider-dataplane",1785353216,"0.0002545454545454588"
"provider-dataplane",1785353221,"0.0002545454545454588"
"provider-dataplane",1785353226,"0.0002545454545454588"
"provider-dataplane",1785353231,"0.0002545454545454588"
"provider-dataplane",1785353236,"0.0003818181818181882"
"provider-dataplane",1785353241,"0.0002545454545454588"
"provider-dataplane",1785353246,"0.0002545454545454588"
"provider-dataplane",1785353251,"0.0002545454545454588"
"provider-dataplane",1785353256,"0.0002545454545454588"
"provider-dataplane",1785353261,"0.00034545454545454777"
"provider-dataplane",1785353266,"0.00021818181818181837"
"provider-dataplane",1785353271,"0.00021818181818181837"
"provider-dataplane",1785353276,"0.00021818181818181837"
"provider-dataplane",1785353281,"0.00021818181818181837"
"provider-dataplane",1785353286,"0.00021818181818181837"
"provider-dataplane",1785353291,"0.00030909090909090735"
"provider-dataplane",1785353296,"0.00030909090909090735"
"provider-dataplane",1785353301,"0.00030909090909090735"
"provider-dataplane",1785353306,"0.00030909090909090735"
"provider-dataplane",1785353311,"0.00030909090909090735"
"provider-dataplane",1785353316,"0.00021818181818181837"
"provider-dataplane",1785353321,"0.00029090909090909113"
"provider-dataplane",1785353326,"0.00029090909090909113"
"provider-dataplane",1785353331,"0.00029090909090909113"
"provider-dataplane",1785353336,"0.00029090909090909113"
"provider-dataplane",1785353341,"0.00029090909090909113"
"provider-dataplane",1785353346,"0.00007272727272727278"
"provider-dataplane",1785353351,"0.00018181818181817793"
"provider-dataplane",1785353356,"0.00018181818181817793"
"provider-dataplane",1785353361,"0.00018181818181817793"
"provider-dataplane",1785353366,"0.00018181818181817793"
"provider-dataplane",1785353371,"0.00030909090909090735"
"provider-dataplane",1785353376,"0.00023636363636363454"
"provider-dataplane",1785353381,"0.00023636363636363454"
"provider-dataplane",1785353386,"0.00023636363636363454"
"provider-dataplane",1785353391,"0.00023636363636363454"
"provider-dataplane",1785353396,"0.00030909090909090735"
"provider-dataplane",1785353401,"0.00030909090909090735"
"provider-dataplane",1785353406,"0.00020000000000000218"
"provider-dataplane",1785353411,"0.00020000000000000218"
"provider-dataplane",1785353416,"0.00020000000000000218"
"provider-dataplane",1785353421,"0.0003272727272727316"
"provider-dataplane",1785353426,"0.00020000000000000218"
"provider-dataplane",1785353431,"0.00020000000000000218"
"provider-dataplane",1785353436,"0.00020000000000000218"
"provider-dataplane",1785353441,"0.00020000000000000218"
"provider-dataplane",1785353446,"0.00029090909090909113"
"provider-dataplane",1785353451,"0.00021818181818181837"
"provider-dataplane",1785353456,"0.00021818181818181837"
"provider-dataplane",1785353461,"0.00021818181818181837"
"provider-dataplane",1785353466,"0.00021818181818181837"
"provider-dataplane",1785353471,"0.00034545454545454777"
"provider-dataplane",1785353476,"0.00021818181818181837"
"provider-dataplane",1785353481,"0.00021818181818181837"
"provider-dataplane",1785353486,"0.00021818181818181837"
"provider-dataplane",1785353491,"0.00021818181818181837"
"provider-dataplane",1785353496,"0.00034545454545454777"
"provider-dataplane",1785353501,"0.0002545454545454588"
"provider-dataplane",1785353506,"0.0002545454545454588"
"provider-dataplane",1785353511,"0.0002545454545454588"
"provider-dataplane",1785353516,"0.0002545454545454588"
"provider-dataplane",1785353521,"0.0002545454545454588"
"provider-dataplane",1785353526,"0.00021818181818181837"
"provider-dataplane",1785353531,"0.00021818181818181837"
"provider-dataplane",1785353536,"0.00021818181818181837"
"provider-dataplane",1785353541,"0.00021818181818181837"
"provider-dataplane",1785353546,"0.00021818181818181837"
"provider-dataplane",1785353551,"0.0001999999999999941"
"provider-dataplane",1785353556,"0.0001999999999999941"
"provider-dataplane",1785353561,"0.0001999999999999941"
"provider-dataplane",1785353566,"0.0001999999999999941"
"provider-dataplane",1785353571,"0.0002545454545454507"
"provider-dataplane",1785353576,"0.0002545454545454507"
"provider-dataplane",1785353581,"0.00016363636363636176"
"provider-dataplane",1785353586,"0.00016363636363636176"
"provider-dataplane",1785353591,"0.00016363636363636176"
"provider-dataplane",1785353596,"0.0002545454545454507"
"provider-dataplane",1785353601,"0.0002545454545454507"
"provider-dataplane",1785353606,"0.00014545454545454557"
"provider-dataplane",1785353611,"0.00014545454545454557"
"provider-dataplane",1785353616,"0.00014545454545454557"
"provider-dataplane",1785353621,"0.0002545454545454507"
"provider-dataplane",1785353626,"0.0001999999999999941"
"provider-dataplane",1785353631,"0.0001999999999999941"
"provider-dataplane",1785353636,"0.0001999999999999941"
"provider-dataplane",1785353641,"0.0001999999999999941"
"provider-dataplane",1785353646,"0.0001999999999999941"
"provider-dataplane",1785353651,"0.00010909090909090515"
"provider-dataplane",1785353656,"0.00029090909090908305"
"provider-dataplane",1785353661,"0.00029090909090908305"
"provider-dataplane",1785353666,"0.00029090909090908305"
"provider-dataplane",1785353671,"0.00029090909090908305"
"provider-dataplane",1785353676,"0.0003272727272727235"
"provider-dataplane",1785353681,"0.0003272727272727235"
"provider-dataplane",1785353686,"0.0003272727272727235"
"provider-dataplane",1785353691,"0.0003272727272727235"
"provider-dataplane",1785353696,"0.0003272727272727235"
"provider-dataplane",1785353701,"0.0003272727272727235"
"provider-dataplane",1785353706,"0.0003999999999999963"
"provider-dataplane",1785353711,"0.00021818181818181837"
"provider-dataplane",1785353716,"0.00021818181818181837"
"provider-dataplane",1785353721,"0.00021818181818181837"
"provider-dataplane",1785353726,"0.00021818181818181837"
"provider-dataplane",1785353731,"0.00021818181818181837"
"provider-dataplane",1785353736,"0.00021818181818181837"
"provider-dataplane",1785353741,"0.00021818181818181837"
"provider-dataplane",1785353746,"0.00021818181818181837"
"provider-dataplane",1785353751,"0.00021818181818181837"
"provider-dataplane",1785353756,"0.00030909090909090735"
"provider-dataplane",1785353761,"0.00023636363636363454"
"provider-dataplane",1785353766,"0.00023636363636363454"
"provider-dataplane",1785353771,"0.00023636363636363454"
"provider-dataplane",1785353776,"0.00023636363636363454"
"provider-dataplane",1785353781,"0.0003272727272727235"
"provider-dataplane",1785353786,"0.00018181818181817793"
"provider-dataplane",1785353791,"0.00018181818181817793"
"provider-dataplane",1785353796,"0.00018181818181817793"
"provider-dataplane",1785353801,"0.00018181818181817793"
"provider-dataplane",1785353806,"0.00029090909090908305"
"provider-dataplane",1785353811,"0.0001999999999999941"
"provider-dataplane",1785353816,"0.0001999999999999941"
"provider-dataplane",1785353821,"0.0001999999999999941"
"provider-dataplane",1785353826,"0.0001999999999999941"
"provider-dataplane",1785353831,"0.0003454545454545397"
"provider-dataplane",1785353836,"0.0002545454545454507"
"provider-dataplane",1785353841,"0.0002545454545454507"
"provider-dataplane",1785353846,"0.0002545454545454507"
"provider-dataplane",1785353851,"0.0002545454545454507"
"provider-dataplane",1785353856,"0.0003999999999999882"
"provider-dataplane",1785353861,"0.00029090909090908305"
"provider-dataplane",1785353866,"0.00029090909090908305"
"provider-dataplane",1785353871,"0.00029090909090908305"
"provider-dataplane",1785353876,"0.00029090909090908305"
"provider-dataplane",1785353881,"0.00029090909090908305"
"provider-dataplane",1785353886,"0.00023636363636362647"
"provider-dataplane",1785353891,"0.00023636363636362647"
"provider-dataplane",1785353896,"0.00023636363636362647"
"provider-dataplane",1785353901,"0.00023636363636362647"
"provider-dataplane",1785353906,"0.0003090909090908912"
"provider-dataplane",1785353911,"0.00016363636363635368"
"provider-dataplane",1785353916,"0.00016363636363635368"
"provider-dataplane",1785353921,"0.00016363636363635368"
"provider-dataplane",1785353926,"0.00016363636363635368"
"provider-dataplane",1785353931,"0.0002363636363636184"
"provider-dataplane",1785353936,"0.0002363636363636184"
"provider-dataplane",1785353941,"0.00014545454545452944"
"provider-dataplane",1785353946,"0.00014545454545452944"
"provider-dataplane",1785353951,"0.00014545454545452944"
"provider-dataplane",1785353956,"0.00014545454545452944"
"provider-dataplane",1785353961,"0.00016363636363635368"
"provider-dataplane",1785353966,"0.00016363636363635368"
"provider-dataplane",1785353971,"0.00016363636363635368"
"provider-dataplane",1785353976,"0.00016363636363635368"
"provider-dataplane",1785353981,"0.00025454545454544264"
"provider-dataplane",1785353986,"0.00018181818181817793"
"provider-dataplane",1785353991,"0.00018181818181817793"
"provider-dataplane",1785353996,"0.00018181818181817793"
"provider-dataplane",1785354001,"0.00018181818181817793"
"provider-dataplane",1785354006,"0.00018181818181817793"
"provider-dataplane",1785354011,"0.0002727272727272669"
"provider-dataplane",1785354016,"0.00018181818181817793"
"provider-dataplane",1785354021,"0.00018181818181817793"
"provider-dataplane",1785354026,"0.00018181818181817793"
"provider-dataplane",1785354031,"0.0003090909090908993"
"provider-dataplane",1785354036,"0.0002181818181818103"
"provider-dataplane",1785354041,"0.0002181818181818103"
"provider-dataplane",1785354046,"0.0002181818181818103"
"provider-dataplane",1785354051,"0.0002181818181818103"
"provider-dataplane",1785354056,"0.0002181818181818103"
"provider-dataplane",1785354061,"0.0003454545454545316"
"provider-dataplane",1785354066,"0.00025454545454544264"
"provider-dataplane",1785354071,"0.00025454545454544264"
"provider-dataplane",1785354076,"0.00025454545454544264"
"provider-dataplane",1785354081,"0.00025454545454544264"
"provider-dataplane",1785354086,"0.00025454545454544264"
"provider-dataplane",1785354091,"0.00025454545454544264"
"provider-dataplane",1785354096,"0.00025454545454544264"
"provider-dataplane",1785354101,"0.00025454545454544264"
"provider-dataplane",1785354106,"0.00025454545454544264"
"provider-dataplane",1785354111,"0.0003454545454545316"
"provider-dataplane",1785354116,"0.0002181818181818103"
"provider-dataplane",1785354121,"0.0002181818181818103"
"provider-dataplane",1785354126,"0.0002181818181818103"
"provider-dataplane",1785354131,"0.0002181818181818103"
"provider-dataplane",1785354136,"0.0002181818181818103"
"provider-dataplane",1785354141,"0.00014545454545454557"
"provider-dataplane",1785354146,"0.00014545454545454557"
"provider-dataplane",1785354151,"0.00014545454545454557"
"provider-dataplane",1785354156,"0.00014545454545454557"
"provider-dataplane",1785354161,"0.0002181818181818103"
"provider-dataplane",1785354166,"0.00012727272727272132"
"provider-dataplane",1785354171,"0.00012727272727272132"
"provider-dataplane",1785354176,"0.00012727272727272132"
"provider-dataplane",1785354181,"0.00012727272727272132"
"provider-dataplane",1785354186,"0.00012727272727272132"
"provider-dataplane",1785354191,"0.00023636363636363454"
"provider-dataplane",1785354196,"0.00018181818181817793"
"provider-dataplane",1785354201,"0.00018181818181817793"
"provider-dataplane",1785354206,"0.00018181818181817793"
"provider-dataplane",1785354211,"0.00029090909090909113"
"provider-dataplane",1785354216,"0.00021818181818182645"
"provider-dataplane",1785354221,"0.00021818181818182645"
"provider-dataplane",1785354226,"0.00021818181818182645"
"provider-dataplane",1785354231,"0.00021818181818182645"
"provider-dataplane",1785354236,"0.00021818181818182645"
"provider-dataplane",1785354241,"0.00030909090909091543"
"provider-dataplane",1785354246,"0.00020000000000000218"
"provider-dataplane",1785354251,"0.00020000000000000218"
"provider-dataplane",1785354256,"0.00020000000000000218"
"provider-dataplane",1785354261,"0.00020000000000000218"
"provider-dataplane",1785354266,"0.00020000000000000218"
"provider-dataplane",1785354271,"0.00020000000000000218"
"provider-dataplane",1785354276,"0.00020000000000000218"
"provider-dataplane",1785354281,"0.00020000000000000218"
"provider-dataplane",1785354286,"0.00020000000000000218"
"provider-dataplane",1785354291,"0.00020000000000000218"
"provider-dataplane",1785354296,"0.00021818181818182645"
"provider-dataplane",1785354301,"0.00021818181818182645"
"provider-dataplane",1785354306,"0.00021818181818182645"
"provider-dataplane",1785354311,"0.00021818181818182645"
"provider-dataplane",1785354316,"0.00021818181818182645"
"provider-dataplane",1785354321,"0.00010909090909091323"
"provider-dataplane",1785354326,"0.0002545454545454588"
"provider-dataplane",1785354331,"0.0002545454545454588"
"provider-dataplane",1785354336,"0.0002545454545454588"
"provider-dataplane",1785354341,"0.0002545454545454588"
"provider-dataplane",1785354346,"0.0002545454545454588"
"provider-dataplane",1785354351,"0.0002181818181818103"
"provider-dataplane",1785354356,"0.0002181818181818103"
"provider-dataplane",1785354361,"0.0002181818181818103"
"provider-dataplane",1785354366,"0.0002181818181818103"
"provider-dataplane",1785354371,"0.0002181818181818103"
"provider-dataplane",1785354376,"0.0003272727272727235"
"provider-dataplane",1785354381,"0.00018181818181817793"
"provider-dataplane",1785354386,"0.00018181818181817793"
"provider-dataplane",1785354391,"0.00018181818181817793"
"provider-dataplane",1785354396,"0.00018181818181817793"
"provider-dataplane",1785354401,"0.00018181818181817793"
"provider-dataplane",1785354406,"0.00023636363636363454"
"provider-dataplane",1785354411,"0.00023636363636363454"
"provider-dataplane",1785354416,"0.00023636363636363454"
"provider-dataplane",1785354421,"0.00023636363636363454"
"provider-dataplane",1785354426,"0.00023636363636363454"
"provider-dataplane",1785354431,"0.00012727272727272132"
"provider-dataplane",1785354436,"0.00012727272727272132"
"provider-dataplane",1785354441,"0.0002727272727272669"
"provider-dataplane",1785354446,"0.0002727272727272669"
"provider-dataplane",1785354451,"0.0002727272727272669"
"provider-dataplane",1785354456,"0.0002727272727272669"
"provider-dataplane",1785354461,"0.0002181818181818103"
"provider-dataplane",1785354466,"0.0002181818181818103"
"provider-dataplane",1785354471,"0.0002181818181818103"
"provider-dataplane",1785354476,"0.0002181818181818103"
"provider-dataplane",1785354481,"0.0002181818181818103"
"provider-dataplane",1785354486,"0.0002181818181818103"
"provider-dataplane",1785354491,"0.0002181818181818103"
"provider-dataplane",1785354496,"0.00016363636363635368"
"provider-dataplane",1785354501,"0.00016363636363635368"
"provider-dataplane",1785354506,"0.00016363636363635368"
"provider-dataplane",1785354511,"0.00016363636363635368"
"provider-dataplane",1785354516,"0.00009090909090908897"
"provider-dataplane",1785354521,"0.00016363636363635368"
"provider-dataplane",1785354526,"0.00016363636363635368"
"provider-dataplane",1785354531,"0.00016363636363635368"
"provider-dataplane",1785354536,"0.00016363636363635368"
"provider-dataplane",1785354541,"0.00016363636363635368"
"provider-dataplane",1785354546,"0.0002363636363636184"
"provider-dataplane",1785354551,"0.00014545454545452944"
"provider-dataplane",1785354556,"0.00014545454545452944"
"provider-dataplane",1785354561,"0.00014545454545452944"
"provider-dataplane",1785354566,"0.00014545454545452944"
"provider-dataplane",1785354571,"0.00025454545454544264"
"provider-dataplane",1785354576,"0.00018181818181817793"
"provider-dataplane",1785354581,"0.00018181818181817793"
"provider-dataplane",1785354586,"0.00018181818181817793"
"provider-dataplane",1785354591,"0.00018181818181817793"
"provider-dataplane",1785354596,"0.00029090909090909113"
"provider-dataplane",1785354601,"0.00021818181818182645"
"provider-dataplane",1785354606,"0.00021818181818182645"
"provider-dataplane",1785354611,"0.00021818181818182645"
"provider-dataplane",1785354616,"0.00021818181818182645"
"provider-dataplane",1785354621,"0.0003272727272727397"
"provider-dataplane",1785354626,"0.00021818181818182645"
"provider-dataplane",1785354631,"0.00021818181818182645"
"provider-dataplane",1785354636,"0.00021818181818182645"
"provider-dataplane",1785354641,"0.00021818181818182645"
"provider-dataplane",1785354646,"0.00021818181818182645"
"provider-dataplane",1785354651,"0.00020000000000000218"
"provider-dataplane",1785354656,"0.00020000000000000218"
"provider-dataplane",1785354661,"0.00020000000000000218"
"provider-dataplane",1785354666,"0.00020000000000000218"
"provider-dataplane",1785354671,"0.00020000000000000218"
"provider-dataplane",1785354676,"0.00009090909090908897"
"provider-dataplane",1785354681,"0.0002181818181818103"
"provider-dataplane",1785354686,"0.0002181818181818103"
"provider-dataplane",1785354691,"0.0002181818181818103"
"provider-dataplane",1785354696,"0.0002181818181818103"
"provider-dataplane",1785354701,"0.0003090909090908993"
"provider-dataplane",1785354706,"0.0002181818181818103"
"provider-dataplane",1785354711,"0.0002181818181818103"
"provider-dataplane",1785354716,"0.0002181818181818103"
"provider-dataplane",1785354721,"0.0002181818181818103"
"provider-dataplane",1785354726,"0.0002181818181818103"
"provider-dataplane",1785354731,"0.0003090909090908993"
"provider-dataplane",1785354736,"0.00018181818181817793"
"provider-dataplane",1785354741,"0.00018181818181817793"
"provider-dataplane",1785354746,"0.00018181818181817793"
"provider-dataplane",1785354751,"0.00018181818181817793"
"provider-dataplane",1785354756,"0.00023636363636363454"
"provider-dataplane",1785354761,"0.00023636363636363454"
"provider-dataplane",1785354766,"0.00023636363636363454"
"provider-dataplane",1785354771,"0.00023636363636363454"
"provider-dataplane",1785354776,"0.00023636363636363454"
"provider-dataplane",1785354781,"0.00023636363636363454"
"provider-dataplane",1785354786,"0.00014545454545454557"
"provider-dataplane",1785354791,"0.0002181818181818103"
"provider-dataplane",1785354796,"0.0002181818181818103"
"provider-dataplane",1785354801,"0.0002181818181818103"
"provider-dataplane",1785354806,"0.0002181818181818103"
"provider-dataplane",1785354811,"0.00007272727272726472"
"provider-dataplane",1785354816,"0.00023636363636363454"
"provider-dataplane",1785354821,"0.00023636363636363454"
"provider-dataplane",1785354826,"0.00023636363636363454"
"provider-dataplane",1785354831,"0.00023636363636363454"
"provider-dataplane",1785354836,"0.00023636363636363454"
"provider-dataplane",1785354841,"0.00023636363636363454"
"provider-dataplane",1785354846,"0.00016363636363636984"
"provider-dataplane",1785354851,"0.00027272727272728304"
"provider-dataplane",1785354856,"0.00027272727272728304"
"provider-dataplane",1785354861,"0.00027272727272728304"
"provider-dataplane",1785354866,"0.00027272727272728304"
"provider-dataplane",1785354871,"0.00021818181818182645"
"provider-dataplane",1785354876,"0.00021818181818182645"
"provider-dataplane",1785354881,"0.00021818181818182645"
"provider-dataplane",1785354886,"0.00021818181818182645"
"provider-dataplane",1785354891,"0.00021818181818182645"
"provider-dataplane",1785354896,"0.00040000000000000436"
"provider-dataplane",1785354901,"0.00040000000000000436"
"provider-dataplane",1785354906,"0.00029090909090909113"
"provider-dataplane",1785354911,"0.00029090909090909113"
"provider-dataplane",1785354916,"0.00029090909090909113"
"provider-dataplane",1785354921,"0.00043636363636363675"
"provider-dataplane",1785354926,"0.0003272727272727235"
"provider-dataplane",1785354931,"0.0003272727272727235"
"provider-dataplane",1785354936,"0.0003272727272727235"
"provider-dataplane",1785354941,"0.0003272727272727235"
"provider-dataplane",1785354946,"0.0003272727272727235"
"provider-dataplane",1785354951,"0.00034545454545454777"
"provider-dataplane",1785354956,"0.00034545454545454777"
"provider-dataplane",1785354961,"0.00034545454545454777"
"provider-dataplane",1785354966,"0.00034545454545454777"
"provider-dataplane",1785354971,"0.00034545454545454777"
"provider-dataplane",1785354976,"0.00030909090909091543"
"provider-dataplane",1785354981,"0.00030909090909091543"
"provider-dataplane",1785354986,"0.00030909090909091543"
"provider-dataplane",1785354991,"0.00030909090909091543"
"provider-dataplane",1785354996,"0.00030909090909091543"
"provider-dataplane",1785355001,"0.00030909090909091543"
"provider-dataplane",1785355006,"0.00010909090909091323"
"provider-dataplane",1785355011,"0.0002545454545454588"
"provider-dataplane",1785355016,"0.0002545454545454588"
"provider-dataplane",1785355021,"0.0002545454545454588"
"provider-dataplane",1785355026,"0.0002545454545454588"
"provider-dataplane",1785355031,"0.00014545454545454557"
"provider-dataplane",1785355036,"0.00014545454545454557"
"provider-dataplane",1785355041,"0.00014545454545454557"
"provider-dataplane",1785355046,"0.00029090909090909113"
"provider-dataplane",1785355051,"0.00029090909090909113"
"provider-dataplane",1785355056,"0.00029090909090909113"
"provider-dataplane",1785355061,"0.00029090909090909113"
"provider-dataplane",1785355066,"0.00014545454545454557"
"provider-dataplane",1785355071,"0.00014545454545454557"
"provider-dataplane",1785355076,"0.0003272727272727235"
"provider-dataplane",1785355081,"0.0003272727272727235"
"provider-dataplane",1785355086,"0.0003272727272727235"
"provider-dataplane",1785355091,"0.0003272727272727235"
"provider-dataplane",1785355096,"0.0003272727272727235"
"provider-dataplane",1785355101,"0.00018181818181817793"
"provider-dataplane",1785355106,"0.0003090909090908993"
"provider-dataplane",1785355111,"0.0003090909090908993"
"provider-dataplane",1785355116,"0.0003090909090908993"
"provider-dataplane",1785355121,"0.0003090909090908993"
"provider-dataplane",1785355126,"0.0003090909090908993"
"provider-dataplane",1785355131,"0.00012727272727272132"
"provider-dataplane",1785355136,"0.00025454545454544264"
"provider-dataplane",1785355141,"0.00025454545454544264"
"provider-dataplane",1785355146,"0.00025454545454544264"
"provider-dataplane",1785355151,"0.00025454545454544264"
"provider-dataplane",1785355156,"0.00025454545454544264"
"provider-dataplane",1785355161,"0.00012727272727272132"
"provider-dataplane",1785355166,"0.00012727272727272132"
"provider-dataplane",1785355171,"0.0002727272727272669"
"provider-dataplane",1785355176,"0.0002727272727272669"
"provider-dataplane",1785355181,"0.0002727272727272669"
"provider-dataplane",1785355186,"0.0002727272727272669"
"provider-dataplane",1785355191,"0.00014545454545454557"
"provider-dataplane",1785355196,"0.00014545454545454557"
"provider-dataplane",1785355201,"0.00030909090909091543"
"provider-dataplane",1785355206,"0.00030909090909091543"
"provider-dataplane",1785355211,"0.00030909090909091543"
"provider-dataplane",1785355216,"0.00030909090909091543"
"provider-dataplane",1785355221,"0.00030909090909091543"
"provider-dataplane",1785355226,"0.0003272727272727397"
"provider-dataplane",1785355231,"0.0003272727272727397"
"provider-dataplane",1785355236,"0.0003272727272727397"
"provider-dataplane",1785355241,"0.0003272727272727397"
"provider-dataplane",1785355246,"0.0003272727272727397"
"provider-dataplane",1785355251,"0.0005454545454545499"
"provider-dataplane",1785355256,"0.0003818181818181801"
"provider-dataplane",1785355261,"0.0003818181818181801"
"provider-dataplane",1785355266,"0.0003818181818181801"
"provider-dataplane",1785355271,"0.0003818181818181801"
"provider-dataplane",1785355276,"0.0005272727272727257"
"provider-dataplane",1785355281,"0.00036363636363635586"
"provider-dataplane",1785355286,"0.00036363636363635586"
"provider-dataplane",1785355291,"0.00036363636363635586"
"provider-dataplane",1785355296,"0.00036363636363635586"
"provider-dataplane",1785355301,"0.00036363636363635586"
"provider-dataplane",1785355306,"0.00034545454545454777"
"provider-dataplane",1785355311,"0.00034545454545454777"
"provider-dataplane",1785355316,"0.00034545454545454777"
"provider-dataplane",1785355321,"0.00034545454545454777"
"provider-dataplane",1785355326,"0.00034545454545454777"
"provider-dataplane",1785355331,"0.00020000000000000218"
"provider-dataplane",1785355336,"0.00029090909090909113"
"provider-dataplane",1785355341,"0.00029090909090909113"
"provider-dataplane",1785355346,"0.00029090909090909113"
"provider-dataplane",1785355351,"0.00029090909090909113"
"provider-dataplane",1785355356,"0.00029090909090909113"
"provider-dataplane",1785355361,"0.00023636363636363454"
"provider-dataplane",1785355366,"0.00023636363636363454"
"provider-dataplane",1785355371,"0.00023636363636363454"
"provider-dataplane",1785355376,"0.00023636363636363454"
"provider-dataplane",1785355381,"0.00023636363636363454"
"provider-dataplane",1785355386,"0.00023636363636363454"
"provider-dataplane",1785355391,"0.00014545454545454557"
"provider-dataplane",1785355396,"0.00036363636363635586"
"provider-dataplane",1785355401,"0.00036363636363635586"
"provider-dataplane",1785355406,"0.00036363636363635586"
"provider-dataplane",1785355411,"0.00036363636363635586"
"provider-dataplane",1785355416,"0.0003454545454545316"
"provider-dataplane",1785355421,"0.0003454545454545316"
"provider-dataplane",1785355426,"0.0003454545454545316"
"provider-dataplane",1785355431,"0.0003454545454545316"
"provider-dataplane",1785355436,"0.0003454545454545316"
"provider-dataplane",1785355441,"0.0003454545454545316"
"provider-dataplane",1785355446,"0.0005272727272727096"
"provider-dataplane",1785355451,"0.0003090909090908993"
"provider-dataplane",1785355456,"0.0003090909090908993"
"provider-dataplane",1785355461,"0.0003090909090908993"
"provider-dataplane",1785355466,"0.0003090909090908993"
"provider-dataplane",1785355471,"0.0003272727272727235"
"provider-dataplane",1785355476,"0.0003272727272727235"
"provider-dataplane",1785355481,"0.0003272727272727235"
"provider-dataplane",1785355486,"0.0003272727272727235"
"provider-dataplane",1785355491,"0.0003272727272727235"
"provider-dataplane",1785355496,"0.0003272727272727235"
"provider-dataplane",1785355501,"0.00030909090909091543"
"provider-dataplane",1785355506,"0.00030909090909091543"
"provider-dataplane",1785355511,"0.00030909090909091543"
"provider-dataplane",1785355516,"0.00030909090909091543"
"provider-dataplane",1785355521,"0.00030909090909091543"
"provider-dataplane",1785355526,"0.00027272727272728304"
"provider-dataplane",1785355531,"0.00027272727272728304"
"provider-dataplane",1785355536,"0.00027272727272728304"
"provider-dataplane",1785355541,"0.00027272727272728304"
"provider-dataplane",1785355546,"0.00027272727272728304"
"provider-dataplane",1785355551,"0.00027272727272728304"
"provider-dataplane",1785355556,"0.00027272727272728304"
"provider-dataplane",1785355561,"0.00027272727272728304"
"provider-dataplane",1785355566,"0.00027272727272728304"
"provider-dataplane",1785355571,"0.00027272727272728304"
"provider-dataplane",1785355576,"0.00027272727272728304"
"provider-dataplane",1785355581,"0.00016363636363636984"
"provider-dataplane",1785355586,"0.00029090909090909113"
"provider-dataplane",1785355591,"0.00029090909090909113"
"provider-dataplane",1785355596,"0.00029090909090909113"
"provider-dataplane",1785355601,"0.00029090909090909113"
"provider-dataplane",1785355606,"0.00040000000000000436"
"provider-dataplane",1785355611,"0.00023636363636363454"
"provider-dataplane",1785355616,"0.00023636363636363454"
"provider-dataplane",1785355621,"0.00023636363636363454"
"provider-dataplane",1785355626,"0.00023636363636363454"
"provider-dataplane",1785355631,"0.00023636363636363454"
"provider-dataplane",1785355636,"0.0004181818181818125"
"provider-dataplane",1785355641,"0.00029090909090909113"
"provider-dataplane",1785355646,"0.00029090909090909113"
"provider-dataplane",1785355651,"0.00029090909090909113"
"provider-dataplane",1785355656,"0.00029090909090909113"
"provider-dataplane",1785355661,"0.00018181818181817793"
"provider-dataplane",1785355666,"0.00034545454545454777"
"provider-dataplane",1785355671,"0.00034545454545454777"
"provider-dataplane",1785355676,"0.00034545454545454777"
"provider-dataplane",1785355681,"0.00034545454545454777"
"provider-dataplane",1785355686,"0.00034545454545454777"
"provider-dataplane",1785355691,"0.00016363636363636984"
"provider-dataplane",1785355696,"0.00029090909090909113"
"provider-dataplane",1785355701,"0.00029090909090909113"
"provider-dataplane",1785355706,"0.00029090909090909113"
"provider-dataplane",1785355711,"0.00029090909090909113"
"provider-dataplane",1785355716,"0.000454545454545461"
"provider-dataplane",1785355721,"0.00029090909090909113"
"provider-dataplane",1785355726,"0.00029090909090909113"
"provider-dataplane",1785355731,"0.00029090909090909113"
"provider-dataplane",1785355736,"0.00029090909090909113"
"provider-dataplane",1785355741,"0.00029090909090909113"
"provider-dataplane",1785355746,"0.00029090909090909113"
"provider-dataplane",1785355751,"0.00016363636363636984"
"provider-dataplane",1785355756,"0.00047272727272728524"
"provider-dataplane",1785355761,"0.00047272727272728524"
"provider-dataplane",1785355766,"0.00047272727272728524"
"provider-dataplane",1785355771,"0.00030909090909091543"
"provider-dataplane",1785355776,"0.00030909090909091543"
"provider-dataplane",1785355781,"0.00043636363636363675"
"provider-dataplane",1785355786,"0.00043636363636363675"
"provider-dataplane",1785355791,"0.00043636363636363675"
"provider-dataplane",1785355796,"0.00043636363636363675"
"provider-dataplane",1785355801,"0.00043636363636363675"
"provider-dataplane",1785355806,"0.00043636363636363675"
"provider-dataplane",1785355811,"0.00025454545454544264"
"provider-dataplane",1785355816,"0.00025454545454544264"
"provider-dataplane",1785355821,"0.00025454545454544264"
"provider-dataplane",1785355826,"0.00025454545454544264"
"provider-dataplane",1785355831,"0.00025454545454544264"
"provider-dataplane",1785355836,"0.00023636363636363454"
"provider-dataplane",1785355841,"0.00023636363636363454"
"provider-dataplane",1785355846,"0.00023636363636363454"
"provider-dataplane",1785355851,"0.00023636363636363454"
"provider-dataplane",1785355856,"0.00023636363636363454"
"provider-dataplane",1785355861,"0.00023636363636363454"
"provider-dataplane",1785355866,"0.0002545454545454588"
"provider-dataplane",1785355871,"0.0002545454545454588"
"provider-dataplane",1785355876,"0.0002545454545454588"
"provider-dataplane",1785355881,"0.0002545454545454588"
"provider-dataplane",1785355886,"0.0002545454545454588"
"provider-dataplane",1785355891,"0.0002727272727272669"
"provider-dataplane",1785355896,"0.0002727272727272669"
"provider-dataplane",1785355901,"0.0002727272727272669"
"provider-dataplane",1785355906,"0.0002727272727272669"
"provider-dataplane",1785355911,"0.0002727272727272669"
"provider-dataplane",1785355916,"0.0002727272727272669"
"provider-dataplane",1785355921,"0.00012727272727272132"
"provider-dataplane",1785355926,"0.00012727272727272132"
"provider-dataplane",1785355931,"0.00025454545454544264"
"provider-dataplane",1785355936,"0.00025454545454544264"
"provider-dataplane",1785355941,"0.00025454545454544264"
"provider-dataplane",1785355946,"0.00012727272727272132"
"provider-dataplane",1785355951,"0.00012727272727272132"
"provider-dataplane",1785355956,"0.00023636363636363454"
"provider-dataplane",1785355961,"0.00023636363636363454"
"provider-dataplane",1785355966,"0.00023636363636363454"
"provider-dataplane",1785355971,"0.00023636363636363454"
"provider-dataplane",1785355976,"0.00023636363636363454"
"provider-dataplane",1785355981,"0.00034545454545454777"
"provider-dataplane",1785355986,"0.00021818181818182645"
"provider-dataplane",1785355991,"0.00021818181818182645"
"provider-dataplane",1785355996,"0.00021818181818182645"
"provider-dataplane",1785356001,"0.00021818181818182645"
"provider-dataplane",1785356006,"0.0004181818181818286"
"provider-dataplane",1785356011,"0.00030909090909091543"
"provider-dataplane",1785356016,"0.00030909090909091543"
"provider-dataplane",1785356021,"0.00030909090909091543"
"provider-dataplane",1785356026,"0.00030909090909091543"
"provider-dataplane",1785356031,"0.00030909090909091543"
"provider-dataplane",1785356036,"0.00020000000000000218"
"provider-dataplane",1785356041,"0.00029090909090909113"
"provider-dataplane",1785356046,"0.00029090909090909113"
"provider-dataplane",1785356051,"0.00029090909090909113"
"provider-dataplane",1785356056,"0.00029090909090909113"
"provider-dataplane",1785356061,"0.00009090909090908897"
"provider-dataplane",1785356066,"0.00009090909090908897"
"provider-dataplane",1785356071,"0.00018181818181817793"
"provider-dataplane",1785356076,"0.00018181818181817793"
"provider-dataplane",1785356081,"0.00018181818181817793"
"provider-dataplane",1785356086,"0.00018181818181817793"
"provider-dataplane",1785356091,"0.00018181818181817793"
"provider-dataplane",1785356096,"0.00009090909090908897"
"provider-dataplane",1785356101,"0.00009090909090908897"
"provider-dataplane",1785356106,"0.00023636363636363454"
"provider-dataplane",1785356111,"0.00023636363636363454"
"provider-dataplane",1785356116,"0.00023636363636363454"
"provider-dataplane",1785356121,"0.00023636363636363454"
"provider-dataplane",1785356126,"0.00014545454545454557"
"provider-dataplane",1785356131,"0.00014545454545454557"
"provider-dataplane",1785356136,"0.0002545454545454588"
"provider-dataplane",1785356141,"0.0002545454545454588"
"provider-dataplane",1785356146,"0.0002545454545454588"
"provider-dataplane",1785356151,"0.0002545454545454588"
"provider-dataplane",1785356156,"0.0002545454545454588"
"provider-dataplane",1785356161,"0.00010909090909091323"
"provider-dataplane",1785356166,"0.00010909090909091323"
"provider-dataplane",1785356171,"0.00023636363636363454"
"provider-dataplane",1785356176,"0.00023636363636363454"
"provider-dataplane",1785356181,"0.00023636363636363454"
"provider-dataplane",1785356186,"0.00023636363636363454"
"provider-dataplane",1785356191,"0.00012727272727272132"
"provider-dataplane",1785356196,"0.00012727272727272132"
"provider-dataplane",1785356201,"0.00012727272727272132"
"provider-dataplane",1785356206,"0.00012727272727272132"
"provider-dataplane",1785356211,"0.00019999999999998605"
"provider-dataplane",1785356216,"0.00019999999999998605"
"provider-dataplane",1785356221,"0.00019999999999998605"
"provider-dataplane",1785356226,"0.00007272727272726472"
"provider-dataplane",1785356231,"0.00007272727272726472"
"provider-dataplane",1785356236,"0.00007272727272726472"
"provider-dataplane",1785356241,"0.00012727272727272132"
"provider-dataplane",1785356246,"0.00012727272727272132"
"provider-dataplane",1785356251,"0.00012727272727272132"
"provider-dataplane",1785356256,"0.00012727272727272132"
"provider-dataplane",1785356261,"0.00012727272727272132"
"provider-dataplane",1785356266,"0.00005454545454545661"
"provider-dataplane",1785356271,"0.00005454545454545661"
"provider-dataplane",1785356276,"0.00005454545454545661"
"provider-dataplane",1785356281,"0.00005454545454545661"
"provider-dataplane",1785356286,"0.00016363636363636984"
"provider-dataplane",1785356291,"0.00016363636363636984"
"provider-dataplane",1785356296,"0.00010909090909091323"
"provider-dataplane",1785356301,"0.00010909090909091323"
"provider-dataplane",1785356306,"0.00010909090909091323"
"provider-dataplane",1785356311,"0.00010909090909091323"
"provider-dataplane",1785356316,"0.00023636363636363454"
"provider-dataplane",1785356321,"0.00023636363636363454"
"provider-dataplane",1785356326,"0.00023636363636363454"
"provider-dataplane",1785356331,"0.00023636363636363454"
"provider-dataplane",1785356336,"0.00023636363636363454"
"provider-dataplane",1785356341,"0.00012727272727272132"
"provider-dataplane",1785356346,"0.00012727272727272132"
"provider-dataplane",1785356351,"0.00012727272727272132"
"provider-dataplane",1785356356,"0.00018181818181817793"
"provider-dataplane",1785356361,"0.00018181818181817793"
"provider-dataplane",1785356366,"0.00018181818181817793"
"provider-dataplane",1785356371,"0.00005454545454545661"
"provider-dataplane",1785356376,"0.00005454545454545661"
"provider-dataplane",1785356381,"0.00005454545454545661"
"provider-dataplane",1785356386,"0.00005454545454545661"
"provider-dataplane",1785356391,"0.00016363636363636984"
"provider-dataplane",1785356396,"0.00016363636363636984"
"provider-dataplane",1785356401,"0.00016363636363636984"
"provider-dataplane",1785356406,"0.00016363636363636984"
"provider-dataplane",1785356411,"0.00010909090909091323"
"provider-dataplane",1785356416,"0.00010909090909091323"
"provider-dataplane",1785356421,"0.00020000000000000218"
"provider-dataplane",1785356426,"0.00020000000000000218"
"provider-dataplane",1785356431,"0.00020000000000000218"
"provider-dataplane",1785356436,"0.00020000000000000218"
"provider-dataplane",1785356441,"0.00020000000000000218"
"provider-dataplane",1785356446,"0.00009090909090908897"
"provider-dataplane",1785356451,"0.00009090909090908897"
"provider-dataplane",1785356456,"0.00009090909090908897"
"provider-dataplane",1785356461,"0.00009090909090908897"
"provider-dataplane",1785356466,"0.00014545454545454557"
"provider-dataplane",1785356471,"0.00014545454545454557"
"provider-dataplane",1785356476,"0.00005454545454545661"
"provider-dataplane",1785356481,"0.00005454545454545661"
"provider-dataplane",1785356486,"0.00014545454545454557"
"provider-dataplane",1785356491,"0.00014545454545454557"
"provider-dataplane",1785356496,"0.00014545454545454557"
"provider-dataplane",1785356501,"0.00014545454545454557"
