series,timestamp,value
"consumer-controlplane",1785352856,"209530528"
"consumer-controlplane",1785352861,"116233008"
"consumer-controlplane",1785352866,"161346952"
"consumer-controlplane",1785352871,"149636040"
"consumer-controlplane",1785352876,"245233936"
"consumer-controlplane",1785352881,"291798160"
"consumer-controlplane",1785352886,"115539472"
"consumer-controlplane",1785352891,"136583256"
"consumer-controlplane",1785352896,"205247928"
"consumer-controlplane",1785352901,"90247488"
"consumer-controlplane",1785352906,"129786712"
"consumer-controlplane",1785352911,"186366256"
"consumer-controlplane",1785352916,"261573944"
"consumer-controlplane",1785352921,"289426952"
"consumer-controlplane",1785352926,"190009488"
"consumer-controlplane",1785352931,"94974000"
"consumer-controlplane",1785352936,"166056856"
"consumer-controlplane",1785352941,"104846136"
"consumer-controlplane",1785352946,"182404568"
"consumer-controlplane",1785352951,"246323128"
"consumer-controlplane",1785352956,"91663312"
"consumer-controlplane",1785352961,"161549720"
"consumer-controlplane",1785352966,"194255880"
"consumer-controlplane",1785352971,"284320520"
"consumer-controlplane",1785352976,"122317680"
"consumer-controlplane",1785352981,"124965112"
"consumer-controlplane",1785352986,"247030720"
"consumer-controlplane",1785352991,"141190352"
"consumer-controlplane",1785352996,"211228536"
"consumer-controlplane",1785353001,"97832304"
"consumer-controlplane",1785353006,"174065552"
"consumer-controlplane",1785353011,"246983864"
"consumer-controlplane",1785353016,"127393680"
"consumer-controlplane",1785353021,"223563680"
"consumer-controlplane",1785353026,"278635048"
"consumer-controlplane",1785353031,"128710880"
"consumer-controlplane",1785353036,"196994872"
"consumer-controlplane",1785353041,"245114648"
"consumer-controlplane",1785353046,"91849616"
"consumer-controlplane",1785353051,"103233296"
"consumer-controlplane",1785353056,"148581456"
"consumer-controlplane",1785353061,"239706824"
"consumer-controlplane",1785353066,"120111240"
"consumer-controlplane",1785353071,"216578464"
"consumer-controlplane",1785353076,"266717712"
"consumer-controlplane",1785353081,"140735600"
"consumer-controlplane",1785353086,"210677176"
"consumer-controlplane",1785353091,"250564696"
"consumer-controlplane",1785353096,"123354536"
"consumer-controlplane",1785353101,"134710760"
"consumer-controlplane",1785353106,"250185896"
"consumer-controlplane",1785353111,"302970512"
"consumer-controlplane",1785353116,"137056936"
"consumer-controlplane",1785353121,"217426792"
"consumer-controlplane",1785353126,"264678296"
"consumer-controlplane",1785353131,"94817536"
"consumer-controlplane",1785353136,"162322464"
"consumer-controlplane",1785353141,"261989040"
"consumer-controlplane",1785353146,"123443496"
"consumer-controlplane",1785353151,"214934872"
"consumer-controlplane",1785353156,"272574784"
"consumer-controlplane",1785353161,"105675656"
"consumer-controlplane",1785353166,"204973000"
"consumer-controlplane",1785353171,"142694344"
"consumer-controlplane",1785353176,"280888776"
"consumer-controlplane",1785353181,"117715912"
"consumer-controlplane",1785353186,"291464808"
"consumer-controlplane",1785353191,"132795112"
"consumer-controlplane",1785353196,"208089584"
"consumer-controlplane",1785353201,"257115920"
"consumer-controlplane",1785353206,"111617840"
"consumer-controlplane",1785353211,"189774480"
"consumer-controlplane",1785353216,"234144992"
"consumer-controlplane",1785353221,"252439680"
"consumer-controlplane",1785353226,"151366024"
"consumer-controlplane",1785353231,"254949704"
"consumer-controlplane",1785353236,"110894064"
"consumer-controlplane",1785353241,"225838040"
"consumer-controlplane",1785353246,"268841536"
"consumer-controlplane",1785353251,"138701168"
"consumer-controlplane",1785353256,"223589944"
"consumer-controlplane",1785353261,"109091936"
"consumer-controlplane",1785353266,"101374432"
"consumer-controlplane",1785353271,"224353784"
"consumer-controlplane",1785353276,"283484608"
"consumer-controlplane",1785353281,"285530680"
"consumer-controlplane",1785353286,"141038608"
"consumer-controlplane",1785353291,"101671928"
"consumer-controlplane",1785353296,"227353504"
"consumer-controlplane",1785353301,"124756472"
"consumer-controlplane",1785353306,"250253808"
"consumer-controlplane",1785353311,"96524600"
"consumer-controlplane",1785353316,"145788184"
"consumer-controlplane",1785353321,"225655576"
"consumer-controlplane",1785353326,"134945424"
"consumer-controlplane",1785353331,"212231888"
"consumer-controlplane",1785353336,"288959160"
"consumer-controlplane",1785353341,"142540008"
"consumer-controlplane",1785353346,"199887464"
"consumer-controlplane",1785353351,"155467416"
"consumer-controlplane",1785353356,"142315880"
"consumer-controlplane",1785353361,"266869032"
"consumer-controlplane",1785353366,"145561792"
"consumer-controlplane",1785353371,"200972560"
"consumer-controlplane",1785353376,"306496560"
"consumer-controlplane",1785353381,"183037024"
"consumer-controlplane",1785353386,"296642056"
"consumer-controlplane",1785353391,"121272856"
"consumer-controlplane",1785353396,"167148176"
"consumer-controlplane",1785353401,"230189656"
"consumer-controlplane",1785353406,"303766440"
"consumer-controlplane",1785353411,"256830696"
"consumer-controlplane",1785353416,"140517024"
"consumer-controlplane",1785353421,"198053872"
"consumer-controlplane",1785353426,"256116688"
"consumer-controlplane",1785353431,"142857320"
"consumer-controlplane",1785353436,"181235904"
"consumer-controlplane",1785353441,"218390592"
"consumer-controlplane",1785353446,"276343200"
"consumer-controlplane",1785353451,"133281744"
"consumer-controlplane",1785353456,"175072184"
"consumer-controlplane",1785353461,"224532816"
"consumer-controlplane",1785353466,"141379992"
"consumer-controlplane",1785353471,"233300320"
"consumer-controlplane",1785353476,"146511008"
"consumer-controlplane",1785353481,"205498128"
"consumer-controlplane",1785353486,"295621432"
"consumer-controlplane",1785353491,"187646656"
"consumer-controlplane",1785353496,"223092688"
"consumer-controlplane",1785353501,"271060752"
"consumer-controlplane",1785353506,"140560600"
"consumer-controlplane",1785353511,"208192552"
"consumer-controlplane",1785353516,"304037320"
"consumer-controlplane",1785353521,"118118672"
"consumer-controlplane",1785353526,"185125952"
"consumer-controlplane",1785353531,"138236368"
"consumer-controlplane",1785353536,"216767440"
"consumer-controlplane",1785353541,"110980832"
"consumer-controlplane",1785353546,"162048280"
"consumer-controlplane",1785353551,"288906720"
"consumer-controlplane",1785353556,"137593792"
"consumer-controlplane",1785353561,"283352440"
"consumer-controlplane",1785353566,"170868808"
"consumer-controlplane",1785353571,"205467000"
"consumer-controlplane",1785353576,"237647856"
"consumer-controlplane",1785353581,"107035648"
"consumer-controlplane",1785353586,"236126648"
"consumer-controlplane",1785353591,"306326904"
"consumer-controlplane",1785353596,"199991424"
"consumer-controlplane",1785353601,"274445488"
"consumer-controlplane",1785353606,"112532088"
"consumer-controlplane",1785353611,"244028080"
"consumer-controlplane",1785353616,"103402688"
"consumer-controlplane",1785353621,"156809984"
"consumer-controlplane",1785353626,"244068488"
"consumer-controlplane",1785353631,"103129008"
"consumer-controlplane",1785353636,"108480992"
"consumer-controlplane",1785353641,"169996496"
"consumer-controlplane",1785353646,"192684704"
"consumer-controlplane",1785353651,"155650912"
"consumer-controlplane",1785353656,"289901656"
"consumer-controlplane",1785353661,"233094096"
"consumer-controlplane",1785353666,"104867408"
"consumer-controlplane",1785353671,"152104056"
"consumer-controlplane",1785353676,"256518088"
"consumer-controlplane",1785353681,"122396072"
"consumer-controlplane",1785353686,"215125560"
"consumer-controlplane",1785353691,"113314584"
"consumer-controlplane",1785353696,"135447800"
"consumer-controlplane",1785353701,"191322480"
"consumer-controlplane",1785353706,"103499160"
"consumer-controlplane",1785353711,"161369016"
"consumer-controlplane",1785353716,"256084520"
"consumer-controlplane",1785353721,"123994152"
"consumer-controlplane",1785353726,"183664296"
"consumer-controlplane",1785353731,"271539696"
"consumer-controlplane",1785353736,"98131024"
"consumer-controlplane",1785353741,"131023976"
"consumer-controlplane",1785353746,"221313432"
"consumer-controlplane",1785353751,"298203992"
"consumer-controlplane",1785353756,"151870704"
"consumer-controlplane",1785353761,"254168792"
"consumer-controlplane",1785353766,"148947976"
"consumer-controlplane",1785353771,"259684384"
"consumer-controlplane",1785353776,"278564824"
"consumer-controlplane",1785353781,"114750408"
"consumer-controlplane",1785353786,"237890464"
"consumer-controlplane",1785353791,"297120048"
"consumer-controlplane",1785353796,"145083880"
"consumer-controlplane",1785353801,"208302264"
"consumer-controlplane",1785353806,"125495440"
"consumer-controlplane",1785353811,"155325240"
"consumer-controlplane",1785353816,"195268960"
"consumer-controlplane",1785353821,"96632168"
"consumer-controlplane",1785353826,"197080952"
"consumer-controlplane",1785353831,"271767576"
"consumer-controlplane",1785353836,"221539848"
"consumer-controlplane",1785353841,"238722552"
"consumer-controlplane",1785353846,"151484712"
"consumer-controlplane",1785353851,"172732824"
"consumer-controlplane",1785353856,"266027704"
"consumer-controlplane",1785353861,"104599040"
"consumer-controlplane",1785353866,"181353744"
"consumer-controlplane",1785353871,"230864312"
"consumer-controlplane",1785353876,"117554768"
"consumer-controlplane",1785353881,"237681248"
"consumer-controlplane",1785353886,"295793152"
"consumer-controlplane",1785353891,"186858640"
"consumer-controlplane",1785353896,"307225432"
"consumer-controlplane",1785353901,"188087552"
"consumer-controlplane",1785353906,"111570136"
"consumer-controlplane",1785353911,"140918216"
"consumer-controlplane",1785353916,"245286432"
"consumer-controlplane",1785353921,"125530112"
"consumer-controlplane",1785353926,"161906736"
"consumer-controlplane",1785353931,"167321576"
"consumer-controlplane",1785353936,"237012320"
"consumer-controlplane",1785353941,"108491672"
"consumer-controlplane",1785353946,"94198496"
"consumer-controlplane",1785353951,"180163952"
"consumer-controlplane",1785353956,"267117672"
"consumer-controlplane",1785353961,"161866696"
"consumer-controlplane",1785353966,"261878488"
"consumer-controlplane",1785353971,"174224632"
"consumer-controlplane",1785353976,"201504280"
"consumer-controlplane",1785353981,"241694200"
"consumer-controlplane",1785353986,"103715960"
"consumer-controlplane",1785353991,"177786752"
"consumer-controlplane",1785353996,"264893688"
"consumer-controlplane",1785354001,"160940008"
"consumer-controlplane",1785354006,"280385464"
"consumer-controlplane",1785354011,"152082464"
"consumer-controlplane",1785354016,"259438720"
"consumer-controlplane",1785354021,"303702776"
"consumer-controlplane",1785354026,"135548832"
"consumer-controlplane",1785354031,"219451712"
"consumer-controlplane",1785354036,"300765488"
"consumer-controlplane",1785354041,"110419928"
"consumer-controlplane",1785354046,"162564864"
"consumer-controlplane",1785354051,"215206576"
"consumer-controlplane",1785354056,"286755992"
"consumer-controlplane",1785354061,"153278568"
"consumer-controlplane",1785354066,"257896344"
"consumer-controlplane",1785354071,"150537536"
"consumer-controlplane",1785354076,"275628376"
"consumer-controlplane",1785354081,"163571288"
"consumer-controlplane",1785354086,"243565592"
"consumer-controlplane",1785354091,"105509760"
"consumer-controlplane",1785354096,"222716016"
"consumer-controlplane",1785354101,"247083176"
"consumer-controlplane",1785354106,"130493872"
"consumer-controlplane",1785354111,"200376984"
"consumer-controlplane",1785354116,"236871016"
"consumer-controlplane",1785354121,"156846240"
"consumer-controlplane",1785354126,"281704552"
"consumer-controlplane",1785354131,"189435872"
"consumer-controlplane",1785354136,"99124720"
"consumer-controlplane",1785354141,"215544440"
"consumer-controlplane",1785354146,"280333304"
"consumer-controlplane",1785354151,"129770656"
"consumer-controlplane",1785354156,"201143008"
"consumer-controlplane",1785354161,"283984848"
"consumer-controlplane",1785354166,"104135824"
"consumer-controlplane",1785354171,"172894336"
"consumer-controlplane",1785354176,"204241472"
"consumer-controlplane",1785354181,"116615112"
"consumer-controlplane",1785354186,"221489712"
"consumer-controlplane",1785354191,"106137288"
"consumer-controlplane",1785354196,"192678824"
"consumer-controlplane",1785354201,"286510432"
"consumer-controlplane",1785354206,"292410256"
"consumer-controlplane",1785354211,"159427408"
"consumer-controlplane",1785354216,"200616904"
"consumer-controlplane",1785354221,"301415392"
"consumer-controlplane",1785354226,"211069392"
"consumer-controlplane",1785354231,"252984056"
"consumer-controlplane",1785354236,"134088960"
"consumer-controlplane",1785354241,"198552232"
"consumer-controlplane",1785354246,"170680696"
"consumer-controlplane",1785354251,"259131624"
"consumer-controlplane",1785354256,"179754560"
"consumer-controlplane",1785354261,"242948624"
"consumer-controlplane",1785354266,"139131160"
"consumer-controlplane",1785354271,"165729104"
"consumer-controlplane",1785354276,"280254056"
"consumer-controlplane",1785354281,"282745736"
"consumer-controlplane",1785354286,"152886912"
"consumer-controlplane",1785354291,"271708072"
"consumer-controlplane",1785354296,"127238552"
"consumer-controlplane",1785354301,"241988536"
"consumer-controlplane",1785354306,"306561944"
"consumer-controlplane",1785354311,"181512912"
"consumer-controlplane",1785354316,"181512912"
"consumer-controlplane",1785354321,"235308312"
"consumer-controlplane",1785354326,"116578232"
"consumer-controlplane",1785354331,"185131024"
"consumer-controlplane",1785354336,"302351984"
"consumer-controlplane",1785354341,"127100912"
"consumer-controlplane",1785354346,"201503944"
"consumer-controlplane",1785354351,"262793864"
"consumer-controlplane",1785354356,"166276048"
"consumer-controlplane",1785354361,"229643848"
"consumer-controlplane",1785354366,"144361184"
"consumer-controlplane",1785354371,"217666944"
"consumer-controlplane",1785354376,"298601528"
"consumer-controlplane",1785354381,"171682656"
"consumer-controlplane",1785354386,"250180392"
"consumer-controlplane",1785354391,"226687736"
"consumer-controlplane",1785354396,"170744264"
"consumer-controlplane",1785354401,"252182720"
"consumer-controlplane",1785354406,"280811536"
"consumer-controlplane",1785354411,"161615104"
"consumer-controlplane",1785354416,"286628072"
"consumer-controlplane",1785354421,"103002944"
"consumer-controlplane",1785354426,"227606088"
"consumer-controlplane",1785354431,"173845112"
"consumer-controlplane",1785354436,"279333984"
"consumer-controlplane",1785354441,"184880168"
"consumer-controlplane",1785354446,"307105224"
"consumer-controlplane",1785354451,"197061808"
"consumer-controlplane",1785354456,"278898808"
"consumer-controlplane",1785354461,"167875584"
"consumer-controlplane",1785354466,"254447600"
"consumer-controlplane",1785354471,"114780008"
"consumer-controlplane",1785354476,"195696000"
"consumer-controlplane",1785354481,"260747680"
"consumer-controlplane",1785354486,"181985680"
"consumer-controlplane",1785354491,"133831608"
"consumer-controlplane",1785354496,"231693736"
"consumer-controlplane",1785354501,"141352672"
"consumer-controlplane",1785354506,"231101440"
"consumer-controlplane",1785354511,"140303680"
"consumer-controlplane",1785354516,"243821528"
"consumer-controlplane",1785354521,"122584288"
"consumer-controlplane",1785354526,"217897320"
"consumer-controlplane",1785354531,"297253376"
"consumer-controlplane",1785354536,"180596864"
"consumer-controlplane",1785354541,"270165784"
"consumer-controlplane",1785354546,"185314368"
"consumer-controlplane",1785354551,"125072176"
"consumer-controlplane",1785354556,"241401328"
"consumer-controlplane",1785354561,"310191568"
"consumer-controlplane",1785354566,"155046576"
"consumer-controlplane",1785354571,"251514680"
"consumer-controlplane",1785354576,"141143536"
"consumer-controlplane",1785354581,"234183976"
"consumer-controlplane",1785354586,"98681528"
"consumer-controlplane",1785354591,"204333672"
"consumer-controlplane",1785354596,"273949784"
"consumer-controlplane",1785354601,"149354056"
"consumer-controlplane",1785354606,"115386408"
"consumer-controlplane",1785354611,"138557232"
"consumer-controlplane",1785354616,"241140432"
"consumer-controlplane",1785354621,"291300496"
"consumer-controlplane",1785354626,"184039248"
"consumer-controlplane",1785354631,"215181480"
"consumer-controlplane",1785354636,"303195624"
"consumer-controlplane",1785354641,"119566760"
"consumer-controlplane",1785354646,"178519184"
"consumer-controlplane",1785354651,"291129448"
"consumer-controlplane",1785354656,"136591080"
"consumer-controlplane",1785354661,"216592024"
"consumer-controlplane",1785354666,"310908664"
"consumer-controlplane",1785354671,"267909840"
"consumer-controlplane",1785354676,"151611680"
"consumer-controlplane",1785354681,"241264968"
"consumer-controlplane",1785354686,"176661120"
"consumer-controlplane",1785354691,"104915512"
"consumer-controlplane",1785354696,"146015544"
"consumer-controlplane",1785354701,"211890888"
"consumer-controlplane",1785354706,"308730720"
"consumer-controlplane",1785354711,"215427160"
"consumer-controlplane",1785354716,"270501072"
"consumer-controlplane",1785354721,"113201552"
"consumer-controlplane",1785354726,"214270040"
"consumer-controlplane",1785354731,"122491680"
"consumer-controlplane",1785354736,"214716408"
"consumer-controlplane",1785354741,"199658376"
"consumer-controlplane",1785354746,"270462192"
"consumer-controlplane",1785354751,"106963088"
"consumer-controlplane",1785354756,"219726416"
"consumer-controlplane",1785354761,"295785064"
"consumer-controlplane",1785354766,"189491760"
"consumer-controlplane",1785354771,"271360160"
"consumer-controlplane",1785354776,"186739856"
"consumer-controlplane",1785354781,"253824112"
"consumer-controlplane",1785354786,"142244768"
"consumer-controlplane",1785354791,"283754432"
"consumer-controlplane",1785354796,"188122744"
"consumer-controlplane",1785354801,"125471000"
"consumer-controlplane",1785354806,"221384416"
"consumer-controlplane",1785354811,"290525496"
"consumer-controlplane",1785354816,"158348136"
"consumer-controlplane",1785354821,"269713072"
"consumer-controlplane",1785354826,"147840648"
"consumer-controlplane",1785354831,"265041440"
"consumer-controlplane",1785354836,"189977992"
"consumer-controlplane",1785354841,"269944552"
"consumer-controlplane",1785354846,"121166832"
"consumer-controlplane",1785354851,"266551992"
"consumer-controlplane",1785354856,"189601192"
"consumer-controlplane",1785354861,"121832504"
"consumer-controlplane",1785354866,"236975744"
"consumer-controlplane",1785354871,"126751384"
"consumer-controlplane",1785354876,"287090728"
"consumer-controlplane",1785354881,"126227096"
"consumer-controlplane",1785354886,"247151976"
"consumer-controlplane",1785354891,"137053688"
"consumer-controlplane",1785354896,"158470688"
"consumer-controlplane",1785354901,"229526072"
"consumer-controlplane",1785354906,"158731488"
"consumer-controlplane",1785354911,"231077224"
"consumer-controlplane",1785354916,"142508624"
"consumer-controlplane",1785354921,"198791912"
"consumer-controlplane",1785354926,"255113288"
"consumer-controlplane",1785354931,"114294144"
"consumer-controlplane",1785354936,"213393000"
"consumer-controlplane",1785354941,"277770544"
"consumer-controlplane",1785354946,"137940320"
"consumer-controlplane",1785354951,"176655568"
"consumer-controlplane",1785354956,"113205176"
"consumer-controlplane",1785354961,"166706568"
"consumer-controlplane",1785354966,"260426904"
"consumer-controlplane",1785354971,"167520872"
"consumer-controlplane",1785354976,"281587040"
"consumer-controlplane",1785354981,"127900176"
"consumer-controlplane",1785354986,"193084680"
"consumer-controlplane",1785354991,"305968200"
"consumer-controlplane",1785354996,"204181824"
"consumer-controlplane",1785355001,"249877728"
"consumer-controlplane",1785355006,"128673248"
"consumer-controlplane",1785355011,"223965328"
"consumer-controlplane",1785355016,"118876816"
"consumer-controlplane",1785355021,"233262408"
"consumer-controlplane",1785355026,"132416128"
"consumer-controlplane",1785355031,"284752104"
"consumer-controlplane",1785355036,"193557968"
"consumer-controlplane",1785355041,"119953008"
"consumer-controlplane",1785355046,"223009720"
"consumer-controlplane",1785355051,"173639280"
"consumer-controlplane",1785355056,"281386336"
"consumer-controlplane",1785355061,"152929512"
"consumer-controlplane",1785355066,"112763096"
"consumer-controlplane",1785355071,"249789648"
"consumer-controlplane",1785355076,"110618224"
"consumer-controlplane",1785355081,"245216152"
"consumer-controlplane",1785355086,"176132408"
"consumer-controlplane",1785355091,"306621400"
"consumer-controlplane",1785355096,"238096920"
"consumer-controlplane",1785355101,"173482592"
"consumer-controlplane",1785355106,"141571728"
"consumer-controlplane",1785355111,"233451048"
"consumer-controlplane",1785355116,"146748480"
"consumer-controlplane",1785355121,"264101072"
"consumer-controlplane",1785355126,"198883728"
"consumer-controlplane",1785355131,"113108816"
"consumer-controlplane",1785355136,"282790920"
"consumer-controlplane",1785355141,"112198880"
"consumer-controlplane",1785355146,"252370656"
"consumer-controlplane",1785355151,"193633880"
"consumer-controlplane",1785355156,"145462328"
"consumer-controlplane",1785355161,"114048456"
"consumer-controlplane",1785355166,"104840984"
"consumer-controlplane",1785355171,"261735616"
"consumer-controlplane",1785355176,"183533112"
"consumer-controlplane",1785355181,"289947424"
"consumer-controlplane",1785355186,"235477592"
"consumer-controlplane",1785355191,"120741536"
"consumer-controlplane",1785355196,"276831872"
"consumer-controlplane",1785355201,"181113504"
"consumer-controlplane",1785355206,"130701208"
"consumer-controlplane",1785355211,"280696552"
"consumer-controlplane",1785355216,"214222224"
"consumer-controlplane",1785355221,"149232240"
"consumer-controlplane",1785355226,"295860784"
"consumer-controlplane",1785355231,"123389904"
"consumer-controlplane",1785355236,"264841144"
"consumer-controlplane",1785355241,"122251048"
"consumer-controlplane",1785355246,"227469656"
"consumer-controlplane",1785355251,"147394688"
"consumer-controlplane",1785355256,"299582304"
"consumer-controlplane",1785355261,"156570144"
"consumer-controlplane",1785355266,"261181008"
"consumer-controlplane",1785355271,"231484096"
"consumer-controlplane",1785355276,"150755504"
"consumer-controlplane",1785355281,"255105560"
"consumer-controlplane",1785355286,"183437448"
"consumer-controlplane",1785355291,"239877320"
"consumer-controlplane",1785355296,"140854688"
"consumer-controlplane",1785355301,"295654264"
"consumer-controlplane",1785355306,"153958624"
"consumer-controlplane",1785355311,"281857968"
"consumer-controlplane",1785355316,"187872256"
"consumer-controlplane",1785355321,"291831904"
"consumer-controlplane",1785355326,"242137624"
"consumer-controlplane",1785355331,"116396240"
"consumer-controlplane",1785355336,"288744024"
"consumer-controlplane",1785355341,"211419888"
"consumer-controlplane",1785355346,"123309520"
"consumer-controlplane",1785355351,"251931808"
"consumer-controlplane",1785355356,"211105232"
"consumer-controlplane",1785355361,"242586552"
"consumer-controlplane",1785355366,"203800624"
"consumer-controlplane",1785355371,"132215920"
"consumer-controlplane",1785355376,"248682024"
"consumer-controlplane",1785355381,"147997560"
"consumer-controlplane",1785355386,"292317928"
"consumer-controlplane",1785355391,"204782152"
"consumer-controlplane",1785355396,"232427296"
"consumer-controlplane",1785355401,"161123728"
"consumer-controlplane",1785355406,"292480056"
"consumer-controlplane",1785355411,"251975032"
"consumer-controlplane",1785355416,"141817824"
"consumer-controlplane",1785355421,"276174952"
"consumer-controlplane",1785355426,"171004840"
"consumer-controlplane",1785355431,"276236936"
"consumer-controlplane",1785355436,"207582560"
"consumer-controlplane",1785355441,"272096456"
"consumer-controlplane",1785355446,"199622032"
"consumer-controlplane",1785355451,"198612856"
"consumer-controlplane",1785355456,"153480984"
"consumer-controlplane",1785355461,"275051416"
"consumer-controlplane",1785355466,"242100960"
"consumer-controlplane",1785355471,"187596944"
"consumer-controlplane",1785355476,"283547944"
"consumer-controlplane",1785355481,"199724224"
"consumer-controlplane",1785355486,"142317304"
"consumer-controlplane",1785355491,"286187848"
"consumer-controlplane",1785355496,"178638408"
"consumer-controlplane",1785355501,"248731528"
"consumer-controlplane",1785355506,"174594344"
"consumer-controlplane",1785355511,"313758256"
"consumer-controlplane",1785355516,"260342552"
"consumer-controlplane",1785355521,"189903592"
"consumer-controlplane",1785355526,"318946624"
"consumer-controlplane",1785355531,"280349696"
"consumer-controlplane",1785355536,"169460824"
"consumer-controlplane",1785355541,"277515024"
"consumer-controlplane",1785355546,"180911944"
"consumer-controlplane",1785355551,"304287416"
"consumer-controlplane",1785355556,"204400832"
"consumer-controlplane",1785355561,"144316352"
"consumer-controlplane",1785355566,"302656784"
"consumer-controlplane",1785355571,"320621840"
"consumer-controlplane",1785355576,"222288336"
"consumer-controlplane",1785355581,"179167056"
"consumer-controlplane",1785355586,"290300760"
"consumer-controlplane",1785355591,"188695096"
"consumer-controlplane",1785355596,"160130064"
"consumer-controlplane",1785355601,"119757152"
"consumer-controlplane",1785355606,"158259304"
"consumer-controlplane",1785355611,"293251528"
"consumer-controlplane",1785355616,"274316328"
"consumer-controlplane",1785355621,"310437024"
"consumer-controlplane",1785355626,"291644576"
"consumer-controlplane",1785355631,"172534608"
"consumer-controlplane",1785355636,"126334392"
"consumer-controlplane",1785355641,"224503048"
"consumer-controlplane",1785355646,"111945472"
"consumer-controlplane",1785355651,"230936576"
"consumer-controlplane",1785355656,"165124064"
"consumer-controlplane",1785355661,"279877352"
"consumer-controlplane",1785355666,"275440824"
"consumer-controlplane",1785355671,"168275016"
"consumer-controlplane",1785355676,"284258232"
"consumer-controlplane",1785355681,"207126984"
"consumer-controlplane",1785355686,"310371176"
"consumer-controlplane",1785355691,"255972528"
"consumer-controlplane",1785355696,"216790240"
"consumer-controlplane",1785355701,"175552080"
"consumer-controlplane",1785355706,"316049856"
"consumer-controlplane",1785355711,"258041024"
"consumer-controlplane",1785355716,"180323448"
"consumer-controlplane",1785355721,"280104024"
"consumer-controlplane",1785355726,"212270680"
"consumer-controlplane",1785355731,"137816144"
"consumer-controlplane",1785355736,"320347536"
"consumer-controlplane",1785355741,"194367720"
"consumer-controlplane",1785355746,"147230016"
"consumer-controlplane",1785355751,"299193464"
"consumer-controlplane",1785355756,"252785336"
"consumer-controlplane",1785355761,"217764808"
"consumer-controlplane",1785355766,"137174544"
"consumer-controlplane",1785355771,"285072904"
"consumer-controlplane",1785355776,"213725232"
"consumer-controlplane",1785355781,"191324616"
"consumer-controlplane",1785355786,"277332776"
"consumer-controlplane",1785355791,"239645544"
"consumer-controlplane",1785355796,"115532000"
"consumer-controlplane",1785355801,"239879704"
"consumer-controlplane",1785355806,"180954888"
"consumer-controlplane",1785355811,"188252184"
"consumer-controlplane",1785355816,"178666328"
"consumer-controlplane",1785355821,"136338792"
"consumer-controlplane",1785355826,"244134696"
"consumer-controlplane",1785355831,"129097080"
"consumer-controlplane",1785355836,"304888488"
"consumer-controlplane",1785355841,"169853480"
"consumer-controlplane",1785355846,"271916032"
"consumer-controlplane",1785355851,"265997872"
"consumer-controlplane",1785355856,"200074144"
"consumer-controlplane",1785355861,"300661592"
"consumer-controlplane",1785355866,"294324088"
"consumer-controlplane",1785355871,"229312680"
"consumer-controlplane",1785355876,"130665856"
"consumer-controlplane",1785355881,"299227096"
"consumer-controlplane",1785355886,"289795216"
"consumer-controlplane",1785355891,"239858928"
"consumer-controlplane",1785355896,"160192864"
"consumer-controlplane",1785355901,"207623256"
"consumer-controlplane",1785355906,"147992616"
"consumer-controlplane",1785355911,"275345712"
"consumer-controlplane",1785355916,"259807792"
"consumer-controlplane",1785355921,"176946448"
"consumer-controlplane",1785355926,"144186744"
"consumer-controlplane",1785355931,"306079136"
"consumer-controlplane",1785355936,"308965736"
"consumer-controlplane",1785355941,"260023696"
"consumer-controlplane",1785355946,"222128104"
"consumer-controlplane",1785355951,"122493352"
"consumer-controlplane",1785355956,"290592272"
"consumer-controlplane",1785355961,"228927904"
"consumer-controlplane",1785355966,"197323224"
"consumer-controlplane",1785355971,"167115304"
"consumer-controlplane",1785355976,"124847024"
"consumer-controlplane",1785355981,"251318624"
"consumer-controlplane",1785355986,"243464272"
"consumer-controlplane",1785355991,"294029560"
"consumer-controlplane",1785355996,"242908792"
"consumer-controlplane",1785356001,"208830888"
"consumer-controlplane",1785356006,"293090920"
"consumer-controlplane",1785356011,"216351472"
"consumer-controlplane",1785356016,"168111464"
"consumer-controlplane",1785356021,"270726136"
"consumer-controlplane",1785356026,"290202640"
"consumer-controlplane",1785356031,"240567664"
"consumer-controlplane",1785356036,"197575152"
"consumer-controlplane",1785356041,"148983656"
"consumer-controlplane",1785356046,"272757728"
"consumer-controlplane",1785356051,"309484920"
"consumer-controlplane",1785356056,"278568936"
"consumer-controlplane",1785356061,"257492392"
"consumer-controlplane",1785356066,"217589968"
"consumer-controlplane",1785356071,"187676448"
"consumer-controlplane",1785356076,"135693720"
"consumer-controlplane",1785356081,"315425984"
"consumer-controlplane",1785356086,"220980104"
"consumer-controlplane",1785356091,"279126672"
"consumer-controlplane",1785356096,"262408184"
"consumer-controlplane",1785356101,"151749792"
"consumer-controlplane",1785356106,"154835768"
"consumer-controlplane",1785356111,"135513264"
"consumer-controlplane",1785356116,"157449728"
"consumer-controlplane",1785356121,"282154056"
"consumer-controlplane",1785356126,"234208096"
"consumer-controlplane",1785356131,"148612480"
"consumer-controlplane",1785356136,"322531464"
"consumer-controlplane",1785356141,"307628048"
"consumer-controlplane",1785356146,"326793392"
"consumer-controlplane",1785356151,"308067848"
"consumer-controlplane",1785356156,"269212248"
"consumer-controlplane",1785356161,"203594440"
"consumer-controlplane",1785356166,"233141168"
"consumer-controlplane",1785356171,"244833200"
"consumer-controlplane",1785356176,"155487848"
"consumer-controlplane",1785356181,"212613464"
"consumer-controlplane",1785356186,"159342472"
"consumer-controlplane",1785356191,"262702480"
"consumer-controlplane",1785356196,"278252424"
"consumer-controlplane",1785356201,"188927288"
"consumer-controlplane",1785356206,"174466384"
"consumer-controlplane",1785356211,"176420312"
"consumer-controlplane",1785356216,"197368416"
"consumer-controlplane",1785356221,"166997016"
"consumer-controlplane",1785356226,"175431368"
"consumer-controlplane",1785356231,"174892408"
"consumer-controlplane",1785356236,"230216640"
"consumer-controlplane",1785356241,"178243424"
"consumer-controlplane",1785356246,"125737216"
"consumer-controlplane",1785356251,"130292360"
"consumer-controlplane",1785356256,"117610488"
"consumer-controlplane",1785356261,"284832552"
"consumer-controlplane",1785356266,"223974272"
"consumer-controlplane",1785356271,"194308464"
"consumer-controlplane",1785356276,"141931712"
"consumer-controlplane",1785356281,"322985472"
"consumer-controlplane",1785356286,"280754152"
"consumer-controlplane",1785356291,"314596712"
"consumer-controlplane",1785356296,"298568000"
"consumer-controlplane",1785356301,"246626488"
"consumer-controlplane",1785356306,"277699936"
"consumer-controlplane",1785356311,"212979304"
"consumer-controlplane",1785356316,"199331816"
"consumer-controlplane",1785356321,"143689264"
"consumer-controlplane",1785356326,"164808824"
"consumer-controlplane",1785356331,"180112224"
"consumer-controlplane",1785356336,"321201536"
"consumer-controlplane",1785356341,"314881448"
"consumer-controlplane",1785356346,"243440480"
"consumer-controlplane",1785356351,"274493056"
"consumer-controlplane",1785356356,"264912056"
"consumer-controlplane",1785356361,"268845784"
"consumer-controlplane",1785356366,"262244760"
"consumer-controlplane",1785356371,"164066240"
"consumer-controlplane",1785356376,"170087168"
"consumer-controlplane",1785356381,"330235568"
"consumer-controlplane",1785356386,"313103248"
"consumer-controlplane",1785356391,"301303592"
"consumer-controlplane",1785356396,"260398792"
"consumer-controlplane",1785356401,"181700120"
"consumer-controlplane",1785356406,"164611928"
"consumer-controlplane",1785356411,"191775920"
"consumer-controlplane",1785356416,"164011216"
"consumer-controlplane",1785356421,"132831280"
"consumer-controlplane",1785356426,"301983720"
"consumer-controlplane",1785356431,"299320352"
"consumer-controlplane",1785356436,"269579464"
"consumer-controlplane",1785356441,"204683432"
"consumer-controlplane",1785356446,"159805048"
"consumer-controlplane",1785356451,"321587432"
"consumer-controlplane",1785356456,"306569416"
"consumer-controlplane",1785356461,"231335040"
"consumer-controlplane",1785356466,"215317816"
"consumer-controlplane",1785356471,"213240144"
"consumer-controlplane",1785356476,"197787056"
"consumer-controlplane",1785356481,"133554040"
"consumer-controlplane",1785356486,"274046720"
"consumer-controlplane",1785356491,"168682496"
"consumer-controlplane",1785356496,"276979176"
"consumer-controlplane",1785356501,"156524960"
"consumer-dataplane",1785352856,"74040800"
"consumer-dataplane",1785352861,"74070856"
"consumer-dataplane",1785352866,"76372496"
"consumer-dataplane",1785352871,"76899952"
"consumer-dataplane",1785352876,"76938080"
"consumer-dataplane",1785352881,"79234328"
"consumer-dataplane",1785352886,"79697176"
"consumer-dataplane",1785352891,"79710816"
"consumer-dataplane",1785352896,"81998280"
"consumer-dataplane",1785352901,"82028976"
"consumer-dataplane",1785352906,"82529976"
"consumer-dataplane",1785352911,"82570624"
"consumer-dataplane",1785352916,"84898936"
"consumer-dataplane",1785352921,"85386408"
"consumer-dataplane",1785352926,"85421784"
"consumer-dataplane",1785352931,"87753408"
"consumer-dataplane",1785352936,"87761616"
"consumer-dataplane",1785352941,"88224520"
"consumer-dataplane",1785352946,"90495488"
"consumer-dataplane",1785352951,"90534392"
"consumer-dataplane",1785352956,"91052000"
"consumer-dataplane",1785352961,"93361176"
"consumer-dataplane",1785352966,"93383664"
"consumer-dataplane",1785352971,"93400064"
"consumer-dataplane",1785352976,"93943664"
"consumer-dataplane",1785352981,"96221072"
"consumer-dataplane",1785352986,"96281128"
"consumer-dataplane",1785352991,"96760376"
"consumer-dataplane",1785352996,"99039672"
"consumer-dataplane",1785353001,"99078576"
"consumer-dataplane",1785353006,"99557840"
"consumer-dataplane",1785353011,"101847864"
"consumer-dataplane",1785353016,"101900296"
"consumer-dataplane",1785353021,"101933016"
"consumer-dataplane",1785353026,"102436528"
"consumer-dataplane",1785353031,"104715632"
"consumer-dataplane",1785353036,"104886280"
"consumer-dataplane",1785353041,"105427256"
"consumer-dataplane",1785353046,"107720696"
"consumer-dataplane",1785353051,"107734416"
"consumer-dataplane",1785353056,"107734416"
"consumer-dataplane",1785353061,"110468320"
"consumer-dataplane",1785353066,"110507224"
"consumer-dataplane",1785353071,"110545376"
"consumer-dataplane",1785353076,"113265600"
"consumer-dataplane",1785353081,"113310016"
"consumer-dataplane",1785353086,"113318224"
"consumer-dataplane",1785353091,"113824448"
"consumer-dataplane",1785353096,"116185552"
"consumer-dataplane",1785353101,"116193760"
"consumer-dataplane",1785353106,"116193760"
"consumer-dataplane",1785353111,"118927784"
"consumer-dataplane",1785353116,"118980360"
"consumer-dataplane",1785353121,"118991224"
"consumer-dataplane",1785353126,"121771376"
"consumer-dataplane",1785353131,"121802072"
"consumer-dataplane",1785353136,"121810280"
"consumer-dataplane",1785353141,"122379424"
"consumer-dataplane",1785353146,"124613120"
"consumer-dataplane",1785353151,"124651248"
"consumer-dataplane",1785353156,"124811040"
"consumer-dataplane",1785353161,"127569448"
"consumer-dataplane",1785353166,"127600144"
"consumer-dataplane",1785353171,"127621872"
"consumer-dataplane",1785353176,"130410344"
"consumer-dataplane",1785353181,"130470984"
"consumer-dataplane",1785353186,"130479192"
"consumer-dataplane",1785353191,"132758464"
"consumer-dataplane",1785353196,"133260216"
"consumer-dataplane",1785353201,"133276632"
"consumer-dataplane",1785353206,"133355480"
"consumer-dataplane",1785353211,"136065216"
"consumer-dataplane",1785353216,"136178608"
"consumer-dataplane",1785353221,"136178608"
"consumer-dataplane",1785353226,"138465984"
"consumer-dataplane",1785353231,"138943232"
"consumer-dataplane",1785353236,"138973176"
"consumer-dataplane",1785353241,"141244184"
"consumer-dataplane",1785353246,"141754128"
"consumer-dataplane",1785353251,"141778752"
"consumer-dataplane",1785353256,"141879568"
"consumer-dataplane",1785353261,"144614208"
"consumer-dataplane",1785353266,"144614208"
"consumer-dataplane",1785353271,"144657520"
"consumer-dataplane",1785353276,"147063936"
"consumer-dataplane",1785353281,"147549288"
"consumer-dataplane",1785353286,"147573912"
"consumer-dataplane",1785353291,"149883288"
"consumer-dataplane",1785353296,"150385024"
"consumer-dataplane",1785353301,"150393232"
"consumer-dataplane",1785353306,"150491336"
"consumer-dataplane",1785353311,"152727768"
"consumer-dataplane",1785353316,"153223272"
"consumer-dataplane",1785353321,"153255728"
"consumer-dataplane",1785353326,"155510656"
"consumer-dataplane",1785353331,"155987832"
"consumer-dataplane",1785353336,"156006904"
"consumer-dataplane",1785353341,"158329232"
"consumer-dataplane",1785353346,"158874648"
"consumer-dataplane",1785353351,"158874648"
"consumer-dataplane",1785353356,"161153840"
"consumer-dataplane",1785353361,"161192728"
"consumer-dataplane",1785353366,"161659984"
"consumer-dataplane",1785353371,"161788048"
"consumer-dataplane",1785353376,"163993824"
"consumer-dataplane",1785353381,"164484704"
"consumer-dataplane",1785353386,"164525424"
"consumer-dataplane",1785353391,"166780344"
"consumer-dataplane",1785353396,"167282096"
"consumer-dataplane",1785353401,"167474576"
"consumer-dataplane",1785353406,"169745584"
"consumer-dataplane",1785353411,"169808088"
"consumer-dataplane",1785353416,"170268160"
"consumer-dataplane",1785353421,"170358048"
"consumer-dataplane",1785353426,"172593712"
"consumer-dataplane",1785353431,"173095448"
"consumer-dataplane",1785353436,"173136168"
"consumer-dataplane",1785353441,"175382896"
"consumer-dataplane",1785353446,"175892856"
"consumer-dataplane",1785353451,"175909272"
"consumer-dataplane",1785353456,"178210160"
"consumer-dataplane",1785353461,"178294704"
"consumer-dataplane",1785353466,"178773896"
"consumer-dataplane",1785353471,"181061328"
"consumer-dataplane",1785353476,"181069536"
"consumer-dataplane",1785353481,"181625768"
"consumer-dataplane",1785353486,"181715640"
"consumer-dataplane",1785353491,"183904976"
"consumer-dataplane",1785353496,"183943760"
"consumer-dataplane",1785353501,"184439200"
"consumer-dataplane",1785353506,"186159264"
"consumer-dataplane",1785353511,"45504536"
"consumer-dataplane",1785353516,"45504536"
"consumer-dataplane",1785353521,"45664080"
"consumer-dataplane",1785353526,"48429856"
"consumer-dataplane",1785353531,"48449904"
"consumer-dataplane",1785353536,"48496192"
"consumer-dataplane",1785353541,"51237696"
"consumer-dataplane",1785353546,"51278280"
"consumer-dataplane",1785353551,"51298328"
"consumer-dataplane",1785353556,"53579496"
"consumer-dataplane",1785353561,"54091248"
"consumer-dataplane",1785353566,"54121176"
"consumer-dataplane",1785353571,"54137592"
"consumer-dataplane",1785353576,"56894944"
"consumer-dataplane",1785353581,"56965176"
"consumer-dataplane",1785353586,"57009840"
"consumer-dataplane",1785353591,"59345088"
"consumer-dataplane",1785353596,"59791736"
"consumer-dataplane",1785353601,"59791736"
"consumer-dataplane",1785353606,"62056432"
"consumer-dataplane",1785353611,"62592792"
"consumer-dataplane",1785353616,"62609208"
"consumer-dataplane",1785353621,"62722232"
"consumer-dataplane",1785353626,"65408472"
"consumer-dataplane",1785353631,"65424888"
"consumer-dataplane",1785353636,"65433096"
"consumer-dataplane",1785353641,"67910128"
"consumer-dataplane",1785353646,"68411168"
"consumer-dataplane",1785353651,"68419376"
"consumer-dataplane",1785353656,"70692280"
"consumer-dataplane",1785353661,"71224120"
"consumer-dataplane",1785353666,"71232328"
"consumer-dataplane",1785353671,"73541656"
"consumer-dataplane",1785353676,"73603992"
"consumer-dataplane",1785353681,"74062472"
"consumer-dataplane",1785353686,"74111592"
"consumer-dataplane",1785353691,"76365176"
"consumer-dataplane",1785353696,"76836344"
"consumer-dataplane",1785353701,"76936448"
"consumer-dataplane",1785353706,"79233520"
"consumer-dataplane",1785353711,"79721072"
"consumer-dataplane",1785353716,"79729280"
"consumer-dataplane",1785353721,"81985520"
"consumer-dataplane",1785353726,"82056568"
"consumer-dataplane",1785353731,"82557648"
"consumer-dataplane",1785353736,"82623176"
"consumer-dataplane",1785353741,"84875136"
"consumer-dataplane",1785353746,"85390952"
"consumer-dataplane",1785353751,"85401816"
"consumer-dataplane",1785353756,"87748864"
"consumer-dataplane",1785353761,"87900448"
"consumer-dataplane",1785353766,"88355304"
"consumer-dataplane",1785353771,"90635760"
"consumer-dataplane",1785353776,"90666224"
"consumer-dataplane",1785353781,"91170192"
"consumer-dataplane",1785353786,"93448112"
"consumer-dataplane",1785353791,"93510952"
"consumer-dataplane",1785353796,"93982104"
"consumer-dataplane",1785353801,"94042032"
"consumer-dataplane",1785353806,"96312032"
"consumer-dataplane",1785353811,"96358320"
"consumer-dataplane",1785353816,"96829472"
"consumer-dataplane",1785353821,"99158136"
"consumer-dataplane",1785353826,"99180392"
"consumer-dataplane",1785353831,"99663400"
"consumer-dataplane",1785353836,"101954704"
"consumer-dataplane",1785353841,"102043312"
"consumer-dataplane",1785353846,"102043312"
"consumer-dataplane",1785353851,"102553512"
"consumer-dataplane",1785353856,"104784944"
"consumer-dataplane",1785353861,"104823616"
"consumer-dataplane",1785353866,"105316496"
"consumer-dataplane",1785353871,"107608784"
"consumer-dataplane",1785353876,"107639248"
"consumer-dataplane",1785353881,"108118608"
"consumer-dataplane",1785353886,"110564064"
"consumer-dataplane",1785353891,"110594496"
"consumer-dataplane",1785353896,"110640840"
"consumer-dataplane",1785353901,"111147344"
"consumer-dataplane",1785353906,"113370464"
"consumer-dataplane",1785353911,"113417344"
"consumer-dataplane",1785353916,"113932016"
"consumer-dataplane",1785353921,"116201416"
"consumer-dataplane",1785353926,"116231848"
"consumer-dataplane",1785353931,"116755856"
"consumer-dataplane",1785353936,"119028320"
"consumer-dataplane",1785353941,"119048360"
"consumer-dataplane",1785353946,"119127088"
"consumer-dataplane",1785353951,"121915136"
"consumer-dataplane",1785353956,"121923344"
"consumer-dataplane",1785353961,"121965648"
"consumer-dataplane",1785353966,"122510472"
"consumer-dataplane",1785353971,"124741800"
"consumer-dataplane",1785353976,"124802104"
"consumer-dataplane",1785353981,"124871264"
"consumer-dataplane",1785353986,"127573768"
"consumer-dataplane",1785353991,"127573768"
"consumer-dataplane",1785353996,"127609544"
"consumer-dataplane",1785354001,"130372984"
"consumer-dataplane",1785354006,"130565344"
"consumer-dataplane",1785354011,"130587600"
"consumer-dataplane",1785354016,"130644872"
"consumer-dataplane",1785354021,"133334680"
"consumer-dataplane",1785354026,"133379376"
"consumer-dataplane",1785354031,"133496976"
"consumer-dataplane",1785354036,"136199520"
"consumer-dataplane",1785354041,"136211392"
"consumer-dataplane",1785354046,"136244512"
"consumer-dataplane",1785354051,"138996048"
"consumer-dataplane",1785354056,"139004256"
"consumer-dataplane",1785354061,"139064616"
"consumer-dataplane",1785354066,"141390640"
"consumer-dataplane",1785354071,"141870000"
"consumer-dataplane",1785354076,"141878208"
"consumer-dataplane",1785354081,"141976808"
"consumer-dataplane",1785354086,"144709136"
"consumer-dataplane",1785354091,"144709136"
"consumer-dataplane",1785354096,"144742256"
"consumer-dataplane",1785354101,"147022728"
"consumer-dataplane",1785354106,"147513960"
"consumer-dataplane",1785354111,"147534008"
"consumer-dataplane",1785354116,"149858472"
"consumer-dataplane",1785354121,"150305064"
"consumer-dataplane",1785354126,"150457232"
"consumer-dataplane",1785354131,"150565008"
"consumer-dataplane",1785354136,"153259280"
"consumer-dataplane",1785354141,"153308224"
"consumer-dataplane",1785354146,"153379560"
"consumer-dataplane",1785354151,"155630920"
"consumer-dataplane",1785354156,"156077488"
"consumer-dataplane",1785354161,"156088352"
"consumer-dataplane",1785354166,"158399384"
"consumer-dataplane",1785354171,"158895976"
"consumer-dataplane",1785354176,"158932432"
"consumer-dataplane",1785354181,"159036128"
"consumer-dataplane",1785354186,"161754528"
"consumer-dataplane",1785354191,"161777264"
"consumer-dataplane",1785354196,"161864400"
"consumer-dataplane",1785354201,"164109792"
"consumer-dataplane",1785354206,"164564568"
"consumer-dataplane",1785354211,"164576440"
"consumer-dataplane",1785354216,"166895544"
"consumer-dataplane",1785354221,"167365112"
"consumer-dataplane",1785354226,"167395040"
"consumer-dataplane",1785354231,"169697680"
"consumer-dataplane",1785354236,"170185248"
"consumer-dataplane",1785354241,"170206976"
"consumer-dataplane",1785354246,"170416416"
"consumer-dataplane",1785354251,"172708064"
"consumer-dataplane",1785354256,"173269168"
"consumer-dataplane",1785354261,"173326504"
"consumer-dataplane",1785354266,"175580080"
"consumer-dataplane",1785354271,"176051248"
"consumer-dataplane",1785354276,"176067664"
"consumer-dataplane",1785354281,"178389936"
"consumer-dataplane",1785354286,"178891536"
"consumer-dataplane",1785354291,"178902400"
"consumer-dataplane",1785354296,"178967880"
"consumer-dataplane",1785354301,"181233336"
"consumer-dataplane",1785354306,"181785080"
"consumer-dataplane",1785354311,"181842352"
"consumer-dataplane",1785354316,"181842352"
"consumer-dataplane",1785354321,"184107744"
"consumer-dataplane",1785354326,"184589744"
"consumer-dataplane",1785354331,"184606160"
"consumer-dataplane",1785354336,"186157432"
"consumer-dataplane",1785354341,"45540376"
"consumer-dataplane",1785354346,"45540376"
"consumer-dataplane",1785354351,"45548584"
"consumer-dataplane",1785354356,"48323472"
"consumer-dataplane",1785354361,"48352152"
"consumer-dataplane",1785354366,"48390200"
"consumer-dataplane",1785354371,"51281424"
"consumer-dataplane",1785354376,"51321912"
"consumer-dataplane",1785354381,"51330120"
"consumer-dataplane",1785354386,"53614080"
"consumer-dataplane",1785354391,"54128112"
"consumer-dataplane",1785354396,"54166192"
"consumer-dataplane",1785354401,"54174400"
"consumer-dataplane",1785354406,"56953248"
"consumer-dataplane",1785354411,"56961456"
"consumer-dataplane",1785354416,"56977872"
"consumer-dataplane",1785354421,"59290208"
"consumer-dataplane",1785354426,"59789312"
"consumer-dataplane",1785354431,"59834920"
"consumer-dataplane",1785354436,"62109216"
"consumer-dataplane",1785354441,"62637040"
"consumer-dataplane",1785354446,"62653456"
"consumer-dataplane",1785354451,"62744616"
"consumer-dataplane",1785354456,"65462264"
"consumer-dataplane",1785354461,"65470472"
"consumer-dataplane",1785354466,"65486888"
"consumer-dataplane",1785354471,"67811352"
"consumer-dataplane",1785354476,"68312112"
"consumer-dataplane",1785354481,"68320320"
"consumer-dataplane",1785354486,"70594568"
"consumer-dataplane",1785354491,"71264240"
"consumer-dataplane",1785354496,"71272448"
"consumer-dataplane",1785354501,"71340480"
"consumer-dataplane",1785354506,"73629720"
"consumer-dataplane",1785354511,"74084264"
"consumer-dataplane",1785354516,"74096544"
"consumer-dataplane",1785354521,"76408648"
"consumer-dataplane",1785354526,"76871392"
"consumer-dataplane",1785354531,"76917648"
"consumer-dataplane",1785354536,"79204144"
"consumer-dataplane",1785354541,"79699104"
"consumer-dataplane",1785354546,"79707312"
"consumer-dataplane",1785354551,"81965248"
"consumer-dataplane",1785354556,"82093696"
"consumer-dataplane",1785354561,"82569984"
"consumer-dataplane",1785354566,"82627208"
"consumer-dataplane",1785354571,"84882200"
"consumer-dataplane",1785354576,"85377728"
"consumer-dataplane",1785354581,"85398216"
"consumer-dataplane",1785354586,"87723544"
"consumer-dataplane",1785354591,"88216360"
"consumer-dataplane",1785354596,"88224568"
"consumer-dataplane",1785354601,"90486584"
"consumer-dataplane",1785354606,"90548960"
"consumer-dataplane",1785354611,"91028088"
"consumer-dataplane",1785354616,"91266768"
"consumer-dataplane",1785354621,"93534008"
"consumer-dataplane",1785354626,"93996720"
"consumer-dataplane",1785354631,"94015792"
"consumer-dataplane",1785354636,"96327904"
"consumer-dataplane",1785354641,"96374160"
"consumer-dataplane",1785354646,"96837216"
"consumer-dataplane",1785354651,"99119168"
"consumer-dataplane",1785354656,"99149272"
"consumer-dataplane",1785354661,"99612032"
"consumer-dataplane",1785354666,"101884864"
"consumer-dataplane",1785354671,"101968896"
"consumer-dataplane",1785354676,"102488072"
"consumer-dataplane",1785354681,"102547944"
"consumer-dataplane",1785354686,"104801432"
"consumer-dataplane",1785354691,"104831536"
"consumer-dataplane",1785354696,"105324128"
"consumer-dataplane",1785354701,"107606152"
"consumer-dataplane",1785354706,"107636256"
"consumer-dataplane",1785354711,"108094864"
"consumer-dataplane",1785354716,"110352824"
"consumer-dataplane",1785354721,"110423384"
"consumer-dataplane",1785354726,"110924176"
"consumer-dataplane",1785354731,"110996304"
"consumer-dataplane",1785354736,"113400024"
"consumer-dataplane",1785354741,"113416440"
"consumer-dataplane",1785354746,"113881928"
"consumer-dataplane",1785354751,"116214328"
"consumer-dataplane",1785354756,"116236224"
"consumer-dataplane",1785354761,"116723544"
"consumer-dataplane",1785354766,"119005696"
"consumer-dataplane",1785354771,"119044008"
"consumer-dataplane",1785354776,"119527208"
"consumer-dataplane",1785354781,"121809456"
"consumer-dataplane",1785354786,"121849920"
"consumer-dataplane",1785354791,"121880024"
"consumer-dataplane",1785354796,"122449672"
"consumer-dataplane",1785354801,"124682720"
"consumer-dataplane",1785354806,"124750872"
"consumer-dataplane",1785354811,"125238192"
"consumer-dataplane",1785354816,"127536984"
"consumer-dataplane",1785354821,"127558880"
"consumer-dataplane",1785354826,"127580608"
"consumer-dataplane",1785354831,"130284872"
"consumer-dataplane",1785354836,"130355224"
"consumer-dataplane",1785354841,"130389400"
"consumer-dataplane",1785354846,"130892896"
"consumer-dataplane",1785354851,"133134136"
"consumer-dataplane",1785354856,"133326672"
"consumer-dataplane",1785354861,"133847888"
"consumer-dataplane",1785354866,"136121736"
"consumer-dataplane",1785354871,"136151800"
"consumer-dataplane",1785354876,"136162664"
"consumer-dataplane",1785354881,"138911536"
"consumer-dataplane",1785354886,"138919744"
"consumer-dataplane",1785354891,"138979720"
"consumer-dataplane",1785354896,"139483232"
"consumer-dataplane",1785354901,"141716280"
"consumer-dataplane",1785354906,"141758664"
"consumer-dataplane",1785354911,"142289456"
"consumer-dataplane",1785354916,"144560600"
"consumer-dataplane",1785354921,"144636312"
"consumer-dataplane",1785354926,"144659424"
"consumer-dataplane",1785354931,"147379760"
"consumer-dataplane",1785354936,"147396176"
"consumer-dataplane",1785354941,"147434488"
"consumer-dataplane",1785354946,"150205496"
"consumer-dataplane",1785354951,"150237744"
"consumer-dataplane",1785354956,"150267848"
"consumer-dataplane",1785354961,"150795912"
"consumer-dataplane",1785354966,"153037152"
"consumer-dataplane",1785354971,"153120272"
"consumer-dataplane",1785354976,"156007864"
"consumer-dataplane",1785354981,"156016072"
"consumer-dataplane",1785354986,"156069288"
"consumer-dataplane",1785354991,"158830440"
"consumer-dataplane",1785354996,"158868520"
"consumer-dataplane",1785355001,"158898624"
"consumer-dataplane",1785355006,"158968056"
"consumer-dataplane",1785355011,"161647456"
"consumer-dataplane",1785355016,"161688424"
"consumer-dataplane",1785355021,"161783688"
"consumer-dataplane",1785355026,"164463080"
"consumer-dataplane",1785355031,"164475360"
"consumer-dataplane",1785355036,"164553752"
"consumer-dataplane",1785355041,"167306752"
"consumer-dataplane",1785355046,"167323168"
"consumer-dataplane",1785355051,"167395392"
"consumer-dataplane",1785355056,"169636904"
"consumer-dataplane",1785355061,"170123744"
"consumer-dataplane",1785355066,"170167336"
"consumer-dataplane",1785355071,"170244984"
"consumer-dataplane",1785355076,"172954208"
"consumer-dataplane",1785355081,"172962416"
"consumer-dataplane",1785355086,"172992520"
"consumer-dataplane",1785355091,"175737240"
"consumer-dataplane",1785355096,"175909896"
"consumer-dataplane",1785355101,"175948208"
"consumer-dataplane",1785355106,"178260072"
"consumer-dataplane",1785355111,"178714696"
"consumer-dataplane",1785355116,"178759656"
"consumer-dataplane",1785355121,"178816816"
"consumer-dataplane",1785355126,"181541632"
"consumer-dataplane",1785355131,"181587888"
"consumer-dataplane",1785355136,"181679208"
"consumer-dataplane",1785355141,"184366720"
"consumer-dataplane",1785355146,"184374928"
"consumer-dataplane",1785355151,"184415896"
"consumer-dataplane",1785355156,"186166304"
"consumer-dataplane",1785355161,"45610272"
"consumer-dataplane",1785355166,"45628728"
"consumer-dataplane",1785355171,"45628728"
"consumer-dataplane",1785355176,"48414160"
"consumer-dataplane",1785355181,"48422368"
"consumer-dataplane",1785355186,"48471256"
"consumer-dataplane",1785355191,"51206184"
"consumer-dataplane",1785355196,"51246520"
"consumer-dataplane",1785355201,"51254728"
"consumer-dataplane",1785355206,"53535376"
"consumer-dataplane",1785355211,"54049064"
"consumer-dataplane",1785355216,"54244008"
"consumer-dataplane",1785355221,"54252216"
"consumer-dataplane",1785355226,"57035728"
"consumer-dataplane",1785355231,"57052144"
"consumer-dataplane",1785355236,"57086920"
"consumer-dataplane",1785355241,"59424224"
"consumer-dataplane",1785355246,"59881568"
"consumer-dataplane",1785355251,"59889776"
"consumer-dataplane",1785355256,"62164912"
"consumer-dataplane",1785355261,"62675928"
"consumer-dataplane",1785355266,"62692344"
"consumer-dataplane",1785355271,"62779240"
"consumer-dataplane",1785355276,"65545696"
"consumer-dataplane",1785355281,"65553904"
"consumer-dataplane",1785355286,"65570320"
"consumer-dataplane",1785355291,"67883168"
"consumer-dataplane",1785355296,"68402072"
"consumer-dataplane",1785355301,"68402072"
"consumer-dataplane",1785355306,"70687384"
"consumer-dataplane",1785355311,"71200472"
"consumer-dataplane",1785355316,"71208680"
"consumer-dataplane",1785355321,"71286816"
"consumer-dataplane",1785355326,"73564144"
"consumer-dataplane",1785355331,"74018464"
"consumer-dataplane",1785355336,"74026672"
"consumer-dataplane",1785355341,"76603088"
"consumer-dataplane",1785355346,"77098384"
"consumer-dataplane",1785355351,"77144616"
"consumer-dataplane",1785355356,"79451896"
"consumer-dataplane",1785355361,"79922584"
"consumer-dataplane",1785355366,"79930792"
"consumer-dataplane",1785355371,"80017680"
"consumer-dataplane",1785355376,"82260008"
"consumer-dataplane",1785355381,"82778904"
"consumer-dataplane",1785355386,"82827744"
"consumer-dataplane",1785355391,"85083728"
"consumer-dataplane",1785355396,"85562624"
"consumer-dataplane",1785355401,"85624648"
"consumer-dataplane",1785355406,"87972552"
"consumer-dataplane",1785355411,"87980760"
"consumer-dataplane",1785355416,"88435152"
"consumer-dataplane",1785355421,"90742808"
"consumer-dataplane",1785355426,"90759224"
"consumer-dataplane",1785355431,"91254520"
"consumer-dataplane",1785355436,"91341424"
"consumer-dataplane",1785355441,"93607368"
"consumer-dataplane",1785355446,"94069848"
"consumer-dataplane",1785355451,"94148040"
"consumer-dataplane",1785355456,"96422224"
"consumer-dataplane",1785355461,"96611832"
"consumer-dataplane",1785355466,"97109104"
"consumer-dataplane",1785355471,"99405520"
"consumer-dataplane",1785355476,"99413728"
"consumer-dataplane",1785355481,"99909024"
"consumer-dataplane",1785355486,"100030728"
"consumer-dataplane",1785355491,"102262544"
"consumer-dataplane",1785355496,"102270752"
"consumer-dataplane",1785355501,"102792936"
"consumer-dataplane",1785355506,"105056888"
"consumer-dataplane",1785355511,"105076336"
"consumer-dataplane",1785355516,"105585048"
"consumer-dataplane",1785355521,"107937872"
"consumer-dataplane",1785355526,"107964440"
"consumer-dataplane",1785355531,"107964440"
"consumer-dataplane",1785355536,"110723528"
"consumer-dataplane",1785355541,"110739944"
"consumer-dataplane",1785355546,"110778000"
"consumer-dataplane",1785355551,"111316592"
"consumer-dataplane",1785355556,"113572304"
"consumer-dataplane",1785355561,"113588720"
"consumer-dataplane",1785355566,"114119112"
"consumer-dataplane",1785355571,"116412984"
"consumer-dataplane",1785355576,"116421192"
"consumer-dataplane",1785355581,"116583632"
"consumer-dataplane",1785355586,"119377304"
"consumer-dataplane",1785355591,"119385512"
"consumer-dataplane",1785355596,"119412136"
"consumer-dataplane",1785355601,"120022944"
"consumer-dataplane",1785355606,"122238336"
"consumer-dataplane",1785355611,"122259744"
"consumer-dataplane",1785355616,"122316800"
"consumer-dataplane",1785355621,"125043312"
"consumer-dataplane",1785355626,"125089544"
"consumer-dataplane",1785355631,"125097752"
"consumer-dataplane",1785355636,"127864824"
"consumer-dataplane",1785355641,"128237648"
"consumer-dataplane",1785355646,"128259376"
"consumer-dataplane",1785355651,"130572096"
"consumer-dataplane",1785355656,"131056336"
"consumer-dataplane",1785355661,"131064544"
"consumer-dataplane",1785355666,"131153712"
"consumer-dataplane",1785355671,"133882760"
"consumer-dataplane",1785355676,"133890968"
"consumer-dataplane",1785355681,"133986040"
"consumer-dataplane",1785355686,"136704248"
"consumer-dataplane",1785355691,"136715488"
"consumer-dataplane",1785355696,"136726352"
"consumer-dataplane",1785355701,"139193368"
"consumer-dataplane",1785355706,"139688680"
"consumer-dataplane",1785355711,"139726736"
"consumer-dataplane",1785355716,"139815968"
"consumer-dataplane",1785355721,"142518456"
"consumer-dataplane",1785355726,"142534872"
"consumer-dataplane",1785355731,"142645112"
"consumer-dataplane",1785355736,"144898584"
"consumer-dataplane",1785355741,"145379480"
"consumer-dataplane",1785355746,"145449488"
"consumer-dataplane",1785355751,"147697128"
"consumer-dataplane",1785355756,"148186192"
"consumer-dataplane",1785355761,"148194400"
"consumer-dataplane",1785355766,"150574448"
"consumer-dataplane",1785355771,"150582656"
"consumer-dataplane",1785355776,"151037048"
"consumer-dataplane",1785355781,"151134488"
"consumer-dataplane",1785355786,"153366304"
"consumer-dataplane",1785355791,"153894448"
"consumer-dataplane",1785355796,"153954224"
"consumer-dataplane",1785355801,"156209976"
"consumer-dataplane",1785355806,"156680664"
"consumer-dataplane",1785355811,"156699736"
"consumer-dataplane",1785355816,"159030896"
"consumer-dataplane",1785355821,"159060744"
"consumer-dataplane",1785355826,"159700016"
"consumer-dataplane",1785355831,"159789200"
"consumer-dataplane",1785355836,"162021008"
"consumer-dataplane",1785355841,"162518960"
"consumer-dataplane",1785355846,"162646152"
"consumer-dataplane",1785355851,"164869760"
"consumer-dataplane",1785355856,"164877968"
"consumer-dataplane",1785355861,"165397504"
"consumer-dataplane",1785355866,"167661440"
"consumer-dataplane",1785355871,"167677856"
"consumer-dataplane",1785355876,"168188584"
"consumer-dataplane",1785355881,"168291224"
"consumer-dataplane",1785355886,"170551808"
"consumer-dataplane",1785355891,"170583784"
"consumer-dataplane",1785355896,"171122248"
"consumer-dataplane",1785355901,"173394040"
"consumer-dataplane",1785355906,"173394040"
"consumer-dataplane",1785355911,"173962152"
"consumer-dataplane",1785355916,"176185760"
"consumer-dataplane",1785355921,"176202176"
"consumer-dataplane",1785355926,"176681072"
"consumer-dataplane",1785355931,"176821704"
"consumer-dataplane",1785355936,"179023672"
"consumer-dataplane",1785355941,"179034536"
"consumer-dataplane",1785355946,"179762976"
"consumer-dataplane",1785355951,"181994784"
"consumer-dataplane",1785355956,"182041016"
"consumer-dataplane",1785355961,"182627504"
"consumer-dataplane",1785355966,"184842896"
"consumer-dataplane",1785355971,"184851104"
"consumer-dataplane",1785355976,"184919088"
"consumer-dataplane",1785355981,"43139232"
"consumer-dataplane",1785355986,"45553968"
"consumer-dataplane",1785355991,"45553968"
"consumer-dataplane",1785355996,"46023632"
"consumer-dataplane",1785356001,"48335936"
"consumer-dataplane",1785356006,"48459136"
"consumer-dataplane",1785356011,"48505352"
"consumer-dataplane",1785356016,"51276880"
"consumer-dataplane",1785356021,"51276880"
"consumer-dataplane",1785356026,"51276880"
"consumer-dataplane",1785356031,"54069872"
"consumer-dataplane",1785356036,"54086288"
"consumer-dataplane",1785356041,"54124320"
"consumer-dataplane",1785356046,"54593984"
"consumer-dataplane",1785356051,"56912176"
"consumer-dataplane",1785356056,"56920384"
"consumer-dataplane",1785356061,"56936800"
"consumer-dataplane",1785356066,"59910944"
"consumer-dataplane",1785356071,"59919152"
"consumer-dataplane",1785356076,"59927360"
"consumer-dataplane",1785356081,"62734240"
"consumer-dataplane",1785356086,"62745104"
"consumer-dataplane",1785356091,"62753312"
"consumer-dataplane",1785356096,"62872160"
"consumer-dataplane",1785356101,"65556880"
"consumer-dataplane",1785356106,"65565088"
"consumer-dataplane",1785356111,"65581504"
"consumer-dataplane",1785356116,"68369416"
"consumer-dataplane",1785356121,"68407424"
"consumer-dataplane",1785356126,"68466544"
"consumer-dataplane",1785356131,"70770608"
"consumer-dataplane",1785356136,"71223976"
"consumer-dataplane",1785356141,"71240392"
"consumer-dataplane",1785356146,"73577624"
"consumer-dataplane",1785356151,"74085304"
"consumer-dataplane",1785356156,"74085304"
"consumer-dataplane",1785356161,"74149632"
"consumer-dataplane",1785356166,"76869880"
"consumer-dataplane",1785356171,"76886296"
"consumer-dataplane",1785356176,"76932512"
"consumer-dataplane",1785356181,"79253408"
"consumer-dataplane",1785356186,"79858256"
"consumer-dataplane",1785356191,"79866464"
"consumer-dataplane",1785356196,"82178696"
"consumer-dataplane",1785356201,"82672968"
"consumer-dataplane",1785356206,"82711000"
"consumer-dataplane",1785356211,"82843848"
"consumer-dataplane",1785356216,"85037456"
"consumer-dataplane",1785356221,"85490824"
"consumer-dataplane",1785356226,"85544536"
"consumer-dataplane",1785356231,"87854584"
"consumer-dataplane",1785356236,"88324248"
"consumer-dataplane",1785356241,"88364448"
"consumer-dataplane",1785356246,"90696280"
"consumer-dataplane",1785356251,"91182360"
"consumer-dataplane",1785356256,"91198776"
"consumer-dataplane",1785356261,"93532680"
"consumer-dataplane",1785356266,"93540888"
"consumer-dataplane",1785356271,"93994176"
"consumer-dataplane",1785356276,"94140536"
"consumer-dataplane",1785356281,"96342344"
"consumer-dataplane",1785356286,"96850016"
"consumer-dataplane",1785356291,"96890272"
"consumer-dataplane",1785356296,"99162456"
"consumer-dataplane",1785356301,"99632120"
"consumer-dataplane",1785356306,"99648536"
"consumer-dataplane",1785356311,"102131832"
"consumer-dataplane",1785356316,"102161656"
"consumer-dataplane",1785356321,"102625784"
"consumer-dataplane",1785356326,"102842616"
"consumer-dataplane",1785356331,"105052696"
"consumer-dataplane",1785356336,"105546968"
"consumer-dataplane",1785356341,"105668928"
"consumer-dataplane",1785356346,"107911376"
"consumer-dataplane",1785356351,"107914032"
"consumer-dataplane",1785356356,"108399448"
"consumer-dataplane",1785356361,"110679696"
"consumer-dataplane",1785356366,"110696112"
"consumer-dataplane",1785356371,"111276672"
"consumer-dataplane",1785356376,"111401264"
"consumer-dataplane",1785356381,"113594864"
"consumer-dataplane",1785356386,"113627680"
"consumer-dataplane",1785356391,"114194120"
"consumer-dataplane",1785356396,"116434056"
"consumer-dataplane",1785356401,"116442264"
"consumer-dataplane",1785356406,"117006824"
"consumer-dataplane",1785356411,"119249256"
"consumer-dataplane",1785356416,"119257464"
"consumer-dataplane",1785356421,"119735336"
"consumer-dataplane",1785356426,"122069232"
"consumer-dataplane",1785356431,"122229024"
"consumer-dataplane",1785356436,"122239888"
"consumer-dataplane",1785356441,"122825944"
"consumer-dataplane",1785356446,"125027752"
"consumer-dataplane",1785356451,"125076624"
"consumer-dataplane",1785356456,"125616144"
"consumer-dataplane",1785356461,"127866728"
"consumer-dataplane",1785356466,"127874936"
"consumer-dataplane",1785356471,"127948336"
"consumer-dataplane",1785356476,"130665560"
"consumer-dataplane",1785356481,"130695384"
"consumer-dataplane",1785356486,"130703592"
"consumer-dataplane",1785356491,"131340128"
"consumer-dataplane",1785356496,"133550152"
"consumer-dataplane",1785356501,"133569224"
"provider-controlplane",1785352856,"181959064"
"provider-controlplane",1785352861,"157567672"
"provider-controlplane",1785352866,"151664416"
"provider-controlplane",1785352871,"229804768"
"provider-controlplane",1785352876,"218080592"
"provider-controlplane",1785352881,"169095664"
"provider-controlplane",1785352886,"126975856"
"provider-controlplane",1785352891,"107830944"
"provider-controlplane",1785352896,"202497672"
"provider-controlplane",1785352901,"199871968"
"provider-controlplane",1785352906,"144216192"
"provider-controlplane",1785352911,"100684144"
"provider-controlplane",1785352916,"90948240"
"provider-controlplane",1785352921,"170279632"
"provider-controlplane",1785352926,"111883264"
"provider-controlplane",1785352931,"129009848"
"provider-controlplane",1785352936,"113260216"
"provider-controlplane",1785352941,"226176440"
"provider-controlplane",1785352946,"172658792"
"provider-controlplane",1785352951,"170052360"
"provider-controlplane",1785352956,"164657608"
"provider-controlplane",1785352961,"117292664"
"provider-controlplane",1785352966,"222799776"
"provider-controlplane",1785352971,"208387592"
"provider-controlplane",1785352976,"159004896"
"provider-controlplane",1785352981,"224076160"
"provider-controlplane",1785352986,"189576848"
"provider-controlplane",1785352991,"199289696"
"provider-controlplane",1785352996,"191052864"
"provider-controlplane",1785353001,"162194824"
"provider-controlplane",1785353006,"119572544"
"provider-controlplane",1785353011,"114889408"
"provider-controlplane",1785353016,"197535304"
"provider-controlplane",1785353021,"192516392"
"provider-controlplane",1785353026,"179231424"
"provider-controlplane",1785353031,"115066384"
"provider-controlplane",1785353036,"100158800"
"provider-controlplane",1785353041,"175750440"
"provider-controlplane",1785353046,"107198160"
"provider-controlplane",1785353051,"140331088"
"provider-controlplane",1785353056,"111828376"
"provider-controlplane",1785353061,"231899136"
"provider-controlplane",1785353066,"180105608"
"provider-controlplane",1785353071,"173645128"
"provider-controlplane",1785353076,"156916824"
"provider-controlplane",1785353081,"112612704"
"provider-controlplane",1785353086,"98725488"
"provider-controlplane",1785353091,"202721184"
"provider-controlplane",1785353096,"195446848"
"provider-controlplane",1785353101,"121598872"
"provider-controlplane",1785353106,"131316056"
"provider-controlplane",1785353111,"230519696"
"provider-controlplane",1785353116,"199761256"
"provider-controlplane",1785353121,"193882152"
"provider-controlplane",1785353126,"135910712"
"provider-controlplane",1785353131,"103240256"
"provider-controlplane",1785353136,"228997784"
"provider-controlplane",1785353141,"196398384"
"provider-controlplane",1785353146,"189343032"
"provider-controlplane",1785353151,"161927688"
"provider-controlplane",1785353156,"114706632"
"provider-controlplane",1785353161,"165288144"
"provider-controlplane",1785353166,"146346888"
"provider-controlplane",1785353171,"153988512"
"provider-controlplane",1785353176,"160562560"
"provider-controlplane",1785353181,"122978080"
"provider-controlplane",1785353186,"120027632"
"provider-controlplane",1785353191,"93807648"
"provider-controlplane",1785353196,"210442904"
"provider-controlplane",1785353201,"184970232"
"provider-controlplane",1785353206,"131960000"
"provider-controlplane",1785353211,"134692856"
"provider-controlplane",1785353216,"219496080"
"provider-controlplane",1785353221,"152540888"
"provider-controlplane",1785353226,"132379280"
"provider-controlplane",1785353231,"143537208"
"provider-controlplane",1785353236,"221169024"
"provider-controlplane",1785353241,"94655376"
"provider-controlplane",1785353246,"203395904"
"provider-controlplane",1785353251,"161501952"
"provider-controlplane",1785353256,"145943472"
"provider-controlplane",1785353261,"129348776"
"provider-controlplane",1785353266,"199991216"
"provider-controlplane",1785353271,"206618328"
"provider-controlplane",1785353276,"162420544"
"provider-controlplane",1785353281,"91663432"
"provider-controlplane",1785353286,"166213888"
"provider-controlplane",1785353291,"183017160"
"provider-controlplane",1785353296,"196203792"
"provider-controlplane",1785353301,"162401432"
"provider-controlplane",1785353306,"159477920"
"provider-controlplane",1785353311,"133635600"
"provider-controlplane",1785353316,"96101112"
"provider-controlplane",1785353321,"199599688"
"provider-controlplane",1785353326,"163901512"
"provider-controlplane",1785353331,"137696880"
"provider-controlplane",1785353336,"222451512"
"provider-controlplane",1785353341,"117527696"
"provider-controlplane",1785353346,"178983288"
"provider-controlplane",1785353351,"158640280"
"provider-controlplane",1785353356,"179095128"
"provider-controlplane",1785353361,"184797536"
"provider-controlplane",1785353366,"169639712"
"provider-controlplane",1785353371,"120334680"
"provider-controlplane",1785353376,"101697048"
"provider-controlplane",1785353381,"212534488"
"provider-controlplane",1785353386,"192274816"
"provider-controlplane",1785353391,"156779608"
"provider-controlplane",1785353396,"106286864"
"provider-controlplane",1785353401,"204277680"
"provider-controlplane",1785353406,"179580056"
"provider-controlplane",1785353411,"207767880"
"provider-controlplane",1785353416,"198848816"
"provider-controlplane",1785353421,"156654672"
"provider-controlplane",1785353426,"108427656"
"provider-controlplane",1785353431,"90552760"
"provider-controlplane",1785353436,"215985536"
"provider-controlplane",1785353441,"157417392"
"provider-controlplane",1785353446,"125723656"
"provider-controlplane",1785353451,"100067952"
"provider-controlplane",1785353456,"206286176"
"provider-controlplane",1785353461,"142282984"
"provider-controlplane",1785353466,"137031328"
"provider-controlplane",1785353471,"115206840"
"provider-controlplane",1785353476,"133430816"
"provider-controlplane",1785353481,"231199816"
"provider-controlplane",1785353486,"209407888"
"provider-controlplane",1785353491,"198771136"
"provider-controlplane",1785353496,"158509296"
"provider-controlplane",1785353501,"116032920"
"provider-controlplane",1785353506,"225378168"
"provider-controlplane",1785353511,"186412456"
"provider-controlplane",1785353516,"170125368"
"provider-controlplane",1785353521,"114654752"
"provider-controlplane",1785353526,"103343704"
"provider-controlplane",1785353531,"218016312"
"provider-controlplane",1785353536,"182488544"
"provider-controlplane",1785353541,"149262104"
"provider-controlplane",1785353546,"103240448"
"provider-controlplane",1785353551,"229218024"
"provider-controlplane",1785353556,"199134328"
"provider-controlplane",1785353561,"207616448"
"provider-controlplane",1785353566,"193964056"
"provider-controlplane",1785353571,"156623080"
"provider-controlplane",1785353576,"106419768"
"provider-controlplane",1785353581,"186889120"
"provider-controlplane",1785353586,"175660872"
"provider-controlplane",1785353591,"142845336"
"provider-controlplane",1785353596,"155817872"
"provider-controlplane",1785353601,"136774888"
"provider-controlplane",1785353606,"204476832"
"provider-controlplane",1785353611,"224838112"
"provider-controlplane",1785353616,"208055272"
"provider-controlplane",1785353621,"152122848"
"provider-controlplane",1785353626,"143612528"
"provider-controlplane",1785353631,"117026032"
"provider-controlplane",1785353636,"207167312"
"provider-controlplane",1785353641,"122719840"
"provider-controlplane",1785353646,"169249928"
"provider-controlplane",1785353651,"187124248"
"provider-controlplane",1785353656,"213252928"
"provider-controlplane",1785353661,"212248072"
"provider-controlplane",1785353666,"207732560"
"provider-controlplane",1785353671,"173359840"
"provider-controlplane",1785353676,"128415520"
"provider-controlplane",1785353681,"229326888"
"provider-controlplane",1785353686,"222040488"
"provider-controlplane",1785353691,"216619328"
"provider-controlplane",1785353696,"160669296"
"provider-controlplane",1785353701,"111909256"
"provider-controlplane",1785353706,"114035576"
"provider-controlplane",1785353711,"209921992"
"provider-controlplane",1785353716,"187419768"
"provider-controlplane",1785353721,"189334688"
"provider-controlplane",1785353726,"148663992"
"provider-controlplane",1785353731,"218814632"
"provider-controlplane",1785353736,"183295368"
"provider-controlplane",1785353741,"135144696"
"provider-controlplane",1785353746,"118283856"
"provider-controlplane",1785353751,"218669168"
"provider-controlplane",1785353756,"189817216"
"provider-controlplane",1785353761,"176293424"
"provider-controlplane",1785353766,"150932240"
"provider-controlplane",1785353771,"142238528"
"provider-controlplane",1785353776,"139997648"
"provider-controlplane",1785353781,"97463960"
"provider-controlplane",1785353786,"227621200"
"provider-controlplane",1785353791,"203720256"
"provider-controlplane",1785353796,"156700400"
"provider-controlplane",1785353801,"143086480"
"provider-controlplane",1785353806,"130141744"
"provider-controlplane",1785353811,"211293464"
"provider-controlplane",1785353816,"137167712"
"provider-controlplane",1785353821,"114363912"
"provider-controlplane",1785353826,"128438752"
"provider-controlplane",1785353831,"233303448"
"provider-controlplane",1785353836,"98294296"
"provider-controlplane",1785353841,"169438608"
"provider-controlplane",1785353846,"177142376"
"provider-controlplane",1785353851,"136911280"
"provider-controlplane",1785353856,"121471712"
"provider-controlplane",1785353861,"222216272"
"provider-controlplane",1785353866,"190860504"
"provider-controlplane",1785353871,"116297624"
"provider-controlplane",1785353876,"223213488"
"provider-controlplane",1785353881,"207455576"
"provider-controlplane",1785353886,"213604232"
"provider-controlplane",1785353891,"157900072"
"provider-controlplane",1785353896,"156988680"
"provider-controlplane",1785353901,"135654624"
"provider-controlplane",1785353906,"102301352"
"provider-controlplane",1785353911,"213101640"
"provider-controlplane",1785353916,"173450424"
"provider-controlplane",1785353921,"167087344"
"provider-controlplane",1785353926,"115423680"
"provider-controlplane",1785353931,"212114056"
"provider-controlplane",1785353936,"150871816"
"provider-controlplane",1785353941,"224076608"
"provider-controlplane",1785353946,"123511880"
"provider-controlplane",1785353951,"114470192"
"provider-controlplane",1785353956,"90311312"
"provider-controlplane",1785353961,"150954912"
"provider-controlplane",1785353966,"154410904"
"provider-controlplane",1785353971,"154900640"
"provider-controlplane",1785353976,"108508904"
"provider-controlplane",1785353981,"208217600"
"provider-controlplane",1785353986,"171665480"
"provider-controlplane",1785353991,"107923176"
"provider-controlplane",1785353996,"211845392"
"provider-controlplane",1785354001,"208459392"
"provider-controlplane",1785354006,"203792432"
"provider-controlplane",1785354011,"179477272"
"provider-controlplane",1785354016,"165168864"
"provider-controlplane",1785354021,"142934712"
"provider-controlplane",1785354026,"93472688"
"provider-controlplane",1785354031,"204509840"
"provider-controlplane",1785354036,"197602736"
"provider-controlplane",1785354041,"152067992"
"provider-controlplane",1785354046,"120302184"
"provider-controlplane",1785354051,"194176384"
"provider-controlplane",1785354056,"142794512"
"provider-controlplane",1785354061,"119577328"
"provider-controlplane",1785354066,"130645976"
"provider-controlplane",1785354071,"117442672"
"provider-controlplane",1785354076,"99349968"
"provider-controlplane",1785354081,"207985072"
"provider-controlplane",1785354086,"174885784"
"provider-controlplane",1785354091,"152737376"
"provider-controlplane",1785354096,"151093704"
"provider-controlplane",1785354101,"115305272"
"provider-controlplane",1785354106,"103698688"
"provider-controlplane",1785354111,"162356024"
"provider-controlplane",1785354116,"98982648"
"provider-controlplane",1785354121,"132299888"
"provider-controlplane",1785354126,"127256144"
"provider-controlplane",1785354131,"232848624"
"provider-controlplane",1785354136,"228041776"
"provider-controlplane",1785354141,"197988768"
"provider-controlplane",1785354146,"163170408"
"provider-controlplane",1785354151,"147647272"
"provider-controlplane",1785354156,"113806056"
"provider-controlplane",1785354161,"111977312"
"provider-controlplane",1785354166,"212110432"
"provider-controlplane",1785354171,"177967488"
"provider-controlplane",1785354176,"97756728"
"provider-controlplane",1785354181,"91650800"
"provider-controlplane",1785354186,"226489664"
"provider-controlplane",1785354191,"101657376"
"provider-controlplane",1785354196,"197655688"
"provider-controlplane",1785354201,"207498848"
"provider-controlplane",1785354206,"142526576"
"provider-controlplane",1785354211,"94509224"
"provider-controlplane",1785354216,"205594560"
"provider-controlplane",1785354221,"170882016"
"provider-controlplane",1785354226,"157141856"
"provider-controlplane",1785354231,"95696184"
"provider-controlplane",1785354236,"197059096"
"provider-controlplane",1785354241,"157114240"
"provider-controlplane",1785354246,"186501216"
"provider-controlplane",1785354251,"171716392"
"provider-controlplane",1785354256,"174845128"
"provider-controlplane",1785354261,"126693456"
"provider-controlplane",1785354266,"219847048"
"provider-controlplane",1785354271,"171454488"
"provider-controlplane",1785354276,"179610400"
"provider-controlplane",1785354281,"105190824"
"provider-controlplane",1785354286,"217036408"
"provider-controlplane",1785354291,"202547424"
"provider-controlplane",1785354296,"155917584"
"provider-controlplane",1785354301,"152093320"
"provider-controlplane",1785354306,"124935264"
"provider-controlplane",1785354311,"219076224"
"provider-controlplane",1785354316,"219076224"
"provider-controlplane",1785354321,"180161008"
"provider-controlplane",1785354326,"166229104"
"provider-controlplane",1785354331,"134967568"
"provider-controlplane",1785354336,"124261080"
"provider-controlplane",1785354341,"229637416"
"provider-controlplane",1785354346,"177648768"
"provider-controlplane",1785354351,"138198896"
"provider-controlplane",1785354356,"120032672"
"provider-controlplane",1785354361,"200669424"
"provider-controlplane",1785354366,"205835304"
"provider-controlplane",1785354371,"194630832"
"provider-controlplane",1785354376,"155838880"
"provider-controlplane",1785354381,"136912984"
"provider-controlplane",1785354386,"94270688"
"provider-controlplane",1785354391,"138506904"
"provider-controlplane",1785354396,"161401496"
"provider-controlplane",1785354401,"152699880"
"provider-controlplane",1785354406,"221267296"
"provider-controlplane",1785354411,"193928136"
"provider-controlplane",1785354416,"154106328"
"provider-controlplane",1785354421,"216474536"
"provider-controlplane",1785354426,"192762904"
"provider-controlplane",1785354431,"126588880"
"provider-controlplane",1785354436,"128683720"
"provider-controlplane",1785354441,"218069176"
"provider-controlplane",1785354446,"195652488"
"provider-controlplane",1785354451,"182841416"
"provider-controlplane",1785354456,"164954008"
"provider-controlplane",1785354461,"131844272"
"provider-controlplane",1785354466,"97661520"
"provider-controlplane",1785354471,"192869784"
"provider-controlplane",1785354476,"126098904"
"provider-controlplane",1785354481,"221767808"
"provider-controlplane",1785354486,"188051416"
"provider-controlplane",1785354491,"223887416"
"provider-controlplane",1785354496,"185424176"
"provider-controlplane",1785354501,"177200360"
"provider-controlplane",1785354506,"140036016"
"provider-controlplane",1785354511,"110434472"
"provider-controlplane",1785354516,"230361384"
"provider-controlplane",1785354521,"196519424"
"provider-controlplane",1785354526,"154868656"
"provider-controlplane",1785354531,"114984632"
"provider-controlplane",1785354536,"229267824"
"provider-controlplane",1785354541,"160867560"
"provider-controlplane",1785354546,"154132504"
"provider-controlplane",1785354551,"181321152"
"provider-controlplane",1785354556,"170657720"
"provider-controlplane",1785354561,"148888520"
"provider-controlplane",1785354566,"111826240"
"provider-controlplane",1785354571,"234297544"
"provider-controlplane",1785354576,"195185648"
"provider-controlplane",1785354581,"176893544"
"provider-controlplane",1785354586,"138298064"
"provider-controlplane",1785354591,"234784968"
"provider-controlplane",1785354596,"207068296"
"provider-controlplane",1785354601,"161269480"
"provider-controlplane",1785354606,"200456528"
"provider-controlplane",1785354611,"147386136"
"provider-controlplane",1785354616,"139214608"
"provider-controlplane",1785354621,"223603008"
"provider-controlplane",1785354626,"219078352"
"provider-controlplane",1785354631,"179279120"
"provider-controlplane",1785354636,"165497120"
"provider-controlplane",1785354641,"126053304"
"provider-controlplane",1785354646,"195960280"
"provider-controlplane",1785354651,"161629664"
"provider-controlplane",1785354656,"129751824"
"provider-controlplane",1785354661,"98160200"
"provider-controlplane",1785354666,"204319592"
"provider-controlplane",1785354671,"185898664"
"provider-controlplane",1785354676,"185539976"
"provider-controlplane",1785354681,"124868408"
"provider-controlplane",1785354686,"109838152"
"provider-controlplane",1785354691,"112951288"
"provider-controlplane",1785354696,"227950032"
"provider-controlplane",1785354701,"168263640"
"provider-controlplane",1785354706,"133565368"
"provider-controlplane",1785354711,"132874632"
"provider-controlplane",1785354716,"232639672"
"provider-controlplane",1785354721,"171813128"
"provider-controlplane",1785354726,"138691504"
"provider-controlplane",1785354731,"154381848"
"provider-controlplane",1785354736,"224313632"
"provider-controlplane",1785354741,"108104240"
"provider-controlplane",1785354746,"94063720"
"provider-controlplane",1785354751,"176787144"
"provider-controlplane",1785354756,"162330416"
"provider-controlplane",1785354761,"96988136"
"provider-controlplane",1785354766,"97521832"
"provider-controlplane",1785354771,"199669960"
"provider-controlplane",1785354776,"178986616"
"provider-controlplane",1785354781,"138028552"
"provider-controlplane",1785354786,"228986528"
"provider-controlplane",1785354791,"215430552"
"provider-controlplane",1785354796,"211312224"
"provider-controlplane",1785354801,"210157776"
"provider-controlplane",1785354806,"215338512"
"provider-controlplane",1785354811,"177775248"
"provider-controlplane",1785354816,"125179024"
"provider-controlplane",1785354821,"223722176"
"provider-controlplane",1785354826,"177107880"
"provider-controlplane",1785354831,"128388536"
"provider-controlplane",1785354836,"108837608"
"provider-controlplane",1785354841,"176614608"
"provider-controlplane",1785354846,"226643264"
"provider-controlplane",1785354851,"208472768"
"provider-controlplane",1785354856,"188339920"
"provider-controlplane",1785354861,"150706672"
"provider-controlplane",1785354866,"135095288"
"provider-controlplane",1785354871,"118895840"
"provider-controlplane",1785354876,"102585552"
"provider-controlplane",1785354881,"210356192"
"provider-controlplane",1785354886,"171461736"
"provider-controlplane",1785354891,"180635520"
"provider-controlplane",1785354896,"133216296"
"provider-controlplane",1785354901,"201394936"
"provider-controlplane",1785354906,"224274704"
"provider-controlplane",1785354911,"211543088"
"provider-controlplane",1785354916,"168550824"
"provider-controlplane",1785354921,"169776224"
"provider-controlplane",1785354926,"145878504"
"provider-controlplane",1785354931,"111625336"
"provider-controlplane",1785354936,"228077648"
"provider-controlplane",1785354941,"192603592"
"provider-controlplane",1785354946,"175693200"
"provider-controlplane",1785354951,"116145336"
"provider-controlplane",1785354956,"93114000"
"provider-controlplane",1785354961,"206014400"
"provider-controlplane",1785354966,"183818480"
"provider-controlplane",1785354971,"188303176"
"provider-controlplane",1785354976,"166983152"
"provider-controlplane",1785354981,"105728680"
"provider-controlplane",1785354986,"209528560"
"provider-controlplane",1785354991,"203281008"
"provider-controlplane",1785354996,"200060352"
"provider-controlplane",1785355001,"120349072"
"provider-controlplane",1785355006,"221792064"
"provider-controlplane",1785355011,"175828824"
"provider-controlplane",1785355016,"131792616"
"provider-controlplane",1785355021,"218123000"
"provider-controlplane",1785355026,"137717648"
"provider-controlplane",1785355031,"201666320"
"provider-controlplane",1785355036,"174156336"
"provider-controlplane",1785355041,"155534232"
"provider-controlplane",1785355046,"108571168"
"provider-controlplane",1785355051,"113859776"
"provider-controlplane",1785355056,"102561816"
"provider-controlplane",1785355061,"205629776"
"provider-controlplane",1785355066,"158089904"
"provider-controlplane",1785355071,"130530040"
"provider-controlplane",1785355076,"98622784"
"provider-controlplane",1785355081,"166576624"
"provider-controlplane",1785355086,"98746392"
"provider-controlplane",1785355091,"198306528"
"provider-controlplane",1785355096,"135741744"
"provider-controlplane",1785355101,"114719656"
"provider-controlplane",1785355106,"93144672"
"provider-controlplane",1785355111,"192241384"
"provider-controlplane",1785355116,"150291376"
"provider-controlplane",1785355121,"110339328"
"provider-controlplane",1785355126,"232243296"
"provider-controlplane",1785355131,"165126968"
"provider-controlplane",1785355136,"168125304"
"provider-controlplane",1785355141,"222328464"
"provider-controlplane",1785355146,"104267816"
"provider-controlplane",1785355151,"193961240"
"provider-controlplane",1785355156,"144870320"
"provider-controlplane",1785355161,"131749544"
"provider-controlplane",1785355166,"100842440"
"provider-controlplane",1785355171,"121665184"
"provider-controlplane",1785355176,"104767376"
"provider-controlplane",1785355181,"194000288"
"provider-controlplane",1785355186,"164575488"
"provider-controlplane",1785355191,"110245800"
"provider-controlplane",1785355196,"186426552"
"provider-controlplane",1785355201,"93046600"
"provider-controlplane",1785355206,"224658184"
"provider-controlplane",1785355211,"157169176"
"provider-controlplane",1785355216,"154230240"
"provider-controlplane",1785355221,"107901600"
"provider-controlplane",1785355226,"199538456"
"provider-controlplane",1785355231,"194539464"
"provider-controlplane",1785355236,"219218064"
"provider-controlplane",1785355241,"178622184"
"provider-controlplane",1785355246,"150281224"
"provider-controlplane",1785355251,"119479712"
"provider-controlplane",1785355256,"103406624"
"provider-controlplane",1785355261,"169865664"
"provider-controlplane",1785355266,"163163400"
"provider-controlplane",1785355271,"175568328"
"provider-controlplane",1785355276,"168023640"
"provider-controlplane",1785355281,"106333880"
"provider-controlplane",1785355286,"109753408"
"provider-controlplane",1785355291,"185064896"
"provider-controlplane",1785355296,"168037104"
"provider-controlplane",1785355301,"147410864"
"provider-controlplane",1785355306,"121790304"
"provider-controlplane",1785355311,"218883320"
"provider-controlplane",1785355316,"206217080"
"provider-controlplane",1785355321,"170044120"
"provider-controlplane",1785355326,"143064248"
"provider-controlplane",1785355331,"233912928"
"provider-controlplane",1785355336,"99937088"
"provider-controlplane",1785355341,"211987568"
"provider-controlplane",1785355346,"173754600"
"provider-controlplane",1785355351,"119003304"
"provider-controlplane",1785355356,"156688576"
"provider-controlplane",1785355361,"203785984"
"provider-controlplane",1785355366,"222214704"
"provider-controlplane",1785355371,"198665920"
"provider-controlplane",1785355376,"154669216"
"provider-controlplane",1785355381,"113994456"
"provider-controlplane",1785355386,"221738416"
"provider-controlplane",1785355391,"183486032"
"provider-controlplane",1785355396,"182132864"
"provider-controlplane",1785355401,"162854816"
"provider-controlplane",1785355406,"143028208"
"provider-controlplane",1785355411,"110127752"
"provider-controlplane",1785355416,"98757624"
"provider-controlplane",1785355421,"182857232"
"provider-controlplane",1785355426,"181492760"
"provider-controlplane",1785355431,"146291560"
"provider-controlplane",1785355436,"132207152"
"provider-controlplane",1785355441,"198516440"
"provider-controlplane",1785355446,"118203504"
"provider-controlplane",1785355451,"131789600"
"provider-controlplane",1785355456,"144566280"
"provider-controlplane",1785355461,"115884376"
"provider-controlplane",1785355466,"231416032"
"provider-controlplane",1785355471,"211023808"
"provider-controlplane",1785355476,"151071712"
"provider-controlplane",1785355481,"131081416"
"provider-controlplane",1785355486,"133285000"
"provider-controlplane",1785355491,"114977264"
"provider-controlplane",1785355496,"234701176"
"provider-controlplane",1785355501,"180884616"
"provider-controlplane",1785355506,"149535896"
"provider-controlplane",1785355511,"107067352"
"provider-controlplane",1785355516,"230898472"
"provider-controlplane",1785355521,"208577256"
"provider-controlplane",1785355526,"171606864"
"provider-controlplane",1785355531,"176527592"
"provider-controlplane",1785355536,"158867184"
"provider-controlplane",1785355541,"108582016"
"provider-controlplane",1785355546,"221582760"
"provider-controlplane",1785355551,"173893080"
"provider-controlplane",1785355556,"137353016"
"provider-controlplane",1785355561,"220670384"
"provider-controlplane",1785355566,"202816416"
"provider-controlplane",1785355571,"96447296"
"provider-controlplane",1785355576,"206187872"
"provider-controlplane",1785355581,"195822792"
"provider-controlplane",1785355586,"182569992"
"provider-controlplane",1785355591,"124733512"
"provider-controlplane",1785355596,"113714488"
"provider-controlplane",1785355601,"128095256"
"provider-controlplane",1785355606,"207431544"
"provider-controlplane",1785355611,"166860536"
"provider-controlplane",1785355616,"164330120"
"provider-controlplane",1785355621,"233657736"
"provider-controlplane",1785355626,"105016808"
"provider-controlplane",1785355631,"215096224"
"provider-controlplane",1785355636,"194434056"
"provider-controlplane",1785355641,"141193952"
"provider-controlplane",1785355646,"96663248"
"provider-controlplane",1785355651,"206085720"
"provider-controlplane",1785355656,"187954608"
"provider-controlplane",1785355661,"140328384"
"provider-controlplane",1785355666,"156196080"
"provider-controlplane",1785355671,"117929832"
"provider-controlplane",1785355676,"101604064"
"provider-controlplane",1785355681,"192247696"
"provider-controlplane",1785355686,"134292616"
"provider-controlplane",1785355691,"139888888"
"provider-controlplane",1785355696,"95655344"
"provider-controlplane",1785355701,"209895944"
"provider-controlplane",1785355706,"232242624"
"provider-controlplane",1785355711,"183667488"
"provider-controlplane",1785355716,"140318320"
"provider-controlplane",1785355721,"234029864"
"provider-controlplane",1785355726,"180868800"
"provider-controlplane",1785355731,"177613448"
"provider-controlplane",1785355736,"141899008"
"provider-controlplane",1785355741,"95649120"
"provider-controlplane",1785355746,"151555848"
"provider-controlplane",1785355751,"234708216"
"provider-controlplane",1785355756,"216703952"
"provider-controlplane",1785355761,"186017240"
"provider-controlplane",1785355766,"175026384"
"provider-controlplane",1785355771,"126714064"
"provider-controlplane",1785355776,"219145696"
"provider-controlplane",1785355781,"210213872"
"provider-controlplane",1785355786,"191238704"
"provider-controlplane",1785355791,"194633656"
"provider-controlplane",1785355796,"124819584"
"provider-controlplane",1785355801,"188924768"
"provider-controlplane",1785355806,"145165128"
"provider-controlplane",1785355811,"150601264"
"provider-controlplane",1785355816,"169771392"
"provider-controlplane",1785355821,"146955296"
"provider-controlplane",1785355826,"128953840"
"provider-controlplane",1785355831,"230725504"
"provider-controlplane",1785355836,"234336880"
"provider-controlplane",1785355841,"152067944"
"provider-controlplane",1785355846,"114042624"
"provider-controlplane",1785355851,"104706904"
"provider-controlplane",1785355856,"222078584"
"provider-controlplane",1785355861,"163366432"
"provider-controlplane",1785355866,"185986432"
"provider-controlplane",1785355871,"147432304"
"provider-controlplane",1785355876,"232406792"
"provider-controlplane",1785355881,"188818648"
"provider-controlplane",1785355886,"209585520"
"provider-controlplane",1785355891,"203881768"
"provider-controlplane",1785355896,"176435496"
"provider-controlplane",1785355901,"105050896"
"provider-controlplane",1785355906,"189368248"
"provider-controlplane",1785355911,"152595960"
"provider-controlplane",1785355916,"119235184"
"provider-controlplane",1785355921,"152700296"
"provider-controlplane",1785355926,"139229424"
"provider-controlplane",1785355931,"221862744"
"provider-controlplane",1785355936,"193107776"
"provider-controlplane",1785355941,"156407336"
"provider-controlplane",1785355946,"150755280"
"provider-controlplane",1785355951,"118408240"
"provider-controlplane",1785355956,"221892104"
"provider-controlplane",1785355961,"173198768"
"provider-controlplane",1785355966,"161076768"
"provider-controlplane",1785355971,"121455536"
"provider-controlplane",1785355976,"233161296"
"provider-controlplane",1785355981,"160444720"
"provider-controlplane",1785355986,"141092784"
"provider-controlplane",1785355991,"149124360"
"provider-controlplane",1785355996,"127638240"
"provider-controlplane",1785356001,"99443552"
"provider-controlplane",1785356006,"182612344"
"provider-controlplane",1785356011,"144322480"
"provider-controlplane",1785356016,"125741856"
"provider-controlplane",1785356021,"223868728"
"provider-controlplane",1785356026,"216238256"
"provider-controlplane",1785356031,"172017088"
"provider-controlplane",1785356036,"146286704"
"provider-controlplane",1785356041,"212986592"
"provider-controlplane",1785356046,"126507016"
"provider-controlplane",1785356051,"123517720"
"provider-controlplane",1785356056,"105958944"
"provider-controlplane",1785356061,"226231520"
"provider-controlplane",1785356066,"200372040"
"provider-controlplane",1785356071,"190351368"
"provider-controlplane",1785356076,"143961640"
"provider-controlplane",1785356081,"222799144"
"provider-controlplane",1785356086,"148163928"
"provider-controlplane",1785356091,"145932664"
"provider-controlplane",1785356096,"153526312"
"provider-controlplane",1785356101,"96078568"
"provider-controlplane",1785356106,"219154784"
"provider-controlplane",1785356111,"161352880"
"provider-controlplane",1785356116,"184432136"
"provider-controlplane",1785356121,"124451896"
"provider-controlplane",1785356126,"108395496"
"provider-controlplane",1785356131,"173235320"
"provider-controlplane",1785356136,"132655192"
"provider-controlplane",1785356141,"219729040"
"provider-controlplane",1785356146,"232769656"
"provider-controlplane",1785356151,"225193848"
"provider-controlplane",1785356156,"174782720"
"provider-controlplane",1785356161,"236785680"
"provider-controlplane",1785356166,"210768680"
"provider-controlplane",1785356171,"230206840"
"provider-controlplane",1785356176,"186769032"
"provider-controlplane",1785356181,"182284088"
"provider-controlplane",1785356186,"143261544"
"provider-controlplane",1785356191,"173309160"
"provider-controlplane",1785356196,"165820328"
"provider-controlplane",1785356201,"236068352"
"provider-controlplane",1785356206,"170432144"
"provider-controlplane",1785356211,"145045544"
"provider-controlplane",1785356216,"126071520"
"provider-controlplane",1785356221,"212311192"
"provider-controlplane",1785356226,"185173080"
"provider-controlplane",1785356231,"210535408"
"provider-controlplane",1785356236,"202136680"
"provider-controlplane",1785356241,"148931736"
"provider-controlplane",1785356246,"205709584"
"provider-controlplane",1785356251,"177191360"
"provider-controlplane",1785356256,"148605520"
"provider-controlplane",1785356261,"226803576"
"provider-controlplane",1785356266,"188903320"
"provider-controlplane",1785356271,"184237600"
"provider-controlplane",1785356276,"147170032"
"provider-controlplane",1785356281,"218412648"
"provider-controlplane",1785356286,"171273152"
"provider-controlplane",1785356291,"163448952"
"provider-controlplane",1785356296,"172584656"
"provider-controlplane",1785356301,"169503056"
"provider-controlplane",1785356306,"141577088"
"provider-controlplane",1785356311,"107679936"
"provider-controlplane",1785356316,"201151552"
"provider-controlplane",1785356321,"171282696"
"provider-controlplane",1785356326,"147482288"
"provider-controlplane",1785356331,"148865320"
"provider-controlplane",1785356336,"112294984"
"provider-controlplane",1785356341,"183363328"
"provider-controlplane",1785356346,"110206520"
"provider-controlplane",1785356351,"144119248"
"provider-controlplane",1785356356,"123957472"
"provider-controlplane",1785356361,"102662856"
"provider-controlplane",1785356366,"233517312"
"provider-controlplane",1785356371,"182437736"
"provider-controlplane",1785356376,"141386672"
"provider-controlplane",1785356381,"221734456"
"provider-controlplane",1785356386,"202599984"
"provider-controlplane",1785356391,"200636920"
"provider-controlplane",1785356396,"167468768"
"provider-controlplane",1785356401,"234444656"
"provider-controlplane",1785356406,"235703816"
"provider-controlplane",1785356411,"228739160"
"provider-controlplane",1785356416,"206973680"
"provider-controlplane",1785356421,"187904336"
"provider-controlplane",1785356426,"124988912"
"provider-controlplane",1785356431,"104861888"
"provider-controlplane",1785356436,"216719864"
"provider-controlplane",1785356441,"163648472"
"provider-controlplane",1785356446,"140743456"
"provider-controlplane",1785356451,"122945248"
"provider-controlplane",1785356456,"222826464"
"provider-controlplane",1785356461,"149225600"
"provider-controlplane",1785356466,"155772664"
"provider-controlplane",1785356471,"116466048"
"provider-controlplane",1785356476,"161694624"
"provider-controlplane",1785356481,"202071672"
"provider-controlplane",1785356486,"99804096"
"provider-controlplane",1785356491,"132876712"
"provider-controlplane",1785356496,"173614368"
"provider-controlplane",1785356501,"220167992"
"provider-dataplane",1785352856,"215689952"
"provider-dataplane",1785352861,"239436832"
"provider-dataplane",1785352866,"123939896"
"provider-dataplane",1785352871,"151678984"
"provider-dataplane",1785352876,"184844624"
"provider-dataplane",1785352881,"216966824"
"provider-dataplane",1785352886,"243005752"
"provider-dataplane",1785352891,"135578728"
"provider-dataplane",1785352896,"167996872"
"provider-dataplane",1785352901,"198058592"
"provider-dataplane",1785352906,"231522696"
"provider-dataplane",1785352911,"111896784"
"provider-dataplane",1785352916,"141416360"
"provider-dataplane",1785352921,"156382688"
"provider-dataplane",1785352926,"176730616"
"provider-dataplane",1785352931,"203241776"
"provider-dataplane",1785352936,"239094720"
"provider-dataplane",1785352941,"139236584"
"provider-dataplane",1785352946,"163632752"
"provider-dataplane",1785352951,"191313376"
"provider-dataplane",1785352956,"224844936"
"provider-dataplane",1785352961,"120492896"
"provider-dataplane",1785352966,"149273320"
"provider-dataplane",1785352971,"181353976"
"provider-dataplane",1785352976,"206687560"
"provider-dataplane",1785352981,"221019688"
"provider-dataplane",1785352986,"241325624"
"provider-dataplane",1785352991,"125873328"
"provider-dataplane",1785352996,"156145824"
"provider-dataplane",1785353001,"195451496"
"provider-dataplane",1785353006,"225993464"
"provider-dataplane",1785353011,"110895560"
"provider-dataplane",1785353016,"139388000"
"provider-dataplane",1785353021,"175653336"
"provider-dataplane",1785353026,"209467400"
"provider-dataplane",1785353031,"232873200"
"provider-dataplane",1785353036,"114514928"
"provider-dataplane",1785353041,"132977856"
"provider-dataplane",1785353046,"151383960"
"provider-dataplane",1785353051,"179986952"
"provider-dataplane",1785353056,"220603008"
"provider-dataplane",1785353061,"110511656"
"provider-dataplane",1785353066,"140388376"
"provider-dataplane",1785353071,"168571880"
"provider-dataplane",1785353076,"205967240"
"provider-dataplane",1785353081,"228028728"
"provider-dataplane",1785353086,"129969280"
"provider-dataplane",1785353091,"159637848"
"provider-dataplane",1785353096,"186488712"
"provider-dataplane",1785353101,"206974792"
"provider-dataplane",1785353106,"239197928"
"provider-dataplane",1785353111,"132321816"
"provider-dataplane",1785353116,"161798568"
"provider-dataplane",1785353121,"197236312"
"provider-dataplane",1785353126,"218900776"
"provider-dataplane",1785353131,"106451728"
"provider-dataplane",1785353136,"132005048"
"provider-dataplane",1785353141,"160659952"
"provider-dataplane",1785353146,"194254416"
"provider-dataplane",1785353151,"214216456"
"provider-dataplane",1785353156,"236080104"
"provider-dataplane",1785353161,"108942024"
"provider-dataplane",1785353166,"123863680"
"provider-dataplane",1785353171,"154496128"
"provider-dataplane",1785353176,"187331368"
"provider-dataplane",1785353181,"219289080"
"provider-dataplane",1785353186,"109334080"
"provider-dataplane",1785353191,"141115688"
"provider-dataplane",1785353196,"175864392"
"provider-dataplane",1785353201,"210916712"
"provider-dataplane",1785353206,"233305320"
"provider-dataplane",1785353211,"129847024"
"provider-dataplane",1785353216,"155345432"
"provider-dataplane",1785353221,"169213312"
"provider-dataplane",1785353226,"190885896"
"provider-dataplane",1785353231,"215201504"
"provider-dataplane",1785353236,"112489128"
"provider-dataplane",1785353241,"136528944"
"provider-dataplane",1785353246,"171879320"
"provider-dataplane",1785353251,"201443392"
"provider-dataplane",1785353256,"230866336"
"provider-dataplane",1785353261,"113179856"
"provider-dataplane",1785353266,"146809984"
"provider-dataplane",1785353271,"173833680"
"provider-dataplane",1785353276,"196952376"
"provider-dataplane",1785353281,"208531608"
"provider-dataplane",1785353286,"226847144"
"provider-dataplane",1785353291,"108214744"
"provider-dataplane",1785353296,"133499312"
"provider-dataplane",1785353301,"162445464"
"provider-dataplane",1785353306,"191487272"
"provider-dataplane",1785353311,"216022200"
"provider-dataplane",1785353316,"243983552"
"provider-dataplane",1785353321,"127780776"
"provider-dataplane",1785353326,"167862104"
"provider-dataplane",1785353331,"194683616"
"provider-dataplane",1785353336,"214110112"
"provider-dataplane",1785353341,"228979624"
"provider-dataplane",1785353346,"233599616"
"provider-dataplane",1785353351,"121849920"
"provider-dataplane",1785353356,"152863856"
"provider-dataplane",1785353361,"187219816"
"provider-dataplane",1785353366,"223146576"
"provider-dataplane",1785353371,"111014600"
"provider-dataplane",1785353376,"140957176"
"provider-dataplane",1785353381,"176335976"
"provider-dataplane",1785353386,"203527808"
"provider-dataplane",1785353391,"237594280"
"provider-dataplane",1785353396,"118497872"
"provider-dataplane",1785353401,"130863240"
"provider-dataplane",1785353406,"145528736"
"provider-dataplane",1785353411,"186035576"
"provider-dataplane",1785353416,"221639032"
"provider-dataplane",1785353421,"115912800"
"provider-dataplane",1785353426,"143935952"
"provider-dataplane",1785353431,"173733968"
"provider-dataplane",1785353436,"212312576"
"provider-dataplane",1785353441,"238466080"
"provider-dataplane",1785353446,"126462848"
"provider-dataplane",1785353451,"160416936"
"provider-dataplane",1785353456,"184716896"
"provider-dataplane",1785353461,"202347904"
"provider-dataplane",1785353466,"225591600"
"provider-dataplane",1785353471,"111227912"
"provider-dataplane",1785353476,"144787608"
"provider-dataplane",1785353481,"175223048"
"provider-dataplane",1785353486,"201522760"
"provider-dataplane",1785353491,"232344616"
"provider-dataplane",1785353496,"127188912"
"provider-dataplane",1785353501,"152157136"
"provider-dataplane",1785353506,"179076064"
"provider-dataplane",1785353511,"204045416"
"provider-dataplane",1785353516,"224486216"
"provider-dataplane",1785353521,"242713496"
"provider-dataplane",1785353526,"127160840"
"provider-dataplane",1785353531,"164141456"
"provider-dataplane",1785353536,"200023264"
"provider-dataplane",1785353541,"223817120"
"provider-dataplane",1785353546,"245391872"
"provider-dataplane",1785353551,"138001504"
"provider-dataplane",1785353556,"165334936"
"provider-dataplane",1785353561,"196854376"
"provider-dataplane",1785353566,"231948376"
"provider-dataplane",1785353571,"125727104"
"provider-dataplane",1785353576,"144273416"
"provider-dataplane",1785353581,"158559488"
"provider-dataplane",1785353586,"183914232"
"provider-dataplane",1785353591,"215449176"
"provider-dataplane",1785353596,"106873456"
"provider-dataplane",1785353601,"140987760"
"provider-dataplane",1785353606,"164107184"
"provider-dataplane",1785353611,"192177656"
"provider-dataplane",1785353616,"223088360"
"provider-dataplane",1785353621,"112892416"
"provider-dataplane",1785353626,"138891448"
"provider-dataplane",1785353631,"168483168"
"provider-dataplane",1785353636,"184072384"
"provider-dataplane",1785353641,"201953592"
"provider-dataplane",1785353646,"208992592"
"provider-dataplane",1785353651,"239217144"
"provider-dataplane",1785353656,"122050496"
"provider-dataplane",1785353661,"156094088"
"provider-dataplane",1785353666,"188751096"
"provider-dataplane",1785353671,"219029048"
"provider-dataplane",1785353676,"107904808"
"provider-dataplane",1785353681,"139793784"
"provider-dataplane",1785353686,"171174392"
"provider-dataplane",1785353691,"196443584"
"provider-dataplane",1785353696,"221017496"
"provider-dataplane",1785353701,"237664176"
"provider-dataplane",1785353706,"127917928"
"provider-dataplane",1785353711,"161657040"
"provider-dataplane",1785353716,"179857784"
"provider-dataplane",1785353721,"210232592"
"provider-dataplane",1785353726,"245851776"
"provider-dataplane",1785353731,"139219584"
"provider-dataplane",1785353736,"162413632"
"provider-dataplane",1785353741,"185369472"
"provider-dataplane",1785353746,"215986232"
"provider-dataplane",1785353751,"242504248"
"provider-dataplane",1785353756,"127764976"
"provider-dataplane",1785353761,"140763520"
"provider-dataplane",1785353766,"159062880"
"provider-dataplane",1785353771,"202413904"
"provider-dataplane",1785353776,"237425240"
"provider-dataplane",1785353781,"125118296"
"provider-dataplane",1785353786,"149963984"
"provider-dataplane",1785353791,"180420160"
"provider-dataplane",1785353796,"208246016"
"provider-dataplane",1785353801,"241533608"
"provider-dataplane",1785353806,"132035800"
"provider-dataplane",1785353811,"169272560"
"provider-dataplane",1785353816,"190657720"
"provider-dataplane",1785353821,"201165808"
"provider-dataplane",1785353826,"224889528"
"provider-dataplane",1785353831,"110921000"
"provider-dataplane",1785353836,"146527728"
"provider-dataplane",1785353841,"179441424"
"provider-dataplane",1785353846,"211745008"
"provider-dataplane",1785353851,"236312712"
"provider-dataplane",1785353856,"116137272"
"provider-dataplane",1785353861,"148840208"
"provider-dataplane",1785353866,"177856928"
"provider-dataplane",1785353871,"202646528"
"provider-dataplane",1785353876,"225943376"
"provider-dataplane",1785353881,"239623880"
"provider-dataplane",1785353886,"114282408"
"provider-dataplane",1785353891,"151287384"
"provider-dataplane",1785353896,"187748112"
"provider-dataplane",1785353901,"214665552"
"provider-dataplane",1785353906,"109478936"
"provider-dataplane",1785353911,"131507064"
"provider-dataplane",1785353916,"171810168"
"provider-dataplane",1785353921,"204025344"
"provider-dataplane",1785353926,"237190232"
"provider-dataplane",1785353931,"122039768"
"provider-dataplane",1785353936,"140400632"
"provider-dataplane",1785353941,"158368456"
"provider-dataplane",1785353946,"172137168"
"provider-dataplane",1785353951,"205681208"
"provider-dataplane",1785353956,"245586384"
"provider-dataplane",1785353961,"126989768"
"provider-dataplane",1785353966,"162913176"
"provider-dataplane",1785353971,"188555944"
"provider-dataplane",1785353976,"226597032"
"provider-dataplane",1785353981,"115770944"
"provider-dataplane",1785353986,"139217896"
"provider-dataplane",1785353991,"171545696"
"provider-dataplane",1785353996,"194208920"
"provider-dataplane",1785354001,"207886136"
"provider-dataplane",1785354006,"237702680"
"provider-dataplane",1785354011,"132932776"
"provider-dataplane",1785354016,"161174232"
"provider-dataplane",1785354021,"194195712"
"provider-dataplane",1785354026,"227933688"
"provider-dataplane",1785354031,"107819240"
"provider-dataplane",1785354036,"133654288"
"provider-dataplane",1785354041,"163102184"
"provider-dataplane",1785354046,"197270704"
"provider-dataplane",1785354051,"214446776"
"provider-dataplane",1785354056,"235602992"
"provider-dataplane",1785354061,"107209096"
"provider-dataplane",1785354066,"132158128"
"provider-dataplane",1785354071,"150901440"
"provider-dataplane",1785354076,"183815056"
"provider-dataplane",1785354081,"224791688"
"provider-dataplane",1785354086,"121984944"
"provider-dataplane",1785354091,"141871552"
"provider-dataplane",1785354096,"169956520"
"provider-dataplane",1785354101,"194673600"
"provider-dataplane",1785354106,"226217392"
"provider-dataplane",1785354111,"114063600"
"provider-dataplane",1785354116,"135411832"
"provider-dataplane",1785354121,"148930576"
"provider-dataplane",1785354126,"171440648"
"provider-dataplane",1785354131,"198144800"
"provider-dataplane",1785354136,"233484904"
"provider-dataplane",1785354141,"127763296"
"provider-dataplane",1785354146,"164442328"
"provider-dataplane",1785354151,"195028920"
"provider-dataplane",1785354156,"221817712"
"provider-dataplane",1785354161,"105432760"
"provider-dataplane",1785354166,"137067584"
"provider-dataplane",1785354171,"174819480"
"provider-dataplane",1785354176,"191821240"
"provider-dataplane",1785354181,"212712912"
"provider-dataplane",1785354186,"242735272"
"provider-dataplane",1785354191,"124865512"
"provider-dataplane",1785354196,"148648232"
"provider-dataplane",1785354201,"179873608"
"provider-dataplane",1785354206,"211332088"
"provider-dataplane",1785354211,"106257584"
"provider-dataplane",1785354216,"135518832"
"provider-dataplane",1785354221,"162653104"
"provider-dataplane",1785354226,"187250464"
"provider-dataplane",1785354231,"211076536"
"provider-dataplane",1785354236,"237385736"
"provider-dataplane",1785354241,"109017528"
"provider-dataplane",1785354246,"130496664"
"provider-dataplane",1785354251,"162304784"
"provider-dataplane",1785354256,"193481264"
"provider-dataplane",1785354261,"228512920"
"provider-dataplane",1785354266,"120184672"
"provider-dataplane",1785354271,"155120720"
"provider-dataplane",1785354276,"170816288"
"provider-dataplane",1785354281,"191172856"
"provider-dataplane",1785354286,"209439248"
"provider-dataplane",1785354291,"231279480"
"provider-dataplane",1785354296,"115582104"
"provider-dataplane",1785354301,"131744760"
"provider-dataplane",1785354306,"173026128"
"provider-dataplane",1785354311,"211523504"
"provider-dataplane",1785354316,"243509480"
"provider-dataplane",1785354321,"243509480"
"provider-dataplane",1785354326,"121021592"
"provider-dataplane",1785354331,"148300080"
"provider-dataplane",1785354336,"177802128"
"provider-dataplane",1785354341,"204230872"
"provider-dataplane",1785354346,"233964736"
"provider-dataplane",1785354351,"113861840"
"provider-dataplane",1785354356,"137229984"
"provider-dataplane",1785354361,"157406040"
"provider-dataplane",1785354366,"175788712"
"provider-dataplane",1785354371,"212668056"
"provider-dataplane",1785354376,"105492328"
"provider-dataplane",1785354381,"137815928"
"provider-dataplane",1785354386,"163138304"
"provider-dataplane",1785354391,"187642624"
"provider-dataplane",1785354396,"201383904"
"provider-dataplane",1785354401,"227352664"
"provider-dataplane",1785354406,"112195248"
"provider-dataplane",1785354411,"138352976"
"provider-dataplane",1785354416,"163575768"
"provider-dataplane",1785354421,"181584760"
"provider-dataplane",1785354426,"194501208"
"provider-dataplane",1785354431,"204731736"
"provider-dataplane",1785354436,"233350448"
"provider-dataplane",1785354441,"123291448"
"provider-dataplane",1785354446,"158058328"
"provider-dataplane",1785354451,"191886376"
"provider-dataplane",1785354456,"227878128"
"provider-dataplane",1785354461,"119185584"
"provider-dataplane",1785354466,"146312944"
"provider-dataplane",1785354471,"166393968"
"provider-dataplane",1785354476,"192462584"
"provider-dataplane",1785354481,"208215368"
"provider-dataplane",1785354486,"220107040"
"provider-dataplane",1785354491,"241999752"
"provider-dataplane",1785354496,"128047576"
"provider-dataplane",1785354501,"152289584"
"provider-dataplane",1785354506,"180245080"
"provider-dataplane",1785354511,"207958232"
"provider-dataplane",1785354516,"238852544"
"provider-dataplane",1785354521,"131013376"
"provider-dataplane",1785354526,"163533704"
"provider-dataplane",1785354531,"188521032"
"provider-dataplane",1785354536,"216880464"
"provider-dataplane",1785354541,"233609512"
"provider-dataplane",1785354546,"112830384"
"provider-dataplane",1785354551,"140704256"
"provider-dataplane",1785354556,"174912456"
"provider-dataplane",1785354561,"208206504"
"provider-dataplane",1785354566,"232073816"
"provider-dataplane",1785354571,"118910216"
"provider-dataplane",1785354576,"151052296"
"provider-dataplane",1785354581,"174264304"
"provider-dataplane",1785354586,"206758088"
"provider-dataplane",1785354591,"230516296"
"provider-dataplane",1785354596,"116815056"
"provider-dataplane",1785354601,"128134120"
"provider-dataplane",1785354606,"149383080"
"provider-dataplane",1785354611,"178284288"
"provider-dataplane",1785354616,"229633016"
"provider-dataplane",1785354621,"115743736"
"provider-dataplane",1785354626,"140930872"
"provider-dataplane",1785354631,"164926536"
"provider-dataplane",1785354636,"193048168"
"provider-dataplane",1785354641,"222233736"
"provider-dataplane",1785354646,"242826592"
"provider-dataplane",1785354651,"125136696"
"provider-dataplane",1785354656,"141324512"
"provider-dataplane",1785354661,"158922624"
"provider-dataplane",1785354666,"177223600"
"provider-dataplane",1785354671,"183878064"
"provider-dataplane",1785354676,"215806400"
"provider-dataplane",1785354681,"105593808"
"provider-dataplane",1785354686,"140040616"
"provider-dataplane",1785354691,"172137672"
"provider-dataplane",1785354696,"201187088"
"provider-dataplane",1785354701,"116771536"
"provider-dataplane",1785354706,"140820192"
"provider-dataplane",1785354711,"165282672"
"provider-dataplane",1785354716,"189109384"
"provider-dataplane",1785354721,"208197624"
"provider-dataplane",1785354726,"226683072"
"provider-dataplane",1785354731,"106190896"
"provider-dataplane",1785354736,"136045504"
"provider-dataplane",1785354741,"169813600"
"provider-dataplane",1785354746,"195935632"
"provider-dataplane",1785354751,"225168464"
"provider-dataplane",1785354756,"110499128"
"provider-dataplane",1785354761,"133178760"
"provider-dataplane",1785354766,"156137264"
"provider-dataplane",1785354771,"172211152"
"provider-dataplane",1785354776,"199704512"
"provider-dataplane",1785354781,"219475936"
"provider-dataplane",1785354786,"232330976"
"provider-dataplane",1785354791,"122366968"
"provider-dataplane",1785354796,"155193040"
"provider-dataplane",1785354801,"189273016"
"provider-dataplane",1785354806,"218867672"
"provider-dataplane",1785354811,"247244200"
"provider-dataplane",1785354816,"137092896"
"provider-dataplane",1785354821,"159612696"
"provider-dataplane",1785354826,"178800336"
"provider-dataplane",1785354831,"194982288"
"provider-dataplane",1785354836,"212178480"
"provider-dataplane",1785354841,"228225416"
"provider-dataplane",1785354846,"243897056"
"provider-dataplane",1785354851,"125834728"
"provider-dataplane",1785354856,"161925088"
"provider-dataplane",1785354861,"195333352"
"provider-dataplane",1785354866,"223542808"
"provider-dataplane",1785354871,"113549176"
"provider-dataplane",1785354876,"144536296"
"provider-dataplane",1785354881,"182559360"
"provider-dataplane",1785354886,"208374616"
"provider-dataplane",1785354891,"239390576"
"provider-dataplane",1785354896,"119164728"
"provider-dataplane",1785354901,"136341496"
"provider-dataplane",1785354906,"164849232"
"provider-dataplane",1785354911,"194649600"
"provider-dataplane",1785354916,"223622968"
"provider-dataplane",1785354921,"115094592"
"provider-dataplane",1785354926,"143115264"
"provider-dataplane",1785354931,"172122720"
"provider-dataplane",1785354936,"191556832"
"provider-dataplane",1785354941,"218070480"
"provider-dataplane",1785354946,"237193296"
"provider-dataplane",1785354951,"118313144"
"provider-dataplane",1785354956,"141883384"
"provider-dataplane",1785354961,"162856616"
"provider-dataplane",1785354966,"191736000"
"provider-dataplane",1785354971,"221695096"
"provider-dataplane",1785354976,"114185496"
"provider-dataplane",1785354981,"137697504"
"provider-dataplane",1785354986,"157683568"
"provider-dataplane",1785354991,"182315968"
"provider-dataplane",1785354996,"210067632"
"provider-dataplane",1785355001,"226370016"
"provider-dataplane",1785355006,"240282296"
"provider-dataplane",1785355011,"117072120"
"provider-dataplane",1785355016,"121469184"
"provider-dataplane",1785355021,"144765536"
"provider-dataplane",1785355026,"149714944"
"provider-dataplane",1785355031,"180166112"
"provider-dataplane",1785355036,"205107968"
"provider-dataplane",1785355041,"231643792"
"provider-dataplane",1785355046,"109642712"
"provider-dataplane",1785355051,"141564208"
"provider-dataplane",1785355056,"172601352"
"provider-dataplane",1785355061,"193902840"
"provider-dataplane",1785355066,"213451888"
"provider-dataplane",1785355071,"243775560"
"provider-dataplane",1785355076,"123337408"
"provider-dataplane",1785355081,"140224040"
"provider-dataplane",1785355086,"166198376"
"provider-dataplane",1785355091,"189411432"
"provider-dataplane",1785355096,"218220640"
"provider-dataplane",1785355101,"243156744"
"provider-dataplane",1785355106,"129755304"
"provider-dataplane",1785355111,"145733136"
"provider-dataplane",1785355116,"162547568"
"provider-dataplane",1785355121,"187663992"
"provider-dataplane",1785355126,"206239824"
"provider-dataplane",1785355131,"231315432"
"provider-dataplane",1785355136,"116878520"
"provider-dataplane",1785355141,"126623704"
"provider-dataplane",1785355146,"146744136"
"provider-dataplane",1785355151,"176295152"
"provider-dataplane",1785355156,"197279168"
"provider-dataplane",1785355161,"222974600"
"provider-dataplane",1785355166,"254543776"
"provider-dataplane",1785355171,"141406272"
"provider-dataplane",1785355176,"163442504"
"provider-dataplane",1785355181,"177023472"
"provider-dataplane",1785355186,"206148896"
"provider-dataplane",1785355191,"223441944"
"provider-dataplane",1785355196,"242371984"
"provider-dataplane",1785355201,"128929512"
"provider-dataplane",1785355206,"140762448"
"provider-dataplane",1785355211,"177174336"
"provider-dataplane",1785355216,"215487072"
"provider-dataplane",1785355221,"241306336"
"provider-dataplane",1785355226,"130105072"
"provider-dataplane",1785355231,"162393752"
"provider-dataplane",1785355236,"194060320"
"provider-dataplane",1785355241,"225292752"
"provider-dataplane",1785355246,"253565648"
"provider-dataplane",1785355251,"131882336"
"provider-dataplane",1785355256,"160809496"
"provider-dataplane",1785355261,"178397008"
"provider-dataplane",1785355266,"203259552"
"provider-dataplane",1785355271,"240384320"
"provider-dataplane",1785355276,"124667992"
"provider-dataplane",1785355281,"152347976"
"provider-dataplane",1785355286,"182244656"
"provider-dataplane",1785355291,"189499112"
"provider-dataplane",1785355296,"218675408"
"provider-dataplane",1785355301,"248572128"
"provider-dataplane",1785355306,"125039904"
"provider-dataplane",1785355311,"143794848"
"provider-dataplane",1785355316,"173928432"
"provider-dataplane",1785355321,"178796472"
"provider-dataplane",1785355326,"206932496"
"provider-dataplane",1785355331,"231134632"
"provider-dataplane",1785355336,"117466352"
"provider-dataplane",1785355341,"145408744"
"provider-dataplane",1785355346,"178668768"
"provider-dataplane",1785355351,"204548320"
"provider-dataplane",1785355356,"237460600"
"provider-dataplane",1785355361,"121642400"
"provider-dataplane",1785355366,"144118480"
"provider-dataplane",1785355371,"171858032"
"provider-dataplane",1785355376,"194466648"
"provider-dataplane",1785355381,"205541456"
"provider-dataplane",1785355386,"230306584"
"provider-dataplane",1785355391,"251610488"
"provider-dataplane",1785355396,"146581608"
"provider-dataplane",1785355401,"180297464"
"provider-dataplane",1785355406,"209326496"
"provider-dataplane",1785355411,"236902856"
"provider-dataplane",1785355416,"130639664"
"provider-dataplane",1785355421,"165970528"
"provider-dataplane",1785355426,"191517064"
"provider-dataplane",1785355431,"210498608"
"provider-dataplane",1785355436,"238812096"
"provider-dataplane",1785355441,"248955392"
"provider-dataplane",1785355446,"130164816"
"provider-dataplane",1785355451,"152290968"
"provider-dataplane",1785355456,"175501168"
"provider-dataplane",1785355461,"207593080"
"provider-dataplane",1785355466,"238376728"
"provider-dataplane",1785355471,"119425488"
"provider-dataplane",1785355476,"145177416"
"provider-dataplane",1785355481,"157970552"
"provider-dataplane",1785355486,"192662656"
"provider-dataplane",1785355491,"224853216"
"provider-dataplane",1785355496,"251243528"
"provider-dataplane",1785355501,"123925528"
"provider-dataplane",1785355506,"153001912"
"provider-dataplane",1785355511,"183839928"
"provider-dataplane",1785355516,"208241384"
"provider-dataplane",1785355521,"237729040"
"provider-dataplane",1785355526,"116998304"
"provider-dataplane",1785355531,"152521592"
"provider-dataplane",1785355536,"184973504"
"provider-dataplane",1785355541,"211159072"
"provider-dataplane",1785355546,"222499464"
"provider-dataplane",1785355551,"249410360"
"provider-dataplane",1785355556,"123779264"
"provider-dataplane",1785355561,"145055240"
"provider-dataplane",1785355566,"162438432"
"provider-dataplane",1785355571,"195243312"
"provider-dataplane",1785355576,"233096720"
"provider-dataplane",1785355581,"259627360"
"provider-dataplane",1785355586,"140458160"
"provider-dataplane",1785355591,"172345968"
"provider-dataplane",1785355596,"206898776"
"provider-dataplane",1785355601,"241252392"
"provider-dataplane",1785355606,"121389840"
"provider-dataplane",1785355611,"150024584"
"provider-dataplane",1785355616,"177090104"
"provider-dataplane",1785355621,"191325768"
"provider-dataplane",1785355626,"218430640"
"provider-dataplane",1785355631,"249350536"
"provider-dataplane",1785355636,"136315752"
"provider-dataplane",1785355641,"161853816"
"provider-dataplane",1785355646,"171973872"
"provider-dataplane",1785355651,"199803712"
"provider-dataplane",1785355656,"224443888"
"provider-dataplane",1785355661,"246968224"
"provider-dataplane",1785355666,"132107240"
"provider-dataplane",1785355671,"162276832"
"provider-dataplane",1785355676,"176330848"
"provider-dataplane",1785355681,"199211128"
"provider-dataplane",1785355686,"219115088"
"provider-dataplane",1785355691,"256090520"
"provider-dataplane",1785355696,"144612712"
"provider-dataplane",1785355701,"171551224"
"provider-dataplane",1785355706,"205602104"
"provider-dataplane",1785355711,"235455944"
"provider-dataplane",1785355716,"128333128"
"provider-dataplane",1785355721,"133404128"
"provider-dataplane",1785355726,"161535304"
"provider-dataplane",1785355731,"174836312"
"provider-dataplane",1785355736,"196380528"
"provider-dataplane",1785355741,"209019544"
"provider-dataplane",1785355746,"227439696"
"provider-dataplane",1785355751,"250633672"
"provider-dataplane",1785355756,"148601104"
"provider-dataplane",1785355761,"183387016"
"provider-dataplane",1785355766,"209723760"
"provider-dataplane",1785355771,"227728488"
"provider-dataplane",1785355776,"256545256"
"provider-dataplane",1785355781,"150637592"
"provider-dataplane",1785355786,"167649104"
"provider-dataplane",1785355791,"197067280"
"provider-dataplane",1785355796,"220676872"
"provider-dataplane",1785355801,"242223008"
"provider-dataplane",1785355806,"251351296"
"provider-dataplane",1785355811,"138649408"
"provider-dataplane",1785355816,"175027744"
"provider-dataplane",1785355821,"208176744"
"provider-dataplane",1785355826,"238311544"
"provider-dataplane",1785355831,"253738240"
"provider-dataplane",1785355836,"134500416"
"provider-dataplane",1785355841,"164962024"
"provider-dataplane",1785355846,"180993480"
"provider-dataplane",1785355851,"203246320"
"provider-dataplane",1785355856,"231848536"
"provider-dataplane",1785355861,"240285256"
"provider-dataplane",1785355866,"125966520"
"provider-dataplane",1785355871,"160096936"
"provider-dataplane",1785355876,"180091176"
"provider-dataplane",1785355881,"206622584"
"provider-dataplane",1785355886,"233670832"
"provider-dataplane",1785355891,"121565408"
"provider-dataplane",1785355896,"153657912"
"provider-dataplane",1785355901,"168503096"
"provider-dataplane",1785355906,"188456096"
"provider-dataplane",1785355911,"208689184"
"provider-dataplane",1785355916,"222270880"
"provider-dataplane",1785355921,"243644720"
"provider-dataplane",1785355926,"255113408"
"provider-dataplane",1785355931,"143813232"
"provider-dataplane",1785355936,"179858968"
"provider-dataplane",1785355941,"210135936"
"provider-dataplane",1785355946,"241503840"
"provider-dataplane",1785355951,"257966392"
"provider-dataplane",1785355956,"140412648"
"provider-dataplane",1785355961,"172684464"
"provider-dataplane",1785355966,"205261440"
"provider-dataplane",1785355971,"223674552"
"provider-dataplane",1785355976,"246085032"
"provider-dataplane",1785355981,"122953200"
"provider-dataplane",1785355986,"139873480"
"provider-dataplane",1785355991,"174796272"
"provider-dataplane",1785355996,"208777888"
"provider-dataplane",1785356001,"242771848"
"provider-dataplane",1785356006,"130590968"
"provider-dataplane",1785356011,"144682304"
"provider-dataplane",1785356016,"164063600"
"provider-dataplane",1785356021,"178471832"
"provider-dataplane",1785356026,"200594784"
"provider-dataplane",1785356031,"233598472"
"provider-dataplane",1785356036,"244141896"
"provider-dataplane",1785356041,"124637200"
"provider-dataplane",1785356046,"128103248"
"provider-dataplane",1785356051,"155749840"
"provider-dataplane",1785356056,"187430584"
"provider-dataplane",1785356061,"221231256"
"provider-dataplane",1785356066,"252661264"
"provider-dataplane",1785356071,"135652168"
"provider-dataplane",1785356076,"153211304"
"provider-dataplane",1785356081,"175664944"
"provider-dataplane",1785356086,"189221536"
"provider-dataplane",1785356091,"208996464"
"provider-dataplane",1785356096,"234489744"
"provider-dataplane",1785356101,"248929080"
"provider-dataplane",1785356106,"122577168"
"provider-dataplane",1785356111,"153593088"
"provider-dataplane",1785356116,"186187024"
"provider-dataplane",1785356121,"212383728"
"provider-dataplane",1785356126,"238910600"
"provider-dataplane",1785356131,"252840760"
"provider-dataplane",1785356136,"137809064"
"provider-dataplane",1785356141,"152814768"
"provider-dataplane",1785356146,"173942144"
"provider-dataplane",1785356151,"200791056"
"provider-dataplane",1785356156,"227077232"
"provider-dataplane",1785356161,"232747528"
"provider-dataplane",1785356166,"258059664"
"provider-dataplane",1785356171,"145387152"
"provider-dataplane",1785356176,"162165208"
"provider-dataplane",1785356181,"178140056"
"provider-dataplane",1785356186,"206098784"
"provider-dataplane",1785356191,"213522920"
"provider-dataplane",1785356196,"233380008"
"provider-dataplane",1785356201,"245681112"
"provider-dataplane",1785356206,"262577912"
"provider-dataplane",1785356211,"138373688"
"provider-dataplane",1785356216,"151182064"
"provider-dataplane",1785356221,"170054736"
"provider-dataplane",1785356226,"186486624"
"provider-dataplane",1785356231,"213561680"
"provider-dataplane",1785356236,"243831704"
"provider-dataplane",1785356241,"128593880"
"provider-dataplane",1785356246,"151419528"
"provider-dataplane",1785356251,"176819080"
"provider-dataplane",1785356256,"184872648"
"provider-dataplane",1785356261,"206370336"
"provider-dataplane",1785356266,"210667712"
"provider-dataplane",1785356271,"234802368"
"provider-dataplane",1785356276,"240129200"
"provider-dataplane",1785356281,"261971336"
"provider-dataplane",1785356286,"124727584"
"provider-dataplane",1785356291,"149599576"
"provider-dataplane",1785356296,"177718040"
"provider-dataplane",1785356301,"205973880"
"provider-dataplane",1785356306,"234922528"
"provider-dataplane",1785356311,"244068328"
"provider-dataplane",1785356316,"121824488"
"provider-dataplane",1785356321,"139453560"
"provider-dataplane",1785356326,"154732032"
"provider-dataplane",1785356331,"182148776"
"provider-dataplane",1785356336,"192507616"
"provider-dataplane",1785356341,"210313360"
"provider-dataplane",1785356346,"213669856"
"provider-dataplane",1785356351,"243347568"
"provider-dataplane",1785356356,"138063616"
"provider-dataplane",1785356361,"162670992"
"provider-dataplane",1785356366,"188000448"
"provider-dataplane",1785356371,"202436304"
"provider-dataplane",1785356376,"218674608"
"provider-dataplane",1785356381,"238532072"
"provider-dataplane",1785356386,"248539808"
"provider-dataplane",1785356391,"130797272"
"provider-dataplane",1785356396,"154920976"
"provider-dataplane",1785356401,"161815328"
"provider-dataplane",1785356406,"185646048"
"provider-dataplane",1785356411,"214057640"
"provider-dataplane",1785356416,"245090384"
"provider-dataplane",1785356421,"127337208"
"provider-dataplane",1785356426,"138432080"
"provider-dataplane",1785356431,"162562616"
"provider-dataplane",1785356436,"177735416"
"provider-dataplane",1785356441,"192622736"
"provider-dataplane",1785356446,"213089312"
"provider-dataplane",1785356451,"222379128"
"provider-dataplane",1785356456,"247794328"
"provider-dataplane",1785356461,"252287688"
"provider-dataplane",1785356466,"134172648"
"provider-dataplane",1785356471,"167036704"
"provider-dataplane",1785356476,"204876208"
"provider-dataplane",1785356481,"239361296"
"provider-dataplane",1785356486,"133589872"
"provider-dataplane",1785356491,"163225080"
"provider-dataplane",1785356496,"194833016"
"provider-dataplane",1785356501,"227745200"
