series,timestamp,value
"consumer-controlplane",1785352856,"134"
"consumer-controlplane",1785352861,"134"
"consumer-controlplane",1785352866,"134"
"consumer-controlplane",1785352871,"134"
"consumer-controlplane",1785352876,"135"
"consumer-controlplane",1785352881,"136"
"consumer-controlplane",1785352886,"136"
"consumer-controlplane",1785352891,"135"
"consumer-controlplane",1785352896,"135"
"consumer-controlplane",1785352901,"135"
"consumer-controlplane",1785352906,"135"
"consumer-controlplane",1785352911,"135"
"consumer-controlplane",1785352916,"136"
"consumer-controlplane",1785352921,"136"
"consumer-controlplane",1785352926,"137"
"consumer-controlplane",1785352931,"137"
"consumer-controlplane",1785352936,"137"
"consumer-controlplane",1785352941,"137"
"consumer-controlplane",1785352946,"137"
"consumer-controlplane",1785352951,"137"
"consumer-controlplane",1785352956,"137"
"consumer-controlplane",1785352961,"137"
"consumer-controlplane",1785352966,"137"
"consumer-controlplane",1785352971,"137"
"consumer-controlplane",1785352976,"136"
"consumer-controlplane",1785352981,"136"
"consumer-controlplane",1785352986,"135"
"consumer-controlplane",1785352991,"135"
"consumer-controlplane",1785352996,"136"
"consumer-controlplane",1785353001,"136"
"consumer-controlplane",1785353006,"136"
"consumer-controlplane",1785353011,"135"
"consumer-controlplane",1785353016,"135"
"consumer-controlplane",1785353021,"135"
"consumer-controlplane",1785353026,"135"
"consumer-controlplane",1785353031,"135"
"consumer-controlplane",1785353036,"135"
"consumer-controlplane",1785353041,"135"
"consumer-controlplane",1785353046,"135"
"consumer-controlplane",1785353051,"135"
"consumer-controlplane",1785353056,"134"
"consumer-controlplane",1785353061,"134"
"consumer-controlplane",1785353066,"134"
"consumer-controlplane",1785353071,"132"
"consumer-controlplane",1785353076,"133"
"consumer-controlplane",1785353081,"133"
"consumer-controlplane",1785353086,"133"
"consumer-controlplane",1785353091,"133"
"consumer-controlplane",1785353096,"133"
"consumer-controlplane",1785353101,"133"
"consumer-controlplane",1785353106,"133"
"consumer-controlplane",1785353111,"133"
"consumer-controlplane",1785353116,"133"
"consumer-controlplane",1785353121,"134"
"consumer-controlplane",1785353126,"134"
"consumer-controlplane",1785353131,"133"
"consumer-controlplane",1785353136,"133"
"consumer-controlplane",1785353141,"133"
"consumer-controlplane",1785353146,"133"
"consumer-controlplane",1785353151,"133"
"consumer-controlplane",1785353156,"133"
"consumer-controlplane",1785353161,"137"
"consumer-controlplane",1785353166,"136"
"consumer-controlplane",1785353171,"137"
"consumer-controlplane",1785353176,"137"
"consumer-controlplane",1785353181,"137"
"consumer-controlplane",1785353186,"137"
"consumer-controlplane",1785353191,"137"
"consumer-controlplane",1785353196,"137"
"consumer-controlplane",1785353201,"137"
"consumer-controlplane",1785353206,"137"
"consumer-controlplane",1785353211,"137"
"consumer-controlplane",1785353216,"137"
"consumer-controlplane",1785353221,"137"
"consumer-controlplane",1785353226,"137"
"consumer-controlplane",1785353231,"137"
"consumer-controlplane",1785353236,"138"
"consumer-controlplane",1785353241,"138"
"consumer-controlplane",1785353246,"138"
"consumer-controlplane",1785353251,"138"
"consumer-controlplane",1785353256,"138"
"consumer-controlplane",1785353261,"138"
"consumer-controlplane",1785353266,"138"
"consumer-controlplane",1785353271,"138"
"consumer-controlplane",1785353276,"138"
"consumer-controlplane",1785353281,"137"
"consumer-controlplane",1785353286,"138"
"consumer-controlplane",1785353291,"138"
"consumer-controlplane",1785353296,"137"
"consumer-controlplane",1785353301,"138"
"consumer-controlplane",1785353306,"138"
"consumer-controlplane",1785353311,"138"
"consumer-controlplane",1785353316,"138"
"consumer-controlplane",1785353321,"138"
"consumer-controlplane",1785353326,"138"
"consumer-controlplane",1785353331,"138"
"consumer-controlplane",1785353336,"138"
"consumer-controlplane",1785353341,"138"
"consumer-controlplane",1785353346,"138"
"consumer-controlplane",1785353351,"138"
"consumer-controlplane",1785353356,"139"
"consumer-controlplane",1785353361,"138"
"consumer-controlplane",1785353366,"138"
"consumer-controlplane",1785353371,"138"
"consumer-controlplane",1785353376,"138"
"consumer-controlplane",1785353381,"138"
"consumer-controlplane",1785353386,"138"
"consumer-controlplane",1785353391,"138"
"consumer-controlplane",1785353396,"138"
"consumer-controlplane",1785353401,"138"
"consumer-controlplane",1785353406,"138"
"consumer-controlplane",1785353411,"138"
"consumer-controlplane",1785353416,"138"
"consumer-controlplane",1785353421,"137"
"consumer-controlplane",1785353426,"137"
"consumer-controlplane",1785353431,"137"
"consumer-controlplane",1785353436,"137"
"consumer-controlplane",1785353441,"137"
"consumer-controlplane",1785353446,"137"
"consumer-controlplane",1785353451,"137"
"consumer-controlplane",1785353456,"138"
"consumer-controlplane",1785353461,"138"
"consumer-controlplane",1785353466,"138"
"consumer-controlplane",1785353471,"138"
"consumer-controlplane",1785353476,"137"
"consumer-controlplane",1785353481,"137"
"consumer-controlplane",1785353486,"137"
"consumer-controlplane",1785353491,"137"
"consumer-controlplane",1785353496,"137"
"consumer-controlplane",1785353501,"136"
"consumer-controlplane",1785353506,"137"
"consumer-controlplane",1785353511,"137"
"consumer-controlplane",1785353516,"137"
"consumer-controlplane",1785353521,"137"
"consumer-controlplane",1785353526,"137"
"consumer-controlplane",1785353531,"137"
"consumer-controlplane",1785353536,"138"
"consumer-controlplane",1785353541,"138"
"consumer-controlplane",1785353546,"139"
"consumer-controlplane",1785353551,"139"
"consumer-controlplane",1785353556,"139"
"consumer-controlplane",1785353561,"139"
"consumer-controlplane",1785353566,"139"
"consumer-controlplane",1785353571,"139"
"consumer-controlplane",1785353576,"139"
"consumer-controlplane",1785353581,"139"
"consumer-controlplane",1785353586,"139"
"consumer-controlplane",1785353591,"139"
"consumer-controlplane",1785353596,"139"
"consumer-controlplane",1785353601,"140"
"consumer-controlplane",1785353606,"138"
"consumer-controlplane",1785353611,"138"
"consumer-controlplane",1785353616,"138"
"consumer-controlplane",1785353621,"138"
"consumer-controlplane",1785353626,"137"
"consumer-controlplane",1785353631,"137"
"consumer-controlplane",1785353636,"138"
"consumer-controlplane",1785353641,"138"
"consumer-controlplane",1785353646,"138"
"consumer-controlplane",1785353651,"138"
"consumer-controlplane",1785353656,"138"
"consumer-controlplane",1785353661,"139"
"consumer-controlplane",1785353666,"140"
"consumer-controlplane",1785353671,"140"
"consumer-controlplane",1785353676,"140"
"consumer-controlplane",1785353681,"140"
"consumer-controlplane",1785353686,"140"
"consumer-controlplane",1785353691,"140"
"consumer-controlplane",1785353696,"139"
"consumer-controlplane",1785353701,"139"
"consumer-controlplane",1785353706,"139"
"consumer-controlplane",1785353711,"139"
"consumer-controlplane",1785353716,"139"
"consumer-controlplane",1785353721,"139"
"consumer-controlplane",1785353726,"139"
"consumer-controlplane",1785353731,"139"
"consumer-controlplane",1785353736,"139"
"consumer-controlplane",1785353741,"139"
"consumer-controlplane",1785353746,"139"
"consumer-controlplane",1785353751,"139"
"consumer-controlplane",1785353756,"139"
"consumer-controlplane",1785353761,"139"
"consumer-controlplane",1785353766,"139"
"consumer-controlplane",1785353771,"139"
"consumer-controlplane",1785353776,"138"
"consumer-controlplane",1785353781,"137"
"consumer-controlplane",1785353786,"137"
"consumer-controlplane",1785353791,"138"
"consumer-controlplane",1785353796,"138"
"consumer-controlplane",1785353801,"138"
"consumer-controlplane",1785353806,"138"
"consumer-controlplane",1785353811,"138"
"consumer-controlplane",1785353816,"138"
"consumer-controlplane",1785353821,"138"
"consumer-controlplane",1785353826,"138"
"consumer-controlplane",1785353831,"138"
"consumer-controlplane",1785353836,"138"
"consumer-controlplane",1785353841,"138"
"consumer-controlplane",1785353846,"138"
"consumer-controlplane",1785353851,"138"
"consumer-controlplane",1785353856,"138"
"consumer-controlplane",1785353861,"138"
"consumer-controlplane",1785353866,"138"
"consumer-controlplane",1785353871,"138"
"consumer-controlplane",1785353876,"138"
"consumer-controlplane",1785353881,"138"
"consumer-controlplane",1785353886,"138"
"consumer-controlplane",1785353891,"138"
"consumer-controlplane",1785353896,"138"
"consumer-controlplane",1785353901,"138"
"consumer-controlplane",1785353906,"139"
"consumer-controlplane",1785353911,"138"
"consumer-controlplane",1785353916,"138"
"consumer-controlplane",1785353921,"139"
"consumer-controlplane",1785353926,"139"
"consumer-controlplane",1785353931,"139"
"consumer-controlplane",1785353936,"139"
"consumer-controlplane",1785353941,"139"
"consumer-controlplane",1785353946,"139"
"consumer-controlplane",1785353951,"140"
"consumer-controlplane",1785353956,"140"
"consumer-controlplane",1785353961,"140"
"consumer-controlplane",1785353966,"140"
"consumer-controlplane",1785353971,"140"
"consumer-controlplane",1785353976,"140"
"consumer-controlplane",1785353981,"138"
"consumer-controlplane",1785353986,"138"
"consumer-controlplane",1785353991,"138"
"consumer-controlplane",1785353996,"138"
"consumer-controlplane",1785354001,"139"
"consumer-controlplane",1785354006,"139"
"consumer-controlplane",1785354011,"138"
"consumer-controlplane",1785354016,"138"
"consumer-controlplane",1785354021,"138"
"consumer-controlplane",1785354026,"138"
"consumer-controlplane",1785354031,"138"
"consumer-controlplane",1785354036,"138"
"consumer-controlplane",1785354041,"138"
"consumer-controlplane",1785354046,"138"
"consumer-controlplane",1785354051,"138"
"consumer-controlplane",1785354056,"140"
"consumer-controlplane",1785354061,"141"
"consumer-controlplane",1785354066,"141"
"consumer-controlplane",1785354071,"142"
"consumer-controlplane",1785354076,"142"
"consumer-controlplane",1785354081,"142"
"consumer-controlplane",1785354086,"142"
"consumer-controlplane",1785354091,"142"
"consumer-controlplane",1785354096,"142"
"consumer-controlplane",1785354101,"142"
"consumer-controlplane",1785354106,"142"
"consumer-controlplane",1785354111,"143"
"consumer-controlplane",1785354116,"143"
"consumer-controlplane",1785354121,"143"
"consumer-controlplane",1785354126,"143"
"consumer-controlplane",1785354131,"143"
"consumer-controlplane",1785354136,"143"
"consumer-controlplane",1785354141,"143"
"consumer-controlplane",1785354146,"143"
"consumer-controlplane",1785354151,"143"
"consumer-controlplane",1785354156,"143"
"consumer-controlplane",1785354161,"143"
"consumer-controlplane",1785354166,"143"
"consumer-controlplane",1785354171,"142"
"consumer-controlplane",1785354176,"142"
"consumer-controlplane",1785354181,"141"
"consumer-controlplane",1785354186,"141"
"consumer-controlplane",1785354191,"141"
"consumer-controlplane",1785354196,"141"
"consumer-controlplane",1785354201,"141"
"consumer-controlplane",1785354206,"141"
"consumer-controlplane",1785354211,"141"
"consumer-controlplane",1785354216,"141"
"consumer-controlplane",1785354221,"141"
"consumer-controlplane",1785354226,"141"
"consumer-controlplane",1785354231,"141"
"consumer-controlplane",1785354236,"141"
"consumer-controlplane",1785354241,"141"
"consumer-controlplane",1785354246,"140"
"consumer-controlplane",1785354251,"140"
"consumer-controlplane",1785354256,"140"
"consumer-controlplane",1785354261,"140"
"consumer-controlplane",1785354266,"140"
"consumer-controlplane",1785354271,"140"
"consumer-controlplane",1785354276,"140"
"consumer-controlplane",1785354281,"140"
"consumer-controlplane",1785354286,"140"
"consumer-controlplane",1785354291,"140"
"consumer-controlplane",1785354296,"140"
"consumer-controlplane",1785354301,"140"
"consumer-controlplane",1785354306,"139"
"consumer-controlplane",1785354311,"140"
"consumer-controlplane",1785354316,"140"
"consumer-controlplane",1785354321,"140"
"consumer-controlplane",1785354326,"140"
"consumer-controlplane",1785354331,"140"
"consumer-controlplane",1785354336,"140"
"consumer-controlplane",1785354341,"140"
"consumer-controlplane",1785354346,"140"
"consumer-controlplane",1785354351,"140"
"consumer-controlplane",1785354356,"140"
"consumer-controlplane",1785354361,"140"
"consumer-controlplane",1785354366,"140"
"consumer-controlplane",1785354371,"140"
"consumer-controlplane",1785354376,"140"
"consumer-controlplane",1785354381,"140"
"consumer-controlplane",1785354386,"140"
"consumer-controlplane",1785354391,"140"
"consumer-controlplane",1785354396,"140"
"consumer-controlplane",1785354401,"140"
"consumer-controlplane",1785354406,"140"
"consumer-controlplane",1785354411,"140"
"consumer-controlplane",1785354416,"140"
"consumer-controlplane",1785354421,"140"
"consumer-controlplane",1785354426,"141"
"consumer-controlplane",1785354431,"142"
"consumer-controlplane",1785354436,"142"
"consumer-controlplane",1785354441,"142"
"consumer-controlplane",1785354446,"142"
"consumer-controlplane",1785354451,"142"
"consumer-controlplane",1785354456,"142"
"consumer-controlplane",1785354461,"142"
"consumer-controlplane",1785354466,"142"
"consumer-controlplane",1785354471,"142"
"consumer-controlplane",1785354476,"142"
"consumer-controlplane",1785354481,"142"
"consumer-controlplane",1785354486,"142"
"consumer-controlplane",1785354491,"142"
"consumer-controlplane",1785354496,"142"
"consumer-controlplane",1785354501,"142"
"consumer-controlplane",1785354506,"142"
"consumer-controlplane",1785354511,"142"
"consumer-controlplane",1785354516,"142"
"consumer-controlplane",1785354521,"142"
"consumer-controlplane",1785354526,"142"
"consumer-controlplane",1785354531,"142"
"consumer-controlplane",1785354536,"142"
"consumer-controlplane",1785354541,"142"
"consumer-controlplane",1785354546,"141"
"consumer-controlplane",1785354551,"141"
"consumer-controlplane",1785354556,"141"
"consumer-controlplane",1785354561,"141"
"consumer-controlplane",1785354566,"141"
"consumer-controlplane",1785354571,"141"
"consumer-controlplane",1785354576,"141"
"consumer-controlplane",1785354581,"141"
"consumer-controlplane",1785354586,"141"
"consumer-controlplane",1785354591,"141"
"consumer-controlplane",1785354596,"141"
"consumer-controlplane",1785354601,"139"
"consumer-controlplane",1785354606,"140"
"consumer-controlplane",1785354611,"140"
"consumer-controlplane",1785354616,"140"
"consumer-controlplane",1785354621,"140"
"consumer-controlplane",1785354626,"140"
"consumer-controlplane",1785354631,"140"
"consumer-controlplane",1785354636,"140"
"consumer-controlplane",1785354641,"140"
"consumer-controlplane",1785354646,"140"
"consumer-controlplane",1785354651,"140"
"consumer-controlplane",1785354656,"140"
"consumer-controlplane",1785354661,"140"
"consumer-controlplane",1785354666,"140"
"consumer-controlplane",1785354671,"139"
"consumer-controlplane",1785354676,"139"
"consumer-controlplane",1785354681,"139"
"consumer-controlplane",1785354686,"139"
"consumer-controlplane",1785354691,"139"
"consumer-controlplane",1785354696,"141"
"consumer-controlplane",1785354701,"141"
"consumer-controlplane",1785354706,"141"
"consumer-controlplane",1785354711,"141"
"consumer-controlplane",1785354716,"141"
"consumer-controlplane",1785354721,"141"
"consumer-controlplane",1785354726,"141"
"consumer-controlplane",1785354731,"141"
"consumer-controlplane",1785354736,"142"
"consumer-controlplane",1785354741,"142"
"consumer-controlplane",1785354746,"142"
"consumer-controlplane",1785354751,"142"
"consumer-controlplane",1785354756,"142"
"consumer-controlplane",1785354761,"142"
"consumer-controlplane",1785354766,"143"
"consumer-controlplane",1785354771,"143"
"consumer-controlplane",1785354776,"143"
"consumer-controlplane",1785354781,"143"
"consumer-controlplane",1785354786,"143"
"consumer-controlplane",1785354791,"143"
"consumer-controlplane",1785354796,"142"
"consumer-controlplane",1785354801,"142"
"consumer-controlplane",1785354806,"145"
"consumer-controlplane",1785354811,"145"
"consumer-controlplane",1785354816,"144"
"consumer-controlplane",1785354821,"144"
"consumer-controlplane",1785354826,"144"
"consumer-controlplane",1785354831,"145"
"consumer-controlplane",1785354836,"145"
"consumer-controlplane",1785354841,"145"
"consumer-controlplane",1785354846,"145"
"consumer-controlplane",1785354851,"145"
"consumer-controlplane",1785354856,"144"
"consumer-controlplane",1785354861,"144"
"consumer-controlplane",1785354866,"142"
"consumer-controlplane",1785354871,"142"
"consumer-controlplane",1785354876,"142"
"consumer-controlplane",1785354881,"142"
"consumer-controlplane",1785354886,"142"
"consumer-controlplane",1785354891,"142"
"consumer-controlplane",1785354896,"142"
"consumer-controlplane",1785354901,"142"
"consumer-controlplane",1785354906,"142"
"consumer-controlplane",1785354911,"142"
"consumer-controlplane",1785354916,"141"
"consumer-controlplane",1785354921,"141"
"consumer-controlplane",1785354926,"141"
"consumer-controlplane",1785354931,"140"
"consumer-controlplane",1785354936,"140"
"consumer-controlplane",1785354941,"141"
"consumer-controlplane",1785354946,"141"
"consumer-controlplane",1785354951,"140"
"consumer-controlplane",1785354956,"140"
"consumer-controlplane",1785354961,"140"
"consumer-controlplane",1785354966,"142"
"consumer-controlplane",1785354971,"143"
"consumer-controlplane",1785354976,"143"
"consumer-controlplane",1785354981,"143"
"consumer-controlplane",1785354986,"143"
"consumer-controlplane",1785354991,"143"
"consumer-controlplane",1785354996,"143"
"consumer-controlplane",1785355001,"142"
"consumer-controlplane",1785355006,"143"
"consumer-controlplane",1785355011,"143"
"consumer-controlplane",1785355016,"143"
"consumer-controlplane",1785355021,"143"
"consumer-controlplane",1785355026,"143"
"consumer-controlplane",1785355031,"143"
"consumer-controlplane",1785355036,"143"
"consumer-controlplane",1785355041,"143"
"consumer-controlplane",1785355046,"143"
"consumer-controlplane",1785355051,"143"
"consumer-controlplane",1785355056,"144"
"consumer-controlplane",1785355061,"144"
"consumer-controlplane",1785355066,"144"
"consumer-controlplane",1785355071,"144"
"consumer-controlplane",1785355076,"147"
"consumer-controlplane",1785355081,"147"
"consumer-controlplane",1785355086,"147"
"consumer-controlplane",1785355091,"147"
"consumer-controlplane",1785355096,"147"
"consumer-controlplane",1785355101,"147"
"consumer-controlplane",1785355106,"147"
"consumer-controlplane",1785355111,"147"
"consumer-controlplane",1785355116,"146"
"consumer-controlplane",1785355121,"146"
"consumer-controlplane",1785355126,"146"
"consumer-controlplane",1785355131,"146"
"consumer-controlplane",1785355136,"145"
"consumer-controlplane",1785355141,"145"
"consumer-controlplane",1785355146,"145"
"consumer-controlplane",1785355151,"145"
"consumer-controlplane",1785355156,"150"
"consumer-controlplane",1785355161,"150"
"consumer-controlplane",1785355166,"150"
"consumer-controlplane",1785355171,"150"
"consumer-controlplane",1785355176,"150"
"consumer-controlplane",1785355181,"150"
"consumer-controlplane",1785355186,"150"
"consumer-controlplane",1785355191,"150"
"consumer-controlplane",1785355196,"149"
"consumer-controlplane",1785355201,"150"
"consumer-controlplane",1785355206,"150"
"consumer-controlplane",1785355211,"150"
"consumer-controlplane",1785355216,"147"
"consumer-controlplane",1785355221,"147"
"consumer-controlplane",1785355226,"147"
"consumer-controlplane",1785355231,"147"
"consumer-controlplane",1785355236,"147"
"consumer-controlplane",1785355241,"147"
"consumer-controlplane",1785355246,"147"
"consumer-controlplane",1785355251,"147"
"consumer-controlplane",1785355256,"146"
"consumer-controlplane",1785355261,"146"
"consumer-controlplane",1785355266,"146"
"consumer-controlplane",1785355271,"146"
"consumer-controlplane",1785355276,"146"
"consumer-controlplane",1785355281,"146"
"consumer-controlplane",1785355286,"146"
"consumer-controlplane",1785355291,"146"
"consumer-controlplane",1785355296,"146"
"consumer-controlplane",1785355301,"146"
"consumer-controlplane",1785355306,"145"
"consumer-controlplane",1785355311,"145"
"consumer-controlplane",1785355316,"145"
"consumer-controlplane",1785355321,"144"
"consumer-controlplane",1785355326,"144"
"consumer-controlplane",1785355331,"146"
"consumer-controlplane",1785355336,"147"
"consumer-controlplane",1785355341,"147"
"consumer-controlplane",1785355346,"147"
"consumer-controlplane",1785355351,"147"
"consumer-controlplane",1785355356,"147"
"consumer-controlplane",1785355361,"147"
"consumer-controlplane",1785355366,"147"
"consumer-controlplane",1785355371,"145"
"consumer-controlplane",1785355376,"146"
"consumer-controlplane",1785355381,"146"
"consumer-controlplane",1785355386,"146"
"consumer-controlplane",1785355391,"147"
"consumer-controlplane",1785355396,"148"
"consumer-controlplane",1785355401,"148"
"consumer-controlplane",1785355406,"148"
"consumer-controlplane",1785355411,"148"
"consumer-controlplane",1785355416,"148"
"consumer-controlplane",1785355421,"148"
"consumer-controlplane",1785355426,"148"
"consumer-controlplane",1785355431,"148"
"consumer-controlplane",1785355436,"147"
"consumer-controlplane",1785355441,"147"
"consumer-controlplane",1785355446,"147"
"consumer-controlplane",1785355451,"149"
"consumer-controlplane",1785355456,"149"
"consumer-controlplane",1785355461,"149"
"consumer-controlplane",1785355466,"149"
"consumer-controlplane",1785355471,"149"
"consumer-controlplane",1785355476,"149"
"consumer-controlplane",1785355481,"149"
"consumer-controlplane",1785355486,"149"
"consumer-controlplane",1785355491,"149"
"consumer-controlplane",1785355496,"148"
"consumer-controlplane",1785355501,"148"
"consumer-controlplane",1785355506,"148"
"consumer-controlplane",1785355511,"148"
"consumer-controlplane",1785355516,"149"
"consumer-controlplane",1785355521,"149"
"consumer-controlplane",1785355526,"149"
"consumer-controlplane",1785355531,"149"
"consumer-controlplane",1785355536,"149"
"consumer-controlplane",1785355541,"149"
"consumer-controlplane",1785355546,"149"
"consumer-controlplane",1785355551,"149"
"consumer-controlplane",1785355556,"148"
"consumer-controlplane",1785355561,"148"
"consumer-controlplane",1785355566,"148"
"consumer-controlplane",1785355571,"147"
"consumer-controlplane",1785355576,"145"
"consumer-controlplane",1785355581,"145"
"consumer-controlplane",1785355586,"145"
"consumer-controlplane",1785355591,"145"
"consumer-controlplane",1785355596,"145"
"consumer-controlplane",1785355601,"147"
"consumer-controlplane",1785355606,"147"
"consumer-controlplane",1785355611,"147"
"consumer-controlplane",1785355616,"147"
"consumer-controlplane",1785355621,"147"
"consumer-controlplane",1785355626,"147"
"consumer-controlplane",1785355631,"146"
"consumer-controlplane",1785355636,"146"
"consumer-controlplane",1785355641,"146"
"consumer-controlplane",1785355646,"146"
"consumer-controlplane",1785355651,"146"
"consumer-controlplane",1785355656,"146"
"consumer-controlplane",1785355661,"145"
"consumer-controlplane",1785355666,"145"
"consumer-controlplane",1785355671,"144"
"consumer-controlplane",1785355676,"145"
"consumer-controlplane",1785355681,"145"
"consumer-controlplane",1785355686,"145"
"consumer-controlplane",1785355691,"147"
"consumer-controlplane",1785355696,"147"
"consumer-controlplane",1785355701,"147"
"consumer-controlplane",1785355706,"147"
"consumer-controlplane",1785355711,"147"
"consumer-controlplane",1785355716,"147"
"consumer-controlplane",1785355721,"147"
"consumer-controlplane",1785355726,"147"
"consumer-controlplane",1785355731,"148"
"consumer-controlplane",1785355736,"148"
"consumer-controlplane",1785355741,"150"
"consumer-controlplane",1785355746,"150"
"consumer-controlplane",1785355751,"150"
"consumer-controlplane",1785355756,"150"
"consumer-controlplane",1785355761,"150"
"consumer-controlplane",1785355766,"150"
"consumer-controlplane",1785355771,"150"
"consumer-controlplane",1785355776,"150"
"consumer-controlplane",1785355781,"150"
"consumer-controlplane",1785355786,"150"
"consumer-controlplane",1785355791,"149"
"consumer-controlplane",1785355796,"148"
"consumer-controlplane",1785355801,"147"
"consumer-controlplane",1785355806,"148"
"consumer-controlplane",1785355811,"148"
"consumer-controlplane",1785355816,"148"
"consumer-controlplane",1785355821,"148"
"consumer-controlplane",1785355826,"149"
"consumer-controlplane",1785355831,"149"
"consumer-controlplane",1785355836,"149"
"consumer-controlplane",1785355841,"149"
"consumer-controlplane",1785355846,"149"
"consumer-controlplane",1785355851,"149"
"consumer-controlplane",1785355856,"149"
"consumer-controlplane",1785355861,"149"
"consumer-controlplane",1785355866,"149"
"consumer-controlplane",1785355871,"149"
"consumer-controlplane",1785355876,"149"
"consumer-controlplane",1785355881,"149"
"consumer-controlplane",1785355886,"147"
"consumer-controlplane",1785355891,"147"
"consumer-controlplane",1785355896,"147"
"consumer-controlplane",1785355901,"147"
"consumer-controlplane",1785355906,"148"
"consumer-controlplane",1785355911,"148"
"consumer-controlplane",1785355916,"148"
"consumer-controlplane",1785355921,"148"
"consumer-controlplane",1785355926,"148"
"consumer-controlplane",1785355931,"148"
"consumer-controlplane",1785355936,"148"
"consumer-controlplane",1785355941,"148"
"consumer-controlplane",1785355946,"148"
"consumer-controlplane",1785355951,"148"
"consumer-controlplane",1785355956,"148"
"consumer-controlplane",1785355961,"149"
"consumer-controlplane",1785355966,"149"
"consumer-controlplane",1785355971,"149"
"consumer-controlplane",1785355976,"149"
"consumer-controlplane",1785355981,"149"
"consumer-controlplane",1785355986,"148"
"consumer-controlplane",1785355991,"147"
"consumer-controlplane",1785355996,"147"
"consumer-controlplane",1785356001,"147"
"consumer-controlplane",1785356006,"147"
"consumer-controlplane",1785356011,"147"
"consumer-controlplane",1785356016,"147"
"consumer-controlplane",1785356021,"147"
"consumer-controlplane",1785356026,"147"
"consumer-controlplane",1785356031,"147"
"consumer-controlplane",1785356036,"147"
"consumer-controlplane",1785356041,"147"
"consumer-controlplane",1785356046,"147"
"consumer-controlplane",1785356051,"147"
"consumer-controlplane",1785356056,"149"
"consumer-controlplane",1785356061,"149"
"consumer-controlplane",1785356066,"149"
"consumer-controlplane",1785356071,"148"
"consumer-controlplane",1785356076,"148"
"consumer-controlplane",1785356081,"147"
"consumer-controlplane",1785356086,"148"
"consumer-controlplane",1785356091,"149"
"consumer-controlplane",1785356096,"150"
"consumer-controlplane",1785356101,"150"
"consumer-controlplane",1785356106,"150"
"consumer-controlplane",1785356111,"150"
"consumer-controlplane",1785356116,"150"
"consumer-controlplane",1785356121,"150"
"consumer-controlplane",1785356126,"150"
"consumer-controlplane",1785356131,"150"
"consumer-controlplane",1785356136,"151"
"consumer-controlplane",1785356141,"151"
"consumer-controlplane",1785356146,"151"
"consumer-controlplane",1785356151,"151"
"consumer-controlplane",1785356156,"150"
"consumer-controlplane",1785356161,"151"
"consumer-controlplane",1785356166,"151"
"consumer-controlplane",1785356171,"151"
"consumer-controlplane",1785356176,"151"
"consumer-controlplane",1785356181,"151"
"consumer-controlplane",1785356186,"151"
"consumer-controlplane",1785356191,"151"
"consumer-controlplane",1785356196,"150"
"consumer-controlplane",1785356201,"150"
"consumer-controlplane",1785356206,"150"
"consumer-controlplane",1785356211,"150"
"consumer-controlplane",1785356216,"150"
"consumer-controlplane",1785356221,"150"
"consumer-controlplane",1785356226,"151"
"consumer-controlplane",1785356231,"151"
"consumer-controlplane",1785356236,"151"
"consumer-controlplane",1785356241,"151"
"consumer-controlplane",1785356246,"151"
"consumer-controlplane",1785356251,"151"
"consumer-controlplane",1785356256,"151"
"consumer-controlplane",1785356261,"151"
"consumer-controlplane",1785356266,"151"
"consumer-controlplane",1785356271,"152"
"consumer-controlplane",1785356276,"152"
"consumer-controlplane",1785356281,"152"
"consumer-controlplane",1785356286,"153"
"consumer-controlplane",1785356291,"153"
"consumer-controlplane",1785356296,"153"
"consumer-controlplane",1785356301,"153"
"consumer-controlplane",1785356306,"153"
"consumer-controlplane",1785356311,"153"
"consumer-controlplane",1785356316,"153"
"consumer-controlplane",1785356321,"153"
"consumer-controlplane",1785356326,"153"
"consumer-controlplane",1785356331,"152"
"consumer-controlplane",1785356336,"152"
"consumer-controlplane",1785356341,"152"
"consumer-controlplane",1785356346,"150"
"consumer-controlplane",1785356351,"150"
"consumer-controlplane",1785356356,"151"
"consumer-controlplane",1785356361,"150"
"consumer-controlplane",1785356366,"150"
"consumer-controlplane",1785356371,"151"
"consumer-controlplane",1785356376,"151"
"consumer-controlplane",1785356381,"151"
"consumer-controlplane",1785356386,"151"
"consumer-controlplane",1785356391,"151"
"consumer-controlplane",1785356396,"151"
"consumer-controlplane",1785356401,"151"
"consumer-controlplane",1785356406,"151"
"consumer-controlplane",1785356411,"151"
"consumer-controlplane",1785356416,"151"
"consumer-controlplane",1785356421,"151"
"consumer-controlplane",1785356426,"150"
"consumer-controlplane",1785356431,"150"
"consumer-controlplane",1785356436,"151"
"consumer-controlplane",1785356441,"151"
"consumer-controlplane",1785356446,"151"
"consumer-controlplane",1785356451,"151"
"consumer-controlplane",1785356456,"151"
"consumer-controlplane",1785356461,"151"
"consumer-controlplane",1785356466,"151"
"consumer-controlplane",1785356471,"151"
"consumer-controlplane",1785356476,"151"
"consumer-controlplane",1785356481,"150"
"consumer-controlplane",1785356486,"150"
"consumer-controlplane",1785356491,"150"
"consumer-controlplane",1785356496,"189"
"consumer-controlplane",1785356501,"189"
"consumer-dataplane",1785352856,"78"
"consumer-dataplane",1785352861,"78"
"consumer-dataplane",1785352866,"78"
"consumer-dataplane",1785352871,"78"
"consumer-dataplane",1785352876,"78"
"consumer-dataplane",1785352881,"78"
"consumer-dataplane",1785352886,"78"
"consumer-dataplane",1785352891,"78"
"consumer-dataplane",1785352896,"78"
"consumer-dataplane",1785352901,"78"
"consumer-dataplane",1785352906,"78"
"consumer-dataplane",1785352911,"78"
"consumer-dataplane",1785352916,"78"
"consumer-dataplane",1785352921,"78"
"consumer-dataplane",1785352926,"78"
"consumer-dataplane",1785352931,"78"
"consumer-dataplane",1785352936,"78"
"consumer-dataplane",1785352941,"78"
"consumer-dataplane",1785352946,"78"
"consumer-dataplane",1785352951,"78"
"consumer-dataplane",1785352956,"78"
"consumer-dataplane",1785352961,"78"
"consumer-dataplane",1785352966,"78"
"consumer-dataplane",1785352971,"78"
"consumer-dataplane",1785352976,"77"
"consumer-dataplane",1785352981,"77"
"consumer-dataplane",1785352986,"77"
"consumer-dataplane",1785352991,"77"
"consumer-dataplane",1785352996,"77"
"consumer-dataplane",1785353001,"77"
"consumer-dataplane",1785353006,"77"
"consumer-dataplane",1785353011,"77"
"consumer-dataplane",1785353016,"77"
"consumer-dataplane",1785353021,"77"
"consumer-dataplane",1785353026,"77"
"consumer-dataplane",1785353031,"77"
"consumer-dataplane",1785353036,"78"
"consumer-dataplane",1785353041,"78"
"consumer-dataplane",1785353046,"78"
"consumer-dataplane",1785353051,"78"
"consumer-dataplane",1785353056,"78"
"consumer-dataplane",1785353061,"78"
"consumer-dataplane",1785353066,"78"
"consumer-dataplane",1785353071,"78"
"consumer-dataplane",1785353076,"78"
"consumer-dataplane",1785353081,"78"
"consumer-dataplane",1785353086,"78"
"consumer-dataplane",1785353091,"78"
"consumer-dataplane",1785353096,"78"
"consumer-dataplane",1785353101,"78"
"consumer-dataplane",1785353106,"78"
"consumer-dataplane",1785353111,"78"
"consumer-dataplane",1785353116,"78"
"consumer-dataplane",1785353121,"78"
"consumer-dataplane",1785353126,"78"
"consumer-dataplane",1785353131,"78"
"consumer-dataplane",1785353136,"78"
"consumer-dataplane",1785353141,"78"
"consumer-dataplane",1785353146,"78"
"consumer-dataplane",1785353151,"78"
"consumer-dataplane",1785353156,"78"
"consumer-dataplane",1785353161,"78"
"consumer-dataplane",1785353166,"78"
"consumer-dataplane",1785353171,"78"
"consumer-dataplane",1785353176,"78"
"consumer-dataplane",1785353181,"78"
"consumer-dataplane",1785353186,"78"
"consumer-dataplane",1785353191,"78"
"consumer-dataplane",1785353196,"78"
"consumer-dataplane",1785353201,"78"
"consumer-dataplane",1785353206,"78"
"consumer-dataplane",1785353211,"78"
"consumer-dataplane",1785353216,"78"
"consumer-dataplane",1785353221,"78"
"consumer-dataplane",1785353226,"78"
"consumer-dataplane",1785353231,"78"
"consumer-dataplane",1785353236,"78"
"consumer-dataplane",1785353241,"78"
"consumer-dataplane",1785353246,"78"
"consumer-dataplane",1785353251,"78"
"consumer-dataplane",1785353256,"78"
"consumer-dataplane",1785353261,"78"
"consumer-dataplane",1785353266,"78"
"consumer-dataplane",1785353271,"78"
"consumer-dataplane",1785353276,"78"
"consumer-dataplane",1785353281,"78"
"consumer-dataplane",1785353286,"78"
"consumer-dataplane",1785353291,"78"
"consumer-dataplane",1785353296,"78"
"consumer-dataplane",1785353301,"78"
"consumer-dataplane",1785353306,"78"
"consumer-dataplane",1785353311,"78"
"consumer-dataplane",1785353316,"78"
"consumer-dataplane",1785353321,"78"
"consumer-dataplane",1785353326,"78"
"consumer-dataplane",1785353331,"78"
"consumer-dataplane",1785353336,"78"
"consumer-dataplane",1785353341,"78"
"consumer-dataplane",1785353346,"78"
"consumer-dataplane",1785353351,"78"
"consumer-dataplane",1785353356,"78"
"consumer-dataplane",1785353361,"78"
"consumer-dataplane",1785353366,"78"
"consumer-dataplane",1785353371,"78"
"consumer-dataplane",1785353376,"78"
"consumer-dataplane",1785353381,"78"
"consumer-dataplane",1785353386,"78"
"consumer-dataplane",1785353391,"78"
"consumer-dataplane",1785353396,"78"
"consumer-dataplane",1785353401,"78"
"consumer-dataplane",1785353406,"78"
"consumer-dataplane",1785353411,"78"
"consumer-dataplane",1785353416,"78"
"consumer-dataplane",1785353421,"78"
"consumer-dataplane",1785353426,"78"
"consumer-dataplane",1785353431,"78"
"consumer-dataplane",1785353436,"78"
"consumer-dataplane",1785353441,"78"
"consumer-dataplane",1785353446,"78"
"consumer-dataplane",1785353451,"78"
"consumer-dataplane",1785353456,"78"
"consumer-dataplane",1785353461,"78"
"consumer-dataplane",1785353466,"78"
"consumer-dataplane",1785353471,"78"
"consumer-dataplane",1785353476,"78"
"consumer-dataplane",1785353481,"78"
"consumer-dataplane",1785353486,"78"
"consumer-dataplane",1785353491,"78"
"consumer-dataplane",1785353496,"78"
"consumer-dataplane",1785353501,"78"
"consumer-dataplane",1785353506,"78"
"consumer-dataplane",1785353511,"78"
"consumer-dataplane",1785353516,"78"
"consumer-dataplane",1785353521,"78"
"consumer-dataplane",1785353526,"78"
"consumer-dataplane",1785353531,"78"
"consumer-dataplane",1785353536,"78"
"consumer-dataplane",1785353541,"78"
"consumer-dataplane",1785353546,"78"
"consumer-dataplane",1785353551,"78"
"consumer-dataplane",1785353556,"78"
"consumer-dataplane",1785353561,"78"
"consumer-dataplane",1785353566,"78"
"consumer-dataplane",1785353571,"78"
"consumer-dataplane",1785353576,"78"
"consumer-dataplane",1785353581,"78"
"consumer-dataplane",1785353586,"78"
"consumer-dataplane",1785353591,"78"
"consumer-dataplane",1785353596,"78"
"consumer-dataplane",1785353601,"78"
"consumer-dataplane",1785353606,"78"
"consumer-dataplane",1785353611,"78"
"consumer-dataplane",1785353616,"78"
"consumer-dataplane",1785353621,"78"
"consumer-dataplane",1785353626,"78"
"consumer-dataplane",1785353631,"78"
"consumer-dataplane",1785353636,"78"
"consumer-dataplane",1785353641,"78"
"consumer-dataplane",1785353646,"78"
"consumer-dataplane",1785353651,"78"
"consumer-dataplane",1785353656,"78"
"consumer-dataplane",1785353661,"78"
"consumer-dataplane",1785353666,"78"
"consumer-dataplane",1785353671,"78"
"consumer-dataplane",1785353676,"78"
"consumer-dataplane",1785353681,"78"
"consumer-dataplane",1785353686,"78"
"consumer-dataplane",1785353691,"78"
"consumer-dataplane",1785353696,"78"
"consumer-dataplane",1785353701,"78"
"consumer-dataplane",1785353706,"78"
"consumer-dataplane",1785353711,"78"
"consumer-dataplane",1785353716,"78"
"consumer-dataplane",1785353721,"78"
"consumer-dataplane",1785353726,"78"
"consumer-dataplane",1785353731,"78"
"consumer-dataplane",1785353736,"78"
"consumer-dataplane",1785353741,"78"
"consumer-dataplane",1785353746,"78"
"consumer-dataplane",1785353751,"78"
"consumer-dataplane",1785353756,"78"
"consumer-dataplane",1785353761,"78"
"consumer-dataplane",1785353766,"78"
"consumer-dataplane",1785353771,"78"
"consumer-dataplane",1785353776,"78"
"consumer-dataplane",1785353781,"78"
"consumer-dataplane",1785353786,"78"
"consumer-dataplane",1785353791,"78"
"consumer-dataplane",1785353796,"78"
"consumer-dataplane",1785353801,"78"
"consumer-dataplane",1785353806,"78"
"consumer-dataplane",1785353811,"78"
"consumer-dataplane",1785353816,"78"
"consumer-dataplane",1785353821,"78"
"consumer-dataplane",1785353826,"78"
"consumer-dataplane",1785353831,"78"
"consumer-dataplane",1785353836,"78"
"consumer-dataplane",1785353841,"78"
"consumer-dataplane",1785353846,"78"
"consumer-dataplane",1785353851,"78"
"consumer-dataplane",1785353856,"78"
"consumer-dataplane",1785353861,"78"
"consumer-dataplane",1785353866,"78"
"consumer-dataplane",1785353871,"78"
"consumer-dataplane",1785353876,"78"
"consumer-dataplane",1785353881,"77"
"consumer-dataplane",1785353886,"78"
"consumer-dataplane",1785353891,"78"
"consumer-dataplane",1785353896,"78"
"consumer-dataplane",1785353901,"78"
"consumer-dataplane",1785353906,"78"
"consumer-dataplane",1785353911,"78"
"consumer-dataplane",1785353916,"78"
"consumer-dataplane",1785353921,"78"
"consumer-dataplane",1785353926,"78"
"consumer-dataplane",1785353931,"78"
"consumer-dataplane",1785353936,"78"
"consumer-dataplane",1785353941,"78"
"consumer-dataplane",1785353946,"78"
"consumer-dataplane",1785353951,"78"
"consumer-dataplane",1785353956,"78"
"consumer-dataplane",1785353961,"78"
"consumer-dataplane",1785353966,"78"
"consumer-dataplane",1785353971,"78"
"consumer-dataplane",1785353976,"78"
"consumer-dataplane",1785353981,"78"
"consumer-dataplane",1785353986,"78"
"consumer-dataplane",1785353991,"78"
"consumer-dataplane",1785353996,"78"
"consumer-dataplane",1785354001,"78"
"consumer-dataplane",1785354006,"78"
"consumer-dataplane",1785354011,"78"
"consumer-dataplane",1785354016,"78"
"consumer-dataplane",1785354021,"78"
"consumer-dataplane",1785354026,"78"
"consumer-dataplane",1785354031,"78"
"consumer-dataplane",1785354036,"78"
"consumer-dataplane",1785354041,"78"
"consumer-dataplane",1785354046,"78"
"consumer-dataplane",1785354051,"78"
"consumer-dataplane",1785354056,"78"
"consumer-dataplane",1785354061,"78"
"consumer-dataplane",1785354066,"78"
"consumer-dataplane",1785354071,"78"
"consumer-dataplane",1785354076,"78"
"consumer-dataplane",1785354081,"78"
"consumer-dataplane",1785354086,"78"
"consumer-dataplane",1785354091,"78"
"consumer-dataplane",1785354096,"78"
"consumer-dataplane",1785354101,"78"
"consumer-dataplane",1785354106,"78"
"consumer-dataplane",1785354111,"78"
"consumer-dataplane",1785354116,"78"
"consumer-dataplane",1785354121,"78"
"consumer-dataplane",1785354126,"78"
"consumer-dataplane",1785354131,"78"
"consumer-dataplane",1785354136,"78"
"consumer-dataplane",1785354141,"78"
"consumer-dataplane",1785354146,"78"
"consumer-dataplane",1785354151,"78"
"consumer-dataplane",1785354156,"78"
"consumer-dataplane",1785354161,"78"
"consumer-dataplane",1785354166,"78"
"consumer-dataplane",1785354171,"78"
"consumer-dataplane",1785354176,"78"
"consumer-dataplane",1785354181,"78"
"consumer-dataplane",1785354186,"78"
"consumer-dataplane",1785354191,"78"
"consumer-dataplane",1785354196,"78"
"consumer-dataplane",1785354201,"78"
"consumer-dataplane",1785354206,"78"
"consumer-dataplane",1785354211,"78"
"consumer-dataplane",1785354216,"78"
"consumer-dataplane",1785354221,"78"
"consumer-dataplane",1785354226,"78"
"consumer-dataplane",1785354231,"78"
"consumer-dataplane",1785354236,"78"
"consumer-dataplane",1785354241,"78"
"consumer-dataplane",1785354246,"78"
"consumer-dataplane",1785354251,"78"
"consumer-dataplane",1785354256,"79"
"consumer-dataplane",1785354261,"79"
"consumer-dataplane",1785354266,"79"
"consumer-dataplane",1785354271,"79"
"consumer-dataplane",1785354276,"79"
"consumer-dataplane",1785354281,"79"
"consumer-dataplane",1785354286,"79"
"consumer-dataplane",1785354291,"79"
"consumer-dataplane",1785354296,"79"
"consumer-dataplane",1785354301,"79"
"consumer-dataplane",1785354306,"79"
"consumer-dataplane",1785354311,"79"
"consumer-dataplane",1785354316,"78"
"consumer-dataplane",1785354321,"78"
"consumer-dataplane",1785354326,"78"
"consumer-dataplane",1785354331,"78"
"consumer-dataplane",1785354336,"78"
"consumer-dataplane",1785354341,"78"
"consumer-dataplane",1785354346,"78"
"consumer-dataplane",1785354351,"78"
"consumer-dataplane",1785354356,"78"
"consumer-dataplane",1785354361,"78"
"consumer-dataplane",1785354366,"78"
"consumer-dataplane",1785354371,"78"
"consumer-dataplane",1785354376,"78"
"consumer-dataplane",1785354381,"78"
"consumer-dataplane",1785354386,"78"
"consumer-dataplane",1785354391,"78"
"consumer-dataplane",1785354396,"78"
"consumer-dataplane",1785354401,"78"
"consumer-dataplane",1785354406,"78"
"consumer-dataplane",1785354411,"78"
"consumer-dataplane",1785354416,"78"
"consumer-dataplane",1785354421,"78"
"consumer-dataplane",1785354426,"78"
"consumer-dataplane",1785354431,"78"
"consumer-dataplane",1785354436,"78"
"consumer-dataplane",1785354441,"78"
"consumer-dataplane",1785354446,"78"
"consumer-dataplane",1785354451,"78"
"consumer-dataplane",1785354456,"78"
"consumer-dataplane",1785354461,"78"
"consumer-dataplane",1785354466,"78"
"consumer-dataplane",1785354471,"78"
"consumer-dataplane",1785354476,"78"
"consumer-dataplane",1785354481,"78"
"consumer-dataplane",1785354486,"78"
"consumer-dataplane",1785354491,"78"
"consumer-dataplane",1785354496,"78"
"consumer-dataplane",1785354501,"78"
"consumer-dataplane",1785354506,"78"
"consumer-dataplane",1785354511,"78"
"consumer-dataplane",1785354516,"78"
"consumer-dataplane",1785354521,"78"
"consumer-dataplane",1785354526,"78"
"consumer-dataplane",1785354531,"78"
"consumer-dataplane",1785354536,"78"
"consumer-dataplane",1785354541,"78"
"consumer-dataplane",1785354546,"78"
"consumer-dataplane",1785354551,"78"
"consumer-dataplane",1785354556,"78"
"consumer-dataplane",1785354561,"78"
"consumer-dataplane",1785354566,"78"
"consumer-dataplane",1785354571,"78"
"consumer-dataplane",1785354576,"78"
"consumer-dataplane",1785354581,"78"
"consumer-dataplane",1785354586,"78"
"consumer-dataplane",1785354591,"78"
"consumer-dataplane",1785354596,"78"
"consumer-dataplane",1785354601,"78"
"consumer-dataplane",1785354606,"78"
"consumer-dataplane",1785354611,"78"
"consumer-dataplane",1785354616,"78"
"consumer-dataplane",1785354621,"78"
"consumer-dataplane",1785354626,"78"
"consumer-dataplane",1785354631,"78"
"consumer-dataplane",1785354636,"78"
"consumer-dataplane",1785354641,"78"
"consumer-dataplane",1785354646,"78"
"consumer-dataplane",1785354651,"78"
"consumer-dataplane",1785354656,"78"
"consumer-dataplane",1785354661,"78"
"consumer-dataplane",1785354666,"78"
"consumer-dataplane",1785354671,"78"
"consumer-dataplane",1785354676,"78"
"consumer-dataplane",1785354681,"78"
"consumer-dataplane",1785354686,"78"
"consumer-dataplane",1785354691,"78"
"consumer-dataplane",1785354696,"78"
"consumer-dataplane",1785354701,"78"
"consumer-dataplane",1785354706,"78"
"consumer-dataplane",1785354711,"78"
"consumer-dataplane",1785354716,"78"
"consumer-dataplane",1785354721,"78"
"consumer-dataplane",1785354726,"78"
"consumer-dataplane",1785354731,"78"
"consumer-dataplane",1785354736,"78"
"consumer-dataplane",1785354741,"78"
"consumer-dataplane",1785354746,"78"
"consumer-dataplane",1785354751,"78"
"consumer-dataplane",1785354756,"78"
"consumer-dataplane",1785354761,"78"
"consumer-dataplane",1785354766,"78"
"consumer-dataplane",1785354771,"78"
"consumer-dataplane",1785354776,"78"
"consumer-dataplane",1785354781,"78"
"consumer-dataplane",1785354786,"78"
"consumer-dataplane",1785354791,"78"
"consumer-dataplane",1785354796,"78"
"consumer-dataplane",1785354801,"78"
"consumer-dataplane",1785354806,"78"
"consumer-dataplane",1785354811,"78"
"consumer-dataplane",1785354816,"78"
"consumer-dataplane",1785354821,"78"
"consumer-dataplane",1785354826,"78"
"consumer-dataplane",1785354831,"78"
"consumer-dataplane",1785354836,"78"
"consumer-dataplane",1785354841,"78"
"consumer-dataplane",1785354846,"78"
"consumer-dataplane",1785354851,"78"
"consumer-dataplane",1785354856,"78"
"consumer-dataplane",1785354861,"78"
"consumer-dataplane",1785354866,"78"
"consumer-dataplane",1785354871,"78"
"consumer-dataplane",1785354876,"78"
"consumer-dataplane",1785354881,"78"
"consumer-dataplane",1785354886,"78"
"consumer-dataplane",1785354891,"78"
"consumer-dataplane",1785354896,"78"
"consumer-dataplane",1785354901,"78"
"consumer-dataplane",1785354906,"78"
"consumer-dataplane",1785354911,"78"
"consumer-dataplane",1785354916,"78"
"consumer-dataplane",1785354921,"78"
"consumer-dataplane",1785354926,"78"
"consumer-dataplane",1785354931,"78"
"consumer-dataplane",1785354936,"78"
"consumer-dataplane",1785354941,"78"
"consumer-dataplane",1785354946,"78"
"consumer-dataplane",1785354951,"78"
"consumer-dataplane",1785354956,"78"
"consumer-dataplane",1785354961,"78"
"consumer-dataplane",1785354966,"78"
"consumer-dataplane",1785354971,"78"
"consumer-dataplane",1785354976,"78"
"consumer-dataplane",1785354981,"78"
"consumer-dataplane",1785354986,"78"
"consumer-dataplane",1785354991,"78"
"consumer-dataplane",1785354996,"78"
"consumer-dataplane",1785355001,"78"
"consumer-dataplane",1785355006,"78"
"consumer-dataplane",1785355011,"78"
"consumer-dataplane",1785355016,"78"
"consumer-dataplane",1785355021,"78"
"consumer-dataplane",1785355026,"78"
"consumer-dataplane",1785355031,"78"
"consumer-dataplane",1785355036,"78"
"consumer-dataplane",1785355041,"78"
"consumer-dataplane",1785355046,"78"
"consumer-dataplane",1785355051,"78"
"consumer-dataplane",1785355056,"78"
"consumer-dataplane",1785355061,"78"
"consumer-dataplane",1785355066,"78"
"consumer-dataplane",1785355071,"78"
"consumer-dataplane",1785355076,"78"
"consumer-dataplane",1785355081,"78"
"consumer-dataplane",1785355086,"78"
"consumer-dataplane",1785355091,"78"
"consumer-dataplane",1785355096,"78"
"consumer-dataplane",1785355101,"78"
"consumer-dataplane",1785355106,"78"
"consumer-dataplane",1785355111,"78"
"consumer-dataplane",1785355116,"78"
"consumer-dataplane",1785355121,"78"
"consumer-dataplane",1785355126,"78"
"consumer-dataplane",1785355131,"78"
"consumer-dataplane",1785355136,"78"
"consumer-dataplane",1785355141,"78"
"consumer-dataplane",1785355146,"78"
"consumer-dataplane",1785355151,"78"
"consumer-dataplane",1785355156,"78"
"consumer-dataplane",1785355161,"79"
"consumer-dataplane",1785355166,"79"
"consumer-dataplane",1785355171,"79"
"consumer-dataplane",1785355176,"79"
"consumer-dataplane",1785355181,"79"
"consumer-dataplane",1785355186,"79"
"consumer-dataplane",1785355191,"79"
"consumer-dataplane",1785355196,"79"
"consumer-dataplane",1785355201,"79"
"consumer-dataplane",1785355206,"79"
"consumer-dataplane",1785355211,"79"
"consumer-dataplane",1785355216,"79"
"consumer-dataplane",1785355221,"78"
"consumer-dataplane",1785355226,"78"
"consumer-dataplane",1785355231,"78"
"consumer-dataplane",1785355236,"78"
"consumer-dataplane",1785355241,"78"
"consumer-dataplane",1785355246,"78"
"consumer-dataplane",1785355251,"78"
"consumer-dataplane",1785355256,"78"
"consumer-dataplane",1785355261,"78"
"consumer-dataplane",1785355266,"78"
"consumer-dataplane",1785355271,"78"
"consumer-dataplane",1785355276,"78"
"consumer-dataplane",1785355281,"78"
"consumer-dataplane",1785355286,"78"
"consumer-dataplane",1785355291,"78"
"consumer-dataplane",1785355296,"78"
"consumer-dataplane",1785355301,"78"
"consumer-dataplane",1785355306,"78"
"consumer-dataplane",1785355311,"78"
"consumer-dataplane",1785355316,"78"
"consumer-dataplane",1785355321,"78"
"consumer-dataplane",1785355326,"78"
"consumer-dataplane",1785355331,"78"
"consumer-dataplane",1785355336,"77"
"consumer-dataplane",1785355341,"78"
"consumer-dataplane",1785355346,"78"
"consumer-dataplane",1785355351,"78"
"consumer-dataplane",1785355356,"78"
"consumer-dataplane",1785355361,"78"
"consumer-dataplane",1785355366,"78"
"consumer-dataplane",1785355371,"78"
"consumer-dataplane",1785355376,"78"
"consumer-dataplane",1785355381,"78"
"consumer-dataplane",1785355386,"78"
"consumer-dataplane",1785355391,"78"
"consumer-dataplane",1785355396,"78"
"consumer-dataplane",1785355401,"78"
"consumer-dataplane",1785355406,"78"
"consumer-dataplane",1785355411,"78"
"consumer-dataplane",1785355416,"78"
"consumer-dataplane",1785355421,"78"
"consumer-dataplane",1785355426,"78"
"consumer-dataplane",1785355431,"78"
"consumer-dataplane",1785355436,"78"
"consumer-dataplane",1785355441,"78"
"consumer-dataplane",1785355446,"78"
"consumer-dataplane",1785355451,"78"
"consumer-dataplane",1785355456,"78"
"consumer-dataplane",1785355461,"78"
"consumer-dataplane",1785355466,"78"
"consumer-dataplane",1785355471,"78"
"consumer-dataplane",1785355476,"78"
"consumer-dataplane",1785355481,"78"
"consumer-dataplane",1785355486,"78"
"consumer-dataplane",1785355491,"78"
"consumer-dataplane",1785355496,"78"
"consumer-dataplane",1785355501,"78"
"consumer-dataplane",1785355506,"78"
"consumer-dataplane",1785355511,"78"
"consumer-dataplane",1785355516,"78"
"consumer-dataplane",1785355521,"78"
"consumer-dataplane",1785355526,"78"
"consumer-dataplane",1785355531,"78"
"consumer-dataplane",1785355536,"78"
"consumer-dataplane",1785355541,"78"
"consumer-dataplane",1785355546,"78"
"consumer-dataplane",1785355551,"78"
"consumer-dataplane",1785355556,"78"
"consumer-dataplane",1785355561,"78"
"consumer-dataplane",1785355566,"78"
"consumer-dataplane",1785355571,"78"
"consumer-dataplane",1785355576,"78"
"consumer-dataplane",1785355581,"78"
"consumer-dataplane",1785355586,"78"
"consumer-dataplane",1785355591,"78"
"consumer-dataplane",1785355596,"78"
"consumer-dataplane",1785355601,"78"
"consumer-dataplane",1785355606,"78"
"consumer-dataplane",1785355611,"78"
"consumer-dataplane",1785355616,"78"
"consumer-dataplane",1785355621,"78"
"consumer-dataplane",1785355626,"78"
"consumer-dataplane",1785355631,"78"
"consumer-dataplane",1785355636,"78"
"consumer-dataplane",1785355641,"78"
"consumer-dataplane",1785355646,"78"
"consumer-dataplane",1785355651,"78"
"consumer-dataplane",1785355656,"78"
"consumer-dataplane",1785355661,"78"
"consumer-dataplane",1785355666,"78"
"consumer-dataplane",1785355671,"78"
"consumer-dataplane",1785355676,"78"
"consumer-dataplane",1785355681,"78"
"consumer-dataplane",1785355686,"78"
"consumer-dataplane",1785355691,"78"
"consumer-dataplane",1785355696,"78"
"consumer-dataplane",1785355701,"78"
"consumer-dataplane",1785355706,"78"
"consumer-dataplane",1785355711,"78"
"consumer-dataplane",1785355716,"78"
"consumer-dataplane",1785355721,"78"
"consumer-dataplane",1785355726,"78"
"consumer-dataplane",1785355731,"78"
"consumer-dataplane",1785355736,"78"
"consumer-dataplane",1785355741,"78"
"consumer-dataplane",1785355746,"78"
"consumer-dataplane",1785355751,"78"
"consumer-dataplane",1785355756,"78"
"consumer-dataplane",1785355761,"78"
"consumer-dataplane",1785355766,"78"
"consumer-dataplane",1785355771,"78"
"consumer-dataplane",1785355776,"78"
"consumer-dataplane",1785355781,"78"
"consumer-dataplane",1785355786,"78"
"consumer-dataplane",1785355791,"78"
"consumer-dataplane",1785355796,"78"
"consumer-dataplane",1785355801,"78"
"consumer-dataplane",1785355806,"78"
"consumer-dataplane",1785355811,"78"
"consumer-dataplane",1785355816,"78"
"consumer-dataplane",1785355821,"78"
"consumer-dataplane",1785355826,"78"
"consumer-dataplane",1785355831,"78"
"consumer-dataplane",1785355836,"78"
"consumer-dataplane",1785355841,"78"
"consumer-dataplane",1785355846,"78"
"consumer-dataplane",1785355851,"78"
"consumer-dataplane",1785355856,"78"
"consumer-dataplane",1785355861,"78"
"consumer-dataplane",1785355866,"78"
"consumer-dataplane",1785355871,"78"
"consumer-dataplane",1785355876,"78"
"consumer-dataplane",1785355881,"78"
"consumer-dataplane",1785355886,"78"
"consumer-dataplane",1785355891,"78"
"consumer-dataplane",1785355896,"78"
"consumer-dataplane",1785355901,"78"
"consumer-dataplane",1785355906,"78"
"consumer-dataplane",1785355911,"78"
"consumer-dataplane",1785355916,"78"
"consumer-dataplane",1785355921,"78"
"consumer-dataplane",1785355926,"78"
"consumer-dataplane",1785355931,"78"
"consumer-dataplane",1785355936,"78"
"consumer-dataplane",1785355941,"78"
"consumer-dataplane",1785355946,"78"
"consumer-dataplane",1785355951,"78"
"consumer-dataplane",1785355956,"78"
"consumer-dataplane",1785355961,"78"
"consumer-dataplane",1785355966,"78"
"consumer-dataplane",1785355971,"78"
"consumer-dataplane",1785355976,"78"
"consumer-dataplane",1785355981,"78"
"consumer-dataplane",1785355986,"78"
"consumer-dataplane",1785355991,"78"
"consumer-dataplane",1785355996,"78"
"consumer-dataplane",1785356001,"78"
"consumer-dataplane",1785356006,"78"
"consumer-dataplane",1785356011,"78"
"consumer-dataplane",1785356016,"78"
"consumer-dataplane",1785356021,"78"
"consumer-dataplane",1785356026,"78"
"consumer-dataplane",1785356031,"78"
"consumer-dataplane",1785356036,"78"
"consumer-dataplane",1785356041,"78"
"consumer-dataplane",1785356046,"78"
"consumer-dataplane",1785356051,"78"
"consumer-dataplane",1785356056,"78"
"consumer-dataplane",1785356061,"78"
"consumer-dataplane",1785356066,"78"
"consumer-dataplane",1785356071,"78"
"consumer-dataplane",1785356076,"78"
"consumer-dataplane",1785356081,"78"
"consumer-dataplane",1785356086,"78"
"consumer-dataplane",1785356091,"78"
"consumer-dataplane",1785356096,"78"
"consumer-dataplane",1785356101,"78"
"consumer-dataplane",1785356106,"78"
"consumer-dataplane",1785356111,"78"
"consumer-dataplane",1785356116,"78"
"consumer-dataplane",1785356121,"78"
"consumer-dataplane",1785356126,"78"
"consumer-dataplane",1785356131,"78"
"consumer-dataplane",1785356136,"78"
"consumer-dataplane",1785356141,"78"
"consumer-dataplane",1785356146,"78"
"consumer-dataplane",1785356151,"78"
"consumer-dataplane",1785356156,"78"
"consumer-dataplane",1785356161,"78"
"consumer-dataplane",1785356166,"78"
"consumer-dataplane",1785356171,"78"
"consumer-dataplane",1785356176,"78"
"consumer-dataplane",1785356181,"78"
"consumer-dataplane",1785356186,"78"
"consumer-dataplane",1785356191,"78"
"consumer-dataplane",1785356196,"78"
"consumer-dataplane",1785356201,"78"
"consumer-dataplane",1785356206,"78"
"consumer-dataplane",1785356211,"78"
"consumer-dataplane",1785356216,"78"
"consumer-dataplane",1785356221,"78"
"consumer-dataplane",1785356226,"78"
"consumer-dataplane",1785356231,"78"
"consumer-dataplane",1785356236,"78"
"consumer-dataplane",1785356241,"78"
"consumer-dataplane",1785356246,"78"
"consumer-dataplane",1785356251,"78"
"consumer-dataplane",1785356256,"78"
"consumer-dataplane",1785356261,"78"
"consumer-dataplane",1785356266,"78"
"consumer-dataplane",1785356271,"78"
"consumer-dataplane",1785356276,"78"
"consumer-dataplane",1785356281,"78"
"consumer-dataplane",1785356286,"78"
"consumer-dataplane",1785356291,"78"
"consumer-dataplane",1785356296,"78"
"consumer-dataplane",1785356301,"78"
"consumer-dataplane",1785356306,"77"
"consumer-dataplane",1785356311,"78"
"consumer-dataplane",1785356316,"78"
"consumer-dataplane",1785356321,"78"
"consumer-dataplane",1785356326,"79"
"consumer-dataplane",1785356331,"79"
"consumer-dataplane",1785356336,"79"
"consumer-dataplane",1785356341,"79"
"consumer-dataplane",1785356346,"79"
"consumer-dataplane",1785356351,"79"
"consumer-dataplane",1785356356,"79"
"consumer-dataplane",1785356361,"79"
"consumer-dataplane",1785356366,"79"
"consumer-dataplane",1785356371,"79"
"consumer-dataplane",1785356376,"79"
"consumer-dataplane",1785356381,"79"
"consumer-dataplane",1785356386,"78"
"consumer-dataplane",1785356391,"78"
"consumer-dataplane",1785356396,"78"
"consumer-dataplane",1785356401,"78"
"consumer-dataplane",1785356406,"78"
"consumer-dataplane",1785356411,"78"
"consumer-dataplane",1785356416,"78"
"consumer-dataplane",1785356421,"78"
"consumer-dataplane",1785356426,"78"
"consumer-dataplane",1785356431,"78"
"consumer-dataplane",1785356436,"78"
"consumer-dataplane",1785356441,"78"
"consumer-dataplane",1785356446,"78"
"consumer-dataplane",1785356451,"78"
"consumer-dataplane",1785356456,"78"
"consumer-dataplane",1785356461,"78"
"consumer-dataplane",1785356466,"78"
"consumer-dataplane",1785356471,"78"
"consumer-dataplane",1785356476,"78"
"consumer-dataplane",1785356481,"78"
"consumer-dataplane",1785356486,"78"
"consumer-dataplane",1785356491,"78"
"consumer-dataplane",1785356496,"78"
"consumer-dataplane",1785356501,"78"
"provider-controlplane",1785352856,"112"
"provider-controlplane",1785352861,"112"
"provider-controlplane",1785352866,"112"
"provider-controlplane",1785352871,"112"
"provider-controlplane",1785352876,"112"
"provider-controlplane",1785352881,"112"
"provider-controlplane",1785352886,"112"
"provider-controlplane",1785352891,"113"
"provider-controlplane",1785352896,"113"
"provider-controlplane",1785352901,"113"
"provider-controlplane",1785352906,"113"
"provider-controlplane",1785352911,"114"
"provider-controlplane",1785352916,"116"
"provider-controlplane",1785352921,"116"
"provider-controlplane",1785352926,"116"
"provider-controlplane",1785352931,"116"
"provider-controlplane",1785352936,"116"
"provider-controlplane",1785352941,"116"
"provider-controlplane",1785352946,"116"
"provider-controlplane",1785352951,"116"
"provider-controlplane",1785352956,"116"
"provider-controlplane",1785352961,"116"
"provider-controlplane",1785352966,"116"
"provider-controlplane",1785352971,"115"
"provider-controlplane",1785352976,"115"
"provider-controlplane",1785352981,"115"
"provider-controlplane",1785352986,"116"
"provider-controlplane",1785352991,"116"
"provider-controlplane",1785352996,"116"
"provider-controlplane",1785353001,"116"
"provider-controlplane",1785353006,"116"
"provider-controlplane",1785353011,"116"
"provider-controlplane",1785353016,"116"
"provider-controlplane",1785353021,"116"
"provider-controlplane",1785353026,"116"
"provider-controlplane",1785353031,"116"
"provider-controlplane",1785353036,"115"
"provider-controlplane",1785353041,"115"
"provider-controlplane",1785353046,"114"
"provider-controlplane",1785353051,"114"
"provider-controlplane",1785353056,"114"
"provider-controlplane",1785353061,"115"
"provider-controlplane",1785353066,"115"
"provider-controlplane",1785353071,"116"
"provider-controlplane",1785353076,"116"
"provider-controlplane",1785353081,"116"
"provider-controlplane",1785353086,"116"
"provider-controlplane",1785353091,"116"
"provider-controlplane",1785353096,"116"
"provider-controlplane",1785353101,"115"
"provider-controlplane",1785353106,"117"
"provider-controlplane",1785353111,"117"
"provider-controlplane",1785353116,"117"
"provider-controlplane",1785353121,"116"
"provider-controlplane",1785353126,"116"
"provider-controlplane",1785353131,"115"
"provider-controlplane",1785353136,"115"
"provider-controlplane",1785353141,"115"
"provider-controlplane",1785353146,"115"
"provider-controlplane",1785353151,"115"
"provider-controlplane",1785353156,"115"
"provider-controlplane",1785353161,"116"
"provider-controlplane",1785353166,"116"
"provider-controlplane",1785353171,"116"
"provider-controlplane",1785353176,"116"
"provider-controlplane",1785353181,"116"
"provider-controlplane",1785353186,"116"
"provider-controlplane",1785353191,"116"
"provider-controlplane",1785353196,"116"
"provider-controlplane",1785353201,"116"
"provider-controlplane",1785353206,"116"
"provider-controlplane",1785353211,"116"
"provider-controlplane",1785353216,"116"
"provider-controlplane",1785353221,"115"
"provider-controlplane",1785353226,"114"
"provider-controlplane",1785353231,"114"
"provider-controlplane",1785353236,"114"
"provider-controlplane",1785353241,"114"
"provider-controlplane",1785353246,"115"
"provider-controlplane",1785353251,"115"
"provider-controlplane",1785353256,"115"
"provider-controlplane",1785353261,"115"
"provider-controlplane",1785353266,"115"
"provider-controlplane",1785353271,"115"
"provider-controlplane",1785353276,"115"
"provider-controlplane",1785353281,"115"
"provider-controlplane",1785353286,"115"
"provider-controlplane",1785353291,"115"
"provider-controlplane",1785353296,"115"
"provider-controlplane",1785353301,"115"
"provider-controlplane",1785353306,"115"
"provider-controlplane",1785353311,"115"
"provider-controlplane",1785353316,"115"
"provider-controlplane",1785353321,"115"
"provider-controlplane",1785353326,"115"
"provider-controlplane",1785353331,"115"
"provider-controlplane",1785353336,"115"
"provider-controlplane",1785353341,"116"
"provider-controlplane",1785353346,"116"
"provider-controlplane",1785353351,"116"
"provider-controlplane",1785353356,"117"
"provider-controlplane",1785353361,"117"
"provider-controlplane",1785353366,"117"
"provider-controlplane",1785353371,"117"
"provider-controlplane",1785353376,"117"
"provider-controlplane",1785353381,"117"
"provider-controlplane",1785353386,"117"
"provider-controlplane",1785353391,"117"
"provider-controlplane",1785353396,"117"
"provider-controlplane",1785353401,"117"
"provider-controlplane",1785353406,"118"
"provider-controlplane",1785353411,"119"
"provider-controlplane",1785353416,"117"
"provider-controlplane",1785353421,"117"
"provider-controlplane",1785353426,"117"
"provider-controlplane",1785353431,"117"
"provider-controlplane",1785353436,"117"
"provider-controlplane",1785353441,"117"
"provider-controlplane",1785353446,"117"
"provider-controlplane",1785353451,"117"
"provider-controlplane",1785353456,"117"
"provider-controlplane",1785353461,"117"
"provider-controlplane",1785353466,"117"
"provider-controlplane",1785353471,"116"
"provider-controlplane",1785353476,"116"
"provider-controlplane",1785353481,"116"
"provider-controlplane",1785353486,"116"
"provider-controlplane",1785353491,"116"
"provider-controlplane",1785353496,"116"
"provider-controlplane",1785353501,"117"
"provider-controlplane",1785353506,"117"
"provider-controlplane",1785353511,"117"
"provider-controlplane",1785353516,"117"
"provider-controlplane",1785353521,"117"
"provider-controlplane",1785353526,"116"
"provider-controlplane",1785353531,"116"
"provider-controlplane",1785353536,"116"
"provider-controlplane",1785353541,"116"
"provider-controlplane",1785353546,"116"
"provider-controlplane",1785353551,"116"
"provider-controlplane",1785353556,"116"
"provider-controlplane",1785353561,"115"
"provider-controlplane",1785353566,"115"
"provider-controlplane",1785353571,"115"
"provider-controlplane",1785353576,"115"
"provider-controlplane",1785353581,"115"
"provider-controlplane",1785353586,"115"
"provider-controlplane",1785353591,"115"
"provider-controlplane",1785353596,"115"
"provider-controlplane",1785353601,"115"
"provider-controlplane",1785353606,"115"
"provider-controlplane",1785353611,"115"
"provider-controlplane",1785353616,"115"
"provider-controlplane",1785353621,"115"
"provider-controlplane",1785353626,"115"
"provider-controlplane",1785353631,"115"
"provider-controlplane",1785353636,"115"
"provider-controlplane",1785353641,"115"
"provider-controlplane",1785353646,"115"
"provider-controlplane",1785353651,"117"
"provider-controlplane",1785353656,"118"
"provider-controlplane",1785353661,"119"
"provider-controlplane",1785353666,"119"
"provider-controlplane",1785353671,"119"
"provider-controlplane",1785353676,"119"
"provider-controlplane",1785353681,"119"
"provider-controlplane",1785353686,"119"
"provider-controlplane",1785353691,"119"
"provider-controlplane",1785353696,"119"
"provider-controlplane",1785353701,"119"
"provider-controlplane",1785353706,"119"
"provider-controlplane",1785353711,"118"
"provider-controlplane",1785353716,"117"
"provider-controlplane",1785353721,"116"
"provider-controlplane",1785353726,"116"
"provider-controlplane",1785353731,"116"
"provider-controlplane",1785353736,"116"
"provider-controlplane",1785353741,"116"
"provider-controlplane",1785353746,"116"
"provider-controlplane",1785353751,"116"
"provider-controlplane",1785353756,"116"
"provider-controlplane",1785353761,"117"
"provider-controlplane",1785353766,"117"
"provider-controlplane",1785353771,"117"
"provider-controlplane",1785353776,"117"
"provider-controlplane",1785353781,"117"
"provider-controlplane",1785353786,"117"
"provider-controlplane",1785353791,"117"
"provider-controlplane",1785353796,"117"
"provider-controlplane",1785353801,"117"
"provider-controlplane",1785353806,"117"
"provider-controlplane",1785353811,"116"
"provider-controlplane",1785353816,"116"
"provider-controlplane",1785353821,"116"
"provider-controlplane",1785353826,"116"
"provider-controlplane",1785353831,"116"
"provider-controlplane",1785353836,"116"
"provider-controlplane",1785353841,"116"
"provider-controlplane",1785353846,"116"
"provider-controlplane",1785353851,"116"
"provider-controlplane",1785353856,"117"
"provider-controlplane",1785353861,"117"
"provider-controlplane",1785353866,"117"
"provider-controlplane",1785353871,"118"
"provider-controlplane",1785353876,"118"
"provider-controlplane",1785353881,"117"
"provider-controlplane",1785353886,"117"
"provider-controlplane",1785353891,"117"
"provider-controlplane",1785353896,"117"
"provider-controlplane",1785353901,"117"
"provider-controlplane",1785353906,"117"
"provider-controlplane",1785353911,"117"
"provider-controlplane",1785353916,"116"
"provider-controlplane",1785353921,"117"
"provider-controlplane",1785353926,"117"
"provider-controlplane",1785353931,"116"
"provider-controlplane",1785353936,"116"
"provider-controlplane",1785353941,"117"
"provider-controlplane",1785353946,"117"
"provider-controlplane",1785353951,"117"
"provider-controlplane",1785353956,"117"
"provider-controlplane",1785353961,"117"
"provider-controlplane",1785353966,"117"
"provider-controlplane",1785353971,"117"
"provider-controlplane",1785353976,"117"
"provider-controlplane",1785353981,"116"
"provider-controlplane",1785353986,"116"
"provider-controlplane",1785353991,"116"
"provider-controlplane",1785353996,"116"
"provider-controlplane",1785354001,"115"
"provider-controlplane",1785354006,"115"
"provider-controlplane",1785354011,"115"
"provider-controlplane",1785354016,"115"
"provider-controlplane",1785354021,"115"
"provider-controlplane",1785354026,"115"
"provider-controlplane",1785354031,"116"
"provider-controlplane",1785354036,"116"
"provider-controlplane",1785354041,"116"
"provider-controlplane",1785354046,"116"
"provider-controlplane",1785354051,"116"
"provider-controlplane",1785354056,"116"
"provider-controlplane",1785354061,"115"
"provider-controlplane",1785354066,"116"
"provider-controlplane",1785354071,"116"
"provider-controlplane",1785354076,"116"
"provider-controlplane",1785354081,"116"
"provider-controlplane",1785354086,"116"
"provider-controlplane",1785354091,"116"
"provider-controlplane",1785354096,"116"
"provider-controlplane",1785354101,"116"
"provider-controlplane",1785354106,"116"
"provider-controlplane",1785354111,"116"
"provider-controlplane",1785354116,"116"
"provider-controlplane",1785354121,"115"
"provider-controlplane",1785354126,"116"
"provider-controlplane",1785354131,"116"
"provider-controlplane",1785354136,"116"
"provider-controlplane",1785354141,"116"
"provider-controlplane",1785354146,"116"
"provider-controlplane",1785354151,"116"
"provider-controlplane",1785354156,"116"
"provider-controlplane",1785354161,"116"
"provider-controlplane",1785354166,"116"
"provider-controlplane",1785354171,"116"
"provider-controlplane",1785354176,"116"
"provider-controlplane",1785354181,"117"
"provider-controlplane",1785354186,"117"
"provider-controlplane",1785354191,"117"
"provider-controlplane",1785354196,"117"
"provider-controlplane",1785354201,"118"
"provider-controlplane",1785354206,"118"
"provider-controlplane",1785354211,"118"
"provider-controlplane",1785354216,"118"
"provider-controlplane",1785354221,"118"
"provider-controlplane",1785354226,"118"
"provider-controlplane",1785354231,"118"
"provider-controlplane",1785354236,"118"
"provider-controlplane",1785354241,"118"
"provider-controlplane",1785354246,"118"
"provider-controlplane",1785354251,"118"
"provider-controlplane",1785354256,"118"
"provider-controlplane",1785354261,"118"
"provider-controlplane",1785354266,"118"
"provider-controlplane",1785354271,"118"
"provider-controlplane",1785354276,"118"
"provider-controlplane",1785354281,"117"
"provider-controlplane",1785354286,"117"
"provider-controlplane",1785354291,"117"
"provider-controlplane",1785354296,"117"
"provider-controlplane",1785354301,"116"
"provider-controlplane",1785354306,"116"
"provider-controlplane",1785354311,"116"
"provider-controlplane",1785354316,"116"
"provider-controlplane",1785354321,"116"
"provider-controlplane",1785354326,"116"
"provider-controlplane",1785354331,"116"
"provider-controlplane",1785354336,"116"
"provider-controlplane",1785354341,"116"
"provider-controlplane",1785354346,"116"
"provider-controlplane",1785354351,"116"
"provider-controlplane",1785354356,"116"
"provider-controlplane",1785354361,"116"
"provider-controlplane",1785354366,"116"
"provider-controlplane",1785354371,"116"
"provider-controlplane",1785354376,"116"
"provider-controlplane",1785354381,"116"
"provider-controlplane",1785354386,"116"
"provider-controlplane",1785354391,"116"
"provider-controlplane",1785354396,"118"
"provider-controlplane",1785354401,"118"
"provider-controlplane",1785354406,"118"
"provider-controlplane",1785354411,"118"
"provider-controlplane",1785354416,"118"
"provider-controlplane",1785354421,"118"
"provider-controlplane",1785354426,"118"
"provider-controlplane",1785354431,"118"
"provider-controlplane",1785354436,"118"
"provider-controlplane",1785354441,"118"
"provider-controlplane",1785354446,"118"
"provider-controlplane",1785354451,"118"
"provider-controlplane",1785354456,"118"
"provider-controlplane",1785354461,"118"
"provider-controlplane",1785354466,"118"
"provider-controlplane",1785354471,"119"
"provider-controlplane",1785354476,"119"
"provider-controlplane",1785354481,"119"
"provider-controlplane",1785354486,"119"
"provider-controlplane",1785354491,"120"
"provider-controlplane",1785354496,"120"
"provider-controlplane",1785354501,"120"
"provider-controlplane",1785354506,"120"
"provider-controlplane",1785354511,"120"
"provider-controlplane",1785354516,"119"
"provider-controlplane",1785354521,"119"
"provider-controlplane",1785354526,"119"
"provider-controlplane",1785354531,"118"
"provider-controlplane",1785354536,"119"
"provider-controlplane",1785354541,"119"
"provider-controlplane",1785354546,"119"
"provider-controlplane",1785354551,"118"
"provider-controlplane",1785354556,"118"
"provider-controlplane",1785354561,"118"
"provider-controlplane",1785354566,"118"
"provider-controlplane",1785354571,"118"
"provider-controlplane",1785354576,"117"
"provider-controlplane",1785354581,"117"
"provider-controlplane",1785354586,"118"
"provider-controlplane",1785354591,"117"
"provider-controlplane",1785354596,"116"
"provider-controlplane",1785354601,"116"
"provider-controlplane",1785354606,"116"
"provider-controlplane",1785354611,"116"
"provider-controlplane",1785354616,"116"
"provider-controlplane",1785354621,"117"
"provider-controlplane",1785354626,"117"
"provider-controlplane",1785354631,"117"
"provider-controlplane",1785354636,"117"
"provider-controlplane",1785354641,"117"
"provider-controlplane",1785354646,"117"
"provider-controlplane",1785354651,"117"
"provider-controlplane",1785354656,"117"
"provider-controlplane",1785354661,"118"
"provider-controlplane",1785354666,"118"
"provider-controlplane",1785354671,"119"
"provider-controlplane",1785354676,"119"
"provider-controlplane",1785354681,"118"
"provider-controlplane",1785354686,"118"
"provider-controlplane",1785354691,"118"
"provider-controlplane",1785354696,"118"
"provider-controlplane",1785354701,"118"
"provider-controlplane",1785354706,"118"
"provider-controlplane",1785354711,"118"
"provider-controlplane",1785354716,"118"
"provider-controlplane",1785354721,"118"
"provider-controlplane",1785354726,"118"
"provider-controlplane",1785354731,"117"
"provider-controlplane",1785354736,"117"
"provider-controlplane",1785354741,"118"
"provider-controlplane",1785354746,"118"
"provider-controlplane",1785354751,"119"
"provider-controlplane",1785354756,"119"
"provider-controlplane",1785354761,"119"
"provider-controlplane",1785354766,"119"
"provider-controlplane",1785354771,"119"
"provider-controlplane",1785354776,"119"
"provider-controlplane",1785354781,"119"
"provider-controlplane",1785354786,"119"
"provider-controlplane",1785354791,"119"
"provider-controlplane",1785354796,"119"
"provider-controlplane",1785354801,"119"
"provider-controlplane",1785354806,"119"
"provider-controlplane",1785354811,"119"
"provider-controlplane",1785354816,"119"
"provider-controlplane",1785354821,"119"
"provider-controlplane",1785354826,"119"
"provider-controlplane",1785354831,"120"
"provider-controlplane",1785354836,"120"
"provider-controlplane",1785354841,"120"
"provider-controlplane",1785354846,"120"
"provider-controlplane",1785354851,"120"
"provider-controlplane",1785354856,"120"
"provider-controlplane",1785354861,"120"
"provider-controlplane",1785354866,"120"
"provider-controlplane",1785354871,"120"
"provider-controlplane",1785354876,"120"
"provider-controlplane",1785354881,"120"
"provider-controlplane",1785354886,"120"
"provider-controlplane",1785354891,"118"
"provider-controlplane",1785354896,"118"
"provider-controlplane",1785354901,"118"
"provider-controlplane",1785354906,"118"
"provider-controlplane",1785354911,"118"
"provider-controlplane",1785354916,"118"
"provider-controlplane",1785354921,"117"
"provider-controlplane",1785354926,"117"
"provider-controlplane",1785354931,"117"
"provider-controlplane",1785354936,"117"
"provider-controlplane",1785354941,"117"
"provider-controlplane",1785354946,"117"
"provider-controlplane",1785354951,"117"
"provider-controlplane",1785354956,"117"
"provider-controlplane",1785354961,"117"
"provider-controlplane",1785354966,"118"
"provider-controlplane",1785354971,"118"
"provider-controlplane",1785354976,"118"
"provider-controlplane",1785354981,"118"
"provider-controlplane",1785354986,"118"
"provider-controlplane",1785354991,"118"
"provider-controlplane",1785354996,"118"
"provider-controlplane",1785355001,"117"
"provider-controlplane",1785355006,"117"
"provider-controlplane",1785355011,"117"
"provider-controlplane",1785355016,"117"
"provider-controlplane",1785355021,"117"
"provider-controlplane",1785355026,"117"
"provider-controlplane",1785355031,"118"
"provider-controlplane",1785355036,"118"
"provider-controlplane",1785355041,"118"
"provider-controlplane",1785355046,"118"
"provider-controlplane",1785355051,"119"
"provider-controlplane",1785355056,"119"
"provider-controlplane",1785355061,"119"
"provider-controlplane",1785355066,"119"
"provider-controlplane",1785355071,"119"
"provider-controlplane",1785355076,"119"
"provider-controlplane",1785355081,"119"
"provider-controlplane",1785355086,"118"
"provider-controlplane",1785355091,"117"
"provider-controlplane",1785355096,"117"
"provider-controlplane",1785355101,"117"
"provider-controlplane",1785355106,"117"
"provider-controlplane",1785355111,"116"
"provider-controlplane",1785355116,"116"
"provider-controlplane",1785355121,"116"
"provider-controlplane",1785355126,"116"
"provider-controlplane",1785355131,"116"
"provider-controlplane",1785355136,"116"
"provider-controlplane",1785355141,"116"
"provider-controlplane",1785355146,"115"
"provider-controlplane",1785355151,"115"
"provider-controlplane",1785355156,"115"
"provider-controlplane",1785355161,"115"
"provider-controlplane",1785355166,"115"
"provider-controlplane",1785355171,"115"
"provider-controlplane",1785355176,"115"
"provider-controlplane",1785355181,"115"
"provider-controlplane",1785355186,"115"
"provider-controlplane",1785355191,"116"
"provider-controlplane",1785355196,"116"
"provider-controlplane",1785355201,"116"
"provider-controlplane",1785355206,"116"
"provider-controlplane",1785355211,"116"
"provider-controlplane",1785355216,"116"
"provider-controlplane",1785355221,"116"
"provider-controlplane",1785355226,"116"
"provider-controlplane",1785355231,"118"
"provider-controlplane",1785355236,"118"
"provider-controlplane",1785355241,"118"
"provider-controlplane",1785355246,"118"
"provider-controlplane",1785355251,"118"
"provider-controlplane",1785355256,"118"
"provider-controlplane",1785355261,"118"
"provider-controlplane",1785355266,"118"
"provider-controlplane",1785355271,"118"
"provider-controlplane",1785355276,"118"
"provider-controlplane",1785355281,"118"
"provider-controlplane",1785355286,"118"
"provider-controlplane",1785355291,"116"
"provider-controlplane",1785355296,"116"
"provider-controlplane",1785355301,"116"
"provider-controlplane",1785355306,"116"
"provider-controlplane",1785355311,"116"
"provider-controlplane",1785355316,"116"
"provider-controlplane",1785355321,"116"
"provider-controlplane",1785355326,"116"
"provider-controlplane",1785355331,"116"
"provider-controlplane",1785355336,"116"
"provider-controlplane",1785355341,"116"
"provider-controlplane",1785355346,"116"
"provider-controlplane",1785355351,"116"
"provider-controlplane",1785355356,"116"
"provider-controlplane",1785355361,"116"
"provider-controlplane",1785355366,"116"
"provider-controlplane",1785355371,"118"
"provider-controlplane",1785355376,"118"
"provider-controlplane",1785355381,"118"
"provider-controlplane",1785355386,"118"
"provider-controlplane",1785355391,"118"
"provider-controlplane",1785355396,"119"
"provider-controlplane",1785355401,"119"
"provider-controlplane",1785355406,"119"
"provider-controlplane",1785355411,"119"
"provider-controlplane",1785355416,"119"
"provider-controlplane",1785355421,"119"
"provider-controlplane",1785355426,"119"
"provider-controlplane",1785355431,"118"
"provider-controlplane",1785355436,"118"
"provider-controlplane",1785355441,"118"
"provider-controlplane",1785355446,"118"
"provider-controlplane",1785355451,"119"
"provider-controlplane",1785355456,"119"
"provider-controlplane",1785355461,"119"
"provider-controlplane",1785355466,"119"
"provider-controlplane",1785355471,"119"
"provider-controlplane",1785355476,"119"
"provider-controlplane",1785355481,"119"
"provider-controlplane",1785355486,"119"
"provider-controlplane",1785355491,"119"
"provider-controlplane",1785355496,"119"
"provider-controlplane",1785355501,"119"
"provider-controlplane",1785355506,"119"
"provider-controlplane",1785355511,"119"
"provider-controlplane",1785355516,"118"
"provider-controlplane",1785355521,"118"
"provider-controlplane",1785355526,"118"
"provider-controlplane",1785355531,"118"
"provider-controlplane",1785355536,"118"
"provider-controlplane",1785355541,"118"
"provider-controlplane",1785355546,"118"
"provider-controlplane",1785355551,"118"
"provider-controlplane",1785355556,"118"
"provider-controlplane",1785355561,"118"
"provider-controlplane",1785355566,"118"
"provider-controlplane",1785355571,"117"
"provider-controlplane",1785355576,"118"
"provider-controlplane",1785355581,"119"
"provider-controlplane",1785355586,"119"
"provider-controlplane",1785355591,"119"
"provider-controlplane",1785355596,"120"
"provider-controlplane",1785355601,"120"
"provider-controlplane",1785355606,"120"
"provider-controlplane",1785355611,"120"
"provider-controlplane",1785355616,"120"
"provider-controlplane",1785355621,"120"
"provider-controlplane",1785355626,"120"
"provider-controlplane",1785355631,"119"
"provider-controlplane",1785355636,"118"
"provider-controlplane",1785355641,"117"
"provider-controlplane",1785355646,"117"
"provider-controlplane",1785355651,"117"
"provider-controlplane",1785355656,"116"
"provider-controlplane",1785355661,"117"
"provider-controlplane",1785355666,"117"
"provider-controlplane",1785355671,"117"
"provider-controlplane",1785355676,"117"
"provider-controlplane",1785355681,"117"
"provider-controlplane",1785355686,"117"
"provider-controlplane",1785355691,"117"
"provider-controlplane",1785355696,"117"
"provider-controlplane",1785355701,"117"
"provider-controlplane",1785355706,"117"
"provider-controlplane",1785355711,"117"
"provider-controlplane",1785355716,"117"
"provider-controlplane",1785355721,"116"
"provider-controlplane",1785355726,"117"
"provider-controlplane",1785355731,"117"
"provider-controlplane",1785355736,"117"
"provider-controlplane",1785355741,"118"
"provider-controlplane",1785355746,"118"
"provider-controlplane",1785355751,"118"
"provider-controlplane",1785355756,"118"
"provider-controlplane",1785355761,"118"
"provider-controlplane",1785355766,"118"
"provider-controlplane",1785355771,"119"
"provider-controlplane",1785355776,"119"
"provider-controlplane",1785355781,"119"
"provider-controlplane",1785355786,"118"
"provider-controlplane",1785355791,"118"
"provider-controlplane",1785355796,"118"
"provider-controlplane",1785355801,"118"
"provider-controlplane",1785355806,"118"
"provider-controlplane",1785355811,"118"
"provider-controlplane",1785355816,"119"
"provider-controlplane",1785355821,"119"
"provider-controlplane",1785355826,"120"
"provider-controlplane",1785355831,"119"
"provider-controlplane",1785355836,"119"
"provider-controlplane",1785355841,"119"
"provider-controlplane",1785355846,"119"
"provider-controlplane",1785355851,"119"
"provider-controlplane",1785355856,"119"
"provider-controlplane",1785355861,"119"
"provider-controlplane",1785355866,"119"
"provider-controlplane",1785355871,"119"
"provider-controlplane",1785355876,"119"
"provider-controlplane",1785355881,"119"
"provider-controlplane",1785355886,"118"
"provider-controlplane",1785355891,"118"
"provider-controlplane",1785355896,"118"
"provider-controlplane",1785355901,"119"
"provider-controlplane",1785355906,"119"
"provider-controlplane",1785355911,"119"
"provider-controlplane",1785355916,"120"
"provider-controlplane",1785355921,"120"
"provider-controlplane",1785355926,"120"
"provider-controlplane",1785355931,"120"
"provider-controlplane",1785355936,"119"
"provider-controlplane",1785355941,"119"
"provider-controlplane",1785355946,"119"
"provider-controlplane",1785355951,"119"
"provider-controlplane",1785355956,"119"
"provider-controlplane",1785355961,"118"
"provider-controlplane",1785355966,"118"
"provider-controlplane",1785355971,"118"
"provider-controlplane",1785355976,"118"
"provider-controlplane",1785355981,"118"
"provider-controlplane",1785355986,"118"
"provider-controlplane",1785355991,"118"
"provider-controlplane",1785355996,"117"
"provider-controlplane",1785356001,"117"
"provider-controlplane",1785356006,"117"
"provider-controlplane",1785356011,"117"
"provider-controlplane",1785356016,"117"
"provider-controlplane",1785356021,"117"
"provider-controlplane",1785356026,"117"
"provider-controlplane",1785356031,"117"
"provider-controlplane",1785356036,"118"
"provider-controlplane",1785356041,"119"
"provider-controlplane",1785356046,"119"
"provider-controlplane",1785356051,"119"
"provider-controlplane",1785356056,"119"
"provider-controlplane",1785356061,"119"
"provider-controlplane",1785356066,"119"
"provider-controlplane",1785356071,"119"
"provider-controlplane",1785356076,"119"
"provider-controlplane",1785356081,"119"
"provider-controlplane",1785356086,"119"
"provider-controlplane",1785356091,"118"
"provider-controlplane",1785356096,"118"
"provider-controlplane",1785356101,"117"
"provider-controlplane",1785356106,"117"
"provider-controlplane",1785356111,"118"
"provider-controlplane",1785356116,"119"
"provider-controlplane",1785356121,"119"
"provider-controlplane",1785356126,"119"
"provider-controlplane",1785356131,"119"
"provider-controlplane",1785356136,"119"
"provider-controlplane",1785356141,"119"
"provider-controlplane",1785356146,"119"
"provider-controlplane",1785356151,"119"
"provider-controlplane",1785356156,"118"
"provider-controlplane",1785356161,"118"
"provider-controlplane",1785356166,"118"
"provider-controlplane",1785356171,"117"
"provider-controlplane",1785356176,"116"
"provider-controlplane",1785356181,"116"
"provider-controlplane",1785356186,"116"
"provider-controlplane",1785356191,"116"
"provider-controlplane",1785356196,"116"
"provider-controlplane",1785356201,"116"
"provider-controlplane",1785356206,"117"
"provider-controlplane",1785356211,"117"
"provider-controlplane",1785356216,"117"
"provider-controlplane",1785356221,"118"
"provider-controlplane",1785356226,"118"
"provider-controlplane",1785356231,"118"
"provider-controlplane",1785356236,"119"
"provider-controlplane",1785356241,"119"
"provider-controlplane",1785356246,"119"
"provider-controlplane",1785356251,"119"
"provider-controlplane",1785356256,"119"
"provider-controlplane",1785356261,"119"
"provider-controlplane",1785356266,"118"
"provider-controlplane",1785356271,"118"
"provider-controlplane",1785356276,"118"
"provider-controlplane",1785356281,"118"
"provider-controlplane",1785356286,"118"
"provider-controlplane",1785356291,"118"
"provider-controlplane",1785356296,"118"
"provider-controlplane",1785356301,"118"
"provider-controlplane",1785356306,"118"
"provider-controlplane",1785356311,"118"
"provider-controlplane",1785356316,"118"
"provider-controlplane",1785356321,"118"
"provider-controlplane",1785356326,"118"
"provider-controlplane",1785356331,"118"
"provider-controlplane",1785356336,"118"
"provider-controlplane",1785356341,"118"
"provider-controlplane",1785356346,"118"
"provider-controlplane",1785356351,"118"
"provider-controlplane",1785356356,"117"
"provider-controlplane",1785356361,"117"
"provider-controlplane",1785356366,"117"
"provider-controlplane",1785356371,"117"
"provider-controlplane",1785356376,"117"
"provider-controlplane",1785356381,"117"
"provider-controlplane",1785356386,"117"
"provider-controlplane",1785356391,"117"
"provider-controlplane",1785356396,"117"
"provider-controlplane",1785356401,"115"
"provider-controlplane",1785356406,"116"
"provider-controlplane",1785356411,"116"
"provider-controlplane",1785356416,"116"
"provider-controlplane",1785356421,"116"
"provider-controlplane",1785356426,"116"
"provider-controlplane",1785356431,"117"
"provider-controlplane",1785356436,"117"
"provider-controlplane",1785356441,"118"
"provider-controlplane",1785356446,"118"
"provider-controlplane",1785356451,"118"
"provider-controlplane",1785356456,"118"
"provider-controlplane",1785356461,"118"
"provider-controlplane",1785356466,"118"
"provider-controlplane",1785356471,"118"
"provider-controlplane",1785356476,"118"
"provider-controlplane",1785356481,"118"
"provider-controlplane",1785356486,"118"
"provider-controlplane",1785356491,"118"
"provider-controlplane",1785356496,"117"
"provider-controlplane",1785356501,"116"
"provider-dataplane",1785352856,"111"
"provider-dataplane",1785352861,"110"
"provider-dataplane",1785352866,"111"
"provider-dataplane",1785352871,"111"
"provider-dataplane",1785352876,"111"
"provider-dataplane",1785352881,"111"
"provider-dataplane",1785352886,"111"
"provider-dataplane",1785352891,"111"
"provider-dataplane",1785352896,"111"
"provider-dataplane",1785352901,"111"
"provider-dataplane",1785352906,"111"
"provider-dataplane",1785352911,"111"
"provider-dataplane",1785352916,"110"
"provider-dataplane",1785352921,"110"
"provider-dataplane",1785352926,"110"
"provider-dataplane",1785352931,"110"
"provider-dataplane",1785352936,"110"
"provider-dataplane",1785352941,"111"
"provider-dataplane",1785352946,"111"
"provider-dataplane",1785352951,"111"
"provider-dataplane",1785352956,"111"
"provider-dataplane",1785352961,"111"
"provider-dataplane",1785352966,"111"
"provider-dataplane",1785352971,"111"
"provider-dataplane",1785352976,"111"
"provider-dataplane",1785352981,"111"
"provider-dataplane",1785352986,"110"
"provider-dataplane",1785352991,"110"
"provider-dataplane",1785352996,"111"
"provider-dataplane",1785353001,"110"
"provider-dataplane",1785353006,"110"
"provider-dataplane",1785353011,"110"
"provider-dataplane",1785353016,"110"
"provider-dataplane",1785353021,"110"
"provider-dataplane",1785353026,"110"
"provider-dataplane",1785353031,"110"
"provider-dataplane",1785353036,"110"
"provider-dataplane",1785353041,"110"
"provider-dataplane",1785353046,"109"
"provider-dataplane",1785353051,"109"
"provider-dataplane",1785353056,"108"
"provider-dataplane",1785353061,"109"
"provider-dataplane",1785353066,"109"
"provider-dataplane",1785353071,"109"
"provider-dataplane",1785353076,"109"
"provider-dataplane",1785353081,"109"
"provider-dataplane",1785353086,"109"
"provider-dataplane",1785353091,"109"
"provider-dataplane",1785353096,"109"
"provider-dataplane",1785353101,"109"
"provider-dataplane",1785353106,"108"
"provider-dataplane",1785353111,"108"
"provider-dataplane",1785353116,"108"
"provider-dataplane",1785353121,"107"
"provider-dataplane",1785353126,"107"
"provider-dataplane",1785353131,"108"
"provider-dataplane",1785353136,"108"
"provider-dataplane",1785353141,"108"
"provider-dataplane",1785353146,"108"
"provider-dataplane",1785353151,"108"
"provider-dataplane",1785353156,"108"
"provider-dataplane",1785353161,"108"
"provider-dataplane",1785353166,"107"
"provider-dataplane",1785353171,"107"
"provider-dataplane",1785353176,"107"
"provider-dataplane",1785353181,"107"
"provider-dataplane",1785353186,"107"
"provider-dataplane",1785353191,"106"
"provider-dataplane",1785353196,"107"
"provider-dataplane",1785353201,"107"
"provider-dataplane",1785353206,"107"
"provider-dataplane",1785353211,"107"
"provider-dataplane",1785353216,"107"
"provider-dataplane",1785353221,"107"
"provider-dataplane",1785353226,"106"
"provider-dataplane",1785353231,"106"
"provider-dataplane",1785353236,"106"
"provider-dataplane",1785353241,"106"
"provider-dataplane",1785353246,"106"
"provider-dataplane",1785353251,"106"
"provider-dataplane",1785353256,"106"
"provider-dataplane",1785353261,"106"
"provider-dataplane",1785353266,"106"
"provider-dataplane",1785353271,"105"
"provider-dataplane",1785353276,"105"
"provider-dataplane",1785353281,"105"
"provider-dataplane",1785353286,"104"
"provider-dataplane",1785353291,"104"
"provider-dataplane",1785353296,"104"
"provider-dataplane",1785353301,"104"
"provider-dataplane",1785353306,"104"
"provider-dataplane",1785353311,"104"
"provider-dataplane",1785353316,"104"
"provider-dataplane",1785353321,"104"
"provider-dataplane",1785353326,"105"
"provider-dataplane",1785353331,"105"
"provider-dataplane",1785353336,"105"
"provider-dataplane",1785353341,"105"
"provider-dataplane",1785353346,"105"
"provider-dataplane",1785353351,"104"
"provider-dataplane",1785353356,"104"
"provider-dataplane",1785353361,"104"
"provider-dataplane",1785353366,"104"
"provider-dataplane",1785353371,"104"
"provider-dataplane",1785353376,"104"
"provider-dataplane",1785353381,"104"
"provider-dataplane",1785353386,"104"
"provider-dataplane",1785353391,"104"
"provider-dataplane",1785353396,"104"
"provider-dataplane",1785353401,"104"
"provider-dataplane",1785353406,"104"
"provider-dataplane",1785353411,"103"
"provider-dataplane",1785353416,"102"
"provider-dataplane",1785353421,"102"
"provider-dataplane",1785353426,"102"
"provider-dataplane",1785353431,"102"
"provider-dataplane",1785353436,"102"
"provider-dataplane",1785353441,"102"
"provider-dataplane",1785353446,"102"
"provider-dataplane",1785353451,"102"
"provider-dataplane",1785353456,"102"
"provider-dataplane",1785353461,"102"
"provider-dataplane",1785353466,"102"
"provider-dataplane",1785353471,"101"
"provider-dataplane",1785353476,"101"
"provider-dataplane",1785353481,"101"
"provider-dataplane",1785353486,"101"
"provider-dataplane",1785353491,"101"
"provider-dataplane",1785353496,"101"
"provider-dataplane",1785353501,"101"
"provider-dataplane",1785353506,"101"
"provider-dataplane",1785353511,"101"
"provider-dataplane",1785353516,"101"
"provider-dataplane",1785353521,"101"
"provider-dataplane",1785353526,"101"
"provider-dataplane",1785353531,"100"
"provider-dataplane",1785353536,"101"
"provider-dataplane",1785353541,"101"
"provider-dataplane",1785353546,"101"
"provider-dataplane",1785353551,"102"
"provider-dataplane",1785353556,"102"
"provider-dataplane",1785353561,"102"
"provider-dataplane",1785353566,"102"
"provider-dataplane",1785353571,"102"
"provider-dataplane",1785353576,"102"
"provider-dataplane",1785353581,"102"
"provider-dataplane",1785353586,"102"
"provider-dataplane",1785353591,"101"
"provider-dataplane",1785353596,"100"
"provider-dataplane",1785353601,"100"
"provider-dataplane",1785353606,"100"
"provider-dataplane",1785353611,"99"
"provider-dataplane",1785353616,"99"
"provider-dataplane",1785353621,"99"
"provider-dataplane",1785353626,"99"
"provider-dataplane",1785353631,"99"
"provider-dataplane",1785353636,"99"
"provider-dataplane",1785353641,"99"
"provider-dataplane",1785353646,"99"
"provider-dataplane",1785353651,"98"
"provider-dataplane",1785353656,"98"
"provider-dataplane",1785353661,"99"
"provider-dataplane",1785353666,"99"
"provider-dataplane",1785353671,"99"
"provider-dataplane",1785353676,"100"
"provider-dataplane",1785353681,"100"
"provider-dataplane",1785353686,"100"
"provider-dataplane",1785353691,"100"
"provider-dataplane",1785353696,"100"
"provider-dataplane",1785353701,"100"
"provider-dataplane",1785353706,"100"
"provider-dataplane",1785353711,"100"
"provider-dataplane",1785353716,"100"
"provider-dataplane",1785353721,"100"
"provider-dataplane",1785353726,"99"
"provider-dataplane",1785353731,"99"
"provider-dataplane",1785353736,"99"
"provider-dataplane",1785353741,"99"
"provider-dataplane",1785353746,"99"
"provider-dataplane",1785353751,"99"
"provider-dataplane",1785353756,"99"
"provider-dataplane",1785353761,"99"
"provider-dataplane",1785353766,"99"
"provider-dataplane",1785353771,"99"
"provider-dataplane",1785353776,"99"
"provider-dataplane",1785353781,"99"
"provider-dataplane",1785353786,"99"
"provider-dataplane",1785353791,"99"
"provider-dataplane",1785353796,"98"
"provider-dataplane",1785353801,"98"
"provider-dataplane",1785353806,"99"
"provider-dataplane",1785353811,"99"
"provider-dataplane",1785353816,"99"
"provider-dataplane",1785353821,"99"
"provider-dataplane",1785353826,"99"
"provider-dataplane",1785353831,"99"
"provider-dataplane",1785353836,"99"
"provider-dataplane",1785353841,"99"
"provider-dataplane",1785353846,"99"
"provider-dataplane",1785353851,"99"
"provider-dataplane",1785353856,"99"
"provider-dataplane",1785353861,"99"
"provider-dataplane",1785353866,"99"
"provider-dataplane",1785353871,"99"
"provider-dataplane",1785353876,"99"
"provider-dataplane",1785353881,"99"
"provider-dataplane",1785353886,"99"
"provider-dataplane",1785353891,"99"
"provider-dataplane",1785353896,"99"
"provider-dataplane",1785353901,"99"
"provider-dataplane",1785353906,"99"
"provider-dataplane",1785353911,"99"
"provider-dataplane",1785353916,"99"
"provider-dataplane",1785353921,"99"
"provider-dataplane",1785353926,"98"
"provider-dataplane",1785353931,"98"
"provider-dataplane",1785353936,"98"
"provider-dataplane",1785353941,"98"
"provider-dataplane",1785353946,"99"
"provider-dataplane",1785353951,"99"
"provider-dataplane",1785353956,"99"
"provider-dataplane",1785353961,"99"
"provider-dataplane",1785353966,"99"
"provider-dataplane",1785353971,"100"
"provider-dataplane",1785353976,"100"
"provider-dataplane",1785353981,"100"
"provider-dataplane",1785353986,"100"
"provider-dataplane",1785353991,"100"
"provider-dataplane",1785353996,"100"
"provider-dataplane",1785354001,"100"
"provider-dataplane",1785354006,"100"
"provider-dataplane",1785354011,"100"
"provider-dataplane",1785354016,"100"
"provider-dataplane",1785354021,"100"
"provider-dataplane",1785354026,"100"
"provider-dataplane",1785354031,"99"
"provider-dataplane",1785354036,"99"
"provider-dataplane",1785354041,"99"
"provider-dataplane",1785354046,"99"
"provider-dataplane",1785354051,"99"
"provider-dataplane",1785354056,"99"
"provider-dataplane",1785354061,"99"
"provider-dataplane",1785354066,"98"
"provider-dataplane",1785354071,"98"
"provider-dataplane",1785354076,"98"
"provider-dataplane",1785354081,"98"
"provider-dataplane",1785354086,"98"
"provider-dataplane",1785354091,"98"
"provider-dataplane",1785354096,"99"
"provider-dataplane",1785354101,"99"
"provider-dataplane",1785354106,"99"
"provider-dataplane",1785354111,"99"
"provider-dataplane",1785354116,"99"
"provider-dataplane",1785354121,"99"
"provider-dataplane",1785354126,"99"
"provider-dataplane",1785354131,"99"
"provider-dataplane",1785354136,"99"
"provider-dataplane",1785354141,"99"
"provider-dataplane",1785354146,"99"
"provider-dataplane",1785354151,"99"
"provider-dataplane",1785354156,"99"
"provider-dataplane",1785354161,"99"
"provider-dataplane",1785354166,"99"
"provider-dataplane",1785354171,"99"
"provider-dataplane",1785354176,"100"
"provider-dataplane",1785354181,"100"
"provider-dataplane",1785354186,"100"
"provider-dataplane",1785354191,"100"
"provider-dataplane",1785354196,"100"
"provider-dataplane",1785354201,"100"
"provider-dataplane",1785354206,"99"
"provider-dataplane",1785354211,"99"
"provider-dataplane",1785354216,"99"
"provider-dataplane",1785354221,"99"
"provider-dataplane",1785354226,"99"
"provider-dataplane",1785354231,"99"
"provider-dataplane",1785354236,"99"
"provider-dataplane",1785354241,"99"
"provider-dataplane",1785354246,"99"
"provider-dataplane",1785354251,"99"
"provider-dataplane",1785354256,"99"
"provider-dataplane",1785354261,"99"
"provider-dataplane",1785354266,"99"
"provider-dataplane",1785354271,"99"
"provider-dataplane",1785354276,"99"
"provider-dataplane",1785354281,"100"
"provider-dataplane",1785354286,"100"
"provider-dataplane",1785354291,"100"
"provider-dataplane",1785354296,"99"
"provider-dataplane",1785354301,"99"
"provider-dataplane",1785354306,"100"
"provider-dataplane",1785354311,"100"
"provider-dataplane",1785354316,"100"
"provider-dataplane",1785354321,"100"
"provider-dataplane",1785354326,"100"
"provider-dataplane",1785354331,"100"
"provider-dataplane",1785354336,"100"
"provider-dataplane",1785354341,"100"
"provider-dataplane",1785354346,"99"
"provider-dataplane",1785354351,"99"
"provider-dataplane",1785354356,"100"
"provider-dataplane",1785354361,"100"
"provider-dataplane",1785354366,"100"
"provider-dataplane",1785354371,"100"
"provider-dataplane",1785354376,"100"
"provider-dataplane",1785354381,"100"
"provider-dataplane",1785354386,"100"
"provider-dataplane",1785354391,"100"
"provider-dataplane",1785354396,"100"
"provider-dataplane",1785354401,"100"
"provider-dataplane",1785354406,"101"
"provider-dataplane",1785354411,"101"
"provider-dataplane",1785354416,"100"
"provider-dataplane",1785354421,"100"
"provider-dataplane",1785354426,"100"
"provider-dataplane",1785354431,"99"
"provider-dataplane",1785354436,"99"
"provider-dataplane",1785354441,"100"
"provider-dataplane",1785354446,"100"
"provider-dataplane",1785354451,"101"
"provider-dataplane",1785354456,"101"
"provider-dataplane",1785354461,"101"
"provider-dataplane",1785354466,"100"
"provider-dataplane",1785354471,"100"
"provider-dataplane",1785354476,"100"
"provider-dataplane",1785354481,"100"
"provider-dataplane",1785354486,"100"
"provider-dataplane",1785354491,"100"
"provider-dataplane",1785354496,"100"
"provider-dataplane",1785354501,"100"
"provider-dataplane",1785354506,"100"
"provider-dataplane",1785354511,"100"
"provider-dataplane",1785354516,"100"
"provider-dataplane",1785354521,"100"
"provider-dataplane",1785354526,"100"
"provider-dataplane",1785354531,"100"
"provider-dataplane",1785354536,"100"
"provider-dataplane",1785354541,"100"
"provider-dataplane",1785354546,"100"
"provider-dataplane",1785354551,"100"
"provider-dataplane",1785354556,"100"
"provider-dataplane",1785354561,"99"
"provider-dataplane",1785354566,"99"
"provider-dataplane",1785354571,"99"
"provider-dataplane",1785354576,"99"
"provider-dataplane",1785354581,"99"
"provider-dataplane",1785354586,"99"
"provider-dataplane",1785354591,"99"
"provider-dataplane",1785354596,"99"
"provider-dataplane",1785354601,"99"
"provider-dataplane",1785354606,"99"
"provider-dataplane",1785354611,"100"
"provider-dataplane",1785354616,"100"
"provider-dataplane",1785354621,"100"
"provider-dataplane",1785354626,"100"
"provider-dataplane",1785354631,"100"
"provider-dataplane",1785354636,"100"
"provider-dataplane",1785354641,"100"
"provider-dataplane",1785354646,"100"
"provider-dataplane",1785354651,"100"
"provider-dataplane",1785354656,"100"
"provider-dataplane",1785354661,"100"
"provider-dataplane",1785354666,"100"
"provider-dataplane",1785354671,"99"
"provider-dataplane",1785354676,"100"
"provider-dataplane",1785354681,"100"
"provider-dataplane",1785354686,"100"
"provider-dataplane",1785354691,"100"
"provider-dataplane",1785354696,"100"
"provider-dataplane",1785354701,"100"
"provider-dataplane",1785354706,"99"
"provider-dataplane",1785354711,"99"
"provider-dataplane",1785354716,"99"
"provider-dataplane",1785354721,"100"
"provider-dataplane",1785354726,"100"
"provider-dataplane",1785354731,"100"
"provider-dataplane",1785354736,"100"
"provider-dataplane",1785354741,"100"
"provider-dataplane",1785354746,"100"
"provider-dataplane",1785354751,"100"
"provider-dataplane",1785354756,"100"
"provider-dataplane",1785354761,"100"
"provider-dataplane",1785354766,"100"
"provider-dataplane",1785354771,"100"
"provider-dataplane",1785354776,"100"
"provider-dataplane",1785354781,"100"
"provider-dataplane",1785354786,"100"
"provider-dataplane",1785354791,"100"
"provider-dataplane",1785354796,"100"
"provider-dataplane",1785354801,"100"
"provider-dataplane",1785354806,"100"
"provider-dataplane",1785354811,"99"
"provider-dataplane",1785354816,"99"
"provider-dataplane",1785354821,"99"
"provider-dataplane",1785354826,"99"
"provider-dataplane",1785354831,"99"
"provider-dataplane",1785354836,"99"
"provider-dataplane",1785354841,"98"
"provider-dataplane",1785354846,"98"
"provider-dataplane",1785354851,"98"
"provider-dataplane",1785354856,"99"
"provider-dataplane",1785354861,"100"
"provider-dataplane",1785354866,"100"
"provider-dataplane",1785354871,"100"
"provider-dataplane",1785354876,"100"
"provider-dataplane",1785354881,"100"
"provider-dataplane",1785354886,"100"
"provider-dataplane",1785354891,"100"
"provider-dataplane",1785354896,"100"
"provider-dataplane",1785354901,"100"
"provider-dataplane",1785354906,"100"
"provider-dataplane",1785354911,"100"
"provider-dataplane",1785354916,"100"
"provider-dataplane",1785354921,"100"
"provider-dataplane",1785354926,"100"
"provider-dataplane",1785354931,"100"
"provider-dataplane",1785354936,"100"
"provider-dataplane",1785354941,"99"
"provider-dataplane",1785354946,"99"
"provider-dataplane",1785354951,"99"
"provider-dataplane",1785354956,"99"
"provider-dataplane",1785354961,"99"
"provider-dataplane",1785354966,"99"
"provider-dataplane",1785354971,"99"
"provider-dataplane",1785354976,"98"
"provider-dataplane",1785354981,"98"
"provider-dataplane",1785354986,"98"
"provider-dataplane",1785354991,"98"
"provider-dataplane",1785354996,"98"
"provider-dataplane",1785355001,"98"
"provider-dataplane",1785355006,"98"
"provider-dataplane",1785355011,"98"
"provider-dataplane",1785355016,"98"
"provider-dataplane",1785355021,"98"
"provider-dataplane",1785355026,"98"
"provider-dataplane",1785355031,"98"
"provider-dataplane",1785355036,"98"
"provider-dataplane",1785355041,"98"
"provider-dataplane",1785355046,"98"
"provider-dataplane",1785355051,"99"
"provider-dataplane",1785355056,"99"
"provider-dataplane",1785355061,"99"
"provider-dataplane",1785355066,"99"
"provider-dataplane",1785355071,"99"
"provider-dataplane",1785355076,"99"
"provider-dataplane",1785355081,"99"
"provider-dataplane",1785355086,"99"
"provider-dataplane",1785355091,"99"
"provider-dataplane",1785355096,"99"
"provider-dataplane",1785355101,"99"
"provider-dataplane",1785355106,"99"
"provider-dataplane",1785355111,"99"
"provider-dataplane",1785355116,"99"
"provider-dataplane",1785355121,"99"
"provider-dataplane",1785355126,"99"
"provider-dataplane",1785355131,"99"
"provider-dataplane",1785355136,"99"
"provider-dataplane",1785355141,"99"
"provider-dataplane",1785355146,"99"
"provider-dataplane",1785355151,"99"
"provider-dataplane",1785355156,"99"
"provider-dataplane",1785355161,"99"
"provider-dataplane",1785355166,"99"
"provider-dataplane",1785355171,"98"
"provider-dataplane",1785355176,"98"
"provider-dataplane",1785355181,"98"
"provider-dataplane",1785355186,"98"
"provider-dataplane",1785355191,"98"
"provider-dataplane",1785355196,"98"
"provider-dataplane",1785355201,"98"
"provider-dataplane",1785355206,"98"
"provider-dataplane",1785355211,"98"
"provider-dataplane",1785355216,"98"
"provider-dataplane",1785355221,"98"
"provider-dataplane",1785355226,"98"
"provider-dataplane",1785355231,"98"
"provider-dataplane",1785355236,"98"
"provider-dataplane",1785355241,"98"
"provider-dataplane",1785355246,"98"
"provider-dataplane",1785355251,"98"
"provider-dataplane",1785355256,"98"
"provider-dataplane",1785355261,"98"
"provider-dataplane",1785355266,"98"
"provider-dataplane",1785355271,"98"
"provider-dataplane",1785355276,"98"
"provider-dataplane",1785355281,"98"
"provider-dataplane",1785355286,"98"
"provider-dataplane",1785355291,"98"
"provider-dataplane",1785355296,"98"
"provider-dataplane",1785355301,"98"
"provider-dataplane",1785355306,"98"
"provider-dataplane",1785355311,"98"
"provider-dataplane",1785355316,"98"
"provider-dataplane",1785355321,"98"
"provider-dataplane",1785355326,"98"
"provider-dataplane",1785355331,"98"
"provider-dataplane",1785355336,"98"
"provider-dataplane",1785355341,"98"
"provider-dataplane",1785355346,"98"
"provider-dataplane",1785355351,"98"
"provider-dataplane",1785355356,"98"
"provider-dataplane",1785355361,"98"
"provider-dataplane",1785355366,"98"
"provider-dataplane",1785355371,"98"
"provider-dataplane",1785355376,"98"
"provider-dataplane",1785355381,"98"
"provider-dataplane",1785355386,"98"
"provider-dataplane",1785355391,"98"
"provider-dataplane",1785355396,"99"
"provider-dataplane",1785355401,"99"
"provider-dataplane",1785355406,"99"
"provider-dataplane",1785355411,"99"
"provider-dataplane",1785355416,"99"
"provider-dataplane",1785355421,"100"
"provider-dataplane",1785355426,"100"
"provider-dataplane",1785355431,"100"
"provider-dataplane",1785355436,"100"
"provider-dataplane",1785355441,"100"
"provider-dataplane",1785355446,"100"
"provider-dataplane",1785355451,"100"
"provider-dataplane",1785355456,"100"
"provider-dataplane",1785355461,"100"
"provider-dataplane",1785355466,"100"
"provider-dataplane",1785355471,"100"
"provider-dataplane",1785355476,"100"
"provider-dataplane",1785355481,"100"
"provider-dataplane",1785355486,"100"
"provider-dataplane",1785355491,"100"
"provider-dataplane",1785355496,"100"
"provider-dataplane",1785355501,"100"
"provider-dataplane",1785355506,"99"
"provider-dataplane",1785355511,"99"
"provider-dataplane",1785355516,"99"
"provider-dataplane",1785355521,"99"
"provider-dataplane",1785355526,"99"
"provider-dataplane",1785355531,"99"
"provider-dataplane",1785355536,"99"
"provider-dataplane",1785355541,"98"
"provider-dataplane",1785355546,"98"
"provider-dataplane",1785355551,"98"
"provider-dataplane",1785355556,"98"
"provider-dataplane",1785355561,"98"
"provider-dataplane",1785355566,"98"
"provider-dataplane",1785355571,"98"
"provider-dataplane",1785355576,"99"
"provider-dataplane",1785355581,"99"
"provider-dataplane",1785355586,"99"
"provider-dataplane",1785355591,"100"
"provider-dataplane",1785355596,"100"
"provider-dataplane",1785355601,"100"
"provider-dataplane",1785355606,"100"
"provider-dataplane",1785355611,"100"
"provider-dataplane",1785355616,"100"
"provider-dataplane",1785355621,"100"
"provider-dataplane",1785355626,"100"
"provider-dataplane",1785355631,"101"
"provider-dataplane",1785355636,"101"
"provider-dataplane",1785355641,"101"
"provider-dataplane",1785355646,"101"
"provider-dataplane",1785355651,"100"
"provider-dataplane",1785355656,"100"
"provider-dataplane",1785355661,"100"
"provider-dataplane",1785355666,"100"
"provider-dataplane",1785355671,"100"
"provider-dataplane",1785355676,"100"
"provider-dataplane",1785355681,"100"
"provider-dataplane",1785355686,"100"
"provider-dataplane",1785355691,"99"
"provider-dataplane",1785355696,"98"
"provider-dataplane",1785355701,"98"
"provider-dataplane",1785355706,"98"
"provider-dataplane",1785355711,"99"
"provider-dataplane",1785355716,"99"
"provider-dataplane",1785355721,"99"
"provider-dataplane",1785355726,"99"
"provider-dataplane",1785355731,"99"
"provider-dataplane",1785355736,"99"
"provider-dataplane",1785355741,"99"
"provider-dataplane",1785355746,"99"
"provider-dataplane",1785355751,"99"
"provider-dataplane",1785355756,"99"
"provider-dataplane",1785355761,"99"
"provider-dataplane",1785355766,"99"
"provider-dataplane",1785355771,"99"
"provider-dataplane",1785355776,"99"
"provider-dataplane",1785355781,"99"
"provider-dataplane",1785355786,"99"
"provider-dataplane",1785355791,"99"
"provider-dataplane",1785355796,"99"
"provider-dataplane",1785355801,"99"
"provider-dataplane",1785355806,"99"
"provider-dataplane",1785355811,"99"
"provider-dataplane",1785355816,"99"
"provider-dataplane",1785355821,"99"
"provider-dataplane",1785355826,"99"
"provider-dataplane",1785355831,"98"
"provider-dataplane",1785355836,"98"
"provider-dataplane",1785355841,"98"
"provider-dataplane",1785355846,"98"
"provider-dataplane",1785355851,"98"
"provider-dataplane",1785355856,"98"
"provider-dataplane",1785355861,"98"
"provider-dataplane",1785355866,"98"
"provider-dataplane",1785355871,"98"
"provider-dataplane",1785355876,"98"
"provider-dataplane",1785355881,"99"
"provider-dataplane",1785355886,"99"
"provider-dataplane",1785355891,"101"
"provider-dataplane",1785355896,"101"
"provider-dataplane",1785355901,"101"
"provider-dataplane",1785355906,"101"
"provider-dataplane",1785355911,"101"
"provider-dataplane",1785355916,"101"
"provider-dataplane",1785355921,"101"
"provider-dataplane",1785355926,"101"
"provider-dataplane",1785355931,"101"
"provider-dataplane",1785355936,"101"
"provider-dataplane",1785355941,"101"
"provider-dataplane",1785355946,"101"
"provider-dataplane",1785355951,"99"
"provider-dataplane",1785355956,"99"
"provider-dataplane",1785355961,"99"
"provider-dataplane",1785355966,"99"
"provider-dataplane",1785355971,"99"
"provider-dataplane",1785355976,"99"
"provider-dataplane",1785355981,"99"
"provider-dataplane",1785355986,"99"
"provider-dataplane",1785355991,"99"
"provider-dataplane",1785355996,"99"
"provider-dataplane",1785356001,"98"
"provider-dataplane",1785356006,"98"
"provider-dataplane",1785356011,"98"
"provider-dataplane",1785356016,"98"
"provider-dataplane",1785356021,"99"
"provider-dataplane",1785356026,"99"
"provider-dataplane",1785356031,"99"
"provider-dataplane",1785356036,"99"
"provider-dataplane",1785356041,"99"
"provider-dataplane",1785356046,"99"
"provider-dataplane",1785356051,"99"
"provider-dataplane",1785356056,"99"
"provider-dataplane",1785356061,"99"
"provider-dataplane",1785356066,"99"
"provider-dataplane",1785356071,"99"
"provider-dataplane",1785356076,"99"
"provider-dataplane",1785356081,"99"
"provider-dataplane",1785356086,"99"
"provider-dataplane",1785356091,"99"
"provider-dataplane",1785356096,"99"
"provider-dataplane",1785356101,"99"
"provider-dataplane",1785356106,"99"
"provider-dataplane",1785356111,"99"
"provider-dataplane",1785356116,"99"
"provider-dataplane",1785356121,"99"
"provider-dataplane",1785356126,"99"
"provider-dataplane",1785356131,"99"
"provider-dataplane",1785356136,"99"
"provider-dataplane",1785356141,"98"
"provider-dataplane",1785356146,"98"
"provider-dataplane",1785356151,"98"
"provider-dataplane",1785356156,"98"
"provider-dataplane",1785356161,"98"
"provider-dataplane",1785356166,"99"
"provider-dataplane",1785356171,"99"
"provider-dataplane",1785356176,"99"
"provider-dataplane",1785356181,"99"
"provider-dataplane",1785356186,"99"
"provider-dataplane",1785356191,"99"
"provider-dataplane",1785356196,"99"
"provider-dataplane",1785356201,"99"
"provider-dataplane",1785356206,"99"
"provider-dataplane",1785356211,"99"
"provider-dataplane",1785356216,"100"
"provider-dataplane",1785356221,"100"
"provider-dataplane",1785356226,"99"
"provider-dataplane",1785356231,"99"
"provider-dataplane",1785356236,"99"
"provider-dataplane",1785356241,"99"
"provider-dataplane",1785356246,"99"
"provider-dataplane",1785356251,"99"
"provider-dataplane",1785356256,"99"
"provider-dataplane",1785356261,"99"
"provider-dataplane",1785356266,"99"
"provider-dataplane",1785356271,"99"
"provider-dataplane",1785356276,"99"
"provider-dataplane",1785356281,"99"
"provider-dataplane",1785356286,"99"
"provider-dataplane",1785356291,"99"
"provider-dataplane",1785356296,"99"
"provider-dataplane",1785356301,"99"
"provider-dataplane",1785356306,"99"
"provider-dataplane",1785356311,"99"
"provider-dataplane",1785356316,"99"
"provider-dataplane",1785356321,"99"
"provider-dataplane",1785356326,"99"
"provider-dataplane",1785356331,"99"
"provider-dataplane",1785356336,"98"
"provider-dataplane",1785356341,"98"
"provider-dataplane",1785356346,"98"
"provider-dataplane",1785356351,"98"
"provider-dataplane",1785356356,"98"
"provider-dataplane",1785356361,"98"
"provider-dataplane",1785356366,"98"
"provider-dataplane",1785356371,"98"
"provider-dataplane",1785356376,"98"
"provider-dataplane",1785356381,"98"
"provider-dataplane",1785356386,"98"
"provider-dataplane",1785356391,"98"
"provider-dataplane",1785356396,"98"
"provider-dataplane",1785356401,"98"
"provider-dataplane",1785356406,"98"
"provider-dataplane",1785356411,"98"
"provider-dataplane",1785356416,"98"
"provider-dataplane",1785356421,"98"
"provider-dataplane",1785356426,"98"
"provider-dataplane",1785356431,"98"
"provider-dataplane",1785356436,"98"
"provider-dataplane",1785356441,"98"
"provider-dataplane",1785356446,"98"
"provider-dataplane",1785356451,"98"
"provider-dataplane",1785356456,"98"
"provider-dataplane",1785356461,"98"
"provider-dataplane",1785356466,"98"
"provider-dataplane",1785356471,"98"
"provider-dataplane",1785356476,"98"
"provider-dataplane",1785356481,"98"
"provider-dataplane",1785356486,"98"
"provider-dataplane",1785356491,"98"
"provider-dataplane",1785356496,"98"
"provider-dataplane",1785356501,"98"
